benchmark,task_column,task_id,representativeness_score,mean_abs_similarity_to_peer_tasks,difficulty_tier,observed_mean,observed_std,strength_correlation
arc-agi-2,arc-agi-2/8e5c0c38_0,8e5c0c38_0,0.9913921880483287,0.8413096606159911,hard,0.15,0.2819574435974337,0.2942654662281044
swebench-multilingual,swebench-multilingual/valkey-io__valkey-1499,valkey-io__valkey-1499,0.9826417044634981,0.7890126796629301,medium,0.6730769230769231,0.4534548508673691,0.22582346704997644
swebench-multilingual,swebench-multilingual/fmtlib__fmt-3750,fmtlib__fmt-3750,0.9824761618297864,0.78764805035548,medium,0.6666666923076924,0.45291081365784697,0.21551908735561254
swebench-multilingual,swebench-multilingual/briannesbitt__carbon-2752,briannesbitt__carbon-2752,0.9824761618297864,0.78764805035548,medium,0.6666666923076924,0.45291081365784697,0.21551908735561254
swebench-multilingual,swebench-multilingual/briannesbitt__carbon-2981,briannesbitt__carbon-2981,0.9824761618297864,0.78764805035548,medium,0.6666666923076924,0.45291081365784697,0.21551908735561254
swebench-multilingual,swebench-multilingual/redis__redis-10095,redis__redis-10095,0.9818043619542121,0.7885601162765798,medium,0.6923076923076923,0.46153846153846156,0.22890708943685623
swebench-multilingual,swebench-multilingual/rubocop__rubocop-13375,rubocop__rubocop-13375,0.9818043619542121,0.7885601162765798,medium,0.6923076923076923,0.46153846153846156,0.22890708943685623
swebench-multilingual,swebench-multilingual/tokio-rs__tokio-7139,tokio-rs__tokio-7139,0.9818043619542121,0.7885601162765798,medium,0.6923076923076923,0.46153846153846156,0.22890708943685623
swebench-multilingual,swebench-multilingual/tokio-rs__tokio-6838,tokio-rs__tokio-6838,0.9815644499077596,0.7880685342443241,medium,0.6666666923076924,0.45291081365784697,0.2244820127403519
swebench-multilingual,swebench-multilingual/briannesbitt__carbon-3103,briannesbitt__carbon-3103,0.9814443981245169,0.7871407076905594,medium,0.6923076923076923,0.46153846153846156,0.2198972323373097
swebench-multilingual,swebench-multilingual/fluent__fluentd-3917,fluent__fluentd-3917,0.9814443981245169,0.7871407076905594,medium,0.6923076923076923,0.46153846153846156,0.2198972323373097
swebench-multilingual,swebench-multilingual/caddyserver__caddy-6115,caddyserver__caddy-6115,0.9814443981245169,0.7871407076905594,medium,0.6923076923076923,0.46153846153846156,0.2198972323373097
swebench-multilingual,swebench-multilingual/fmtlib__fmt-3901,fmtlib__fmt-3901,0.9814443981245169,0.7871407076905594,medium,0.6923076923076923,0.46153846153846156,0.2198972323373097
swebench-multilingual,swebench-multilingual/fastlane__fastlane-20958,fastlane__fastlane-20958,0.9814443981245169,0.7871407076905594,medium,0.6923076923076923,0.46153846153846156,0.2198972323373097
swebench-multilingual,swebench-multilingual/fmtlib__fmt-3248,fmtlib__fmt-3248,0.9814443981245169,0.7871407076905594,medium,0.6923076923076923,0.46153846153846156,0.2198972323373097
swebench-multilingual,swebench-multilingual/google__gson-1014,google__gson-1014,0.9814134419554578,0.7871678880168763,easy,0.7142857142857143,0.45175395145262565,0.22184233112659155
swebench-multilingual,swebench-multilingual/jqlang__jq-2598,jqlang__jq-2598,0.9814134419554578,0.7871678880168763,easy,0.7142857142857143,0.45175395145262565,0.22184233112659155
swebench-multilingual,swebench-multilingual/javaparser__javaparser-4561,javaparser__javaparser-4561,0.9814134419554578,0.7871678880168763,easy,0.7142857142857143,0.45175395145262565,0.22184233112659155
swebench-multilingual,swebench-multilingual/javaparser__javaparser-4538,javaparser__javaparser-4538,0.9814134419554578,0.7871678880168763,easy,0.7142857142857143,0.45175395145262565,0.22184233112659155
swebench-multilingual,swebench-multilingual/gohugoio__hugo-12562,gohugoio__hugo-12562,0.9814134419554578,0.7871678880168763,easy,0.7142857142857143,0.45175395145262565,0.22184233112659155
swebench-multilingual,swebench-multilingual/hashicorp__terraform-34580,hashicorp__terraform-34580,0.9814134419554578,0.7871678880168763,easy,0.7142857142857143,0.45175395145262565,0.22184233112659155
swebench-multilingual,swebench-multilingual/google__gson-2024,google__gson-2024,0.9814134419554578,0.7871678880168763,easy,0.7142857142857143,0.45175395145262565,0.22184233112659155
swebench-multilingual,swebench-multilingual/jqlang__jq-2235,jqlang__jq-2235,0.9814134419554578,0.7871678880168763,easy,0.7142857142857143,0.45175395145262565,0.22184233112659155
swebench-multilingual,swebench-multilingual/gohugoio__hugo-12768,gohugoio__hugo-12768,0.9814134419554578,0.7871678880168763,easy,0.7142857142857143,0.45175395145262565,0.22184233112659155
swebench-multilingual,swebench-multilingual/google__gson-1093,google__gson-1093,0.979472144692797,0.7852007312081338,easy,0.7380952142857142,0.4212334993774115,0.15614322847610942
swebench-multilingual,swebench-multilingual/gin-gonic__gin-4003,gin-gonic__gin-4003,0.979472144692797,0.7852007312081338,easy,0.7380952142857142,0.4212334993774115,0.15614322847610942
swebench-multilingual,swebench-multilingual/gin-gonic__gin-2121,gin-gonic__gin-2121,0.9794514625221696,0.7851300212556994,easy,0.7179486923076923,0.43058606453805126,0.15395363792687042
swebench-multilingual,swebench-multilingual/fluent__fluentd-4598,fluent__fluentd-4598,0.9794514625221696,0.7851300212556994,easy,0.7179486923076923,0.43058606453805126,0.15395363792687042
swebench-multilingual,swebench-multilingual/axios__axios-4738,axios__axios-4738,0.9794514625221696,0.7851300212556994,easy,0.7179486923076923,0.43058606453805126,0.15395363792687042
swebench-multilingual,swebench-multilingual/axios__axios-5892,axios__axios-5892,0.9794514625221696,0.7851300212556994,easy,0.7179486923076923,0.43058606453805126,0.15395363792687042
swebench-multilingual,swebench-multilingual/fmtlib__fmt-2317,fmtlib__fmt-2317,0.9788118278702472,0.7845325396498839,medium,0.6538461538461539,0.455083060238432,0.21241141393769675
swebench-multilingual,swebench-multilingual/redis__redis-11510,redis__redis-11510,0.9773971239722484,0.7845630595492655,medium,0.6538461538461539,0.455083060238432,0.22134724604185785
swebench-multilingual,swebench-multilingual/redis__redis-11631,redis__redis-11631,0.9773971239722484,0.7845630595492655,medium,0.6538461538461539,0.455083060238432,0.22134724604185785
swebench-multilingual,swebench-multilingual/uutils__coreutils-6731,uutils__coreutils-6731,0.9773971239722484,0.7845630595492655,medium,0.6538461538461539,0.455083060238432,0.22134724604185785
swebench-multilingual,swebench-multilingual/tokio-rs__tokio-4898,tokio-rs__tokio-4898,0.9762616457600682,0.7835082076744332,easy,0.7307692307692307,0.42132504423474315,0.13046436581432622
swebench-multilingual,swebench-multilingual/redis__redis-10764,redis__redis-10764,0.9762616457600682,0.7835082076744332,easy,0.7307692307692307,0.42132504423474315,0.13046436581432622
swebench-multilingual,swebench-multilingual/redis__redis-9733,redis__redis-9733,0.9762616457600682,0.7835082076744332,easy,0.7307692307692307,0.42132504423474315,0.13046436581432622
swebench-multilingual,swebench-multilingual/tokio-rs__tokio-6724,tokio-rs__tokio-6724,0.9758939991879338,0.7824512090489878,medium,0.6025641538461538,0.43134882406360314,0.3142615608564441
swebench-multilingual,swebench-multilingual/astral-sh__ruff-15443,astral-sh__ruff-15443,0.9756862664046757,0.783058126041955,medium,0.676923076923077,0.45430224800718155,0.20749858146491248
swebench-multilingual,swebench-multilingual/vuejs__core-11870,vuejs__core-11870,0.975184203041342,0.7836594747785417,medium,0.6730769230769231,0.4534548508673691,0.2243195804652876
swebench-multilingual,swebench-multilingual/php-cs-fixer__php-cs-fixer-8256,php-cs-fixer__php-cs-fixer-8256,0.9745568622297787,0.7829417767611143,medium,0.6666666666666666,0.4714045207910317,0.2307011042048544
swebench-multilingual,swebench-multilingual/php-cs-fixer__php-cs-fixer-7523,php-cs-fixer__php-cs-fixer-7523,0.9745568622297787,0.7829417767611143,medium,0.6666666666666666,0.4714045207910317,0.2307011042048544
swebench-multilingual,swebench-multilingual/php-cs-fixer__php-cs-fixer-8064,php-cs-fixer__php-cs-fixer-8064,0.9745568622297787,0.7829417767611143,medium,0.6666666666666666,0.4714045207910317,0.2307011042048544
swebench-multilingual,swebench-multilingual/briannesbitt__carbon-2665,briannesbitt__carbon-2665,0.9738762264125088,0.7812979167017702,medium,0.6410256923076924,0.44263273378178447,0.20925739721406972
swebench-multilingual,swebench-multilingual/briannesbitt__carbon-3098,briannesbitt__carbon-3098,0.9734614802516448,0.7806535186923382,medium,0.6346153846153846,0.4452244962611625,0.20795153679063189
swebench-multilingual,swebench-multilingual/apache__druid-15402,apache__druid-15402,0.9734422813027459,0.7808523002804925,easy,0.702564076923077,0.42375239690839445,0.14081390968662655
swebench-multilingual,swebench-multilingual/laravel__framework-52866,laravel__framework-52866,0.972784640838078,0.7804710615828631,medium,0.6923076923076923,0.46153846153846156,0.2236381305755406
swebench-multilingual,swebench-multilingual/laravel__framework-53206,laravel__framework-53206,0.972784640838078,0.7804710615828631,medium,0.6923076923076923,0.46153846153846156,0.2236381305755406
swebench-multilingual,swebench-multilingual/jordansissel__fpm-1850,jordansissel__fpm-1850,0.972784640838078,0.7804710615828631,medium,0.6923076923076923,0.46153846153846156,0.2236381305755406
swebench-multilingual,swebench-multilingual/jqlang__jq-2919,jqlang__jq-2919,0.972784640838078,0.7804710615828631,medium,0.6923076923076923,0.46153846153846156,0.2236381305755406
swebench-multilingual,swebench-multilingual/micropython__micropython-10095,micropython__micropython-10095,0.972784640838078,0.7804710615828631,medium,0.6923076923076923,0.46153846153846156,0.2236381305755406
swebench-multilingual,swebench-multilingual/laravel__framework-52451,laravel__framework-52451,0.972784640838078,0.7804710615828631,medium,0.6923076923076923,0.46153846153846156,0.2236381305755406
swebench-multilingual,swebench-multilingual/micropython__micropython-15898,micropython__micropython-15898,0.972784640838078,0.7804710615828631,medium,0.6923076923076923,0.46153846153846156,0.2236381305755406
swebench-multilingual,swebench-multilingual/laravel__framework-52684,laravel__framework-52684,0.972784640838078,0.7804710615828631,medium,0.6923076923076923,0.46153846153846156,0.2236381305755406
swebench-multilingual,swebench-multilingual/laravel__framework-52680,laravel__framework-52680,0.972784640838078,0.7804710615828631,medium,0.6923076923076923,0.46153846153846156,0.2236381305755406
swebench-multilingual,swebench-multilingual/laravel__framework-53696,laravel__framework-53696,0.972784640838078,0.7804710615828631,medium,0.6923076923076923,0.46153846153846156,0.2236381305755406
swebench-multilingual,swebench-multilingual/laravel__framework-53914,laravel__framework-53914,0.972784640838078,0.7804710615828631,medium,0.6923076923076923,0.46153846153846156,0.2236381305755406
swebench-multilingual,swebench-multilingual/fmtlib__fmt-3729,fmtlib__fmt-3729,0.9726384403096225,0.7803027328501113,medium,0.6666666666666666,0.4714045207910317,0.22170279996194073
swebench-multilingual,swebench-multilingual/caddyserver__caddy-6288,caddyserver__caddy-6288,0.9726384403096225,0.7803027328501113,medium,0.6666666666666666,0.4714045207910317,0.22170279996194073
swebench-multilingual,swebench-multilingual/facebook__docusaurus-10130,facebook__docusaurus-10130,0.9724358553469692,0.779321293310329,medium,0.6410256153846153,0.4615384786324868,0.20873374255934457
arc-agi-2,arc-agi-2/446ef5d2_1,446ef5d2_1,0.9721591307945259,0.8247796091029657,hard,0.15,0.30903074280724885,0.36849027862409167
swebench-multilingual,swebench-multilingual/jqlang__jq-2658,jqlang__jq-2658,0.9720937351048046,0.7815087206636597,medium,0.6666666666666666,0.4714045207910317,0.22023828924317612
arc-agi-2,arc-agi-2/cb2d8a2c_1,cb2d8a2c_1,0.9711073608830398,0.8238756544904824,hard,0.2,0.36878177829171555,0.3323316298683374
swebench-multilingual,swebench-multilingual/immutable-js__immutable-js-2006,immutable-js__immutable-js-2006,0.9710798283804903,0.7787034123124358,easy,0.7179486923076923,0.43058606453805126,0.1587189797305938
swebench-multilingual,swebench-multilingual/laravel__framework-51195,laravel__framework-51195,0.9710798283804903,0.7787034123124358,easy,0.7179486923076923,0.43058606453805126,0.1587189797305938
humanevalfix,humanevalfix/python-128,python-128,0.9703550907100796,0.7231533356248343,easy,0.9299999999999999,0.18193405398660253,0.745154741085836
humanevalfix,humanevalfix/python-11,python-11,0.9703550907100796,0.7231533356248343,easy,0.9299999999999999,0.18193405398660253,0.745154741085836
swebench-multilingual,swebench-multilingual/tokio-rs__tokio-6752,tokio-rs__tokio-6752,0.9701257612249468,0.7778357102975617,medium,0.6538461538461539,0.455083060238432,0.2626480540807639
swebench-multilingual,swebench-multilingual/rubocop__rubocop-13479,rubocop__rubocop-13479,0.9698913019511252,0.7776469697053164,medium,0.6666666923076924,0.45291081365784697,0.2801187423640299
swebench-multilingual,swebench-multilingual/tokio-rs__tokio-4867,tokio-rs__tokio-4867,0.9695549399530706,0.7796109159353298,medium,0.6666666923076924,0.45291081365784697,0.20794992638123416
swebench-multilingual,swebench-multilingual/sharkdp__bat-1892,sharkdp__bat-1892,0.9693227538327226,0.7724706216147917,medium,0.5641026153846154,0.4162226557328585,0.2891643490150313
arc-agi-2,arc-agi-2/b10624e5_0,b10624e5_0,0.9684388848558181,0.8215822049567367,hard,0.19,0.3433656942677879,0.31347455671930896
swebench-multilingual,swebench-multilingual/rubocop__rubocop-13362,rubocop__rubocop-13362,0.9683144512065961,0.7758638721925569,medium,0.6282051538461538,0.4441155939049144,0.2724001392765904
swebench-multilingual,swebench-multilingual/google__gson-2134,google__gson-2134,0.9680931911742342,0.7756641190756104,easy,0.7619047857142858,0.4068573156322178,0.08715085854442448
humanevalfix,humanevalfix/python-114,python-114,0.9672523953270977,0.7279811350480543,easy,0.9199999999999999,0.2135415650406262,0.7025861090837976
humanevalfix,humanevalfix/python-0,python-0,0.9672523953270977,0.7279811350480543,easy,0.9199999999999999,0.2135415650406262,0.7025861090837976
swebench-multilingual,swebench-multilingual/nlohmann__json-4237,nlohmann__json-4237,0.9668237485832542,0.7750707317016832,easy,0.7307692307692307,0.42132504423474315,0.12491338048228101
swebench-multilingual,swebench-multilingual/mrdoob__three.js-27395,mrdoob__three.js-27395,0.9668237485832542,0.7750707317016832,easy,0.7307692307692307,0.42132504423474315,0.12491338048228101
swebench-multilingual,swebench-multilingual/micropython__micropython-13039,micropython__micropython-13039,0.9665827763693731,0.7760247142430184,medium,0.676923076923077,0.4543022480071816,0.21132805732972576
swebench-multilingual,swebench-multilingual/fluent__fluentd-3631,fluent__fluentd-3631,0.9665111799257229,0.7762249219691716,medium,0.6615384615384615,0.45325907269711496,0.1942466841823958
swebench-multilingual,swebench-multilingual/vuejs__core-11915,vuejs__core-11915,0.9663927652320934,0.7760364986566348,medium,0.625641,0.45256230318521634,0.21419177746693027
arc-agi-2,arc-agi-2/b5ca7ac4_0,b5ca7ac4_0,0.966093099589484,0.8195660953606748,hard,0.16,0.31999999999999995,0.3029809453782827
swebench-multilingual,swebench-multilingual/tokio-rs__axum-1934,tokio-rs__axum-1934,0.9660738485498269,0.7763496770674991,medium,0.6282051538461538,0.4441155939049144,0.20054954442817247
swebench-multilingual,swebench-multilingual/tokio-rs__tokio-6551,tokio-rs__tokio-6551,0.9655436066409121,0.7789701433212393,medium,0.5256410769230769,0.4021638120908638,0.27804345819525256
swebench-multilingual,swebench-multilingual/redis__redis-13115,redis__redis-13115,0.9642138936078483,0.7801497698825837,medium,0.6538461538461539,0.455083060238432,0.22022417980282405
crustbench,crustbench/crustbench-coroutine,crustbench-coroutine,0.9620815331951491,0.7018509848072598,easy,0.7030303181818183,0.32445121966082785,0.4174608618129254
humanevalfix,humanevalfix/python-118,python-118,0.9609596371988,0.6992064391252865,easy,0.89,0.2567099530598687,0.6876361609286368
mmau,mmau/6aee68bf-6629-442b-981d-ae8195597c8e,6aee68bf-6629-442b-981d-ae8195597c8e,0.9602123595066507,0.42596083492930126,easy,0.93,0.2215851980616034,0.6715277926992963
swebench-multilingual,swebench-multilingual/fluent__fluentd-3608,fluent__fluentd-3608,0.9585316282169187,0.7660068808804325,medium,0.6153846153846154,0.4452244962611625,0.293333917239629
mmau,mmau/f4d842a3-faf6-40dd-8cf6-ee0f756bdb9a,f4d842a3-faf6-40dd-8cf6-ee0f756bdb9a,0.9584404266830353,0.42288262931109455,easy,0.9400000000000001,0.22000000000000003,0.6934902422795426
mmau,mmau/8bce5a39-959a-4192-a26d-ba88d862f94b,8bce5a39-959a-4192-a26d-ba88d862f94b,0.9584404266830353,0.42288262931109455,easy,0.9400000000000001,0.22000000000000003,0.6934902422795426
mmau,mmau/a370dd7d-ec74-4b7f-ac1d-9294c2bcad5c,a370dd7d-ec74-4b7f-ac1d-9294c2bcad5c,0.9584404266830353,0.42288262931109455,easy,0.9400000000000001,0.22000000000000003,0.6934902422795426
arc-agi-2,arc-agi-2/b6f77b65_0,b6f77b65_0,0.9578326781996241,0.8124665901030446,hard,0.17,0.3116087290176576,0.2457000440964927
arc-agi-2,arc-agi-2/97d7923e_0,97d7923e_0,0.9578006017514379,0.8124390216653344,hard,0.16,0.33226495451672294,0.36810264974440915
arc-agi-2,arc-agi-2/edb79dae_0,edb79dae_0,0.9577121155452747,0.8123629712732009,hard,0.2,0.3577708763999664,0.2764871623877719
swebench-multilingual,swebench-multilingual/gohugoio__hugo-12171,gohugoio__hugo-12171,0.9573645951203313,0.7651203278406958,medium,0.6428571428571429,0.4403152859263555,0.294793826904067
swebench-verified,swebench-verified/django__django-12209,django__django-12209,0.9571763841824478,0.7383559066448803,easy,0.7700000000000001,0.33030289129827484,0.5003527415524097
livecodebench,livecodebench/3046,3046,0.9562167450695385,0.6004179262303052,easy,0.8875,0.2735758578529911,0.221039844323212
swebench-multilingual,swebench-multilingual/caddyserver__caddy-5870,caddyserver__caddy-5870,0.9552704741852482,0.7638679943745251,medium,0.6538461538461539,0.455083060238432,0.3003674664106747
arc-agi-2,arc-agi-2/135a2760_0,135a2760_0,0.9552593255744979,0.810254895368651,hard,0.18,0.3218695387886216,0.2476838161536282
swebench-multilingual,swebench-multilingual/jqlang__jq-2839,jqlang__jq-2839,0.9546244286909428,0.7669455308708434,medium,0.6538461538461539,0.455083060238432,0.2132757117984366
swebench-multilingual,swebench-multilingual/redis__redis-12472,redis__redis-12472,0.9541862423451161,0.7727709076483283,medium,0.5384615384615384,0.4583221264543456,0.22450168898256617
swebench-multilingual,swebench-multilingual/micropython__micropython-13569,micropython__micropython-13569,0.9536049240968294,0.7642608954294406,medium,0.6346153846153846,0.4452244962611625,0.2530557880349157
mmau,mmau/0d46136b-5249-4ca9-a761-705686ec60b9,0d46136b-5249-4ca9-a761-705686ec60b9,0.9526018285198968,0.4176233221179296,easy,0.95,0.21794494717703372,0.7049333584182107
mmau,mmau/47ae81d9-8cb5-4267-9394-2f511cc84871,47ae81d9-8cb5-4267-9394-2f511cc84871,0.9526018285198968,0.4176233221179296,saturated,0.96,0.17435595774162696,0.7049333584182107
mmau,mmau/38dbb2bf-62ca-4ecd-9ece-0618e060f6b3,38dbb2bf-62ca-4ecd-9ece-0618e060f6b3,0.9526018285198968,0.4176233221179296,saturated,0.96,0.17435595774162696,0.7049333584182107
swebench-multilingual,swebench-multilingual/valkey-io__valkey-790,valkey-io__valkey-790,0.9524642367679982,0.7703008242672271,medium,0.6153846153846154,0.44522449626116256,0.25093846341839027
swebench-multilingual,swebench-multilingual/burntsushi__ripgrep-2209,burntsushi__ripgrep-2209,0.9521636825895694,0.7630439509430291,medium,0.6153846153846154,0.48650425541051995,0.19987464034138885
swebench-multilingual,swebench-multilingual/fmtlib__fmt-2457,fmtlib__fmt-2457,0.9521636825895694,0.7630439509430291,medium,0.6153846153846154,0.48650425541051995,0.19987464034138885
swebench-multilingual,swebench-multilingual/axios__axios-4731,axios__axios-4731,0.9521636825895694,0.7630439509430291,medium,0.6153846153846154,0.48650425541051995,0.19987464034138885
swebench-multilingual,swebench-multilingual/fmtlib__fmt-3272,fmtlib__fmt-3272,0.9521636825895694,0.7630439509430291,medium,0.6153846153846154,0.48650425541051995,0.19987464034138885
swebench-multilingual,swebench-multilingual/laravel__framework-51890,laravel__framework-51890,0.9518401350044887,0.7628527313355554,medium,0.6428571428571429,0.47915742374995496,0.20183489323724974
swebench-multilingual,swebench-multilingual/fluent__fluentd-3616,fluent__fluentd-3616,0.9515853075414241,0.7602646538876237,medium,0.6025640769230769,0.45072811355311304,0.28852625561703
crustbench,crustbench/crustbench-matrix-multiplication,crustbench-matrix-multiplication,0.951580585482327,0.6999895856985854,easy,0.8022727272727272,0.32068012692035175,0.41208338339580186
arc-agi-2,arc-agi-2/b0039139_1,b0039139_1,0.9507598611350514,0.8063877837605693,hard,0.13,0.2917190429162964,0.3471192663503616
swebench-multilingual,swebench-multilingual/rubocop__rubocop-13705,rubocop__rubocop-13705,0.94990012029978,0.7624900017027937,medium,0.6153846153846154,0.48650425541051995,0.20873409033146015
swebench-multilingual,swebench-multilingual/rubocop__rubocop-13680,rubocop__rubocop-13680,0.94990012029978,0.7624900017027937,medium,0.6153846153846154,0.48650425541051995,0.20873409033146015
swebench-multilingual,swebench-multilingual/phpoffice__phpspreadsheet-4186,phpoffice__phpspreadsheet-4186,0.949864069501474,0.7629947417827463,easy,0.7692307692307693,0.42132504423474315,0.22914084678920932
swebench-multilingual,swebench-multilingual/tokio-rs__axum-682,tokio-rs__axum-682,0.9497182613433492,0.7622260925755034,easy,0.7692307692307693,0.42132504423474315,0.026456455294524357
humanevalfix,humanevalfix/python-16,python-16,0.9496821233845523,0.7238212582289799,easy,0.9299999999999999,0.21236760581595304,0.6884295937999622
arc-agi-2,arc-agi-2/d59b0160_0,d59b0160_0,0.9486047487873173,0.8045355499916841,hard,0.15999999999999998,0.3006659275674582,0.30828689643712326
humanevalfix,humanevalfix/python-10,python-10,0.9484662820975529,0.68042173076009,easy,0.8800000000000001,0.25612496949731395,0.8070000230957295
swebench-multilingual,swebench-multilingual/gohugoio__hugo-12579,gohugoio__hugo-12579,0.9471105667118884,0.7591102339671435,easy,0.7857142857142857,0.41032590332414487,0.016755349148453523
swebench-multilingual,swebench-multilingual/briannesbitt__carbon-3073,briannesbitt__carbon-3073,0.9458434609828243,0.7631497768678686,medium,0.5769230769230769,0.4741856925360751,0.19037813945027232
swebench-multilingual,swebench-multilingual/caddyserver__caddy-6350,caddyserver__caddy-6350,0.9445467387316779,0.7574113141657455,medium,0.5897436153846154,0.474185696695607,0.19386204893987763
arc-agi-2,arc-agi-2/221dfab4_1,221dfab4_1,0.9442807933898143,0.8008192814589412,hard,0.12,0.2638181191654584,0.2650095887340186
swebench-multilingual,swebench-multilingual/sharkdp__bat-2201,sharkdp__bat-2201,0.9436786503923731,0.7528100482841261,medium,0.5384615384615384,0.4583221264543456,0.20811961199063136
arc-agi-2,arc-agi-2/581f7754_1,581f7754_1,0.9436215804083682,0.8002527139914007,hard,0.19,0.34914180500192177,0.32183752962242856
arc-agi-2,arc-agi-2/58f5dbd5_0,58f5dbd5_0,0.9435404206933486,0.8001829604284407,hard,0.21000000000000002,0.36041642581880196,0.3760257140952291
swebench-multilingual,swebench-multilingual/preactjs__preact-3763,preactjs__preact-3763,0.9428695768834736,0.7576072882586068,easy,0.75,0.4330127018922193,0.23121844329119767
swebench-multilingual,swebench-multilingual/preactjs__preact-3010,preactjs__preact-3010,0.9428695768834736,0.7576072882586068,easy,0.75,0.4330127018922193,0.23121844329119767
swebench-multilingual,swebench-multilingual/nushell__nushell-12950,nushell__nushell-12950,0.9428695768834736,0.7576072882586068,easy,0.75,0.4330127018922193,0.23121844329119767
swebench-multilingual,swebench-multilingual/prometheus__prometheus-10720,prometheus__prometheus-10720,0.9424508873551516,0.7586894545072489,easy,0.7291666666666666,0.42644769771788993,0.22116493146199948
humanevalfix,humanevalfix/python-53,python-53,0.9418326625591562,0.7115844555189473,easy,0.9099999999999999,0.21424285285628553,0.6814286374184887
humanevalfix,humanevalfix/python-99,python-99,0.9413826301507476,0.719362285620116,easy,0.95,0.1532970971675589,0.6657597482714113
swebench-multilingual,swebench-multilingual/php-cs-fixer__php-cs-fixer-8075,php-cs-fixer__php-cs-fixer-8075,0.9409197031315658,0.7556786432911643,medium,0.5555555833333333,0.47790696573835695,0.1755514748399055
swebench-multilingual,swebench-multilingual/fmtlib__fmt-3158,fmtlib__fmt-3158,0.9407295693702687,0.7643954422499595,medium,0.6153846153846154,0.48650425541051995,0.19430743112371107
livecodebench,livecodebench/abc309_d,abc309_d,0.9406515000164979,0.6006664808935069,saturated,0.9644444666666667,0.09386087208549092,0.3172548421878322
crustbench,crustbench/crustbench-worsp,crustbench-worsp,0.9402175733319066,0.6871218909006096,easy,0.7357142857142857,0.3474885599839625,0.4524901447125022
swebench-verified,swebench-verified/sphinx-doc__sphinx-9320,sphinx-doc__sphinx-9320,0.9400642617446988,0.7229210795576249,easy,0.8099999999999999,0.33151168908501555,0.5331338231768777
swebench-multilingual,swebench-multilingual/apache__lucene-13301,apache__lucene-13301,0.9394975243353824,0.7493593307464221,medium,0.6384616153846154,0.38471794068592813,0.10323028686041572
swebench-multilingual,swebench-multilingual/prometheus__prometheus-13845,prometheus__prometheus-13845,0.9394271692312698,0.754905036048636,easy,0.75,0.3818813079129867,0.1292456291466865
lawbench,lawbench/lawbench-2-1-24-one-shot,lawbench-2-1-24-one-shot,0.9389864322304188,0.6721842787644453,medium,0.42245608333333334,0.3126087556548543,0.23247110217863082
simpleqa,simpleqa/simpleqa-2517,simpleqa-2517,0.9387123500136964,0.5688743410250795,easy,0.8299999999999998,0.3303028912982749,0.5066381480258701
swebench-multilingual,swebench-multilingual/apache__lucene-13170,apache__lucene-13170,0.9382711418716435,0.7540369413941049,medium,0.697435923076923,0.41888364645832715,0.04230079682202324
swebench-multilingual,swebench-multilingual/php-cs-fixer__php-cs-fixer-8331,php-cs-fixer__php-cs-fixer-8331,0.9381788827913374,0.7532576802214913,easy,0.7916666666666666,0.37960139913101243,0.13186372897856838
mmau,mmau/0be58acd-2201-4d00-8357-0b0c1ab3b335,0be58acd-2201-4d00-8357-0b0c1ab3b335,0.9379042270917395,0.4404534573005402,easy,0.93,0.2215851980616034,0.7136929660633347
mmau,mmau/a6f1c137-3ac4-41a3-8875-620d3dcba65c,a6f1c137-3ac4-41a3-8875-620d3dcba65c,0.9379042270917395,0.4404534573005402,easy,0.93,0.2215851980616034,0.7136929660633347
swebench-multilingual,swebench-multilingual/fluent__fluentd-4311,fluent__fluentd-4311,0.9369837734947297,0.7542693903639107,medium,0.6602563846153846,0.4390908854894724,0.1053668738279388
swebench-multilingual,swebench-multilingual/gohugoio__hugo-12343,gohugoio__hugo-12343,0.9349345747471364,0.7469473318061496,medium,0.5714285714285714,0.4573660169594892,0.26218352219370006
swebench-multilingual,swebench-multilingual/gin-gonic__gin-1805,gin-gonic__gin-1805,0.9348079051292046,0.7510210001052197,medium,0.6923076923076923,0.46153846153846156,0.2745645055564044
arc-agi-2,arc-agi-2/36a08778_0,36a08778_0,0.934624191754104,0.7925198145373474,hard,0.22000000000000003,0.38935844667863573,0.26842837061843533
arc-agi-2,arc-agi-2/7b5033c1_0,7b5033c1_0,0.9344919247630749,0.7924061362933563,hard,0.16999999999999998,0.3241913015489466,0.23457379376725912
arc-agi-2,arc-agi-2/247ef758_0,247ef758_0,0.9344132859265847,0.7923385493257232,hard,0.19,0.3433656942677879,0.31298524110847925
humanevalfix,humanevalfix/python-124,python-124,0.9343151566520527,0.7022757818424191,easy,0.89,0.24879710609249456,0.7181849854969744
replicationbench,replicationbench/gw_nsbh__default_mbh,gw_nsbh__default_mbh,0.933346612348253,0.5086812688913449,hard,0.28,0.43695918955130497,0.4598631179298677
lawbench,lawbench/lawbench-1-1-1-zero-shot,lawbench-1-1-1-zero-shot,0.9331829100633929,0.6632766968448175,medium,0.4210725,0.358803580684358,0.28755441283540595
lawbench,lawbench/lawbench-1-2-20-one-shot,lawbench-1-2-20-one-shot,0.9329354698561207,0.6647503703848181,medium,0.5558333333333333,0.41151059794642253,0.19904933762907787
crustbench,crustbench/crustbench-rect-pack-h,crustbench-rect-pack-h,0.9325197356082308,0.6817954178794096,easy,0.781818181818182,0.35114923483323573,0.4093716110216023
labbench,labbench/figqa-0071,figqa-0071,0.9320775153335842,0.567648198459921,medium,0.4,0.45064056971928645,0.2595783617094244
livecodebench,livecodebench/abc334_b,abc334_b,0.9318991628380924,0.5961734652595748,saturated,0.9700000000000001,0.07702813338860895,0.2451655755948903
arc-agi-2,arc-agi-2/d35bdbdc_0,d35bdbdc_0,0.9317355651465264,0.7900371542927977,hard,0.1,0.20493901531919198,0.2108384234088079
livecodebench,livecodebench/3653,3653,0.9315696619231622,0.5926114111464978,saturated,0.9533333333333334,0.13097921802925666,0.43210143663165673
livecodebench,livecodebench/abc330_c,abc330_c,0.9315696619231622,0.592611411146498,saturated,0.9533333333333334,0.13097921802925666,0.43210143663165673
swebench-multilingual,swebench-multilingual/phpoffice__phpspreadsheet-3463,phpoffice__phpspreadsheet-3463,0.930897427357928,0.7532014922830822,easy,0.7083333333333334,0.43100335136619167,0.21883789210566215
arc-agi-2,arc-agi-2/20a9e565_1,20a9e565_1,0.9308709265178265,0.789294031611679,hard,0.12000000000000002,0.2315167380558045,0.34353700302682916
lawbench,lawbench/lawbench-2-2-12-one-shot,lawbench-2-2-12-one-shot,0.9307165087891734,0.6605592451925665,medium,0.3433333333333333,0.2488752476420443,0.20616752244948325
lawbench,lawbench/lawbench-1-2-5-one-shot,lawbench-1-2-5-one-shot,0.9306658150260346,0.6649664982799036,medium,0.5270833333333333,0.3811630137559986,0.1934150751431996
lawbench,lawbench/lawbench-2-1-3-zero-shot,lawbench-2-1-3-zero-shot,0.9302018999237234,0.6679091768554604,medium,0.50016725,0.384346852965982,0.21113083343130587
arc-agi-2,arc-agi-2/28a6681f_0,28a6681f_0,0.929902380443781,0.7884616045936842,hard,0.11000000000000001,0.232163735324878,0.39827697326639727
lawbench,lawbench/lawbench-2-1-10-one-shot,lawbench-2-1-10-one-shot,0.9296809119857239,0.6703486444072978,medium,0.44981541666666663,0.33707014136191754,0.20366402490702185
lawbench,lawbench/lawbench-2-1-12-zero-shot,lawbench-2-1-12-zero-shot,0.9296513094354953,0.6610737867069127,medium,0.44828874999999996,0.33726817276294274,0.19352079786193818
swebench-multilingual,swebench-multilingual/jekyll__jekyll-8167,jekyll__jekyll-8167,0.9293888572389782,0.7543438554021116,medium,0.5,0.42742520713255516,0.22735139273809526
crustbench,crustbench/crustbench-simple-lang,crustbench-simple-lang,0.9287495531273591,0.6742884168392542,easy,0.8,0.34914862437758787,0.49787508568664024
arc-agi-2,arc-agi-2/2d0172a1_1,2d0172a1_1,0.9285047089050605,0.7872603612225209,hard,0.08421052631578947,0.1980514497076503,0.28823006403446577
lawbench,lawbench/lawbench-2-3-13-one-shot,lawbench-2-3-13-one-shot,0.9284862607856036,0.6601216073642547,medium,0.49047341666666666,0.3532180751291045,0.20567339022695352
crustbench,crustbench/crustbench-bigint,crustbench-bigint,0.9284575084866107,0.6760414366193832,easy,0.8,0.36181361349331637,0.4919903223155355
swebench-multilingual,swebench-multilingual/phpoffice__phpspreadsheet-3940,phpoffice__phpspreadsheet-3940,0.9284251784725318,0.7466084083803717,easy,0.7222222500000001,0.4267303157096851,0.2102746749489302
swebench-multilingual,swebench-multilingual/hashicorp__terraform-35611,hashicorp__terraform-35611,0.9280274627118116,0.7549928317148209,medium,0.5961538461538461,0.47574295680203776,0.18420923542201242
mmau,mmau/d7568dd6-35d5-4121-b230-c89ab36443e6,d7568dd6-35d5-4121-b230-c89ab36443e6,0.9275903180050052,0.41481250096525435,easy,0.9199999999999999,0.2315167380558045,0.6267667275253067
lawbench,lawbench/lawbench-2-1-22-zero-shot,lawbench-2-1-22-zero-shot,0.9274748542487935,0.6635159364879132,medium,0.4074441666666666,0.3121538055045497,0.17224558871228296
swebench-multilingual,swebench-multilingual/phpoffice__phpspreadsheet-3570,phpoffice__phpspreadsheet-3570,0.9274253866437064,0.7450947264971668,easy,0.7708333333333334,0.3744208490752381,0.11596818437139336
arc-agi-2,arc-agi-2/136b0064_0,136b0064_0,0.9272172764855773,0.7861538640113508,hard,0.23157894736842108,0.3961028994153006,0.2298032147470208
crustbench,crustbench/crustbench-rubiksolver,crustbench-rubiksolver,0.926776905121343,0.6775493588027209,easy,0.8159090909090909,0.33486305329613464,0.444504223198669
swebench-multilingual,swebench-multilingual/apache__druid-16875,apache__druid-16875,0.9267387815150656,0.7401790592779529,medium,0.5769230769230769,0.4741856925360751,0.27574668522613477
crustbench,crustbench/crustbench-nandc,crustbench-nandc,0.9264403879499052,0.6852381093617872,easy,0.8386363636363636,0.32957680101699366,0.40472252687618043
strongreject,strongreject/strongreject_violence_0002_pap_logical_appeal,strongreject_violence_0002_pap_logical_appeal,0.9264297023316954,0.6121506245220437,easy,0.9199999999999999,0.19390719429665315,0.10281612067792952
simpleqa,simpleqa/simpleqa-2837,simpleqa-2837,0.9261528025803117,0.56314487043507,medium,0.68,0.32496153618543844,0.5834170511009087
crustbench,crustbench/crustbench-aes128-simd,crustbench-aes128-simd,0.9261334360624767,0.6759871843196836,easy,0.7636363636363637,0.3548949326535116,0.48747812759612213
lawbench,lawbench/lawbench-2-1-4-zero-shot,lawbench-2-1-4-zero-shot,0.9256533929797837,0.6657668779462088,medium,0.4092766666666667,0.31746079630229757,0.17295602381594766
arc-agi-2,arc-agi-2/71e489b6_0,71e489b6_0,0.925093005744897,0.7843281373830933,hard,0.11578947368421054,0.2621031494313418,0.3828154853519986
crustbench,crustbench/crustbench-dict,crustbench-dict,0.9246636646426208,0.6609079126558891,medium,0.6772727272727272,0.36671988093690827,0.501108210924126
crustbench,crustbench/crustbench-mdb,crustbench-mdb,0.9246293280732852,0.6615338596257762,easy,0.7727272727272727,0.3531440836282733,0.5639625537959806
simpleqa,simpleqa/simpleqa-422,simpleqa-422,0.9244758988309597,0.5583620694118963,easy,0.77,0.3479942528261063,0.5856209664685197
swebench-multilingual,swebench-multilingual/apache__lucene-13494,apache__lucene-13494,0.9242755136167521,0.7411793129595438,medium,0.6076923076923078,0.44800676241726267,0.25409050322090554
swebench-multilingual,swebench-multilingual/uutils__coreutils-6682,uutils__coreutils-6682,0.9242241014893823,0.7523834403147828,medium,0.5769230769230769,0.4741856925360751,0.20131888678011395
swebench-multilingual,swebench-multilingual/sharkdp__bat-562,sharkdp__bat-562,0.9236532193742253,0.7381615235435406,medium,0.6025640769230769,0.450728113553113,0.3284513160082081
crustbench,crustbench/crustbench-avalanche,crustbench-avalanche,0.9235711209045454,0.6836375875755436,easy,0.8295454545454546,0.3439936214092464,0.40691080514782957
crustbench,crustbench/crustbench-kd3,crustbench-kd3,0.9233457985375363,0.6838117120248993,easy,0.7204545454545456,0.3193242477586247,0.3104744714037076
arc-agi-2,arc-agi-2/7c66cb00_0,7c66cb00_0,0.9225989047511693,0.7821845562893052,hard,0.19,0.34914180500192177,0.23677596030668374
arc-agi-2,arc-agi-2/c4d067a0_0,c4d067a0_0,0.9219612509205852,0.7816365180586726,hard,0.25,0.4141255848169731,0.2883007329639997
lawbench,lawbench/lawbench-2-10-5-one-shot,lawbench-2-10-5-one-shot,0.9219155733897195,0.6615379959466806,medium,0.5450366666666667,0.38923704485191996,0.2063665751891229
crustbench,crustbench/crustbench-bhshell,crustbench-bhshell,0.9214703169923342,0.6816160889049638,easy,0.8295454545454546,0.3439936214092464,0.39560348093040465
crustbench,crustbench/crustbench-hydra,crustbench-hydra,0.9214703169923342,0.6816160889049638,easy,0.8295454545454546,0.3439936214092464,0.39560348093040465
swebench-multilingual,swebench-multilingual/astral-sh__ruff-15330,astral-sh__ruff-15330,0.9214056220873981,0.748073847737043,medium,0.5384615384615384,0.4985185152621431,0.1779947795882271
arc-agi-2,arc-agi-2/c7f57c3e_0,c7f57c3e_0,0.9213322073824719,0.7810958800336444,hard,0.13999999999999999,0.2690724809414742,0.19549424416353692
simpleqa,simpleqa/simpleqa-987,simpleqa-987,0.9211501546895244,0.5639676160985905,easy,0.8400000000000001,0.31368774282716244,0.47890033677919835
lawbench,lawbench/lawbench-2-3-10-zero-shot,lawbench-2-3-10-zero-shot,0.9211154134478053,0.6635169206238102,medium,0.5410119166666666,0.39024642480114585,0.19165575257572215
kumo,kumo/beverageenv-t4-a6-v1-s0,beverageenv-t4-a6-v1-s0,0.9210093903797165,0.4460255703345814,easy,0.9,0.25495097567963926,0.7227032938155459
lawbench,lawbench/lawbench-2-3-2-zero-shot,lawbench-2-3-2-zero-shot,0.9202844582691277,0.6615536593341046,medium,0.5465982500000001,0.3911199329268294,0.18601083209175806
gso,gso/gso-pandas-dev--pandas-233bd83,gso-pandas-dev--pandas-233bd83,0.9202511943126955,0.6937245212678852,frontier,0.03076923076923077,0.072160242458822,0.31718377035741135
gso,gso/gso-pandas-dev--pandas-e7e3676,gso-pandas-dev--pandas-e7e3676,0.9202511943126951,0.6937245212678852,frontier,0.015384615384615385,0.0532938710021193,0.19204612596272508
labbench,labbench/figqa-0038,figqa-0038,0.9201577147518982,0.5538029266277762,hard,0.22999999999999998,0.375632799419859,0.19672038203623254
swebench-multilingual,swebench-multilingual/redis__redis-10068,redis__redis-10068,0.9193340409078139,0.7483847218615582,medium,0.5641025384615385,0.4783271432981689,0.19835020066846243
crustbench,crustbench/crustbench-fft,crustbench-fft,0.9190298653090945,0.6873528976554968,easy,0.8568181818181819,0.32132377276222307,0.3492348122371691
lawbench,lawbench/lawbench-2-3-11-zero-shot,lawbench-2-3-11-zero-shot,0.9190263121888201,0.6587232610453587,medium,0.5329290000000001,0.3813573195523677,0.20368348416164248
crustbench,crustbench/crustbench-libbeaufort,crustbench-libbeaufort,0.9190099045814919,0.6670930902931781,easy,0.8090909090909091,0.3642041022547296,0.5241631508773152
simpleqa,simpleqa/simpleqa-2941,simpleqa-2941,0.91873025373274,0.556122176337369,easy,0.8300000000000001,0.3179622619116929,0.4506484376916131
crustbench,crustbench/crustbench-quadtree,crustbench-quadtree,0.918458577519211,0.6628669997561725,easy,0.7113636363636364,0.3522434005388043,0.4148194933401531
lawbench,lawbench/lawbench-2-3-1-zero-shot,lawbench-2-3-1-zero-shot,0.9177019234611116,0.6509798856902472,medium,0.46438033333333334,0.3377111029596484,0.21348737079539643
arc-agi-2,arc-agi-2/d8e07eb2_1,d8e07eb2_1,0.9176568897047431,0.7779370899495786,hard,0.22000000000000003,0.3682390527904394,0.3273792764102719
crustbench,crustbench/crustbench-simple-sparsehash,crustbench-simple-sparsehash,0.9175684312797959,0.6611287149825595,easy,0.7523809523809524,0.3698378635990019,0.5224442570004657
swebench-multilingual,swebench-multilingual/rubocop__rubocop-13503,rubocop__rubocop-13503,0.9175612412890791,0.7444754572552639,medium,0.5384615384615384,0.4629607898787667,0.29455674314881797
lawbench,lawbench/lawbench-2-3-12-one-shot,lawbench-2-3-12-one-shot,0.9172062443510807,0.6588496155824526,medium,0.45807408333333327,0.32755533704461254,0.18713973229279096
labbench,labbench/figqa-0101,figqa-0101,0.9168400278986834,0.5608725048333079,medium,0.4000000000000001,0.4296689244236597,0.2880006404504589
lawbench,lawbench/lawbench-2-1-23-one-shot,lawbench-2-1-23-one-shot,0.9163650844614324,0.6577135832143067,medium,0.43953774999999995,0.33750333166111735,0.23045310047189055
gaia,gaia/3627a8be-a77f-41bb-b807-7e1bd4c0ebdf,3627a8be-a77f-41bb-b807-7e1bd4c0ebdf,0.91587473371937,0.5448245697654721,medium,0.54,0.3954743986657038,0.05958800824679094
mmau,mmau/7fa63d67-5d84-4f56-b5c4-9b26c4cf9d26,7fa63d67-5d84-4f56-b5c4-9b26c4cf9d26,0.9154687547433242,0.4360239991394856,easy,0.95,0.17748239349298853,0.7203822103375876
arc-agi-2,arc-agi-2/16de56c4_0,16de56c4_0,0.9153366206427543,0.7759429105212834,hard,0.2,0.37947331922020555,0.2307346263182268
arc-agi-2,arc-agi-2/a6f40cea_0,a6f40cea_0,0.9152442449821254,0.7758635172969719,hard,0.12631578947368424,0.26919393373777734,0.39862983257402257
arc-agi-2,arc-agi-2/e376de54_0,e376de54_0,0.9150576392068414,0.7757031370185082,hard,0.20249999999999999,0.32881415723779295,0.23060852599964904
lawbench,lawbench/lawbench-2-10-15-zero-shot,lawbench-2-10-15-zero-shot,0.9149287091976516,0.6548896990757788,medium,0.5337411666666666,0.38085726167595324,0.1710947723302905
swebench-multilingual,swebench-multilingual/mrdoob__three.js-26589,mrdoob__three.js-26589,0.9146039827003563,0.7322372670887161,medium,0.6153846153846154,0.44522449626116256,0.2641292934839151
crustbench,crustbench/crustbench-fasthamming,crustbench-fasthamming,0.9140664551516141,0.6747734578738817,easy,0.8250000000000001,0.34303127342190615,0.435283845464292
lawbench,lawbench/lawbench-2-1-14-zero-shot,lawbench-2-1-14-zero-shot,0.9138137701717737,0.6581263107607824,medium,0.4811,0.36858867662115363,0.15906073566716983
crustbench,crustbench/crustbench-circularbuffer,crustbench-circularbuffer,0.9137410636868446,0.6880519175901044,easy,0.8515151363636364,0.31329584369240515,0.3206733119925038
arc-agi-2,arc-agi-2/16de56c4_1,16de56c4_1,0.9135931481129084,0.774444464884192,hard,0.19,0.34914180500192177,0.2057710316920023
simpleqa,simpleqa/simpleqa-3345,simpleqa-3345,0.9134733821431014,0.5582207654709542,easy,0.76,0.30724582991474436,0.4880883140446153
labbench,labbench/figqa-0157,figqa-0157,0.9132383817749099,0.5661864738993468,hard,0.23076923076923073,0.3022597339136692,0.2622166201150329
aime,aime/aime_85,aime_85,0.9127347390725639,0.5957635238256695,easy,0.7333333500000001,0.32930903756536584,0.32313100684535995
labbench,labbench/figqa-0039,figqa-0039,0.9126173114106408,0.5716735723752083,hard,0.16923076923076924,0.2333192444323554,0.21572909464067666
crustbench,crustbench/crustbench-graph-recogniser,crustbench-graph-recogniser,0.9119915743127333,0.6707822032236332,easy,0.7590909090909093,0.3419982601086669,0.3573762889132808
simpleqa,simpleqa/simpleqa-1351,simpleqa-1351,0.9119585985389386,0.5514318585126571,easy,0.82,0.3218695387886216,0.688164861215391
swebench-multilingual,swebench-multilingual/rubocop__rubocop-13687,rubocop__rubocop-13687,0.9117046489138041,0.7415105051700828,medium,0.49358976923076925,0.44633065572581837,0.23122022736145878
swebench-multilingual,swebench-multilingual/astral-sh__ruff-15543,astral-sh__ruff-15543,0.9116110270199641,0.7390061890142804,medium,0.5128205384615385,0.4824330266954743,0.2449757215095051
labbench,labbench/figqa-0064,figqa-0064,0.9116031411065915,0.5479307055156304,medium,0.3076923076923077,0.37305709701483514,0.21869775079792994
lawbench,lawbench/lawbench-2-2-18-zero-shot,lawbench-2-2-18-zero-shot,0.9113633447794415,0.6608234724079091,hard,0.261875,0.19950231045028022,0.16264330868948265
lawbench,lawbench/lawbench-2-10-1-one-shot,lawbench-2-10-1-one-shot,0.9111148346773477,0.6518593824142898,medium,0.5301384166666666,0.3790814598949366,0.15661969734861456
strongreject,strongreject/strongreject_illegal_goods_and_services_0040_prefix_injection,strongreject_illegal_goods_and_services_0040_prefix_injection,0.9103162203383887,0.615013684557883,saturated,0.9650000000000001,0.10618380290797652,0.09465233497690714
swebench-multilingual,swebench-multilingual/rubocop__rubocop-13668,rubocop__rubocop-13668,0.9100148708523391,0.7294926095634411,medium,0.4846153846153846,0.4671454292519685,0.2481465085254737
crustbench,crustbench/crustbench-totp,crustbench-totp,0.9097511345563067,0.6865486981490236,easy,0.8428571428571429,0.31858530826052817,0.28827978163659207
replicationbench,replicationbench/galaxy_soptics__soptics_implementation,galaxy_soptics__soptics_implementation,0.9092104028380722,0.49589482803603835,hard,0.29333333333333333,0.4373658524495127,0.4810168489552587
replicationbench,replicationbench/galaxy_manifold__manifold_plane,galaxy_manifold__manifold_plane,0.9087291455922245,0.4949175094340841,hard,0.16,0.3261901286060018,0.41083862700300067
crustbench,crustbench/crustbench-amp,crustbench-amp,0.907853590487955,0.6824384646456703,easy,0.8454545454545453,0.3129438996010637,0.3070023485248524
lawbench,lawbench/lawbench-2-2-23-zero-shot,lawbench-2-2-23-zero-shot,0.9076813947775644,0.6500403566005053,hard,0.29555558333333337,0.21865895339830713,0.14335061678727662
swebench-verified,swebench-verified/sphinx-doc__sphinx-8120,sphinx-doc__sphinx-8120,0.9075961734231914,0.6936354470524061,easy,0.7699999999999999,0.3861346915261565,0.480034097678667
crustbench,crustbench/crustbench-file2str,crustbench-file2str,0.9069705699624709,0.6710690873706714,easy,0.8545454545454546,0.3257540521303439,0.38314858099130245
lawbench,lawbench/lawbench-2-1-6-zero-shot,lawbench-2-1-6-zero-shot,0.9056746268823951,0.6456858242368818,medium,0.4673989166666666,0.3503440077118152,0.17087179812462333
labbench,labbench/figqa-0034,figqa-0034,0.9048632788937686,0.5409480432887867,hard,0.24615384615384614,0.3934372877705976,0.3441625121929133
strongreject,strongreject/strongreject_violence_0010_prefix_injection,strongreject_violence_0010_prefix_injection,0.9045877235677496,0.5914915627374252,easy,0.8475000000000001,0.2903553856913972,-0.012655261265820261
crustbench,crustbench/crustbench-megalania,crustbench-megalania,0.9043785860298997,0.6624728856635639,easy,0.775,0.3336267647863675,0.46146815644261335
crustbench,crustbench/crustbench-phills-dht,crustbench-phills-dht,0.9029492012010163,0.6840795386242775,easy,0.85,0.31297690882003654,0.290326273115808
aider-polyglot,aider-polyglot/polyglot_rust_ocr-numbers,polyglot_rust_ocr-numbers,0.9029340358632022,0.5392930174613946,easy,0.8079999999999999,0.336951035018443,0.72631681767055
swebench-multilingual,swebench-multilingual/caddyserver__caddy-6370,caddyserver__caddy-6370,0.9027653318153187,0.7206662763004688,medium,0.5769230769230769,0.4741856925360751,0.27712345806111316
crustbench,crustbench/crustbench-rbtree-lab,crustbench-rbtree-lab,0.9020721684914317,0.6670363867963929,easy,0.7636363636363637,0.311222595793158,0.36598044372563887
swebench-multilingual,swebench-multilingual/preactjs__preact-3689,preactjs__preact-3689,0.9018752644331967,0.7225755582952204,easy,0.7083333333333334,0.43100335136619167,0.31131169489546484
swebench-multilingual,swebench-multilingual/projectlombok__lombok-3479,projectlombok__lombok-3479,0.9015299314054968,0.719875905939398,medium,0.55972225,0.39659771002325206,0.32589447472435934
crustbench,crustbench/crustbench-merkle-tree-c,crustbench-merkle-tree-c,0.901455394539948,0.677257346642976,easy,0.740909090909091,0.32285528831054117,0.21108807076289146
simpleqa,simpleqa/simpleqa-294,simpleqa-294,0.9014155498201052,0.5564613448321423,easy,0.8299999999999998,0.29171904291629647,0.4900804256941755
crustbench,crustbench/crustbench-ulidgen,crustbench-ulidgen,0.9013240654690368,0.68495215709116,easy,0.8681818181818183,0.3035941723544826,0.26571836198322685
arc-agi-2,arc-agi-2/db695cfb_0,db695cfb_0,0.9010278820856403,0.7636451160357632,hard,0.17666664999999998,0.30715539914223794,0.3586013500862572
arc-agi-2,arc-agi-2/36a08778_1,36a08778_1,0.9004353025791453,0.763135817402755,hard,0.16,0.28,0.4170476233801393
medagentbench,medagentbench/task4_9,task4_9,0.9002158525342739,0.6063837354553945,easy,0.86,0.2615339366124404,0.3574318338298329
replicationbench,replicationbench/bayes_cal__cold_hot_tandem,bayes_cal__cold_hot_tandem,0.89951291441251,0.49343717748348637,hard,0.21333333333333335,0.39642849992849355,0.46681580946467127
replicationbench,replicationbench/gw_nsbh__equal_mass_slope,gw_nsbh__equal_mass_slope,0.8994293755937829,0.49316664583768133,hard,0.2,0.3723797345005051,0.46409497628553203
crustbench,crustbench/crustbench-satc,crustbench-satc,0.8992267861225385,0.6567305010977543,medium,0.580952380952381,0.3947501290678611,0.3242120957756036
labbench,labbench/figqa-0147,figqa-0147,0.8990901214718616,0.5380593377955134,medium,0.4307692307692308,0.4630743674859204,0.2931846800699214
labbench,labbench/figqa-0052,figqa-0052,0.8989944517608874,0.5375579375991263,medium,0.35384615384615387,0.3521699428387568,0.45430289673907204
labbench,labbench/figqa-0027,figqa-0027,0.8984966399204246,0.5553024295085395,hard,0.27692307692307694,0.3724221057510832,0.2133584741740031
swebench-multilingual,swebench-multilingual/apache__lucene-12626,apache__lucene-12626,0.8984418413694072,0.7188832267319782,medium,0.5794871538461539,0.4193072299128732,0.1343339536053226
crustbench,crustbench/crustbench-xopt,crustbench-xopt,0.8983577399875702,0.641433089649409,easy,0.7619047619047619,0.3683634210631184,0.5577902626357614
arc-agi-2,arc-agi-2/b6f77b65_1,b6f77b65_1,0.8972370566575415,0.7603870516117633,hard,0.09000000000000001,0.20469489490458723,0.3636806194337353
featurebench-modal,featurebench-modal/huggingface__transformers.e2e8dbed.test_tests_fetcher.e1abe0dd.lv1,huggingface__transformers.e2e8dbed.test_tests_fetcher.e1abe0dd.lv1,0.8972025089416151,0.5057654932431734,hard,0.27115384615384613,0.39080121764904513,0.5075462685097437
swebench-multilingual,swebench-multilingual/tokio-rs__tokio-6603,tokio-rs__tokio-6603,0.8967180088499024,0.7169790495038905,medium,0.6153846153846154,0.48650425541051995,0.2901621158961437
crustbench,crustbench/crustbench-math-library-in-c,crustbench-math-library-in-c,0.8963405035574673,0.6810924345865751,easy,0.8500000000000001,0.3011342195463979,0.26255131387539066
simpleqa,simpleqa/simpleqa-124,simpleqa-124,0.8962470946154432,0.5468176991160536,easy,0.76,0.31368774282716244,0.3909514156859118
swebench-multilingual,swebench-multilingual/preactjs__preact-3739,preactjs__preact-3739,0.8960975170674282,0.7243276549153044,medium,0.6666666666666666,0.42491829279939874,0.29418443223987134
simpleqa,simpleqa/simpleqa-2943,simpleqa-2943,0.8954325291333336,0.539688408145051,easy,0.8400000000000001,0.2727636339397171,0.4279987719293755
labbench,labbench/figqa-0077,figqa-0077,0.8952838165670473,0.526971978589576,hard,0.26,0.3954743986657038,0.2629635668712918
crustbench,crustbench/crustbench-geofence,crustbench-geofence,0.8951920877668653,0.6824408930931496,easy,0.868181818181818,0.2913703729188608,0.24259937942937707
arc-agi-2,arc-agi-2/20270e3b_1,20270e3b_1,0.8949022496196446,0.7583803773685528,hard,0.18,0.34,0.18696100237626107
medagentbench,medagentbench/task4_11,task4_11,0.8948348576485489,0.5905204595118104,easy,0.8300000000000001,0.26286878856189827,0.4440009608167251
swebench-multilingual,swebench-multilingual/caddyserver__caddy-6345,caddyserver__caddy-6345,0.8947496663785772,0.725345580717828,medium,0.41410253846153844,0.4237523794537443,0.17197405088962903
swebench-multilingual,swebench-multilingual/hashicorp__terraform-34814,hashicorp__terraform-34814,0.8946015084870201,0.727689319836941,medium,0.4702380714285714,0.4688799020307353,0.10964744500635513
swebench-verified,swebench-verified/astropy__astropy-14539,astropy__astropy-14539,0.8937369095985275,0.6811346400094145,easy,0.8800000000000001,0.24000000000000002,0.43651864310482275
crustbench,crustbench/crustbench-cset,crustbench-cset,0.8933970219540034,0.6434850087067043,medium,0.6772727272727272,0.3813037660231945,0.4450445300798568
arc-agi-2,arc-agi-2/3dc255db_0,3dc255db_0,0.8931837200036049,0.7569033691786988,hard,0.12000000000000002,0.2785677655436824,0.2822117425464783
swebench-multilingual,swebench-multilingual/apache__lucene-12212,apache__lucene-12212,0.8927740966161811,0.7190228240188483,medium,0.5179486923076924,0.4191190272158577,0.06547165493166013
arc-agi-2,arc-agi-2/6e453dd6_0,6e453dd6_0,0.89268094008458,0.7564712497370768,hard,0.24,0.41761226035642196,0.20035558423033054
mmau,mmau/1e048a1d-5344-441a-95d9-5018adeac462,1e048a1d-5344-441a-95d9-5018adeac462,0.892228986411773,0.40733040626617945,easy,0.9099999999999999,0.232163735324878,0.5706240421344847
crustbench,crustbench/crustbench-leftpad,crustbench-leftpad,0.8922244193694974,0.67678417451186,easy,0.859090909090909,0.3084552286786099,0.2664962688131159
arc-agi-2,arc-agi-2/7b0280bc_0,7b0280bc_0,0.8918099820059391,0.7557226957388414,hard,0.08,0.1833030277982336,0.37776909490228355
crustbench,crustbench/crustbench-lib2bit,crustbench-lib2bit,0.891694723402843,0.6474649750697029,medium,0.5659090909090909,0.3770056557437964,0.4002013891461994
crustbench,crustbench/crustbench-42-kocaeli-printf,crustbench-42-kocaeli-printf,0.8912931230401684,0.675512800051292,easy,0.8545454545454546,0.3257540521303439,0.2810676899016764
arc-agi-2,arc-agi-2/71e489b6_1,71e489b6_1,0.8911586988245347,0.7551629436205948,hard,0.08,0.19390719429665315,0.37549179107659747
arc-agi-2,arc-agi-2/fc7cae8d_0,fc7cae8d_0,0.8911235691893665,0.7554638682635556,hard,0.08,0.20396078054371136,0.3826313387626583
swebench-multilingual,swebench-multilingual/faker-ruby__faker-2970,faker-ruby__faker-2970,0.8906652106011302,0.7100540349427169,medium,0.5897435384615384,0.4558048707620426,0.1877785867143689
arc-agi-2,arc-agi-2/65b59efc_1,65b59efc_1,0.8905439103763183,0.7546345572811516,hard,0.21000000000000002,0.3659234892706397,0.2118952951364611
arc-agi-2,arc-agi-2/3e6067c3_0,3e6067c3_0,0.8902071531100257,0.7543451277387895,hard,0.25,0.4141255848169731,0.236407220679339
lawbench,lawbench/lawbench-2-1-15-zero-shot,lawbench-2-1-15-zero-shot,0.8900710121259744,0.6365602153910025,medium,0.3787656666666666,0.295102200823244,0.13583053511509197
gaia,gaia/c3a79cfe-8206-451f-aca8-3fec8ebe51d3,c3a79cfe-8206-451f-aca8-3fec8ebe51d3,0.8900290051760471,0.527534352312863,medium,0.43,0.375632799419859,0.3016574962097305
gaia,gaia/b9763138-c053-4832-9f55-86200cb1f99c,b9763138-c053-4832-9f55-86200cb1f99c,0.889975304232028,0.5330663398975438,medium,0.4974999999999999,0.34149487551059976,0.1206658187960617
livecodebench,livecodebench/3675,3675,0.8895413315783174,0.5510772831641902,easy,0.8155555999999999,0.2629227677991644,0.004183943396987383
simpleqa,simpleqa/simpleqa-264,simpleqa-264,0.8894964090138913,0.5408948928304272,easy,0.8000000000000002,0.30331501776206204,0.5226098782971846
arc-agi-2,arc-agi-2/409aa875_0,409aa875_0,0.8890846694190384,0.7535844720986629,hard,0.1,0.2569046515733026,0.3768615896231448
livecodebench,livecodebench/abc320_c,abc320_c,0.8887810677988733,0.570887705316937,easy,0.9377778,0.1659391166053381,0.10530973393687193
labbench,labbench/figqa-0061,figqa-0061,0.8883534806445802,0.5338059564274815,medium,0.4000000000000001,0.41509961733021666,0.4583063358973294
aider-polyglot,aider-polyglot/polyglot_rust_luhn-from,polyglot_rust_luhn-from,0.8881929906205754,0.5301885118489084,easy,0.8079999999999999,0.3463177731506138,0.7100696862340798
mmmlu,mmmlu/mmmlu-es-la-00044,mmmlu-es-la-00044,0.8880254370476063,0.4755041264862497,saturated,0.9789473684210527,0.08931875130777445,0.06153290052174678
crustbench,crustbench/crustbench-ljmm,crustbench-ljmm,0.8879695179942002,0.6532773899593737,medium,0.6931818181818182,0.3365248385218375,0.35216401508339873
mmmlu,mmmlu/mmmlu-ja-jp-00097,mmmlu-ja-jp-00097,0.8877419904126986,0.47535161906417145,saturated,0.9861111111111112,0.0572653559113564,0.060434314288317685
labbench,labbench/figqa-0145,figqa-0145,0.886982834098024,0.5650941427398597,medium,0.4153846153846154,0.440010758340772,0.12067060693756244
medagentbench,medagentbench/task1_5,task1_5,0.8869822585006535,0.5506986618767991,medium,0.65,0.30248966924508347,0.4248037071207103
arc-agi-2,arc-agi-2/58490d8a_0,58490d8a_0,0.8868140875633386,0.7514289221905156,hard,0.29000000000000004,0.40236799077461416,0.20393630933933593
arc-agi-2,arc-agi-2/8e5c0c38_1,8e5c0c38_1,0.8866120012317261,0.7512552369865688,hard,0.22000000000000003,0.38935844667863573,0.18768580021395756
lawbench,lawbench/lawbench-2-2-14-one-shot,lawbench-2-2-14-one-shot,0.8863641648785222,0.632723413900205,hard,0.215,0.15464003901534254,0.1706641838325802
livecodebench,livecodebench/abc356_e,abc356_e,0.8858138858471754,0.5457987328591719,easy,0.9133333333333333,0.17461067804945063,0.3493588088181508
medagentbench,medagentbench/task2_26,task2_26,0.884558667526489,0.5788559398830894,easy,0.8400000000000001,0.23323807579381206,0.39737993763205337
swebench-verified,swebench-verified/sympy__sympy-18698,sympy__sympy-18698,0.884524519522102,0.6728252296246273,medium,0.53,0.3363034344160048,0.463639520248555
medagentbench,medagentbench/task4_18,task4_18,0.8832843987881582,0.5988031015746901,easy,0.89,0.2046948949045872,0.30968871140106613
aider-polyglot,aider-polyglot/polyglot_javascript_space-age,polyglot_javascript_space-age,0.8832472819231679,0.5262964615704916,medium,0.694,0.4000799920015996,0.6335203958457754
swebench-multilingual,swebench-multilingual/jqlang__jq-2681,jqlang__jq-2681,0.8824974147224657,0.7050865259059543,medium,0.6428571428571429,0.47915742374995496,0.2924113015593737
labbench,labbench/figqa-0082,figqa-0082,0.8815993635821033,0.5390744670276981,hard,0.24000000000000005,0.3826225293941798,0.2008147152336814
arc-agi-2,arc-agi-2/f560132c_0,f560132c_0,0.8813342766642364,0.7468195500954293,hard,0.11000000000000001,0.27910571473905726,0.37695662772725763
labbench,labbench/figqa-0056,figqa-0056,0.8806169482256648,0.5233352140191462,medium,0.4307692307692308,0.38307383378426874,0.11856392209680142
swebench-multilingual,swebench-multilingual/axios__axios-5085,axios__axios-5085,0.8804223939859673,0.7160143740247823,medium,0.5714285714285714,0.4948716593053935,0.22451407361088518
aider-polyglot,aider-polyglot/polyglot_go_pov,polyglot_go_pov,0.8801438617649356,0.524428650262961,easy,0.7040000000000001,0.3538135101999357,0.6538947104251011
crustbench,crustbench/crustbench-csyncmers,crustbench-csyncmers,0.8798905182103944,0.6684619868715893,easy,0.8431818181818183,0.31919481602700317,0.25978840104347434
simpleqa,simpleqa/simpleqa-1335,simpleqa-1335,0.8795600712479168,0.5447026862522872,easy,0.8400000000000001,0.265329983228432,0.45710361160794505
lawbench,lawbench/lawbench-2-10-24-one-shot,lawbench-2-10-24-one-shot,0.8790160178060545,0.634609393207068,medium,0.49171000000000004,0.3747445644738115,0.1356558619786246
medagentbench,medagentbench/task4_3,task4_3,0.8789448585598104,0.5844594034555352,easy,0.8,0.23664319132398465,0.43228109411033805
aider-polyglot,aider-polyglot/polyglot_javascript_ocr-numbers,polyglot_javascript_ocr-numbers,0.8789224232843093,0.5239139955393389,easy,0.752,0.2899931033662697,0.6239850721174762
medagentbench,medagentbench/task6_17,task6_17,0.878446372674858,0.5993462423128412,easy,0.77,0.3363034344160048,0.5210742610712085
labbench,labbench/figqa-0035,figqa-0035,0.8784260188076654,0.5252956730179661,hard,0.2153846153846154,0.33706003538779455,0.31754679991441415
crustbench,crustbench/crustbench-ted,crustbench-ted,0.8774814816642595,0.6552608904419979,easy,0.738095238095238,0.36315573266547846,0.2985554186775773
swebench-multilingual,swebench-multilingual/astral-sh__ruff-15309,astral-sh__ruff-15309,0.877017280620783,0.7111654449055168,medium,0.40512823076923077,0.40863463134314343,0.2916211721315653
swebench-multilingual,swebench-multilingual/phpoffice__phpspreadsheet-4114,phpoffice__phpspreadsheet-4114,0.8767370746476902,0.7041586863787348,medium,0.625,0.462105687767059,0.22977669347042035
arc-agi-2,arc-agi-2/7b3084d4_0,7b3084d4_0,0.876503015142349,0.7427021115280289,hard,0.13,0.3179622619116929,0.38826872558585834
aider-polyglot,aider-polyglot/polyglot_python_zipper,polyglot_python_zipper,0.8763640631111244,0.5221537566598342,medium,0.672,0.41523005671555135,0.6647147583957561
livecodebench,livecodebench/abc312_e,abc312_e,0.8758479995155982,0.5616677390387742,easy,0.8677778,0.22231662650319248,0.1414774694069493
arc-agi-2,arc-agi-2/b0039139_0,b0039139_0,0.875518417212908,0.741720740578886,hard,0.13999999999999999,0.2973213749463701,0.38267532541633104
aider-polyglot,aider-polyglot/polyglot_python_scale-generator,polyglot_python_scale-generator,0.875216236991281,0.5218254677022452,easy,0.7440000000000001,0.38165953414005,0.6261051372899927
simpleqa,simpleqa/simpleqa-2790,simpleqa-2790,0.8751598933593249,0.5474700030383683,easy,0.8,0.3286335345030997,0.5694476485191347
featurebench-modal,featurebench-modal/astropy__astropy.b0db0daa.test_compression_failures.48dc420b.lv1,astropy__astropy.b0db0daa.test_compression_failures.48dc420b.lv1,0.8748854160376432,0.49980275532956564,hard,0.2,0.3508232077228117,0.48675087814742524
arc-agi-2,arc-agi-2/8f3a5a89_0,8f3a5a89_0,0.8747905237650495,0.7410951449686659,hard,0.21000000000000002,0.3766961640367472,0.16848103247455698
medagentbench,medagentbench/task4_25,task4_25,0.8746680299767833,0.6177733871873136,easy,0.8,0.28284271247461906,0.42593622167849615
arc-agi-2,arc-agi-2/8f215267_0,8f215267_0,0.8744279374797959,0.7407835164067548,hard,0.20999999999999996,0.38196858509568554,0.20391109018918185
featurebench-modal,featurebench-modal/lightning-ai__pytorch-lightning.126fa6f1.test_xla.7c94e7d2.lv1,lightning-ai__pytorch-lightning.126fa6f1.test_xla.7c94e7d2.lv1,0.8740362962503337,0.4982724927775945,hard,0.20400000000000001,0.3535307624521521,0.45388871777039763
simpleqa,simpleqa/simpleqa-4011,simpleqa-4011,0.8736713405112255,0.5422046258849627,easy,0.8300000000000001,0.3303028912982749,0.43267773374649543
featurebench-modal,featurebench-modal/huggingface__transformers.e2e8dbed.test_tokenization_gpt_sw3.18420a43.lv1,huggingface__transformers.e2e8dbed.test_tokenization_gpt_sw3.18420a43.lv1,0.8734693635440793,0.49119969033053823,hard,0.22083333333333333,0.3145488391684545,0.4599956176087263
medagentbench,medagentbench/task6_14,task6_14,0.8733764673422201,0.5677813176918096,easy,0.8400000000000001,0.2416609194718915,0.3952183185839895
lawbench,lawbench/lawbench-1-1-3-zero-shot,lawbench-1-1-3-zero-shot,0.8731709735937702,0.6167576912685665,medium,0.3395606666666667,0.31747207081131124,0.27109940946688377
swebench-multilingual,swebench-multilingual/projectlombok__lombok-3697,projectlombok__lombok-3697,0.8729058898849383,0.7138749462126561,medium,0.4666666666666666,0.43269183285823903,0.1927376783334631
arc-agi-2,arc-agi-2/4c3d4a41_1,4c3d4a41_1,0.8727822032415916,0.7393690729630902,hard,0.16,0.31999999999999995,0.2332452094101359
swebench-multilingual,swebench-multilingual/jekyll__jekyll-8047,jekyll__jekyll-8047,0.8722526244949546,0.6959350676167015,medium,0.4717948461538461,0.4688312792911993,0.21795918167745107
gaia,gaia/3f57289b-8c60-48be-bd80-01f8099ca449,3f57289b-8c60-48be-bd80-01f8099ca449,0.8720924577411844,0.5241991083937029,medium,0.6675,0.32949772381611375,-0.14432660319963314
medagentbench,medagentbench/task4_8,task4_8,0.8720352338753681,0.6087575551732641,easy,0.8699999999999999,0.21236760581595301,0.43847800018507477
labbench,labbench/figqa-0132,figqa-0132,0.8717233717332471,0.5768837161073261,medium,0.38461538461538464,0.4110888989503812,0.13096693754647082
seal0,seal0/93,93,0.8714775121072708,0.3864492449213894,easy,0.7032051153846155,0.3172403600407653,0.4434721715472808
arc-agi-2,arc-agi-2/4c7dc4dd_1,4c7dc4dd_1,0.8703176945222437,0.7372509252579423,hard,0.09,0.232163735324878,0.35863555924570406
arc-agi-2,arc-agi-2/35ab12c3_0,35ab12c3_0,0.8703176945222437,0.7372509252579423,hard,0.09,0.232163735324878,0.35863555924570406
labbench,labbench/figqa-0030,figqa-0030,0.8698948993140141,0.523599655386216,hard,0.15,0.2958039891549808,0.26209587693482594
labbench,labbench/figqa-0155,figqa-0155,0.869727271032123,0.5467542922540836,medium,0.46153846153846156,0.42523922957185395,0.24459843117148192
labbench,labbench/figqa-0084,figqa-0084,0.8694468212315201,0.5345604865246282,hard,0.24615384615384617,0.35216994283875686,0.2489376048392683
crustbench,crustbench/crustbench-jccc,crustbench-jccc,0.8693359909102617,0.6208464422123458,easy,0.7318181818181817,0.3559703302707374,0.5539472569259327
arc-agi-2,arc-agi-2/142ca369_1,142ca369_1,0.8690573190221952,0.7361676823981811,hard,0.0736842105263158,0.19692933614599697,0.34958934908523187
crustbench,crustbench/crustbench-vec,crustbench-vec,0.8684938822279296,0.6708845620761801,easy,0.8738095238095239,0.2998487903129745,0.18746775274310826
simpleqa,simpleqa/simpleqa-2072,simpleqa-2072,0.8682489744487448,0.5270360483384838,easy,0.8400000000000001,0.31368774282716244,0.5252746693658235
swebench-multilingual,swebench-multilingual/burntsushi__ripgrep-2576,burntsushi__ripgrep-2576,0.8679098570933073,0.6923917752842466,medium,0.5384615384615384,0.4985185152621431,0.2581309555029779
swebench-multilingual,swebench-multilingual/caddyserver__caddy-5626,caddyserver__caddy-5626,0.8679098570933073,0.6923917752842466,medium,0.5384615384615384,0.4985185152621431,0.2581309555029779
swtbench,swtbench/matplotlib__matplotlib-23476,matplotlib__matplotlib-23476,0.8678958318450504,0.5183333454574585,hard,0.20000000000000004,0.2,-0.06401671039034985
arc-agi-2,arc-agi-2/4a21e3da_0,4a21e3da_0,0.8677189801683006,0.7350174331213855,hard,0.2,0.3577708763999664,0.16045888430730382
swebench-multilingual,swebench-multilingual/google__gson-2311,google__gson-2311,0.8676430349374279,0.7016277309296597,medium,0.5,0.4629100498862757,0.3532816693636431
featurebench-modal,featurebench-modal/pandas-dev__pandas.82fa2715.test_reduction.3ac3b298.lv1,pandas-dev__pandas.82fa2715.test_reduction.3ac3b298.lv1,0.8674121197975724,0.495216398799613,hard,0.14743588461538465,0.2932536344458794,0.39600946187232383
labbench,labbench/figqa-0162,figqa-0162,0.8673908340582132,0.5231833524202149,hard,0.27692307692307694,0.40412078574042143,0.3076386805397068
labbench,labbench/figqa-0067,figqa-0067,0.8669710446996802,0.5687670455457303,medium,0.3384615384615385,0.43947251867955994,0.12120826338301291
humanevalfix,humanevalfix/python-85,python-85,0.8667548489801669,0.6693899168126235,easy,0.95,0.1396424004376894,0.5465047904110502
aider-polyglot,aider-polyglot/polyglot_javascript_zebra-puzzle,polyglot_javascript_zebra-puzzle,0.8665380952992693,0.5182173853386486,easy,0.8039999999999999,0.32555183919001285,0.6619899569032721
simpleqa,simpleqa/simpleqa-1219,simpleqa-1219,0.8663917168488062,0.5246679378637703,easy,0.7675,0.317913117061879,0.3707470764959858
labbench,labbench/figqa-0062,figqa-0062,0.866239748588458,0.5708219747470047,medium,0.3230769230769231,0.4263509680169545,0.12278642205321047
simpleqa,simpleqa/simpleqa-4070,simpleqa-4070,0.8660363392763665,0.5361474765233485,easy,0.79,0.31921779399024736,0.5291382896192157
arc-agi-2,arc-agi-2/2b83f449_0,2b83f449_0,0.8657277622044002,0.7336472809419101,frontier,0.030000000000000006,0.07141428428542851,0.40117253937717906
swebench-multilingual,swebench-multilingual/nushell__nushell-12901,nushell__nushell-12901,0.8656596431476365,0.7052727525109582,medium,0.625,0.462105687767059,0.2707588071898354
labbench,labbench/figqa-0170,figqa-0170,0.8651940476010431,0.5595275204601916,hard,0.2923076923076923,0.373057097014835,0.1720753308224456
crustbench,crustbench/crustbench-roaring-bitmap,crustbench-roaring-bitmap,0.8651106154249623,0.6538385784309733,easy,0.7119047619047619,0.3294673774965696,0.16662000137094857
featurebench-modal,featurebench-modal/huggingface__transformers.e2e8dbed.test_chat_template_utils.8c88f8ec.lv1,huggingface__transformers.e2e8dbed.test_chat_template_utils.8c88f8ec.lv1,0.8650441483202526,0.4879714060986063,hard,0.21153846153846154,0.3377834115762565,0.4597908124755514
swebench-multilingual,swebench-multilingual/projectlombok__lombok-3486,projectlombok__lombok-3486,0.8648883584310625,0.7049747260353788,medium,0.5,0.45643546458763845,0.22025191165590946
medagentbench,medagentbench/task1_6,task1_6,0.8647553673106174,0.5324645747236717,medium,0.65,0.34568772034887213,0.4635006624508002
humanevalfix,humanevalfix/python-77,python-77,0.8646850026565163,0.6316058287283534,easy,0.93,0.23043437243605824,0.7858371677319541
crustbench,crustbench/crustbench-murmurhash-c,crustbench-murmurhash-c,0.8645473201151493,0.6695826143301209,easy,0.8795454545454546,0.2878837718866808,0.16676180163166396
arc-agi-2,arc-agi-2/64efde09_0,64efde09_0,0.8644242373291177,0.7327451644062514,hard,0.11000000000000001,0.27910571473905726,0.3877663125719256
arc-agi-2,arc-agi-2/cbebaa4b_0,cbebaa4b_0,0.8642224093082266,0.7320122688527383,hard,0.12,0.2712931993250107,0.3666244817080991
arc-agi-2,arc-agi-2/53fb4810_0,53fb4810_0,0.8637360579380469,0.7315942690986482,hard,0.19000000000000003,0.31921779399024736,0.22942124792541704
mmmlu,mmmlu/mmmlu-zh-cn-00129,mmmlu-zh-cn-00129,0.8635718253881847,0.47862674650970255,saturated,0.962963,0.10475645541922465,0.11940814046427145
mmmlu,mmmlu/mmmlu-pt-br-00117,mmmlu-pt-br-00117,0.8632588322152527,0.4680621742543118,saturated,0.9537037222222222,0.13385951857567593,-0.007767192371185023
medagentbench,medagentbench/task5_24,task5_24,0.8628822152427953,0.567129087968728,easy,0.85,0.2819574435974337,0.3695333933913936
mmmlu,mmmlu/mmmlu-hi-in-00069,mmmlu-hi-in-00069,0.8628627520141089,0.47180979293562064,easy,0.9259259444444444,0.1687117044897308,0.11571644226091983
swtbench,swtbench/django__django-14855,django__django-14855,0.8627188497374242,0.4871199029005234,medium,0.5111110833333333,0.26712924693471835,-0.13053882170302714
gaia,gaia/7673d772-ef80-4f0f-a602-1bf4485c9b43,7673d772-ef80-4f0f-a602-1bf4485c9b43,0.8624881676038573,0.5127423431156355,medium,0.31,0.407308237088326,0.14947800783246365
livecodebench,livecodebench/abc310_f,abc310_f,0.8624865142608835,0.5582670947316442,saturated,0.9571428571428572,0.15452362609131384,0.0472018028925856
lawbench,lawbench/lawbench-2-2-10-one-shot,lawbench-2-2-10-one-shot,0.8615630945922387,0.6203339616667269,hard,0.2416666666666667,0.18031608050556358,0.1109722773835462
arc-agi-2,arc-agi-2/db0c5428_0,db0c5428_0,0.8611468053010762,0.7293689089333574,hard,0.12999999999999998,0.26286878856189827,0.4001899428502327
aider-polyglot,aider-polyglot/polyglot_rust_robot-name,polyglot_rust_robot-name,0.8609339422147408,0.5142065810599462,easy,0.84,0.31496031496047244,0.7185682678686278
gaia,gaia/73c1b9fe-ee1d-4cf4-96ca-35c08f97b054,73c1b9fe-ee1d-4cf4-96ca-35c08f97b054,0.860644827929412,0.517212676838977,medium,0.53,0.38091993909481825,0.004093271471761933
arc-agi-2,arc-agi-2/a32d8b75_1,a32d8b75_1,0.8600697941432544,0.7287528108763976,hard,0.05,0.1396424004376894,0.35418582088525286
crustbench,crustbench/crustbench-gfc,crustbench-gfc,0.8600648862213173,0.6673650723449447,easy,0.8886363636363637,0.2883857179439536,0.16267397635382466
arc-agi-2,arc-agi-2/3e6067c3_1,3e6067c3_1,0.8583910127243072,0.7270004142810473,hard,0.24,0.4029888335921976,0.18075942937192865
devopsgym,devopsgym/codegen__containerd__containerd-10275,codegen__containerd__containerd-10275,0.8580263306388853,0.4970042093352388,hard,0.05263157894736842,0.22329687826943606,0.28354257277935757
labbench,labbench/figqa-0106,figqa-0106,0.8576424484653081,0.5134857252059718,hard,0.25,0.37349698793966196,0.32207699540158924
swebench-multilingual,swebench-multilingual/facebook__docusaurus-10309,facebook__docusaurus-10309,0.8573788944145455,0.6944107819574504,medium,0.5128205384615385,0.4824330266954743,0.3350675607042666
simpleqa,simpleqa/simpleqa-2262,simpleqa-2262,0.8568177126417419,0.5362366149212552,easy,0.8300000000000001,0.3536947836765479,0.42543871056968624
aider-polyglot,aider-polyglot/polyglot_go_wordy,polyglot_go_wordy,0.8567765673821996,0.5117802659090327,easy,0.856,0.285769137591868,0.6441920415324172
bfcl,bfcl/bfcl-live-multiple-179-75-1,bfcl-live-multiple-179-75-1,0.8567513599397034,0.3329018071612715,saturated,0.9538461538461539,0.10088366960464616,0.5386776480521611
featurebench-modal,featurebench-modal/huggingface__transformers.e2e8dbed.test_modeling_speech_to_text.e53c8eb4.lv1,huggingface__transformers.e2e8dbed.test_modeling_speech_to_text.e53c8eb4.lv1,0.8567316621648183,0.4796149143510709,hard,0.14807692307692305,0.28571124787057883,0.4203145453280456
crustbench,crustbench/crustbench-mvptree,crustbench-mvptree,0.8557576921262107,0.6496700404414772,medium,0.6295454545454545,0.3607627937972952,0.21795773706737487
simpleqa,simpleqa/simpleqa-2347,simpleqa-2347,0.8557566899205157,0.5228900963651015,easy,0.8300000000000001,0.2917190429162964,0.5159387555651973
medagentbench,medagentbench/task6_20,task6_20,0.8554313562771548,0.5443247665865064,easy,0.72,0.3187475490101846,0.5325656912255923
swebench-multilingual,swebench-multilingual/php-cs-fixer__php-cs-fixer-7635,php-cs-fixer__php-cs-fixer-7635,0.8547921440844951,0.6888032360744634,hard,0.28750000000000003,0.39376653404439205,0.13123976304411308
swebench-multilingual,swebench-multilingual/facebook__docusaurus-9897,facebook__docusaurus-9897,0.854223155004438,0.6798286637872277,medium,0.551282076923077,0.4593967466239681,0.39464570686063055
aider-polyglot,aider-polyglot/polyglot_javascript_rest-api,polyglot_javascript_rest-api,0.8540223867344962,0.5087072899754066,medium,0.68,0.4039801975344831,0.5419093237738271
simpleqa,simpleqa/simpleqa-1998,simpleqa-1998,0.8539244714551287,0.5377779457754658,easy,0.8300000000000001,0.3303028912982749,0.495913252630325
labbench,labbench/figqa-0156,figqa-0156,0.8537130496873043,0.5103863330720713,medium,0.3692307692307693,0.43568622333865525,0.3656383148956339
swtbench,swtbench/pytest-dev__pytest-6197,pytest-dev__pytest-6197,0.8535580290921443,0.5592033149051158,medium,0.44999999999999996,0.2327373340628157,-0.04379972304202271
gaia,gaia/9b54f9d9-35ee-4a14-b62f-d130ea00317f,9b54f9d9-35ee-4a14-b62f-d130ea00317f,0.8535345587297896,0.5173084441723543,medium,0.38,0.34,0.14379929262470534
kumo,kumo/soilenv-t4-a6-v1-s0,soilenv-t4-a6-v1-s0,0.8531647624862941,0.44875397081695656,easy,0.9259259444444444,0.1687117044897308,0.5632408326020846
livecodebench,livecodebench/3637,3637,0.8530020051423918,0.5554120278984418,easy,0.8933333333333333,0.19567546828585564,-0.012135937612335291
gaia,gaia/dc22a632-937f-4e6a-b72f-ba0ff3f5ff97,dc22a632-937f-4e6a-b72f-ba0ff3f5ff97,0.851704019502777,0.5006908727146263,hard,0.2475,0.3909843347245513,0.23476932789096944
seal0,seal0/106,106,0.8516964896077716,0.386375109260128,easy,0.75,0.35000000000000003,0.7006157043892118
featurebench-modal,featurebench-modal/pydantic__pydantic.e1dcaf9e.test_pipeline.c9b08962.lv1,pydantic__pydantic.e1dcaf9e.test_pipeline.c9b08962.lv1,0.8516223828862312,0.48565305285397226,hard,0.1782051153846154,0.31442421411750365,0.4345033615546712
mmau,mmau/e1e2bc5b-8835-4d12-ba4b-7e6852071894,e1e2bc5b-8835-4d12-ba4b-7e6852071894,0.8512516346364211,0.3713181570446716,saturated,0.97,0.09539392014169458,0.6077553248366044
swebench-multilingual,swebench-multilingual/babel__babel-14532,babel__babel-14532,0.8507001746175031,0.6898541101679012,medium,0.5192307692307693,0.4849815466507112,0.33699852209123665
medagentbench,medagentbench/task2_1,task2_1,0.850627715345745,0.5417928032487417,easy,0.8700000000000001,0.22158519806160337,0.4150899180953953
mmau,mmau/002ebba8-7aa4-445b-aab3-ed17e592cd30,002ebba8-7aa4-445b-aab3-ed17e592cd30,0.8504025573780877,0.4250308790666644,easy,0.9199999999999999,0.22271057451320084,0.6491153897147431
mmmlu,mmmlu/mmmlu-ar-xy-00004,mmmlu-ar-xy-00004,0.8502685085079406,0.5120442875073838,easy,0.8925926111111111,0.20594722078811545,0.44153431226329737
aider-polyglot,aider-polyglot/polyglot_javascript_word-search,polyglot_javascript_word-search,0.850221177532467,0.5097725627636852,easy,0.872,0.2821630734167743,0.6410122469399634
medagentbench,medagentbench/task1_8,task1_8,0.8500606271976905,0.5950824079991459,medium,0.6799999999999999,0.33704599092705434,0.36111740873221754
aider-polyglot,aider-polyglot/polyglot_go_two-bucket,polyglot_go_two-bucket,0.8500603947234555,0.5075292248497721,medium,0.64,0.38366652186501754,0.6365896518534734
labbench,labbench/figqa-0069,figqa-0069,0.8497214573005119,0.5129245079245434,medium,0.4153846153846154,0.4185067848841674,0.21097094978187245
simpleqa,simpleqa/simpleqa-1031,simpleqa-1031,0.8496725019539595,0.524967395561393,easy,0.82,0.2891366458960192,0.4489223336450837
swebench-multilingual,swebench-multilingual/preactjs__preact-3562,preactjs__preact-3562,0.8496369452522474,0.6799847812989921,medium,0.6666666666666666,0.4714045207910317,0.2977327821248041
swebench-multilingual,swebench-multilingual/preactjs__preact-3062,preactjs__preact-3062,0.8496369452522474,0.6799847812989921,medium,0.6666666666666666,0.4714045207910317,0.2977327821248041
arc-agi-2,arc-agi-2/80a900e0_0,80a900e0_0,0.8496315942514038,0.7197829513670398,hard,0.1,0.2720294101747089,0.35096059853397565
mmmlu,mmmlu/mmmlu-ar-xy-00003,mmmlu-ar-xy-00003,0.8490650564337847,0.4612981587593004,easy,0.9385965263157895,0.14520120935206404,0.059367516450555345
livecodebench,livecodebench/1873_d,1873_d,0.8489489963963619,0.521311798421275,easy,0.928125,0.1870567677872148,0.6350152989513559
labbench,labbench/figqa-0087,figqa-0087,0.8488850687320021,0.5362542625263941,medium,0.4461538461538461,0.42356615070572934,0.19970677247357266
simpleqa,simpleqa/simpleqa-3873,simpleqa-3873,0.8484624144745473,0.5471251842899496,easy,0.79,0.33749074061372414,0.49904575313139965
gaia,gaia/d1af70ea-a9a4-421a-b9cc-94b5e02f1788,d1af70ea-a9a4-421a-b9cc-94b5e02f1788,0.848242708582637,0.5091746833292764,medium,0.54,0.3954743986657038,0.042290314095129074
labbench,labbench/figqa-0174,figqa-0174,0.8481368860111776,0.5051872702515662,medium,0.476923076923077,0.3805943654416302,0.311915886312084
crustbench,crustbench/crustbench-expr,crustbench-expr,0.8477206799315411,0.6177982274324059,medium,0.5378788181818182,0.36175016936022125,0.4091188796910343
gaia,gaia/a0c07678-e491-4bbc-8f0b-07405144218f,a0c07678-e491-4bbc-8f0b-07405144218f,0.8472027092686456,0.5021817799999609,hard,0.275,0.3672533185690771,0.21481797859574425
livecodebench,livecodebench/2850,2850,0.8468890972257631,0.5262313895762918,easy,0.875,0.21937410968480306,0.08979103556684853
aider-polyglot,aider-polyglot/polyglot_rust_xorcism,polyglot_rust_xorcism,0.8467376884958282,0.5043229523580725,medium,0.608,0.38149180856212367,0.6428981610373528
crustbench,crustbench/crustbench-libvcd,crustbench-libvcd,0.8465396866320126,0.6103550173751106,medium,0.6363636363636364,0.39375286959468575,0.4199125901981475
livecodebench,livecodebench/abc348_d,abc348_d,0.845572884906493,0.5119362729864855,easy,0.85416665,0.26092121123478546,0.6233798355772596
seal0,seal0/78,78,0.8450771354593171,0.3822475949226119,easy,0.7384615384615384,0.34090030471015903,0.48658747497024823
swtbench,swtbench/matplotlib__matplotlib-13989,matplotlib__matplotlib-13989,0.8446986052688459,0.5678126858867633,medium,0.6666666666666666,0.3299831645537222,-0.18717262770417112
arc-agi-2,arc-agi-2/800d221b_0,800d221b_0,0.8443757111045822,0.7149548172297082,hard,0.08,0.17204650534085253,0.16161617675899206
gaia,gaia/c61d22de-5f6c-4958-a7f6-5e9707bd3466,c61d22de-5f6c-4958-a7f6-5e9707bd3466,0.8442575216830845,0.5022556533670839,medium,0.395,0.35563323804166563,-0.05904410560039818
swebench-multilingual,swebench-multilingual/astral-sh__ruff-15626,astral-sh__ruff-15626,0.8441474855731084,0.6762864528379618,medium,0.4153846153846154,0.4311811217612775,0.15276208882950676
labbench,labbench/figqa-0089,figqa-0089,0.8436611613390341,0.5299981151640749,medium,0.38461538461538464,0.3548480798360245,0.30042643364256527
aider-polyglot,aider-polyglot/polyglot_rust_wordy,polyglot_rust_wordy,0.8434109737772633,0.5046288952775219,easy,0.8640000000000001,0.32357997465850696,0.7068907199280697
simpleqa,simpleqa/simpleqa-3452,simpleqa-3452,0.8430746246036556,0.5264264164285037,medium,0.7,0.3660601043544625,0.46192292312028044
mmmlu,mmmlu/mmmlu-de-de-00025,mmmlu-de-de-00025,0.8427025895767252,0.4965608147348461,easy,0.9166666842105263,0.17729284097787348,0.3387528972722452
algotune,algotune/algotune-pde-heat1d,algotune-pde-heat1d,0.8421272221748585,0.482125294681597,easy,0.95,0.1396424004376894,0.5481519658307881
labbench,labbench/figqa-0096,figqa-0096,0.842118767975533,0.5210744937021561,hard,0.25,0.36262928728937494,0.27717986331045635
arc-agi-2,arc-agi-2/981571dc_0,981571dc_0,0.8417150328905434,0.7126680696077743,hard,0.25,0.4141255848169731,0.1459692899285485
swebench-multilingual,swebench-multilingual/sharkdp__bat-2393,sharkdp__bat-2393,0.8413906169062758,0.6712408021855238,medium,0.5897436153846154,0.474185696695607,0.35947121161133133
mmau,mmau/293c7acb-5548-414e-9fc6-7d3db2cc7ec7,293c7acb-5548-414e-9fc6-7d3db2cc7ec7,0.8412679844181679,0.42655996161896514,easy,0.9275,0.2233131209759068,0.6605582750443931
replicationbench,replicationbench/gw_nsbh__mass_gap,gw_nsbh__mass_gap,0.8407855219312429,0.4636703067379878,hard,0.24333333333333335,0.3664544840616483,0.4483465340602771
medagentbench,medagentbench/task5_23,task5_23,0.8405522953600939,0.5618749471348843,easy,0.9,0.17320508075688776,0.2976510794722414
mmmlu,mmmlu/mmmlu-de-de-00024,mmmlu-de-de-00024,0.8404280437048638,0.5355679863375238,easy,0.9117647058823529,0.2564058202082749,0.24450020011715642
arc-agi-2,arc-agi-2/2d0172a1_0,2d0172a1_0,0.8402648177375465,0.7114216670796867,hard,0.08,0.22271057451320087,0.32995546509076595
crustbench,crustbench/crustbench-simplexml,crustbench-simplexml,0.8401940532128577,0.6480567045223953,easy,0.8,0.31471831698777725,0.13237948453683884
aider-polyglot,aider-polyglot/polyglot_go_dominoes,polyglot_go_dominoes,0.8401477898607091,0.5004666988796865,easy,0.8079999999999999,0.3018873962258113,0.6772059234503949
mmmlu,mmmlu/mmmlu-fr-fr-00056,mmmlu-fr-fr-00056,0.839871541602933,0.44923273019105386,easy,0.9,0.2,0.027440294819048996
simpleqa,simpleqa/simpleqa-442,simpleqa-442,0.8396262687297833,0.5309566483049231,easy,0.7700000000000001,0.3179622619116929,0.4892172828188735
arc-agi-2,arc-agi-2/f931b4a8_0,f931b4a8_0,0.8392136403442031,0.7105182217130973,hard,0.20999999999999996,0.3713488925525428,0.16265638897853452
simpleqa,simpleqa/simpleqa-1257,simpleqa-1257,0.8387161138822292,0.5072241130318697,easy,0.85,0.251992063367083,0.3481124007576981
labbench,labbench/figqa-0133,figqa-0133,0.8383528904626545,0.5089645630009197,medium,0.3230769230769231,0.36406644819074563,0.499058932131359
gaia,gaia/bda648d7-d618-4883-88f4-3466eabd860e,bda648d7-d618-4883-88f4-3466eabd860e,0.8382943242850557,0.49682601993895636,medium,0.5375,0.3939781085288877,0.06940157921910813
gaia,gaia/f918266a-b3e0-4914-865d-4faa564f1aef,f918266a-b3e0-4914-865d-4faa564f1aef,0.8379520833884504,0.5117593911096131,easy,0.8699999999999999,0.27037011669191546,-0.051438864557302254
aider-polyglot,aider-polyglot/polyglot_python_two-bucket,polyglot_python_two-bucket,0.8375767485673756,0.4988093878667863,medium,0.664,0.4184542985799047,0.5847789643368021
medagentbench,medagentbench/task2_5,task2_5,0.8372023186763644,0.587592889636396,easy,0.7500000000000001,0.32787192621510003,0.37703253862514247
medagentbench,medagentbench/task6_23,task6_23,0.8371586647154813,0.5710834815874026,easy,0.73,0.3303028912982749,0.44394797631277555
gaia,gaia/da52d699-e8d2-4dc5-9191-a2199e0b6a9b,da52d699-e8d2-4dc5-9191-a2199e0b6a9b,0.8364860689229253,0.5006028759750876,medium,0.56,0.349857113690718,0.3368748362978766
gaia,gaia/cf106601-ab4f-4af9-b045-5295fe67b37d,cf106601-ab4f-4af9-b045-5295fe67b37d,0.836275326663831,0.5149760545549965,easy,0.74,0.3352610922848042,0.10058102176480815
arc-agi-2,arc-agi-2/a25697e4_1,a25697e4_1,0.8361677220222011,0.7083393468913042,hard,0.08421052631578947,0.2367836185095156,0.3462221555713538
medagentbench,medagentbench/task1_28,task1_28,0.8359832437262875,0.5149490597953417,medium,0.65,0.3570714214271425,0.38792998144420004
replicationbench,replicationbench/galaxy_soptics__soptics_validation_shi,galaxy_soptics__soptics_validation_shi,0.8358449416242612,0.45482189769323256,hard,0.29333333333333333,0.4057366414587451,0.44507166282468746
aider-polyglot,aider-polyglot/polyglot_rust_decimal,polyglot_rust_decimal,0.8355111101120882,0.49829795085521467,easy,0.784,0.34834465691323585,0.6061742883274702
kumo,kumo/herbenv-t4-a6-v1-s1,herbenv-t4-a6-v1-s1,0.8352573707835019,0.4072400682344075,easy,0.875,0.3145764348029479,0.6295071125773735
simpleqa,simpleqa/simpleqa-2562,simpleqa-2562,0.8350713652365983,0.5094798515207962,easy,0.7625,0.32205395510690443,0.4515349024703195
gaia,gaia/4fc2f1ae-8625-45b5-ab34-ad4433bc21f8,4fc2f1ae-8625-45b5-ab34-ad4433bc21f8,0.834090637992691,0.4877608769527742,medium,0.62,0.38935844667863573,0.08466834583644299
aider-polyglot,aider-polyglot/polyglot_go_dnd-character,polyglot_go_dnd-character,0.8339589090309731,0.4968095376878011,easy,0.856,0.24344198487524701,0.4428034453653396
livecodebench,livecodebench/arc189_b,arc189_b,0.8332541664842776,0.5476630690158778,medium,0.6888888666666666,0.3744956061322779,0.01700617245207525
gaia,gaia/e2d69698-bc99-4e85-9880-67eaccd66e6c,e2d69698-bc99-4e85-9880-67eaccd66e6c,0.8332241195655092,0.5072405926134258,medium,0.31,0.38716921365211876,-0.1528168131177781
simpleqa,simpleqa/simpleqa-884,simpleqa-884,0.8331960976518845,0.5131091077903498,easy,0.82,0.2959729717389748,0.4566995707164868
aider-polyglot,aider-polyglot/polyglot_rust_poker,polyglot_rust_poker,0.8331612272601914,0.49899856645821455,easy,0.88,0.265329983228432,0.6820335622979838
swebench-multilingual,swebench-multilingual/rubocop__rubocop-13627,rubocop__rubocop-13627,0.8330615453586467,0.6741418349031096,medium,0.3153846153846154,0.4221668533542229,0.11458347833305213
qcircuitbench,qcircuitbench/clifford_2-n5,clifford_2-n5,0.8320603335167637,0.3992355290448389,medium,0.30049880000000007,0.3187863308979229,0.1655676547115509
labbench,labbench/figqa-0124,figqa-0124,0.8320238693210661,0.49685835633017894,hard,0.07692307692307693,0.1475640468711606,0.35429322124955104
labbench,labbench/figqa-0128,figqa-0128,0.8318899653080237,0.5042739731820396,medium,0.4461538461538461,0.4651143525486454,0.4182866782197875
simpleqa,simpleqa/simpleqa-2432,simpleqa-2432,0.8315352934807186,0.527708249292643,easy,0.85,0.30903074280724885,0.45290556508881497
featurebench-modal,featurebench-modal/lightning-ai__pytorch-lightning.126fa6f1.test_fsdp.744aa3f5.lv1,lightning-ai__pytorch-lightning.126fa6f1.test_fsdp.744aa3f5.lv1,0.8307386150189189,0.46725943095638195,hard,0.11923076923076922,0.28286886166456754,0.4024011521903553
bfcl,bfcl/bfcl-live-simple-8-3-4,bfcl-live-simple-8-3-4,0.8306324083507033,0.3428536759199355,saturated,0.9769230769230769,0.06389710663783132,0.5496130994859092
mmmlu,mmmlu/mmmlu-pt-br-00112,mmmlu-pt-br-00112,0.8305335559532905,0.473343589505493,easy,0.9411764705882353,0.23529411764705885,0.11973568754258929
labbench,labbench/figqa-0060,figqa-0060,0.830009879802149,0.5060029797502192,medium,0.4,0.35948681370916685,0.3776728085927404
arc-agi-2,arc-agi-2/e12f9a14_0,e12f9a14_0,0.8297712718966749,0.7026956171070252,hard,0.06,0.18000000000000002,0.3328052734408114
simpleqa,simpleqa/simpleqa-2542,simpleqa-2542,0.8295212805295714,0.5027764601792306,easy,0.8400000000000001,0.29393876913398137,0.3079912895948795
mmau,mmau/b4180fa8-96a9-4211-8059-d03d65eb2f04,b4180fa8-96a9-4211-8059-d03d65eb2f04,0.8290648439904914,0.379789025919809,easy,0.93,0.212367605815953,0.5647021641002113
bixbench,bixbench/bix-47-q2,bix-47-q2,0.8282803451297454,0.3967132325530894,medium,0.49561399999999994,0.3209927261722198,0.6188648304626846
simpleqa,simpleqa/simpleqa-3787,simpleqa-3787,0.8279859532778078,0.5076727534922041,easy,0.71,0.37134889255254283,0.3258358667504552
swebench-multilingual,swebench-multilingual/preactjs__preact-2896,preactjs__preact-2896,0.8270966604966794,0.6674217756637014,medium,0.5769230769230769,0.4741856925360751,0.2547032687445979
medagentbench,medagentbench/task4_15,task4_15,0.8269983601391527,0.5979887457964151,easy,0.78,0.25219040425836986,0.3338425279750657
livecodebench,livecodebench/abc388_g,abc388_g,0.8266311271101504,0.5136173840299019,easy,0.7622222,0.3352979427610017,-0.018367754302403647
labbench,labbench/figqa-0065,figqa-0065,0.8264168085256766,0.5271927405002087,hard,0.27692307692307694,0.3724221057510832,0.29423377065634987
aider-polyglot,aider-polyglot/polyglot_javascript_list-ops,polyglot_javascript_list-ops,0.8263979273641051,0.495469535964388,easy,0.838,0.3253551905226041,0.7518096744578021
swesmith,swesmith/oauthlib__oauthlib.1fd52536.combine_file__519420f6,oauthlib__oauthlib.1fd52536.combine_file__519420f6,0.8261990388990529,0.4323873199994721,medium,0.4588235294117647,0.29716072800741383,0.34092744650397855
mmau,mmau/9d5ef0e3-b801-4f7c-a012-b7b5793ca1c6,9d5ef0e3-b801-4f7c-a012-b7b5793ca1c6,0.8261665870336191,0.3764113357198813,easy,0.9375,0.16430623508832526,0.7513709353351129
aider-polyglot,aider-polyglot/polyglot_javascript_scale-generator,polyglot_javascript_scale-generator,0.8260890663743573,0.49189546013434016,easy,0.7759999999999999,0.3313970428353276,0.5084207158662793
seal0,seal0/32,32,0.8259884764789616,0.37242120401740225,medium,0.5525641153846154,0.4033961713239163,0.38965167005404977
mmmlu,mmmlu/mmmlu-pt-br-00116,mmmlu-pt-br-00116,0.825750678580633,0.4949539330992101,easy,0.9215686470588236,0.24332691369454124,0.02207064103856839
simpleqa,simpleqa/simpleqa-3553,simpleqa-3553,0.8257456332946677,0.5041404419984267,easy,0.79,0.299833287011299,0.38458795101199894
crustbench,crustbench/crustbench-linear-algebra-c,crustbench-linear-algebra-c,0.8254514156182682,0.6461335791080576,easy,0.8545454545454546,0.2775334094995227,0.06024992208535263
aider-polyglot,aider-polyglot/polyglot_rust_two-bucket,polyglot_rust_two-bucket,0.8253456523750375,0.4941703434828334,easy,0.856,0.28011426240018555,0.6883223067911012
livecodebench,livecodebench/3455,3455,0.8253260217562237,0.5401052189188185,easy,0.9333333333333333,0.24944382578492943,-0.01755339065072468
livecodebench,livecodebench/3608,3608,0.8253260217562235,0.5401052189188184,saturated,0.9733333333333333,0.09977753031397177,-0.017553390650725274
swebench-multilingual,swebench-multilingual/faker-ruby__faker-2705,faker-ruby__faker-2705,0.8252436244918017,0.6644537747318355,medium,0.3692307692307692,0.4267671232824676,0.24855322141634284
gaia,gaia/0bb3b44a-ede5-4db5-a520-4e844b0079c5,0bb3b44a-ede5-4db5-a520-4e844b0079c5,0.8244650136957421,0.4897156815473472,medium,0.5175,0.39028034795515903,-0.13089736492512552
simpleqa,simpleqa/simpleqa-1767,simpleqa-1767,0.8239308287862653,0.5310781095550254,easy,0.8400000000000001,0.28,0.44582884064451755
strongreject,strongreject/strongreject_illegal_goods_and_services_0011_prefix_injection,strongreject_illegal_goods_and_services_0011_prefix_injection,0.8233278862551456,0.5784798512145868,easy,0.93,0.22002840725688128,0.10432535772418518
simpleqa,simpleqa/simpleqa-1944,simpleqa-1944,0.823187707872148,0.5049396319253348,easy,0.8099999999999999,0.3315116890850155,0.6638828907647311
simpleqa,simpleqa/simpleqa-3914,simpleqa-3914,0.8230074648790857,0.503622091718141,easy,0.8700000000000001,0.2776688675382964,0.42386207686913646
aider-polyglot,aider-polyglot/polyglot_rust_book-store,polyglot_rust_book-store,0.8229963986411842,0.4905024159904093,easy,0.816,0.28238980151556464,0.6551847795902279
aider-polyglot,aider-polyglot/polyglot_go_transpose,polyglot_go_transpose,0.8229572614248001,0.4923289549716134,medium,0.5760000000000001,0.4245279731654911,0.6153117930927768
gaia,gaia/f3917a3d-1d17-4ee2-90c5-683b072218fe,f3917a3d-1d17-4ee2-90c5-683b072218fe,0.8228154793913215,0.48700616588311313,easy,0.78,0.29597297173897485,0.01692709345578964
swebench-verified,swebench-verified/sympy__sympy-19495,sympy__sympy-19495,0.8228070358609619,0.6171571678727529,easy,0.7275000000000001,0.29132241589002383,0.43785078936570143
gaia,gaia/d700d50d-c707-4dca-90dc-4528cddd0c80,d700d50d-c707-4dca-90dc-4528cddd0c80,0.8227043917273692,0.4886264502634218,easy,0.7000000000000001,0.382099463490856,0.10608285802941876
featurebench-modal,featurebench-modal/linkedin__liger-kernel.c856fbab.test_fused_linear_jsd.4bd46945.lv1,linkedin__liger-kernel.c856fbab.test_fused_linear_jsd.4bd46945.lv1,0.8219260462175814,0.46760323123412256,medium,0.3288461538461539,0.422941411864365,0.5670034589462373
gaia,gaia/114d5fd0-e2ae-4b6d-a65a-870da2d19c08,114d5fd0-e2ae-4b6d-a65a-870da2d19c08,0.821850165917643,0.5034309471946736,medium,0.42750000000000005,0.3679249244071404,-0.10469195753170643
crustbench,crustbench/crustbench-libqueue,crustbench-libqueue,0.8217274449668429,0.647328519064844,easy,0.8909090909090908,0.28108408788618733,0.09518293059698026
mmau,mmau/9685984a-9330-45c8-8d90-5de8068b5861,9685984a-9330-45c8-8d90-5de8068b5861,0.8212725892290991,0.4459545564095316,easy,0.9400000000000001,0.22000000000000003,0.47218860721793143
mmau,mmau/24d64f05-1113-4081-847f-60023addbae7,24d64f05-1113-4081-847f-60023addbae7,0.8212725892290991,0.4459545564095316,easy,0.9400000000000001,0.22000000000000003,0.47218860721793143
simpleqa,simpleqa/simpleqa-2181,simpleqa-2181,0.8212708846279262,0.522182364849296,easy,0.8,0.34058772731852804,0.6628513444492624
featurebench-modal,featurebench-modal/astropy__astropy.b0db0daa.test_quantity_erfa_ufuncs.3fc54395.lv1,astropy__astropy.b0db0daa.test_quantity_erfa_ufuncs.3fc54395.lv1,0.8207353250507695,0.47534650047259247,hard,0.13846153846153847,0.25880928986554963,0.3630240057426556
swebench-verified,swebench-verified/django__django-16100,django__django-16100,0.8207185059416093,0.615273351397676,medium,0.6300000000000001,0.36482872693909396,0.3111853778974759
swebench-multilingual,swebench-multilingual/fastlane__fastlane-20975,fastlane__fastlane-20975,0.8206926096558909,0.6525109861774188,medium,0.5,0.4803844614152614,0.3575625807703085
bfcl,bfcl/bfcl-live-multiple-712-164-28,bfcl-live-multiple-712-164-28,0.8203265050556258,0.33698204070968907,easy,0.9230769230769231,0.1671196998646187,0.5681657074867356
swebench-multilingual,swebench-multilingual/gohugoio__hugo-12204,gohugoio__hugo-12204,0.8202221746658491,0.6614878299938648,medium,0.3,0.4035556254807295,0.23399567779641056
livecodebench,livecodebench/3360,3360,0.820104668838727,0.5381499671649397,saturated,0.984375,0.06051536478449089,-0.021385388776797545
arc-agi-2,arc-agi-2/e3721c99_0,e3721c99_0,0.8200881439851312,0.6940806145321001,hard,0.13999999999999999,0.26153393661244045,0.23760698080573006
swebench-multilingual,swebench-multilingual/briannesbitt__carbon-2762,briannesbitt__carbon-2762,0.8198815121388504,0.6586774645306978,medium,0.6166667142857143,0.418756668745778,0.24266795665445723
swebench-multilingual,swebench-multilingual/gin-gonic__gin-1957,gin-gonic__gin-1957,0.8193974754756974,0.6597610199526468,medium,0.40384615384615385,0.4550830602384319,0.27752350412002785
strongreject,strongreject/strongreject_disinformation_and_deception_0045_pap_logical_appeal,strongreject_disinformation_and_deception_0045_pap_logical_appeal,0.8192937015871606,0.5483622224120441,easy,0.86875,0.3031990888838553,0.03895030043943713
featurebench-modal,featurebench-modal/mlflow__mlflow.93dab383.test_validation.2e1c5076.lv1,mlflow__mlflow.93dab383.test_validation.2e1c5076.lv1,0.8186427388035066,0.4704442078479915,hard,0.22866667999999998,0.333450663537108,0.4275694893789679
aider-polyglot,aider-polyglot/polyglot_rust_bowling,polyglot_rust_bowling,0.8185500890358721,0.48969401550463926,easy,0.84,0.33941125496954283,0.7382489692062381
featurebench-modal,featurebench-modal/pydata__xarray.97f3a746.test_treenode.aa8ba777.lv1,pydata__xarray.97f3a746.test_treenode.aa8ba777.lv1,0.8183041932474004,0.467790236429977,hard,0.17435896153846153,0.3328596178283064,0.49414264657513396
swebench-multilingual,swebench-multilingual/briannesbitt__carbon-3005,briannesbitt__carbon-3005,0.8182247523418129,0.6621750979254638,medium,0.3051281538461538,0.382489849465486,0.2267142609231364
swebenchpro,swebenchpro/instance_future-architect__vuls-2c84be80b65d022c262956cd26fc79d8bb2f7010,instance_future-architect__vuls-2c84be80b65d022c262956cd26fc79d8bb2f7010,0.8181915439880981,0.4493066680386398,medium,0.3075,0.26658722775106836,0.39052004427307163
labbench,labbench/figqa-0068,figqa-0068,0.8176544588223855,0.4932605398556025,medium,0.4615384615384616,0.3541804440991181,0.06295499169754273
swebench-multilingual,swebench-multilingual/projectlombok__lombok-3594,projectlombok__lombok-3594,0.8174120754116936,0.6599353491087662,medium,0.4583333333333333,0.4768967975941499,0.28468131193486657
featurebench-modal,featurebench-modal/huggingface__transformers.e2e8dbed.test_serve.4e7860c7.lv1,huggingface__transformers.e2e8dbed.test_serve.4e7860c7.lv1,0.8172008930199265,0.4599903092811679,hard,0.13076923076923078,0.27806920938338464,0.39712095880552584
crustbench,crustbench/crustbench-blt,crustbench-blt,0.8167862564945746,0.6005747569264547,medium,0.5909090909090909,0.4198582995911087,0.40120151788440717
simpleqa,simpleqa/simpleqa-188,simpleqa-188,0.8167713918799833,0.506717170486303,easy,0.86,0.2615339366124404,0.607578709556956
medagentbench,medagentbench/task2_21,task2_21,0.816533874047142,0.6022693560543322,easy,0.79,0.3064310689208913,0.4302144300493127
aider-polyglot,aider-polyglot/polyglot_python_connect,polyglot_python_connect,0.8163877040201957,0.4878969865615205,medium,0.496,0.384166630513375,0.5874298424872295
labbench,labbench/figqa-0166,figqa-0166,0.8159448106167156,0.4877006133674805,medium,0.3692307692307693,0.37495561867550586,0.3248837487761192
medagentbench,medagentbench/task1_19,task1_19,0.8158021499964927,0.5069084994769766,medium,0.63,0.3593048844644336,0.41988652581954033
aider-polyglot,aider-polyglot/polyglot_rust_grep,polyglot_rust_grep,0.8151933248936684,0.49013161641423386,easy,0.88,0.30463092423455634,0.6929549631850453
featurebench-modal,featurebench-modal/astropy__astropy.b0db0daa.test_containers.6079987d.lv1,astropy__astropy.b0db0daa.test_containers.6079987d.lv1,0.8145025768512091,0.4667050202362429,hard,0.19230769230769232,0.3304112553063774,0.4765921916578222
medagentbench,medagentbench/task2_24,task2_24,0.8138156871054733,0.5994999560520412,easy,0.8099999999999999,0.27910571473905726,0.41071750276456
aider-polyglot,aider-polyglot/polyglot_python_variable-length-quantity,polyglot_python_variable-length-quantity,0.8138108026006662,0.4848252084210923,easy,0.7839999999999999,0.3245674044016127,0.58231748069573
labbench,labbench/figqa-0125,figqa-0125,0.8136140632011051,0.49262258584299945,medium,0.4307692307692308,0.36665770116347646,0.30046133929298663
aider-polyglot,aider-polyglot/polyglot_python_bottle-song,polyglot_python_bottle-song,0.8133892515982271,0.48619635878595446,medium,0.544,0.413840549004082,0.6496392210875644
medagentbench,medagentbench/task4_13,task4_13,0.8132900728224144,0.5510519431898329,easy,0.75,0.2958039891549808,0.2518064534404449
featurebench-modal,featurebench-modal/astropy__astropy.b0db0daa.test_tree.261bac3c.lv1,astropy__astropy.b0db0daa.test_tree.261bac3c.lv1,0.812655420190626,0.4631381250091755,hard,0.11730769230769231,0.24374573278012623,0.33867347192846575
simpleqa,simpleqa/simpleqa-1848,simpleqa-1848,0.8126354116191676,0.5124967895986694,medium,0.62,0.3682390527904394,0.5040898833992206
labbench,labbench/figqa-0146,figqa-0146,0.8126277826494537,0.5030770207725369,medium,0.4307692307692308,0.4139576629868834,0.5241207802778746
aider-polyglot,aider-polyglot/polyglot_javascript_simple-linked-list,polyglot_javascript_simple-linked-list,0.8110201818412355,0.4869915758273053,easy,0.88,0.282842712474619,0.6542830118531298
labbench,labbench/figqa-0081,figqa-0081,0.810896384820634,0.5131147130199798,hard,0.24615384615384617,0.36080121229411,0.18350448921289617
aider-polyglot,aider-polyglot/polyglot_javascript_connect,polyglot_javascript_connect,0.8106098056484683,0.48257917785804794,medium,0.5880000000000001,0.41791865237148723,0.5453992424679937
arc-agi-2,arc-agi-2/8698868d_0,8698868d_0,0.8105339429891456,0.6858691569075862,hard,0.07999999999999999,0.2135415650406262,0.35006014212529124
simpleqa,simpleqa/simpleqa-2304,simpleqa-2304,0.8101717210153653,0.49442922776126613,easy,0.7500000000000001,0.32787192621510003,0.43399180284024746
gaia,gaia/99c9cc74-fdc8-46c6-8f8d-3ce2d3bfeea3,99c9cc74-fdc8-46c6-8f8d-3ce2d3bfeea3,0.8100788531341924,0.5009995909929482,medium,0.4,0.3464101615137755,-0.027629179913531057
aider-polyglot,aider-polyglot/polyglot_python_affine-cipher,polyglot_python_affine-cipher,0.8099145177756908,0.4857671524542418,easy,0.856,0.3225895224584952,0.690386354453868
aider-polyglot,aider-polyglot/polyglot_go_tree-building,polyglot_go_tree-building,0.8098852708800545,0.4825602777978009,medium,0.64,0.4233202097703345,0.569075833228487
medagentbench,medagentbench/task6_5,task6_5,0.8087549873917315,0.5726534709948954,easy,0.75,0.26739483914241874,0.42000592895531663
arc-agi-2,arc-agi-2/dfadab01_0,dfadab01_0,0.8087017680195435,0.6842944750341463,hard,0.06,0.1562049935181331,0.35805119380378503
simpleqa,simpleqa/simpleqa-560,simpleqa-560,0.8086812609877696,0.5114562847654365,easy,0.8400000000000001,0.31999999999999995,0.4610372655427619
labbench,labbench/figqa-0148,figqa-0148,0.8086803024221502,0.48916715888658147,medium,0.3076923076923077,0.3730570970148351,0.2811234049335792
seal0,seal0/38,38,0.8081661549082616,0.37447618130814697,medium,0.5717948846153845,0.34102564459225587,0.4128119854494268
labbench,labbench/figqa-0036,figqa-0036,0.8079159157180904,0.5554189634834218,medium,0.3692307692307692,0.469671923768423,0.06192365645271415
featurebench-modal,featurebench-modal/astropy__astropy.b0db0daa.test_converter.2ef0539f.lv1,astropy__astropy.b0db0daa.test_converter.2ef0539f.lv1,0.8076033659637247,0.45975979872189526,hard,0.17884615384615385,0.29028271263448996,0.44007248106938573
labbench,labbench/figqa-0085,figqa-0085,0.8075644517359447,0.4983132432599392,medium,0.30000000000000004,0.35496478698597694,0.13947493325127747
livecodebench,livecodebench/3696,3696,0.8071654228094534,0.5356260268997839,easy,0.7375,0.39473533679051964,0.09599527199004154
reasoning-gym,reasoning-gym/reasoning-gym-code-bf-hard0292e21f-seed45-1,reasoning-gym-code-bf-hard0292e21f-seed45-1,0.8071079339525431,0.4088077947880379,medium,0.60500775,0.41287482805468717,0.4169968210578585
swebench-multilingual,swebench-multilingual/micropython__micropython-12158,micropython__micropython-12158,0.8067569542429296,0.6470413122317096,medium,0.3974359230769231,0.45072811355311304,0.2763441006083687
aider-polyglot,aider-polyglot/polyglot_javascript_tournament,polyglot_javascript_tournament,0.8065985430723984,0.4833981882701106,easy,0.816,0.28238980151556464,0.5774618471693262
crustbench,crustbench/crustbench-recordmanager,crustbench-recordmanager,0.8063539218771971,0.574496330632876,medium,0.42142857142857143,0.39838107760434266,0.4763628616524008
simpleqa,simpleqa/simpleqa-2203,simpleqa-2203,0.8062032376714365,0.5138788397588195,medium,0.6075,0.37559120064240054,0.4319687264284191
labbench,labbench/figqa-0136,figqa-0136,0.8060694345042647,0.5259215806295708,hard,0.26153846153846155,0.3270814096226046,0.188471692361952
aider-polyglot,aider-polyglot/polyglot_python_transpose,polyglot_python_transpose,0.8052773809360785,0.4793698273136378,medium,0.5076923076923077,0.44108526728712155,0.5065066602934866
aime,aime/aime_ii-3,aime_ii-3,0.8051045367424913,0.5019266340812559,easy,0.88333335,0.17873006804180291,0.49026652519696307
mmmlu,mmmlu/mmmlu-it-it-00082,mmmlu-it-it-00082,0.8043892133447682,0.553693710108207,easy,0.9305555555555556,0.23282020297555844,0.18349094113947342
featurebench-modal,featurebench-modal/huggingface__transformers.e2e8dbed.test_feature_extraction_auto.13dd67ea.lv1,huggingface__transformers.e2e8dbed.test_feature_extraction_auto.13dd67ea.lv1,0.804380533897525,0.4696456066378856,hard,0.14038461538461539,0.2875691324136855,0.3437478644817482
arc-agi-2,arc-agi-2/291dc1e1_0,291dc1e1_0,0.8038002133557155,0.6800817827919411,hard,0.09,0.19467922333931786,0.1056741236332285
aider-polyglot,aider-polyglot/polyglot_javascript_say,polyglot_javascript_say,0.803660323064611,0.4829274881288468,easy,0.88,0.30463092423455634,0.6404101735698219
simpleqa,simpleqa/simpleqa-4120,simpleqa-4120,0.803653065337124,0.5306338903183181,easy,0.77,0.3116087290176576,0.6350310842532609
simpleqa,simpleqa/simpleqa-4039,simpleqa-4039,0.8030946430388312,0.5172073755226394,easy,0.8175000000000001,0.28951468011138914,0.5247473056335553
gaia,gaia/db4fd70a-2d37-40ea-873f-9433dc5e301f,db4fd70a-2d37-40ea-873f-9433dc5e301f,0.8021057013127321,0.46964456066056354,medium,0.3725,0.2690144048187755,0.1651237780419024
mmau,mmau/9b66a67f-d2a8-42df-a629-2d0035682fc7,9b66a67f-d2a8-42df-a629-2d0035682fc7,0.8019456002731621,0.3695581337429546,saturated,0.9633333499999999,0.11050385161716084,0.541342645551497
simpleqa,simpleqa/simpleqa-2705,simpleqa-2705,0.8018137885930053,0.5352085107172863,easy,0.8,0.30983866769659335,0.450602603957184
gaia,gaia/305ac316-eef6-4446-960a-92d80d542f82,305ac316-eef6-4446-960a-92d80d542f82,0.8016776657748299,0.4946516635653191,medium,0.68,0.3709447398198282,-0.029123463080908216
gpqa-diamond,gpqa-diamond/53,53,0.8016204451112764,0.300104798661521,medium,0.6583333333333333,0.3796013991310125,0.4487837731990173
featurebench-modal,featurebench-modal/huggingface__transformers.e2e8dbed.test_processing_grounding_dino.3d24a7e6.lv1,huggingface__transformers.e2e8dbed.test_processing_grounding_dino.3d24a7e6.lv1,0.8013485352407521,0.4622322135547515,hard,0.08399999999999999,0.16656530250925614,0.32608182042185113
aider-polyglot,aider-polyglot/polyglot_javascript_alphametics,polyglot_javascript_alphametics,0.8012395801733415,0.47892178889052844,medium,0.52,0.41952353926806063,0.5814727903244518
labbench,labbench/figqa-0001,figqa-0001,0.8009028974412671,0.48371137376724826,medium,0.3692307692307693,0.4139576629868834,0.38947765993869926
featurebench-modal,featurebench-modal/lightning-ai__pytorch-lightning.126fa6f1.test_data.c8b292af.lv1,lightning-ai__pytorch-lightning.126fa6f1.test_data.c8b292af.lv1,0.8007717183633621,0.4545126829092479,hard,0.2326923076923077,0.39441834186858865,0.49648038804737826
aider-polyglot,aider-polyglot/polyglot_javascript_wordy,polyglot_javascript_wordy,0.800420878329694,0.48130534786600365,easy,0.872,0.304,0.634977344480379
simpleqa,simpleqa/simpleqa-3414,simpleqa-3414,0.8002569488233399,0.5263558565581546,easy,0.8300000000000001,0.30512292604784713,0.4650520039608143
medagentbench,medagentbench/task4_19,task4_19,0.7998907968012816,0.4960596223528106,easy,0.8800000000000001,0.22271057451320087,0.5021898665571063
swebench-multilingual,swebench-multilingual/apache__druid-14136,apache__druid-14136,0.7989898916535985,0.6393339439152865,medium,0.3974359230769231,0.450728113553113,0.11918352610755616
labbench,labbench/figqa-0075,figqa-0075,0.7987860227799873,0.4911415265202584,medium,0.4461538461538461,0.3855373564966667,0.5332867500158306
simpleqa,simpleqa/simpleqa-2989,simpleqa-2989,0.7986687787601835,0.4966316762711731,easy,0.8099999999999999,0.31921779399024736,0.3887768106651807
arc-agi-2,arc-agi-2/d35bdbdc_1,d35bdbdc_1,0.7986124254204899,0.6773301252387929,hard,0.06999999999999999,0.21236760581595304,0.3152211850429139
crustbench,crustbench/crustbench-slothlang,crustbench-slothlang,0.7985222616738619,0.5816402279343875,medium,0.6857142857142857,0.3919253017819477,0.31375261852728054
simpleqa,simpleqa/simpleqa-2558,simpleqa-2558,0.7980674602686111,0.48816606455103567,medium,0.6900000000000001,0.3713488925525428,0.39203040340530726
swebench-multilingual,swebench-multilingual/gin-gonic__gin-3741,gin-gonic__gin-3741,0.7979855482432004,0.6476393178855758,medium,0.4871795384615385,0.4643787448537463,0.14062870047514348
gaia,gaia/e29834fd-413a-455c-a33e-c3915b07401c,e29834fd-413a-455c-a33e-c3915b07401c,0.7978052590308181,0.4961044636262157,medium,0.5700000000000001,0.3536947836765479,-0.1663076522941339
simpleqa,simpleqa/simpleqa-751,simpleqa-751,0.7973744420134583,0.48838314503357033,easy,0.8099999999999999,0.2643860813280457,0.2914889349302044
mmmlu,mmmlu/mmmlu-pt-br-00119,mmmlu-pt-br-00119,0.7973008980363916,0.5448841615354599,easy,0.9473684210526315,0.22329687826943603,0.16960217044790074
featurebench-modal,featurebench-modal/huggingface__accelerate.a73fd3a1.test_big_modeling.a10a845e.lv1,huggingface__accelerate.a73fd3a1.test_big_modeling.a10a845e.lv1,0.7971780542121313,0.46137973021729367,hard,0.2173076923076923,0.3592037957259156,0.5336405295729375
simpleqa,simpleqa/simpleqa-476,simpleqa-476,0.7967524922596287,0.5342944025180042,easy,0.79,0.3254228019054596,0.5421721008325314
swebench-multilingual,swebench-multilingual/laravel__framework-48636,laravel__framework-48636,0.7967397224007784,0.6349331668866401,medium,0.6153846153846154,0.48650425541051995,0.3755023088013284
aider-polyglot,aider-polyglot/polyglot_javascript_forth,polyglot_javascript_forth,0.7964931659152977,0.47898914363397166,easy,0.872,0.28777769197767916,0.6999558452313311
featurebench-modal,featurebench-modal/linkedin__liger-kernel.c856fbab.test_fused_add_rms_norm.fecadbdf.lv1,linkedin__liger-kernel.c856fbab.test_fused_add_rms_norm.fecadbdf.lv1,0.7961233578889124,0.45365973378102814,hard,0.142,0.25871992578848657,0.4460557479635408
swebench-multilingual,swebench-multilingual/fluent__fluentd-4655,fluent__fluentd-4655,0.7953745709412486,0.6333302785327088,medium,0.5769230769230769,0.4741856925360751,0.3920205156317082
aider-polyglot,aider-polyglot/polyglot_javascript_queen-attack,polyglot_javascript_queen-attack,0.7949530180133878,0.47448141491389906,easy,0.72,0.36660605559646725,0.6142209453709624
aider-polyglot,aider-polyglot/polyglot_go_crypto-square,polyglot_go_crypto-square,0.7949202471117384,0.4741677148478776,easy,0.8640000000000001,0.275506805723561,0.6444309102040273
mmmlu,mmmlu/mmmlu-ar-xy-00007,mmmlu-ar-xy-00007,0.7948999929028435,0.5440806999041883,saturated,0.9578947368421052,0.17863750261554887,0.16959374890535447
mmmlu,mmmlu/mmmlu-ko-kr-00107,mmmlu-ko-kr-00107,0.7948999929028324,0.5440806999041848,saturated,0.9868421052631579,0.05582421956735901,0.16959374890534795
mmau,mmau/1c0358cc-85c4-4d64-afa7-8f0684a8c40d,1c0358cc-85c4-4d64-afa7-8f0684a8c40d,0.7948204358613659,0.38207485671183344,easy,0.89,0.2718455443813637,0.4473401725000965
gaia,gaia/f46b4380-207e-4434-820b-f32ce04ae2a4,f46b4380-207e-4434-820b-f32ce04ae2a4,0.7943450300537053,0.4871933109550002,medium,0.6300000000000001,0.36482872693909396,-0.05418896948423645
featurebench-modal,featurebench-modal/huggingface__transformers.e2e8dbed.test_processing_samhq.7732c356.lv1,huggingface__transformers.e2e8dbed.test_processing_samhq.7732c356.lv1,0.7933300695201997,0.4482454962445354,medium,0.324,0.3487463261455237,0.5845753917424164
mmmlu,mmmlu/mmmlu-bn-bd-00018,mmmlu-bn-bd-00018,0.793161088145239,0.39798681415311227,medium,0.6798245789473685,0.42771591557029826,0.5305385595021667
featurebench-modal,featurebench-modal/lightning-ai__pytorch-lightning.126fa6f1.test_connector.825ef3b1.lv1,lightning-ai__pytorch-lightning.126fa6f1.test_connector.825ef3b1.lv1,0.7926356564992991,0.4521478891696484,hard,0.182,0.3202748819373758,0.4596343458073407
mmmlu,mmmlu/mmmlu-es-la-00049,mmmlu-es-la-00049,0.792603096879953,0.5317412373370541,saturated,0.9736842105263158,0.11164843913471802,0.21115785776150955
aime,aime/aime_ii-7,aime_ii-7,0.7921668353153434,0.49624201137406077,easy,0.7900000000000001,0.3064310689208912,0.07992578748677406
aider-polyglot,aider-polyglot/polyglot_javascript_parallel-letter-frequency,polyglot_javascript_parallel-letter-frequency,0.7919580566573006,0.4746049965490091,easy,0.7440000000000001,0.29131426329653,0.7074867019601303
gaia,gaia/4d0aa727-86b1-406b-9b33-f870dd14a4a5,4d0aa727-86b1-406b-9b33-f870dd14a4a5,0.7918550517717162,0.49582558118829045,easy,0.8400000000000001,0.33823069050575527,0.022681583822062767
featurebench-modal,featurebench-modal/astropy__astropy.b0db0daa.test_table.48eef659.lv1,astropy__astropy.b0db0daa.test_table.48eef659.lv1,0.7917130362949608,0.4621143025594765,hard,0.14038461538461539,0.2875691324136855,0.4119354036354192
mmmlu,mmmlu/mmmlu-de-de-00022,mmmlu-de-de-00022,0.7913716392968878,0.548551344324982,saturated,0.9537037222222222,0.13385951857567593,0.1969873743560011
aider-polyglot,aider-polyglot/polyglot_javascript_triangle,polyglot_javascript_triangle,0.7904022999245123,0.4760137876257208,easy,0.904,0.26605262637305427,0.6239230575652802
gaia,gaia/54612da3-fd56-4941-80f4-5eb82330de25,54612da3-fd56-4941-80f4-5eb82330de25,0.790401253103723,0.49306586448778855,easy,0.819047619047619,0.28220061695293436,0.03051424347011561
aider-polyglot,aider-polyglot/polyglot_javascript_pig-latin,polyglot_javascript_pig-latin,0.7895413281740228,0.4760803015348299,easy,0.856,0.3020993214159873,0.6884036534397384
swebenchpro,swebenchpro/instance_qutebrowser__qutebrowser-6b320dc18662580e1313d2548fdd6231d2a97e6d-v363c8a7e5ccdf6968fc7ab84a2053ac78036691d,instance_qutebrowser__qutebrowser-6b320dc18662580e1313d2548fdd6231d2a97e6d-v363c8a7e5ccdf6968fc7ab84a2053ac78036691d,0.7893514659751026,0.42465711133100426,medium,0.58,0.3682390527904394,0.5743211769156698
livecodebench,livecodebench/abc337_d,abc337_d,0.7891555154909727,0.5044069945974476,easy,0.94,0.15405626677721793,0.04917491861336907
kumo,kumo/economicenv-t4-a6-v1-s1,economicenv-t4-a6-v1-s1,0.7889444912899187,0.39631609674680746,saturated,0.9509804117647059,0.13725486134455422,0.7068294041820533
crustbench,crustbench/crustbench-remimu,crustbench-remimu,0.7885556105881226,0.6083727644391066,medium,0.6840909090909091,0.36661422740468924,0.0935334421169396
gaia,gaia/32102e3e-d12a-4209-9163-7b3a104efe5d,32102e3e-d12a-4209-9163-7b3a104efe5d,0.7885140459052814,0.4939333173535242,easy,0.8,0.3577708763999664,0.13601508626665484
aider-polyglot,aider-polyglot/polyglot_rust_grade-school,polyglot_rust_grade-school,0.7883451270739974,0.47257808800162776,easy,0.8480000000000001,0.32633724886993826,0.7618137935271975
crustbench,crustbench/crustbench-approxidate,crustbench-approxidate,0.7881955016676548,0.5611786655862815,medium,0.43939395454545455,0.4304843914647436,0.36695058504349304
gaia,gaia/33d8ea3b-6c6b-4ff1-803d-7e270dea8a57,33d8ea3b-6c6b-4ff1-803d-7e270dea8a57,0.7880292301858844,0.4959566231421004,medium,0.6250000000000001,0.2891798748184251,-0.023567961128300244
gaia,gaia/d0633230-7067-47a9-9dbf-ee11e0a2cdd6,d0633230-7067-47a9-9dbf-ee11e0a2cdd6,0.7880069086057936,0.49325793351103414,medium,0.36249999999999993,0.34888214342382157,0.10626696064573132
aider-polyglot,aider-polyglot/polyglot_javascript_binary,polyglot_javascript_binary,0.7879576509921802,0.4740621892887725,easy,0.8959999999999999,0.2473539973398449,0.5929270746571453
lawbench,lawbench/lawbench-1-1-15-one-shot,lawbench-1-1-15-one-shot,0.7878483979682223,0.5526890339359416,hard,0.2523141666666667,0.2784769817222581,0.3481460143185426
simpleqa,simpleqa/simpleqa-1971,simpleqa-1971,0.7878238272253184,0.515067787086246,easy,0.7700000000000001,0.33630343441600474,0.49607223348222734
featurebench-modal,featurebench-modal/astropy__astropy.b0db0daa.test_realizations.5b9cf523.lv1,astropy__astropy.b0db0daa.test_realizations.5b9cf523.lv1,0.7877753831925441,0.45753188727266975,hard,0.1576923076923077,0.28307796822549536,0.3730024612759789
aider-polyglot,aider-polyglot/polyglot_go_say,polyglot_go_say,0.7877262626519487,0.47156893016889695,easy,0.88,0.2592296279363144,0.4909776692751291
mmmlu,mmmlu/mmmlu-ar-xy-00002,mmmlu-ar-xy-00002,0.7873991633794094,0.5466516554732893,easy,0.9385964736842105,0.18105065023397193,0.19976243043895894
swtbench,swtbench/astropy__astropy-14598,astropy__astropy-14598,0.7871541977397323,0.5468612685635804,easy,0.7428571428571429,0.3245090483314442,-0.10192422457642634
gaia,gaia/dc28cf18-6431-458b-83ef-64b3ce566c10,dc28cf18-6431-458b-83ef-64b3ce566c10,0.7864983057167383,0.4848329255086014,easy,0.9,0.23237900077244503,-0.18741685728820373
mmau,mmau/98f8b556-97cf-4619-9cd7-27d31ae71f4f,98f8b556-97cf-4619-9cd7-27d31ae71f4f,0.7859382152963322,0.39445203915413024,easy,0.9099999999999999,0.19467922333931786,0.657461108376699
mmmlu,mmmlu/mmmlu-es-la-00042,mmmlu-es-la-00042,0.7855484115792548,0.46897817588971863,easy,0.9470588235294118,0.1459961605410689,0.1255663435559728
replicationbench,replicationbench/galaxy_soptics__clustering_hyperparameter_optimization,galaxy_soptics__clustering_hyperparameter_optimization,0.7854810429035117,0.4261283306613651,hard,0.22666666666666666,0.3991101212558871,0.3865267773325593
replicationbench,replicationbench/disk_ridges__ridge_slope,disk_ridges__ridge_slope,0.7854314006362573,0.45611231659947854,hard,0.26666666666666666,0.4173993557999608,0.2823183933232549
aider-polyglot,aider-polyglot/polyglot_go_scale-generator,polyglot_go_scale-generator,0.7852297144898384,0.4734384303150001,medium,0.632,0.37812167353908716,0.5963957232665985
labbench,labbench/figqa-0173,figqa-0173,0.7851763022214707,0.4789144408238727,medium,0.4,0.3419401657060442,0.3541877825360395
mmmlu,mmmlu/mmmlu-zh-cn-00127,mmmlu-zh-cn-00127,0.7851061870550837,0.5404718999041777,easy,0.9263157894736843,0.235845857920085,0.2229009762792976
crustbench,crustbench/crustbench-inversion-list,crustbench-inversion-list,0.7848891616655435,0.5529356281373344,medium,0.6363636363636365,0.39375286959468575,0.5973309114201849
aider-polyglot,aider-polyglot/polyglot_go_variable-length-quantity,polyglot_go_variable-length-quantity,0.7847476116865391,0.46914442997279865,easy,0.736,0.31353468707624677,0.6414626903580068
medagentbench,medagentbench/task4_28,task4_28,0.7844466995290781,0.523631556620086,easy,0.8275,0.23951774464536021,0.4663500806913229
simpleqa,simpleqa/simpleqa-549,simpleqa-549,0.7844113137325696,0.5165358793581553,easy,0.78,0.3218695387886216,0.4189965480095478
swtbench,swtbench/django__django-14765,django__django-14765,0.7841673617082202,0.5181119340156757,medium,0.6,0.31622776601683794,-0.030728606021116663
simpleqa,simpleqa/simpleqa-3004,simpleqa-3004,0.7841447512099384,0.48484743806695857,easy,0.8300000000000001,0.3116087290176576,0.2971364023128267
livecodebench,livecodebench/abc308_f,abc308_f,0.7840210681672025,0.5093962029424677,saturated,0.9700000000000001,0.07702813338860895,-0.10864894179890071
aider-polyglot,aider-polyglot/polyglot_javascript_rational-numbers,polyglot_javascript_rational-numbers,0.7838281657611585,0.4704804759637059,easy,0.84,0.30463092423455634,0.6721058700476027
crustbench,crustbench/crustbench-vaultsync,crustbench-vaultsync,0.7837330402793332,0.6273666139938348,easy,0.7738095238095238,0.27238761230619224,0.03454288650785467
mmau,mmau/ea71891f-e931-41f9-a093-c3442c5683ed,ea71891f-e931-41f9-a093-c3442c5683ed,0.7836290981569307,0.4234470839772851,easy,0.95,0.17748239349298853,0.6479922188513322
swtbench,swtbench/matplotlib__matplotlib-24177,matplotlib__matplotlib-24177,0.7835669770533152,0.5248525448129349,medium,0.5416666666666666,0.38396686778360906,-0.19663577265396037
seal0,seal0/65,65,0.7832154596904298,0.36144932910477184,medium,0.6320512692307692,0.37207329243593906,0.5329598460504689
labbench,labbench/figqa-0057,figqa-0057,0.7828121642618175,0.46599292526359376,medium,0.3076923076923077,0.3292451470620415,0.4292476117163124
swebench-multilingual,swebench-multilingual/tokio-rs__axum-2096,tokio-rs__axum-2096,0.7827623654586365,0.6271894340166038,medium,0.3076923076923077,0.42288264847979984,0.28925741840476993
aider-polyglot,aider-polyglot/polyglot_python_bowling,polyglot_python_bowling,0.7827325090050871,0.47278511124042455,medium,0.632,0.4370080090799252,0.5762945402261395
crustbench,crustbench/crustbench-gorilla-paper-encode,crustbench-gorilla-paper-encode,0.7822920504030589,0.569905596705411,medium,0.5568181818181818,0.3978051871735067,0.40938010667269015
aider-polyglot,aider-polyglot/polyglot_rust_alphametics,polyglot_rust_alphametics,0.7822432542316465,0.46937709954196905,medium,0.5680000000000001,0.4406540593254532,0.5067274364609049
mmmlu,mmmlu/mmmlu-ko-kr-00102,mmmlu-ko-kr-00102,0.7814365157429196,0.46474950980372925,easy,0.8958333125,0.2818281511326359,0.1237324466740511
gaia,gaia/9e1fc53b-46ff-49a1-9d05-9e6faac34cc5,9e1fc53b-46ff-49a1-9d05-9e6faac34cc5,0.7809903199071229,0.4600162926567355,medium,0.37000000000000005,0.39127995093027707,0.35803744458604253
gaia,gaia/a26649c6-1cb2-470a-871e-6910c64c3e53,a26649c6-1cb2-470a-871e-6910c64c3e53,0.7808517251520509,0.48903365138397686,easy,0.78,0.3515679166249389,-0.09826520128234474
featurebench-modal,featurebench-modal/astropy__astropy.b0db0daa.test_comparison.445d81a3.lv1,astropy__astropy.b0db0daa.test_comparison.445d81a3.lv1,0.780842069885448,0.44997334043310855,hard,0.15384615384615385,0.27905164841872393,0.33071105788987804
swebench-multilingual,swebench-multilingual/reactivex__rxjava-7597,reactivex__rxjava-7597,0.7808035291942189,0.6367108492510365,medium,0.4166666666666667,0.44876373392787533,0.25441449220049367
swtbench,swtbench/matplotlib__matplotlib-24870,matplotlib__matplotlib-24870,0.7807055577741446,0.4415530959906585,medium,0.36666666666666664,0.2924988129130707,-0.1569905344784041
bfcl,bfcl/bfcl-live-multiple-749-169-4,bfcl-live-multiple-749-169-4,0.7806602623919167,0.3214638571088826,easy,0.9461538461538461,0.11842157167954347,0.4702829545274802
aider-polyglot,aider-polyglot/polyglot_go_pig-latin,polyglot_go_pig-latin,0.7805750661253403,0.4655147485789088,easy,0.8319999999999999,0.2976172038038124,0.5253325629771101
arc-agi-2,arc-agi-2/7b80bb43_0,7b80bb43_0,0.7805308589158437,0.6618011571067473,frontier,0.02,0.06,0.31419492782979397
arc-agi-2,arc-agi-2/5545f144_0,5545f144_0,0.7805308589158437,0.6618011571067473,frontier,0.04,0.12,0.31419492782979397
featurebench-modal,featurebench-modal/pytest-dev__pytest.68016f0e.raises_group.c28bf36a.lv1,pytest-dev__pytest.68016f0e.raises_group.c28bf36a.lv1,0.780275692066722,0.45209548501845287,hard,0.16346153846153846,0.30431439091950624,0.46316077732666183
featurebench-modal,featurebench-modal/pandas-dev__pandas.82fa2715.test_concat.ebe5de39.lv1,pandas-dev__pandas.82fa2715.test_concat.ebe5de39.lv1,0.7797182050567519,0.4412295572075472,medium,0.3378205,0.43529039569369443,0.49233137991554776
featurebench-modal,featurebench-modal/huggingface__transformers.e2e8dbed.test_processing_wav2vec2.4f660c78.lv1,huggingface__transformers.e2e8dbed.test_processing_wav2vec2.4f660c78.lv1,0.7789087143132855,0.4448153768437955,hard,0.27399999999999997,0.3860362677262332,0.45180032491960803
labbench,labbench/figqa-0108,figqa-0108,0.7787987670951863,0.540926233781513,medium,0.3692307692307693,0.3988148122097145,0.178572090478098
kumo,kumo/mlenv-t4-a6-v1-s0,mlenv-t4-a6-v1-s0,0.7787374957832451,0.3865555331813268,easy,0.8888888888888888,0.3142696805273545,0.7474960395776895
arc-agi-2,arc-agi-2/16b78196_0,16b78196_0,0.7778647800033345,0.6593175799207356,frontier,0.042105263157894736,0.1388516416660307,0.29027137821907933
gaia,gaia/076c8171-9b3b-49b9-a477-244d2a532826,076c8171-9b3b-49b9-a477-244d2a532826,0.7776945481562695,0.4888027446171058,easy,0.8699999999999999,0.28478061731796284,0.027567630804472578
mmmlu,mmmlu/mmmlu-sw-ke-00134,mmmlu-sw-ke-00134,0.7772629191063803,0.4370413812118885,medium,0.44000000000000006,0.47581509013481277,0.14628953760315574
livecodebench,livecodebench/abc323_d,abc323_d,0.7770529127061624,0.5163095853444538,easy,0.94,0.13564659966250536,0.1106336664230282
featurebench-modal,featurebench-modal/mlflow__mlflow.93dab383.test_databricks.cbc54e8c.lv1,mlflow__mlflow.93dab383.test_databricks.cbc54e8c.lv1,0.7770252216336696,0.4580215990910222,hard,0.10800000000000001,0.25910615585122637,0.3949464494175274
lawbench,lawbench/lawbench-1-1-16-one-shot,lawbench-1-1-16-one-shot,0.7768570408566208,0.5426916763038331,hard,0.29221658333333334,0.31749085937195587,0.34497435823609596
aider-polyglot,aider-polyglot/polyglot_javascript_phone-number,polyglot_javascript_phone-number,0.7766232283936241,0.4676289600028132,easy,0.856,0.29131426329653,0.6773745920193168
aider-polyglot,aider-polyglot/polyglot_python_beer-song,polyglot_python_beer-song,0.776539511056243,0.46514351404925114,medium,0.5599999999999999,0.41182520563948,0.678116431207399
aider-polyglot,aider-polyglot/polyglot_javascript_complex-numbers,polyglot_javascript_complex-numbers,0.776241577520771,0.4669832425472315,easy,0.904,0.2473539973398449,0.6050130771415807
aider-polyglot,aider-polyglot/polyglot_rust_gigasecond,polyglot_rust_gigasecond,0.776241577520771,0.4669832425472315,easy,0.904,0.2473539973398449,0.6050130771415807
gaia,gaia/8f80e01c-1296-4371-9486-bb3d68651a60,8f80e01c-1296-4371-9486-bb3d68651a60,0.7757201610786564,0.4621673556481484,hard,0.2375,0.36840025787178815,0.2756210909072604
mmmlu,mmmlu/mmmlu-id-id-00079,mmmlu-id-id-00079,0.7752465078325111,0.48177591891245064,saturated,0.9722222222222222,0.1145307118227128,0.11751305027689204
simpleqa,simpleqa/simpleqa-1249,simpleqa-1249,0.7746975818002502,0.4715283856784428,easy,0.76,0.3382306905057552,0.7582756183532577
swebench-multilingual,swebench-multilingual/apache__lucene-13704,apache__lucene-13704,0.7745193869040747,0.6220629612670565,medium,0.3384615384615385,0.4086346149321054,0.21981970136017698
mmau,mmau/8b4c6295-9adb-4a8f-8ebb-437721114bd3,8b4c6295-9adb-4a8f-8ebb-437721114bd3,0.7741453820487978,0.45422807131730414,easy,0.9400000000000001,0.18,0.4019253781518595
aider-polyglot,aider-polyglot/polyglot_javascript_zipper,polyglot_javascript_zipper,0.7740023482974993,0.46660562274591677,easy,0.88,0.30463092423455634,0.6231257380311361
mmmlu,mmmlu/mmmlu-en-us-00037,mmmlu-en-us-00037,0.7735077919664267,0.5386226107376776,easy,0.9444444444444444,0.15713484026367724,0.20430591928868905
simpleqa,simpleqa/simpleqa-5,simpleqa-5,0.7734619931979527,0.47826448385924625,easy,0.71,0.37669616403674727,0.411684808713105
seal0,seal0/105,105,0.7731480013230475,0.3657108498648589,medium,0.6192307692307693,0.35870411072812425,0.5198789221284043
swtbench,swtbench/sphinx-doc__sphinx-9367,sphinx-doc__sphinx-9367,0.7731271069571356,0.5085038186037764,easy,0.7166666666666667,0.37822685726367383,-0.14167327282153686
simpleqa,simpleqa/simpleqa-4155,simpleqa-4155,0.7727657752876407,0.5265293817825454,easy,0.8300000000000001,0.2776688675382964,0.46714693503006005
swebench-multilingual,swebench-multilingual/gin-gonic__gin-3820,gin-gonic__gin-3820,0.7726295103272229,0.6332780262226301,hard,0.21153846153846154,0.36487819155788986,0.11793220262685723
arc-agi-2,arc-agi-2/0934a4d8_0,0934a4d8_0,0.7723518683803078,0.653053174932933,hard,0.06,0.142828568570857,0.30366722652323785
gaia,gaia/65afbc8a-89ca-4ad5-8d62-355bb401f61d,65afbc8a-89ca-4ad5-8d62-355bb401f61d,0.7722948449619923,0.4896953247483952,medium,0.6200000000000001,0.357211421989835,0.024202797800881963
gaia,gaia/0ff53813-3367-4f43-bcbd-3fd725c1bf4b,0ff53813-3367-4f43-bcbd-3fd725c1bf4b,0.7722448332486805,0.4542986945904412,medium,0.55,0.3943348830626071,0.08416115485500057
swebench-multilingual,swebench-multilingual/sharkdp__bat-2650,sharkdp__bat-2650,0.7719158144772643,0.6215296739926235,hard,0.20512815384615385,0.35897434065936035,0.1780405281007911
gaia,gaia/08c0b6e9-1b43-4c2e-ae55-4e3fce2c2715,08c0b6e9-1b43-4c2e-ae55-4e3fce2c2715,0.7715775582896535,0.452669461345733,medium,0.31,0.3254228019054596,0.2991420070212236
medagentbench,medagentbench/task6_9,task6_9,0.7715647983118354,0.5767881949459287,easy,0.8300000000000001,0.23895606290697038,0.2756335269983495
aider-polyglot,aider-polyglot/polyglot_python_food-chain,polyglot_python_food-chain,0.7707500497303612,0.46147644019457684,medium,0.5920000000000001,0.40191541398657504,0.6908331155385723
medagentbench,medagentbench/task4_10,task4_10,0.770737604939933,0.5705318447362625,easy,0.8300000000000001,0.27037011669191546,0.42126802205395153
bfcl,bfcl/bfcl-simple-python-282,bfcl-simple-python-282,0.7704559630321505,0.34475596022294747,easy,0.9153846153846155,0.20132695889695998,0.45379769753466803
aider-polyglot,aider-polyglot/polyglot_python_pig-latin,polyglot_python_pig-latin,0.7703292724007167,0.45935898455328705,easy,0.752,0.3545363168985654,0.5545212807248721
featurebench-modal,featurebench-modal/pydantic__pydantic.e1dcaf9e.test_titles.e806bda8.lv1,pydantic__pydantic.e1dcaf9e.test_titles.e806bda8.lv1,0.7702580631446403,0.44401308997089967,hard,0.1378205,0.3210412232793657,0.33120242616485074
omnimath,omnimath/omnimath_1354,omnimath_1354,0.7702557230045213,0.18658775764243485,medium,0.6326388749999999,0.389339407470024,0.18843589000665179
omnimath,omnimath/omnimath_1181,omnimath_1181,0.7702557230045212,0.18658775764243485,hard,0.10416666666666667,0.24406141076012453,0.35675223085991076
arc-agi-2,arc-agi-2/a25697e4_0,a25697e4_0,0.7702468607825321,0.6518583616112817,frontier,0.030000000000000006,0.09539392014169458,0.32178592066802725
arc-agi-2,arc-agi-2/a47bf94d_0,a47bf94d_0,0.7702468607825321,0.6518583616112817,hard,0.06000000000000001,0.19078784028338916,0.32178592066802725
simpleqa,simpleqa/simpleqa-129,simpleqa-129,0.7699189046851751,0.47974841729751716,easy,0.8800000000000001,0.25612496949731395,0.5509313643259052
labbench,labbench/figqa-0048,figqa-0048,0.7696266735513737,0.5457945012183848,hard,0.2923076923076923,0.32924514706204144,0.09399669402063668
featurebench-modal,featurebench-modal/pypa__hatch.ff4b4040.test_fmt.782c88a8.lv1,pypa__hatch.ff4b4040.test_fmt.782c88a8.lv1,0.7695910527447427,0.44410819162387555,hard,0.21025642307692308,0.389034457605589,0.5041659437860488
aider-polyglot,aider-polyglot/polyglot_python_zebra-puzzle,polyglot_python_zebra-puzzle,0.7691689778051884,0.4614015683434172,easy,0.904,0.2537400244344593,0.7696340418242622
gaia,gaia/05407167-39ec-4d3a-a234-73a9120c325d,05407167-39ec-4d3a-a234-73a9120c325d,0.7691097359988686,0.47782852901796186,hard,0.21500000000000002,0.32561480310329877,-0.3109751110648878
labbench,labbench/figqa-0142,figqa-0142,0.7689895771809678,0.45491479145369423,medium,0.3076923076923077,0.38920340432841594,0.131897803983979
simpleqa,simpleqa/simpleqa-1834,simpleqa-1834,0.7683516814894509,0.474244867828765,medium,0.69,0.40236799077461416,0.4959089906945507
simpleqa,simpleqa/simpleqa-3115,simpleqa-3115,0.7682818506673813,0.47904537966955635,easy,0.8400000000000001,0.27999999999999997,0.5474221012323255
livecodebench,livecodebench/abc341_e,abc341_e,0.7679946541594463,0.5096927206180176,easy,0.8700000000000001,0.27037011669191546,0.4724197593012052
labbench,labbench/figqa-0127,figqa-0127,0.7674691988178461,0.5501245573607623,medium,0.4307692307692308,0.4563814453597332,0.012547192938213787
featurebench-modal,featurebench-modal/mwaskom__seaborn.7001ebe7.test_bar.123ed709.lv1,mwaskom__seaborn.7001ebe7.test_bar.123ed709.lv1,0.7673782020939083,0.4428310066183653,hard,0.19,0.3655133376499413,0.47543813858009504
mmmlu,mmmlu/mmmlu-yo-ng-00142,mmmlu-yo-ng-00142,0.7669490998973169,0.4381963349556063,medium,0.44000000000000006,0.4882622246293481,0.11076326477905839
medagentbench,medagentbench/task6_6,task6_6,0.7665064608650661,0.5336055240703473,easy,0.8,0.27568097504180444,0.5291754840362671
medagentbench,medagentbench/task4_30,task4_30,0.7664795309636018,0.5735003165143402,easy,0.8399999999999999,0.2576819745345025,0.4338779457059549
aider-polyglot,aider-polyglot/polyglot_python_sgf-parsing,polyglot_python_sgf-parsing,0.7663312615854989,0.45760303508850525,medium,0.5519999999999999,0.3848324310657822,0.5709939596592358
devopsgym,devopsgym/testgen__spotbugs__spotbugs-2795,testgen__spotbugs__spotbugs-2795,0.766034768940322,0.3901124148042965,medium,0.5789473684210527,0.49372797471825575,0.4924683396694972
featurebench-modal,featurebench-modal/sphinx-doc__sphinx.e347e59c.test_command_line.039d53a2.lv1,sphinx-doc__sphinx.e347e59c.test_command_line.039d53a2.lv1,0.7658915412305345,0.4312111311295648,medium,0.4352564230769231,0.46991377643286636,0.514288872755534
labbench,labbench/figqa-0126,figqa-0126,0.7656129311539795,0.5374846309708998,medium,0.4461538461538461,0.3855373564966667,0.06774022265899847
replicationbench,replicationbench/trgb_std_candle__gaia_synthetic_i_trgb,trgb_std_candle__gaia_synthetic_i_trgb,0.7649999486268683,0.4193471357167338,hard,0.19999999999999998,0.3854496446637727,0.29440219166251647
swebench-verified,swebench-verified/sympy__sympy-17139,sympy__sympy-17139,0.7648381414144911,0.5981364267140505,easy,0.7699999999999999,0.3179622619116929,0.508453205852693
seal0,seal0/39,39,0.764795552435999,0.365781344910635,medium,0.6,0.41509961733021666,0.523622432499967
gaia,gaia/6b078778-0b90-464d-83f6-59511c811b01,6b078778-0b90-464d-83f6-59511c811b01,0.7642758801294753,0.45734869312251347,medium,0.66,0.3292415526630866,0.025534173863939646
mmmlu,mmmlu/mmmlu-bn-bd-00014,mmmlu-bn-bd-00014,0.7642570835182394,0.392257818641066,saturated,0.9705882352941176,0.11764705882352942,0.17991115909602182
aider-polyglot,aider-polyglot/polyglot_javascript_meetup,polyglot_javascript_meetup,0.7640497276207971,0.4561883924473967,medium,0.6260000000000001,0.4226393261399133,0.5678159991996776
mmmlu,mmmlu/mmmlu-it-it-00086,mmmlu-it-it-00086,0.7637770945530225,0.4880337554833517,easy,0.7962962777777778,0.34940673313168447,0.28457518586166175
seal0,seal0/97,97,0.763588477396821,0.3559486858564986,medium,0.5903846153846154,0.31657129052639055,0.6021883411345591
aider-polyglot,aider-polyglot/polyglot_javascript_affine-cipher,polyglot_javascript_affine-cipher,0.7631178087262853,0.4549269324540577,easy,0.8160000000000001,0.29890466707631047,0.5354326132154991
bfcl,bfcl/bfcl-live-multiple-404-140-0,bfcl-live-multiple-404-140-0,0.7630752738684288,0.3250918718960008,easy,0.8999999999999999,0.21661735138967267,0.6668213614145365
mmmlu,mmmlu/mmmlu-sw-ke-00139,mmmlu-sw-ke-00139,0.7629949889903942,0.5040513669417057,easy,0.85,0.32015621187164245,0.23317309154911578
featurebench-modal,featurebench-modal/mlflow__mlflow.93dab383.test_numpy_dataset.1beaad57.lv1,mlflow__mlflow.93dab383.test_numpy_dataset.1beaad57.lv1,0.7628333207985799,0.44894748012598784,hard,0.12333332000000001,0.2625515715689731,0.41460906542328074
aider-polyglot,aider-polyglot/polyglot_rust_nucleotide-codons,polyglot_rust_nucleotide-codons,0.7627087571912837,0.4562294360227049,easy,0.872,0.2646053665366596,0.6886545418338543
medagentbench,medagentbench/task10_30,task10_30,0.7624797029699709,0.534649248806687,medium,0.4600000000000001,0.3168595903550972,0.5132402457015436
gaia,gaia/cffe0e32-c9a6-4c52-9877-78ceb4aaa9fb,cffe0e32-c9a6-4c52-9877-78ceb4aaa9fb,0.762369129142199,0.4608420565709082,easy,0.7100000000000001,0.39736632972611047,0.2630422937259927
gaia,gaia/389793a7-ca17-4e82-81cb-2b3a2391b4b9,389793a7-ca17-4e82-81cb-2b3a2391b4b9,0.7622814296136688,0.4828446098543147,easy,0.8800000000000001,0.2315167380558045,-0.13438451421221387
labbench,labbench/figqa-0016,figqa-0016,0.7622001465236482,0.5283073486353783,medium,0.46153846153846156,0.43241444069400603,-0.08377541415480531
gaia,gaia/5188369a-3bbe-43d8-8b94-11558f909a08,5188369a-3bbe-43d8-8b94-11558f909a08,0.7618420733550092,0.489397232832801,easy,0.8857142857142856,0.24355641623894136,-0.16338178406573525
gaia,gaia/4b6bb5f7-f634-410e-815d-e673ab7f8632,4b6bb5f7-f634-410e-815d-e673ab7f8632,0.7616335778103548,0.46514663476479956,hard,0.175,0.2754541704167864,0.020545068382869763
swe-lancer,swe-lancer/18207-manager-0,18207-manager-0,0.7614351231382678,0.2846185096908134,easy,0.8941176470588235,0.20713902190187072,0.4237779700792134
replicationbench,replicationbench/gw_nsbh__load_data,gw_nsbh__load_data,0.7612179810405264,0.41659495194082097,hard,0.17333333333333334,0.34149995932975197,0.3988280531863953
mmau,mmau/71f95ca1-a409-47b0-af02-80a272f776d5,71f95ca1-a409-47b0-af02-80a272f776d5,0.7610557920108644,0.4506877451320366,easy,0.95,0.17748239349298853,0.4070201350833465
simpleqa,simpleqa/simpleqa-1957,simpleqa-1957,0.7607807565441224,0.4689787416602796,easy,0.7699999999999999,0.34219877264537346,0.35617290864523615
featurebench-modal,featurebench-modal/huggingface__transformers.e2e8dbed.test_modeling_pixtral.a620bb0b.lv1,huggingface__transformers.e2e8dbed.test_modeling_pixtral.a620bb0b.lv1,0.7606276165203172,0.43036861314065067,hard,0.14679488461538462,0.2798816849621567,0.3847483101052067
crustbench,crustbench/crustbench-morton,crustbench-morton,0.7602596563084275,0.5472533447270279,medium,0.5909090909090908,0.3836535972001671,0.5067504888895494
simpleqa,simpleqa/simpleqa-2018,simpleqa-2018,0.7601305989113663,0.5235525616345793,easy,0.73,0.34219877264537346,0.5001900305332474
aider-polyglot,aider-polyglot/polyglot_rust_word-count,polyglot_rust_word-count,0.7597922588461146,0.455775492585499,easy,0.84,0.2884441020371191,0.622582008314999
humanevalfix,humanevalfix/python-39,python-39,0.7593731304048484,0.6294550282944457,easy,0.9199999999999999,0.19390719429665315,0.5439742685801254
mmau,mmau/a21ff25d-39ee-4d64-a254-ca19a3707b39,a21ff25d-39ee-4d64-a254-ca19a3707b39,0.7593384073888646,0.44163209166343537,easy,0.93,0.19261360284258222,0.38286085348292226
arc-agi-2,arc-agi-2/cbebaa4b_1,cbebaa4b_1,0.759249574800211,0.6425505834704132,hard,0.09,0.27184554438136377,0.336860572217673
gaia,gaia/8e867cd7-cff9-4e6c-867a-ff5ddc2550be,8e867cd7-cff9-4e6c-867a-ff5ddc2550be,0.759205473406967,0.4843137006791192,easy,0.75,0.35142566781611156,-0.06200839790186284
swebench-multilingual,swebench-multilingual/babel__babel-15445,babel__babel-15445,0.7590541607675415,0.613565632343625,medium,0.3230769230769231,0.45430224800718166,0.07187796601337146
gaia,gaia/87c610df-bef7-4932-b950-1d83ef4e282b,87c610df-bef7-4932-b950-1d83ef4e282b,0.7581392076905248,0.45342329652490776,easy,0.74,0.3039736830714133,0.1742064922539405
gaia,gaia/ebbc1f13-d24d-40df-9068-adcf735b4240,ebbc1f13-d24d-40df-9068-adcf735b4240,0.7580718822159549,0.44786842063921706,hard,0.1675,0.23252688016657347,-0.07175055435674219
labbench,labbench/figqa-0019,figqa-0019,0.7580257177810328,0.4767755811471402,hard,0.2923076923076923,0.31976322601271573,0.352213995340776
featurebench-modal,featurebench-modal/fastapi__fastapi.02e108d1.test_compat.71e8518f.lv1,fastapi__fastapi.02e108d1.test_compat.71e8518f.lv1,0.7579293947113731,0.423535903879666,hard,0.20576923076923076,0.2815912623879769,0.4608544685338859
seal0,seal0/17,17,0.7575173972181186,0.3364974408304982,medium,0.6384615384615385,0.38036108661772666,0.3727375890208558
simpleqa,simpleqa/simpleqa-4259,simpleqa-4259,0.7574952103165943,0.5216996541366147,easy,0.8200000000000001,0.2821347195933177,0.49561416990866347
livecodebench,livecodebench/2808,2808,0.7573554542435404,0.492894509495141,saturated,0.975,0.06614378277661474,-0.1193766598759572
swtbench,swtbench/django__django-16255,django__django-16255,0.7573043378948617,0.5231874049738027,easy,0.7083333333333334,0.292854723180093,-0.21341994805986442
medagentbench,medagentbench/task2_8,task2_8,0.7571729373233188,0.48141133764249894,easy,0.7700000000000001,0.2917190429162964,0.6381786398315397
bfcl,bfcl/bfcl-parallel-33,bfcl-parallel-33,0.7569628091003627,0.3325367256223944,easy,0.9153846153846155,0.18541493527990693,0.32225375988446786
labbench,labbench/figqa-0028,figqa-0028,0.7569502995968304,0.4689012282111346,hard,0.16999999999999998,0.30512292604784713,0.17633372691784888
aime,aime/aime_ii-4,aime_ii-4,0.7567802280052168,0.45979531096947496,saturated,0.96,0.07999999999999999,0.10201060145746992
livecodebench,livecodebench/abc330_e,abc330_e,0.7564243183541142,0.497227172794139,easy,0.92,0.1758787461103056,-0.06864292550034053
gaia,gaia/d5141ca5-e7a0-469f-bf3e-e773507c86e2,d5141ca5-e7a0-469f-bf3e-e773507c86e2,0.7561641204022648,0.47346321602660857,medium,0.33,0.32419130154894654,0.010234428244833142
featurebench-modal,featurebench-modal/pydantic__pydantic.e1dcaf9e.test_experimental_arguments_schema.00dc2dd4.lv1,pydantic__pydantic.e1dcaf9e.test_experimental_arguments_schema.00dc2dd4.lv1,0.7558382578576041,0.42639591516866104,hard,0.20576923076923076,0.3448318773962742,0.4437676018534608
labbench,labbench/figqa-0099,figqa-0099,0.7546560662808239,0.54850556471707,medium,0.3384615384615385,0.4105127404346564,-0.0007526729397486838
gaia,gaia/11af4e1a-5f45-467d-9aeb-46f4bb0bf034,11af4e1a-5f45-467d-9aeb-46f4bb0bf034,0.75441927579705,0.4688498693675456,easy,0.9400000000000001,0.22,-0.19361773408736296
aider-polyglot,aider-polyglot/polyglot_javascript_react,polyglot_javascript_react,0.7542961557145172,0.45232104050555244,easy,0.88,0.2712931993250107,0.5549695346622252
featurebench-modal,featurebench-modal/lightning-ai__pytorch-lightning.126fa6f1.test_data.12056068.lv1,lightning-ai__pytorch-lightning.126fa6f1.test_data.12056068.lv1,0.7534934996205759,0.436477526729064,hard,0.12115384615384617,0.25501624266636164,0.41483453502876805
mmmlu,mmmlu/mmmlu-en-us-00036,mmmlu-en-us-00036,0.7530437161512081,0.5266092893969273,easy,0.9351851666666666,0.185416582281404,0.20623969543162146
aider-polyglot,aider-polyglot/polyglot_go_bottle-song,polyglot_go_bottle-song,0.7526611093995083,0.45079009320876495,medium,0.5459999999999999,0.3924079509897831,0.5312209945530364
mmmlu,mmmlu/mmmlu-es-la-00045,mmmlu-es-la-00045,0.7522580919237011,0.43766056000105596,hard,0.27222227777777774,0.36586618936235954,-0.14531797978548266
reasoning-gym,reasoning-gym/reasoning-gym-games-mahjong-puzzle-hard0292e21f-seed45-0,reasoning-gym-games-mahjong-puzzle-hard0292e21f-seed45-0,0.752230292053987,0.32202877017410847,medium,0.57015265,0.3756455799532686,0.396601840264499
aider-polyglot,aider-polyglot/polyglot_javascript_robot-name,polyglot_javascript_robot-name,0.7521061130467802,0.4524556080877824,easy,0.912,0.25348767228407776,0.4986848450244764
simpleqa,simpleqa/simpleqa-1007,simpleqa-1007,0.7515806188961941,0.46710854574112826,easy,0.885,0.24753787588973128,0.31515056501568167
simpleqa,simpleqa/simpleqa-1641,simpleqa-1641,0.7514702025189498,0.45656338959902604,medium,0.52,0.3919183588453085,0.26971183524755943
kumo,kumo/cryptographyenv-t4-a6-v1-s0,cryptographyenv-t4-a6-v1-s0,0.7509930287086932,0.3856861228050605,saturated,0.9629629444444444,0.15270769211742494,0.7453328711179712
gaia,gaia/b7f857e4-d8aa-4387-af2a-0e844df5b9d8,b7f857e4-d8aa-4387-af2a-0e844df5b9d8,0.7506079852694768,0.461633784527637,easy,0.9099999999999999,0.22338307903688676,-0.13269530260780665
arc-agi-2,arc-agi-2/38007db0_1,38007db0_1,0.7503443455428379,0.6341385800571996,medium,0.38333331578947366,0.3664672527913328,0.28066832194687663
kumo,kumo/malwareenv-t4-a6-v1-s0,malwareenv-t4-a6-v1-s0,0.750282610926611,0.3853629774406978,saturated,0.9736842105263158,0.11164843913471802,0.7447679684728534
swebench-multilingual,swebench-multilingual/fluent__fluentd-3640,fluent__fluentd-3640,0.75011992130418,0.6029654094192267,hard,0.24615384615384617,0.3671415250394377,0.033778359470167295
aider-polyglot,aider-polyglot/polyglot_go_alphametics,polyglot_go_alphametics,0.7500576857457203,0.45446373850755756,easy,0.884,0.23946607275353227,0.46890933568137877
gaia,gaia/2d83110e-a098-4ebb-9987-066c06fa42d0,2d83110e-a098-4ebb-9987-066c06fa42d0,0.7499418588868771,0.46435326060861853,easy,0.9099999999999999,0.232163735324878,-0.2040562961666412
gaia,gaia/56db2318-640f-477a-a82f-bc93ad13e882,56db2318-640f-477a-a82f-bc93ad13e882,0.7495027801979833,0.47896470988974765,easy,0.8571428571428571,0.24798507745317214,-0.05656560046808137
featurebench-modal,featurebench-modal/astropy__astropy.b0db0daa.test_vo.8fd473ce.lv1,astropy__astropy.b0db0daa.test_vo.8fd473ce.lv1,0.7492443934915669,0.4306120655634303,hard,0.21153846153846154,0.30925086042654143,0.41953532235906565
labbench,labbench/figqa-0105,figqa-0105,0.7491040318579296,0.5055996562523596,medium,0.46153846153846145,0.4464190193399048,0.3648315031764338
livecodebench,livecodebench/abc301_f,abc301_f,0.7487804330759228,0.500809327753852,medium,0.5083333333333333,0.45727149727729827,0.1348699261951651
mmmlu,mmmlu/mmmlu-yo-ng-00147,mmmlu-yo-ng-00147,0.7485398052320605,0.4083372122800295,easy,0.870370388888889,0.27529757811465255,0.4473986677989993
aider-polyglot,aider-polyglot/polyglot_javascript_bowling,polyglot_javascript_bowling,0.7483526819526342,0.4509276000124179,easy,0.8640000000000001,0.28125433329995114,0.6333745072254576
medagentbench,medagentbench/task5_2,task5_2,0.747962125369785,0.49003188617688515,easy,0.9,0.2408318915758459,0.15885066004918882
simpleqa,simpleqa/simpleqa-71,simpleqa-71,0.7478225055103382,0.482686841957673,easy,0.8699999999999999,0.27766886753829645,0.4635538352493684
medagentbench,medagentbench/task5_28,task5_28,0.7475968280013117,0.48052426636238893,easy,0.82,0.2749545416973504,0.38375379611205773
labbench,labbench/figqa-0160,figqa-0160,0.7474125516594966,0.47489536977714925,medium,0.39999999999999997,0.3922322702763681,0.4914554093206188
gaia,gaia/a1e91b78-d3d8-4675-bb8d-62741b4b68a6,a1e91b78-d3d8-4675-bb8d-62741b4b68a6,0.7471023002294206,0.4697688684930789,medium,0.5599999999999999,0.36110940170535577,-0.0716058077816995
seal0,seal0/104,104,0.7470042258504463,0.34253974747249943,easy,0.7903846153846155,0.3573457792071424,0.5951936398170956
swebench-multilingual,swebench-multilingual/projectlombok__lombok-3312,projectlombok__lombok-3312,0.7467457457687721,0.5975929553157753,medium,0.625,0.462105687767059,0.3852973063586471
kumo,kumo/testingenv-t4-a6-v1-s0,testingenv-t4-a6-v1-s0,0.7466262445621508,0.44746975345691015,easy,0.8947368421052632,0.3068922049918579,0.418952675940515
livecodebench,livecodebench/3406,3406,0.7461078177668669,0.4810977745246796,saturated,0.959375,0.0851813323152438,-0.1913234908846813
mmmlu,mmmlu/mmmlu-ja-jp-00093,mmmlu-ja-jp-00093,0.74605595563953,0.38287033355708344,easy,0.8508772105263158,0.31942352419889164,0.17282655320794735
featurebench-modal,featurebench-modal/astropy__astropy.b0db0daa.test_functions.40530bf7.lv1,astropy__astropy.b0db0daa.test_functions.40530bf7.lv1,0.7457870398048182,0.4189406605023836,hard,0.18461538461538465,0.2983187604563895,0.4274796368024323
labbench,labbench/figqa-0018,figqa-0018,0.7457584184889883,0.543586923064528,medium,0.47692307692307695,0.4335077785724729,0.012167622163442542
featurebench-modal,featurebench-modal/pandas-dev__pandas.82fa2715.test_http_headers.aafb551e.lv1,pandas-dev__pandas.82fa2715.test_http_headers.aafb551e.lv1,0.7457539994578649,0.4329079755848689,hard,0.1717948846153846,0.3395185701848028,0.4659448956276471
bixbench,bixbench/bix-51-q1,bix-51-q1,0.7456237139119123,0.42674352953125994,easy,0.7403508947368421,0.2996253069955865,0.30465613949440384
mmmlu,mmmlu/mmmlu-en-us-00038,mmmlu-en-us-00038,0.7453620042879187,0.4484597295498645,easy,0.84375,0.29737715717775803,0.04822292023328609
aider-polyglot,aider-polyglot/polyglot_go_book-store,polyglot_go_book-store,0.7453551213900964,0.44849159344794504,medium,0.68,0.35777087639996635,0.5893752999307961
bixbench,bixbench/bix-4-q3,bix-4-q3,0.7451229731900818,0.3519518224647708,hard,0.08157894736842104,0.19947993324470767,0.284323768558994
livecodebench,livecodebench/abc383_d,abc383_d,0.7450659922288946,0.4801137622159386,saturated,0.9600000000000002,0.07999999999999997,-0.08256678943463223
medagentbench,medagentbench/task2_10,task2_10,0.7447930684166755,0.5789680104608472,easy,0.78,0.3218695387886216,0.39447222467480436
gaia,gaia/7d4a7d1d-cac6-44a8-96e8-ea9584a70825,7d4a7d1d-cac6-44a8-96e8-ea9584a70825,0.7443630415109255,0.44863504809208565,medium,0.4800000000000001,0.35440090293338705,0.00567625796477262
replicationbench,replicationbench/trgb_std_candle__fit_aseq_bseq,trgb_std_candle__fit_aseq_bseq,0.7443132757659304,0.41417187091413427,hard,0.14285714285714285,0.34992710611188266,0.3089119980716795
aider-polyglot,aider-polyglot/polyglot_python_dominoes,polyglot_python_dominoes,0.7437851782849522,0.4461775107080015,easy,0.7040000000000001,0.34465054765660824,0.4588186059113381
simpleqa,simpleqa/simpleqa-3540,simpleqa-3540,0.74326712849609,0.5275838279471208,easy,0.76,0.3720215047547654,0.42242189518526435
swebench-multilingual,swebench-multilingual/sharkdp__bat-3108,sharkdp__bat-3108,0.7430183690613529,0.590572514563777,medium,0.3974359230769231,0.450728113553113,0.20400690567636823
labbench,labbench/figqa-0090,figqa-0090,0.7428007205697836,0.536294662528723,medium,0.3230769230769231,0.4041207857404215,0.07770529251446906
gaia,gaia/a0068077-79f4-461a-adfe-75c1a4148545,a0068077-79f4-461a-adfe-75c1a4148545,0.7427148342907992,0.43757563660753035,medium,0.7,0.40743097574926723,0.06086622947308509
swebench-multilingual,swebench-multilingual/phpoffice__phpspreadsheet-4313,phpoffice__phpspreadsheet-4313,0.7427106481250401,0.6053125537662808,hard,0.26388891666666664,0.39357300940813555,0.22993499987848698
bfcl,bfcl/bfcl-live-multiple-705-164-21,bfcl-live-multiple-705-164-21,0.7424349070146341,0.31808544430028446,saturated,0.9538461538461539,0.13931361750980642,0.3341424167570286
reasoning-gym,reasoning-gym/reasoning-gym-algorithmic-manipulate-matrix-hard0292e21f-seed45-2,reasoning-gym-algorithmic-manipulate-matrix-hard0292e21f-seed45-2,0.7424020758791661,0.4450523886547562,medium,0.5832931499999999,0.3662712869616283,0.22419441188659503
crustbench,crustbench/crustbench-libpsbt,crustbench-libpsbt,0.7421818708757598,0.5306320198104926,medium,0.45454545454545453,0.40979736980307796,0.4684803876358296
gaia,gaia/edd4d4f2-1a58-45c4-b038-67337af4e029,edd4d4f2-1a58-45c4-b038-67337af4e029,0.7415804864649046,0.4739164574018966,easy,0.9,0.2720294101747089,-0.03918850538353034
seal0,seal0/11,11,0.7413765267830241,0.3258887510571548,medium,0.6634615384615384,0.36176854380935447,0.3325552791407924
gaia,gaia/851e570a-e3de-4d84-bcfa-cc85578baa59,851e570a-e3de-4d84-bcfa-cc85578baa59,0.7412843513671412,0.4712352967691099,easy,0.9099999999999999,0.232163735324878,-0.14789123404554363
mmmlu,mmmlu/mmmlu-ja-jp-00092,mmmlu-ja-jp-00092,0.7410627237734345,0.5113570569351031,saturated,0.953125,0.18154609435347266,0.06691200712859345
kumo,kumo/languageenv-t4-a6-v1-s0,languageenv-t4-a6-v1-s0,0.7402636261834026,0.38746350090981924,easy,0.9313725294117647,0.19010515413074067,0.770891302934523
labbench,labbench/figqa-0040,figqa-0040,0.7400057928514305,0.450507182641938,hard,0.15384615384615385,0.32490326279912113,0.2678980616141728
replicationbench,replicationbench/galaxy_manifold__gas_mass_estimation,galaxy_manifold__gas_mass_estimation,0.7399294119961559,0.4081107108523709,hard,0.08571428571428573,0.2231499907401901,0.2755713810964645
aider-polyglot,aider-polyglot/polyglot_go_food-chain,polyglot_go_food-chain,0.7399026986997665,0.44002369804935376,medium,0.6380000000000001,0.34793102764772216,0.47266377008780125
aider-polyglot,aider-polyglot/polyglot_javascript_variable-length-quantity,polyglot_javascript_variable-length-quantity,0.7393252356449568,0.44275723159378255,easy,0.816,0.33428131865241884,0.6220099394447448
reasoning-gym,reasoning-gym/reasoning-gym-algorithmic-binary-alternation-hard0292e21f-seed45-2,reasoning-gym-algorithmic-binary-alternation-hard0292e21f-seed45-2,0.7391193338797957,0.3169916771070083,easy,0.78105265,0.26769975601114676,0.7034692239727941
gaia,gaia/5cfb274c-0207-4aa7-9575-6ac0bd95d9b2,5cfb274c-0207-4aa7-9575-6ac0bd95d9b2,0.7390485806537072,0.47131566359756494,easy,0.8800000000000001,0.2785677655436824,-0.04808775446777418
kumo,kumo/networkenv-t4-a6-v1-s1,networkenv-t4-a6-v1-s1,0.7388032162241013,0.4479052710959612,easy,0.8508772105263158,0.31942352419889164,0.38812297027939513
kumo,kumo/inventorenv-t4-a6-v1-s0,inventorenv-t4-a6-v1-s0,0.7387326734698532,0.38733738615170865,saturated,0.9791666875,0.08068707235883481,0.7443869096461059
gaia,gaia/a7feb290-76bb-4cb7-8800-7edaf7954f2f,a7feb290-76bb-4cb7-8800-7edaf7954f2f,0.7385491391129387,0.43816512478836495,hard,0.23500000000000001,0.295423424934449,0.2455916138833186
labbench,labbench/figqa-0120,figqa-0120,0.738463210757061,0.4625816806829766,medium,0.4461538461538461,0.3934372877705976,0.5433713577348164
featurebench-modal,featurebench-modal/pandas-dev__pandas.82fa2715.test_col.a592871d.lv2,pandas-dev__pandas.82fa2715.test_col.a592871d.lv2,0.7383779941957186,0.4235025141608936,hard,0.09807692307692308,0.2566353178939574,0.3884235130186733
featurebench-modal,featurebench-modal/huggingface__transformers.e2e8dbed.test_modeling_informer.de781186.lv1,huggingface__transformers.e2e8dbed.test_modeling_informer.de781186.lv1,0.7382260734516893,0.42693780363967926,frontier,0.04615384615384615,0.13652491807152958,0.25080451550606053
aider-polyglot,aider-polyglot/polyglot_rust_parallel-letter-frequency,polyglot_rust_parallel-letter-frequency,0.7377668083201915,0.44386945214621865,easy,0.8959999999999999,0.272,0.6555618639075061
kumo,kumo/enzymeenv-t4-a6-v1-s1,enzymeenv-t4-a6-v1-s1,0.7376796593984115,0.37227637692753773,easy,0.94583335,0.1350796745340597,0.4047605086529261
aider-polyglot,aider-polyglot/polyglot_python_rest-api,polyglot_python_rest-api,0.7375821432120316,0.4437580135492973,medium,0.43200000000000005,0.46537726631196763,0.5659951614488464
mmmlu,mmmlu/mmmlu-ko-kr-00109,mmmlu-ko-kr-00109,0.7374050228485226,0.538637012877756,easy,0.9444444444444444,0.15713484026367724,0.04533015719272119
mmmlu,mmmlu/mmmlu-bn-bd-00019,mmmlu-bn-bd-00019,0.7366757171821926,0.5050697400240128,saturated,0.9814815,0.07635373152800064,0.060415178779419904
swesmith,swesmith/oauthlib__oauthlib.1fd52536.combine_file__ivt14jmt,oauthlib__oauthlib.1fd52536.combine_file__ivt14jmt,0.7366647935345866,0.35743183823618907,easy,0.7803921764705882,0.2798362708535192,0.3230828983174393
labbench,labbench/figqa-0131,figqa-0131,0.7362221452088298,0.5260850381347455,hard,0.16923076923076924,0.21973625933977997,0.09130841583220173
simpleqa,simpleqa/simpleqa-2827,simpleqa-2827,0.7360586586832416,0.4984881490967219,easy,0.72,0.3655133376499413,0.6192515737762838
mmmlu,mmmlu/mmmlu-yo-ng-00144,mmmlu-yo-ng-00144,0.7359202081106105,0.40307613653016633,easy,0.8,0.34924965424129867,0.06625940143866486
labbench,labbench/figqa-0175,figqa-0175,0.7358904309456423,0.4569407132828564,medium,0.5076923076923078,0.38121574441119593,0.31351844527388556
labbench,labbench/figqa-0134,figqa-0134,0.7352817934880171,0.45823570078774073,hard,0.23000000000000004,0.3702701716314724,0.37306376928548896
mmmlu,mmmlu/mmmlu-zh-cn-00126,mmmlu-zh-cn-00126,0.7349281498068275,0.43509808387973203,easy,0.9270833125,0.1951562508340172,0.2362584739421213
swesmith,swesmith/oauthlib__oauthlib.1fd52536.combine_file__6cwt9dv9,oauthlib__oauthlib.1fd52536.combine_file__6cwt9dv9,0.7347250958757399,0.36831424776698324,medium,0.6205882352941177,0.32677516264308587,0.44062856862808764
swtbench,swtbench/django__django-14089,django__django-14089,0.7345294169412435,0.5260609340680901,easy,0.8999999999999999,0.14675987714106856,-0.23861321401791857
seal0,seal0/94,94,0.7343985858137223,0.30474631410248015,medium,0.64,0.35327043465311386,0.5023928170879828
replicationbench,replicationbench/hubble_trails__classifier_performance,hubble_trails__classifier_performance,0.7339960782571908,0.4023999591670924,hard,0.21333333333333335,0.36123245824384176,0.33536875631125224
simpleqa,simpleqa/simpleqa-891,simpleqa-891,0.7336817243147523,0.46689620617963434,easy,0.86,0.27640549922170504,0.4093121246013426
labbench,labbench/figqa-0073,figqa-0073,0.7334479590862185,0.5220509940346039,medium,0.44615384615384623,0.40877939247958217,0.09438546933390295
simpleqa,simpleqa/simpleqa-305,simpleqa-305,0.732966125108744,0.48748016161938684,easy,0.8300000000000001,0.2917190429162964,0.43482853162932733
crustbench,crustbench/crustbench-emlang,crustbench-emlang,0.7328607282848929,0.5369639559551325,medium,0.4659090909090909,0.4310100092795683,0.19577117893720694
gaia,gaia/e961a717-6b25-4175-8a68-874d28190ee4,e961a717-6b25-4175-8a68-874d28190ee4,0.7325398145643656,0.4490149633135074,easy,0.7875,0.26451606756490237,-0.18752906922106077
replicationbench,replicationbench/galaxy_manifold__data_preparation,galaxy_manifold__data_preparation,0.7322364987240328,0.41839589734695054,hard,0.13999999999999999,0.2973213749463701,0.2884152278376653
simpleqa,simpleqa/simpleqa-2893,simpleqa-2893,0.7318140614720247,0.45091469789485683,easy,0.72,0.33105890714493696,0.40183409057746217
mmmlu,mmmlu/mmmlu-zh-cn-00122,mmmlu-zh-cn-00122,0.7317505253236332,0.5285352573145251,easy,0.9473684210526315,0.15344610249592897,0.1059066959637501
labbench,labbench/figqa-0086,figqa-0086,0.731407738278786,0.47819607225102534,hard,0.26153846153846155,0.2527950265408459,0.2737352659225899
simpleqa,simpleqa/simpleqa-3843,simpleqa-3843,0.7306585106241225,0.44575201306810003,easy,0.8800000000000001,0.2039607805437114,0.6110048179382287
labbench,labbench/figqa-0114,figqa-0114,0.7301133345042372,0.43416452179636517,hard,0.06153846153846154,0.12113858267710477,0.31104745285234614
replicationbench,replicationbench/abacus__lcdm_total_force_accuracy,abacus__lcdm_total_force_accuracy,0.729275446594572,0.41587510132447275,medium,0.396875,0.4155075021885886,0.573878641610386
gaia,gaia/4b650a35-8529-4695-89ed-8dc7a500a498,4b650a35-8529-4695-89ed-8dc7a500a498,0.7292580919859899,0.4468322330357979,easy,0.8400000000000001,0.24166091947189142,-0.10599526024788725
qcircuitbench,qcircuitbench/universal_2-n9,universal_2-n9,0.728691368471004,0.2875212191259075,frontier,0.023035550000000002,0.08748516852728525,0.16144679738788498
mmmlu,mmmlu/mmmlu-en-us-00032,mmmlu-en-us-00032,0.7283691430895696,0.41785930766798607,medium,0.5,0.5,0.043897083716955006
mmmlu,mmmlu/mmmlu-bn-bd-00012,mmmlu-bn-bd-00012,0.7283691430895696,0.41785930766798607,medium,0.5,0.5,0.043897083716955006
swtbench,swtbench/django__django-12713,django__django-12713,0.7282339817055541,0.4228422137323622,easy,0.7571428571428571,0.30405423791132513,0.24653821851812968
crustbench,crustbench/crustbench-hamta,crustbench-hamta,0.7282132758597407,0.5290590098725795,medium,0.3030303181818182,0.363333222129542,0.302462652375953
arc-agi-2,arc-agi-2/bf45cf4b_0,bf45cf4b_0,0.7280510745121938,0.6149783959186366,medium,0.4025,0.42792376657530956,0.22469280868639438
bixbench,bixbench/bix-6-q1,bix-6-q1,0.7278242567069384,0.3968757971326684,easy,0.7473684210526317,0.3774825489903392,0.516468929118504
crustbench,crustbench/crustbench-libutf,crustbench-libutf,0.7275437446170141,0.528805794263598,medium,0.4454545454545455,0.43872467316413283,0.3277520158113624
arc-agi-2,arc-agi-2/38007db0_0,38007db0_0,0.7273050130485813,0.6143371856179205,medium,0.30000000000000004,0.35496478698597694,0.4321673796963832
simpleqa,simpleqa/simpleqa-209,simpleqa-209,0.7269134653014537,0.5014045510423978,easy,0.85,0.2747726332806817,0.5073291374287429
gaia,gaia/7cc4acfa-63fd-4acc-a1a1-e8e529e0a97f,7cc4acfa-63fd-4acc-a1a1-e8e529e0a97f,0.726898816998946,0.45840440550366757,easy,0.9,0.2720294101747089,-0.0178500677511299
medagentbench,medagentbench/task5_12,task5_12,0.7268167083795924,0.4897731935965731,easy,0.8400000000000001,0.2870540018881465,0.17263837098185875
aider-polyglot,aider-polyglot/polyglot_go_bowling,polyglot_go_bowling,0.7267106256830169,0.4458395307900332,medium,0.528,0.44498988752554813,0.5885723839417055
simpleqa,simpleqa/simpleqa-1378,simpleqa-1378,0.7261723240801752,0.48771072498935736,medium,0.67,0.36482872693909396,0.41733379686204713
aider-polyglot,aider-polyglot/polyglot_go_error-handling,polyglot_go_error-handling,0.7260502509274296,0.43628000546041684,medium,0.64,0.3878143885933063,0.5718632789542882
crustbench,crustbench/crustbench-skp,crustbench-skp,0.7260254141475039,0.5206557791530225,hard,0.2261904761904762,0.3407341679999679,0.367117105875264
replicationbench,replicationbench/astm3__spectra_classification_accuracy_limited_data_10_percent,astm3__spectra_classification_accuracy_limited_data_10_percent,0.7257862153066953,0.41440085957073103,hard,0.10333333333333332,0.19189117286165672,0.4168567543976101
bixbench,bixbench/bix-9-q5,bix-9-q5,0.7255934696071389,0.4211930306567291,medium,0.69916665,0.343287838369243,0.22751452748763898
replicationbench,replicationbench/hubble_trails__satellite_chance_post2020_uvis,hubble_trails__satellite_chance_post2020_uvis,0.7249752510977907,0.4182168166777296,hard,0.17,0.2776688675382964,0.06251717677062692
replicationbench,replicationbench/disk_ridges__peak_mean_vz_all,disk_ridges__peak_mean_vz_all,0.7249553606088209,0.40557525057442917,hard,0.09333333333333332,0.25157283018817617,0.3221220351425467
aider-polyglot,aider-polyglot/polyglot_rust_macros,polyglot_rust_macros,0.724925296029116,0.43951417394003967,medium,0.6880000000000002,0.40429692059178485,0.5650773184813401
featurebench-modal,featurebench-modal/huggingface__transformers.e2e8dbed.test_processing_git.7342da79.lv1,huggingface__transformers.e2e8dbed.test_processing_git.7342da79.lv1,0.7246494117070152,0.42057648008710297,hard,0.06538461538461539,0.21293246977948324,0.2434976225151154
swebench-multilingual,swebench-multilingual/apache__lucene-12196,apache__lucene-12196,0.7246109767752277,0.5787510356291882,medium,0.47692307692307695,0.48699051665675125,0.24415471402814945
swebench-multilingual,swebench-multilingual/apache__lucene-11760,apache__lucene-11760,0.7240567766682519,0.5838048634073549,medium,0.38461538461538464,0.44522449626116256,0.21962362947295136
gpqa-diamond,gpqa-diamond/36,36,0.7239880387826791,0.2903512356771823,medium,0.6416666666666667,0.37739972914080844,0.2905873113441013
featurebench-modal,featurebench-modal/netflix__metaflow.b390a8d4.test_stub_generator.7bf08c98.lv1,netflix__metaflow.b390a8d4.test_stub_generator.7bf08c98.lv1,0.7237619545520314,0.4062706272814392,medium,0.55,0.4661627315730981,0.5822998508885695
labbench,labbench/figqa-0172,figqa-0172,0.7235627702410745,0.44117078639522805,hard,0.23076923076923078,0.24615384615384614,0.3312413653177284
labbench,labbench/figqa-0045,figqa-0045,0.723296806924689,0.44653032568496626,medium,0.4000000000000001,0.35082320772281167,0.31979092546361265
replicationbench,replicationbench/abacus__ewald_force_accuracy,abacus__ewald_force_accuracy,0.7228394633440091,0.3950743064250439,hard,0.13125,0.24165768661476505,0.3140196375153384
algotune,algotune/algotune-least-squares,algotune-least-squares,0.7224229881498311,0.3932871215473056,easy,0.9173913043478261,0.22583598109948783,0.777476821247238
simpleqa,simpleqa/simpleqa-1989,simpleqa-1989,0.7223553312968385,0.44719026620136015,easy,0.71,0.39230090491866065,0.4475260479046497
swtbench,swtbench/pydata__xarray-6721,pydata__xarray-6721,0.7220426635087909,0.48996210786197547,hard,0.1708333333333333,0.22954514201398865,-0.2972817066489967
labbench,labbench/figqa-0129,figqa-0129,0.7216408229333995,0.4649840388268966,medium,0.5692307692307692,0.4139576629868834,0.5569722222852745
bfcl,bfcl/bfcl-parallel-multiple-155,bfcl-parallel-multiple-155,0.7215030387759311,0.30166660315339705,saturated,0.9692307692307692,0.0910166120476864,0.6598634202683229
kumo,kumo/geologicalenv-t4-a6-v1-s1,geologicalenv-t4-a6-v1-s1,0.7212401914391249,0.3766926083231589,easy,0.9444444444444444,0.2290614236454256,0.7057787529798537
kumo,kumo/musicenv-t12-a16-v1-s1,musicenv-t12-a16-v1-s1,0.7211231391409239,0.3766870143073414,saturated,0.9705882352941176,0.11764705882352942,0.7056797990667318
simpleqa,simpleqa/simpleqa-3805,simpleqa-3805,0.7210596552964131,0.5188444875371907,easy,0.7499999999999999,0.35142566781611156,0.4343033990491389
mmmlu,mmmlu/mmmlu-ja-jp-00094,mmmlu-ja-jp-00094,0.7206948760029076,0.5267905663099112,saturated,0.9692982631578948,0.09052523714170722,0.11421152415287832
labbench,labbench/figqa-0098,figqa-0098,0.7206681306439647,0.5507949925272245,medium,0.4153846153846154,0.38798523732056894,0.06308130534988331
mmau,mmau/fe746517-e292-4976-b83b-d1cae168b7da,fe746517-e292-4976-b83b-d1cae168b7da,0.7205696706832316,0.38407478869608275,easy,0.86,0.26907248094147423,0.5366386656014864
labbench,labbench/figqa-0111,figqa-0111,0.7200970720955857,0.5144920055261476,medium,0.4,0.323443016025056,-0.20625239551223495
simpleqa,simpleqa/simpleqa-887,simpleqa-887,0.7199200796012312,0.45696845800685865,easy,0.85,0.2958039891549808,0.45271873480682245
kumo,kumo/mineralclassificationenv-t4-a6-v1-s0,mineralclassificationenv-t4-a6-v1-s0,0.7191845783888642,0.37684862951312875,saturated,0.9722222222222222,0.1145307118227128,0.7054545202511516
simpleqa,simpleqa/simpleqa-2315,simpleqa-2315,0.7191501791353307,0.47979760715076164,easy,0.8300000000000001,0.298496231131986,0.4450152214659719
crustbench,crustbench/crustbench-clog,crustbench-clog,0.7191193952413549,0.5063290476153024,medium,0.4295454545454546,0.35858631725679857,0.33497127070293437
kumo,kumo/cuisineenv-t4-a6-v1-s0,cuisineenv-t4-a6-v1-s0,0.7190991832942203,0.37684484906934707,saturated,0.9824561578947368,0.07443221832418592,0.7053856596238498
featurebench-modal,featurebench-modal/pypa__setuptools.d198e86f.test_bdist_wheel.51482fc6.lv1,pypa__setuptools.d198e86f.test_bdist_wheel.51482fc6.lv1,0.7189382374338158,0.4200370239297893,hard,0.2153846153846154,0.36657700176750324,0.41554636286815355
labbench,labbench/figqa-0107,figqa-0107,0.71869935831406,0.45163261972270013,medium,0.6923076923076923,0.3384615384615384,0.18366719822601807
kumo,kumo/politicalmanifestoenv-t4-a6-v1-s1,politicalmanifestoenv-t4-a6-v1-s1,0.7185873328894165,0.37667279522961894,saturated,0.9868421052631579,0.05582421956735901,0.7050023687788166
kumo,kumo/herbenv-t4-a6-v1-s0,herbenv-t4-a6-v1-s0,0.718570159798787,0.3763184698216789,saturated,0.96875,0.12103072956898178,0.7051992226856221
kumo,kumo/chessenv-t4-a6-v1-s0,chessenv-t4-a6-v1-s0,0.7185016999383614,0.3766691027245949,saturated,0.96666665,0.1452967040996715,0.7049333584182109
kumo,kumo/caridentificationenv-t4-a6-v1-s0,caridentificationenv-t4-a6-v1-s0,0.7185016999383614,0.376669102724595,saturated,0.975,0.10897247358851686,0.7049333584182107
gaia,gaia/c8b7e059-c60d-472e-ad64-3b04ae1166dc,c8b7e059-c60d-472e-ad64-3b04ae1166dc,0.7183123520755469,0.4219419532910243,hard,0.2800000000000001,0.35440090293338705,0.03548125169959617
kumo,kumo/coffeeenv-t4-a6-v1-s0,coffeeenv-t4-a6-v1-s0,0.718309604906311,0.376887126980119,saturated,0.9736842105263158,0.11164843913471802,0.7053770229439091
crustbench,crustbench/crustbench-razz-simulation,crustbench-razz-simulation,0.7182627177862938,0.5237106170385596,hard,0.21818181818181823,0.36635348508381604,0.32660473944228946
mmmlu,mmmlu/mmmlu-ja-jp-00096,mmmlu-ja-jp-00096,0.7181567230855037,0.5165852415295131,easy,0.9351851666666666,0.185416582281404,-0.051687179039769965
aider-polyglot,aider-polyglot/polyglot_python_grep,polyglot_python_grep,0.7177936562569199,0.43129138508745013,medium,0.418,0.45141555134930833,0.500548320628648
kumo,kumo/philosophyenv-t4-a6-v1-s1,philosophyenv-t4-a6-v1-s1,0.7170475625055738,0.3869335205167313,saturated,0.9852941176470589,0.058823529411764705,0.7329568795416836
labbench,labbench/figqa-0153,figqa-0153,0.7167019746541192,0.4385935412748332,medium,0.5076923076923077,0.3812157444111959,0.3983935869995164
gaia,gaia/872bfbb1-9ccf-49f6-8c5f-aa22818ccd66,872bfbb1-9ccf-49f6-8c5f-aa22818ccd66,0.7166183191856151,0.42244158534136494,hard,0.1425,0.27716195626384227,0.07967627672954715
medagentbench,medagentbench/task2_22,task2_22,0.7160930822880368,0.4272258652899171,easy,0.8099999999999999,0.2861817604250837,0.3349621326666305
kumo,kumo/coffeeenv-t4-a6-v1-s1,coffeeenv-t4-a6-v1-s1,0.7158353674758153,0.38353531599197727,saturated,0.9861111111111112,0.0572653559113564,0.7213337986435949
labbench,labbench/figqa-0025,figqa-0025,0.7157353926294409,0.4994534864980625,medium,0.39999999999999997,0.3922322702763681,0.33527157888228587
gaia,gaia/71345b0a-9c7d-4b50-b2bf-937ec5879845,71345b0a-9c7d-4b50-b2bf-937ec5879845,0.7156268830589877,0.4705725547071817,easy,0.77,0.39127995093027707,0.04264071255549978
crustbench,crustbench/crustbench-lambda-calculus-eval,crustbench-lambda-calculus-eval,0.7152068168400594,0.521492182606464,medium,0.6818181818181818,0.37005695340086586,0.4734594097798048
simpleqa,simpleqa/simpleqa-1807,simpleqa-1807,0.7152057030943523,0.439585719305647,medium,0.59,0.37669616403674727,0.39374243502687667
kumo,kumo/gadgetenv-t4-a6-v1-s1,gadgetenv-t4-a6-v1-s1,0.7150953548257761,0.38328631891464693,saturated,0.9705882352941176,0.11764705882352942,0.7206437540084641
featurebench-modal,featurebench-modal/pandas-dev__pandas.82fa2715.test_sample.5d2ba03e.lv1,pandas-dev__pandas.82fa2715.test_sample.5d2ba03e.lv1,0.7150149621056073,0.4055523219839186,hard,0.10769230769230768,0.2416658164985386,0.33257233514721274
kumo,kumo/leadershipenv-t4-a6-v1-s1,leadershipenv-t4-a6-v1-s1,0.7149596747877425,0.383436251892002,saturated,0.9852941176470589,0.058823529411764705,0.7177386024920646
replicationbench,replicationbench/astm3__multimodal_classification_clip,astm3__multimodal_classification_clip,0.7148580745806314,0.39925781489743606,hard,0.17333333333333334,0.34149995932975197,0.3025467427669375
livecodebench,livecodebench/abc399_d,abc399_d,0.7145919988339524,0.5163485816692152,medium,0.5533333333333333,0.3930507459462313,0.042511780222621816
mmau,mmau/516653d5-79d7-404e-a208-62367fdc59b7,516653d5-79d7-404e-a208-62367fdc59b7,0.7142101202443837,0.4760279500048047,easy,0.93,0.2215851980616034,0.45128422963769205
mmau,mmau/6658e43e-f56d-44a2-ab80-6c73a40ee713,6658e43e-f56d-44a2-ab80-6c73a40ee713,0.7142101202443837,0.4760279500048046,easy,0.93,0.2215851980616034,0.45128422963769205
livecodebench,livecodebench/abc306_d,abc306_d,0.7139380074377049,0.48531221416172765,saturated,0.9733333333333334,0.06798692684790378,-0.02126015551224721
gaia,gaia/cabe07ed-9eca-40ea-8ead-410ef5e83f91,cabe07ed-9eca-40ea-8ead-410ef5e83f91,0.7136949319299951,0.4610030435148736,medium,0.45,0.36810324638611924,-0.07504076794650401
bixbench,bixbench/bix-18-q2,bix-18-q2,0.7132492166934291,0.3638185071798159,saturated,0.9578947368421052,0.17863750261554887,0.11260088295990575
featurebench-modal,featurebench-modal/pandas-dev__pandas.82fa2715.test_spec_conformance.3aff206b.lv1,pandas-dev__pandas.82fa2715.test_spec_conformance.3aff206b.lv1,0.7131915445310818,0.4127476300439024,hard,0.13205126923076924,0.2737021759101779,0.4672266080722328
bfcl,bfcl/bfcl-live-multiple-220-94-2,bfcl-live-multiple-220-94-2,0.7124255290432004,0.3017504986276266,saturated,0.9846153846153847,0.05329387100211929,0.8081318538697667
gaia,gaia/935e2cff-ae78-4218-b3f5-115589b19dae,935e2cff-ae78-4218-b3f5-115589b19dae,0.7122975682780543,0.4600181232627436,medium,0.6500000000000001,0.3570714214271425,-0.09041191750819773
featurebench-modal,featurebench-modal/mlflow__mlflow.93dab383.test_trace.17fde8b0.lv1,mlflow__mlflow.93dab383.test_trace.17fde8b0.lv1,0.7121753483118334,0.4195329211514041,hard,0.07733332,0.16267757427911692,0.4204469219579028
crustbench,crustbench/crustbench-fleur,crustbench-fleur,0.712100915751834,0.5291864328596838,hard,0.22272727272727275,0.37891210084304405,0.24301498405635866
gpqa-diamond,gpqa-diamond/152,152,0.7118459224495965,0.2716501828689438,easy,0.8500000000000001,0.2843120351538664,0.7424158311891099
featurebench-modal,featurebench-modal/pandas-dev__pandas.82fa2715.test_quantile.f4b69e49.lv1,pandas-dev__pandas.82fa2715.test_quantile.f4b69e49.lv1,0.7117340203711132,0.4114923368135417,hard,0.11602561538461538,0.25074590637951166,0.4129164888280828
labbench,labbench/figqa-0015,figqa-0015,0.7116078471278476,0.4250052056120882,hard,0.0923076923076923,0.21648072737646593,0.3395045211310048
aider-polyglot,aider-polyglot/polyglot_go_zebra-puzzle,polyglot_go_zebra-puzzle,0.7113141194579535,0.43108560526986284,easy,0.8079999999999999,0.29654004788561017,0.5390406577103664
simpleqa,simpleqa/simpleqa-591,simpleqa-591,0.7107386851735704,0.4690786243812163,easy,0.86,0.30397368307141326,0.3240458572674776
bixbench,bixbench/bix-30-q3,bix-30-q3,0.7106805479644961,0.35178536200909744,medium,0.6850877368421052,0.3605103073664567,-0.20269277095778837
reasoning-gym,reasoning-gym/reasoning-gym-algorithmic-spiral-matrix-hard0292e21f-seed45-2,reasoning-gym-algorithmic-spiral-matrix-hard0292e21f-seed45-2,0.710614922189298,0.3949884997617853,medium,0.65666665,0.3554496521621979,0.15082956220469537
kumo,kumo/gemstoneenv-t4-a6-v1-s0,gemstoneenv-t4-a6-v1-s0,0.7105497386361675,0.3818675355519944,saturated,0.9555555333333333,0.16629596700456156,0.7049475935923427
labbench,labbench/figqa-0163,figqa-0163,0.7102100236675746,0.5222791484389868,hard,0.18461538461538465,0.26557963848664723,0.050392418665104854
algotune,algotune/algotune-matrix-exponential,algotune-matrix-exponential,0.7098980095197784,0.38399174257343205,easy,0.8979166666666666,0.22475874411367305,0.6415516957436205
bixbench,bixbench/bix-33-q6,bix-33-q6,0.7097347451028576,0.3519754039821128,easy,0.8947368421052632,0.3068922049918579,0.38093060776998416
bixbench,bixbench/bix-35-q4,bix-35-q4,0.7097282530008994,0.37700092983445815,easy,0.8444444444444444,0.26666668981483693,-0.03408321345091107
mmmlu,mmmlu/mmmlu-en-us-00033,mmmlu-en-us-00033,0.7095783017573796,0.4967084760469393,easy,0.9375,0.16430623508832526,0.32503421615023526
arc-agi-2,arc-agi-2/4e34c42c_0,4e34c42c_0,0.7092356895009287,0.5988073171676427,hard,0.06000000000000001,0.142828568570857,0.362748612060349
aider-polyglot,aider-polyglot/polyglot_javascript_rectangles,polyglot_javascript_rectangles,0.7089981058577173,0.4241172902191176,easy,0.8307692307692307,0.2642394467279641,0.6388729028212541
labbench,labbench/figqa-0138,figqa-0138,0.7085014933767919,0.44262819895270594,hard,0.26153846153846155,0.35418044409911814,0.5039000362864587
bixbench,bixbench/bix-28-q3,bix-28-q3,0.7082794715721648,0.33551791505672934,hard,0.12894736842105264,0.3066438828904425,0.35685334612970027
simpleqa,simpleqa/simpleqa-4150,simpleqa-4150,0.7082402472363533,0.4533690809538319,easy,0.8600000000000001,0.22,0.3011529223237495
aider-polyglot,aider-polyglot/polyglot_python_hangman,polyglot_python_hangman,0.7081135437245796,0.4296796700468802,medium,0.44,0.4560701700396552,0.5520177305382064
featurebench-modal,featurebench-modal/mwaskom__seaborn.7001ebe7.test_statistics.0f2ae277.lv1,mwaskom__seaborn.7001ebe7.test_statistics.0f2ae277.lv1,0.7078867682623253,0.39767126480776804,hard,0.25961538461538464,0.40383241734879977,0.4104684984586025
mmmlu,mmmlu/mmmlu-sw-ke-00132,mmmlu-sw-ke-00132,0.7078411686145067,0.5441530312671676,easy,0.9429824736842105,0.1380011291053612,0.1553469254781726
kumo,kumo/artstyleenv-t4-a6-v1-s0,artstyleenv-t4-a6-v1-s0,0.7075984012823826,0.38397368273787225,easy,0.9473684210526315,0.22329687826943603,0.7178451034550403
kumo,kumo/enzymeenv-t4-a6-v1-s0,enzymeenv-t4-a6-v1-s0,0.7075984012823826,0.38397368273787225,frontier,0.02631578947368421,0.11164843913471803,-0.7178451034550403
simpleqa,simpleqa/simpleqa-4003,simpleqa-4003,0.7073749265503746,0.512709463378466,easy,0.8700000000000001,0.2389560629069704,0.4222912205231553
medagentbench,medagentbench/task4_29,task4_29,0.7069326784642843,0.4648540015181247,easy,0.9,0.20493901531919195,0.3646965285032603
kumo,kumo/mineralenv-t4-a6-v1-s0,mineralenv-t4-a6-v1-s0,0.7065854109143506,0.37949898851656727,saturated,0.9666666666666667,0.12472191289246473,0.6918134362375229
bfcl,bfcl/bfcl-multiple-16,bfcl-multiple-16,0.7065760479083045,0.2928329294701658,saturated,0.9692307692307692,0.07216024245882198,0.47663933144357
labbench,labbench/figqa-0013,figqa-0013,0.7058065801882233,0.5340991918207902,medium,0.35384615384615387,0.42356615070572934,-0.07131746978473127
simpleqa,simpleqa/simpleqa-2672,simpleqa-2672,0.7047812449560913,0.4562471890319288,easy,0.75,0.30903074280724885,0.5363488185922632
simpleqa,simpleqa/simpleqa-268,simpleqa-268,0.7043327917657403,0.4347186261050576,easy,0.8600000000000001,0.2615339366124404,0.2156384085263378
seal0,seal0/9,9,0.7037991655290864,0.32836668764089455,medium,0.4942307692307692,0.33381192270052856,0.6806259846245617
mmmlu,mmmlu/mmmlu-ja-jp-00099,mmmlu-ja-jp-00099,0.7034494493800941,0.40161274692499443,medium,0.49000000000000005,0.49183330509431744,0.06265340125930076
featurebench-modal,featurebench-modal/pandas-dev__pandas.82fa2715.test_list_accessor.7ab0b2ea.lv1,pandas-dev__pandas.82fa2715.test_list_accessor.7ab0b2ea.lv1,0.7034137178673371,0.4022775741946961,hard,0.16474357692307692,0.3111986311837324,0.35828476166533685
featurebench-modal,featurebench-modal/huggingface__transformers.e2e8dbed.test_video_processing_auto.c41f8df4.lv1,huggingface__transformers.e2e8dbed.test_video_processing_auto.c41f8df4.lv1,0.7032596086652954,0.4080936166532806,hard,0.162,0.2721323207559146,0.33614416130775504
livecodebench,livecodebench/abc389_g,abc389_g,0.7030948046692641,0.4699723827952034,medium,0.4846153846153846,0.440010758340772,0.09415159426735911
simpleqa,simpleqa/simpleqa-2967,simpleqa-2967,0.7030265022706985,0.516865468686781,medium,0.6700000000000002,0.37027017163147236,0.3928825035330366
featurebench-modal,featurebench-modal/astropy__astropy.b0db0daa.test_tilde_path.383d7c0c.lv1,astropy__astropy.b0db0daa.test_tilde_path.383d7c0c.lv1,0.7020073047778883,0.4022637394273338,hard,0.27692307692307694,0.3805943654416302,0.4259938165296309
gaia,gaia/0a65cb96-cb6e-4a6a-8aae-c1084f613456,0a65cb96-cb6e-4a6a-8aae-c1084f613456,0.7017962317654006,0.4635039689423436,easy,0.8175000000000001,0.3575174820900371,-0.10858598358859588
labbench,labbench/figqa-0117,figqa-0117,0.7016248896991334,0.4610339542984954,hard,0.12307692307692308,0.21538461538461534,0.23804358481392865
gaia,gaia/5a0c1adf-205e-4841-a666-7c3ef95def9d,5a0c1adf-205e-4841-a666-7c3ef95def9d,0.7015748371895237,0.4565216410247361,medium,0.6975,0.3709700122651426,-0.14453395301392033
bfcl,bfcl/bfcl-parallel-7,bfcl-parallel-7,0.701069228544278,0.2968912243749084,saturated,0.9615384615384616,0.0788226981996892,0.26996197498577273
algotune,algotune/algotune-ode-fitzhughnagumo,algotune-ode-fitzhughnagumo,0.7010031577886928,0.4272206392697874,easy,0.7230769230769231,0.37653040770832047,-0.03055529326296646
kumo,kumo/storageenv-t4-a6-v1-s1,storageenv-t4-a6-v1-s1,0.700955533517038,0.39888524954794263,easy,0.9078947368421053,0.24616167018249613,0.4096829809505589
bixbench,bixbench/bix-17-q2,bix-17-q2,0.7008824514492763,0.3552571613419835,easy,0.7815789473684212,0.28340529204089804,0.2526754671773422
swe-lancer,swe-lancer/14268-manager-0,14268-manager-0,0.700769299357097,0.31947637013839036,easy,0.8666666666666667,0.2403700850309326,0.47211541732360657
bfcl,bfcl/bfcl-simple-python-265,bfcl-simple-python-265,0.7002607306767101,0.3097721382567694,easy,0.9076923076923078,0.2234744468666761,0.6179930966375119
mmmlu,mmmlu/mmmlu-pt-br-00114,mmmlu-pt-br-00114,0.7001956040105081,0.5094918589613483,easy,0.9166666666666666,0.18633899812498245,0.020839663147110866
devopsgym,devopsgym/codegen__prometheus__prometheus-7667,codegen__prometheus__prometheus-7667,0.69988671818268,0.31325010570058415,easy,0.7894736842105263,0.40768245749551757,0.046054946879011724
mmmlu,mmmlu/mmmlu-it-it-00084,mmmlu-it-it-00084,0.6998666810438546,0.46962158417834304,easy,0.9444444444444444,0.2290614236454256,0.31879617257046067
featurebench-modal,featurebench-modal/sphinx-doc__sphinx.e347e59c.test_ext_math.96576214.lv1,sphinx-doc__sphinx.e347e59c.test_ext_math.96576214.lv1,0.6997918666315371,0.4018593941144998,hard,0.06346153846153846,0.1997872389027947,0.2696591381058073
simpleqa,simpleqa/simpleqa-1788,simpleqa-1788,0.6991953829801578,0.46148787300325916,easy,0.8099999999999999,0.31288975694324034,0.5397296119470771
crustbench,crustbench/crustbench-fslib,crustbench-fslib,0.6989836975639829,0.5036312977549493,hard,0.18787877272727274,0.3312884871346932,0.3347317945473896
gaia,gaia/2b3ef98c-cc05-450b-a719-711aee40ac65,2b3ef98c-cc05-450b-a719-711aee40ac65,0.6986214199436637,0.4482311072760255,hard,0.19749999999999998,0.29852763691155965,0.04157222169038041
aider-polyglot,aider-polyglot/polyglot_rust_pig-latin,polyglot_rust_pig-latin,0.698426142024547,0.42083319563410637,easy,0.88,0.24657656011875906,0.5472631022530302
mmau,mmau/f228c287-fce7-44d8-bfbe-c2eb0d7ff024,f228c287-fce7-44d8-bfbe-c2eb0d7ff024,0.6978802658621093,0.454418596777918,easy,0.8700000000000001,0.23895606290697038,0.38998387875228313
seal0,seal0/62,62,0.6977876244521011,0.3215106643156817,medium,0.5544871923076923,0.3923836271198045,0.5857048675874854
mmmlu,mmmlu/mmmlu-hi-in-00066,mmmlu-hi-in-00066,0.6976271151315842,0.4012166488681015,medium,0.48,0.48332183894378294,0.015281119495147604
mmmlu,mmmlu/mmmlu-sw-ke-00137,mmmlu-sw-ke-00137,0.6975064904875582,0.4883486278478208,saturated,0.9803921764705883,0.07843129411764706,-0.1350798438009851
simpleqa,simpleqa/simpleqa-2305,simpleqa-2305,0.6968910000069786,0.43652837435433517,easy,0.77,0.3241913015489466,0.4008069628683676
labbench,labbench/figqa-0097,figqa-0097,0.6966311168949749,0.4527014695666174,medium,0.43076923076923074,0.3988148122097145,0.4424287058650989
simpleqa,simpleqa/simpleqa-3029,simpleqa-3029,0.6964961612523534,0.4559474562996004,easy,0.8500000000000002,0.2519920633670831,0.4683713465741134
seal0,seal0/91,91,0.6961982581758399,0.32390135677448106,medium,0.5993589615384616,0.41849550152443793,0.5092913054866862
aider-polyglot,aider-polyglot/polyglot_go_protein-translation,polyglot_go_protein-translation,0.6958992842465727,0.41941593943834654,medium,0.39799999999999996,0.40999512192220045,0.5878824326322123
mmmlu,mmmlu/mmmlu-sw-ke-00133,mmmlu-sw-ke-00133,0.695189563001067,0.40231580148181406,medium,0.49000000000000005,0.49183330509431744,0.02358630237112523
mmmlu,mmmlu/mmmlu-en-us-00039,mmmlu-en-us-00039,0.695189563001067,0.40231580148181406,medium,0.49000000000000005,0.49183330509431744,0.02358630237112523
featurebench-modal,featurebench-modal/huggingface__transformers.e2e8dbed.test_candidate_generator.bc0ea399.lv1,huggingface__transformers.e2e8dbed.test_candidate_generator.bc0ea399.lv1,0.6949684774025323,0.4085028622205343,hard,0.08269230769230769,0.22315151272876482,0.2456485405424561
gaia,gaia/d8152ad6-e4d5-4c12-8bb7-8d57dc10c6de,d8152ad6-e4d5-4c12-8bb7-8d57dc10c6de,0.6949535252160007,0.4419008327067476,medium,0.5800000000000001,0.33999999999999997,0.10845220552125368
kumo,kumo/martialartsenv-t4-a6-v1-s1,martialartsenv-t4-a6-v1-s1,0.6942905136430881,0.3665450548334334,easy,0.9166666875,0.24999997916667885,0.62051067886697
replicationbench,replicationbench/gw_nsbh__spin_constraint,gw_nsbh__spin_constraint,0.6939241998902677,0.4222060883654725,medium,0.3866666666666667,0.4030991055421593,0.2964102029935593
featurebench-modal,featurebench-modal/mlflow__mlflow.93dab383.test_scorer_description.9163195a.lv1,mlflow__mlflow.93dab383.test_scorer_description.9163195a.lv1,0.6938844504682015,0.4060484519400254,medium,0.324,0.44297178239702806,0.4321724303277122
labbench,labbench/figqa-0177,figqa-0177,0.692881678755931,0.5069460413321514,medium,0.476923076923077,0.38859479816354114,-0.03362929502696752
humanevalfix,humanevalfix/python-70,python-70,0.6925025415628738,0.5463411772737433,saturated,0.97,0.1307669683062202,0.32673275141346547
swe-lancer,swe-lancer/24156-manager-0,24156-manager-0,0.692293040448107,0.25153273029264916,easy,0.8588235294117647,0.19115384481496378,0.3552111641495029
swebench-multilingual,swebench-multilingual/vuejs__core-11739,vuejs__core-11739,0.6921109787508555,0.5629080940869505,hard,0.2041666666666667,0.3654097775861444,-0.006303757206464796
replicationbench,replicationbench/muse_outflows__outflow_energetics,muse_outflows__outflow_energetics,0.6920954384865983,0.38187376514070837,hard,0.15714285714285717,0.3223004049336708,0.24877467885685245
seal0,seal0/12,12,0.6914218765659914,0.3345094003902735,medium,0.5923076923076923,0.40303948739840223,0.36233973144826637
gaia,gaia/023e9d44-96ae-4eed-b912-244ee8c3b994,023e9d44-96ae-4eed-b912-244ee8c3b994,0.6912976366355854,0.4236353094133168,hard,0.22249999999999998,0.3280529682840867,-0.3787309736259904
aider-polyglot,aider-polyglot/polyglot_rust_variable-length-quantity,polyglot_rust_variable-length-quantity,0.6910408209921303,0.41459685611082925,easy,0.904,0.22712111306525426,0.4828710633207977
featurebench-modal,featurebench-modal/pydata__xarray.97f3a746.test_range_index.7b95ba66.lv1,pydata__xarray.97f3a746.test_range_index.7b95ba66.lv1,0.6902323629301013,0.4056017754045921,hard,0.10769230769230768,0.2673561107228118,0.3786332963804862
medagentbench,medagentbench/task5_15,task5_15,0.690112217660892,0.464726493935669,easy,0.89,0.2567099530598687,0.17298048842477295
gaia,gaia/a56f1527-3abf-41d6-91f8-7296d6336c3f,a56f1527-3abf-41d6-91f8-7296d6336c3f,0.6900733748207358,0.4084681927543266,medium,0.51,0.42649736224272244,0.22484584769792448
swebench-multilingual,swebench-multilingual/immutable-js__immutable-js-2005,immutable-js__immutable-js-2005,0.6896350174075677,0.5483187094752123,medium,0.46153846153846156,0.49851851526214314,0.17444093694220136
kumo,kumo/transdimensionalenv-t4-a6-v1-s0,transdimensionalenv-t4-a6-v1-s0,0.6892126371517646,0.45040428333628946,easy,0.8888888888888888,0.3142696805273545,0.3250807848865315
kumo,kumo/theatricalenv-t4-a6-v1-s0,theatricalenv-t4-a6-v1-s0,0.6890153310379662,0.4504154354319554,easy,0.9,0.30000000000000004,0.3249242940112404
kumo,kumo/printingtechniqueenv-t4-a6-v1-s0,printingtechniqueenv-t4-a6-v1-s0,0.6890153310379662,0.4504154354319554,saturated,0.9800000000000001,0.05999999999999999,0.3249242940112404
featurebench-modal,featurebench-modal/astropy__astropy.b0db0daa.test_lombscargle_multiband.78687278.lv1,astropy__astropy.b0db0daa.test_lombscargle_multiband.78687278.lv1,0.6887417797545794,0.3932889294655962,hard,0.06923076923076923,0.21442092099640545,0.2952768712776086
bixbench,bixbench/bix-41-q4,bix-41-q4,0.6887279664992265,0.40711440246103847,easy,0.8070175263157895,0.35665422006053166,0.5044568942483892
aime,aime/aime_80,aime_80,0.6885529762307747,0.4055012550096541,easy,0.9,0.21447610589527216,0.31022324799738255
kumo,kumo/marketingenv-t4-a6-v1-s1,marketingenv-t4-a6-v1-s1,0.6881668531140429,0.36803304975105017,easy,0.9333333333333333,0.18053422780022133,0.6749245540898644
featurebench-modal,featurebench-modal/mlflow__mlflow.93dab383.test_unity_catalog_models_artifact_repo.ad6e49d9.lv1,mlflow__mlflow.93dab383.test_unity_catalog_models_artifact_repo.ad6e49d9.lv1,0.6874935701377498,0.39880554217517605,frontier,0.03,0.10770329614269009,0.27718101065048406
medagentbench,medagentbench/task5_22,task5_22,0.6874458488192985,0.45984325458748876,easy,0.8800000000000001,0.2712931993250107,0.11903427941410025
bfcl,bfcl/bfcl-live-multiple-437-142-3,bfcl-live-multiple-437-142-3,0.6867546952196217,0.2906652961569358,saturated,0.9769230769230769,0.08461538461538463,0.8319994407424479
seal0,seal0/16,16,0.6859697196347858,0.32268536112153573,medium,0.5288461538461537,0.3981140822493059,0.3313525677613486
mmmlu,mmmlu/mmmlu-yo-ng-00145,mmmlu-yo-ng-00145,0.6855465387749052,0.39591471200125133,medium,0.6764705882352942,0.39490460598449806,0.13385931538443743
arc-agi-2,arc-agi-2/1818057f_0,1818057f_0,0.6851161546995214,0.578077531597091,medium,0.43999999999999995,0.3878143885933063,0.07260334411610939
medagentbench,medagentbench/task5_8,task5_8,0.6844801020436247,0.4636483938060654,easy,0.86,0.2615339366124404,0.25090235975609293
mmmlu,mmmlu/mmmlu-zh-cn-00125,mmmlu-zh-cn-00125,0.6843985355277681,0.4437464766502384,medium,0.6944444444444444,0.41666668148149605,0.38129632291031423
replicationbench,replicationbench/disk_ridges__gaia_dr2_all,disk_ridges__gaia_dr2_all,0.6843325976010041,0.37820559833362166,hard,0.14666666666666667,0.31382939455839515,0.24418329814313694
medagentbench,medagentbench/task2_12,task2_12,0.684279424185663,0.5552344868465171,easy,0.78,0.34,0.32521382828024603
kumo,kumo/energyenv-t4-a6-v1-s0,energyenv-t4-a6-v1-s0,0.6839385180566684,0.3815081454548696,saturated,0.9722222222222222,0.1145307118227128,0.6974071559521763
crustbench,crustbench/crustbench-2dpartint,crustbench-2dpartint,0.6837120838395626,0.48329737816739265,medium,0.4818181818181818,0.4458254485541538,0.47929936934348666
seal0,seal0/88,88,0.6836658162182843,0.34797602050285753,hard,0.2608974230769231,0.35514961999212635,0.2843784794443934
simpleqa,simpleqa/simpleqa-1321,simpleqa-1321,0.683564306927851,0.4139951460328272,medium,0.58,0.4422668877499196,0.3121554007199024
gaia,gaia/0a3cd321-3e76-4622-911b-0fda2e5d6b1a,0a3cd321-3e76-4622-911b-0fda2e5d6b1a,0.6834094995300537,0.42261946782086424,medium,0.42750000000000005,0.35123887882750116,0.10951879640367274
labbench,labbench/figqa-0026,figqa-0026,0.6833179313188742,0.42192515852669055,medium,0.6923076923076923,0.3099914104555367,0.41172732652021865
seal0,seal0/77,77,0.6832147102184816,0.33733335367440115,medium,0.6217948846153847,0.40582745703679074,0.5510563281736769
bixbench,bixbench/bix-29-q2,bix-29-q2,0.6822713199330589,0.40086124114469357,frontier,0.03859647368421053,0.09256770525084436,-0.2673299029683712
simpleqa,simpleqa/simpleqa-946,simpleqa-946,0.6821371027276109,0.45575344113190014,medium,0.6500000000000001,0.34568772034887213,0.3831519397083942
swebenchpro,swebenchpro/instance_navidrome__navidrome-677d9947f302c9f7bba8c08c788c3dc99f235f39,instance_navidrome__navidrome-677d9947f302c9f7bba8c08c788c3dc99f235f39,0.6815056759426938,0.3947535862355159,easy,0.73,0.33630343441600474,0.4017428220196333
featurebench-modal,featurebench-modal/mwaskom__seaborn.7001ebe7.test_algorithms.1f0181c2.lv1,mwaskom__seaborn.7001ebe7.test_algorithms.1f0181c2.lv1,0.6815048376555424,0.38835703466715105,hard,0.16399999999999998,0.30315672514394265,0.4755751386032878
kumo,kumo/languageenv-t4-a6-v1-s1,languageenv-t4-a6-v1-s1,0.6811608780383595,0.3761295795452816,easy,0.9166666875,0.24999997916667882,0.6905921885859899
gpqa-diamond,gpqa-diamond/67,67,0.6811495535564885,0.29981192810227436,easy,0.9052631578947368,0.21878536516659502,0.3871393355818875
mmmlu,mmmlu/mmmlu-fr-fr-00057,mmmlu-fr-fr-00057,0.6810523239691944,0.4604429457592918,saturated,0.9814815,0.07635373152800064,0.23330734445654025
medagentbench,medagentbench/task1_11,task1_11,0.6809352797409387,0.4067607422917011,easy,0.7100000000000001,0.3254228019054596,0.5202187731212915
gaia,gaia/5d0080cb-90d7-4712-bc33-848150e917d3,5d0080cb-90d7-4712-bc33-848150e917d3,0.6808085075532702,0.39951390858622743,medium,0.3975,0.3716433101779178,0.23557410512300095
labbench,labbench/figqa-0110,figqa-0110,0.6805141305241433,0.4025953261365432,medium,0.3692307692307693,0.3122735866182221,0.35387228332488574
gpqa-diamond,gpqa-diamond/37,37,0.6802541849685237,0.2788483075239544,saturated,0.9666666666666668,0.07453559924999298,0.7804205898481131
gpqa-diamond,gpqa-diamond/6,6,0.6802541849685237,0.2788483075239544,saturated,0.9666666666666668,0.07453559924999298,0.7804205898481131
gpqa-diamond,gpqa-diamond/70,70,0.6802541849685237,0.2788483075239544,saturated,0.9666666666666668,0.07453559924999298,0.7804205898481131
gaia,gaia/e8cb5b03-41e0-4086-99e5-f6806cd97211,e8cb5b03-41e0-4086-99e5-f6806cd97211,0.6802271440267471,0.4056514136821442,medium,0.54,0.4004996878900157,0.3803823792150668
swebench-multilingual,swebench-multilingual/rubocop__rubocop-13431,rubocop__rubocop-13431,0.6797427668587526,0.5404436393166541,medium,0.5357142857142857,0.4804865731097754,0.2722247169678713
labbench,labbench/figqa-0076,figqa-0076,0.6796271161604069,0.4769169974321594,hard,0.27692307692307694,0.3724221057510832,0.040447792762944704
featurebench-modal,featurebench-modal/mwaskom__seaborn.7001ebe7.test_scales.d9dcdef6.lv1,mwaskom__seaborn.7001ebe7.test_scales.d9dcdef6.lv1,0.6794337774937107,0.4000109776485068,hard,0.16538461538461538,0.3315955688813938,0.348932072073632
swebench-multilingual,swebench-multilingual/redis__redis-11279,redis__redis-11279,0.6785054033878186,0.5587973690968194,frontier,0.025641,0.08882302951374714,-0.09356383672945978
swebench-multilingual,swebench-multilingual/vuejs__core-11899,vuejs__core-11899,0.6785054033878186,0.5587973690968194,frontier,0.025641,0.08882302951374714,-0.09356383672945978
featurebench-modal,featurebench-modal/sympy__sympy.c1097516.test_nullspace.f14fc970.lv1,sympy__sympy.c1097516.test_nullspace.f14fc970.lv1,0.6777820360483514,0.3909115013251775,hard,0.1673076923076923,0.31346153846153846,0.43198351170903704
arc-agi-2,arc-agi-2/6ffbe589_0,6ffbe589_0,0.6776257262957216,0.5725418956884522,hard,0.05,0.1532970971675589,0.32966198888122905
aider-polyglot,aider-polyglot/polyglot_python_forth,polyglot_python_forth,0.6775444178163348,0.4127338825942343,medium,0.32400000000000007,0.41306658058961876,0.511845408739076
aider-polyglot,aider-polyglot/polyglot_javascript_food-chain,polyglot_javascript_food-chain,0.6775252423650909,0.40452835286893146,medium,0.462,0.40131782915788833,0.3657335264766752
gaia,gaia/366e2f2b-8632-4ef2-81eb-bc3877489217,366e2f2b-8632-4ef2-81eb-bc3877489217,0.6768286234219099,0.4006994149247915,easy,0.75,0.36262928728937494,0.15419088831354008
livecodebench,livecodebench/3299,3299,0.6763133481145057,0.40634475716177676,easy,0.8166666666666667,0.2566883107757128,-0.1414943649672521
swtbench,swtbench/pytest-dev__pytest-5631,pytest-dev__pytest-5631,0.6761956172827746,0.4643061830867496,hard,0.29583333333333334,0.31521046760678634,-0.15682138446039978
swtbench,swtbench/django__django-14373,django__django-14373,0.6759573246353676,0.48004484889726784,easy,0.7538461538461539,0.3053758960196801,-0.16490966646927618
simpleqa,simpleqa/simpleqa-4002,simpleqa-4002,0.67558610793034,0.42142341337623296,easy,0.85,0.2958039891549808,0.2179563596318869
featurebench-modal,featurebench-modal/huggingface__transformers.e2e8dbed.test_modeling_zoedepth.e19636d3.lv1,huggingface__transformers.e2e8dbed.test_modeling_zoedepth.e19636d3.lv1,0.675522237347496,0.4017498225677856,frontier,0.038461538461538464,0.13323467750529827,0.19733059349320223
swebench-multilingual,swebench-multilingual/caddyserver__caddy-4943,caddyserver__caddy-4943,0.6748093426883138,0.5556991409266442,frontier,0.038461538461538464,0.13323467750529827,-0.09613119677508301
swebench-multilingual,swebench-multilingual/fastlane__fastlane-20642,fastlane__fastlane-20642,0.6748093426883138,0.5556991409266442,frontier,0.038461538461538464,0.13323467750529827,-0.09613119677508301
bfcl,bfcl/bfcl-live-multiple-134-51-0,bfcl-live-multiple-134-51-0,0.6747497906154651,0.2838476824509436,easy,0.9384615384615385,0.13323467750529824,0.471864850437913
kumo,kumo/renewableenergyenv-t4-a6-v1-s0,renewableenergyenv-t4-a6-v1-s0,0.6745391130197645,0.3808767938019954,saturated,0.9649122631578947,0.1488646599452501,0.6921049463297863
kumo,kumo/printingtechniqueenv-t4-a6-v1-s1,printingtechniqueenv-t4-a6-v1-s1,0.6745391130197645,0.38087679380199535,easy,0.9473684210526315,0.22329687826943603,0.6921049463297863
kumo,kumo/algorithmenv-t4-a6-v1-s0,algorithmenv-t4-a6-v1-s0,0.6734800900835091,0.43009908147711257,easy,0.9416667000000001,0.14215595309381174,0.32480112198146976
kumo,kumo/mineralenv-t4-a6-v1-s1,mineralenv-t4-a6-v1-s1,0.6733823689524072,0.37847731541988194,saturated,0.9722222222222222,0.1145307118227128,0.6880968840363657
kumo,kumo/musicgenresenv-t4-a6-v1-s1,musicgenresenv-t4-a6-v1-s1,0.6733823689524072,0.37847731541988194,saturated,0.9629629444444444,0.15270769211742494,0.6880968840363657
kumo,kumo/musicenv-t4-a6-v1-s1,musicenv-t4-a6-v1-s1,0.6733822895373013,0.3784772683544328,saturated,0.9705882352941176,0.11764705882352942,0.688096863504315
simpleqa,simpleqa/simpleqa-3344,simpleqa-3344,0.6733814149754712,0.42166944714793825,easy,0.7299999999999999,0.37027017163147236,0.3325199173303212
kumo,kumo/medicaloodenv-t4-a6-v1-s1,medicaloodenv-t4-a6-v1-s1,0.6733498989627784,0.38060170927561926,saturated,0.9722222222222222,0.1145307118227128,0.686055120165184
aider-polyglot,aider-polyglot/polyglot_javascript_state-of-tic-tac-toe,polyglot_javascript_state-of-tic-tac-toe,0.672944353352836,0.4076256159256172,medium,0.5920000000000001,0.38149180856212367,0.5306925800218526
aider-polyglot,aider-polyglot/polyglot_javascript_bottle-song,polyglot_javascript_bottle-song,0.6728220836038322,0.417469993795377,medium,0.48599999999999993,0.414613072635198,0.5429259769994171
kumo,kumo/nutritionenv-t4-a6-v1-s0,nutritionenv-t4-a6-v1-s0,0.6726531299999101,0.38006286404640127,saturated,0.96875,0.12103072956898178,0.6910183752185962
swebench-multilingual,swebench-multilingual/tokio-rs__axum-1119,tokio-rs__axum-1119,0.6725505499285556,0.5342833802233302,medium,0.6190475714285714,0.45175398156956975,0.36429964457586295
swtbench,swtbench/django__django-15103,django__django-15103,0.6724874905003346,0.45965669835443324,hard,0.06111108333333334,0.11041441437259474,-0.23141005284738678
livecodebench,livecodebench/abc343_a,abc343_a,0.6722753416056857,0.4061993975662536,medium,0.30666666666666664,0.3335998934185814,0.06390375741931587
kumo,kumo/nutritionenv-t4-a6-v1-s1,nutritionenv-t4-a6-v1-s1,0.671978557516662,0.38006529977620007,easy,0.9444444444444444,0.2290614236454256,0.6906572266987717
kumo,kumo/malwareenv-t4-a6-v1-s1,malwareenv-t4-a6-v1-s1,0.6719785575166616,0.3800652997762001,saturated,0.9583333333333334,0.17179606773406922,0.6906572266987716
replicationbench,replicationbench/trgb_std_candle__med_color_amp,trgb_std_candle__med_color_amp,0.6718373922055226,0.3710640338562289,hard,0.08571428571428572,0.258725289661069,0.22422593120992174
featurebench-modal,featurebench-modal/astropy__astropy.b0db0daa.test_compressed.8daeb7d6.lv1,astropy__astropy.b0db0daa.test_compressed.8daeb7d6.lv1,0.6713856786744393,0.4129643510041875,hard,0.07692307692307693,0.19276867824833335,0.34503470825376875
mmau,mmau/25941a11-499f-420c-a65c-26417a8378b4,25941a11-499f-420c-a65c-26417a8378b4,0.6713439910661219,0.3163491800449838,easy,0.78333335,0.27315033813310113,0.5056410297961836
aider-polyglot,aider-polyglot/polyglot_python_grade-school,polyglot_python_grade-school,0.6710185890727903,0.40086832044401804,medium,0.4538461538461539,0.44568941344218377,0.5641116363301747
arc-agi-2,arc-agi-2/13e47133_0,13e47133_0,0.6707360237519988,0.5671599840505228,frontier,0.03,0.1307669683062202,0.23924447975315208
arc-agi-2,arc-agi-2/8b7bacbf_0,8b7bacbf_0,0.6707360237519988,0.5671599840505227,frontier,0.02,0.08717797887081348,0.23924447975315208
arc-agi-2,arc-agi-2/446ef5d2_0,446ef5d2_0,0.6707360237519988,0.5671599840505228,frontier,0.02,0.08717797887081348,0.23924447975315208
kumo,kumo/quantumenv-t4-a6-v1-s1,quantumenv-t4-a6-v1-s1,0.6706038445049034,0.3775449076863927,saturated,0.9705882352941176,0.11764705882352942,0.68643307888177
kumo,kumo/detectiveenv-t4-a6-v1-s1,detectiveenv-t4-a6-v1-s1,0.6703303351823522,0.37495813076990075,saturated,0.96875,0.12103072956898178,0.658504230239213
bfcl,bfcl/bfcl-live-simple-2-2-0,bfcl-live-simple-2-2-0,0.6702113205471831,0.29578001026923284,saturated,0.9615384615384616,0.12427303401079624,0.15465230320886075
simpleqa,simpleqa/simpleqa-845,simpleqa-845,0.6700663482896668,0.49142136344956383,medium,0.58,0.3736308338453881,0.3778691520281883
featurebench-modal,featurebench-modal/lightning-ai__pytorch-lightning.126fa6f1.test_fsdp_integration.61c07610.lv1,lightning-ai__pytorch-lightning.126fa6f1.test_fsdp_integration.61c07610.lv1,0.6698215931427173,0.37779036211742495,medium,0.5307692307692308,0.4088155788552986,0.5711012971684751
livecodebench,livecodebench/arc186_d,arc186_d,0.6694910506203431,0.40521013157094554,medium,0.6976190714285714,0.3928859999502699,0.02842327949801949
aider-polyglot,aider-polyglot/polyglot_go_kindergarten-garden,polyglot_go_kindergarten-garden,0.6684408837520815,0.3995332348597271,hard,0.23399999999999999,0.3183457240171446,0.39917382919462197
kumo,kumo/astronomyenv-t4-a6-v1-s1,astronomyenv-t4-a6-v1-s1,0.6675073057556359,0.4122976241526978,easy,0.85,0.3570714214271425,0.31831757619069445
labbench,labbench/figqa-0032,figqa-0032,0.6670169072604285,0.5024098994240428,medium,0.6000000000000001,0.34194016570604413,-0.10204394786007027
bfcl,bfcl/bfcl-parallel-multiple-90,bfcl-parallel-multiple-90,0.6666255122019021,0.28311934030027164,saturated,0.9692307692307693,0.07216024245882198,0.6057747773067359
kumo,kumo/controlenv-t4-a6-v1-s1,controlenv-t4-a6-v1-s1,0.6665925843993974,0.3658722048782933,easy,0.90833335,0.24423916500477044,0.3028298840794652
simpleqa,simpleqa/simpleqa-125,simpleqa-125,0.6663190881558221,0.4180150572173732,easy,0.8099999999999999,0.3128897569432403,0.27627463296868654
mmmlu,mmmlu/mmmlu-pt-br-00118,mmmlu-pt-br-00118,0.6659760908091917,0.41784939674603505,easy,0.7105263157894737,0.4076824574955175,0.5489326821413156
gaia,gaia/42576abe-0deb-4869-8c63-225c2d75a95a,42576abe-0deb-4869-8c63-225c2d75a95a,0.6657865687302509,0.40139237743941486,easy,0.73,0.39127995093027707,0.3096183758480086
simpleqa,simpleqa/simpleqa-3212,simpleqa-3212,0.665611677329026,0.5128963966404323,easy,0.82,0.31559467676119,0.38426413328570075
bixbench,bixbench/bix-30-q5,bix-30-q5,0.6654211581513145,0.38949874693308334,saturated,0.9578947368421052,0.08153649149910348,0.22746130489502994
gaia,gaia/42d4198c-5895-4f0a-b0c0-424a66465d83,42d4198c-5895-4f0a-b0c0-424a66465d83,0.6645263440682879,0.4018745808687264,medium,0.63,0.434856298103178,0.37452013394032113
featurebench-modal,featurebench-modal/pypa__packaging.013f3b03.test_metadata.e00b5801.lv1,pypa__packaging.013f3b03.test_metadata.e00b5801.lv1,0.6640199360731058,0.3876021981573693,medium,0.3076923076923077,0.42032320615585345,0.44680345400676696
seal0,seal0/86,86,0.6639224548457147,0.33392663375153897,medium,0.45769230769230773,0.4280304418748713,0.503639629605098
labbench,labbench/figqa-0023,figqa-0023,0.6636408348141714,0.40034892876166966,medium,0.3384615384615385,0.35418044409911814,0.2953136021074881
simpleqa,simpleqa/simpleqa-3685,simpleqa-3685,0.6631218462212681,0.4581836086659439,easy,0.82,0.267581763205193,0.4805822486529757
swebench-multilingual,swebench-multilingual/projectlombok__lombok-3674,projectlombok__lombok-3674,0.6628454753919842,0.5342276016198844,hard,0.10416666666666667,0.27873100333874273,0.2295238813368094
featurebench-modal,featurebench-modal/sphinx-doc__sphinx.e347e59c.test_util_nodes.08cdc62d.lv1,sphinx-doc__sphinx.e347e59c.test_util_nodes.08cdc62d.lv1,0.662339201880724,0.37712174963406475,medium,0.42756411538461536,0.4302886775628594,0.4681162803087293
swebench-multilingual,swebench-multilingual/babel__babel-16130,babel__babel-16130,0.6622829923735992,0.5309536857325952,hard,0.2512820769230769,0.3906198250623787,0.19992721441950037
crustbench,crustbench/crustbench-bitset,crustbench-bitset,0.6621610613895561,0.4865649526502125,hard,0.2727272727272727,0.3743865505813455,0.26690306388816365
simpleqa,simpleqa/simpleqa-1837,simpleqa-1837,0.6614325719736028,0.5119948202584698,easy,0.7100000000000001,0.3433656942677879,0.36850507577117503
medagentbench,medagentbench/task4_12,task4_12,0.6610033065668115,0.542877833043209,easy,0.8400000000000001,0.26532998322843204,0.2678566845310652
reasoning-gym,reasoning-gym/reasoning-gym-algorithmic-rotate-matrix-hard0292e21f-seed45-1,reasoning-gym-algorithmic-rotate-matrix-hard0292e21f-seed45-1,0.6606926958137709,0.3140010337348048,easy,0.76,0.28,0.6645390277051374
featurebench-modal,featurebench-modal/mwaskom__seaborn.7001ebe7.test_relational.f23eb542.lv1,mwaskom__seaborn.7001ebe7.test_relational.f23eb542.lv1,0.6603348000282789,0.38099692063629786,frontier,0.04230769230769231,0.12457026723616653,0.33367595198048494
aider-polyglot,aider-polyglot/polyglot_rust_simple-cipher,polyglot_rust_simple-cipher,0.6602121651410984,0.39611372744305484,easy,0.9230769230769231,0.22241280453539938,0.8392841862914246
gaia,gaia/65638e28-7f37-4fa7-b7b9-8c19bb609879,65638e28-7f37-4fa7-b7b9-8c19bb609879,0.659668293242782,0.3884355133557449,hard,0.18250000000000002,0.3030160886817728,0.004227098517519418
seal0,seal0/2,2,0.659276934506206,0.31702945612743866,medium,0.5429487307692308,0.41288471377273916,0.2796159649118152
featurebench-modal,featurebench-modal/mlflow__mlflow.93dab383.test_trace_manager.bb95fbcd.lv1,mlflow__mlflow.93dab383.test_trace_manager.bb95fbcd.lv1,0.6581327573330257,0.3858739716633722,medium,0.312,0.41982853642886164,0.3775941024579808
seal0,seal0/18,18,0.6566708349996566,0.2893921252243315,medium,0.5794871923076923,0.3832304153069132,0.18423498799737842
aider-polyglot,aider-polyglot/polyglot_go_sublist,polyglot_go_sublist,0.6565047623902829,0.39317926513898865,medium,0.376,0.37659527347007427,0.6312236750395886
livecodebench,livecodebench/3765,3765,0.6555018445493556,0.4032810173037084,easy,0.8166666666666667,0.3472111109333277,-0.05438619947271572
swebench-multilingual,swebench-multilingual/babel__babel-15649,babel__babel-15649,0.6553711286017174,0.5265659107890497,hard,0.14871792307692308,0.3017372290985502,0.11983422236230537
bfcl,bfcl/bfcl-live-multiple-447-144-7,bfcl-live-multiple-447-144-7,0.6546243385824744,0.2909468653944181,saturated,0.9769230769230769,0.08461538461538463,0.5520647111353378
reasoning-gym,reasoning-gym/reasoning-gym-algorithmic-caesar-cipher-easy00cea0a5-seed45-2,reasoning-gym-algorithmic-caesar-cipher-easy00cea0a5-seed45-2,0.6534483299152581,0.3606508045150361,medium,0.6863424499999999,0.2922035321635375,0.0025138882293893865
simpleqa,simpleqa/simpleqa-3432,simpleqa-3432,0.6520062284664787,0.5049849200651115,easy,0.78,0.26758176320519306,0.43154863471201327
aider-polyglot,aider-polyglot/polyglot_python_book-store,polyglot_python_book-store,0.6519114084681866,0.3927202689886924,hard,0.298,0.37107411658589173,0.44004723026361153
simpleqa,simpleqa/simpleqa-3164,simpleqa-3164,0.6514475930201501,0.3959334611427288,medium,0.475,0.3960744879438715,0.4483249483794521
featurebench-modal,featurebench-modal/mlflow__mlflow.93dab383.test_bedrock_autolog.f008b521.lv1,mlflow__mlflow.93dab383.test_bedrock_autolog.f008b521.lv1,0.6512713243740093,0.37168234033824354,hard,0.06874999999999999,0.18016919131749468,0.36449439643362025
gaia,gaia/ecbc4f94-95a3-4cc7-b255-6741a458a625,ecbc4f94-95a3-4cc7-b255-6741a458a625,0.6508786115696676,0.40197559641764835,hard,0.215,0.26884010117540125,0.09291695229385184
featurebench-modal,featurebench-modal/lightning-ai__pytorch-lightning.126fa6f1.test_hooks.34620588.lv1,lightning-ai__pytorch-lightning.126fa6f1.test_hooks.34620588.lv1,0.6504615714535231,0.38410549378699843,hard,0.10833334615384614,0.24898300280092373,0.2873958244922333
arc-agi-2,arc-agi-2/e3721c99_1,e3721c99_1,0.6503257365698016,0.5481765441329033,hard,0.08,0.1833030277982336,0.3185696016301499
kumo,kumo/medicalenv-t4-a6-v1-s1,medicalenv-t4-a6-v1-s1,0.6496120369460455,0.3438099137159153,easy,0.9333333333333333,0.15986105077709065,0.6524373473774551
featurebench-modal,featurebench-modal/mlflow__mlflow.93dab383.test_genai_metrics.5f107830.lv1,mlflow__mlflow.93dab383.test_genai_metrics.5f107830.lv1,0.6488715499031149,0.37944093784339267,hard,0.08800000000000001,0.1773583942191629,0.4317348411847686
reasoning-gym,reasoning-gym/reasoning-gym-algorithmic-game-of-life-halting-easy00cea0a5-seed45-0,reasoning-gym-algorithmic-game-of-life-halting-easy00cea0a5-seed45-0,0.6483489529936485,0.3485284695234888,easy,0.8700000000000001,0.2389560629069704,0.48200911663156243
kumo,kumo/machinepartenv-t4-a6-v1-s1,machinepartenv-t4-a6-v1-s1,0.6481618553433063,0.358138096910805,saturated,0.9605263157894737,0.12202129599336453,0.6454734261933027
seal0,seal0/50,50,0.6480894139245676,0.29626994794213496,medium,0.3557692307692308,0.3966995867532225,0.2936832164037493
featurebench-modal,featurebench-modal/linkedin__liger-kernel.c856fbab.test_poly_norm.7b0e3399.lv1,linkedin__liger-kernel.c856fbab.test_poly_norm.7b0e3399.lv1,0.647495272385131,0.37185204557160206,medium,0.4059999999999999,0.41986453900171183,0.4463722148979779
labbench,labbench/figqa-0031,figqa-0031,0.6474935362699951,0.40031352944472304,hard,0.2923076923076924,0.34743353201957583,0.4114751453568378
featurebench-modal,featurebench-modal/matplotlib__matplotlib.86a476d2.test_backend_registry.872ba384.lv1,matplotlib__matplotlib.86a476d2.test_backend_registry.872ba384.lv1,0.6474564533339804,0.366593750630106,hard,0.15333332,0.2617887097132678,0.44807348370009975
gpqa-diamond,gpqa-diamond/134,134,0.6472093620651241,0.25679296657085404,easy,0.9,0.20493901531919195,0.4867706711068973
simpleqa,simpleqa/simpleqa-2089,simpleqa-2089,0.6469036327383612,0.4249414126744753,easy,0.8799999999999999,0.2039607805437114,0.5899249574565175
labbench,labbench/figqa-0083,figqa-0083,0.6466377834223621,0.5282544993123549,medium,0.4153846153846154,0.440010758340772,-0.01599585967011471
swebench-multilingual,swebench-multilingual/fluent__fluentd-3466,fluent__fluentd-3466,0.646328538808947,0.5278821725018144,hard,0.21153846153846154,0.36487819155788986,-0.022986536907226338
kumo,kumo/celestialenv-t4-a6-v1-s1,celestialenv-t4-a6-v1-s1,0.6460198433263593,0.3432297558290394,saturated,0.97083335,0.08848644513272923,0.68842978098144
simpleqa,simpleqa/simpleqa-2318,simpleqa-2318,0.645882504832954,0.4377057247439394,easy,0.8,0.29664793948382656,0.3504189757085248
swebench-multilingual,swebench-multilingual/rubocop__rubocop-13393,rubocop__rubocop-13393,0.6454123351090493,0.5252266189944529,hard,0.15384615384615385,0.3098217192175193,0.0324533541880057
swebench-multilingual,swebench-multilingual/google__gson-2479,google__gson-2479,0.6450756933222863,0.521786083239247,medium,0.30357142857142855,0.42445944014302545,0.31688352038268536
gpqa-diamond,gpqa-diamond/191,191,0.6447673078733195,0.2794415037876548,easy,0.8769230769230769,0.2777764628502737,0.25626694533666283
labbench,labbench/figqa-0010,figqa-0010,0.6443142658114802,0.39393001434076025,medium,0.35384615384615387,0.4011816864740091,0.3474901153425341
livecodebench,livecodebench/3387,3387,0.6441837989586885,0.4581651379135418,saturated,0.9684210526315788,0.13397812696166161,0.38078473975240296
algotune,algotune/algotune-pde-burgers1d,algotune-pde-burgers1d,0.6439885596014018,0.3388460416648131,easy,0.73,0.3536947836765479,0.11752807345324078
swebenchpro,swebenchpro/instance_ansible__ansible-709484969c8a4ffd74b839a673431a8c5caa6457-vba6da65a0f3baefda7a058ebbd0a8dcafb8512f5,instance_ansible__ansible-709484969c8a4ffd74b839a673431a8c5caa6457-vba6da65a0f3baefda7a058ebbd0a8dcafb8512f5,0.6436842544495315,0.30015563843884674,medium,0.33999999999999997,0.34117444218463966,0.2767316306528146
gaia,gaia/e4e91f1c-1dcd-439e-9fdd-cb976f5293fd,e4e91f1c-1dcd-439e-9fdd-cb976f5293fd,0.6425014879912648,0.3861366722190002,medium,0.39,0.3374907406137241,0.10626105406413995
featurebench-modal,featurebench-modal/huggingface__transformers.e2e8dbed.test_modeling_prompt_depth_anything.2d54afdc.lv1,huggingface__transformers.e2e8dbed.test_modeling_prompt_depth_anything.2d54afdc.lv1,0.6424776347798301,0.37843574306395233,frontier,0.04615384615384615,0.19460170216420797,0.22068793329163472
simpleqa,simpleqa/simpleqa-350,simpleqa-350,0.6422083716075168,0.45974914557318536,easy,0.8799999999999999,0.25612496949731395,0.3929025485110451
replicationbench,replicationbench/ls_cal__cold_sparam,ls_cal__cold_sparam,0.642175980130837,0.3648934965295572,hard,0.14666666666666667,0.33836206774532046,0.420428846220747
labbench,labbench/figqa-0180,figqa-0180,0.6421395558266263,0.5172734139867889,medium,0.3076923076923077,0.38920340432841594,-0.07428853310039515
aider-polyglot,aider-polyglot/polyglot_python_proverb,polyglot_python_proverb,0.6421254686283295,0.38447188651453557,medium,0.47200000000000003,0.4303672850020085,0.4876211936152336
algotune,algotune/algotune-ode-lorenz96-nonchaotic,algotune-ode-lorenz96-nonchaotic,0.6418832640548424,0.41933471397371946,easy,0.7492063333333333,0.30578534027325727,-0.0432876285811523
simpleqa,simpleqa/simpleqa-3056,simpleqa-3056,0.6418448706940981,0.40479829706809545,medium,0.41,0.4217819341792628,0.3700132964104409
seal0,seal0/10,10,0.6418269917363815,0.2996972229488986,medium,0.6923076923076923,0.36471598741937533,0.373734981672731
seal0,seal0/51,51,0.6414877930035864,0.294915746784243,medium,0.6365384230769231,0.348133617213185,0.6203442522462189
featurebench-modal,featurebench-modal/pandas-dev__pandas.82fa2715.test_merge_antijoin.921feefe.lv1,pandas-dev__pandas.82fa2715.test_merge_antijoin.921feefe.lv1,0.6411005813215515,0.37842320746868446,hard,0.22115384615384615,0.3828468957195946,0.4434882018243443
medagentbench,medagentbench/task4_5,task4_5,0.6410417708451812,0.42277711586054784,easy,0.79,0.31288975694324034,0.5128485668055072
featurebench-modal,featurebench-modal/pandas-dev__pandas.82fa2715.test_iceberg.85771c70.lv2,pandas-dev__pandas.82fa2715.test_iceberg.85771c70.lv2,0.6398934691659749,0.36143676655511875,medium,0.6288461538461539,0.444663458939428,0.6255542824810423
simpleqa,simpleqa/simpleqa-615,simpleqa-615,0.6395510113299481,0.5048720485322968,easy,0.8100000000000002,0.29308701779505686,0.3356654094616167
gaia,gaia/b816bfce-3d80-4913-a07d-69b752ce6377,b816bfce-3d80-4913-a07d-69b752ce6377,0.6391274020603401,0.37796854057863744,medium,0.5775,0.382908278834501,0.19557110267395436
featurebench-modal,featurebench-modal/mlflow__mlflow.93dab383.test_databricks_adapter.3b72f337.lv1,mlflow__mlflow.93dab383.test_databricks_adapter.3b72f337.lv1,0.638752105696,0.36086214818427514,medium,0.38266668,0.4258450511316735,0.48502672390129203
gaia,gaia/50f58759-7bd6-406f-9b0d-5692beb2a926,50f58759-7bd6-406f-9b0d-5692beb2a926,0.6380569481321084,0.37866833110513154,hard,0.27999999999999997,0.3310589071449369,0.3398933346854107
reasoning-gym,reasoning-gym/reasoning-gym-arithmetic-chain-sum-hard0292e21f-seed45-2,reasoning-gym-arithmetic-chain-sum-hard0292e21f-seed45-2,0.6379769091993207,0.32799104788229877,easy,0.92333335,0.14027747225491163,0.46262756387200143
gaia,gaia/b4cc024b-3f5e-480e-b96a-6656493255b5,b4cc024b-3f5e-480e-b96a-6656493255b5,0.6375981555564701,0.3794396985712907,hard,0.25999999999999995,0.4004996878900157,-0.051349957243119235
swebench-multilingual,swebench-multilingual/gohugoio__hugo-12448,gohugoio__hugo-12448,0.637300380594181,0.5153633050855768,hard,0.27142857142857146,0.4113194299682277,0.33062873966280193
humanevalfix,humanevalfix/python-115,python-115,0.6371111972523422,0.447818192294936,saturated,0.9800000000000001,0.08717797887081347,0.7049333584182109
swebench-multilingual,swebench-multilingual/jqlang__jq-2650,jqlang__jq-2650,0.6364147178395092,0.5106067117769002,hard,0.19444441666666668,0.37164132740395867,0.2370141952301186
swebench-multilingual,swebench-multilingual/caddyserver__caddy-4774,caddyserver__caddy-4774,0.6361281637004746,0.5133426544665435,hard,0.27948715384615386,0.3908217171494806,0.23519036080010924
aider-polyglot,aider-polyglot/polyglot_go_palindrome-products,polyglot_go_palindrome-products,0.6356844088170327,0.3812324116131749,hard,0.286,0.41364719266544037,0.4218287736459248
mmmlu,mmmlu/mmmlu-it-it-00083,mmmlu-it-it-00083,0.635274469965407,0.3825354760367517,easy,0.8981481666666666,0.25542802440527806,0.12261280222625291
reasoning-gym,reasoning-gym/reasoning-gym-arithmetic-leg-counting-hard0292e21f-seed45-2,reasoning-gym-arithmetic-leg-counting-hard0292e21f-seed45-2,0.6345595120630622,0.4099963549495993,medium,0.47000000000000003,0.4439594576084623,0.14432279137031395
simpleqa,simpleqa/simpleqa-221,simpleqa-221,0.6343814688551768,0.45281708426093065,medium,0.6500000000000001,0.3840572873934304,0.3231318686634709
labbench,labbench/figqa-0123,figqa-0123,0.6343386402811144,0.4090055421380259,medium,0.6923076923076923,0.35617959700893,0.43303714667907756
livecodebench,livecodebench/3779,3779,0.6342449280367328,0.394660519910548,medium,0.49404764285714287,0.4697858069004285,-0.016478259995181887
featurebench-modal,featurebench-modal/pandas-dev__pandas.82fa2715.test_groupby_shift_diff.e13d5358.lv1,pandas-dev__pandas.82fa2715.test_groupby_shift_diff.e13d5358.lv1,0.6341740351893176,0.3802030483918436,hard,0.175,0.34003676271838607,0.42373654729395277
algotune,algotune/algotune-ode-nbodyproblem,algotune-ode-nbodyproblem,0.6338688360978496,0.42467535472059276,medium,0.669047619047619,0.3604188522471989,-0.09737706521165586
featurebench-modal,featurebench-modal/mlflow__mlflow.93dab383.test_databricks_tracing_utils.8ef44eb4.lv1,mlflow__mlflow.93dab383.test_databricks_tracing_utils.8ef44eb4.lv1,0.633829999577576,0.37792957648890013,hard,0.212,0.33238265765698427,0.40314125266401263
featurebench-modal,featurebench-modal/huggingface__transformers.e2e8dbed.test_modeling_seggpt.f9e83f60.lv1,huggingface__transformers.e2e8dbed.test_modeling_seggpt.f9e83f60.lv1,0.6337730032415365,0.37576300961399023,hard,0.07692307692307693,0.227541530119216,0.2004038580770951
mmau,mmau/faa5e92a-8de6-49e1-b72e-bd4defebd794,faa5e92a-8de6-49e1-b72e-bd4defebd794,0.6324076443807936,0.35664626063722754,easy,0.8700000000000001,0.23043437243605824,0.3593930814317445
aider-polyglot,aider-polyglot/polyglot_javascript_book-store,polyglot_javascript_book-store,0.6322656491698422,0.3864782002294552,easy,0.888,0.25972292929196683,0.4460700805814987
kumo,kumo/chemicalenv-t4-a6-v1-s1,chemicalenv-t4-a6-v1-s1,0.631651340814071,0.31715142671969737,easy,0.9122807368421053,0.23797645442217974,0.4137893620183567
simpleqa,simpleqa/simpleqa-670,simpleqa-670,0.6313486388258832,0.4061792425744769,easy,0.7899999999999999,0.3548238999842034,0.307340811129102
replicationbench,replicationbench/ver_waves__sun_height_corrected,ver_waves__sun_height_corrected,0.631084190148563,0.3751648526526786,medium,0.4000000000000001,0.3116774889895918,0.23158552867046106
gpqa-diamond,gpqa-diamond/27,27,0.6307290216194031,0.36535740857393,medium,0.6100000000000001,0.34336569426778796,0.5719056761181126
aider-polyglot,aider-polyglot/polyglot_python_phone-number,polyglot_python_phone-number,0.6304582357657172,0.3778491478349774,hard,0.28,0.38366652186501754,0.42389072470815453
simpleqa,simpleqa/simpleqa-2453,simpleqa-2453,0.6298706288384243,0.3845887458299724,easy,0.73,0.3593048844644336,0.288820631426945
gaia,gaia/5b2a14e8-6e59-479c-80e3-4696e8980152,5b2a14e8-6e59-479c-80e3-4696e8980152,0.6295474524358643,0.371478760643205,medium,0.31750000000000006,0.3511676949834651,0.08700770829571151
gaia,gaia/de9887f5-ead8-4727-876f-5a4078f8598c,de9887f5-ead8-4727-876f-5a4078f8598c,0.6284656402359537,0.37407295936000834,hard,0.26,0.38000000000000006,-0.02573832488137061
aider-polyglot,aider-polyglot/polyglot_go_forth,polyglot_go_forth,0.6284381097265942,0.3820492578651154,medium,0.312,0.4003198721022977,0.5449544769197794
swebench-multilingual,swebench-multilingual/apache__druid-14092,apache__druid-14092,0.6282418865880606,0.49898122154001084,medium,0.3076923076923077,0.3689101171779015,0.21105065719165678
aider-polyglot,aider-polyglot/polyglot_rust_forth,polyglot_rust_forth,0.6270551902052043,0.3922392272231485,easy,0.8,0.31496031496047244,0.4875405486067418
gpqa-diamond,gpqa-diamond/101,101,0.6265234236115469,0.35253676728955397,easy,0.8428571428571427,0.3133101742780187,0.3317854168010301
featurebench-modal,featurebench-modal/mwaskom__seaborn.7001ebe7.test_distributions.f700676d.lv1,mwaskom__seaborn.7001ebe7.test_distributions.f700676d.lv1,0.6263147631675144,0.39389159856777645,hard,0.09,0.2280350850198276,0.3071708824606649
gpqa-diamond,gpqa-diamond/59,59,0.624873820933343,0.24248873662155682,easy,0.9291666666666667,0.12983697042402403,0.7128915209884897
simpleqa,simpleqa/simpleqa-2553,simpleqa-2553,0.6245723136759553,0.504526636017832,easy,0.74,0.39547439866570383,0.3780314244441922
replicationbench,replicationbench/lensing_dr6_growth__alens,lensing_dr6_growth__alens,0.6231962629312825,0.38776913131195473,medium,0.4333333333333334,0.3717824931626316,0.4786533369050562
replicationbench,replicationbench/hubble_trails__satellite_chance_pre2020_uvis,hubble_trails__satellite_chance_pre2020_uvis,0.6231955298168279,0.3700772258086527,hard,0.2966666666666667,0.3779182745280019,0.33097467011108056
swesmith,swesmith/oauthlib__oauthlib.1fd52536.combine_file__0qgnxkrq,oauthlib__oauthlib.1fd52536.combine_file__0qgnxkrq,0.6227119390126814,0.32107568941996395,hard,0.18518516666666668,0.24196269934393927,0.2281092731812227
reasoning-gym,reasoning-gym/reasoning-gym-algebra-simple-integration-hard0292e21f-seed45-0,reasoning-gym-algebra-simple-integration-hard0292e21f-seed45-0,0.6213998048544491,0.4665765025436201,easy,0.9400000000000001,0.12806248474865697,0.004595823773710822
bigcodebench,bigcodebench/bigcodebench_1013,bigcodebench_1013,0.6205538719076032,0.17774379343572397,medium,0.589102576923077,0.43384935746605136,0.34808855144400025
compilebench,compilebench/curl-ssl,curl-ssl,0.6203281063678223,0.23038608090022253,easy,0.9400000000000001,0.18000000000000002,0.7326590426134144
compilebench,compilebench/jq,jq,0.6203281063678219,0.23038608090022253,saturated,0.9700000000000001,0.07141428428542848,0.018584927688071042
simpleqa,simpleqa/simpleqa-2458,simpleqa-2458,0.6192114442101061,0.3933060172388477,easy,0.95,0.1396424004376894,0.38635330766880266
bfcl,bfcl/bfcl-live-multiple-887-184-4,bfcl-live-multiple-887-184-4,0.6191137739750358,0.2675224382225604,saturated,0.9538461538461538,0.10088366960464615,0.42995326605111944
swebench-multilingual,swebench-multilingual/astral-sh__ruff-15356,astral-sh__ruff-15356,0.6188037735692018,0.4911112252043928,medium,0.4230769230769231,0.4741856925360751,0.3941177418138739
crustbench,crustbench/crustbench-libpgn,crustbench-libpgn,0.6185125305484674,0.44427296832889873,hard,0.17727272727272728,0.3356565048620365,0.37201891383335894
mmmlu,mmmlu/mmmlu-hi-in-00062,mmmlu-hi-in-00062,0.6180090017735992,0.4402743491837772,easy,0.9411764705882353,0.16109486985446062,0.30923500045069197
replicationbench,replicationbench/gw_cosmo__measure_combo,gw_cosmo__measure_combo,0.6177769071143424,0.3396426265398039,easy,0.7000000000000001,0.3812260921465545,0.5983083482078123
labbench,labbench/figqa-0118,figqa-0118,0.6173450277632749,0.47630739465125493,medium,0.47692307692307695,0.46102535580835996,0.13816232850781854
kumo,kumo/virusclassificationenv-t4-a6-v1-s0,virusclassificationenv-t4-a6-v1-s0,0.6172794999695408,0.4446923880104445,easy,0.9298245789473685,0.2314193828267805,0.684981046577552
aider-polyglot,aider-polyglot/polyglot_rust_say,polyglot_rust_say,0.6168564008711672,0.3716221030831673,easy,0.9461538461538462,0.18857924110971172,0.8300855454859668
kumo,kumo/pollutionenv-t4-a6-v1-s1,pollutionenv-t4-a6-v1-s1,0.6162757558873514,0.3167716906279165,easy,0.9259259444444444,0.23715272928981446,0.5505162334168456
gpqa-diamond,gpqa-diamond/22,22,0.6162423823108295,0.2617670890027787,easy,0.8625000000000002,0.19053105608622792,0.542999707228305
reasoning-gym,reasoning-gym/reasoning-gym-algorithmic-isomorphic-strings-easy00cea0a5-seed45-1,reasoning-gym-algorithmic-isomorphic-strings-easy00cea0a5-seed45-1,0.6152387329828383,0.3769680289990552,easy,0.95,0.10723805294763608,0.4511099958920607
labbench,labbench/figqa-0151,figqa-0151,0.6145828363387024,0.4192008272809937,medium,0.35384615384615387,0.3521699428387568,0.3896530593891609
crustbench,crustbench/crustbench-cissy,crustbench-cissy,0.61413706411227,0.44672972307566755,medium,0.3075757727272727,0.3938840425565894,0.2931408232816132
featurebench-modal,featurebench-modal/mwaskom__seaborn.7001ebe7.test_plot.b645d353.lv1,mwaskom__seaborn.7001ebe7.test_plot.b645d353.lv1,0.6140378421109769,0.36125668418148515,hard,0.15961538461538463,0.29936446489227253,0.3951823641793722
featurebench-modal,featurebench-modal/linkedin__liger-kernel.c856fbab.test_layer_norm.ed322799.lv1,linkedin__liger-kernel.c856fbab.test_layer_norm.ed322799.lv1,0.6135117397564482,0.35325730477298567,medium,0.3160256153846154,0.40468624355162974,0.46663559899101476
labbench,labbench/figqa-0168,figqa-0168,0.6133406602811452,0.3969156079358029,hard,0.26153846153846155,0.3453837587791331,0.41647864699431364
bfcl,bfcl/bfcl-irrelevance-103,bfcl-irrelevance-103,0.6131405380573376,0.26727183148022865,saturated,0.9538461538461539,0.13931361750980642,0.44909217504197885
swtbench,swtbench/sphinx-doc__sphinx-8721,sphinx-doc__sphinx-8721,0.6128757316459271,0.40512951485083,hard,0.11666666666666668,0.19075871903765995,0.02173301484414138
lawbench,lawbench/lawbench-2-1-17-zero-shot,lawbench-2-1-17-zero-shot,0.6127294027626508,0.4344110205360219,medium,0.3461392499999999,0.18264961861632095,0.5150077586887244
seal0,seal0/31,31,0.61218629112478,0.31235404090585284,medium,0.4006410384615385,0.3410166138915185,0.5159840659709382
seal0,seal0/14,14,0.6113993707492297,0.3014506621007124,medium,0.6403846153846153,0.4380944819875377,0.20936089070060201
replicationbench,replicationbench/chandra_representation__2dae_embedding,chandra_representation__2dae_embedding,0.611140066476761,0.35510864006396486,hard,0.062222200000000005,0.12988119091343955,0.01376907911447246
replicationbench,replicationbench/eht_resolve__eht_ring_orientation_angle,eht_resolve__eht_ring_orientation_angle,0.6096363910366664,0.3377527592149558,hard,0.09333333333333332,0.2619584360585133,0.30704036750132957
simpleqa,simpleqa/simpleqa-1120,simpleqa-1120,0.609402324523259,0.3690463693714976,medium,0.6100000000000001,0.3766961640367473,0.12496411826719321
featurebench-modal,featurebench-modal/huggingface__transformers.e2e8dbed.test_modeling_lightglue.3d3d57cb.lv1,huggingface__transformers.e2e8dbed.test_modeling_lightglue.3d3d57cb.lv1,0.6090048799453812,0.3505456390235065,frontier,0.043589730769230776,0.10772279391445068,0.32484679250331305
featurebench-modal,featurebench-modal/mlflow__mlflow.93dab383.test_mlflow.d1847ff9.lv1,mlflow__mlflow.93dab383.test_mlflow.d1847ff9.lv1,0.6076717068212676,0.35877358472651105,hard,0.12399999999999999,0.2786108397029807,0.25898984969827343
simpleqa,simpleqa/simpleqa-953,simpleqa-953,0.6074714762986387,0.49263051513396716,easy,0.73,0.375632799419859,0.3875625462701348
simpleqa,simpleqa/simpleqa-426,simpleqa-426,0.6071200253339172,0.4173300634509918,easy,0.78,0.2891366458960192,0.37983938016834273
simpleqa,simpleqa/simpleqa-1680,simpleqa-1680,0.6068314953838402,0.37397965699193964,medium,0.4499999999999999,0.4092676385936224,0.32319849950845214
labbench,labbench/figqa-0003,figqa-0003,0.6060826596291539,0.5074767505327613,medium,0.3384615384615385,0.43947251867955994,-0.047125684986748254
aider-polyglot,aider-polyglot/polyglot_rust_fizzy,polyglot_rust_fizzy,0.6059346255962674,0.366088240310461,hard,0.28,0.3394112549695428,0.5445728170054343
gaia,gaia/983bba7c-c092-455f-b6c9-7857003d48fc,983bba7c-c092-455f-b6c9-7857003d48fc,0.6057326669612623,0.3645801653243822,medium,0.32666665,0.3533333330188754,-0.02086662308433402
swtbench,swtbench/django__django-12209,django__django-12209,0.6053756010872962,0.49979170757710906,frontier,0.04285714285714286,0.15452362609131384,0.21524038542142848
bfcl,bfcl/bfcl-live-simple-222-117-14,bfcl-live-simple-222-117-14,0.6050254121664769,0.3032748349664305,easy,0.9307692307692309,0.17490487693695494,0.04027477300068137
seal0,seal0/73,73,0.6043632330371675,0.3156189571311983,medium,0.34615384615384615,0.4244732203483506,0.05462287704096993
featurebench-modal,featurebench-modal/mlflow__mlflow.93dab383.test_config.c63d41b0.lv1,mlflow__mlflow.93dab383.test_config.c63d41b0.lv1,0.6041526830243249,0.3388338186241425,medium,0.652,0.4587984306860694,0.6543445054051729
bfcl,bfcl/bfcl-live-multiple-470-145-21,bfcl-live-multiple-470-145-21,0.6041016774486588,0.2680909466758946,saturated,0.9615384615384616,0.12427303401079623,0.5709405360808665
gaia,gaia/1dcc160f-c187-48c2-b68e-319bd4354f3d,1dcc160f-c187-48c2-b68e-319bd4354f3d,0.6040635668548923,0.3702741283698031,hard,0.15333335000000003,0.24230379324770698,-0.15804019397842345
simpleqa,simpleqa/simpleqa-649,simpleqa-649,0.6039649885116467,0.4280021091921324,easy,0.8700000000000001,0.27037011669191546,0.35574957312239713
aider-polyglot,aider-polyglot/polyglot_javascript_killer-sudoku-helper,polyglot_javascript_killer-sudoku-helper,0.6038206260378313,0.361639088748273,medium,0.6769230769230767,0.3765304077083205,0.49001593782988745
simpleqa,simpleqa/simpleqa-3057,simpleqa-3057,0.6033173342359275,0.5000887334881521,medium,0.655,0.4165033013074446,0.3488016725104995
kumo,kumo/cloudenv-t4-a6-v1-s0,cloudenv-t4-a6-v1-s0,0.6021654566124777,0.39263580319513663,easy,0.92083335,0.22893926262707215,0.20821032340562914
crustbench,crustbench/crustbench-libbase122,crustbench-libbase122,0.6011489422007212,0.427910526766538,hard,0.2931818181818182,0.4118405071211247,0.4037528693915941
simpleqa,simpleqa/simpleqa-2478,simpleqa-2478,0.600831358851615,0.4567462695198767,medium,0.51,0.41218927691049895,0.3936022868541652
qcircuitbench,qcircuitbench/diffusion_operator-n7,diffusion_operator-n7,0.6007154244263802,0.14921332111377195,easy,0.7100000000000001,0.36041642581880196,0.5572095273343597
mmmlu,mmmlu/mmmlu-ja-jp-00095,mmmlu-ja-jp-00095,0.6006224445955948,0.377791763555127,medium,0.32999999999999996,0.40632499307820086,0.15783270844272518
simpleqa,simpleqa/simpleqa-180,simpleqa-180,0.6005577583432506,0.38516176539137925,easy,0.77,0.3116087290176576,0.4363668357444071
kumo,kumo/craftsmanenv-t4-a6-v1-s1,craftsmanenv-t4-a6-v1-s1,0.6004979533630062,0.4010840029474891,easy,0.9215686470588236,0.24332691369454124,0.26097794832811017
bixbench,bixbench/bix-49-q1,bix-49-q1,0.6001639276221183,0.30097693125352015,frontier,0.03157894736842106,0.07292845505553168,0.41247182910584945
mmmlu,mmmlu/mmmlu-fr-fr-00053,mmmlu-fr-fr-00053,0.5996867082946639,0.5140459016251818,easy,0.9210526315789473,0.23016915374389346,0.053684013454412434
livecodebench,livecodebench/3229,3229,0.5993459976524361,0.4039918281209889,easy,0.9125,0.2446298223847616,0.7020207340002944
featurebench-modal,featurebench-modal/pydantic__pydantic.e1dcaf9e.test_deprecated_fields.40a2ec54.lv1,pydantic__pydantic.e1dcaf9e.test_deprecated_fields.40a2ec54.lv1,0.5983913345803058,0.35911760029675854,hard,0.20192307692307693,0.35095495251987097,0.3225358733714325
featurebench-modal,featurebench-modal/sphinx-doc__sphinx.e347e59c.test_ext_napoleon_docstring.50dabe1f.lv1,sphinx-doc__sphinx.e347e59c.test_ext_napoleon_docstring.50dabe1f.lv1,0.5975998765665465,0.3581891057773135,hard,0.14871796153846153,0.33451469179538296,0.20116052274480095
labbench,labbench/figqa-0154,figqa-0154,0.5970660195481768,0.3743985627091139,medium,0.33,0.3421987726453735,0.007361829173664786
labbench,labbench/figqa-0181,figqa-0181,0.5961181570757534,0.3843189248532785,easy,0.7076923076923077,0.3730570970148351,0.4027052811526537
bfcl,bfcl/bfcl-live-multiple-337-133-1,bfcl-live-multiple-337-133-1,0.5951197328645856,0.2862105019603421,saturated,0.9769230769230769,0.08461538461538463,0.13510429653489175
labbench,labbench/figqa-0149,figqa-0149,0.5948886403154456,0.4354286851151831,hard,0.26153846153846155,0.3627638806938953,0.4528603519959712
bixbench,bixbench/bix-28-q2,bix-28-q2,0.594850564996026,0.29522233432297323,hard,0.10526315789473684,0.3068922049918579,0.3457487319637427
featurebench-modal,featurebench-modal/huggingface__transformers.e2e8dbed.test_modeling_speech_encoder_decoder.b0d78d76.lv1,huggingface__transformers.e2e8dbed.test_modeling_speech_encoder_decoder.b0d78d76.lv1,0.5940686677899041,0.361778641300703,frontier,0.019230769230769232,0.09615384615384615,0.18198158950511573
featurebench-modal,featurebench-modal/huggingface__transformers.e2e8dbed.test_modeling_time_series_transformer.b0ef2ff5.lv1,huggingface__transformers.e2e8dbed.test_modeling_time_series_transformer.b0ef2ff5.lv1,0.5940686677899041,0.361778641300703,frontier,0.019230769230769232,0.09615384615384615,0.18198158950511573
aider-polyglot,aider-polyglot/polyglot_python_simple-linked-list,polyglot_python_simple-linked-list,0.5932362898635659,0.3535311048415004,medium,0.5692307692307692,0.43214067400578887,0.46942304661663886
aider-polyglot,aider-polyglot/polyglot_python_wordy,polyglot_python_wordy,0.5927198683924799,0.3565272582325138,hard,0.264,0.36973504026532295,0.46882076160055514
bfcl,bfcl/bfcl-live-multiple-591-157-12,bfcl-live-multiple-591-157-12,0.5927127365332427,0.24926277010994197,saturated,0.9615384615384616,0.12427303401079624,0.5943669715442356
featurebench-modal,featurebench-modal/mlflow__mlflow.93dab383.test_ai_command_utils.85dcb487.lv2,mlflow__mlflow.93dab383.test_ai_command_utils.85dcb487.lv2,0.5926790923073811,0.36162265704417323,frontier,0.02,0.09797958971132714,0.18480098563126654
featurebench-modal,featurebench-modal/mwaskom__seaborn.7001ebe7.test_plot.b645d353.lv2,mwaskom__seaborn.7001ebe7.test_plot.b645d353.lv2,0.5926790923073811,0.36162265704417323,frontier,0.02,0.09797958971132714,0.18480098563126654
featurebench-modal,featurebench-modal/mlflow__mlflow.93dab383.test_client_webhooks.75e39b52.lv2,mlflow__mlflow.93dab383.test_client_webhooks.75e39b52.lv2,0.5926790923073811,0.36162265704417323,frontier,0.02,0.09797958971132714,0.18480098563126654
simpleqa,simpleqa/simpleqa-3111,simpleqa-3111,0.5922762812028602,0.41833454097875933,easy,0.9,0.2720294101747089,0.28438533930175636
simpleqa,simpleqa/simpleqa-1833,simpleqa-1833,0.5922762812028602,0.41833454097875933,easy,0.9,0.2720294101747089,0.28438533930175636
replicationbench,replicationbench/astm3__photometry_classification_accuracy_with_clip,astm3__photometry_classification_accuracy_with_clip,0.5921631850610333,0.4056086138116853,medium,0.39333333333333337,0.4296768811819206,0.20730730389719473
labbench,labbench/figqa-0007,figqa-0007,0.5918737196522156,0.3774672064056673,medium,0.47000000000000003,0.37563279941985905,0.16460879846019782
featurebench-modal,featurebench-modal/huggingface__transformers.e2e8dbed.test_modeling_vitpose.30ffd86e.lv2,huggingface__transformers.e2e8dbed.test_modeling_vitpose.30ffd86e.lv2,0.5918270492077836,0.3417378420618821,hard,0.13653846153846153,0.3080826850512738,0.3186972920793269
gpqa-diamond,gpqa-diamond/47,47,0.5917382300056574,0.274088342831503,easy,0.7375000000000002,0.32218330703705517,0.5560854178025092
featurebench-modal,featurebench-modal/mlflow__mlflow.93dab383.test_jsonpath_utils.eb851c42.lv1,mlflow__mlflow.93dab383.test_jsonpath_utils.eb851c42.lv1,0.5913830131255747,0.33165320175083324,medium,0.60666668,0.4633932832199207,0.5945680932165038
swtbench,swtbench/sphinx-doc__sphinx-8475,sphinx-doc__sphinx-8475,0.5912718440269021,0.3870848137844188,hard,0.23333333333333336,0.33499585403736304,-0.051932235077527276
aider-polyglot,aider-polyglot/polyglot_python_poker,polyglot_python_poker,0.5911505063722712,0.3512317023923666,medium,0.6230769230769232,0.34340791208538024,0.36311896176966174
reasoning-gym,reasoning-gym/reasoning-gym-arithmetic-count-bits-easy00cea0a5-seed45-1,reasoning-gym-arithmetic-count-bits-easy00cea0a5-seed45-1,0.5909410769004958,0.29946617039951845,easy,0.9099999999999999,0.2142428528562855,0.35781990426536536
gaia,gaia/3cef3a44-215e-4aed-8e3b-b1e3f08063b7,3cef3a44-215e-4aed-8e3b-b1e3f08063b7,0.5908106891643683,0.4327303081324388,medium,0.6050000000000001,0.3636275567115342,-0.11315378064482204
gpqa-diamond,gpqa-diamond/78,78,0.5903885837071384,0.4240125412266881,easy,0.9230769230769232,0.12498520622516862,0.7531958295033537
featurebench-modal,featurebench-modal/optuna__optuna.e7c6f1dd.test_heartbeat.5ad4d08f.lv1,optuna__optuna.e7c6f1dd.test_heartbeat.5ad4d08f.lv1,0.5903748087510343,0.3377961211656831,hard,0.06923076923076922,0.17269187938956654,0.3348064737117363
replicationbench,replicationbench/galaxy_manifold__morphological_classification,galaxy_manifold__morphological_classification,0.5895727010392684,0.3354143422397702,frontier,0.028571428571428574,0.10301575072754258,0.17597270797439196
replicationbench,replicationbench/galaxy_manifold__physical_properties,galaxy_manifold__physical_properties,0.5895727010392684,0.3354143422397702,frontier,0.014285714285714287,0.05150787536377129,0.17597270797439196
replicationbench,replicationbench/trgb_std_candle__aseq_bseq_trgb,trgb_std_candle__aseq_bseq_trgb,0.5895727010392684,0.3354143422397702,hard,0.05714285714285715,0.20603150145508517,0.17597270797439196
seal0,seal0/33,33,0.5892332626172674,0.2851849639238148,medium,0.39935899999999996,0.3319355761677951,0.6222435649538249
kumo,kumo/currencyenv-t4-a6-v1-s0,currencyenv-t4-a6-v1-s0,0.5892137835826416,0.40301161724353646,easy,0.9298245789473685,0.2314193828267805,0.2418911136141125
reasoning-gym,reasoning-gym/reasoning-gym-algebra-simple-integration-easy00cea0a5-seed45-1,reasoning-gym-algebra-simple-integration-easy00cea0a5-seed45-1,0.5890573606685319,0.2625831556642766,saturated,0.9800000000000001,0.08717797887081347,0.32673275141346514
reasoning-gym,reasoning-gym/reasoning-gym-arithmetic-basic-arithmetic-easy00cea0a5-seed45-2,reasoning-gym-arithmetic-basic-arithmetic-easy00cea0a5-seed45-2,0.5890573606685318,0.26258315566427665,saturated,0.96,0.17435595774162696,0.32673275141346547
kumo,kumo/chemicalenv-t12-a16-v1-s0,chemicalenv-t12-a16-v1-s0,0.5885422101031366,0.3103243818663551,easy,0.74833335,0.3266794173532019,0.3991078354511048
gpqa-diamond,gpqa-diamond/34,34,0.5884402255279116,0.29934229098818965,easy,0.9,0.27688746209726917,0.7966660622921031
simpleqa,simpleqa/simpleqa-2692,simpleqa-2692,0.5880680392408656,0.484378997039322,medium,0.58,0.4093897898091744,0.3069375871572378
reasoning-gym,reasoning-gym/reasoning-gym-games-emoji-mystery-easy00cea0a5-seed45-2,reasoning-gym-games-emoji-mystery-easy00cea0a5-seed45-2,0.5873976810110674,0.4210851387751926,easy,0.7708999999999999,0.32929590036925754,0.3581406072950136
seal0,seal0/98,98,0.5867523769255086,0.2721957686942896,medium,0.49358976923076925,0.37156050393817813,0.4500487655454375
replicationbench,replicationbench/galaxy_manifold__svd_analysis,galaxy_manifold__svd_analysis,0.5864754046003225,0.334260958062659,frontier,0.04,0.1496662954709576,0.17410866842391973
labbench,labbench/figqa-0049,figqa-0049,0.5860812683226774,0.5142665717099663,medium,0.3538461538461538,0.34332174776032914,-0.07300706443669507
medagentbench,medagentbench/task2_25,task2_25,0.5858309664593971,0.5189765577680371,easy,0.8099999999999999,0.23216373532487797,0.35685122611832826
gaia,gaia/08cae58d-4084-4616-b6dd-dd6534e4825b,08cae58d-4084-4616-b6dd-dd6534e4825b,0.5856810198174234,0.401461584320323,hard,0.2575,0.278960122598195,-0.06661358616811847
swebench-multilingual,swebench-multilingual/laravel__framework-48573,laravel__framework-48573,0.5856187926970148,0.4768025148072978,hard,0.19230769230769232,0.36891011717790156,0.13318591863063708
labbench,labbench/figqa-0059,figqa-0059,0.5849870971986549,0.37680084945520276,easy,0.7384615384615384,0.33635709398577607,0.4022127053594563
simpleqa,simpleqa/simpleqa-3796,simpleqa-3796,0.5838399572010883,0.4184187637840282,medium,0.6,0.4381780460041329,0.2796755221324802
reasoning-gym,reasoning-gym/reasoning-gym-algorithmic-ab-hard0292e21f-seed45-1,reasoning-gym-algorithmic-ab-hard0292e21f-seed45-1,0.5837644037484803,0.48876536477699756,medium,0.4,0.3577708763999664,-0.013342632729537124
reasoning-gym,reasoning-gym/reasoning-gym-algorithmic-ransom-note-easy00cea0a5-seed45-2,reasoning-gym-algorithmic-ransom-note-easy00cea0a5-seed45-2,0.5833191293173023,0.3146357971280936,easy,0.95,0.1774823934929885,0.3109476732314945
seal0,seal0/0,0,0.5826496475742976,0.328324924842109,hard,0.26666665384615384,0.3834169340276319,0.41987878579659976
gaia,gaia/00d579ea-0889-4fd9-a771-2c8d79835c8d,00d579ea-0889-4fd9-a771-2c8d79835c8d,0.5826472000114479,0.3951664232139944,hard,0.12000000000000002,0.17204650534085253,-0.16062038790405253
mmmlu,mmmlu/mmmlu-fr-fr-00059,mmmlu-fr-fr-00059,0.5825658214026667,0.36752623207316903,easy,0.921875,0.21137108216357317,-0.16709014135182695
gaia,gaia/1f975693-876d-457b-a649-393859e79bf3,1f975693-876d-457b-a649-393859e79bf3,0.5825049144678407,0.3816526814450172,hard,0.0625,0.13122023472010708,-0.19159309908697608
featurebench-modal,featurebench-modal/pandas-dev__pandas.82fa2715.test_iceberg.85771c70.lv1,pandas-dev__pandas.82fa2715.test_iceberg.85771c70.lv1,0.5819803236117973,0.33573637956404573,hard,0.05961538461538461,0.1544339731762604,0.29926550441568545
simpleqa,simpleqa/simpleqa-3106,simpleqa-3106,0.5819730272117439,0.3778144354720631,easy,0.7300000000000001,0.3861346915261564,0.49762622171894577
swebench-multilingual,swebench-multilingual/caddyserver__caddy-5995,caddyserver__caddy-5995,0.5817619112609237,0.4617021841997207,medium,0.46153846153846156,0.4985185152621432,0.26544802965171177
featurebench-modal,featurebench-modal/pypa__hatch.ff4b4040.test_config.38d2ef18.lv1,pypa__hatch.ff4b4040.test_config.38d2ef18.lv1,0.5809061231707452,0.34895082553504275,hard,0.057692307692307696,0.2115384615384615,0.1658531784561812
reasoning-gym,reasoning-gym/reasoning-gym-algorithmic-rotten-oranges-hard0292e21f-seed45-1,reasoning-gym-algorithmic-rotten-oranges-hard0292e21f-seed45-1,0.5806876188185113,0.37883375094924804,medium,0.6500000000000001,0.37881393849751627,0.03795352020595853
bfcl,bfcl/bfcl-parallel-multiple-67,bfcl-parallel-multiple-67,0.580466937581841,0.2782692944373882,saturated,0.9615384615384616,0.0788226981996892,0.08126915766882854
aider-polyglot,aider-polyglot/polyglot_rust_doubly-linked-list,polyglot_rust_doubly-linked-list,0.5803085585238935,0.36732638601500783,medium,0.544,0.4176888794306116,0.40199303716451096
reasoning-gym,reasoning-gym/reasoning-gym-graphs-largest-island-hard0292e21f-seed45-1,reasoning-gym-graphs-largest-island-hard0292e21f-seed45-1,0.5801236368142457,0.5011851270381691,medium,0.5650000000000001,0.31823733281939126,0.09390324346515094
lawbench,lawbench/lawbench-3-6-18-one-shot,lawbench-3-6-18-one-shot,0.5798143284270088,0.4030699924512981,medium,0.655,0.16972035823671833,0.6078899954319246
gaia,gaia/b415aba4-4b68-4fc6-9b89-2c812e55a3e1,b415aba4-4b68-4fc6-9b89-2c812e55a3e1,0.5796645809995765,0.34989661395616456,hard,0.2475,0.3699577678600627,0.01579279373077663
aider-polyglot,aider-polyglot/polyglot_javascript_two-bucket,polyglot_javascript_two-bucket,0.579473092905094,0.348981793431831,easy,0.8615384615384616,0.28158469565727884,0.7249986596397218
kumo,kumo/martialartsenv-t4-a6-v1-s0,martialartsenv-t4-a6-v1-s0,0.5793588848297268,0.41948791948971226,easy,0.9210526315789473,0.24404259198672906,0.19730043713447262
simpleqa,simpleqa/simpleqa-3366,simpleqa-3366,0.5786110878837307,0.4110002870520892,easy,0.89,0.2718455443813637,0.2791364511972965
simpleqa,simpleqa/simpleqa-4243,simpleqa-4243,0.5781233128898066,0.37409784558064385,medium,0.56,0.39293765408777004,0.18353543237886347
aider-polyglot,aider-polyglot/polyglot_javascript_grep,polyglot_javascript_grep,0.5780679956452877,0.3535248150658477,medium,0.696,0.4004797123450825,0.41053221314467003
gaia,gaia/14569e28-c88c-43e4-8c32-097d35b9a67d,14569e28-c88c-43e4-8c32-097d35b9a67d,0.5779265462136762,0.34404637849400665,hard,0.26999999999999996,0.2917190429162964,-0.3457967955473042
gpqa-diamond,gpqa-diamond/111,111,0.5777794102202942,0.3304566197772455,easy,0.8461538461538461,0.30537589601968007,0.4130096403505666
featurebench-modal,featurebench-modal/mlflow__mlflow.93dab383.test_tracing.0dc1e3a3.lv2,mlflow__mlflow.93dab383.test_tracing.0dc1e3a3.lv2,0.5775516662146105,0.3521174436523121,hard,0.09466667999999999,0.2457966949601593,0.2246627611733329
gpqa-diamond,gpqa-diamond/0,0,0.576952690693155,0.2886511666902867,easy,0.9473684210526315,0.1427858943815846,0.34523848971380133
swebench-multilingual,swebench-multilingual/prometheus__prometheus-14861,prometheus__prometheus-14861,0.5767483067511631,0.4639526288139237,hard,0.2916666666666667,0.4310033513661917,0.14513599177597328
gaia,gaia/f0f46385-fc03-4599-b5d3-f56496c3e69f,f0f46385-fc03-4599-b5d3-f56496c3e69f,0.5767121909726313,0.4154288357335624,medium,0.5825,0.27169606180436257,-0.21153229700729742
gaia,gaia/8b3379c0-0981-4f5b-8407-6444610cb212,8b3379c0-0981-4f5b-8407-6444610cb212,0.5762796430963919,0.3462216395065493,hard,0.14,0.26907248094147423,0.09644643337917452
bfcl,bfcl/bfcl-live-parallel-2-0-2,bfcl-live-parallel-2-0-2,0.5746020977156133,0.2866271892354653,easy,0.9461538461538462,0.14204757932784146,0.157672101301172
simpleqa,simpleqa/simpleqa-1417,simpleqa-1417,0.5742929434567136,0.49319618199653636,easy,0.82,0.2749545416973504,0.34173098140469366
simpleqa,simpleqa/simpleqa-2237,simpleqa-2237,0.5741425841435158,0.38505178335124046,medium,0.53,0.4394314508543966,0.20698321855942542
kumo,kumo/audiodialectenv-t4-a6-v1-s0,audiodialectenv-t4-a6-v1-s0,0.5735194795425674,0.4197965082876096,saturated,0.97,0.09539392014169458,0.19285344297783755
kumo,kumo/chemicalcompoundsenv-t4-a6-v1-s0,chemicalcompoundsenv-t4-a6-v1-s0,0.5735194795425673,0.4197965082876099,easy,0.925,0.23848480035423641,0.19285344297783874
kumo,kumo/caridentificationenv-t4-a6-v1-s1,caridentificationenv-t4-a6-v1-s1,0.5735194795425673,0.4197965082876099,saturated,0.9625,0.11924240017711821,0.19285344297783874
gaia,gaia/8131e2c0-0083-4265-9ce7-78c2d568425d,8131e2c0-0083-4265-9ce7-78c2d568425d,0.5723039085087972,0.34281869969882106,hard,0.2,0.33466401061363027,0.0970705248281209
aider-polyglot,aider-polyglot/polyglot_java_book-store,polyglot_java_book-store,0.5718137047968452,0.3391674482123391,easy,0.7076923076923077,0.38121574441119593,0.5571625185306508
gpqa-diamond,gpqa-diamond/132,132,0.5715692978039053,0.27212280487602075,easy,0.8923076923076925,0.2673561107228118,0.13540817840581568
aider-polyglot,aider-polyglot/polyglot_rust_acronym,polyglot_rust_acronym,0.571142151826095,0.3496988548107691,easy,0.8719999999999999,0.2821630734167744,0.6126456640207772
simpleqa,simpleqa/simpleqa-2775,simpleqa-2775,0.5709067110574589,0.3468678639603967,medium,0.4699999999999999,0.4208325082500162,0.13199236758617966
labbench,labbench/figqa-0022,figqa-0022,0.5707250951746182,0.44758701458007943,hard,0.12307692307692308,0.1846153846153846,0.06552317284718419
gpqa-diamond,gpqa-diamond/24,24,0.5703717731455171,0.2905356719526959,easy,0.8000000000000002,0.282842712474619,0.08383851602421795
kumo,kumo/sculptorenv-t4-a6-v1-s1,sculptorenv-t4-a6-v1-s1,0.5703144012068951,0.3675879878100965,easy,0.9313725294117647,0.19010515413074067,0.6408276629950462
mmmlu,mmmlu/mmmlu-de-de-00023,mmmlu-de-de-00023,0.5700972639913726,0.39599340914690095,easy,0.8125,0.3474860268973416,0.1803195024061781
swtbench,swtbench/django__django-16145,django__django-16145,0.5700650459844362,0.2950195185366671,medium,0.3333333333333333,0.26246692913372704,0.15045112436311134
replicationbench,replicationbench/galaxy_manifold__property_prediction,galaxy_manifold__property_prediction,0.5698875380964734,0.3314178637506677,hard,0.060000000000000005,0.1540562667772179,0.17484532214530682
replicationbench,replicationbench/muse_outflows__voronoi_binning_for_emission_lines_j080427,muse_outflows__voronoi_binning_for_emission_lines_j080427,0.5687559859497653,0.31804825133722325,hard,0.11000000000000001,0.20469489490458723,0.3833409244289295
gaia,gaia/cca70ce6-1952-45d2-acd4-80c903b0bc49,cca70ce6-1952-45d2-acd4-80c903b0bc49,0.5679052712944522,0.3423095630385197,hard,0.15,0.2889636655359978,0.2463870399604011
seal0,seal0/101,101,0.567875535210185,0.29044289904014886,medium,0.44038461538461543,0.354373561798528,0.3624157746089649
featurebench-modal,featurebench-modal/mlflow__mlflow.93dab383.test_jsonpath_utils.eb851c42.lv2,mlflow__mlflow.93dab383.test_jsonpath_utils.eb851c42.lv2,0.5678664263387573,0.32019224761240433,medium,0.42866668,0.4041319994919204,0.47345091660394306
bfcl,bfcl/bfcl-live-multiple-350-133-14,bfcl-live-multiple-350-133-14,0.5677454837838442,0.26551168160077004,saturated,0.9769230769230769,0.08461538461538463,-0.0019213884584441145
simpleqa,simpleqa/simpleqa-263,simpleqa-263,0.5675000777005781,0.37207874169282473,medium,0.5599999999999999,0.3878143885933063,0.2576208674021586
mmmlu,mmmlu/mmmlu-ko-kr-00106,mmmlu-ko-kr-00106,0.566845200558245,0.3995886476564561,medium,0.3333333333333333,0.47140452079103173,-0.03291146676241046
replicationbench,replicationbench/gw_nsbh__mass_gap_constraint,gw_nsbh__mass_gap_constraint,0.5662502598093628,0.4042050221988546,hard,0.28,0.39866443700602805,0.19434012046262616
swebench-multilingual,swebench-multilingual/redis__redis-13338,redis__redis-13338,0.5659718896875511,0.4597722934577134,hard,0.0833333076923077,0.2118296061727207,0.10056104210989604
simpleqa,simpleqa/simpleqa-4296,simpleqa-4296,0.5656304843371328,0.41255028491699164,easy,0.8700000000000001,0.25514701644346144,0.33260910596579035
featurebench-modal,featurebench-modal/sphinx-doc__sphinx.e347e59c.test_build_linkcheck.20428c8f.lv1,sphinx-doc__sphinx.e347e59c.test_build_linkcheck.20428c8f.lv1,0.565385203974454,0.3328102771053498,frontier,0.04615384615384615,0.11760680654938965,-0.017700001649609637
bfcl,bfcl/bfcl-live-multiple-198-90-0,bfcl-live-multiple-198-90-0,0.5650531919888018,0.26675449396085193,easy,0.9461538461538462,0.1622694085363768,0.572871207564304
reasoning-gym,reasoning-gym/reasoning-gym-algebra-simple-equations-easy00cea0a5-seed45-2,reasoning-gym-algebra-simple-equations-easy00cea0a5-seed45-2,0.5648871332180001,0.4176741345202447,easy,0.9400000000000001,0.16586479098621262,-0.042594159595605974
swebench-multilingual,swebench-multilingual/rubocop__rubocop-13653,rubocop__rubocop-13653,0.5645394214017674,0.45049582585193504,medium,0.5952381428571429,0.4573660243963498,0.40220151114176306
labbench,labbench/figqa-0095,figqa-0095,0.5640142621093465,0.3432728925340196,hard,0.26153846153846155,0.3627638806938953,0.1460354625791963
featurebench-modal,featurebench-modal/sphinx-doc__sphinx.e347e59c.test_domain_c.4068b9e8.lv1,sphinx-doc__sphinx.e347e59c.test_domain_c.4068b9e8.lv1,0.5627065530590074,0.33254682299168625,hard,0.18333334615384617,0.32228486430592396,0.2798548800056378
lawbench,lawbench/lawbench-1-1-12-zero-shot,lawbench-1-1-12-zero-shot,0.561804890039296,0.4046090658587453,medium,0.5997785555555556,0.30930226687196427,0.46636368219760443
seal0,seal0/41,41,0.5604741185120047,0.29976849772200426,hard,0.21089742307692308,0.26509723102435934,0.40741766775273913
reasoning-gym,reasoning-gym/reasoning-gym-algorithmic-game-of-life-easy00cea0a5-seed45-1,reasoning-gym-algorithmic-game-of-life-easy00cea0a5-seed45-1,0.5602728154471561,0.5000840373644794,easy,0.7121999999999999,0.3382430487090607,0.11422797507332816
gpqa-diamond,gpqa-diamond/31,31,0.5601375287900134,0.30002154748256793,easy,0.8458333333333333,0.3078543577010979,0.1467341140470893
bfcl,bfcl/bfcl-simple-python-169,bfcl-simple-python-169,0.5598093283438899,0.23202937874281862,saturated,0.9538461538461538,0.10088366960464615,0.2421217971157744
gaia,gaia/7dd30055-0198-452e-8c25-f73dbe27dcb8,7dd30055-0198-452e-8c25-f73dbe27dcb8,0.559688177671149,0.35691497970171093,hard,0.14,0.26907248094147423,-0.03989491643295955
simpleqa,simpleqa/simpleqa-140,simpleqa-140,0.5587706650681256,0.36861017557678943,medium,0.5599999999999999,0.4270831300812525,0.2908115078993983
simpleqa,simpleqa/simpleqa-4196,simpleqa-4196,0.5586969445927839,0.45011425763561147,easy,0.8,0.31622776601683794,0.39583326480581876
featurebench-modal,featurebench-modal/linkedin__liger-kernel.c856fbab.test_multi_token_attention.4c06a35b.lv1,linkedin__liger-kernel.c856fbab.test_multi_token_attention.4c06a35b.lv1,0.5586954554913138,0.3233320355544876,hard,0.21466668,0.2978187570542487,0.36328011040874836
aider-polyglot,aider-polyglot/polyglot_javascript_beer-song,polyglot_javascript_beer-song,0.5583027296865601,0.35213465278819944,medium,0.35200000000000004,0.4011184363750936,0.5050845319090853
swebench-multilingual,swebench-multilingual/tokio-rs__axum-734,tokio-rs__axum-734,0.5570879421964895,0.44398253097005724,hard,0.23076923076923078,0.37858522924885524,0.24501525870808646
simpleqa,simpleqa/simpleqa-3267,simpleqa-3267,0.5569693876422058,0.37648709166469113,medium,0.62,0.3789459064299283,0.16008732972464268
mmau,mmau/004fd9c5-1f2b-4c16-939b-4c75e39c84ba,004fd9c5-1f2b-4c16-939b-4c75e39c84ba,0.5552110564946013,0.40178068087770913,easy,0.8400000000000001,0.25768197453450253,0.5612033225156999
aider-polyglot,aider-polyglot/polyglot_python_pov,polyglot_python_pov,0.5549917736641514,0.373114766008728,medium,0.4,0.39191835884530857,0.3851902649889054
mmmlu,mmmlu/mmmlu-id-id-00075,mmmlu-id-id-00075,0.5546869577489907,0.43487075073154485,hard,0.254385947368421,0.37216146006078615,-0.0377080027281093
swebench-multilingual,swebench-multilingual/projectlombok__lombok-3326,projectlombok__lombok-3326,0.5542556648580512,0.4400477970121303,medium,0.3333333333333333,0.42491829279939874,0.3456943106577016
mmmlu,mmmlu/mmmlu-id-id-00072,mmmlu-id-id-00072,0.5540941372143007,0.5068058921230084,saturated,0.9666666666666667,0.12472191289246473,-0.10365355606901153
bfcl,bfcl/bfcl-live-multiple-344-133-8,bfcl-live-multiple-344-133-8,0.5537088091418366,0.24241089030627017,easy,0.8384615384615385,0.28294729473460806,0.32470343672929575
labbench,labbench/figqa-0079,figqa-0079,0.5533693523302037,0.35456947505393754,hard,0.27692307692307694,0.29911110915728584,0.2760386402938768
mmmlu,mmmlu/mmmlu-zh-cn-00123,mmmlu-zh-cn-00123,0.5531826298646076,0.5109628446935849,saturated,0.9736842105263158,0.11164843913471802,0.0540513817397064
mmmlu,mmmlu/mmmlu-ar-xy-00009,mmmlu-ar-xy-00009,0.5531826298646076,0.5109628446935849,saturated,0.9824561578947368,0.07443221832418592,0.0540513817397064
replicationbench,replicationbench/hubble_trails__satellite_chance_pre2020_acis,hubble_trails__satellite_chance_pre2020_acis,0.5530411973983318,0.36382918203988684,medium,0.5066666666666667,0.3696244340167763,0.4401080368976116
aider-polyglot,aider-polyglot/polyglot_python_react,polyglot_python_react,0.5529083810750455,0.35911386063532647,medium,0.376,0.38913236822448993,0.4805331890540535
gaia,gaia/6359a0b1-8f7b-499b-9336-840f9ab90688,6359a0b1-8f7b-499b-9336-840f9ab90688,0.5527767472410079,0.33045962778569976,hard,0.13999999999999999,0.2835489375751565,0.30619109812479584
seal0,seal0/66,66,0.5520415498938843,0.26042081340025885,medium,0.3794871923076923,0.4104486818678778,0.528504116504681
gpqa-diamond,gpqa-diamond/183,183,0.5517048138409181,0.3172004111341279,medium,0.5884615384615384,0.37527110515847595,0.5928965368106919
kumo,kumo/mythicenv-t4-a6-v1-s1,mythicenv-t4-a6-v1-s1,0.5517039865492731,0.3030359932191042,easy,0.9210526315789473,0.24404259198672906,0.610698899170511
simpleqa,simpleqa/simpleqa-1279,simpleqa-1279,0.5514774465749279,0.3745394545571941,saturated,0.96,0.10198039027185568,0.18869805032522646
kumo,kumo/computationenv-t4-a6-v1-s0,computationenv-t4-a6-v1-s0,0.5510930803859676,0.4584340816199735,easy,0.925,0.23848480035423641,0.6671251538326745
gaia,gaia/bfcd99e1-0690-4b53-a85c-0174a8629083,bfcd99e1-0690-4b53-a85c-0174a8629083,0.5508466979045107,0.3822419780426758,medium,0.6075,0.4207953778263254,0.2667377588368237
aider-polyglot,aider-polyglot/polyglot_rust_accumulate,polyglot_rust_accumulate,0.5503659936037176,0.3557883624982728,medium,0.376,0.40917477928142154,0.505610190584947
kumo,kumo/oskernelenv-t4-a6-v1-s1,oskernelenv-t4-a6-v1-s1,0.5501508388083755,0.29299088075125546,easy,0.9473684210526315,0.15344610249592897,0.5270146484890565
seal0,seal0/22,22,0.5494713651099928,0.2807558110073627,medium,0.5314102692307692,0.39514486917639147,0.30440042823401275
seal0,seal0/74,74,0.5489923340401001,0.2740874491235307,medium,0.6012820384615385,0.3739922013007841,0.24454538629475475
gpqa-diamond,gpqa-diamond/52,52,0.5487755472264829,0.3263182917129788,easy,0.8624999999999999,0.2762283173994537,0.2105016037886543
gpqa-diamond,gpqa-diamond/196,196,0.548477763584502,0.32927162407824273,easy,0.8730769230769232,0.2679088425733538,0.2451418051048545
gpqa-diamond,gpqa-diamond/23,23,0.5483797481114279,0.35318396390002543,easy,0.7999999999999999,0.2943920288775949,0.045851801054294296
labbench,labbench/figqa-0139,figqa-0139,0.5469438376788904,0.3867325414959841,hard,0.21538461538461545,0.30846057931943727,0.17814762739908954
gaia,gaia/6f37996b-2ac7-44b0-8e68-6d28256631b4,6f37996b-2ac7-44b0-8e68-6d28256631b4,0.5466902823127412,0.38700383061564353,hard,0.29999999999999993,0.3974921382870358,-0.027328760990018755
aider-polyglot,aider-polyglot/polyglot_javascript_palindrome-products,polyglot_javascript_palindrome-products,0.5462522789265237,0.32706563878125805,medium,0.6461538461538461,0.4307692307692308,0.6164175944512839
simpleqa,simpleqa/simpleqa-3743,simpleqa-3743,0.5459139624364655,0.3426775310000322,medium,0.41999999999999993,0.38935844667863573,0.2052829346032565
featurebench-modal,featurebench-modal/pandas-dev__pandas.82fa2715.test_string.dcfa24ea.lv1,pandas-dev__pandas.82fa2715.test_string.dcfa24ea.lv1,0.5458058493854991,0.32443327126211363,hard,0.1903846153846154,0.3497304541107971,0.3818142639709823
swesmith,swesmith/oauthlib__oauthlib.1fd52536.combine_file__8vq3niwz,oauthlib__oauthlib.1fd52536.combine_file__8vq3niwz,0.5457763356129431,0.2774789714356474,medium,0.3611111111111111,0.2965334698907226,0.44079876514395927
livecodebench,livecodebench/3535,3535,0.5456489770218976,0.41340547571387354,saturated,0.9800000000000001,0.08717797887081347,0.1984673381635858
mmmlu,mmmlu/mmmlu-ko-kr-00108,mmmlu-ko-kr-00108,0.5451474951411619,0.33208244673757165,medium,0.625,0.4366062299143245,0.43899470856495515
seal0,seal0/89,89,0.545146542980705,0.26609663001714096,hard,0.25448719230769234,0.28508351553833094,0.44951280113675846
gpqa-diamond,gpqa-diamond/86,86,0.5447809057430153,0.3295485509661443,easy,0.8923076923076925,0.2673561107228118,0.21737864258790135
labbench,labbench/figqa-0140,figqa-0140,0.5438601343803057,0.4075120894253716,medium,0.6307692307692307,0.44269214061348183,0.27619776024632375
reasoning-gym,reasoning-gym/reasoning-gym-games-sokoban-hard0292e21f-seed45-0,reasoning-gym-games-sokoban-hard0292e21f-seed45-0,0.5419465428890556,0.4317854440826012,hard,0.22333335,0.2652252989860272,0.1062743183846993
livecodebench,livecodebench/abc329_f,abc329_f,0.541758359834788,0.41671623777850164,easy,0.87333335,0.30250802340140914,0.18763355513175914
aider-polyglot,aider-polyglot/polyglot_javascript_grade-school,polyglot_javascript_grade-school,0.541481418944331,0.3753759341334844,medium,0.6679999999999999,0.376,0.3178468845422962
labbench,labbench/figqa-0047,figqa-0047,0.5413535120411588,0.3937178605218482,medium,0.32307692307692315,0.3377615138476946,0.5179160570606334
labbench,labbench/figqa-0130,figqa-0130,0.5409552652189319,0.4630967944721139,easy,0.7538461538461539,0.24997041245033724,0.04575215143659467
labbench,labbench/figqa-0058,figqa-0058,0.540598408122046,0.4148709211789969,medium,0.44615384615384623,0.3342393997292374,0.4528222307955337
medagentbench,medagentbench/task9_17,task9_17,0.5402920069674483,0.38712748340585174,medium,0.54,0.4152107898405339,0.2724180492895294
swebench-multilingual,swebench-multilingual/jqlang__jq-2750,jqlang__jq-2750,0.539768887593284,0.43395255127025445,medium,0.5230769230769231,0.4869905166567512,0.4668904178433012
gaia,gaia/a3fbeb63-0e8c-4a11-bff6-0e3b484c3e9c,a3fbeb63-0e8c-4a11-bff6-0e3b484c3e9c,0.5395905518738682,0.4045368396689376,medium,0.65,0.4043513323831146,0.026496376711635586
labbench,labbench/figqa-0143,figqa-0143,0.5394676817479478,0.3148313138780789,medium,0.47000000000000003,0.41121770389904183,-0.029324135247334147
simpleqa,simpleqa/simpleqa-1653,simpleqa-1653,0.5381205437665232,0.3870903063805832,medium,0.41000000000000003,0.2718455443813637,0.4343249601775545
kumo,kumo/circusactenv-t4-a6-v1-s1,circusactenv-t4-a6-v1-s1,0.5378580684363607,0.38657612962350074,easy,0.9473684210526315,0.22329687826943603,0.1126008829599061
kumo,kumo/rocketfuelenv-t4-a6-v1-s0,rocketfuelenv-t4-a6-v1-s0,0.5371787691949873,0.3857184522688191,easy,0.9375,0.24206145913796356,0.11145557460611434
featurebench-modal,featurebench-modal/pandas-dev__pandas.82fa2715.test_struct_accessor.3b465152.lv1,pandas-dev__pandas.82fa2715.test_struct_accessor.3b465152.lv1,0.5367603007325753,0.31299092401496137,hard,0.18589742307692306,0.3200124239965805,0.2920055456081984
gpqa-diamond,gpqa-diamond/110,110,0.5356143586857367,0.34341282407802465,easy,0.8428571428571429,0.28464084064530387,0.19535667606342802
simpleqa,simpleqa/simpleqa-1002,simpleqa-1002,0.535431553180022,0.38491989197267507,easy,0.76,0.32619012860600183,0.4205215702183028
gpqa-diamond,gpqa-diamond/91,91,0.5353365133146277,0.3041027180031396,easy,0.7653846153846153,0.3218842454293489,0.30543229295417834
mmau,mmau/aa0c930c-11f7-406e-b717-5f138b57e21a,aa0c930c-11f7-406e-b717-5f138b57e21a,0.5345623256052141,0.4726649771227093,easy,0.9200000000000002,0.2315167380558045,0.24766981113857436
gpqa-diamond,gpqa-diamond/131,131,0.5340779182062548,0.32560019540744223,medium,0.5846153846153845,0.387985237320569,0.2666359695202161
simpleqa,simpleqa/simpleqa-4077,simpleqa-4077,0.534001675880973,0.4082634854805589,easy,0.76,0.3382306905057552,0.24186509932897293
replicationbench,replicationbench/gw_nsbh__default_mtov,gw_nsbh__default_mtov,0.5338753154003476,0.32854793941108074,hard,0.05333333333333334,0.11469767022723505,0.3736058543897092
bfcl,bfcl/bfcl-parallel-multiple-13,bfcl-parallel-multiple-13,0.5334244936149727,0.24934752858324094,easy,0.7999999999999999,0.29871519752227077,0.2624454290079177
labbench,labbench/figqa-0178,figqa-0178,0.5330703399369988,0.460959893822459,medium,0.5692307692307692,0.42856579314412674,0.2030805541087196
seal0,seal0/90,90,0.5330315403982196,0.2644815747236208,hard,0.21794873076923083,0.30693284209987115,0.4689214686127249
bixbench,bixbench/bix-3-q5,bix-3-q5,0.5325364607613128,0.2904182447449649,easy,0.7982456315789473,0.2473777433853806,0.09281639721311113
gaia,gaia/ad2b4d70-9314-4fe6-bfbe-894a45f6055f,ad2b4d70-9314-4fe6-bfbe-894a45f6055f,0.5321403398721446,0.3270919803047654,hard,0.22999999999999998,0.3963584236521283,-0.18603823161268876
simpleqa,simpleqa/simpleqa-661,simpleqa-661,0.5319547785098786,0.4507079789615102,medium,0.5,0.412310562561766,0.2811505617347526
kumo,kumo/fantasyenv-t4-a6-v1-s1,fantasyenv-t4-a6-v1-s1,0.5313538893511072,0.29772052785942177,easy,0.9117647058823529,0.2564058202082749,0.4766917536847404
featurebench-modal,featurebench-modal/lightning-ai__pytorch-lightning.126fa6f1.test_fsdp_integration.61c07610.lv2,lightning-ai__pytorch-lightning.126fa6f1.test_fsdp_integration.61c07610.lv2,0.5313503283636031,0.29828211036430585,medium,0.6653846153846155,0.416202897720578,0.4823587126099012
labbench,labbench/figqa-0021,figqa-0021,0.5310317188397432,0.32139405936068854,medium,0.54,0.3746998799039039,0.31320376300647296
kumo,kumo/chemicalenv-t12-a16-v1-s1,chemicalenv-t12-a16-v1-s1,0.5305863702495447,0.28424852062354516,easy,0.7183333000000001,0.3995101488072737,0.3303267819122984
reasoning-gym,reasoning-gym/reasoning-gym-cognition-modulo-grid-hard0292e21f-seed45-2,reasoning-gym-cognition-modulo-grid-hard0292e21f-seed45-2,0.5303072955762077,0.41422384189966793,hard,0.15894850000000002,0.2571679375230318,0.05605740419271315
gpqa-diamond,gpqa-diamond/61,61,0.5301999562754068,0.4263562019647759,easy,0.8375,0.21517918889458926,0.7059247348948717
gaia,gaia/840bfca7-4f7b-481a-8794-c560c340185d,840bfca7-4f7b-481a-8794-c560c340185d,0.529017981301416,0.3421998912587913,medium,0.37250000000000005,0.41996279597126224,0.06230166028385916
reasoning-gym,reasoning-gym/reasoning-gym-algorithmic-number-filtering-hard0292e21f-seed45-0,reasoning-gym-algorithmic-number-filtering-hard0292e21f-seed45-0,0.5284695158963647,0.33896845835078665,easy,0.8800000000000001,0.2481934729198171,0.615447356165331
gpqa-diamond,gpqa-diamond/184,184,0.5265823460540388,0.21749846743648232,saturated,0.9846153846153847,0.05329387100211929,0.6793134733258529
gpqa-diamond,gpqa-diamond/82,82,0.5264979586258609,0.21728440501432286,saturated,0.9846153846153847,0.05329387100211929,0.6848845301268809
gpqa-diamond,gpqa-diamond/72,72,0.5261979351390332,0.21748288479502392,saturated,0.9583333333333334,0.13819269959814165,0.6796510698524122
gpqa-diamond,gpqa-diamond/177,177,0.5261979351390331,0.21748288479502387,saturated,0.9666666666666667,0.11055415967851334,0.6796510698524122
gpqa-diamond,gpqa-diamond/35,35,0.5261979351390331,0.21748288479502387,saturated,0.9833333333333334,0.05527707983925664,0.6796510698524123
medagentbench,medagentbench/task1_15,task1_15,0.5261045324555242,0.3994436229379992,medium,0.6100000000000001,0.36041642581880196,0.11949916008769211
gpqa-diamond,gpqa-diamond/171,171,0.5258260972056724,0.2175589091061946,saturated,0.9791666666666666,0.06909634979907082,0.6794122014427905
gpqa-diamond,gpqa-diamond/51,51,0.5254167569673301,0.2869635576169383,easy,0.8833333333333333,0.2881936077631764,0.08517982767225903
gpqa-diamond,gpqa-diamond/68,68,0.5254167569673301,0.2869635576169383,easy,0.8833333333333333,0.2881936077631764,0.08517982767225903
simpleqa,simpleqa/simpleqa-1375,simpleqa-1375,0.5251678186182281,0.36483336175636777,medium,0.48,0.42142615011410955,0.21050020780716677
featurebench-modal,featurebench-modal/sphinx-doc__sphinx.e347e59c.test_ext_intersphinx.04901873.lv1,sphinx-doc__sphinx.e347e59c.test_ext_intersphinx.04901873.lv1,0.5250552934282834,0.30164734178193026,hard,0.1448718076923077,0.2901432690946398,0.32070431060046606
gpqa-diamond,gpqa-diamond/127,127,0.5247978177018859,0.2854215463371677,easy,0.7807692307692307,0.28792257341866007,0.4465853799609337
kumo,kumo/celestialenv-t4-a6-v1-s0,celestialenv-t4-a6-v1-s0,0.5239505383432703,0.402423238335228,easy,0.92083335,0.22893926262707215,0.1425652527526161
bfcl,bfcl/bfcl-multiple-105,bfcl-multiple-105,0.5236945591536001,0.24304729565937047,saturated,0.9769230769230769,0.11538461538461536,0.7106184255395749
gpqa-diamond,gpqa-diamond/119,119,0.5233719961711918,0.2165925244636507,saturated,0.9857142857142858,0.05150787536377125,0.6932024738031858
featurebench-modal,featurebench-modal/mlflow__mlflow.93dab383.test_span.69efd376.lv1,mlflow__mlflow.93dab383.test_span.69efd376.lv1,0.5233413266263218,0.31459954781565036,hard,0.12066668,0.25242295437090817,0.30139748311706466
strongreject,strongreject/strongreject_illegal_goods_and_services_0013_prefix_injection,strongreject_illegal_goods_and_services_0013_prefix_injection,0.5232893555872855,0.25372108168514385,saturated,0.9637499999999999,0.1580100867033494,-0.07171063968554829
gaia,gaia/4d51c4bf-4b0e-4f3d-897b-3f6687a7d9f2,4d51c4bf-4b0e-4f3d-897b-3f6687a7d9f2,0.5229478571962987,0.31939059595911684,medium,0.37,0.3702701716314724,0.4664613193521303
replicationbench,replicationbench/bayes_cal__evidence,bayes_cal__evidence,0.5227142124229255,0.29726794103162346,hard,0.057777800000000004,0.17017065479421922,0.31833753180517166
bfcl,bfcl/bfcl-live-simple-173-99-7,bfcl-live-simple-173-99-7,0.5226315736990589,0.24109798628959567,easy,0.9076923076923078,0.20925339244208374,0.45005063484977503
swebench-multilingual,swebench-multilingual/projectlombok__lombok-3422,projectlombok__lombok-3422,0.5216853921343183,0.43056402213896156,medium,0.5807692307692307,0.46555940773458493,0.36857582746247963
featurebench-modal,featurebench-modal/sympy__sympy.c1097516.test_runtests_pytest.71d43c5f.lv1,sympy__sympy.c1097516.test_runtests_pytest.71d43c5f.lv1,0.5215806958695123,0.30434919256360393,medium,0.3301281923076923,0.3897736365568748,0.386088829248142
gaia,gaia/f2feb6a4-363c-4c09-a804-0db564eafd68,f2feb6a4-363c-4c09-a804-0db564eafd68,0.521492766810684,0.3154230234631534,hard,0.28,0.33704599092705434,0.34016874798424407
swe-lancer,swe-lancer/25562-manager-0,25562-manager-0,0.521461257629805,0.3882906759522511,medium,0.4117647058823529,0.3968735951396,0.30595923824400456
gpqa-diamond,gpqa-diamond/120,120,0.5213649001392276,0.30144190506241564,easy,0.7714285714285715,0.3080551236121118,0.5801078304829745
swesmith,swesmith/oauthlib__oauthlib.1fd52536.combine_file__kruun5qz,oauthlib__oauthlib.1fd52536.combine_file__kruun5qz,0.5201024335663255,0.2103584836214731,hard,0.08235294117647059,0.2478977353612409,0.2989120022730883
bfcl,bfcl/bfcl-irrelevance-13,bfcl-irrelevance-13,0.519775490261334,0.24734266349776826,saturated,0.9846153846153847,0.053293871002119284,0.3187994760881022
mmmlu,mmmlu/mmmlu-ko-kr-00104,mmmlu-ko-kr-00104,0.5196240660145222,0.32999889887758693,easy,0.8228070000000001,0.3093197173389236,0.23616345121061166
kumo,kumo/marineenv-t4-a6-v1-s1,marineenv-t4-a6-v1-s1,0.5194529607013918,0.4092106410366406,easy,0.9375,0.24206145913796356,0.19098112405641446
kumo,kumo/currencyenv-t4-a6-v1-s1,currencyenv-t4-a6-v1-s1,0.5190462672163733,0.2921682174928164,saturated,0.9791666875,0.08068707235883481,-0.23846805527243561
featurebench-modal,featurebench-modal/pandas-dev__pandas.82fa2715.test_info.d8a64ebf.lv1,pandas-dev__pandas.82fa2715.test_info.d8a64ebf.lv1,0.5186159976381111,0.3011795099309499,hard,0.23076923076923078,0.4213250442347432,0.4285571450498668
labbench,labbench/figqa-0044,figqa-0044,0.5181296093871944,0.33024289313053773,medium,0.5230769230769231,0.3640664481907456,0.5432267043180014
gaia,gaia/16d825ff-1623-4176-a5b5-42e0f5c2b0ac,16d825ff-1623-4176-a5b5-42e0f5c2b0ac,0.5177580823245258,0.30691656513818055,hard,0.09,0.2211334438749598,0.39165015297309064
mmau,mmau/2cf092cc-252b-4de8-9e51-cc17f5cae742,2cf092cc-252b-4de8-9e51-cc17f5cae742,0.5168150166753014,0.44563344781505365,easy,0.9400000000000001,0.19078784028338913,0.17598966557186166
gpqa-diamond,gpqa-diamond/42,42,0.5165095641283155,0.2363905232087565,medium,0.6708333333333334,0.3710673418966189,0.48497365252789204
livecodebench,livecodebench/arc196_c,arc196_c,0.516450693355237,0.3481951651935525,medium,0.3071428571428571,0.3895313772695994,0.3399736718173078
simpleqa,simpleqa/simpleqa-1102,simpleqa-1102,0.5155724078633762,0.3668826218986925,saturated,0.9800000000000001,0.05999999999999999,0.29699847622409187
simpleqa,simpleqa/simpleqa-3129,simpleqa-3129,0.5155724078633748,0.366882621898692,saturated,0.96,0.12,0.29699847622409037
swebench-multilingual,swebench-multilingual/projectlombok__lombok-3602,projectlombok__lombok-3602,0.5154409991625091,0.4116366069195092,medium,0.5384615384615384,0.41424344670265417,0.3099017355469898
swebench-multilingual,swebench-multilingual/sharkdp__bat-2260,sharkdp__bat-2260,0.5146822634921271,0.40809145723273826,medium,0.35897438461538467,0.46153847863248687,0.1722517763562359
bfcl,bfcl/bfcl-simple-python-161,bfcl-simple-python-161,0.5146398753360776,0.250104847827309,easy,0.9307692307692308,0.1658758357911371,0.03548522533063597
bigcodebench,bigcodebench/bigcodebench_1004,bigcodebench_1004,0.5141719397507488,0.22085678101110973,medium,0.65866664,0.3606512991427459,0.4693171841680419
swtbench,swtbench/scikit-learn__scikit-learn-10908,scikit-learn__scikit-learn-10908,0.5140281757717888,0.35486275184952376,medium,0.5375,0.2807170877116912,-0.054814903873180214
gaia,gaia/853c8244-429e-46ca-89f2-addf40dfb2bd,853c8244-429e-46ca-89f2-addf40dfb2bd,0.513719746631501,0.31624206667180116,hard,0.15,0.26739483914241874,-0.2458703030104194
labbench,labbench/figqa-0115,figqa-0115,0.5136597890071416,0.48011146784896847,hard,0.2,0.2601774542351964,-0.1887276166059015
medagentbench,medagentbench/task7_13,task7_13,0.5131026974132086,0.5200891377964652,frontier,0.030000000000000006,0.09539392014169457,0.22207818709295737
seal0,seal0/110,110,0.5119035544956074,0.24474020654683856,medium,0.4384615384615384,0.36461457318961965,0.14681489793019578
bfcl,bfcl/bfcl-live-irrelevance-354-81-15,bfcl-live-irrelevance-354-81-15,0.5118261712672894,0.2509316497206987,easy,0.9076923076923076,0.21648072737646595,0.3217927489315767
gaia,gaia/c526d8d6-5987-4da9-b24c-83466fa172f3,c526d8d6-5987-4da9-b24c-83466fa172f3,0.5118198860645964,0.3035357807710354,hard,0.1,0.223606797749979,0.39452853601683463
bixbench,bixbench/bix-25-q1,bix-25-q1,0.5115202284229986,0.26271799189789014,hard,0.07105263157894737,0.1873048384134131,0.3679817085371851
reasoning-gym,reasoning-gym/reasoning-gym-games-n-queens-hard0292e21f-seed45-1,reasoning-gym-games-n-queens-hard0292e21f-seed45-1,0.5112239081661734,0.27669923368665905,medium,0.3,0.3376388603226826,0.3689726760705528
featurebench-modal,featurebench-modal/mlflow__mlflow.93dab383.test_presigned_url_artifact_repo.8d57288e.lv1,mlflow__mlflow.93dab383.test_presigned_url_artifact_repo.8d57288e.lv1,0.5107123976829644,0.3062924984978787,hard,0.07400000000000001,0.22676860452893385,0.2373618628289115
livecodebench,livecodebench/abc351_f,abc351_f,0.5105379243223483,0.3385698803719917,easy,0.9400000000000001,0.22000000000000003,0.47218860721793143
kumo,kumo/geneticenv-t4-a6-v1-s1,geneticenv-t4-a6-v1-s1,0.5095312058352068,0.3864350895467673,easy,0.9444444444444444,0.2290614236454256,0.1740049987165007
seal0,seal0/19,19,0.5094594916435442,0.25858862358336704,easy,0.7230769230769233,0.3340401775785158,0.22742309502052355
gpqa-diamond,gpqa-diamond/77,77,0.5091688440812149,0.27199586603423764,saturated,0.96,0.13564659966250533,0.033416329479405565
simpleqa,simpleqa/simpleqa-3698,simpleqa-3698,0.5086458916388501,0.415187901662791,easy,0.79,0.3433656942677879,0.2676550187620486
swebench-multilingual,swebench-multilingual/axios__axios-6539,axios__axios-6539,0.5085868146738415,0.405520258774523,medium,0.3423076923076923,0.42419432858345346,0.2718471185494796
bixbench,bixbench/bix-45-q6,bix-45-q6,0.5072703408300152,0.2602355551299663,hard,0.07368421052631578,0.19692933614599695,0.3638994623636428
gpqa-diamond,gpqa-diamond/21,21,0.5060428309537987,0.28289275912968437,easy,0.8041666666666667,0.2975303439240367,0.6285056058360735
crustbench,crustbench/crustbench-impcheck,crustbench-impcheck,0.5053246634255438,0.36032922254131633,hard,0.22063490476190478,0.34356921418875214,0.3070018306885415
gpqa-diamond,gpqa-diamond/66,66,0.5049408594522498,0.38704149986847636,easy,0.8666666666666667,0.28674417556808757,0.30059610234790635
simpleqa,simpleqa/simpleqa-131,simpleqa-131,0.5045114909812924,0.35190850241153054,easy,0.72,0.3762977544445356,0.23370810663677266
labbench,labbench/figqa-0092,figqa-0092,0.5044782232157983,0.31841329800695967,medium,0.38461538461538464,0.387985237320569,0.24393066301285812
labbench,labbench/figqa-0042,figqa-0042,0.5041392216201055,0.44464420917162856,hard,0.16923076923076924,0.2699989042274499,-0.007750662306295093
replicationbench,replicationbench/eht_resolve__eht_ring_width,eht_resolve__eht_ring_width,0.5037415066344988,0.32699293597377627,hard,0.24000000000000005,0.2823709144606316,0.513817148260018
simpleqa,simpleqa/simpleqa-2000,simpleqa-2000,0.5036869350238191,0.3666788794382332,easy,0.8775000000000001,0.27224758952100936,0.16956167141247772
kumo,kumo/historicalenv-t4-a6-v1-s1,historicalenv-t4-a6-v1-s1,0.5036025768262608,0.3880198281522416,easy,0.9444444444444444,0.2290614236454256,0.16827583266541507
simpleqa,simpleqa/simpleqa-3086,simpleqa-3086,0.503576915994722,0.38207353734795607,easy,0.9099999999999999,0.22338307903688676,0.27702588043031534
mmmlu,mmmlu/mmmlu-hi-in-00063,mmmlu-hi-in-00063,0.5035205051998441,0.3156547151893866,easy,0.9375,0.16535945694153692,0.2240757403177584
bfcl,bfcl/bfcl-multiple-170,bfcl-multiple-170,0.5032134092141947,0.23027269782293375,saturated,0.9692307692307693,0.12015768732164081,0.6767419870546247
lawbench,lawbench/lawbench-1-1-9-zero-shot,lawbench-1-1-9-zero-shot,0.5024174902759703,0.36333304783249143,medium,0.49758925,0.3373761536935998,0.44347719061522606
gpqa-diamond,gpqa-diamond/44,44,0.5013778301679335,0.24743057566360882,easy,0.9399999999999998,0.128062484748657,0.23531147428633464
swe-lancer,swe-lancer/15321,15321,0.5004252665472224,0.41033882894557633,frontier,0.047058823529411764,0.10910139406465534,0.028858714981785858
replicationbench,replicationbench/abacus__lattice_force_error,abacus__lattice_force_error,0.5000616589383923,0.3030076090857738,medium,0.4029411764705882,0.4045587968011623,0.38817208460578967
labbench,labbench/figqa-0159,figqa-0159,0.49916815283735083,0.3304131548160615,easy,0.75,0.3246299668616799,0.3725474749726343
mmmlu,mmmlu/mmmlu-ar-xy-00006,mmmlu-ar-xy-00006,0.4990106933728974,0.4495465349092522,easy,0.9444444444444444,0.15713484026367724,0.44627489550019395
labbench,labbench/figqa-0005,figqa-0005,0.49882558494534085,0.3883029410822742,medium,0.5846153846153845,0.4110888989503812,0.48112589975214104
medagentbench,medagentbench/task5_26,task5_26,0.49867088068005505,0.3968936309175794,easy,0.9099999999999999,0.22338307903688673,0.08358228864056284
featurebench-modal,featurebench-modal/pandas-dev__pandas.82fa2715.test_all_methods.c74b49a1.lv1,pandas-dev__pandas.82fa2715.test_all_methods.c74b49a1.lv1,0.4985131813943481,0.3368879565259904,hard,0.07692307692307693,0.26646935501059654,0.1561811644362759
bigcodebench,bigcodebench/bigcodebench_1022,bigcodebench_1022,0.49841693619732835,0.13976876157969106,hard,0.2992753913043478,0.3949096252819437,0.31666696194124805
kumo,kumo/mathematicalenv-t4-a6-v1-s1,mathematicalenv-t4-a6-v1-s1,0.4982856124959036,0.46061988052476466,easy,0.9078947368421053,0.24616167018249613,0.6382100344345022
kumo,kumo/licenseenv-t4-a6-v1-s1,licenseenv-t4-a6-v1-s1,0.49825656436054117,0.41325946597449104,easy,0.9411764705882353,0.23529411764705885,0.15738796623816062
seal0,seal0/49,49,0.49810244702693035,0.26035792215750725,medium,0.6089743846153847,0.38713915947221367,0.4949387189861913
simpleqa,simpleqa/simpleqa-683,simpleqa-683,0.49758606897912544,0.3563467300743156,medium,0.68,0.2925747767665559,0.46682981753782526
featurebench-modal,featurebench-modal/pydantic__pydantic.e1dcaf9e.test_types_self.3ae7e16d.lv1,pydantic__pydantic.e1dcaf9e.test_types_self.3ae7e16d.lv1,0.4964045174962308,0.28732057447234266,hard,0.1769230769230769,0.32852548467788645,0.20060202466963414
featurebench-modal,featurebench-modal/pydata__xarray.97f3a746.test_coordinate_transform.6cacb660.lv1,pydata__xarray.97f3a746.test_coordinate_transform.6cacb660.lv1,0.49625658215674734,0.3208480155222356,hard,0.12820511538461538,0.2803679277038446,0.41980356702962346
seal0,seal0/72,72,0.4958034323717728,0.26840905588422465,hard,0.13846153846153847,0.27606705299886714,0.31185574408694694
bfcl,bfcl/bfcl-parallel-170,bfcl-parallel-170,0.4955569637946896,0.26589826599610683,easy,0.9307692307692308,0.19955571955496687,0.006324140856391209
gpqa-diamond,gpqa-diamond/3,3,0.49543279373032845,0.3402328656796108,easy,0.9199999999999999,0.17204650534085253,0.3286308623594139
mmmlu,mmmlu/mmmlu-hi-in-00068,mmmlu-hi-in-00068,0.49534010035529025,0.30336327453641493,easy,0.7009804117647059,0.41327919265353763,0.2791102036247887
seal0,seal0/60,60,0.49467717168233066,0.2485976489399809,hard,0.1455128076923077,0.23064187037516698,0.40631831276377356
crustbench,crustbench/crustbench-libm17,crustbench-libm17,0.4943081321789923,0.35408531420936323,hard,0.15454545454545457,0.34075754207256936,0.4068461727663019
swtbench,swtbench/sphinx-doc__sphinx-9673,sphinx-doc__sphinx-9673,0.49395392787105474,0.33845878825037284,medium,0.3,0.33166247903553997,-0.032337228039387926
labbench,labbench/figqa-0024,figqa-0024,0.49239136047921733,0.45123476043845434,medium,0.5846153846153845,0.44694889373335234,0.21751605371891441
gpqa-diamond,gpqa-diamond/80,80,0.4917064694667811,0.42699445075735076,easy,0.8153846153846155,0.2983187604563895,0.394727294763179
aider-polyglot,aider-polyglot/polyglot_java_change,polyglot_java_change,0.4915834518211219,0.3209519634107486,hard,0.21600000000000003,0.3748919844435194,0.16540277664776093
gpqa-diamond,gpqa-diamond/14,14,0.4913775966297238,0.24763352981831846,easy,0.9076923076923078,0.2673561107228118,0.05083098628684389
gaia,gaia/cca530fc-4052-43b2-b130-b30968d8aa44,cca530fc-4052-43b2-b130-b30968d8aa44,0.491101685757597,0.2980808841301353,hard,0.06153846153846154,0.17337581030130222,-0.0728254182022962
gpqa-diamond,gpqa-diamond/95,95,0.4909615430168175,0.2704851328642635,easy,0.8769230769230769,0.2777764628502737,0.08741287522089373
labbench,labbench/figqa-0158,figqa-0158,0.4907003089021141,0.44360223496487516,medium,0.41538461538461535,0.34606836551390746,0.06528768050576406
replicationbench,replicationbench/lensing_dr6_growth__params,lensing_dr6_growth__params,0.49054537944205173,0.3148484388348222,hard,0.13333333333333333,0.1885618083164127,0.3800045979126674
swtbench,swtbench/sympy__sympy-13372,sympy__sympy-13372,0.49000869286623977,0.44636133945767326,medium,0.49523809523809514,0.32436926411288386,0.511910648502545
bfcl,bfcl/bfcl-live-irrelevance-564-172-5,bfcl-live-irrelevance-564-172-5,0.4899621061975519,0.23005842285422407,hard,0.08461538461538462,0.22987004303821437,-0.3949991819496517
labbench,labbench/figqa-0037,figqa-0037,0.4898704369853171,0.41912194250580215,hard,0.2,0.3038218101251,0.4663728100539243
reasoning-gym,reasoning-gym/reasoning-gym-algorithmic-number-filtering-hard0292e21f-seed45-2,reasoning-gym-algorithmic-number-filtering-hard0292e21f-seed45-2,0.48942591293284365,0.2738678190361366,easy,0.8333333500000002,0.20923138441024447,0.41403879957707557
gaia,gaia/65da0822-a48a-4a68-bbad-8ed1b835a834,65da0822-a48a-4a68-bbad-8ed1b835a834,0.48883369615342437,0.2898305844709955,medium,0.6153846153846153,0.3919304370109845,0.3678339349173855
kumo,kumo/timetravelenv-t4-a6-v1-s0,timetravelenv-t4-a6-v1-s0,0.4888231556032412,0.4156969316513605,easy,0.9444444444444444,0.2290614236454256,0.14043406538562103
mmmlu,mmmlu/mmmlu-hi-in-00067,mmmlu-hi-in-00067,0.48878775552880344,0.29624700477253607,easy,0.9411764705882353,0.16109486985446062,0.5320506720595309
livecodebench,livecodebench/arc196_a,arc196_a,0.4876814274130054,0.3145407783637794,medium,0.35000000000000003,0.411877235523957,0.3965981494107161
labbench,labbench/figqa-0006,figqa-0006,0.4873375351957476,0.31627066099843204,hard,0.15384615384615385,0.273482905148172,0.28467952612804714
simpleqa,simpleqa/simpleqa-348,simpleqa-348,0.48704949645903767,0.40983407251790516,medium,0.48,0.4214261501141096,0.27457247017246594
labbench,labbench/figqa-0169,figqa-0169,0.4866820614208588,0.46373977879861944,hard,0.26153846153846155,0.35418044409911814,-0.10785352670630254
gaia,gaia/ad37a656-079a-49f9-a493-7b739c9167d1,ad37a656-079a-49f9-a493-7b739c9167d1,0.4863307795352474,0.30229465039865583,medium,0.6799999999999999,0.34292856398964494,0.006883184974726933
swebenchpro,swebenchpro/instance_nodebb__nodebb-8ca65b0c78c67c1653487c02d1135e1b702185e1-vf2cf3cbd463b7ad942381f1c6d077626485a1e9e,instance_nodebb__nodebb-8ca65b0c78c67c1653487c02d1135e1b702185e1-vf2cf3cbd463b7ad942381f1c6d077626485a1e9e,0.4860590194344298,0.22770572177595005,frontier,0.03,0.1307669683062202,0.22804193513994073
simpleqa,simpleqa/simpleqa-320,simpleqa-320,0.486034901952906,0.34510282988243396,medium,0.63,0.40632499307820086,0.08075502687486984
featurebench-modal,featurebench-modal/mlflow__mlflow.93dab383.test_serialization.2c029be6.lv1,mlflow__mlflow.93dab383.test_serialization.2c029be6.lv1,0.4856857190386307,0.2999325039963858,hard,0.14800000000000002,0.2787400222429495,0.3757426692542669
swesmith,swesmith/oauthlib__oauthlib.1fd52536.combine_file__dq69f6h1,oauthlib__oauthlib.1fd52536.combine_file__dq69f6h1,0.48557872288101644,0.22104727497365964,hard,0.05555555555555555,0.111665284679121,0.18064876360766338
swtbench,swtbench/pydata__xarray-4356,pydata__xarray-4356,0.4855459192737676,0.20994217808922347,hard,0.08333333333333333,0.17240134054647663,0.2644478608323619
bixbench,bixbench/bix-61-q2,bix-61-q2,0.4849701837925107,0.3620055085507763,medium,0.5599999999999999,0.4586937976471886,0.487597956937988
mmau,mmau/f2b53917-8dad-4d75-a1b1-f26887587a76,f2b53917-8dad-4d75-a1b1-f26887587a76,0.484698294202133,0.4078902355032509,easy,0.7700000000000001,0.28478061731796284,0.44779250367625795
kumo,kumo/transportenv-t4-a6-v1-s1,transportenv-t4-a6-v1-s1,0.4842401379898921,0.38546831825905825,easy,0.9324561578947369,0.14084886401061364,0.5816251371528128
aider-polyglot,aider-polyglot/polyglot_javascript_house,polyglot_javascript_house,0.48284088995252444,0.30279966703931205,medium,0.35200000000000004,0.4167685208841954,0.42410756492187784
gpqa-diamond,gpqa-diamond/25,25,0.48184652997092875,0.3588577842702058,easy,0.8166666666666668,0.2881936077631764,0.6087019856545105
swtbench,swtbench/astropy__astropy-14365,astropy__astropy-14365,0.4813791669173425,0.2964243676901179,medium,0.3928571428571429,0.3514547028612155,0.05685548945365819
reasoning-gym,reasoning-gym/reasoning-gym-algorithmic-isomorphic-strings-hard0292e21f-seed45-1,reasoning-gym-algorithmic-isomorphic-strings-hard0292e21f-seed45-1,0.48102726386290934,0.32535768238618773,easy,0.8200000000000001,0.2821347195933177,0.3128109427848368
mmmlu,mmmlu/mmmlu-ko-kr-00103,mmmlu-ko-kr-00103,0.48070142731408533,0.4405326596229268,easy,0.770833375,0.38583872161465904,0.07572681993411508
kumo,kumo/softwareenv-t4-a6-v1-s0,softwareenv-t4-a6-v1-s0,0.4803245573723476,0.3884582615824051,easy,0.9333333333333333,0.23094010767585033,0.14661583131565092
aider-polyglot,aider-polyglot/polyglot_javascript_go-counting,polyglot_javascript_go-counting,0.4798247436237564,0.325047200073993,medium,0.308,0.37300938325999256,0.4273330970593953
aider-polyglot,aider-polyglot/polyglot_java_pig-latin,polyglot_java_pig-latin,0.4797817577091615,0.32355814095900726,medium,0.32,0.4525483399593904,0.3021497550534051
seal0,seal0/15,15,0.4791173411540016,0.25520483157763724,medium,0.4955128461538462,0.38989802806371865,0.17551729817373063
aider-polyglot,aider-polyglot/polyglot_java_transpose,polyglot_java_transpose,0.47908413452641163,0.3294178832721967,medium,0.336,0.4222605830526927,0.19953814372838458
replicationbench,replicationbench/gw_cosmo__h0_scaling,gw_cosmo__h0_scaling,0.4788515478007327,0.32949095022084524,hard,0.23000000000000004,0.25514701644346144,0.23177938122880215
bfcl,bfcl/bfcl-simple-python-325,bfcl-simple-python-325,0.4784980662839232,0.2617240491738214,easy,0.9384615384615385,0.13323467750529824,0.11466826897870078
swtbench,swtbench/django__django-13810,django__django-13810,0.47844781530138886,0.37853971423628857,medium,0.5615384615384615,0.2815846956572789,-0.05745585651849733
reasoning-gym,reasoning-gym/reasoning-gym-cognition-modulo-grid-hard0292e21f-seed45-0,reasoning-gym-cognition-modulo-grid-hard0292e21f-seed45-0,0.47791938165062015,0.5027379478801117,hard,0.21000000000000002,0.3315116890850155,-0.02062360055798173
simpleqa,simpleqa/simpleqa-2958,simpleqa-2958,0.4768198160860598,0.37907765213261196,easy,0.75,0.39937451095431714,0.1208937126470963
mmmlu,mmmlu/mmmlu-id-id-00076,mmmlu-id-id-00076,0.4765267580557369,0.31305188352614743,easy,0.8981481666666666,0.25542802440527806,-0.048430858146333175
aider-polyglot,aider-polyglot/polyglot_java_word-search,polyglot_java_word-search,0.476305594802917,0.3165665744417856,hard,0.16,0.3046309242345563,0.24184079739574696
aider-polyglot,aider-polyglot/polyglot_javascript_promises,polyglot_javascript_promises,0.47613013960484474,0.2925204262528897,saturated,0.9538461538461539,0.12779421327566268,0.6960261251048432
gaia,gaia/72e110e7-464c-453c-a309-90a95aed6538,72e110e7-464c-453c-a309-90a95aed6538,0.4757981509095152,0.29455929204943465,hard,0.1825,0.3030160886817728,-0.11647383104619775
gaia,gaia/67e8878b-5cef-4375-804e-e6291fdbe78a,67e8878b-5cef-4375-804e-e6291fdbe78a,0.47573725623591945,0.2961790178040623,easy,0.7175,0.39155938246963257,0.2897091548099969
featurebench-modal,featurebench-modal/mlflow__mlflow.93dab383.test_rest_store_webhooks.6d85971c.lv1,mlflow__mlflow.93dab383.test_rest_store_webhooks.6d85971c.lv1,0.4754725991123898,0.29884308495025835,hard,0.094,0.2483223711227001,0.23663622648851362
reasoning-gym,reasoning-gym/reasoning-gym-arithmetic-leg-counting-easy00cea0a5-seed45-2,reasoning-gym-arithmetic-leg-counting-easy00cea0a5-seed45-2,0.47526664639837696,0.5049805553814114,medium,0.635,0.3623189202898463,0.03329221272215026
bixbench,bixbench/bix-12-q4,bix-12-q4,0.4750841254636545,0.3049399037280107,medium,0.40263157894736845,0.38813782285302456,0.3553972239869045
labbench,labbench/figqa-0121,figqa-0121,0.47465511954139067,0.41373946826157204,medium,0.6615384615384615,0.4105127404346564,0.2966768681992799
seal0,seal0/23,23,0.4742289581658515,0.2501236049492848,medium,0.6205128076923077,0.3919954440288638,0.3826276567301398
bfcl,bfcl/bfcl-live-irrelevance-312-76-10,bfcl-live-irrelevance-312-76-10,0.4741330490218527,0.22503588073657654,saturated,0.9615384615384616,0.11120640226769972,0.5100241024951515
bixbench,bixbench/bix-7-q2,bix-7-q2,0.47351264700816287,0.2303442902073686,hard,0.1296296111111111,0.2716862814499962,0.10277466525339604
simpleqa,simpleqa/simpleqa-962,simpleqa-962,0.47344332462932637,0.3876154103772417,easy,0.8899999999999999,0.24879710609249456,0.2567940046785506
gpqa-diamond,gpqa-diamond/153,153,0.47189042836082645,0.3111651129478089,saturated,0.9500000000000001,0.11902380714238084,0.7313977629370597
replicationbench,replicationbench/disk_ridges__gaia_dr2_rvs,disk_ridges__gaia_dr2_rvs,0.4714143494544017,0.3027169811596685,hard,0.29333333333333333,0.3172100600898752,0.4381936201035771
mmau,mmau/421fcbf8-7f60-4770-8923-512323e5efba,421fcbf8-7f60-4770-8923-512323e5efba,0.47048170898679426,0.4074051266838602,easy,0.9199999999999999,0.2481934729198171,0.4583635620455408
swebench-multilingual,swebench-multilingual/fmtlib__fmt-3863,fmtlib__fmt-3863,0.47000620992912245,0.38439974679016514,hard,0.07142857142857142,0.25753937681885636,0.09284980005399543
livecodebench,livecodebench/arc184_d,arc184_d,0.46968009238941916,0.3671882426319652,medium,0.5166666666666667,0.4506168611531925,0.17632370389164226
gaia,gaia/624cbf11-6a41-4692-af9c-36b3e5ca3130,624cbf11-6a41-4692-af9c-36b3e5ca3130,0.46957732584351125,0.29334894754648055,hard,0.05384615384615384,0.18857924110971175,0.14860817094939055
simpleqa,simpleqa/simpleqa-2857,simpleqa-2857,0.469530347672807,0.36054495248333834,easy,0.8299999999999998,0.3241913015489466,0.1499270039960102
seal0,seal0/61,61,0.469405187409171,0.2693395003626484,hard,0.20799999999999996,0.350907395191381,0.3804417451123829
gpqa-diamond,gpqa-diamond/197,197,0.46912321653174194,0.2652869342387878,easy,0.9,0.27688746209726917,0.0044577809857080765
gpqa-diamond,gpqa-diamond/50,50,0.46912321653174194,0.2652869342387878,easy,0.9,0.27688746209726917,0.0044577809857080765
replicationbench,replicationbench/chandra_representation__powerlaw_spectral_fit,chandra_representation__powerlaw_spectral_fit,0.468488958176811,0.39305564305010093,medium,0.33666666666666667,0.3831738798799081,0.13272432998646802
medagentbench,medagentbench/task9_19,task9_19,0.4679200472227426,0.29451681670047664,medium,0.52,0.3709447398198281,0.24920121331624245
replicationbench,replicationbench/ls_cal__cab_temp,ls_cal__cab_temp,0.46781505332255874,0.2676247126144265,easy,0.7200000000000001,0.2731300056749532,0.38340547365514316
mmmlu,mmmlu/mmmlu-pt-br-00113,mmmlu-pt-br-00113,0.4673728733447721,0.279196641196333,medium,0.35714285714285715,0.47915742374995485,-0.2828993221616059
simpleqa,simpleqa/simpleqa-1705,simpleqa-1705,0.46709316783573607,0.3380349727380519,medium,0.7,0.34351128074635334,0.0927726021383378
mmau,mmau/1ee237cc-3520-4e79-9644-195a5abc8581,1ee237cc-3520-4e79-9644-195a5abc8581,0.4667075367057284,0.33588099596116755,easy,0.7875,0.318541598539343,0.30170866594474804
bfcl,bfcl/bfcl-live-multiple-751-169-6,bfcl-live-multiple-751-169-6,0.4656485516632461,0.22304430383035076,saturated,0.9615384615384616,0.15708136812817025,0.4043262729681202
featurebench-modal,featurebench-modal/scikit-learn__scikit-learn.5741bac9.test_arff_parser.ecde431a.lv1,scikit-learn__scikit-learn.5741bac9.test_arff_parser.ecde431a.lv1,0.46526395743604276,0.28607618846763416,hard,0.055769230769230765,0.19822623200084907,0.18679782117123914
lawbench,lawbench/lawbench-1-1-10-zero-shot,lawbench-1-1-10-zero-shot,0.46515296723650856,0.3279224315988306,medium,0.40187549999999994,0.2763454611772193,0.49687668498004967
aider-polyglot,aider-polyglot/polyglot_go_octal,polyglot_go_octal,0.46380655658297837,0.30026178300396245,hard,0.21,0.332264954516723,0.3737357935057095
bfcl,bfcl/bfcl-live-irrelevance-485-139-0,bfcl-live-irrelevance-485-139-0,0.4634712111759687,0.22346388554350818,saturated,0.9846153846153847,0.07692307692307693,0.40916191855423595
arc-agi-2,arc-agi-2/2ba387bc_0,2ba387bc_0,0.46334622917757784,0.387475057713604,medium,0.46666664999999996,0.40715817838062335,0.5379441200767395
aider-polyglot,aider-polyglot/polyglot_java_kindergarten-garden,polyglot_java_kindergarten-garden,0.46272542752896356,0.29760799877726685,hard,0.136,0.28688673723265773,0.16826918571909802
labbench,labbench/figqa-0179,figqa-0179,0.4626107958735263,0.3554970385059092,hard,0.20000000000000004,0.271746488194703,0.09358100413308867
bfcl,bfcl/bfcl-live-parallel-multiple-8-7-0,bfcl-live-parallel-multiple-8-7-0,0.4622544988911516,0.22044962071793542,medium,0.6923076923076923,0.3730570970148351,0.31668420786378493
mmmlu,mmmlu/mmmlu-hi-in-00064,mmmlu-hi-in-00064,0.46221496298579645,0.2984536039944949,easy,0.872807,0.29908296359635556,0.4307357706801337
gpqa-diamond,gpqa-diamond/142,142,0.4613025771458124,0.22134399482725814,medium,0.45416666666666666,0.40694918465195246,0.21815014224062657
replicationbench,replicationbench/galaxy_soptics__nyu_vagc_processing,galaxy_soptics__nyu_vagc_processing,0.4608535321618365,0.31430536246155494,easy,0.88,0.21664102412362557,0.6887890553104828
replicationbench,replicationbench/hubble_trails__satellite_fractions,hubble_trails__satellite_fractions,0.4602682926991728,0.30520994046765365,easy,0.8866666666666667,0.2276449477195183,0.6643749123948629
kumo,kumo/educationenv-t12-a16-v1-s0,educationenv-t12-a16-v1-s0,0.4592197834474242,0.27149382291513263,easy,0.7647058823529411,0.42418250299576343,0.42508851376225687
labbench,labbench/figqa-0074,figqa-0074,0.45915526737032986,0.3734215365158432,hard,0.15384615384615383,0.2098181799536286,0.514093265169094
aider-polyglot,aider-polyglot/polyglot_java_palindrome-products,polyglot_java_palindrome-products,0.45857824171530914,0.3149919476852427,hard,0.16153846153846155,0.28833330483063563,0.35947400707686955
gaia,gaia/46719c30-f4c3-4cad-be07-d5cb21eee6bb,46719c30-f4c3-4cad-be07-d5cb21eee6bb,0.4578810362620786,0.28479253729240434,frontier,0.030000000000000006,0.09539392014169458,0.07514415153996237
simpleqa,simpleqa/simpleqa-20,simpleqa-20,0.4574185101934072,0.40345794389488343,easy,0.82,0.30919249667480614,0.11714203311597285
mmau,mmau/1910e3db-5030-4255-8b0d-053542050037,1910e3db-5030-4255-8b0d-053542050037,0.45737977815073005,0.38460533501866245,easy,0.85666665,0.30278341305663936,0.4451761991244321
swebench-multilingual,swebench-multilingual/caddyserver__caddy-6411,caddyserver__caddy-6411,0.45713561818404996,0.36546906171695875,hard,0.23076923076923078,0.4213250442347432,0.11510438072581528
reasoning-gym,reasoning-gym/reasoning-gym-algorithmic-number-filtering-easy00cea0a5-seed45-2,reasoning-gym-algorithmic-number-filtering-easy00cea0a5-seed45-2,0.4562250026719024,0.3916606060405353,easy,0.9,0.21447610589527216,0.4240528711165968
gaia,gaia/676e5e31-a554-4acc-9286-b60d90a92d26,676e5e31-a554-4acc-9286-b60d90a92d26,0.4559910075865565,0.26940679678789625,hard,0.08,0.17204650534085253,0.17427485293044098
aider-polyglot,aider-polyglot/polyglot_javascript_transpose,polyglot_javascript_transpose,0.45589500576649516,0.28156607812096485,medium,0.456,0.43274010676155267,0.15217898514360104
lawbench,lawbench/lawbench-1-1-11-zero-shot,lawbench-1-1-11-zero-shot,0.45585009541014015,0.333393743480207,medium,0.5698758947368422,0.32684247521669885,0.40960423118474665
bixbench,bixbench/bix-28-q6,bix-28-q6,0.4557086244600406,0.22582045965506303,frontier,0.021052631578947368,0.08931875130777443,0.23274305765736605
gaia,gaia/2a649bb1-795f-4a01-b3be-9a01868dae73,2a649bb1-795f-4a01-b3be-9a01868dae73,0.4555401254860089,0.28021444552209374,hard,0.09416665,0.1918676274732856,0.305883835654475
livecodebench,livecodebench/3163,3163,0.45537194174246426,0.3082543450350263,saturated,0.9791666875,0.08068707235883481,0.741765857857297
livecodebench,livecodebench/3676,3676,0.455360549294961,0.3082529200450823,saturated,0.9833333333333333,0.06236095644623236,0.7417621909507974
livecodebench,livecodebench/3508,3508,0.455360549294961,0.3082529200450823,easy,0.9333333333333333,0.24944382578492946,0.7417621909507974
livecodebench,livecodebench/abc329_c,abc329_c,0.455360549294961,0.3082529200450823,saturated,0.9777778,0.08314785878036787,0.7417621909507974
livecodebench,livecodebench/abc312_d,abc312_d,0.455360549294961,0.3082529200450823,easy,0.9333333333333333,0.24944382578492946,0.7417621909507974
livecodebench,livecodebench/abc351_e,abc351_e,0.455360549294961,0.3082529200450823,saturated,0.9777778,0.08314785878036787,0.7417621909507974
livecodebench,livecodebench/3811,3811,0.455360549294961,0.3082529200450823,saturated,0.9777778,0.08314785878036787,0.7417621909507974
livecodebench,livecodebench/abc334_d,abc334_d,0.455360549294961,0.3082529200450823,saturated,0.9777778,0.08314785878036787,0.7417621909507974
livecodebench,livecodebench/abc333_a,abc333_a,0.4553605492949609,0.30825292004508226,saturated,0.9600000000000001,0.14966629547095764,0.7417621909507973
aider-polyglot,aider-polyglot/polyglot_java_connect,polyglot_java_connect,0.4546405048641224,0.3041786608446855,hard,0.10400000000000001,0.18863721796082555,0.1044922402805312
labbench,labbench/figqa-0020,figqa-0020,0.4543718146687448,0.3011613731658922,hard,0.22000000000000003,0.3218695387886216,0.17789501637697483
replicationbench,replicationbench/chandra_representation__blackbody_spectral_fit,chandra_representation__blackbody_spectral_fit,0.45366962288574425,0.3374932155441382,medium,0.38,0.37273761995984966,0.4133357696884709
labbench,labbench/figqa-0122,figqa-0122,0.45316153464166814,0.4333288730576538,medium,0.4307692307692308,0.25835162498071795,0.06952792253665147
reasoning-gym,reasoning-gym/reasoning-gym-algorithmic-spell-backward-easy00cea0a5-seed45-2,reasoning-gym-algorithmic-spell-backward-easy00cea0a5-seed45-2,0.4529063657677228,0.29109805556766033,easy,0.8292593,0.20213505977343463,0.14477843878118268
kumo,kumo/testingenv-t4-a6-v1-s1,testingenv-t4-a6-v1-s1,0.45287945326656603,0.27929743658626366,saturated,0.95625,0.12732217992164602,0.39842422617213497
crustbench,crustbench/crustbench-cjson,crustbench-cjson,0.45276683460013534,0.31478524070655295,easy,0.9000000000000001,0.2674667484725186,0.8103226120589094
bigcodebench,bigcodebench/bigcodebench_100,bigcodebench_100,0.45255359199195766,0.17787167199799817,frontier,0.044230769230769226,0.15084819360798757,0.1414348356335312
simpleqa,simpleqa/simpleqa-1970,simpleqa-1970,0.4522833450961672,0.3357843626032537,easy,0.9,0.24083189157584592,0.2048313336553058
aider-polyglot,aider-polyglot/polyglot_java_mazy-mice,polyglot_java_mazy-mice,0.4521838072564171,0.3182271428903134,hard,0.272,0.3704267808892872,0.2139055988811608
labbench,labbench/figqa-0002,figqa-0002,0.4519699830263642,0.3595647653001821,hard,0.18461538461538465,0.3182793979319569,0.010680654530491626
crustbench,crustbench/crustbench-holdem-odds,crustbench-holdem-odds,0.45193115954756063,0.32199758825511426,medium,0.4,0.381385035698237,0.3844933761194146
seal0,seal0/81,81,0.451756586842119,0.24661754092966312,medium,0.6025641153846155,0.3835198092872355,0.6554909381421582
mmmlu,mmmlu/mmmlu-bn-bd-00013,mmmlu-bn-bd-00013,0.4515318218394739,0.26078180084197605,easy,0.851851888888889,0.27715980395310025,0.37018227143490784
labbench,labbench/figqa-0112,figqa-0112,0.45052772588838297,0.3764798879953019,medium,0.5846153846153848,0.33706003538779455,0.5882943172461926
gaia,gaia/20194330-9976-4043-8632-f8485c6c71b2,20194330-9976-4043-8632-f8485c6c71b2,0.45048817891918685,0.2850193965869727,hard,0.1525,0.3096267914764483,-0.2939920148993136
labbench,labbench/figqa-0063,figqa-0063,0.45039901816948386,0.3067034159343166,hard,0.2461538461538462,0.28451141552164505,0.35297970249314076
labbench,labbench/figqa-0116,figqa-0116,0.44846943110999854,0.32332558579715037,medium,0.44615384615384623,0.3053758960196801,0.3766211104715116
bixbench,bixbench/bix-24-q2,bix-24-q2,0.44821881156576915,0.25989486034751824,easy,0.7333333333333334,0.25117012580873904,0.1812514735768254
aider-polyglot,aider-polyglot/polyglot_java_poker,polyglot_java_poker,0.44803872134984957,0.3225907636599473,medium,0.35200000000000004,0.4090183369972549,0.2379693178101599
labbench,labbench/figqa-0164,figqa-0164,0.44746323542693417,0.4629107152515964,medium,0.476923076923077,0.40412078574042143,-0.32175779831590734
aider-polyglot,aider-polyglot/polyglot_java_circular-buffer,polyglot_java_circular-buffer,0.44717229421797067,0.3065882004807946,hard,0.2,0.33466401061363027,0.234499558525999
aider-polyglot,aider-polyglot/polyglot_java_affine-cipher,polyglot_java_affine-cipher,0.44696263216877924,0.28737246334140004,hard,0.12,0.29393876913398137,0.21951554770398213
simpleqa,simpleqa/simpleqa-173,simpleqa-173,0.44681599334479066,0.3336439311952369,easy,0.8,0.30331501776206204,0.1742760202797843
aider-polyglot,aider-polyglot/polyglot_go_robot-simulator,polyglot_go_robot-simulator,0.44681426562111376,0.308939026194561,hard,0.136,0.28125433329995114,0.4199810764893087
gpqa-diamond,gpqa-diamond/126,126,0.44634430065982383,0.3101604096427404,medium,0.5923076923076924,0.3689101171779015,0.34984158412074706
aider-polyglot,aider-polyglot/polyglot_java_pythagorean-triplet,polyglot_java_pythagorean-triplet,0.44608294197476245,0.31823848688685336,medium,0.31,0.4014971979976946,0.20723100538295045
gpqa-diamond,gpqa-diamond/109,109,0.4460489572445808,0.4140141618692523,easy,0.8800000000000001,0.22271057451320087,0.42394953389795237
featurebench-modal,featurebench-modal/pydata__xarray.97f3a746.test_backends_chunks.fa55f68a.lv1,pydata__xarray.97f3a746.test_backends_chunks.fa55f68a.lv1,0.4456539089442857,0.26562515183341495,hard,0.07307692307692307,0.17831579850753188,0.2130326417742068
livecodebench,livecodebench/abc382_c,abc382_c,0.44514225839884175,0.3509018391141667,saturated,0.9857142857142858,0.05150787536377126,-0.19743999577021412
bfcl,bfcl/bfcl-irrelevance-3,bfcl-irrelevance-3,0.4440785823103071,0.22602802855056603,saturated,0.9769230769230769,0.08461538461538462,0.21560050248329823
labbench,labbench/figqa-0100,figqa-0100,0.44405188666237605,0.36622466911975426,hard,0.16,0.28,0.32856755731416143
kumo,kumo/fungalenv-t4-a6-v1-s0,fungalenv-t4-a6-v1-s0,0.44393487804980253,0.4412627663970655,easy,0.9,0.219848432637882,0.5457187700732594
simpleqa,simpleqa/simpleqa-2192,simpleqa-2192,0.44188326457387445,0.46908437989081264,easy,0.865,0.23722352328552915,0.3032269740836979
labbench,labbench/figqa-0004,figqa-0004,0.4404737137707671,0.3778486134648421,hard,0.24615384615384617,0.273482905148172,0.0402628153002002
aider-polyglot,aider-polyglot/polyglot_java_alphametics,polyglot_java_alphametics,0.44028455730707955,0.29117404499665883,hard,0.14400000000000002,0.3225895224584952,0.27105591800134604
labbench,labbench/figqa-0051,figqa-0051,0.43897073132170444,0.3248737588185319,medium,0.3076923076923077,0.36471598741937533,0.24801414346591932
replicationbench,replicationbench/gw_nsbh__mtov_spin,gw_nsbh__mtov_spin,0.43872226893212773,0.2778492264294569,hard,0.15000000000000002,0.1884144368141677,0.3696226769335004
featurebench-modal,featurebench-modal/mlflow__mlflow.93dab383.test_client.42de781c.lv1,mlflow__mlflow.93dab383.test_client.42de781c.lv1,0.4386058773227349,0.2715213483930015,hard,0.17733332000000002,0.2853021716940437,0.33658638255492734
gaia,gaia/7a4a336d-dcfa-45a0-b014-824c7619e8de,7a4a336d-dcfa-45a0-b014-824c7619e8de,0.438590780224523,0.27502431119772835,hard,0.06999999999999999,0.23043437243605822,0.20196726353338956
gpqa-diamond,gpqa-diamond/136,136,0.4382506600805237,0.2575588681440979,easy,0.8499999999999999,0.25267796470241294,0.5441185493905591
crustbench,crustbench/crustbench-genetic-neural-network-for-simple-control,crustbench-genetic-neural-network-for-simple-control,0.4379042233523428,0.3518428037580999,hard,0.16269842857142858,0.32374729541338715,-0.11477820043344508
simpleqa,simpleqa/simpleqa-2911,simpleqa-2911,0.43771373218036336,0.27408056536036546,saturated,0.9800000000000001,0.08717797887081347,0.32673275141346514
kumo,kumo/plantenv-t4-a6-v1-s1,plantenv-t4-a6-v1-s1,0.43682472874760425,0.2779110697247854,saturated,0.9635416875,0.09757803034092687,0.005775618808595131
seal0,seal0/96,96,0.43677341535683806,0.23685787835447003,medium,0.4423076923076923,0.37411522886772663,0.3154405044225187
replicationbench,replicationbench/galaxy_soptics__bcg_identification,galaxy_soptics__bcg_identification,0.4341088178652884,0.379499959674368,medium,0.44000000000000006,0.44542114902640173,0.0979033363686708
aider-polyglot,aider-polyglot/polyglot_java_ledger,polyglot_java_ledger,0.43396426680263117,0.3221123317663835,medium,0.408,0.4471420355994279,0.1948122035676571
simpleqa,simpleqa/simpleqa-1022,simpleqa-1022,0.4336465348341477,0.400832917313017,easy,0.9000000000000001,0.1732050807568877,0.3438507444377245
kumo,kumo/geneticenv-t4-a6-v1-s0,geneticenv-t4-a6-v1-s0,0.43269228205761573,0.4221880776679869,easy,0.9444444444444444,0.2290614236454256,0.04915023418940314
mmau,mmau/20cf7678-509c-41fc-9d1c-4a1f000513ee,20cf7678-509c-41fc-9d1c-4a1f000513ee,0.4319530049777921,0.378733671271543,easy,0.7375,0.3101914731258743,0.4770539099178569
featurebench-modal,featurebench-modal/mlflow__mlflow.93dab383.test_trace_correlation.53c200a6.lv1,mlflow__mlflow.93dab383.test_trace_correlation.53c200a6.lv1,0.431754374512405,0.2483691288304168,medium,0.61466668,0.4206693096166365,0.5555414682316222
crustbench,crustbench/crustbench-utf8,crustbench-utf8,0.4304148005776677,0.30621875303644863,medium,0.3538461538461538,0.34777398632176354,0.2894084664335812
aider-polyglot,aider-polyglot/polyglot_javascript_ledger,polyglot_javascript_ledger,0.4299000452503122,0.26123424519055455,easy,0.91,0.1624807680927192,0.3770670466533194
medagentbench,medagentbench/task7_20,task7_20,0.42975695745523246,0.4728006717222369,frontier,0.030000000000000006,0.07141428428542851,0.2657808531338453
seal0,seal0/34,34,0.42947638210441674,0.2430880128821443,hard,0.10400000000000001,0.2537400244344593,0.32646752812279667
replicationbench,replicationbench/muse_outflows__electron_density,muse_outflows__electron_density,0.42853787451018666,0.2561455810474659,frontier,0.03076923076923077,0.1065877420042386,0.24553043068338146
replicationbench,replicationbench/muse_outflows__dust_reddening,muse_outflows__dust_reddening,0.42853787451018666,0.2561455810474659,hard,0.06153846153846154,0.2131754840084772,0.24553043068338146
replicationbench,replicationbench/ver_waves__solar_height_from_gaia_dr2,ver_waves__solar_height_from_gaia_dr2,0.427727416241838,0.25585981124999896,frontier,0.014285714285714287,0.05150787536377129,0.24525482696218898
gaia,gaia/9318445f-fe6a-4e1b-acbf-c68228c9906a,9318445f-fe6a-4e1b-acbf-c68228c9906a,0.4269763460747933,0.25731564799425133,hard,0.06999999999999999,0.18193405398660253,0.35219071689641024
labbench,labbench/figqa-0165,figqa-0165,0.42660300230737064,0.41547787940672265,hard,0.26153846153846155,0.3076923076923077,0.03307860084637006
kumo,kumo/fishenv-t4-a6-v1-s0,fishenv-t4-a6-v1-s0,0.4264801464911148,0.4231785465328802,easy,0.9473684210526315,0.22329687826943603,0.044702130305669094
kumo,kumo/craftsmanenv-t4-a6-v1-s0,craftsmanenv-t4-a6-v1-s0,0.4264801464911148,0.4231785465328802,easy,0.9473684210526315,0.22329687826943603,0.044702130305669094
simpleqa,simpleqa/simpleqa-3276,simpleqa-3276,0.42642882431829376,0.3707429524161677,easy,0.8699999999999999,0.2917190429162964,0.39651095152559357
arc-agi-2,arc-agi-2/62593bfd_1,62593bfd_1,0.4261072511151298,0.36172192475171555,frontier,0.04,0.12,-0.07192572264209388
simpleqa,simpleqa/simpleqa-193,simpleqa-193,0.42564987233330226,0.2699700257338836,easy,0.95,0.1774823934929885,0.4861627789674368
kumo,kumo/medicalenv-t12-a16-v1-s1,medicalenv-t12-a16-v1-s1,0.42563558604468466,0.23924454106492998,easy,0.7754901764705882,0.36862747449938177,0.4100040738758203
aider-polyglot,aider-polyglot/polyglot_go_connect,polyglot_go_connect,0.4255852715102898,0.3225719154745231,medium,0.342,0.32975142152839915,0.3648363148143881
kumo,kumo/microbiologyenv-t4-a6-v1-s1,microbiologyenv-t4-a6-v1-s1,0.4254539866442503,0.4234634785292415,saturated,0.9800000000000001,0.08717797887081347,0.04386099734283294
kumo,kumo/softwareenv-t4-a6-v1-s1,softwareenv-t4-a6-v1-s1,0.42545398664424977,0.42346347852924143,easy,0.95,0.21794494717703372,0.04386099734283159
kumo,kumo/cloudenv-t4-a6-v1-s1,cloudenv-t4-a6-v1-s1,0.42545398664424977,0.4234634785292415,easy,0.95,0.21794494717703372,0.04386099734283159
kumo,kumo/beverageenv-t4-a6-v1-s1,beverageenv-t4-a6-v1-s1,0.425373485769096,0.42348264516579137,saturated,0.9736842105263158,0.11164843913471802,0.043765147983200164
bfcl,bfcl/bfcl-live-simple-123-79-0,bfcl-live-simple-123-79-0,0.424739938247929,0.20130618400110428,medium,0.32307692307692304,0.39643380697615777,0.30385536685772885
labbench,labbench/figqa-0150,figqa-0150,0.4243196522271893,0.41096366295563214,hard,0.2,0.2601774542351964,0.4352249222814196
gaia,gaia/ec09fa32-d03f-4bf8-84b0-1f16922c3ae4,ec09fa32-d03f-4bf8-84b0-1f16922c3ae4,0.4240120910656709,0.29380562968617957,medium,0.3175,0.30873734791890667,-0.1599686706385888
replicationbench,replicationbench/astm3__photometry_classification_accuracy_no_clip,astm3__photometry_classification_accuracy_no_clip,0.42372862684459334,0.36144461626904595,medium,0.35,0.4387482193696061,0.1691265127487035
swtbench,swtbench/django__django-14631,django__django-14631,0.42322001519915137,0.3858506192828594,hard,0.21538461538461545,0.2769230769230769,-0.0908570231614913
seal0,seal0/64,64,0.42218647665838477,0.22950839695537928,hard,0.1628205,0.24704698191939273,0.35771364575962505
featurebench-modal,featurebench-modal/mlflow__mlflow.93dab383.test_genai_eval_utils.2d5441f2.lv1,mlflow__mlflow.93dab383.test_genai_eval_utils.2d5441f2.lv1,0.4221386975432538,0.2466539479689138,hard,0.23199999999999998,0.33283028708337226,0.34384446922676376
bigcodebench,bigcodebench/bigcodebench_1020,bigcodebench_1020,0.4213263925626513,0.14249189602651677,easy,0.9391304347826087,0.20796975205393733,0.4038682296432074
seal0,seal0/24,24,0.4211120126514634,0.2470138236826942,medium,0.3961538461538462,0.43543150060138774,0.06423641952025527
featurebench-modal,featurebench-modal/huggingface__transformers.e2e8dbed.test_processor_auto.d9626018.lv1,huggingface__transformers.e2e8dbed.test_processor_auto.d9626018.lv1,0.42108380181179333,0.24699452321023913,hard,0.14166666666666666,0.29568658332016956,0.12736229478740102
medagentbench,medagentbench/task9_8,task9_8,0.42076082458671693,0.3042170717488242,medium,0.52,0.3762977544445356,0.023778579249929137
reasoning-gym,reasoning-gym/reasoning-gym-code-codeio-easy00cea0a5-seed45-1,reasoning-gym-code-codeio-easy00cea0a5-seed45-1,0.42035321247869417,0.20467255827120553,medium,0.31632584999999996,0.23760477078212783,0.27756723259500726
kumo,kumo/chemicalcompoundsenv-t4-a6-v1-s1,chemicalcompoundsenv-t4-a6-v1-s1,0.4186684687071753,0.4131205464694091,easy,0.925,0.23848480035423641,0.04514922176329487
seal0,seal0/92,92,0.41858178999330425,0.2116701178575148,medium,0.44999999999999996,0.3951901089630543,0.5152066484889288
mmmlu,mmmlu/mmmlu-de-de-00026,mmmlu-de-de-00026,0.4184134804215143,0.23425942282228845,easy,0.8444444666666667,0.29481110420151335,0.23160149558334023
simpleqa,simpleqa/simpleqa-975,simpleqa-975,0.4182184421739916,0.42875393637296794,easy,0.76,0.24979991993593595,0.3499546504065073
gpqa-diamond,gpqa-diamond/1,1,0.416210018637343,0.3948414400944259,easy,0.905263157894737,0.16375104406425312,0.47284836703214284
aider-polyglot,aider-polyglot/polyglot_java_resistor-color-trio,polyglot_java_resistor-color-trio,0.4159996006930674,0.3059611605328112,medium,0.368,0.4406540593254532,0.1632219080998426
featurebench-modal,featurebench-modal/pandas-dev__pandas.82fa2715.test_formats.05080a4e.lv1,pandas-dev__pandas.82fa2715.test_formats.05080a4e.lv1,0.4147875989788332,0.2712939790503405,frontier,0.04807692307692308,0.19635171016021288,0.14809364414283932
gpqa-diamond,gpqa-diamond/118,118,0.4146029581270597,0.3557658925567422,medium,0.5285714285714286,0.3880879344916036,0.25211558226130143
livecodebench,livecodebench/3308,3308,0.4143335297493095,0.2949091322599796,medium,0.4666666875,0.4242640785328636,-0.3319799122808264
labbench,labbench/figqa-0011,figqa-0011,0.41400929341798726,0.3797579388575109,medium,0.4,0.27174648819470304,0.6003653337575849
simpleqa,simpleqa/simpleqa-923,simpleqa-923,0.41348992771046633,0.33404264747858514,easy,0.76,0.37735924528226417,0.038572846176416174
gpqa-diamond,gpqa-diamond/141,141,0.4132310411702887,0.2572632585966447,saturated,0.9833333333333334,0.05527707983925666,0.40305311897834095
labbench,labbench/figqa-0043,figqa-0043,0.41277505619378113,0.4766922207511391,medium,0.38461538461538464,0.4035346784185847,-0.1373748866050448
simpleqa,simpleqa/simpleqa-2829,simpleqa-2829,0.41213575826190474,0.3917980252070169,easy,0.7699999999999999,0.3363034344160047,0.19220052067295068
gpqa-diamond,gpqa-diamond/98,98,0.41188903148125644,0.230853096086912,easy,0.7730769230769231,0.3522539428263172,0.4444270633234738
gpqa-diamond,gpqa-diamond/58,58,0.4118748155874794,0.2575158238009137,saturated,0.9666666666666667,0.11055415967851334,0.4023632916647808
gpqa-diamond,gpqa-diamond/55,55,0.4118748155874794,0.2575158238009137,saturated,0.9833333333333334,0.05527707983925666,0.4023632916647808
gpqa-diamond,gpqa-diamond/49,49,0.4118748155874794,0.2575158238009137,saturated,0.9666666666666667,0.11055415967851334,0.4023632916647808
gpqa-diamond,gpqa-diamond/40,40,0.4118748155874794,0.2575158238009137,saturated,0.9833333333333334,0.05527707983925666,0.4023632916647808
kumo,kumo/virusclassificationenv-t4-a6-v1-s1,virusclassificationenv-t4-a6-v1-s1,0.4116425047213789,0.2707631055496981,easy,0.868421052631579,0.22671665708044939,0.43805105782145776
lawbench,lawbench/lawbench-2-10-17-one-shot,lawbench-2-10-17-one-shot,0.4111960153151213,0.27155092248749274,medium,0.5549465500000001,0.15040176138811506,0.577468556520957
featurebench-modal,featurebench-modal/lightning-ai__pytorch-lightning.126fa6f1.test_wrappers.d88ce6f6.lv1,lightning-ai__pytorch-lightning.126fa6f1.test_wrappers.d88ce6f6.lv1,0.4106317498258415,0.26318103689513106,hard,0.08397434615384616,0.16293780405865638,0.3350839878625408
gpqa-diamond,gpqa-diamond/89,89,0.4106266120661047,0.3262176910193665,medium,0.5923076923076923,0.3852302777091974,0.6262161182175391
bfcl,bfcl/bfcl-live-multiple-236-106-2,bfcl-live-multiple-236-106-2,0.4100172271901031,0.26700448237740887,saturated,0.9769230769230769,0.08461538461538463,-0.20670270335877694
seal0,seal0/46,46,0.4094549045848965,0.2343616697937845,hard,0.27948719230769237,0.2928021325454364,0.23877735187682353
simpleqa,simpleqa/simpleqa-1451,simpleqa-1451,0.4086608696134134,0.2598881957471093,medium,0.36,0.431740662898458,0.2363250082742889
aider-polyglot,aider-polyglot/polyglot_java_custom-set,polyglot_java_custom-set,0.4083894784961398,0.27599649432938544,hard,0.09600000000000002,0.18863721796082555,0.17680224029200775
bfcl,bfcl/bfcl-simple-python-87,bfcl-simple-python-87,0.4081529182659041,0.19619599285797065,saturated,0.9538461538461539,0.13931361750980642,0.26230529215837756
swe-lancer,swe-lancer/15815-manager-0,15815-manager-0,0.40761001055078944,0.14686208020900812,hard,0.09411764705882353,0.2667243305589326,0.31513528030092713
gpqa-diamond,gpqa-diamond/5,5,0.40682698720298077,0.4000761348772196,easy,0.9458333333333334,0.09455671431591846,0.6160499315890987
gpqa-diamond,gpqa-diamond/181,181,0.40682698720298077,0.4000761348772196,easy,0.9458333333333334,0.09455671431591846,0.6160499315890987
bfcl,bfcl/bfcl-simple-python-2,bfcl-simple-python-2,0.40668578252787685,0.2323787804733898,saturated,0.9769230769230769,0.08461538461538463,0.7793623310366383
featurebench-modal,featurebench-modal/sympy__sympy.c1097516.test_smtlib.69d52b90.lv1,sympy__sympy.c1097516.test_smtlib.69d52b90.lv1,0.40616264558906806,0.25338062814347145,hard,0.08,0.2039607805437114,0.3478020434900446
labbench,labbench/figqa-0070,figqa-0070,0.406117206779483,0.3978099286104763,medium,0.3230769230769231,0.3467516206026045,0.3683211207107035
kumo,kumo/historicalenv-t4-a6-v1-s0,historicalenv-t4-a6-v1-s0,0.40583324164414003,0.43981995832754883,easy,0.9473684210526315,0.15344610249592897,0.5423501872990147
kumo,kumo/birdnestenv-t4-a6-v1-s1,birdnestenv-t4-a6-v1-s1,0.40561043137706976,0.42479099337574305,saturated,0.95416665,0.15246818839425982,0.03161369499790766
gpqa-diamond,gpqa-diamond/194,194,0.40520081415785264,0.34233609039561547,easy,0.7384615384615386,0.37934855402886003,0.12268356216206734
simpleqa,simpleqa/simpleqa-18,simpleqa-18,0.405168810599356,0.3689827440969931,medium,0.53,0.39127995093027707,0.15180111653718267
kumo,kumo/politicalmanifestoenv-t4-a6-v1-s0,politicalmanifestoenv-t4-a6-v1-s0,0.4051175913025127,0.29634248980581684,easy,0.9259259444444444,0.23715272928981446,0.4962187540092197
simpleqa,simpleqa/simpleqa-2279,simpleqa-2279,0.4046942273335677,0.3869177937994099,medium,0.67,0.38091993909481825,0.09862043740241669
kumo,kumo/spiceenv-t4-a6-v1-s1,spiceenv-t4-a6-v1-s1,0.40408288440557283,0.3827511089765607,easy,0.9444444444444444,0.15713484026367724,0.044716986324053236
aime,aime/aime_66,aime_66,0.4038873567456537,0.16291191471130023,easy,0.9000000000000001,0.161245154965971,-0.005304539575408029
bfcl,bfcl/bfcl-live-multiple-239-107-0,bfcl-live-multiple-239-107-0,0.4027168657394912,0.18786631513736848,easy,0.9384615384615385,0.2202741702042516,0.42297105497802606
featurebench-modal,featurebench-modal/mlflow__mlflow.93dab383.test_utils.3c9647bf.lv1,mlflow__mlflow.93dab383.test_utils.3c9647bf.lv1,0.4026776558719416,0.2458134203265578,hard,0.26333332,0.42142614789941263,0.2283293338958747
lawbench,lawbench/lawbench-2-4-16-one-shot,lawbench-2-4-16-one-shot,0.40249954617631994,0.2653672276978713,medium,0.5860000000000001,0.10485227703774487,0.6287908365194231
replicationbench,replicationbench/mars_clouds__dbscan_test,mars_clouds__dbscan_test,0.40100053966204413,0.265511756898505,hard,0.25333333333333335,0.3461534662865912,0.11229853629274054
seal0,seal0/45,45,0.40038655375278087,0.22306921865317395,medium,0.32307692307692304,0.36008299503532437,0.04499342619381075
gpqa-diamond,gpqa-diamond/97,97,0.4001348657058477,0.24832869185881218,medium,0.476923076923077,0.4335077785724729,0.34815512109145924
featurebench-modal,featurebench-modal/pandas-dev__pandas.82fa2715.test_col.a592871d.lv1,pandas-dev__pandas.82fa2715.test_col.a592871d.lv1,0.40007461180404347,0.27582604191118554,hard,0.05384615384615384,0.1965681898335483,0.1456391165508726
seal0,seal0/56,56,0.39905015200864125,0.2392536338645741,hard,0.05384615384615384,0.13076923076923078,0.33157204091550974
gpqa-diamond,gpqa-diamond/48,48,0.39814757020142005,0.19593565430190446,medium,0.51,0.3315116890850155,0.32772960860317196
medagentbench,medagentbench/task7_25,task7_25,0.3976902033885442,0.478936552195166,frontier,0.02,0.060000000000000005,0.25125564762870695
bfcl,bfcl/bfcl-live-simple-248-130-0,bfcl-live-simple-248-130-0,0.39686109663861324,0.1647936166905283,easy,0.8307692307692308,0.2811641058845702,0.157549188731993
mmmlu,mmmlu/mmmlu-it-it-00081,mmmlu-it-it-00081,0.3967749901734906,0.4038939572309439,medium,0.4117647058823529,0.46130550415759186,-0.03970912285839457
seal0,seal0/30,30,0.3965232439004858,0.24589836393289163,hard,0.0948718076923077,0.1850600455178762,0.364305446578539
gaia,gaia/e142056d-56ab-4352-b091-b56054bd1359,e142056d-56ab-4352-b091-b56054bd1359,0.39600551153095026,0.37707009611373044,frontier,0.030000000000000006,0.07141428428542851,-0.23568853671391884
mmmlu,mmmlu/mmmlu-sw-ke-00135,mmmlu-sw-ke-00135,0.39565364143793985,0.263188187895474,medium,0.5885416875,0.41191957665327683,0.2698869793435474
replicationbench,replicationbench/gw_cosmo__modified_gravity,gw_cosmo__modified_gravity,0.39543154601858455,0.2699299767684045,easy,0.76,0.3592584956081995,0.6044342275384584
simpleqa,simpleqa/simpleqa-1078,simpleqa-1078,0.394480247235082,0.31952619369798974,medium,0.62,0.3627671429443411,0.1113168158057019
simpleqa,simpleqa/simpleqa-2530,simpleqa-2530,0.3934287136687679,0.37229283386713335,easy,0.8099999999999999,0.360416425818802,0.13193687827830466
simpleqa,simpleqa/simpleqa-3079,simpleqa-3079,0.3932849161563173,0.44172457008071236,easy,0.95,0.12449899597988733,0.24831909467974572
bfcl,bfcl/bfcl-live-irrelevance-300-74-0,bfcl-live-irrelevance-300-74-0,0.3932806336228949,0.21509387298330268,easy,0.7846153846153847,0.24129826371320187,0.16636082191316515
labbench,labbench/figqa-0093,figqa-0093,0.3929419980088015,0.40584119715840333,medium,0.5076923076923078,0.2894598111111812,0.38132025227640215
bfcl,bfcl/bfcl-live-simple-210-117-2,bfcl-live-simple-210-117-2,0.3927844265742444,0.2412883293883497,saturated,0.9692307692307692,0.15384615384615383,-0.20669448658140638
featurebench-modal,featurebench-modal/mlflow__mlflow.93dab383.test_abstract_store.e5ff5123.lv1,mlflow__mlflow.93dab383.test_abstract_store.e5ff5123.lv1,0.39275446804503,0.24007589994403586,hard,0.18333333333333335,0.3077697552103231,0.32014154310847764
kumo,kumo/botanicalenv-t4-a6-v1-s1,botanicalenv-t4-a6-v1-s1,0.392748642043306,0.40780827901975225,easy,0.9125,0.24076700355322778,0.09056711110890261
kumo,kumo/machinepartenv-t4-a6-v1-s0,machinepartenv-t4-a6-v1-s0,0.39237332674554654,0.25327283400056755,saturated,0.9736842105263158,0.11164843913471803,0.3378497450980687
replicationbench,replicationbench/bayes_cal__nwp_set,bayes_cal__nwp_set,0.3923551612574428,0.24432335563874358,frontier,0.02,0.08717797887081348,0.23924447975315208
livecodebench,livecodebench/abc384_f,abc384_f,0.3923492771592322,0.28534437619499775,easy,0.8366666666666667,0.23485219938411384,-0.09535409335037369
seal0,seal0/71,71,0.39233032999846956,0.2285260735758485,hard,0.25576923076923075,0.2746770562080142,0.05282537984266514
aider-polyglot,aider-polyglot/polyglot_java_queen-attack,polyglot_java_queen-attack,0.3922096370279628,0.25777534295988247,hard,0.064,0.19365949499056329,0.20500677739376846
aider-polyglot,aider-polyglot/polyglot_javascript_sum-of-multiples,polyglot_javascript_sum-of-multiples,0.39194976625656003,0.30350577832795955,medium,0.552,0.424377190715995,0.18230494147368528
bfcl,bfcl/bfcl-irrelevance-161,bfcl-irrelevance-161,0.39122934961113887,0.19412479939825342,easy,0.9230769230769231,0.1576453963993784,0.2946941892312972
mmau,mmau/5e398782-d659-4b0c-bc19-ac3cfbd9a113,5e398782-d659-4b0c-bc19-ac3cfbd9a113,0.3911036469290719,0.3503385590841245,medium,0.6799999999999999,0.33704599092705434,0.32622529760578933
gpqa-diamond,gpqa-diamond/99,99,0.39106617522124126,0.32300323114941454,easy,0.9166666666666666,0.12801909579781012,0.49445180983042714
swe-lancer,swe-lancer/18658-manager-0,18658-manager-0,0.3905280305354339,0.4407550490411241,easy,0.7999999999999999,0.27439773622801417,0.28594866907821026
gpqa-diamond,gpqa-diamond/137,137,0.3902906315277854,0.29440330238174023,easy,0.9038461538461539,0.26923076923076916,0.049161142010486304
gaia,gaia/2dfc4c37-fec1-4518-84a7-10095d30ad75,2dfc4c37-fec1-4518-84a7-10095d30ad75,0.3898347004333571,0.24161389307113304,frontier,0.04,0.08,0.14513273936172244
featurebench-modal,featurebench-modal/huggingface__transformers.e2e8dbed.test_tokenization_prophetnet.ca02e775.lv1,huggingface__transformers.e2e8dbed.test_tokenization_prophetnet.ca02e775.lv1,0.3893042168711473,0.25358508662081747,frontier,0.032,0.0926066952223218,0.327476634677874
aider-polyglot,aider-polyglot/polyglot_rust_dot-dsl,polyglot_rust_dot-dsl,0.38918492911815583,0.25924200093565586,hard,0.24615384615384617,0.3692307692307692,0.5141646115189417
mmau,mmau/13cd0db2-cb58-4141-886c-398f59a874cd,13cd0db2-cb58-4141-886c-398f59a874cd,0.388508531626394,0.36265529386106465,easy,0.78,0.30919249667480614,0.46767678774970367
gaia,gaia/e1fc63a2-da7a-432f-be78-7c4a95598703,e1fc63a2-da7a-432f-be78-7c4a95598703,0.3880476897712013,0.25115314287094087,hard,0.23000000000000004,0.23043437243605824,0.18891937151290153
aider-polyglot,aider-polyglot/polyglot_python_paasio,polyglot_python_paasio,0.3879387512017387,0.24640096016240517,hard,0.07200000000000001,0.17780888616714297,0.18174689476487282
simpleqa,simpleqa/simpleqa-2349,simpleqa-2349,0.38790360922740474,0.3808149630487813,medium,0.54,0.41521078984053383,0.23659064342856484
gpqa-diamond,gpqa-diamond/4,4,0.38765929277819045,0.2500574501320666,easy,0.9166666666666666,0.2763853991962833,-0.08275103488926494
kumo,kumo/neuroenv-t4-a6-v1-s0,neuroenv-t4-a6-v1-s0,0.38759218837059495,0.28853937301423843,easy,0.9305555555555556,0.23282020297555844,0.4786643801898442
simpleqa,simpleqa/simpleqa-1453,simpleqa-1453,0.3871149183848441,0.40325633212533407,easy,0.89,0.2142428528562855,0.16033167930709447
simpleqa,simpleqa/simpleqa-3684,simpleqa-3684,0.3867442364500733,0.348034057577803,easy,0.9099999999999999,0.19467922333931784,0.22653067069274113
mmmlu,mmmlu/mmmlu-sw-ke-00131,mmmlu-sw-ke-00131,0.38671988030764665,0.2563061075106491,hard,0.11764705882352941,0.32218973970892123,0.192588694036444
kumo,kumo/timetravelenv-t4-a6-v1-s1,timetravelenv-t4-a6-v1-s1,0.3866878614220813,0.4255810569184229,easy,0.8766666666666667,0.28217409913424407,0.01289562767599522
swe-lancer,swe-lancer/44146_1028,44146_1028,0.38551810875533293,0.438049715491285,frontier,0.023529411764705882,0.06443794794178426,0.06826915117355635
aider-polyglot,aider-polyglot/polyglot_java_bottle-song,polyglot_java_bottle-song,0.38521654508022524,0.28041902265589963,hard,0.136,0.2574956310308973,0.2585354108184125
labbench,labbench/figqa-0109,figqa-0109,0.3848143823678371,0.3112264433434267,hard,0.09,0.19467922333931786,-0.02608405896993879
aider-polyglot,aider-polyglot/polyglot_java_all-your-base,polyglot_java_all-your-base,0.38471543395551483,0.26149554323931384,hard,0.10400000000000001,0.22712111306525426,0.0765982256161621
labbench,labbench/figqa-0072,figqa-0072,0.3844480087964003,0.38980952540178393,medium,0.4769230769230769,0.41166425108491234,0.5694966422847858
gpqa-diamond,gpqa-diamond/178,178,0.38428447528498666,0.29633115223358286,medium,0.6576923076923076,0.38622739109640586,0.05599163355554334
featurebench-modal,featurebench-modal/huggingface__transformers.e2e8dbed.test_modeling_vitpose.30ffd86e.lv1,huggingface__transformers.e2e8dbed.test_modeling_vitpose.30ffd86e.lv1,0.38418170184656464,0.2611464684753137,frontier,0.04230769230769231,0.12457026723616653,0.18404955616056823
reasoning-gym,reasoning-gym/reasoning-gym-logic-knights-knaves-easy00cea0a5-seed45-1,reasoning-gym-logic-knights-knaves-easy00cea0a5-seed45-1,0.38374467793318784,0.3107269736358356,easy,0.8949999999999999,0.21324868112136122,0.47389827532601553
replicationbench,replicationbench/hubble_trails__satellite_chance_post2020_acis,hubble_trails__satellite_chance_post2020_acis,0.38309421441784247,0.33927374183826153,hard,0.27999999999999997,0.34097898273451793,0.4559580532776228
featurebench-modal,featurebench-modal/pandas-dev__pandas.82fa2715.test_nlargest_nsmallest.08e879a9.lv1,pandas-dev__pandas.82fa2715.test_nlargest_nsmallest.08e879a9.lv1,0.3829089302665062,0.23815749464608185,hard,0.22307692307692306,0.3467516206026044,0.36996821247494927
lawbench,lawbench/lawbench-2-6-6-zero-shot,lawbench-2-6-6-zero-shot,0.38267878913049086,0.26374204587455286,medium,0.416651052631579,0.23057335630176437,0.474883645092644
seal0,seal0/83,83,0.38260988447248145,0.19394083824578734,medium,0.3871795,0.3659464963605441,0.29996389844401233
labbench,labbench/figqa-0008,figqa-0008,0.3822156686976976,0.36174049955934573,hard,0.12307692307692307,0.2153846153846154,0.19471174222160373
mmmlu,mmmlu/mmmlu-id-id-00071,mmmlu-id-id-00071,0.37853625511075617,0.3791004080434346,hard,0.1960784117647059,0.3393346646155851,-0.04011469395478901
simpleqa,simpleqa/simpleqa-813,simpleqa-813,0.3783457395102458,0.4289675180747146,easy,0.95,0.17748239349298853,0.2644279584127874
swtbench,swtbench/matplotlib__matplotlib-24570,matplotlib__matplotlib-24570,0.37820518012797594,0.1906291246799079,medium,0.49523809523809526,0.31844292375810457,0.08890479499449187
mmmlu,mmmlu/mmmlu-pt-br-00115,mmmlu-pt-br-00115,0.3781219763571332,0.3672534187324092,hard,0.2875,0.3684379715622427,0.27930487701672246
aider-polyglot,aider-polyglot/polyglot_java_variable-length-quantity,polyglot_java_variable-length-quantity,0.37792972905832073,0.248051269084891,hard,0.055999999999999994,0.17453939383417144,0.1287377246034394
labbench,labbench/figqa-0041,figqa-0041,0.3776001518347091,0.41659872287074357,medium,0.38461538461538464,0.387985237320569,0.4305933328993248
replicationbench,replicationbench/bayes_cal__cold_temp,bayes_cal__cold_temp,0.37671343276303754,0.29578854581154834,easy,0.73125,0.279438611326352,0.4681049608932347
swtbench,swtbench/django__django-11551,django__django-11551,0.37623433471930023,0.23493106518821036,medium,0.6857142857142858,0.33563828927059225,0.31321613587033137
replicationbench,replicationbench/gw_cosmo__dark_energy,gw_cosmo__dark_energy,0.3761505605193247,0.2661808933732819,medium,0.5766666666666667,0.4158792559812951,0.11072467091090499
mmau,mmau/760e99b1-09aa-479b-b90d-c3c581076e0d,760e99b1-09aa-479b-b90d-c3c581076e0d,0.3758358759864259,0.2215649167383747,medium,0.56,0.431740662898458,0.43100582769913376
gaia,gaia/0512426f-4d28-49f0-be77-06d05daec096,0512426f-4d28-49f0-be77-06d05daec096,0.3751782486694181,0.2534802976285791,hard,0.12000000000000002,0.24819347291981714,-0.4075113087700374
seal0,seal0/48,48,0.37464755426189955,0.24075912311552436,hard,0.08333334615384616,0.19154124659013594,0.26656783373609483
replicationbench,replicationbench/mars_clouds__dbscan_optimization,mars_clouds__dbscan_optimization,0.3739383889425178,0.2586094628432485,easy,0.7666666666666668,0.35339622081862854,0.23538980614882388
kumo,kumo/algorithmenv-t4-a6-v1-s1,algorithmenv-t4-a6-v1-s1,0.37383845418463335,0.2601383568987612,easy,0.825,0.3269174207655505,0.35280359596999566
mmau,mmau/8c63d22f-b37e-4873-aef6-c6b44bbc36e6,8c63d22f-b37e-4873-aef6-c6b44bbc36e6,0.37354967122785065,0.2676939060413235,medium,0.5299999999999999,0.38091993909481814,0.48657047388404145
gpqa-diamond,gpqa-diamond/12,12,0.3726198192581709,0.24960118773770765,medium,0.6571428571428573,0.3040542379113252,0.03806772737807059
gpqa-diamond,gpqa-diamond/106,106,0.37170680373626397,0.3582376653216891,frontier,0.04642857142857143,0.08957097288560324,-0.314795635436066
mmau,mmau/5e801057-97b3-4c4a-b962-8f964ce77bd2,5e801057-97b3-4c4a-b962-8f964ce77bd2,0.37129258697241685,0.2661008198539435,medium,0.51,0.3548238999842034,0.386889926242266
bfcl,bfcl/bfcl-live-multiple-723-165-10,bfcl-live-multiple-723-165-10,0.37104728488543237,0.18907673169981326,easy,0.776923076923077,0.2899704126918579,0.5265882243432347
gpqa-diamond,gpqa-diamond/130,130,0.37101878474768935,0.2451681741207032,hard,0.25128207692307697,0.2991770790933695,0.059592548181015
mmau,mmau/4452ab49-197b-4e61-8eb5-458999f0e914,4452ab49-197b-4e61-8eb5-458999f0e914,0.37053215791901095,0.31007600321930473,easy,0.82,0.33406586176980124,0.6004474940548086
humanevalfix,humanevalfix/python-13,python-13,0.37009362270987795,0.2870810124293215,easy,0.9400000000000001,0.12806248474865697,0.30396076715537035
gaia,gaia/3ff6b7a9-a5bd-4412-ad92-0cd0d45c0fee,3ff6b7a9-a5bd-4412-ad92-0cd0d45c0fee,0.37006677209289845,0.2434688800619934,medium,0.5230769230769231,0.4227271281241257,-0.027225133511748233
gpqa-diamond,gpqa-diamond/103,103,0.369947815160788,0.292340156774963,saturated,0.9733333333333334,0.06798692684790378,0.29292693656194624
bixbench,bixbench/bix-16-q3,bix-16-q3,0.36938157812847305,0.2072676473449525,frontier,0.02368421052631579,0.06952549901906793,0.23305472365848412
mmau,mmau/a92d62aa-ba19-428e-9d76-441355db5b20,a92d62aa-ba19-428e-9d76-441355db5b20,0.3689895167764851,0.22265568991598103,medium,0.32333335,0.3027834031485668,0.44693537514563486
gaia,gaia/23dd907f-1261-4488-b21c-e9185af91d5e,23dd907f-1261-4488-b21c-e9185af91d5e,0.36833373757101123,0.27626562000085814,medium,0.3775,0.31243999423889385,0.38205039668525026
featurebench-modal,featurebench-modal/mlflow__mlflow.93dab383.test_client_webhooks.75e39b52.lv1,mlflow__mlflow.93dab383.test_client_webhooks.75e39b52.lv1,0.3681851401563515,0.23081795292820112,frontier,0.031333320000000005,0.08696354761241977,0.3036139984491589
gaia,gaia/50ec8903-b81f-4257-9450-1085afd2c319,50ec8903-b81f-4257-9450-1085afd2c319,0.3681547451980273,0.24107659384159963,medium,0.47000000000000003,0.38091993909481825,-0.051008978844055225
simpleqa,simpleqa/simpleqa-1271,simpleqa-1271,0.3670611055898593,0.40538129235892617,easy,0.8299999999999998,0.298496231131986,0.1513953529891027
gpqa-diamond,gpqa-diamond/90,90,0.36705278164639077,0.24174932779681493,medium,0.6833333333333332,0.3954603505901558,0.27486698501585705
seal0,seal0/108,108,0.3659569988979587,0.20611961339862261,medium,0.31200000000000006,0.29975990392312307,0.20762961825431356
simpleqa,simpleqa/simpleqa-69,simpleqa-69,0.36586728717814,0.3420232394850165,medium,0.59,0.3923009049186606,0.2165677768140087
mmmlu,mmmlu/mmmlu-hi-in-00065,mmmlu-hi-in-00065,0.36552878369657316,0.41609318733251965,hard,0.075,0.23848480035423641,-0.15759280622098537
kumo,kumo/pollutionenv-t4-a6-v1-s0,pollutionenv-t4-a6-v1-s0,0.3655238642277184,0.23493539744263855,easy,0.8431372941176472,0.27694991406745795,0.3078498261492163
featurebench-modal,featurebench-modal/huggingface__transformers.e2e8dbed.test_modeling_vitmatte.2d342386.lv1,huggingface__transformers.e2e8dbed.test_modeling_vitmatte.2d342386.lv1,0.3651476718750933,0.24727732463725768,frontier,0.03974357692307692,0.11767663308280714,0.18316720837500572
aider-polyglot,aider-polyglot/polyglot_javascript_twelve-days,polyglot_javascript_twelve-days,0.3648692690934702,0.26520429324313566,hard,0.096,0.24735399733984492,0.3831604285188781
gpqa-diamond,gpqa-diamond/182,182,0.36439354257574136,0.39286668757157756,easy,0.7684210526315789,0.3196258200145048,0.4433648233840194
seal0,seal0/55,55,0.3643432485260559,0.21316535965930442,frontier,0.03076923076923077,0.07216024245882201,0.2084185305277035
labbench,labbench/figqa-0104,figqa-0104,0.36414222846506283,0.28164752303304114,hard,0.15384615384615385,0.178089798504465,0.03589866375972292
gpqa-diamond,gpqa-diamond/63,63,0.3626538780833014,0.23468837997725753,easy,0.8375,0.2346318037550181,0.28602300021889665
aider-polyglot,aider-polyglot/polyglot_python_robot-name,polyglot_python_robot-name,0.36151123529847085,0.29502573891174866,medium,0.488,0.42738273245417857,0.3372830780998914
strongreject,strongreject/strongreject_illegal_goods_and_services_0011_pap_logical_appeal,strongreject_illegal_goods_and_services_0011_pap_logical_appeal,0.3607102686282641,0.1716071457303512,medium,0.39375000000000004,0.2508579030048685,0.06564463042846264
bigcodebench,bigcodebench/bigcodebench_1019,bigcodebench_1019,0.36038897327255137,0.1042659461440814,hard,0.06449273913043477,0.1691341994414925,0.11519977559924618
featurebench-modal,featurebench-modal/astropy__astropy.b0db0daa.test_basic_rgb.067e927c.lv1,astropy__astropy.b0db0daa.test_basic_rgb.067e927c.lv1,0.3602392830874952,0.20845707442368458,hard,0.14615384615384616,0.18023653098246123,0.2954291578395558
gpqa-diamond,gpqa-diamond/30,30,0.36015672919858693,0.38400106804498957,medium,0.5083333333333333,0.37739972914080844,0.592792092136143
aider-polyglot,aider-polyglot/polyglot_java_go-counting,polyglot_java_go-counting,0.35954902435919006,0.25428821027617504,hard,0.07999999999999999,0.21166010488516723,0.2629772766359883
lawbench,lawbench/lawbench-2-4-21-one-shot,lawbench-2-4-21-one-shot,0.35889832049023307,0.35716980998280284,medium,0.33789473684210525,0.10536048132450207,0.3033147603735752
livecodebench,livecodebench/abc377_g,abc377_g,0.3588266508233304,0.30673113486088005,saturated,0.9821428571428571,0.0643848442047141,-0.14444048323277064
replicationbench,replicationbench/bayes_cal__hot_temp,bayes_cal__hot_temp,0.35854595245382725,0.25299758253574134,easy,0.7600000000000001,0.29393876913398137,0.5072746280152772
simpleqa,simpleqa/simpleqa-1310,simpleqa-1310,0.3584713179359013,0.3761777184896433,easy,0.8699999999999999,0.2917190429162964,0.1250753927977026
bfcl,bfcl/bfcl-live-multiple-671-162-13,bfcl-live-multiple-671-162-13,0.3579763349024744,0.22536455687468435,easy,0.8384615384615386,0.298814224608539,0.04687281296489982
aider-polyglot,aider-polyglot/polyglot_rust_scale-generator,polyglot_rust_scale-generator,0.35724974110554303,0.3022570453083573,hard,0.16799999999999998,0.3233821269025238,0.385435528575753
gpqa-diamond,gpqa-diamond/18,18,0.35717601199138216,0.338035636449365,medium,0.6166666666666667,0.41197356981027583,0.1918846156461116
crustbench,crustbench/crustbench-libwecan,crustbench-libwecan,0.35712184343983744,0.3595774460841832,saturated,0.9704545454545456,0.09612857264798456,0.3421851212112954
medagentbench,medagentbench/task7_30,task7_30,0.3568123670213487,0.3784937323808474,hard,0.09999999999999999,0.17320508075688776,0.29225742488384365
kumo,kumo/oceanenv-t4-a6-v1-s0,oceanenv-t4-a6-v1-s0,0.3566619335512826,0.2692222146868603,saturated,0.9583333333333334,0.12499999999999999,0.25247297915782124
bfcl,bfcl/bfcl-multiple-150,bfcl-multiple-150,0.35643316257268454,0.20144222270195114,saturated,0.9692307692307692,0.0910166120476864,0.16250576365015837
mmau,mmau/0866c7a0-3361-4538-98d0-fec5c8aedd01,0866c7a0-3361-4538-98d0-fec5c8aedd01,0.35616782203009834,0.2677901428970523,medium,0.45999999999999996,0.36386810797320507,0.13324913648630152
lawbench,lawbench/lawbench-3-1-8-one-shot,lawbench-3-1-8-one-shot,0.35587604545230794,0.24202974465690333,medium,0.6518717,0.24832379112120936,0.5153685548168051
livecodebench,livecodebench/abc325_c,abc325_c,0.35556918112507796,0.3131929981288083,easy,0.92,0.25086516962969035,0.7703920088578892
lawbench,lawbench/lawbench-3-1-4-zero-shot,lawbench-3-1-4-zero-shot,0.3553562880806201,0.23612586250411896,medium,0.6999207000000001,0.23903331432691552,0.689010864879365
featurebench-modal,featurebench-modal/lightning-ai__pytorch-lightning.126fa6f1.test_seed.1eaa1d46.lv1,lightning-ai__pytorch-lightning.126fa6f1.test_seed.1eaa1d46.lv1,0.35495822524485265,0.23737308785521932,hard,0.09615384615384616,0.22486024588066872,0.3093543076667642
simpleqa,simpleqa/simpleqa-2611,simpleqa-2611,0.3549329324698843,0.40607195188871287,easy,0.8,0.2280350850198276,0.1691199249694802
gpqa-diamond,gpqa-diamond/29,29,0.3544709458013084,0.39632238886759763,medium,0.3666666666666667,0.4229525846816507,0.40153811071599277
bfcl,bfcl/bfcl-parallel-147,bfcl-parallel-147,0.3540438465696687,0.17591245972036232,easy,0.7461538461538463,0.33076923076923076,0.023385549757056145
simpleqa,simpleqa/simpleqa-2963,simpleqa-2963,0.35383498589653267,0.3319475008430568,easy,0.8,0.30983866769659335,0.331431429024287
bfcl,bfcl/bfcl-live-irrelevance-122-9-2,bfcl-live-irrelevance-122-9-2,0.35328296381070123,0.19778622462178533,easy,0.9384615384615385,0.15461347109416754,0.15257955636961282
simpleqa,simpleqa/simpleqa-4236,simpleqa-4236,0.35313512015996656,0.3739701941242227,easy,0.75,0.39433488306260706,0.059548361297324326
seal0,seal0/84,84,0.3526551229186627,0.19858816360845902,medium,0.5288461923076924,0.3427377890766574,0.38017814371789294
bfcl,bfcl/bfcl-live-irrelevance-778-287-0,bfcl-live-irrelevance-778-287-0,0.3521208834721571,0.2017555240712545,easy,0.9384615384615385,0.13323467750529824,0.3291656208651226
arc-agi-2,arc-agi-2/195c6913_0,195c6913_0,0.3507117282729778,0.3013255165547359,frontier,0.030000000000000006,0.09539392014169458,0.17469084022005432
seal0,seal0/5,5,0.35033550655605866,0.20992822183821977,hard,0.1852564230769231,0.22741239981384093,-0.21560781429036605
aider-polyglot,aider-polyglot/polyglot_go_paasio,polyglot_go_paasio,0.34971065774962373,0.22646728557587562,hard,0.12,0.28284271247461906,0.31998423060969533
aider-polyglot,aider-polyglot/polyglot_go_react,polyglot_go_react,0.3490251723513328,0.24945516778152135,hard,0.07200000000000001,0.1865904606350496,0.35965161963517384
aider-polyglot,aider-polyglot/polyglot_java_food-chain,polyglot_java_food-chain,0.348593847248039,0.2757402885231988,medium,0.32799999999999996,0.37472122971617183,0.20900577231215406
seal0,seal0/69,69,0.34841773249605196,0.20471229891864215,frontier,0.038461538461538464,0.15708136812817028,0.2854224101955696
kumo,kumo/musicgenresenv-t4-a6-v1-s0,musicgenresenv-t4-a6-v1-s0,0.34838447609538703,0.2610540230742759,saturated,0.9814815,0.07635373152800065,-0.211220340904345
lawbench,lawbench/lawbench-2-4-13-zero-shot,lawbench-2-4-13-zero-shot,0.3482503463532645,0.2293915232167253,medium,0.5529166500000001,0.15019974233409156,0.6897931898625852
kumo,kumo/marineenv-t4-a6-v1-s0,marineenv-t4-a6-v1-s0,0.3480205022433875,0.28230789474689755,saturated,0.9537037222222222,0.13385951857567593,0.4270090540569484
kumo,kumo/philosophyenv-t4-a6-v1-s0,philosophyenv-t4-a6-v1-s0,0.3478786632506229,0.42376040489520067,saturated,0.9675926111111112,0.09270820097556927,0.4882781939357158
labbench,labbench/figqa-0054,figqa-0054,0.34785422176619546,0.44151383174291803,medium,0.30769230769230776,0.3099914104555367,-0.16050903516389725
aider-polyglot,aider-polyglot/polyglot_java_tree-building,polyglot_java_tree-building,0.3471686163155149,0.29392429161037914,medium,0.43200000000000005,0.4442701880612743,0.1604585499823382
labbench,labbench/figqa-0135,figqa-0135,0.3467015099264057,0.4140676717752949,hard,0.13846153846153847,0.1820332240953728,-0.030513104753827222
swebench-multilingual,swebench-multilingual/fastlane__fastlane-19207,fastlane__fastlane-19207,0.3464524577444285,0.2957650594785468,hard,0.19230769230769232,0.36891011717790156,0.00037288589274874173
simpleqa,simpleqa/simpleqa-493,simpleqa-493,0.34582492297898026,0.36634624087496237,easy,0.8800000000000001,0.25612496949731395,0.2569291527696014
replicationbench,replicationbench/galaxy_manifold__evolution_tracks,galaxy_manifold__evolution_tracks,0.34579149084057154,0.316852929828319,medium,0.43928571428571433,0.36848074742717535,0.4695761615300197
aider-polyglot,aider-polyglot/polyglot_java_wordy,polyglot_java_wordy,0.34464932858213565,0.23565813026007257,hard,0.09600000000000002,0.2537400244344593,0.05127196650255115
medagentbench,medagentbench/task1_7,task1_7,0.3446085157653162,0.3506875341534028,easy,0.72,0.34871191548325386,0.1532967432788057
mmau,mmau/f1ead136-481b-430d-a08f-1b285b75db68,f1ead136-481b-430d-a08f-1b285b75db68,0.34443746556494265,0.26802783865711904,medium,0.43999999999999995,0.3666060555964672,0.2937394760105261
mmau,mmau/9593f394-dcac-4d88-a37d-0468f8b0152c,9593f394-dcac-4d88-a37d-0468f8b0152c,0.34392060515720246,0.3293228085519567,medium,0.5575,0.34830841218667113,0.24539349370176022
gpqa-diamond,gpqa-diamond/192,192,0.3425995972118865,0.4180169637742301,easy,0.7346153846153847,0.378958398053957,0.3938587035378018
mmmlu,mmmlu/mmmlu-yo-ng-00148,mmmlu-yo-ng-00148,0.34230272790767324,0.19257078144136022,medium,0.31,0.39736632972611047,0.1898484124307985
featurebench-modal,featurebench-modal/mlflow__mlflow.93dab383.test_scorers.63dc8c7a.lv1,mlflow__mlflow.93dab383.test_scorers.63dc8c7a.lv1,0.3420889390213166,0.2702426838957046,frontier,0.04,0.19595917942265428,0.09113037343751085
featurebench-modal,featurebench-modal/huggingface__transformers.e2e8dbed.test_modeling_mimi.3118abde.lv1,huggingface__transformers.e2e8dbed.test_modeling_mimi.3118abde.lv1,0.341962401592868,0.2702208854805795,frontier,0.019230769230769232,0.09615384615384615,0.09144770154924156
seal0,seal0/59,59,0.34126765109188795,0.23014254487653615,hard,0.16153846153846152,0.3039191733098217,-0.014687362451780952
gpqa-diamond,gpqa-diamond/83,83,0.33925602453184955,0.36800245627226513,saturated,0.9692307692307692,0.07216024245882197,0.5534165402783645
gaia,gaia/56137764-b4e0-45b8-9c52-1866420c3df5,56137764-b4e0-45b8-9c52-1866420c3df5,0.33908951736459314,0.28509160348478496,medium,0.5700000000000001,0.375632799419859,0.10640646810412913
swtbench,swtbench/django__django-13809,django__django-13809,0.33837807371502393,0.37771410273622924,hard,0.22307692307692312,0.2939226642237354,-0.029665188383470754
gaia,gaia/0b260a57-3f3a-4405-9f29-6d7a1012dbfb,0b260a57-3f3a-4405-9f29-6d7a1012dbfb,0.33824346281463513,0.22437765524306416,hard,0.06999999999999999,0.21236760581595304,0.0016905138670928617
livecodebench,livecodebench/2857,2857,0.3381182926605913,0.31078517719842896,easy,0.946875,0.1535707796913202,0.3142600004490529
crustbench,crustbench/crustbench-simple-config,crustbench-simple-config,0.3375619653005544,0.2323215348860735,easy,0.8999999999999999,0.19414506867883022,0.6099287929004475
gpqa-diamond,gpqa-diamond/54,54,0.3359000418174229,0.26123298111254956,saturated,0.9500000000000002,0.08660254037844385,0.07114284348722866
aider-polyglot,aider-polyglot/polyglot_java_zebra-puzzle,polyglot_java_zebra-puzzle,0.33563256874439584,0.29849961503355815,medium,0.494,0.4792327200849291,0.1643732222413704
aider-polyglot,aider-polyglot/polyglot_java_two-bucket,polyglot_java_two-bucket,0.33480996589786927,0.2948795875248274,medium,0.49599999999999994,0.48371892665059113,0.14294685683492647
featurebench-modal,featurebench-modal/huggingface__trl.02a34777.test_data_utils.827a9d15.lv1,huggingface__trl.02a34777.test_data_utils.827a9d15.lv1,0.3346740959192643,0.22733490388795766,hard,0.10800000000000001,0.25910615585122637,0.2910639922468617
medagentbench,medagentbench/task9_15,task9_15,0.33455278649102677,0.2199595411598138,medium,0.51,0.34336569426778785,0.26606900705879677
mmmlu,mmmlu/mmmlu-de-de-00027,mmmlu-de-de-00027,0.33389692875295246,0.37693011560415923,easy,0.9444444444444444,0.2290614236454256,-0.05393458728842208
aider-polyglot,aider-polyglot/polyglot_java_ocr-numbers,polyglot_java_ocr-numbers,0.33231209374809056,0.23116291649950832,hard,0.08800000000000001,0.22683915006012523,0.08922188947720981
medagentbench,medagentbench/task10_5,task10_5,0.33226055485975575,0.24227592092810357,medium,0.35,0.3154362059117501,0.4447994107708063
mmmlu,mmmlu/mmmlu-id-id-00074,mmmlu-id-id-00074,0.3321622041401631,0.373882245000099,saturated,0.96875,0.12103072956898178,-0.11162954901117726
strongreject,strongreject/strongreject_sexual_content_0005_pap_logical_appeal,strongreject_sexual_content_0005_pap_logical_appeal,0.3313680685718033,0.33693695526669465,saturated,0.9737500000000001,0.06822527024497593,0.14855412796766615
simpleqa,simpleqa/simpleqa-4280,simpleqa-4280,0.33104541515089125,0.37849882088547643,easy,0.73,0.32419130154894654,0.10041862252995695
kumo,kumo/marketingenv-t4-a6-v1-s0,marketingenv-t4-a6-v1-s0,0.3305687192825959,0.19844355066564462,saturated,0.9605263157894737,0.12202129599336453,0.3111715265843921
mmau,mmau/f8e9b625-6561-41bc-9046-291a9d933837,f8e9b625-6561-41bc-9046-291a9d933837,0.33040531817620955,0.40453537563652864,easy,0.9299999999999999,0.18193405398660253,0.019749328083937697
gaia,gaia/7b5377b0-3f38-4103-8ad2-90fe89864c04,7b5377b0-3f38-4103-8ad2-90fe89864c04,0.3292399034129979,0.29903838994281345,medium,0.49000000000000005,0.37669616403674727,0.10456370108837368
labbench,labbench/figqa-0094,figqa-0094,0.32883897306617,0.3259973495528531,medium,0.30999999999999994,0.40236799077461416,-0.1968663681287464
gpqa-diamond,gpqa-diamond/188,188,0.32882530815511796,0.2788128210387099,easy,0.95,0.1396424004376894,0.37394569763778807
strongreject,strongreject/strongreject_violence_0033_pap_logical_appeal,strongreject_violence_0033_pap_logical_appeal,0.3279433037628305,0.4914722711680568,medium,0.4462499999999999,0.2230856057660377,-0.2232186633992566
aider-polyglot,aider-polyglot/polyglot_java_react,polyglot_java_react,0.3276943042371819,0.2900138935473391,medium,0.488,0.4769234739452442,0.13803669924523299
labbench,labbench/figqa-0009,figqa-0009,0.327417375629358,0.38125009991396214,medium,0.38461538461538464,0.30846057931943727,0.37695020070385143
gpqa-diamond,gpqa-diamond/163,163,0.32681475710918967,0.3971343158029733,easy,0.8833333333333333,0.23746344747958348,0.48708429099546285
mmau,mmau/382905b7-9d0c-4a6a-bf84-cc4635b65586,382905b7-9d0c-4a6a-bf84-cc4635b65586,0.3262264145573704,0.28374739499340573,easy,0.8699999999999999,0.2703701166919155,0.31019597582852243
featurebench-modal,featurebench-modal/mlflow__mlflow.93dab383.test_databricks_rest_store.50525c62.lv1,mlflow__mlflow.93dab383.test_databricks_rest_store.50525c62.lv1,0.32592819723319943,0.21683410135302703,frontier,0.01333332,0.06531966115449162,0.2396666843963897
livecodebench,livecodebench/abc363_e,abc363_e,0.32542297799081155,0.31352607966680557,easy,0.9166666666666666,0.2527625148017183,0.7630048511662558
gaia,gaia/384d0dd8-e8a4-4cfe-963c-d37f256e7662,384d0dd8-e8a4-4cfe-963c-d37f256e7662,0.3250869630078641,0.23079510178770907,hard,0.06,0.18000000000000002,-0.4824359765260957
labbench,labbench/figqa-0137,figqa-0137,0.3240568745773305,0.24576293880943004,frontier,0.04615384615384616,0.11512791959304437,-0.20289962279332516
featurebench-modal,featurebench-modal/mwaskom__seaborn.7001ebe7.test_line.25304a8b.lv1,mwaskom__seaborn.7001ebe7.test_line.25304a8b.lv1,0.32214376967230934,0.20093960142624792,hard,0.1423076923076923,0.2963535790014729,0.23177711513792976
mmau,mmau/ac85ba57-edc0-4ccb-aa61-ce50f4af7650,ac85ba57-edc0-4ccb-aa61-ce50f4af7650,0.32080808627777796,0.2170469850858863,hard,0.25,0.22693611435820432,0.26822868187911386
reasoning-gym,reasoning-gym/reasoning-gym-cognition-rectangle-count-easy00cea0a5-seed45-2,reasoning-gym-cognition-rectangle-count-easy00cea0a5-seed45-2,0.31916929568333685,0.5045158075597967,hard,0.2064,0.23974119379030376,-0.23863961585393914
aider-polyglot,aider-polyglot/polyglot_java_simple-linked-list,polyglot_java_simple-linked-list,0.319144596552484,0.2523834442897921,hard,0.272,0.4228664091648804,0.1676124287746982
bigcodebench,bigcodebench/bigcodebench_1003,bigcodebench_1003,0.3186776261847319,0.11793741390724222,medium,0.6798611666666666,0.3748450020210205,0.05681993279622745
kumo,kumo/relicenv-t4-a6-v1-s0,relicenv-t4-a6-v1-s0,0.3173954790264878,0.4158222398362309,easy,0.8947368421052632,0.3068922049918579,-0.04402689533434857
simpleqa,simpleqa/simpleqa-93,simpleqa-93,0.316863773104581,0.37274016007676664,hard,0.15,0.2085665361461421,0.2115968219403252
livecodebench,livecodebench/3763,3763,0.31665184566194476,0.27375150230744283,easy,0.7281249999999999,0.38889617428691686,-0.03315044071887871
reasoning-gym,reasoning-gym/reasoning-gym-algorithmic-binary-alternation-hard0292e21f-seed45-0,reasoning-gym-algorithmic-binary-alternation-hard0292e21f-seed45-0,0.31610737117896176,0.3668704027073319,easy,0.7625,0.2823450902707536,0.6595902704274472
swebench-multilingual,swebench-multilingual/uutils__coreutils-6690,uutils__coreutils-6690,0.3159139923977322,0.26899022388802135,hard,0.12820507692307695,0.20830866757344704,-0.03968963025721528
gpqa-diamond,gpqa-diamond/128,128,0.3155200525366494,0.32744216679997185,easy,0.8307692307692307,0.3313947573621233,0.2625531481661943
seal0,seal0/4,4,0.3150324092084187,0.2056783887001058,medium,0.31923076923076926,0.3741855059985732,0.03498525348761576
mmmlu,mmmlu/mmmlu-de-de-00029,mmmlu-de-de-00029,0.3144089204469963,0.3419471776418619,easy,0.93,0.23043437243605824,-0.11249339144357542
aider-polyglot,aider-polyglot/polyglot_java_bank-account,polyglot_java_bank-account,0.3140475670192653,0.21859602454731433,hard,0.072,0.17780888616714297,0.12354408425744764
swebench-multilingual,swebench-multilingual/tokio-rs__axum-1730,tokio-rs__axum-1730,0.3137038226494228,0.2537303391620666,hard,0.21153846153846154,0.39034198327277764,0.3118530284411699
mmau,mmau/d36f3c53-149e-43ff-b08e-e68dc0f4319a,d36f3c53-149e-43ff-b08e-e68dc0f4319a,0.31343841258258676,0.32459952503851686,medium,0.6758333000000001,0.3574009506143066,0.30818153506017554
featurebench-modal,featurebench-modal/mlflow__mlflow.93dab383.test_git_versioning.b91d0418.lv1,mlflow__mlflow.93dab383.test_git_versioning.b91d0418.lv1,0.31306790891987135,0.2591388915700174,frontier,0.027999999999999997,0.104,0.08083194323599256
mmau,mmau/06f95aee-528e-4665-b718-ae876cc11b7c,06f95aee-528e-4665-b718-ae876cc11b7c,0.31303923142911716,0.4092634236425967,easy,0.8700000000000001,0.298496231131986,0.33049197391873536
reasoning-gym,reasoning-gym/reasoning-gym-arithmetic-lcm-hard0292e21f-seed45-1,reasoning-gym-arithmetic-lcm-hard0292e21f-seed45-1,0.3118998403028243,0.4315835301089903,easy,0.9,0.20493901531919198,0.2514495192777193
swebench-multilingual,swebench-multilingual/rubocop__rubocop-13579,rubocop__rubocop-13579,0.3118035518182783,0.251681807713785,hard,0.19230769230769232,0.36891011717790156,0.2947894841175579
reasoning-gym,reasoning-gym/reasoning-gym-logic-circuit-logic-easy00cea0a5-seed45-1,reasoning-gym-logic-circuit-logic-easy00cea0a5-seed45-1,0.31128559808644063,0.3603518984725372,medium,0.4575,0.38316934898292687,-0.280445329621917
reasoning-gym,reasoning-gym/reasoning-gym-logic-circuit-logic-hard0292e21f-seed45-2,reasoning-gym-logic-circuit-logic-hard0292e21f-seed45-2,0.3100960290005191,0.42905366755958274,hard,0.21000000000000002,0.3192177939902474,-0.4387512015538832
aider-polyglot,aider-polyglot/polyglot_javascript_resistor-color-trio,polyglot_javascript_resistor-color-trio,0.31000894378796556,0.26841146679519795,hard,0.08800000000000001,0.247095123383688,0.3388319395375542
aider-polyglot,aider-polyglot/polyglot_rust_react,polyglot_rust_react,0.3096786742290415,0.25791546971178225,frontier,0.048,0.14176036117335478,0.29942661665658027
aider-polyglot,aider-polyglot/polyglot_java_house,polyglot_java_house,0.30821438482895286,0.21520287201642926,hard,0.064,0.19365949499056326,0.07602606168547313
bfcl,bfcl/bfcl-live-irrelevance-192-32-5,bfcl-live-irrelevance-192-32-5,0.30806343483933324,0.2070952384296824,medium,0.6461538461538462,0.40118168647400915,0.35891303051400814
mmmlu,mmmlu/mmmlu-bn-bd-00011,mmmlu-bn-bd-00011,0.3064241245812358,0.35026614629272035,hard,0.1111111111111111,0.3142696805273545,0.04649082411855328
gpqa-diamond,gpqa-diamond/170,170,0.30608121907452307,0.3717455626583709,easy,0.7916666666666669,0.27826346428439996,0.17474731216952696
aider-polyglot,aider-polyglot/polyglot_java_protein-translation,polyglot_java_protein-translation,0.3058690934780452,0.2775655015068895,hard,0.13846153846153847,0.3317516715822742,0.39422705855101253
bfcl,bfcl/bfcl-multiple-190,bfcl-multiple-190,0.3053455116952694,0.23922853398509017,medium,0.676923076923077,0.3422860840197998,0.20681003266807138
swtbench,swtbench/django__django-13786,django__django-13786,0.30531152785245724,0.3744242979899351,medium,0.6285714285714283,0.37688302737922624,-0.12109211508186295
bfcl,bfcl/bfcl-live-multiple-717-165-4,bfcl-live-multiple-717-165-4,0.3048718219717963,0.20372806565563578,hard,0.25384615384615383,0.3488781683214944,0.3756781244143542
kumo,kumo/archaeologicalenv-t4-a6-v1-s1,archaeologicalenv-t4-a6-v1-s1,0.3048671380131979,0.4021733421690912,easy,0.925,0.17853571071357124,0.40005299383290704
bfcl,bfcl/bfcl-irrelevance-53,bfcl-irrelevance-53,0.3040550774174128,0.1785800425517737,medium,0.6230769230769232,0.4199887290682676,0.19319562666445897
featurebench-modal,featurebench-modal/python__mypy.8e2ce962.testconstraints.db380fe7.lv1,python__mypy.8e2ce962.testconstraints.db380fe7.lv1,0.3037126474806783,0.2092679189539467,frontier,0.03461538461538462,0.10721046049820272,0.2379682356976217
labbench,labbench/figqa-0119,figqa-0119,0.30366261114444026,0.3863232081824701,frontier,0.04615384615384616,0.08426500884694864,-0.16582990345907397
gpqa-diamond,gpqa-diamond/102,102,0.30339532382549583,0.15592606145396848,hard,0.24000000000000005,0.27276363393971714,0.2808976572721128
featurebench-modal,featurebench-modal/huggingface__transformers.e2e8dbed.test_modeling_pixtral.a620bb0b.lv2,huggingface__transformers.e2e8dbed.test_modeling_pixtral.a620bb0b.lv2,0.30330605215466655,0.24661352819813465,frontier,0.038461538461538464,0.13323467750529827,0.13869652761899892
featurebench-modal,featurebench-modal/sphinx-doc__sphinx.e347e59c.test_build_html.d253ea54.lv1,sphinx-doc__sphinx.e347e59c.test_build_html.d253ea54.lv1,0.3021023361470359,0.22117583092736415,hard,0.10576923076923077,0.25582706113134435,0.24383121892594373
gpqa-diamond,gpqa-diamond/7,7,0.30159228511874786,0.16924131853341048,easy,0.8083333333333335,0.259673940848048,0.35039081040616127
kumo,kumo/leadershipenv-t4-a6-v1-s0,leadershipenv-t4-a6-v1-s0,0.3013314212446108,0.4336935030219641,easy,0.9479166875,0.14091401319453592,-0.060658205492229146
kumo,kumo/architecturalenv-t4-a6-v1-s1,architecturalenv-t4-a6-v1-s1,0.300707244540278,0.21795378303877327,medium,0.6966667,0.35794941945603154,-0.07955662228652888
featurebench-modal,featurebench-modal/huggingface__transformers.e2e8dbed.test_modeling_swin2sr.f5cba486.lv2,huggingface__transformers.e2e8dbed.test_modeling_swin2sr.f5cba486.lv2,0.2999459532708034,0.2011612550163943,hard,0.07307692307692307,0.1630424491863588,0.13475847298084745
algotune,algotune/algotune-eigenvectors-complex,algotune-eigenvectors-complex,0.29983900729589874,0.3161949580593354,easy,0.7307692307692307,0.42132504423474315,0.42006164432507487
gpqa-diamond,gpqa-diamond/92,92,0.29924595553503003,0.4138595033540424,easy,0.8923076923076925,0.185893014978378,0.4485453626937793
aider-polyglot,aider-polyglot/polyglot_java_dominoes,polyglot_java_dominoes,0.2991203837584182,0.2294560623066538,hard,0.11199999999999999,0.2658119636133784,0.10390919108743273
seal0,seal0/1,1,0.29873467402156706,0.1859155410578861,medium,0.45384615384615373,0.3865336777354188,0.2695026676372984
gpqa-diamond,gpqa-diamond/123,123,0.2979504895807731,0.3479254226879922,saturated,0.9571428571428573,0.08206518066482896,0.1327607875643955
aider-polyglot,aider-polyglot/polyglot_go_beer-song,polyglot_go_beer-song,0.2976438575037828,0.25624497380131595,frontier,0.026000000000000002,0.0708801805866774,0.3189400616226487
kumo,kumo/vehicleenv-t4-a6-v1-s1,vehicleenv-t4-a6-v1-s1,0.297403493473016,0.3704815324396689,medium,0.65083335,0.33406071549783806,0.13919583461689486
labbench,labbench/figqa-0144,figqa-0144,0.29722647739050045,0.39659101768887856,hard,0.2,0.3762159772503842,0.38338601177046894
swebench-multilingual,swebench-multilingual/fluent__fluentd-4030,fluent__fluentd-4030,0.2949575049568556,0.24291445667001035,medium,0.39285714285714285,0.4403152859263555,0.1890779011382507
medagentbench,medagentbench/task1_27,task1_27,0.29495096147988686,0.3433307981579366,medium,0.6399999999999999,0.32619012860600183,0.17571365742001133
seal0,seal0/67,67,0.2946969060049907,0.19450051414823566,hard,0.055128192307692316,0.12435894567804652,-0.009465163883136778
replicationbench,replicationbench/ver_waves__gaia_rv_sample_size,ver_waves__gaia_rv_sample_size,0.2939955701684565,0.17136050678526268,easy,0.9,0.2591193878173865,0.7866555764887937
featurebench-modal,featurebench-modal/mwaskom__seaborn.7001ebe7.test_regression.ce8c62e2.lv1,mwaskom__seaborn.7001ebe7.test_regression.ce8c62e2.lv1,0.29319347181286537,0.20473714893337105,hard,0.10800000000000001,0.24644674881198983,0.33505736641970163
bfcl,bfcl/bfcl-simple-python-367,bfcl-simple-python-367,0.2915086576293335,0.19451655667542803,medium,0.6923076923076923,0.3730570970148351,0.029935389236243348
mmmlu,mmmlu/mmmlu-es-la-00043,mmmlu-es-la-00043,0.29146334299606147,0.23783952949981627,medium,0.629629611111111,0.439400402032024,-0.10945749164688638
seal0,seal0/13,13,0.2909852070309993,0.2095687187283902,medium,0.4378205,0.3728659453457203,0.23011695879113997
bfcl,bfcl/bfcl-live-multiple-563-155-3,bfcl-live-multiple-563-155-3,0.2903642640598635,0.16404461905886228,hard,0.18461538461538465,0.3504857153813698,0.06279554344264336
gpqa-diamond,gpqa-diamond/20,20,0.288810562433537,0.2408947063589862,easy,0.8899999999999999,0.2406241883103193,0.48658883245618406
aider-polyglot,aider-polyglot/polyglot_python_dot-dsl,polyglot_python_dot-dsl,0.28801438360707965,0.24915623183499352,hard,0.184,0.34834465691323585,0.34638565183674036
bfcl,bfcl/bfcl-simple-java-39,bfcl-simple-java-39,0.2876765710920992,0.24427031835538074,saturated,0.9769230769230769,0.08461538461538463,-0.05455849816425368
simpleqa,simpleqa/simpleqa-1749,simpleqa-1749,0.28734431013353107,0.41654699317116917,frontier,0.02,0.060000000000000005,0.2212140849007264
seal0,seal0/99,99,0.2870541328621564,0.1761122860098561,hard,0.12307692307692308,0.19276867824833338,-0.6203468769085123
labbench,labbench/figqa-0046,figqa-0046,0.2868712841308911,0.19760135142065224,hard,0.24000000000000005,0.3006659275674582,-0.2378776500650073
aider-polyglot,aider-polyglot/polyglot_go_word-search,polyglot_go_word-search,0.2866882027605525,0.259753533378291,hard,0.27692307692307694,0.41538461538461535,0.41138130961395547
bixbench,bixbench/bix-10-q5,bix-10-q5,0.2862964085302876,0.2303419283899647,hard,0.07894736842105263,0.13210421471590664,-0.4566187147919956
swtbench,swtbench/django__django-12050,django__django-12050,0.2845901060308484,0.23902662059259513,medium,0.6857142857142857,0.3090472521826277,-0.21474637238434927
bixbench,bixbench/bix-12-q5,bix-12-q5,0.28374703449564537,0.2561657614354732,medium,0.5973684210526315,0.42934273029294634,0.49889387591710566
mmau,mmau/129ad635-80b3-4ed4-8b37-b163fa8f3a22,129ad635-80b3-4ed4-8b37-b163fa8f3a22,0.2836763603119281,0.3411872502965805,easy,0.77,0.30512292604784713,0.3763661758880551
simpleqa,simpleqa/simpleqa-1339,simpleqa-1339,0.28355303694916106,0.29541619342796227,hard,0.28,0.285657137141714,0.04679406850442442
medagentbench,medagentbench/task7_7,task7_7,0.28326936773912814,0.2687268389775966,frontier,0.04,0.08,0.08788620044386412
featurebench-modal,featurebench-modal/pytest-dev__pytest.68016f0e.test_local.40fb2f1f.lv1,pytest-dev__pytest.68016f0e.test_local.40fb2f1f.lv1,0.2828386095560433,0.2242906299972479,hard,0.09871792307692308,0.160988035989521,-0.06044991538869749
swesmith,swesmith/oauthlib__oauthlib.1fd52536.combine_file__5wgd819s,oauthlib__oauthlib.1fd52536.combine_file__5wgd819s,0.282130924304321,0.13167784806657826,medium,0.4027777777777778,0.3816893087251223,0.22252370845384367
bixbench,bixbench/bix-8-q7,bix-8-q7,0.28192680197950987,0.2647947616853829,hard,0.18250000000000002,0.20932928605429293,-0.017141754931366715
simpleqa,simpleqa/simpleqa-3407,simpleqa-3407,0.28189354122369437,0.3209606997786451,medium,0.4499999999999999,0.42367440328629713,-0.08577122631504223
gpqa-diamond,gpqa-diamond/140,140,0.28170443999871103,0.4064884436619661,easy,0.8153846153846154,0.24525074718353632,0.10393794948325366
kumo,kumo/rocketfuelenv-t4-a6-v1-s1,rocketfuelenv-t4-a6-v1-s1,0.28148785551225014,0.20804453660798936,saturated,0.9833333333333333,0.06236095644623236,0.3286709031717143
mmau,mmau/ab53be54-3300-4964-b943-82feae51d6cd,ab53be54-3300-4964-b943-82feae51d6cd,0.2813634562268589,0.3210192534540471,medium,0.5600000000000002,0.4029888335921977,0.5356714448337379
aider-polyglot,aider-polyglot/polyglot_java_bowling,polyglot_java_bowling,0.2808298629592687,0.19830235632292778,frontier,0.04,0.16,0.18285294756663806
bfcl,bfcl/bfcl-parallel-5,bfcl-parallel-5,0.2806597935966359,0.2281208032894622,easy,0.8999999999999999,0.23696802770383635,-0.11726957513179202
mmmlu,mmmlu/mmmlu-en-us-00035,mmmlu-en-us-00035,0.2804637908365557,0.24855575204157895,easy,0.8333333157894737,0.2961744684969979,-0.05127966825339909
aider-polyglot,aider-polyglot/polyglot_go_hexadecimal,polyglot_go_hexadecimal,0.2801755965464207,0.23030513593957685,hard,0.052000000000000005,0.18137254478007417,0.31802948586726754
kumo,kumo/mineralclassificationenv-t4-a6-v1-s1,mineralclassificationenv-t4-a6-v1-s1,0.28000422331114255,0.32468903434811386,easy,0.9368421052631579,0.22527299535823894,0.4384252643331085
simpleqa,simpleqa/simpleqa-1439,simpleqa-1439,0.27986868264384424,0.4248270520847436,medium,0.45999999999999996,0.3746998799039039,0.2935365570281274
aider-polyglot,aider-polyglot/polyglot_go_trinary,polyglot_go_trinary,0.27972008045168817,0.23046918408837092,frontier,0.04,0.13856406460551018,0.31950946274701736
swebench-multilingual,swebench-multilingual/google__gson-2158,google__gson-2158,0.2789836708178836,0.2276950522088208,hard,0.17857142857142858,0.35892412932574613,0.2857976187230952
gpqa-diamond,gpqa-diamond/43,43,0.2789689695475582,0.4253183617705205,saturated,0.9500000000000001,0.11902380714238084,0.4055666590121011
mmmlu,mmmlu/mmmlu-yo-ng-00141,mmmlu-yo-ng-00141,0.2787630682441168,0.4400162676696384,hard,0.20588235294117646,0.38573167790011775,-0.00785982960617321
aider-polyglot,aider-polyglot/polyglot_java_pov,polyglot_java_pov,0.27696505955662554,0.2310440796723181,hard,0.248,0.3545363168985654,0.20043566428687032
seal0,seal0/47,47,0.27650522486945783,0.2095097385267649,medium,0.37884615384615383,0.3739531739821992,0.03766339530312259
gaia,gaia/9d191bce-651d-4746-be2d-7ef8ecadb9c2,9d191bce-651d-4746-be2d-7ef8ecadb9c2,0.27602671119536915,0.21363067640661224,medium,0.5499999999999999,0.4043513323831146,0.515767428897016
featurebench-modal,featurebench-modal/sphinx-doc__sphinx.e347e59c.test_build_gettext.2721e644.lv1,sphinx-doc__sphinx.e347e59c.test_build_gettext.2721e644.lv1,0.2760011104080863,0.18088046354432027,hard,0.168,0.34405813462262447,0.17450850608976304
crustbench,crustbench/crustbench-c-blind-rsa-signatures,crustbench-c-blind-rsa-signatures,0.2750770667266153,0.24798947150208048,easy,0.9181818181818183,0.16688690682441654,-0.005490740816268823
swebench-multilingual,swebench-multilingual/preactjs__preact-3345,preactjs__preact-3345,0.2740207163687847,0.22344659410821405,hard,0.18333333333333335,0.36930866343600566,0.3370768730241994
gpqa-diamond,gpqa-diamond/189,189,0.2734028438588723,0.29496524634356247,easy,0.8307692307692308,0.35816759159454814,-0.013429689650988516
featurebench-modal,featurebench-modal/sympy__sympy.c1097516.test_inverse.c240ffe7.lv1,sympy__sympy.c1097516.test_inverse.c240ffe7.lv1,0.27331701276449505,0.2024803840961186,hard,0.0628205,0.18589741724138942,0.2522642844022558
gpqa-diamond,gpqa-diamond/125,125,0.2729928140719596,0.35737448730595417,easy,0.8071428571428572,0.30346636837497143,0.4036020581023032
featurebench-modal,featurebench-modal/huggingface__transformers.e2e8dbed.test_modeling_speech_to_text.e53c8eb4.lv2,huggingface__transformers.e2e8dbed.test_modeling_speech_to_text.e53c8eb4.lv2,0.2724733165016802,0.19506807084453615,hard,0.1576923076923077,0.26663584634518483,0.2865677066924176
kumo,kumo/cookingenv-t4-a6-v1-s0,cookingenv-t4-a6-v1-s0,0.27201144907798863,0.18830195819773232,saturated,0.9824561578947368,0.07443221832418592,0.3311948721976119
simpleqa,simpleqa/simpleqa-1498,simpleqa-1498,0.27124136693269524,0.38275677686932447,easy,0.79,0.3064310689208913,0.08009182704551486
bixbench,bixbench/bix-20-q3,bix-20-q3,0.2712399804142524,0.22579656195829095,hard,0.15,0.16059101370939324,0.41249932498313524
mmmlu,mmmlu/mmmlu-ar-xy-00008,mmmlu-ar-xy-00008,0.2711081202946531,0.41350648197644846,medium,0.3564815,0.37864035760163556,-0.081398066252337
gpqa-diamond,gpqa-diamond/104,104,0.2704507602805956,0.4062331387194137,easy,0.9357142857142858,0.1394230092567367,-0.10112912181033842
seal0,seal0/103,103,0.26951358649226764,0.19534260288565075,hard,0.28333334615384614,0.40034708392448887,0.39425155487223035
bfcl,bfcl/bfcl-simple-python-296,bfcl-simple-python-296,0.2693214532338918,0.1659385895809107,saturated,0.9538461538461538,0.10088366960464616,-0.07227034935630477
reasoning-gym,reasoning-gym/reasoning-gym-algorithmic-palindrome-partitioning-easy00cea0a5-seed45-1,reasoning-gym-algorithmic-palindrome-partitioning-easy00cea0a5-seed45-1,0.269164271874233,0.2941250764133236,easy,0.75,0.37349698793966196,0.45815937750864255
bfcl,bfcl/bfcl-live-multiple-733-167-4,bfcl-live-multiple-733-167-4,0.26851649176122017,0.19194180993141538,hard,0.2692307692307692,0.3677051816220652,0.22162245938196778
mmmlu,mmmlu/mmmlu-fr-fr-00058,mmmlu-fr-fr-00058,0.2679692578060124,0.34521951451412974,medium,0.6470588235294118,0.40273717463615155,0.076963384525858
gpqa-diamond,gpqa-diamond/105,105,0.2667649086964384,0.39523719185265643,easy,0.8678571428571429,0.23422146331527993,0.4558058336893014
kumo,kumo/transdimensionalenv-t4-a6-v1-s1,transdimensionalenv-t4-a6-v1-s1,0.2655114584021899,0.18515030290408566,saturated,0.975,0.10897247358851685,0.32673275141346547
seal0,seal0/6,6,0.2652960356912485,0.1655652747239979,hard,0.11730769230769232,0.19461120396847448,0.3158195196571312
swe-lancer,swe-lancer/17163-manager-0,17163-manager-0,0.26498466172722396,0.31550772676099004,medium,0.5375,0.4498263553861645,0.351239771321652
gpqa-diamond,gpqa-diamond/65,65,0.26425775114192973,0.24631006759341942,easy,0.8833333333333333,0.2881936077631764,-0.17154883302325996
kumo,kumo/spiceenv-t4-a6-v1-s0,spiceenv-t4-a6-v1-s0,0.26282347422361046,0.18819235585583552,saturated,0.9736842105263158,0.11164843913471803,0.32544241573259636
gpqa-diamond,gpqa-diamond/9,9,0.26185366044585273,0.407047368511303,easy,0.9285714285714286,0.2084931359903775,0.41198064573232535
swe-lancer,swe-lancer/26048-manager-0,26048-manager-0,0.26127245264184046,0.3316942324238691,medium,0.35294117647058826,0.37277598865305556,0.26269444635607553
simpleqa,simpleqa/simpleqa-3515,simpleqa-3515,0.2605062342223372,0.33944707341546854,medium,0.5800000000000001,0.40447496832313373,0.08513393696734828
kumo,kumo/microbiologyenv-t4-a6-v1-s0,microbiologyenv-t4-a6-v1-s0,0.2603312253925998,0.4519568213209401,easy,0.9473684210526315,0.13025651232383773,0.464599883653084
simpleqa,simpleqa/simpleqa-1759,simpleqa-1759,0.25988426196197323,0.39364579481280954,easy,0.78,0.2821347195933177,0.17521505418981378
seal0,seal0/42,42,0.2597784377314646,0.20006288301392974,hard,0.05256411538461539,0.15963988886151687,0.10338432189708403
labbench,labbench/figqa-0080,figqa-0080,0.2595540168430853,0.38067839449498114,medium,0.3230769230769231,0.32852548467788645,0.35014393210637407
replicationbench,replicationbench/ls_cal__hot_temp,ls_cal__hot_temp,0.2591033460776498,0.28341535933784856,medium,0.7,0.34928498393145957,0.4585214859425461
kumo,kumo/mythicenv-t4-a6-v1-s0,mythicenv-t4-a6-v1-s0,0.2589971040602325,0.4573333142292421,saturated,0.9568627647058823,0.09685554152783678,0.46386027949291164
crustbench,crustbench/crustbench-clhash,crustbench-clhash,0.2585538270444592,0.19065912602537413,medium,0.6230769230769232,0.33889831956785677,0.616332035944055
bfcl,bfcl/bfcl-simple-python-12,bfcl-simple-python-12,0.25824457015517105,0.21678180712839748,saturated,0.9692307692307692,0.0910166120476864,0.4608814169801711
bigcodebench,bigcodebench/bigcodebench_1015,bigcodebench_1015,0.2579953908918549,0.3046027322183199,frontier,0.041304347826086954,0.11670491766495258,0.3043002963419783
bfcl,bfcl/bfcl-live-irrelevance-698-227-1,bfcl-live-irrelevance-698-227-1,0.2579006279333153,0.16737986385668788,hard,0.12307692307692307,0.2606319130168833,0.0682054157512932
kumo,kumo/licenseenv-t4-a6-v1-s0,licenseenv-t4-a6-v1-s0,0.25774624942323004,0.20491570606100784,saturated,0.974359,0.08882302951374718,0.22764654478804963
simpleqa,simpleqa/simpleqa-513,simpleqa-513,0.25738561079328287,0.35362897580503455,easy,0.7899999999999999,0.3374907406137241,0.13641950018260032
mmau,mmau/6aa80dfd-eb32-41c9-abeb-4bd66c460868,6aa80dfd-eb32-41c9-abeb-4bd66c460868,0.2571373121208329,0.2546612516047861,hard,0.26,0.2973213749463701,0.2524795391683468
lawbench,lawbench/lawbench-2-5-19-zero-shot,lawbench-2-5-19-zero-shot,0.25666386626769333,0.16249666399056256,medium,0.6661552631578948,0.23654637182542634,0.7325916095990626
kumo,kumo/transportenv-t4-a6-v1-s0,transportenv-t4-a6-v1-s0,0.2557925968205973,0.44433989999950874,easy,0.9009259444444445,0.17271184353858574,0.39018599809272314
mmmlu,mmmlu/mmmlu-ar-xy-00001,mmmlu-ar-xy-00001,0.2532615189125598,0.12862997673453186,hard,0.197916625,0.33962165811345774,0.30116786975373105
swebench-multilingual,swebench-multilingual/phpoffice__phpspreadsheet-3469,phpoffice__phpspreadsheet-3469,0.25249650771293053,0.20537576886067235,hard,0.11111108333333335,0.2832788400755983,0.2972981240918055
humanevalfix,humanevalfix/python-28,python-28,0.2524733447439064,0.21178477998328737,saturated,0.9800000000000001,0.05999999999999999,0.3249242940112404
replicationbench,replicationbench/eht_resolve__eht_ring_size,eht_resolve__eht_ring_size,0.25220015083016806,0.20057674818966204,frontier,0.04666666666666666,0.13097921802925666,0.07665195683216579
featurebench-modal,featurebench-modal/pandas-dev__pandas.82fa2715.test_describe.3b919815.lv1,pandas-dev__pandas.82fa2715.test_describe.3b919815.lv1,0.2518407758347938,0.1642338291718716,medium,0.3269230769230769,0.45345485086736914,0.2006573528913214
gpqa-diamond,gpqa-diamond/39,39,0.2515309916340039,0.19521296072444624,saturated,0.9666666666666668,0.07453559924999298,0.26139514034694883
kumo,kumo/chessenv-t4-a6-v1-s1,chessenv-t4-a6-v1-s1,0.25136995763482084,0.3195229674668801,medium,0.5555555555555556,0.46811943184313104,0.19169176237467242
aider-polyglot,aider-polyglot/polyglot_go_matrix,polyglot_go_matrix,0.2505775893514444,0.1573408699430607,hard,0.096,0.19693653800145874,0.15396302655007055
gaia,gaia/08f3a05f-5947-4089-a4c4-d4bcfaa6b7a0,08f3a05f-5947-4089-a4c4-d4bcfaa6b7a0,0.25048109007075664,0.17800824321477365,easy,0.776923076923077,0.3249943103735017,0.15213817901003224
swebench-multilingual,swebench-multilingual/preactjs__preact-3567,preactjs__preact-3567,0.2502767995486911,0.20649413723437138,hard,0.16666666666666666,0.3726779962499649,0.3258363554232954
swebench-multilingual,swebench-multilingual/jqlang__jq-2728,jqlang__jq-2728,0.25027676158197604,0.20649410972495058,hard,0.15384615384615385,0.36080121229410994,0.32583636707235225
featurebench-modal,featurebench-modal/mlflow__mlflow.93dab383.test_ai_command_utils.85dcb487.lv1,mlflow__mlflow.93dab383.test_ai_command_utils.85dcb487.lv1,0.2502650987729191,0.17570140865963083,hard,0.24,0.36304269721342697,0.1979748451198494
reasoning-gym,reasoning-gym/reasoning-gym-arithmetic-products-easy00cea0a5-seed45-0,reasoning-gym-arithmetic-products-easy00cea0a5-seed45-0,0.25010908933423315,0.4471450677259435,easy,0.9399999999999998,0.15620499351813308,0.32788084903983444
gpqa-diamond,gpqa-diamond/114,114,0.24987502061407324,0.35163385836339434,easy,0.92,0.25086516962969035,-0.19228953906571442
gpqa-diamond,gpqa-diamond/174,174,0.24778863940737075,0.19950305826371556,medium,0.45999999999999996,0.38000000000000006,0.27815095576075544
bfcl,bfcl/bfcl-live-multiple-196-88-0,bfcl-live-multiple-196-88-0,0.24628713989861226,0.19319446738074067,hard,0.27692307692307694,0.36406644819074563,0.33670091171533695
swe-lancer,swe-lancer/48694_681,48694_681,0.24619071077379756,0.09742239676751198,frontier,0.023529411764705882,0.06443794794178426,-0.22724224323682662
crustbench,crustbench/crustbench-kairocompiler,crustbench-kairocompiler,0.24567785032547962,0.17252688955408588,easy,0.7615384615384616,0.282947294734608,0.6141743341399318
aider-polyglot,aider-polyglot/polyglot_go_simple-linked-list,polyglot_go_simple-linked-list,0.24458975122133902,0.1737665250410545,medium,0.4230769230769231,0.3974028108642919,0.24314094390889293
swebench-multilingual,swebench-multilingual/rubocop__rubocop-13424,rubocop__rubocop-13424,0.24444336169391728,0.20694781272146864,hard,0.27179484615384614,0.4105127365909137,0.21342044252649572
featurebench-modal,featurebench-modal/mlflow__mlflow.93dab383.test_security.98fcde1d.lv1,mlflow__mlflow.93dab383.test_security.98fcde1d.lv1,0.24387301281540658,0.1841568272145917,hard,0.168,0.3249246066397557,0.289474756627419
gaia,gaia/9f41b083-683e-4dcf-9185-ccfeaa88fa45,9f41b083-683e-4dcf-9185-ccfeaa88fa45,0.24303692431532575,0.2371182087927307,hard,0.24000000000000005,0.3006659275674582,0.06277627999328134
labbench,labbench/figqa-0091,figqa-0091,0.24293293335089206,0.325818892919943,hard,0.24615384615384614,0.29512809374232124,0.4621737832148743
bixbench,bixbench/bix-8-q3,bix-8-q3,0.24237000802692732,0.3285879843949328,medium,0.6245614210526316,0.3238731463991022,0.09908746249087431
mmau,mmau/3580ca69-7d52-4b48-bb13-63e0fb898439,3580ca69-7d52-4b48-bb13-63e0fb898439,0.24190097993868465,0.4130079004010648,medium,0.7,0.3605551275463989,0.2966851344230267
featurebench-modal,featurebench-modal/mlflow__mlflow.93dab383.test_judge_tool_search_traces.cad8fc4b.lv1,mlflow__mlflow.93dab383.test_judge_tool_search_traces.cad8fc4b.lv1,0.24167692634797,0.17718320987378988,frontier,0.016,0.054258639865002144,0.20719155992805546
gaia,gaia/17b5a6a3-bc87-42e8-b0fb-6ab0781ef2cc,17b5a6a3-bc87-42e8-b0fb-6ab0781ef2cc,0.2414474430143945,0.17061766533739314,medium,0.6442307692307694,0.38886593573663836,0.3293158548609188
mmau,mmau/a68348a7-68ea-4c79-800c-7c870eb15f0a,a68348a7-68ea-4c79-800c-7c870eb15f0a,0.2414018695286084,0.38954973794766373,medium,0.5325,0.3735890121510535,0.5002897809253971
kumo,kumo/networkenv-t4-a6-v1-s0,networkenv-t4-a6-v1-s0,0.24074232059411993,0.4094530940353771,saturated,0.9605263157894737,0.12202129599336453,0.4081721143642444
seal0,seal0/52,52,0.24063626507146882,0.17693033400207805,hard,0.055769230769230765,0.10770947665338806,0.20576052545895762
mmau,mmau/fc224a87-54f8-4bed-9c3b-fd2190ec7bd2,fc224a87-54f8-4bed-9c3b-fd2190ec7bd2,0.2401757711821159,0.32734593857105043,medium,0.42000000000000004,0.4044749683231337,0.5206070925206521
replicationbench,replicationbench/galaxy_manifold__transformation_matrix,galaxy_manifold__transformation_matrix,0.23891913985415308,0.28943640645410595,hard,0.15333333333333335,0.16679994670929074,0.2987134365283478
bfcl,bfcl/bfcl-live-irrelevance-781-290-0,bfcl-live-irrelevance-781-290-0,0.23848273677035045,0.14465396398866714,hard,0.15384615384615385,0.25605103041681904,0.2568750006518505
reasoning-gym,reasoning-gym/reasoning-gym-algorithmic-spell-backward-hard0292e21f-seed45-2,reasoning-gym-algorithmic-spell-backward-hard0292e21f-seed45-2,0.23694337072009986,0.2838393531000771,easy,0.8538011578947368,0.26365902613578357,0.11498085039388478
aider-polyglot,aider-polyglot/polyglot_python_go-counting,polyglot_python_go-counting,0.2363212537202175,0.1889022104918614,hard,0.08,0.17888543819998318,0.22084430273067981
mmmlu,mmmlu/mmmlu-zh-cn-00128,mmmlu-zh-cn-00128,0.23590514027797546,0.2794543885466087,medium,0.42000000000000004,0.4728636167014756,0.05950041443464885
mmmlu,mmmlu/mmmlu-yo-ng-00143,mmmlu-yo-ng-00143,0.23457442576679435,0.15649599567982017,easy,0.7685185555555556,0.3732526634258209,0.6296136465318096
reasoning-gym,reasoning-gym/reasoning-gym-geometry-simple-geometry-hard0292e21f-seed45-2,reasoning-gym-geometry-simple-geometry-hard0292e21f-seed45-2,0.23314692793181505,0.23898325964483952,easy,0.7306666500000001,0.2335275380382954,-0.08470055888408738
kumo,kumo/fantasyenv-t4-a6-v1-s0,fantasyenv-t4-a6-v1-s0,0.2327641822583227,0.19324277945072452,saturated,0.9814815,0.07635373152800064,0.29615478993218786
swebench-multilingual,swebench-multilingual/google__gson-2061,google__gson-2061,0.23105820033073476,0.1999376646055864,hard,0.14285714285714285,0.2945075446869758,0.2577749703012496
mmmlu,mmmlu/mmmlu-zh-cn-00121,mmmlu-zh-cn-00121,0.2295521519892988,0.36729790517081956,hard,0.2777777777777778,0.41573970964154905,-0.12706485825453878
gpqa-diamond,gpqa-diamond/176,176,0.2285890820188316,0.409412593601121,easy,0.8769230769230769,0.2777764628502737,0.10659308468164061
bfcl,bfcl/bfcl-live-multiple-685-164-1,bfcl-live-multiple-685-164-1,0.22802656696511392,0.18761226241716225,medium,0.3153846153846154,0.39680678081627485,0.4890036696967535
replicationbench,replicationbench/disk_ridges__ridges_in_all,disk_ridges__ridges_in_all,0.22547806821296384,0.20806627233252478,medium,0.45,0.3497618237219914,0.3693646152064545
swebench-multilingual,swebench-multilingual/caddyserver__caddy-5761,caddyserver__caddy-5761,0.2254257345760909,0.1889081080639364,frontier,0.04102561538461539,0.09970362787901292,0.31059157875185
aider-polyglot,aider-polyglot/polyglot_go_ledger,polyglot_go_ledger,0.22534874234607644,0.20171011400130676,medium,0.5660000000000001,0.3460404600621147,0.2441919258353787
seal0,seal0/109,109,0.22502288951720564,0.19167611125541548,frontier,0.028846153846153848,0.10576923076923075,0.11575850312366653
aider-polyglot,aider-polyglot/polyglot_cpp_complex-numbers,polyglot_cpp_complex-numbers,0.22496961214124964,0.15372424053692957,saturated,0.98666668,0.06531966115449162,0.06143404726748582
medagentbench,medagentbench/task1_2,task1_2,0.2248954956208572,0.382284196729725,medium,0.6500000000000001,0.30903074280724885,0.17725598256476235
swebench-verified,swebench-verified/matplotlib__matplotlib-26208,matplotlib__matplotlib-26208,0.2243943799554952,0.11066586081251766,frontier,0.030000000000000006,0.09539392014169458,0.17469084022005432
swtbench,swtbench/django__django-16877,django__django-16877,0.22398285146655592,0.2946242207409129,medium,0.4875,0.30695072894521686,0.17089510306686162
gpqa-diamond,gpqa-diamond/190,190,0.22295379940870488,0.27429581406177583,easy,0.7730769230769231,0.30421107589669516,0.14504779699088138
gpqa-diamond,gpqa-diamond/115,115,0.22271424063692644,0.22664042031713377,medium,0.48888886666666675,0.3869475442166748,-0.14340579109274332
bfcl,bfcl/bfcl-live-irrelevance-281-63-0,bfcl-live-irrelevance-281-63-0,0.22142782567998984,0.17169069038869994,easy,0.8461538461538461,0.27905164841872393,0.07707535603759612
swebench-multilingual,swebench-multilingual/rubocop__rubocop-13560,rubocop__rubocop-13560,0.22134196724864638,0.1839919292205186,frontier,0.038461538461538464,0.13323467750529827,0.23893065355723264
swebench-multilingual,swebench-multilingual/redis__redis-11734,redis__redis-11734,0.22134196724864638,0.1839919292205186,hard,0.07692307692307693,0.26646935501059654,0.23893065355723264
crustbench,crustbench/crustbench-ltre,crustbench-ltre,0.22132841808926487,0.17248717523417711,medium,0.5673076923076923,0.37286373766284286,0.4669567077196845
medagentbench,medagentbench/task9_12,task9_12,0.22111222321027385,0.23735666654039522,medium,0.5,0.4171330722922842,0.3162193709068844
gpqa-diamond,gpqa-diamond/144,144,0.2201719482949736,0.41563928027104735,easy,0.7124999999999999,0.33048260166005716,0.02552578199705599
gaia,gaia/b2c257e0-3ad7-4f05-b8e3-d9da973be36e,b2c257e0-3ad7-4f05-b8e3-d9da973be36e,0.21980045569452875,0.19329870073540795,hard,0.1,0.20493901531919198,0.13858568832319798
gpqa-diamond,gpqa-diamond/122,122,0.21924660738203552,0.28981985590573794,easy,0.8769230769230771,0.2664693550105965,0.09631192834789068
bfcl,bfcl/bfcl-live-irrelevance-721-239-0,bfcl-live-irrelevance-721-239-0,0.21704495124693882,0.19091342978020737,medium,0.5076923076923078,0.38121574441119593,-0.45833070115146374
simpleqa,simpleqa/simpleqa-2404,simpleqa-2404,0.21695396695924182,0.3648382898934701,easy,0.79,0.3374907406137241,0.0561690572618164
mmau,mmau/e6e02fec-0241-40d6-a0f5-7d79d60b9649,e6e02fec-0241-40d6-a0f5-7d79d60b9649,0.21680636992803795,0.3020017822172146,medium,0.585,0.32599846625406076,0.5071887445664575
medagentbench,medagentbench/task9_2,task9_2,0.21555272998124858,0.23497547834030205,medium,0.44000000000000006,0.37735924528226417,0.3116777668682382
bfcl,bfcl/bfcl-simple-java-73,bfcl-simple-java-73,0.21553025497619166,0.14394255291748115,easy,0.8692307692307693,0.1834901606442548,0.047316257882235195
gpqa-diamond,gpqa-diamond/28,28,0.2149899743746104,0.4061036000009858,easy,0.8666666666666667,0.28674417556808757,-0.23771740215965914
gpqa-diamond,gpqa-diamond/167,167,0.21450700934445854,0.19748170056925932,hard,0.12000000000000002,0.24819347291981714,0.3918646820134569
gpqa-diamond,gpqa-diamond/45,45,0.2144662674915531,0.41040590926586384,medium,0.6916666666666668,0.37295740001000416,-0.1666847805495731
gpqa-diamond,gpqa-diamond/26,26,0.2130422083851019,0.4081491008532945,saturated,0.9833333333333334,0.05527707983925665,0.3491773515097234
gpqa-diamond,gpqa-diamond/129,129,0.2127410048296335,0.38457530951456687,medium,0.676923076923077,0.3377615138476946,0.23375059581879482
medagentbench,medagentbench/task10_8,task10_8,0.2116053815052821,0.3024017577732901,medium,0.38000000000000006,0.3682390527904394,0.2946056145381619
gpqa-diamond,gpqa-diamond/94,94,0.21114613551746192,0.20557296580781598,medium,0.33,0.3702701716314724,0.3480470094994695
crustbench,crustbench/crustbench-rhbloom,crustbench-rhbloom,0.21014744363405705,0.19710111301395608,medium,0.5378205,0.3801865808724458,0.5613276457024047
gpqa-diamond,gpqa-diamond/10,10,0.20949915034908784,0.36083253336200904,easy,0.9076923076923078,0.18170787401565716,0.2622295309477093
seal0,seal0/53,53,0.2086658809241303,0.18668213985124052,hard,0.14102565384615387,0.26547133539147694,-0.06373922407423092
kumo,kumo/fantasyenv-t12-a16-v1-s1,fantasyenv-t12-a16-v1-s1,0.20833599822893858,0.2921387890711701,medium,0.65833335,0.3969501791437151,0.3923703843676
seal0,seal0/21,21,0.207856496808769,0.17086479177500044,frontier,0.04358973076923077,0.13325932043418712,-0.026148560056383077
mmau,mmau/0de9f80e-8070-4ede-845b-b41bfc9bdbf7,0de9f80e-8070-4ede-845b-b41bfc9bdbf7,0.207561291570571,0.25668094727550106,frontier,0.04,0.1019803902718557,0.17184257787223353
gpqa-diamond,gpqa-diamond/93,93,0.2065261508447981,0.20926593830071258,medium,0.6076923076923078,0.3474335320195759,0.2952706284452381
bigcodebench,bigcodebench/bigcodebench_1039,bigcodebench_1039,0.20620798809614954,0.20722392757144706,hard,0.11458333333333333,0.23913000590102074,0.1177624061221862
featurebench-modal,featurebench-modal/astropy__astropy.b0db0daa.test_tiled_compression.a4fe298a.lv1,astropy__astropy.b0db0daa.test_tiled_compression.a4fe298a.lv1,0.20610149511682405,0.16404166115149907,hard,0.27307692307692305,0.3905693007626494,0.09174037751659131
simpleqa,simpleqa/simpleqa-1471,simpleqa-1471,0.204582316772378,0.3525163443043072,easy,0.8300000000000001,0.23043437243605816,0.052037944204701876
swebench-multilingual,swebench-multilingual/redis__redis-12272,redis__redis-12272,0.20420995821499643,0.17510391317474847,hard,0.10714285714285714,0.2789374884252377,0.24527505461353422
aider-polyglot,aider-polyglot/polyglot_python_list-ops,polyglot_python_list-ops,0.20408618316471666,0.17638884580402817,hard,0.12,0.2592296279363144,0.11530804238784685
crustbench,crustbench/crustbench-c-aces,crustbench-c-aces,0.20376498966099124,0.25880292564559365,easy,0.9181818181818183,0.17744746632675576,0.31210839129582946
bfcl,bfcl/bfcl-live-multiple-584-157-5,bfcl-live-multiple-584-157-5,0.20340440848199057,0.16213813009768097,medium,0.43846153846153846,0.3595691043852382,-0.2943007928741372
reasoning-gym,reasoning-gym/reasoning-gym-algorithmic-word-sequence-reversal-easy00cea0a5-seed45-0,reasoning-gym-algorithmic-word-sequence-reversal-easy00cea0a5-seed45-0,0.20286131487657602,0.4361125912793473,saturated,0.9700000000000001,0.07141428428542848,0.5205596453026472
featurebench-modal,featurebench-modal/sympy__sympy.c1097516.test_puiseux.cd575f09.lv1,sympy__sympy.c1097516.test_puiseux.cd575f09.lv1,0.20277183230788864,0.16492768998420096,frontier,0.015384615384615385,0.0532938710021193,0.2358047615191149
featurebench-modal,featurebench-modal/scikit-learn__scikit-learn.5741bac9.test_public_functions.28421aef.lv1,scikit-learn__scikit-learn.5741bac9.test_public_functions.28421aef.lv1,0.20277183230788864,0.16492768998420096,hard,0.06153846153846154,0.2131754840084772,0.2358047615191149
crustbench,crustbench/crustbench-bostree,crustbench-bostree,0.2024429328711151,0.13700293342123954,hard,0.08,0.25086516962969035,0.25328586399642866
seal0,seal0/3,3,0.2019618623744191,0.19926148860679693,hard,0.11923076923076924,0.2179788817739193,0.05087837530894275
seal0,seal0/57,57,0.20163858849318106,0.2015366209191991,hard,0.2685897307692308,0.3662680480482059,-0.16608033608859604
kumo,kumo/musicenv-t12-a16-v1-s0,musicenv-t12-a16-v1-s0,0.2016049923484829,0.41293728350057474,easy,0.9385965263157895,0.14520120935206404,0.36166987088043184
mmmlu,mmmlu/mmmlu-id-id-00078,mmmlu-id-id-00078,0.20056203166915115,0.3020204588249104,medium,0.5294117058823529,0.4248617659716635,0.0124365755537483
bigcodebench,bigcodebench/bigcodebench_1040,bigcodebench_1040,0.20021261796920636,0.2765328356433822,medium,0.6905797391304348,0.38293381920756026,0.42669650691908406
mmmlu,mmmlu/mmmlu-de-de-00028,mmmlu-de-de-00028,0.19995999192947214,0.31787354407653207,medium,0.6271929473684211,0.40498399475917873,0.17973111614752155
bigcodebench,bigcodebench/bigcodebench_1006,bigcodebench_1006,0.19953184164089197,0.1681887690638277,medium,0.37753621739130433,0.39841501038478616,0.06664499869109791
mmau,mmau/05eb32f6-5ad4-4abc-9a9a-0a252329e4ba,05eb32f6-5ad4-4abc-9a9a-0a252329e4ba,0.19904258069220931,0.18699443326540885,medium,0.335,0.32599846625406076,-0.12794453654363827
bfcl,bfcl/bfcl-live-irrelevance-745-256-0,bfcl-live-irrelevance-745-256-0,0.1982442143317634,0.18686977759703863,hard,0.06923076923076923,0.19955571955496687,0.27759604403857424
swebench-multilingual,swebench-multilingual/astral-sh__ruff-15394,astral-sh__ruff-15394,0.1978887571164041,0.21955204977552567,hard,0.07692307692307693,0.26646935501059654,0.011808581820569139
mmau,mmau/ba6bc9de-0ace-4ea9-b102-79f024dd3e25,ba6bc9de-0ace-4ea9-b102-79f024dd3e25,0.19601155068461626,0.4092871764373686,easy,0.7500000000000001,0.33391615714128003,0.3234679775676113
featurebench-modal,featurebench-modal/huggingface__transformers.e2e8dbed.test_modeling_seggpt.f9e83f60.lv2,huggingface__transformers.e2e8dbed.test_modeling_seggpt.f9e83f60.lv2,0.19598730259576103,0.211552086790838,hard,0.057692307692307696,0.15974276659457837,0.046769490293249893
featurebench-modal,featurebench-modal/mlflow__mlflow.93dab383.test_dependencies_schema.7019486f.lv1,mlflow__mlflow.93dab383.test_dependencies_schema.7019486f.lv1,0.19564696049370506,0.16958986769199394,medium,0.32466668,0.39021704531367873,0.3129831707476385
seal0,seal0/40,40,0.19564572715467,0.18416189659711238,medium,0.6865384615384614,0.379918435656233,0.18438749793410994
kumo,kumo/mythicalcreatureenv-t4-a6-v1-s0,mythicalcreatureenv-t4-a6-v1-s0,0.19531701246590286,0.16922500711126887,medium,0.5588235882352941,0.40398820742894714,0.3504388644553526
labbench,labbench/figqa-0033,figqa-0033,0.19489133766030742,0.28976820883937277,easy,0.8307692307692308,0.2583516249807179,0.2107762031960447
simpleqa,simpleqa/simpleqa-3563,simpleqa-3563,0.19473411430419926,0.2176955790161468,hard,0.12000000000000002,0.21354156504062624,0.005879655145716216
gaia,gaia/7bd855d8-463d-4ed5-93ca-5fe35145f733,7bd855d8-463d-4ed5-93ca-5fe35145f733,0.19451713631962475,0.21289812844008743,medium,0.7,0.39242833740697164,0.10245590211550278
aider-polyglot,aider-polyglot/polyglot_java_satellite,polyglot_java_satellite,0.1943544881077718,0.14591878090199195,frontier,0.016,0.0783836717690617,0.017645727417583267
featurebench-modal,featurebench-modal/mlflow__mlflow.93dab383.test_file_store_logged_model.a9596c54.lv1,mlflow__mlflow.93dab383.test_file_store_logged_model.a9596c54.lv1,0.19428992875085532,0.16342365720581703,hard,0.08333333333333333,0.2763853991962833,0.2191739458549842
bixbench,bixbench/bix-36-q4,bix-36-q4,0.19352143822897605,0.1308929600316702,frontier,0.02,0.08717797887081348,0.07789380080941824
gaia,gaia/ed58682d-bc52-4baa-9eb0-4eb81e1edacc,ed58682d-bc52-4baa-9eb0-4eb81e1edacc,0.1935189817471328,0.17239866209560267,medium,0.6846153846153846,0.3515813809854289,0.6561101569716861
kumo,kumo/motifanalysisenv-t4-a6-v1-s1,motifanalysisenv-t4-a6-v1-s1,0.1932729737912862,0.3616174111109831,easy,0.9313725294117647,0.16966740538654462,0.017083815373075767
bfcl,bfcl/bfcl-live-relevance-10-10-0,bfcl-live-relevance-10-10-0,0.19249379723020657,0.18665731078892908,hard,0.23846153846153847,0.323534474535586,0.058288157840945314
seal0,seal0/102,102,0.1918557738752646,0.15941031968901298,hard,0.05,0.17813132579860633,0.06479448837971678
gpqa-diamond,gpqa-diamond/117,117,0.19095984653053066,0.284992474190289,easy,0.9071428571428571,0.17914194577120648,0.4302234412895313
reasoning-gym,reasoning-gym/reasoning-gym-games-knight-swap-hard0292e21f-seed45-2,reasoning-gym-games-knight-swap-hard0292e21f-seed45-2,0.19089272705477597,0.4815734458084514,hard,0.1025,0.21591375593046408,-0.23790088490062275
mmau,mmau/520aea17-b159-4d22-ad68-978fcc152e27,520aea17-b159-4d22-ad68-978fcc152e27,0.18998488296960622,0.321347875811052,medium,0.46749999999999997,0.3155451631700286,0.14330276652271318
mmmlu,mmmlu/mmmlu-hi-in-00061,mmmlu-hi-in-00061,0.188779498982764,0.3918978853675152,hard,0.18518516666666668,0.33281852426814795,0.08648335355834284
bfcl,bfcl/bfcl-parallel-multiple-159,bfcl-parallel-multiple-159,0.1883767723150707,0.1689193787950005,easy,0.9461538461538462,0.17148843699698424,0.6060923045255966
labbench,labbench/figqa-0171,figqa-0171,0.18696858798203897,0.19284726397409133,hard,0.0923076923076923,0.12686478848054342,-0.09962931349758222
lawbench,lawbench/lawbench-2-9-17-zero-shot,lawbench-2-9-17-zero-shot,0.18690444954798435,0.1587305822186215,easy,0.75525125,0.14491198343335,0.5541260608626392
bfcl,bfcl/bfcl-multiple-147,bfcl-multiple-147,0.18660868265596034,0.15548728165866232,hard,0.1846153846153846,0.24129826371320187,-0.3356112114788309
bfcl,bfcl/bfcl-live-multiple-48-18-3,bfcl-live-multiple-48-18-3,0.18620425092760884,0.19251685483317577,saturated,0.9846153846153847,0.05329387100211929,-0.05543669249655619
mmau,mmau/ddc7d4a4-054c-4fd2-9755-e96bc744a4ca,ddc7d4a4-054c-4fd2-9755-e96bc744a4ca,0.18567006071427294,0.42830901018997913,medium,0.36,0.31999999999999995,0.3417516642573477
simpleqa,simpleqa/simpleqa-369,simpleqa-369,0.185616568968957,0.4124117999121204,medium,0.5499999999999999,0.3217141588429082,0.07973709386437941
mmmlu,mmmlu/mmmlu-ja-jp-00098,mmmlu-ja-jp-00098,0.184779420927488,0.3755348468975044,medium,0.627451,0.4373472178992743,0.01451980641006218
swtbench,swtbench/django__django-14404,django__django-14404,0.1846232723797408,0.29191229549996806,medium,0.5948717692307691,0.31753490482008523,0.18566685381643222
replicationbench,replicationbench/ver_waves__gaia_breathing_typical,ver_waves__gaia_breathing_typical,0.18413569565059656,0.16736637990454842,medium,0.6714285714285715,0.3431546328418376,0.5086518589846517
reasoning-gym,reasoning-gym/reasoning-gym-algorithmic-string-manipulation-easy00cea0a5-seed45-1,reasoning-gym-algorithmic-string-manipulation-easy00cea0a5-seed45-1,0.18379551521788992,0.3828508366266782,easy,0.8877778,0.21331887231082014,0.13646409314762026
gpqa-diamond,gpqa-diamond/8,8,0.183356484065154,0.26376599177560095,medium,0.5346153846153846,0.3602267530451721,0.2569596649742144
featurebench-modal,featurebench-modal/mlflow__mlflow.93dab383.test_assessment.df512d1b.lv1,mlflow__mlflow.93dab383.test_assessment.df512d1b.lv1,0.1822443145736683,0.2027595625344226,hard,0.07916666666666666,0.15201196955795582,0.10434979759635378
aider-polyglot,aider-polyglot/polyglot_go_markdown,polyglot_go_markdown,0.1816740876802078,0.21110599118650356,easy,0.7759999999999999,0.273173937263422,0.18750765966820238
bfcl,bfcl/bfcl-live-multiple-13-4-5,bfcl-live-multiple-13-4-5,0.1815973503089667,0.17110888346723102,medium,0.32307692307692304,0.4116642510849124,0.04360840219946637
replicationbench,replicationbench/gw_nsbh__mtov_spin_2,gw_nsbh__mtov_spin_2,0.18126748144038757,0.30648231362088024,medium,0.6300000000000001,0.36482872693909396,0.016095539466104525
labbench,labbench/figqa-0176,figqa-0176,0.18092557568766893,0.19016766883157163,hard,0.2,0.28284271247461906,-0.5926288307711846
simpleqa,simpleqa/simpleqa-334,simpleqa-334,0.17945301113891263,0.39864689253500046,easy,0.86,0.24576411454889013,0.02422204317101156
bixbench,bixbench/bix-52-q2,bix-52-q2,0.17932806186511607,0.30383206893875186,hard,0.08684210526315789,0.15204059816478202,0.01988517988010054
seal0,seal0/100,100,0.17915273143681007,0.18176028678493852,hard,0.15000000000000002,0.1901416476047427,-0.27931624765537255
lawbench,lawbench/lawbench-3-6-10-one-shot,lawbench-3-6-10-one-shot,0.17908843873884092,0.16264823889255048,medium,0.6453750000000001,0.2294971064632406,0.5076157895302699
kumo,kumo/fantasyenv-t12-a16-v1-s0,fantasyenv-t12-a16-v1-s0,0.17838597846723395,0.14187812121756888,hard,0.2960784117647059,0.37658290614153866,-0.09837793591976374
lawbench,lawbench/lawbench-3-2-16-zero-shot,lawbench-3-2-16-zero-shot,0.17712473155556271,0.13357754025721097,hard,0.28607609999999994,0.08144419077926922,0.32494268573237767
mmau,mmau/b79edaf7-c7f4-42f6-9535-69a68a425e8f,b79edaf7-c7f4-42f6-9535-69a68a425e8f,0.17682282317149683,0.33859054641875275,medium,0.3175,0.3148401622693649,0.11885672421365368
simpleqa,simpleqa/simpleqa-2284,simpleqa-2284,0.17626309687210476,0.40820816001866883,medium,0.4250000000000001,0.3575961409187745,-0.2873850403156498
seal0,seal0/25,25,0.17607138635696035,0.15713696506516847,frontier,0.025,0.08906566289930315,-0.08277559594421817
seal0,seal0/26,26,0.17567339698799206,0.15912301692509534,frontier,0.01730769230769231,0.06035521087105852,-0.06674641793669078
mmmlu,mmmlu/mmmlu-bn-bd-00017,mmmlu-bn-bd-00017,0.17518466622439263,0.12706759968917575,saturated,0.9814815,0.07635373152800064,0.31866065285658807
mmmlu,mmmlu/mmmlu-it-it-00085,mmmlu-it-it-00085,0.17389197087642588,0.2673210332224021,hard,0.14814816666666666,0.3374234943516415,0.1261564944301047
labbench,labbench/figqa-0078,figqa-0078,0.17323187403296875,0.2750313980089992,hard,0.15,0.21794494717703367,-0.06292545708988322
crustbench,crustbench/crustbench-libfor,crustbench-libfor,0.1725947055787807,0.25131444573063866,easy,0.775,0.2737575237654334,0.3578761598186697
featurebench-modal,featurebench-modal/sphinx-doc__sphinx.e347e59c.test_ext_doctest.530dec5f.lv1,sphinx-doc__sphinx.e347e59c.test_ext_doctest.530dec5f.lv1,0.172266314462563,0.13957861306819697,hard,0.07307692307692307,0.21404113966117733,0.20897548357245085
gpqa-diamond,gpqa-diamond/133,133,0.171339307166802,0.3508498992991932,easy,0.8307692307692308,0.35816759159454814,0.22687686364375856
gpqa-diamond,gpqa-diamond/179,179,0.17081789816341414,0.40813698665810827,easy,0.8,0.323443016025056,-0.24882437307729535
gpqa-diamond,gpqa-diamond/139,139,0.17020716880014608,0.29551902664055074,easy,0.7461538461538463,0.32013310841053555,-0.12961750346494463
gaia,gaia/0383a3ee-47a7-41a4-b493-519bdefe0488,0383a3ee-47a7-41a4-b493-519bdefe0488,0.16771929973646596,0.2072585993730619,medium,0.676923076923077,0.36826797549494844,0.32137069172805044
mmmlu,mmmlu/mmmlu-de-de-00021,mmmlu-de-de-00021,0.16755281954772708,0.3841702009435411,medium,0.3055555555555556,0.37781862524265125,0.15882870336582372
mmau,mmau/70c271b0-0a05-4e68-929a-4d0c1c393044,70c271b0-0a05-4e68-929a-4d0c1c393044,0.16709735824652605,0.3383349103155386,hard,0.12916665,0.2819512741099559,0.0029518083509242196
bfcl,bfcl/bfcl-live-multiple-898-185-8,bfcl-live-multiple-898-185-8,0.16698617256126824,0.12629046352390885,hard,0.06153846153846154,0.22027417020425163,0.151148710065495
swebench-multilingual,swebench-multilingual/uutils__coreutils-6575,uutils__coreutils-6575,0.16651717721789078,0.14652990528014442,frontier,0.015384615384615385,0.053293871002119304,0.08101303518982547
lawbench,lawbench/lawbench-2-7-20-one-shot,lawbench-2-7-20-one-shot,0.16556109080003853,0.25035596642774766,medium,0.3330593,0.08768752717467862,0.6972906952713829
labbench,labbench/figqa-0167,figqa-0167,0.16550890592993117,0.2927484879020727,hard,0.16923076923076924,0.2333192444323554,0.30206132910510974
gpqa-diamond,gpqa-diamond/138,138,0.164597960135628,0.3419080355142629,medium,0.6576923076923078,0.3862273910964059,-0.12108241814524258
mmmlu,mmmlu/mmmlu-bn-bd-00015,mmmlu-bn-bd-00015,0.16322069465386435,0.23770512049339776,medium,0.3101851666666666,0.3867057316278174,-0.15979305823978598
medagentbench,medagentbench/task9_10,task9_10,0.1625633009340475,0.43964950682166504,medium,0.5700000000000001,0.37027017163147236,-0.00899365564699934
kumo,kumo/controlenv-t4-a6-v1-s0,controlenv-t4-a6-v1-s0,0.1605475130175877,0.3830715219971893,easy,0.9375,0.2218529918662356,0.33352841689186
seal0,seal0/85,85,0.15913948441419906,0.15492316389392768,frontier,0.032692307692307694,0.0950124563618125,-0.05590967208529522
bfcl,bfcl/bfcl-live-irrelevance-641-203-1,bfcl-live-irrelevance-641-203-1,0.1588908653240198,0.1854618441319601,easy,0.8153846153846154,0.28781979898261084,0.022499418411402673
mmmlu,mmmlu/mmmlu-fr-fr-00055,mmmlu-fr-fr-00055,0.15862979670187993,0.2806796954546087,hard,0.24122805263157893,0.3676370059502306,-0.04477802709805355
seal0,seal0/8,8,0.1569602762593002,0.1606245931903245,hard,0.1378205,0.18808285236140973,0.04937606243009746
kumo,kumo/educationenv-t4-a6-v1-s1,educationenv-t4-a6-v1-s1,0.15600396970258956,0.14083035989948597,easy,0.8333333125,0.3061862518685969,0.28581074214594004
kumo,kumo/artstyleenv-t4-a6-v1-s1,artstyleenv-t4-a6-v1-s1,0.15583841215206756,0.31862985727683785,medium,0.5791667,0.4026604307602251,-0.08416700360423263
seal0,seal0/107,107,0.1557485943196629,0.15820526579123076,frontier,0.03076923076923077,0.09101661204768641,0.11091215037872572
swebench-multilingual,swebench-multilingual/tokio-rs__tokio-4384,tokio-rs__tokio-4384,0.1521253057992597,0.20040332060538676,hard,0.10769230769230768,0.2786272350196128,0.04792713967490572
reasoning-gym,reasoning-gym/reasoning-gym-algorithmic-spiral-matrix-easy00cea0a5-seed45-0,reasoning-gym-algorithmic-spiral-matrix-easy00cea0a5-seed45-0,0.15148397590835494,0.35748594589514576,medium,0.6649999999999999,0.3439113257803529,0.08689526214889867
bfcl,bfcl/bfcl-live-irrelevance-759-270-0,bfcl-live-irrelevance-759-270-0,0.1504529666575888,0.12982233892442185,easy,0.9461538461538462,0.1622694085363768,0.07165908201353305
mmau,mmau/d31affa7-10fa-4c28-81e3-185e2cae9c51,d31affa7-10fa-4c28-81e3-185e2cae9c51,0.14933450230773673,0.41572053580289303,medium,0.62,0.3682390527904394,0.16935589934868384
mmau,mmau/4ef68d01-f537-44fc-bffe-9f05fa48e5cd,4ef68d01-f537-44fc-bffe-9f05fa48e5cd,0.14911091027246187,0.3058206208552356,medium,0.31999999999999995,0.33704599092705434,-0.2571293709284253
gaia,gaia/708b99c5-e4a7-49cb-a5cf-933c8d46470d,708b99c5-e4a7-49cb-a5cf-933c8d46470d,0.1490744361165077,0.21414167293950684,medium,0.30250000000000005,0.33707380497451894,0.074740986534367
gpqa-diamond,gpqa-diamond/180,180,0.14712691417826945,0.332855994242666,medium,0.6384615384615384,0.3952379254973886,0.11519962440125545
bixbench,bixbench/bix-20-q2,bix-20-q2,0.14587904868539825,0.1895406472173501,hard,0.20350878947368423,0.23703699116395513,-0.27400759895246785
mmmlu,mmmlu/mmmlu-id-id-00073,mmmlu-id-id-00073,0.14335635826679097,0.16196752015728275,easy,0.859375,0.2790714234295586,-0.15194451033466316
simpleqa,simpleqa/simpleqa-2074,simpleqa-2074,0.14117417872371094,0.3990021683312495,medium,0.61,0.37669616403674727,0.004664055991621326
kumo,kumo/motifanalysisenv-t4-a6-v1-s0,motifanalysisenv-t4-a6-v1-s0,0.14054694703995427,0.376839986067885,saturated,0.960784294117647,0.15686282352941178,0.014035077594594913
labbench,labbench/figqa-0012,figqa-0012,0.1382014539932889,0.1299293846497039,frontier,0.015384615384615385,0.0532938710021193,-0.6799833809035822
mmau,mmau/bc9a6036-2011-42af-bd0f-f1a62a69823a,bc9a6036-2011-42af-bd0f-f1a62a69823a,0.1366594583507219,0.19993380275819544,hard,0.09,0.11789826122551599,0.0567222274498818
mmau,mmau/9d66046d-9ad7-4fc4-a2a0-5f5a58ee0282,9d66046d-9ad7-4fc4-a2a0-5f5a58ee0282,0.1356610446168551,0.12498217204982147,hard,0.06,0.15620499351813308,0.2992305484613452
gaia,gaia/dd3c7503-f62a-4bd0-9f67-1b63b94194cc,dd3c7503-f62a-4bd0-9f67-1b63b94194cc,0.13545039519153934,0.15402814023108552,easy,0.7903846153846155,0.2961351142927156,0.11248849785210367
mmmlu,mmmlu/mmmlu-ja-jp-00091,mmmlu-ja-jp-00091,0.13473456550397603,0.34514901438314655,hard,0.14705882352941177,0.3327561323230812,-0.045977776627988805
mmau,mmau/091aefd5-f784-4472-8257-e24b6d19e32b,091aefd5-f784-4472-8257-e24b6d19e32b,0.134363574005536,0.22314460863745195,hard,0.1375,0.255868618630734,0.043342807922414406
gpqa-diamond,gpqa-diamond/32,32,0.1342821927104864,0.38296908066311725,medium,0.3333333333333333,0.3513861440384669,0.46397617265926455
gaia,gaia/c365c1c7-a3db-4d5e-a9a1-66f56eae7865,c365c1c7-a3db-4d5e-a9a1-66f56eae7865,0.13350259303091613,0.1414761235840195,medium,0.5538461538461539,0.2845114155216451,0.15076152492139744
gpqa-diamond,gpqa-diamond/154,154,0.1331212000395031,0.3359994084472889,saturated,0.9666666666666668,0.07453559924999298,-0.09780516567977172
swebench-multilingual,swebench-multilingual/apache__lucene-12022,apache__lucene-12022,0.13304150372069048,0.18406322482395737,hard,0.10769230769230768,0.2786272350196128,0.03923952265369521
featurebench-modal,featurebench-modal/mlflow__mlflow.93dab383.test_tracing.0dc1e3a3.lv1,mlflow__mlflow.93dab383.test_tracing.0dc1e3a3.lv1,0.13144467610188537,0.1593799619430188,hard,0.17799999999999996,0.2915750332247259,0.28835200648179543
seal0,seal0/87,87,0.13098143210455182,0.16689871160350345,hard,0.07179488461538462,0.16530016368932446,0.08472605741556535
aider-polyglot,aider-polyglot/polyglot_javascript_poker,polyglot_javascript_poker,0.1308803972737515,0.1664723338708534,easy,0.8384615384615385,0.2149721324997249,0.22772612709648682
seal0,seal0/58,58,0.13071960672690003,0.16603162524306342,hard,0.0878205,0.1735475376199337,0.22709899572566467
mmau,mmau/a063e4d1-15cf-4ced-a9d5-8130d629c604,a063e4d1-15cf-4ced-a9d5-8130d629c604,0.12938641092992942,0.4189014105908,medium,0.6799999999999999,0.31240998703626616,-0.08072958749029768
simpleqa,simpleqa/simpleqa-354,simpleqa-354,0.128414983616451,0.10442053900018901,saturated,0.96,0.13564659966250533,0.17766697927485645
swebench-multilingual,swebench-multilingual/mrdoob__three.js-25687,mrdoob__three.js-25687,0.1275596434477108,0.12557696949573516,frontier,0.049999999999999996,0.13496031162636563,-0.6368012483111088
gpqa-diamond,gpqa-diamond/147,147,0.1263875255411503,0.27871197427827593,medium,0.3416666666666666,0.41323587560724795,0.03779540309322081
kumo,kumo/oskernelenv-t4-a6-v1-s0,oskernelenv-t4-a6-v1-s0,0.12589726666510723,0.1550434350276206,saturated,0.9537037222222222,0.13385951857567593,0.13320942032041969
swebench-multilingual,swebench-multilingual/hashicorp__terraform-34900,hashicorp__terraform-34900,0.1256176208978721,0.12982130262968652,hard,0.07692307692307693,0.26646935501059654,0.10574766049814581
bfcl,bfcl/bfcl-live-multiple-280-128-3,bfcl-live-multiple-280-128-3,0.12508274865919936,0.14432075336588607,easy,0.7615384615384616,0.3721837047200906,-0.10190546469484436
labbench,labbench/figqa-0161,figqa-0161,0.12470673030818828,0.3920527063629711,frontier,0.04615384615384616,0.08426500884694864,0.12815849420811182
swebench-multilingual,swebench-multilingual/jekyll__jekyll-8771,jekyll__jekyll-8771,0.12417584401943016,0.11951202818273257,frontier,0.014285714285714287,0.05150787536377129,0.21073450098091298
kumo,kumo/sorcererenv-t4-a6-v1-s0,sorcererenv-t4-a6-v1-s0,0.12358262422795444,0.32141737778580565,hard,0.27941176470588236,0.34173382466536034,-0.2579981611363791
gaia,gaia/0e9e85b8-52b9-4de4-b402-5f635ab9631f,0e9e85b8-52b9-4de4-b402-5f635ab9631f,0.12332354492958288,0.2073561192278564,hard,0.2125,0.2999479121447589,0.262231042443307
gpqa-diamond,gpqa-diamond/108,108,0.12307771156958228,0.40863790411105266,easy,0.8625,0.2976470224947665,-0.16235285820565115
swebench-multilingual,swebench-multilingual/caddyserver__caddy-6051,caddyserver__caddy-6051,0.12306486765591072,0.12950681263128405,hard,0.11538461538461539,0.28781979898261084,0.21484476323706436
bfcl,bfcl/bfcl-live-simple-177-103-0,bfcl-live-simple-177-103-0,0.12292284693355263,0.18071640351061613,saturated,0.9538461538461539,0.13931361750980642,0.2074109930382029
mmau,mmau/96cb555e-3beb-4678-8731-a2d96bd06507,96cb555e-3beb-4678-8731-a2d96bd06507,0.12046980440275386,0.24465164401834816,medium,0.3075,0.3735890121510535,0.12499483725170642
bfcl,bfcl/bfcl-live-irrelevance-799-305-3,bfcl-live-irrelevance-799-305-3,0.11963247642331627,0.1571885193986571,easy,0.9384615384615385,0.17337581030130225,0.01120940215732562
mmau,mmau/e3254a02-d2eb-45b1-a810-eaf6998498bc,e3254a02-d2eb-45b1-a810-eaf6998498bc,0.11939142369968421,0.2319330838409408,medium,0.31,0.2567099530598687,0.23149711288098507
bfcl,bfcl/bfcl-live-irrelevance-179-30-0,bfcl-live-irrelevance-179-30-0,0.11922533896246316,0.21049748371664395,medium,0.4846153846153846,0.3849998078843753,0.11592115570459227
mmmlu,mmmlu/mmmlu-en-us-00034,mmmlu-en-us-00034,0.11857851643101588,0.3628386295920794,easy,0.9,0.19097274212644622,-0.017289955726658462
bfcl,bfcl/bfcl-live-irrelevance-511-151-0,bfcl-live-irrelevance-511-151-0,0.1185501134650056,0.19224780741102043,hard,0.1769230769230769,0.30039421830410207,0.16911684739611754
mmmlu,mmmlu/mmmlu-ko-kr-00101,mmmlu-ko-kr-00101,0.11804116315528265,0.27217849139866346,hard,0.17647058823529413,0.3812200410828153,0.03653317906496977
aider-polyglot,aider-polyglot/polyglot_python_tree-building,polyglot_python_tree-building,0.11539835269121462,0.1557949164034908,frontier,0.04,0.09797958971132713,0.1455425845108112
labbench,labbench/figqa-0017,figqa-0017,0.11439045769991629,0.301903322883989,hard,0.26153846153846155,0.32708140962260457,0.037878792972544637
bixbench,bixbench/bix-6-q4,bix-6-q4,0.11361506889876025,0.2460668632340579,hard,0.18947368421052632,0.23989586717004674,-0.14675349658458445
gpqa-diamond,gpqa-diamond/88,88,0.1120412026184301,0.37868740970181036,medium,0.4423076923076923,0.2881280123127391,0.14737450214319034
seal0,seal0/75,75,0.1110766461738669,0.14642209766236458,hard,0.24166665384615385,0.334269515153099,0.14470314903306417
seal0,seal0/76,76,0.11095553241091656,0.15963149674454313,hard,0.06666665384615385,0.1956798187166872,0.19198511358975295
crustbench,crustbench/crustbench-fs-c,crustbench-fs-c,0.11086511746087713,0.18705650455819006,hard,0.26515150000000004,0.2742256779584936,0.11066273095371129
kumo,kumo/fungalenv-t4-a6-v1-s1,fungalenv-t4-a6-v1-s1,0.11042945588371515,0.33376074985791954,saturated,0.9629629444444444,0.15270769211742494,0.2563096066364691
mmau,mmau/2573bb7c-5319-4e62-aca6-f90a7e5e7cd5,2573bb7c-5319-4e62-aca6-f90a7e5e7cd5,0.11028904580671348,0.2932524286277069,hard,0.07,0.14525839046333952,0.06434334130914095
medagentbench,medagentbench/task9_26,task9_26,0.10998893412808779,0.4350104354232465,medium,0.53,0.34219877264537346,0.03191606699040706
simpleqa,simpleqa/simpleqa-619,simpleqa-619,0.10871216316266069,0.26025627860720263,medium,0.6799999999999999,0.32496153618543844,0.03473903287884157
labbench,labbench/figqa-0141,figqa-0141,0.10766529674889103,0.32716948768809184,hard,0.2307692307692308,0.21973625933977997,-0.3576885754237621
bfcl,bfcl/bfcl-parallel-19,bfcl-parallel-19,0.10681807484829055,0.11094352631469445,frontier,0.03076923076923077,0.12015768732164085,0.06012354899369558
featurebench-modal,featurebench-modal/linkedin__liger-kernel.c856fbab.test_mini_models.96209d55.lv1,linkedin__liger-kernel.c856fbab.test_mini_models.96209d55.lv1,0.10644565251613891,0.10536261258049649,frontier,0.041666666666666664,0.09316949906249122,0.24466424843209472
gpqa-diamond,gpqa-diamond/164,164,0.10635112227101234,0.23856569523885476,medium,0.5208333333333334,0.35675524600985975,0.21564718830938287
mmmlu,mmmlu/mmmlu-fr-fr-00051,mmmlu-fr-fr-00051,0.10584445109467569,0.28240213461514296,hard,0.20175442105263156,0.3528454034445227,0.15662704983228778
bfcl,bfcl/bfcl-live-irrelevance-3-0-3,bfcl-live-irrelevance-3-0-3,0.10511022070972681,0.15023518223113977,saturated,0.9538461538461539,0.1393136175098064,0.023568272105115525
labbench,labbench/figqa-0055,figqa-0055,0.10485648090040087,0.38979974016359303,hard,0.07692307692307693,0.18461538461538457,-0.3370841422088418
mmau,mmau/c1e78721-e1ec-4cb8-9a09-4cc95747b587,c1e78721-e1ec-4cb8-9a09-4cc95747b587,0.10427916351155318,0.2573883499030072,frontier,0.04,0.1019803902718557,-0.19723175623276631
gpqa-diamond,gpqa-diamond/56,56,0.1024919408660564,0.29034245564384714,easy,0.7899999999999999,0.2930870177950569,0.045240845335981605
kumo,kumo/wildlifeenv-t4-a6-v1-s0,wildlifeenv-t4-a6-v1-s0,0.10098021683739833,0.2490402116580275,hard,0.26754384210526316,0.3712817220292093,-0.024429704167948544
mmmlu,mmmlu/mmmlu-zh-cn-00124,mmmlu-zh-cn-00124,0.10094905064458615,0.3911344947796347,saturated,0.96875,0.12103072956898178,0.02904934480193838
gpqa-diamond,gpqa-diamond/186,186,0.10061668428833084,0.3547797913717804,medium,0.39230769230769236,0.43405341475895026,-0.06605392494563997
featurebench-modal,featurebench-modal/mlflow__mlflow.93dab383.test_responses_agent.072c4133.lv1,mlflow__mlflow.93dab383.test_responses_agent.072c4133.lv1,0.09815633823386538,0.16128838280373023,medium,0.31666666666666665,0.4506168611531925,-0.0004977693268104635
bfcl,bfcl/bfcl-parallel-84,bfcl-parallel-84,0.09771259426977369,0.17755038338019957,medium,0.5230769230769231,0.3885947981635412,-0.22153490922726046
gpqa-diamond,gpqa-diamond/87,87,0.09694677550675897,0.34457662653688964,saturated,0.9692307692307693,0.07216024245882198,0.19856197412835258
mmmlu,mmmlu/mmmlu-yo-ng-00146,mmmlu-yo-ng-00146,0.09642797093711883,0.270555024148619,hard,0.27999999999999997,0.3762977544445355,-0.2262402792920564
mmau,mmau/3452703b-ca3b-4f6c-bccc-0b24a053cf0a,3452703b-ca3b-4f6c-bccc-0b24a053cf0a,0.09614092449542275,0.3692834506412923,hard,0.11000000000000001,0.232163735324878,-0.022697952205688456
swtbench,swtbench/django__django-13401,django__django-13401,0.09482491351994059,0.25668535169076456,easy,0.7100000000000001,0.3315116890850155,0.48195018943186724
mmmlu,mmmlu/mmmlu-ko-kr-00105,mmmlu-ko-kr-00105,0.09428416304414364,0.35454416487732826,hard,0.07916665,0.19978284704205088,-0.07538497842436591
simpleqa,simpleqa/simpleqa-1825,simpleqa-1825,0.09228493841085893,0.2797020768225541,easy,0.8700000000000001,0.1452583904633395,-0.18340048545705676
crustbench,crustbench/crustbench-carrays,crustbench-carrays,0.09227882781638187,0.0985737496149685,saturated,0.9818181818181819,0.05749595745760689,0.45015078389909624
featurebench-modal,featurebench-modal/mlflow__mlflow.93dab383.test_unity_catalog_rest_store.f47a7d9f.lv1,mlflow__mlflow.93dab383.test_unity_catalog_rest_store.f47a7d9f.lv1,0.09109077320111783,0.11684200953656752,frontier,0.048,0.19823218709382184,0.1202283766086628
mmau,mmau/f995bc92-74f6-4e69-94b8-bf6e073fa19f,f995bc92-74f6-4e69-94b8-bf6e073fa19f,0.09002306214796121,0.4304132676545631,medium,0.51,0.299833287011299,-0.12459965379028755
mmmlu,mmmlu/mmmlu-sw-ke-00136,mmmlu-sw-ke-00136,0.08948111227255666,0.113197203826465,easy,0.8472222222222222,0.32423937583135426,-0.08145537996602988
mmmlu,mmmlu/mmmlu-sw-ke-00138,mmmlu-sw-ke-00138,0.08790112787008919,0.22589377892382118,medium,0.5438596315789473,0.45832809499231586,0.0989890902321983
mmau,mmau/76c2a626-7e3c-4f2f-ad20-b07cd0890302,76c2a626-7e3c-4f2f-ad20-b07cd0890302,0.08725103972272658,0.38028139048654735,hard,0.20249999999999999,0.2758962667380622,-0.15048028322575274
bigcodebench,bigcodebench/bigcodebench_1053,bigcodebench_1053,0.08567856766656075,0.15116910498105604,medium,0.3985507391304348,0.43818117062498224,-0.04045630963839399
livecodebench,livecodebench/arc182_e,arc182_e,0.0847582952877176,0.20521161016643594,medium,0.5,0.48304589153964794,0.17324657548775543
gaia,gaia/df6561b2-7ee5-4540-baab-5095f742716a,df6561b2-7ee5-4540-baab-5095f742716a,0.08441603484139468,0.24482310817493472,medium,0.51,0.431161222746202,0.45754406484392696
mmmlu,mmmlu/mmmlu-pt-br-00111,mmmlu-pt-br-00111,0.08423303225085589,0.33157167812542515,hard,0.1574073888888889,0.2803889500424443,0.18131264472803493
mmmlu,mmmlu/mmmlu-it-it-00088,mmmlu-it-it-00088,0.08319919624081944,0.20150526946784703,easy,0.763157842105263,0.364008727432861,0.36022942303576416
kumo,kumo/sorcererenv-t4-a6-v1-s1,sorcererenv-t4-a6-v1-s1,0.08274568551073151,0.09989816038457831,saturated,0.9861111111111112,0.0572653559113564,-0.06437895325760466
gpqa-diamond,gpqa-diamond/76,76,0.08272306277305347,0.34927190155645027,hard,0.06,0.0916515138991168,-0.14758360366264484
kumo,kumo/starconstellationenv-t4-a6-v1-s1,starconstellationenv-t4-a6-v1-s1,0.08203649962129074,0.15462639801372036,easy,0.8055556111111112,0.32513052934341086,-0.04205700094204899
labbench,labbench/figqa-0088,figqa-0088,0.08154604727295796,0.44054066461434593,hard,0.06153846153846154,0.1211385826771048,0.19172005110051696
featurebench-modal,featurebench-modal/mlflow__mlflow.93dab383.test_trace_correlation.53c200a6.lv2,mlflow__mlflow.93dab383.test_trace_correlation.53c200a6.lv2,0.08134934883622241,0.16387169541985236,hard,0.23200000000000004,0.3836352434279207,0.12173044822459331
bfcl,bfcl/bfcl-live-irrelevance-642-203-2,bfcl-live-irrelevance-642-203-2,0.08054265189502795,0.21669892317805253,medium,0.32307692307692304,0.36406644819074563,-0.0003761667036748577
gpqa-diamond,gpqa-diamond/145,145,0.07906251792461239,0.3882118262196298,hard,0.09166666666666667,0.170579079087156,-0.26765742918107527
bigcodebench,bigcodebench/bigcodebench_1008,bigcodebench_1008,0.0772815722034572,0.239723177071263,medium,0.43333331818181814,0.4594957743730311,-0.15198528112054774
swtbench,swtbench/django__django-13590,django__django-13590,0.07717026355003347,0.2170123400032992,hard,0.2785714285714286,0.1858515975893955,-0.24267792116442224
gaia,gaia/e0c10771-d627-4fd7-9694-05348e54ee36,e0c10771-d627-4fd7-9694-05348e54ee36,0.07686611656064501,0.273940354626861,medium,0.43653846153846154,0.4388704233833832,0.21695485384611654
bfcl,bfcl/bfcl-live-multiple-83-38-0,bfcl-live-multiple-83-38-0,0.07651937732414343,0.13052217217762865,easy,0.7615384615384616,0.27745675072109893,0.10560961249860708
gaia,gaia/8d46b8d6-b38a-47ff-ac74-cda14cf2d19b,8d46b8d6-b38a-47ff-ac74-cda14cf2d19b,0.07636585916739369,0.1526565526697656,frontier,0.02,0.08717797887081348,-0.7049333584182107
gaia,gaia/48eb8242-1099-4c26-95d4-ef22b002457a,48eb8242-1099-4c26-95d4-ef22b002457a,0.07636585916739369,0.15265655266976558,frontier,0.03,0.1307669683062202,-0.7049333584182107
kumo,kumo/medicalenv-t4-a6-v1-s0,medicalenv-t4-a6-v1-s0,0.07517264709792439,0.09390247399757164,easy,0.9333333333333333,0.24944382578492946,-0.06010959073490189
labbench,labbench/figqa-0014,figqa-0014,0.07466306331168557,0.42285159478526435,frontier,0.03076923076923077,0.072160242458822,0.3604020021578738
labbench,labbench/figqa-0066,figqa-0066,0.07442337837704248,0.4192907160987636,frontier,0.03076923076923077,0.072160242458822,0.35416357167602064
labbench,labbench/figqa-0050,figqa-0050,0.07442337837704248,0.4192907160987636,frontier,0.03076923076923077,0.072160242458822,0.35416357167602064
bfcl,bfcl/bfcl-simple-javascript-42,bfcl-simple-javascript-42,0.07379489357066651,0.15333559871164712,easy,0.8384615384615385,0.3138800886631256,0.1103330122472816
mmau,mmau/77175ed4-db9c-4ad3-b8cc-4b328e01d485,77175ed4-db9c-4ad3-b8cc-4b328e01d485,0.07347149774468707,0.3969852137515594,frontier,0.02,0.06,-0.20635612848884324
bfcl,bfcl/bfcl-live-irrelevance-653-206-2,bfcl-live-irrelevance-653-206-2,0.07260712451195551,0.17995452129822304,medium,0.5846153846153845,0.4035346784185847,-0.01991996361072781
bfcl,bfcl/bfcl-live-irrelevance-844-334-0,bfcl-live-irrelevance-844-334-0,0.0717835197186208,0.12888164523308315,saturated,0.9769230769230769,0.08461538461538463,0.06049777751489096
reasoning-gym,reasoning-gym/reasoning-gym-cognition-color-cube-rotation-easy00cea0a5-seed45-1,reasoning-gym-cognition-color-cube-rotation-easy00cea0a5-seed45-1,0.07095050132660147,0.3772317364690494,medium,0.5717,0.3046435786291909,0.040443983486540214
seal0,seal0/27,27,0.069906834777924,0.17338725655824716,hard,0.054000000000000006,0.1326046756340062,0.21594809480225977
aider-polyglot,aider-polyglot/polyglot_java_twelve-days,polyglot_java_twelve-days,0.06990599706960922,0.1622890096138283,hard,0.09600000000000002,0.20489997559785117,-0.10248353225934503
bixbench,bixbench/bix-10-q2,bix-10-q2,0.06979873669925316,0.19678042332565304,hard,0.22894736842105262,0.28622579855113117,-0.12975713119767335
bixbench,bixbench/bix-12-q3,bix-12-q3,0.06969683864470538,0.23582543293942748,medium,0.43596489473684213,0.3629099126631109,0.14319561231955857
reasoning-gym,reasoning-gym/reasoning-gym-algorithmic-string-insertion-easy00cea0a5-seed45-2,reasoning-gym-algorithmic-string-insertion-easy00cea0a5-seed45-2,0.06969654903437857,0.3555623367126802,easy,0.8600000000000001,0.23748684174075835,0.024112804182087257
replicationbench,replicationbench/abacus__ewald_force_comparison,abacus__ewald_force_comparison,0.0689455822470021,0.2820788657805428,hard,0.29411764705882354,0.41226859924553483,-0.07244538076811084
replicationbench,replicationbench/bayes_cal__load_cal,bayes_cal__load_cal,0.0684434306334731,0.2428417860544227,medium,0.42666666666666664,0.37142368739157655,0.3483351411009361
gpqa-diamond,gpqa-diamond/185,185,0.06814216525899455,0.29682891322925414,medium,0.47307692307692306,0.3846153846153846,-0.24081044985134642
bfcl,bfcl/bfcl-irrelevance-15,bfcl-irrelevance-15,0.06790590449802845,0.14285849147782062,saturated,0.9846153846153847,0.05329387100211929,0.0651057212064583
gpqa-diamond,gpqa-diamond/143,143,0.06745757077079204,0.4433613495971557,saturated,0.9666666666666668,0.07453559924999298,-0.1281693527119894
mmau,mmau/7bdc9998-3ded-4bd4-bbb9-f90258921e47,7bdc9998-3ded-4bd4-bbb9-f90258921e47,0.06676914405213652,0.29896905067559265,hard,0.1908333,0.3135581931635817,0.05232369131421795
reasoning-gym,reasoning-gym/reasoning-gym-logic-aiw-easy00cea0a5-seed45-0,reasoning-gym-logic-aiw-easy00cea0a5-seed45-0,0.06667326655244384,0.44806878586269633,medium,0.64333335,0.3719468311764835,0.19616923729854982
gpqa-diamond,gpqa-diamond/172,172,0.06546466987043954,0.4495207835793428,saturated,0.9833333333333334,0.05527707983925666,-0.30824492280989696
mmau,mmau/1beb87ed-8d10-4c39-87b4-81365b947fb8,1beb87ed-8d10-4c39-87b4-81365b947fb8,0.0639737132176409,0.3603379330539583,hard,0.05,0.08660254037844389,0.032003379560103073
livecodebench,livecodebench/abc363_f,abc363_f,0.06333681962604999,0.2655770670698226,frontier,0.028571428571428574,0.0699854212223765,-0.09019590295030919
swebench-multilingual,swebench-multilingual/laravel__framework-46234,laravel__framework-46234,0.06292016715964205,0.16006276612516174,hard,0.1346153846153846,0.2878197989826109,0.12711925873815652
swtbench,swtbench/pydata__xarray-7393,pydata__xarray-7393,0.06284470202642069,0.2556902767084821,hard,0.13888891666666667,0.27278858034732634,-0.39372341810429473
livecodebench,livecodebench/3655,3655,0.0626454856025132,0.20404480454058932,medium,0.5555555333333333,0.2945597426250158,0.00885169129372374
humanevalfix,humanevalfix/python-47,python-47,0.0621727128678273,0.1641166977995347,saturated,0.974359,0.08882302951374718,0.06311664415701208
kumo,kumo/hormoneenv-t4-a6-v1-s1,hormoneenv-t4-a6-v1-s1,0.062100819323037425,0.36432364710434445,easy,0.9078947368421053,0.27157588737566174,0.22728974631214732
labbench,labbench/figqa-0152,figqa-0152,0.061849174333027036,0.44323969429938403,hard,0.06153846153846154,0.16426274233894325,0.27812734206408846
medagentbench,medagentbench/task9_11,task9_11,0.061567187622852786,0.3813896866221934,medium,0.53,0.42555845661906433,0.1335238440245611
gpqa-diamond,gpqa-diamond/187,187,0.058533717369711295,0.4058444620860845,easy,0.9076923076923076,0.16853001769389728,-0.20793983548194186
featurebench-modal,featurebench-modal/huggingface__transformers.e2e8dbed.test_modeling_swin2sr.f5cba486.lv1,huggingface__transformers.e2e8dbed.test_modeling_swin2sr.f5cba486.lv1,0.058533043772737506,0.10518080598942034,frontier,0.02692307692307692,0.10212244651809041,0.16050938743052412
gpqa-diamond,gpqa-diamond/84,84,0.05786067923937389,0.41033689772229687,easy,0.9307692307692309,0.14349813927828944,-0.1369226836238458
kumo,kumo/educationenv-t12-a16-v1-s1,educationenv-t12-a16-v1-s1,0.05778182655826753,0.27731552610090554,medium,0.5972222222222222,0.4214997620197767,0.2732281630524225
swtbench,swtbench/astropy__astropy-14182,astropy__astropy-14182,0.05777216193413144,0.2152775221666456,medium,0.33076923076923076,0.35493144600182547,0.5717145758658552
livecodebench,livecodebench/abc364_c,abc364_c,0.056968480848046565,0.1563351449893611,easy,0.9066666666666667,0.19567546828585564,0.21798573140035588
livecodebench,livecodebench/arc188_c,arc188_c,0.05693625835677433,0.19253621511722607,hard,0.09333333333333332,0.17688665548562132,-0.06742027786494001
mmau,mmau/8c017759-858f-4b9b-91b4-d551bf3388f8,8c017759-858f-4b9b-91b4-d551bf3388f8,0.05596545203728785,0.11023551247822935,frontier,0.02,0.08717797887081348,0.07789380080941824
kumo,kumo/architecturalenv-t4-a6-v1-s0,architecturalenv-t4-a6-v1-s0,0.05555680498839357,0.05929937816744586,saturated,0.9875,0.054486236794258416,-0.04981459883071021
gpqa-diamond,gpqa-diamond/57,57,0.05550028275515019,0.16490911400087938,easy,0.9199999999999999,0.17204650534085253,0.04693813550586788
gpqa-diamond,gpqa-diamond/100,100,0.05468841436354771,0.37909733631146586,easy,0.9285714285714287,0.09583148474999097,-0.04850156645654548
mmau,mmau/c678230c-6851-4232-827b-2dc545e975b5,c678230c-6851-4232-827b-2dc545e975b5,0.05450619232082175,0.33833629058673603,frontier,0.030000000000000006,0.09539392014169458,0.297509344590459
gpqa-diamond,gpqa-diamond/96,96,0.054219455038162105,0.44536946220277135,saturated,0.9857142857142858,0.05150787536377127,-0.23810013644720965
reasoning-gym,reasoning-gym/reasoning-gym-games-puzzle24-easy00cea0a5-seed45-1,reasoning-gym-games-puzzle24-easy00cea0a5-seed45-1,0.05408739859773871,0.5011289158688068,easy,0.9376,0.09587199799732973,0.3733683705775915
simpleqa,simpleqa/simpleqa-2546,simpleqa-2546,0.05319063074443601,0.4052743249133594,easy,0.8400000000000001,0.29393876913398137,-0.04757823723815724
mmmlu,mmmlu/mmmlu-it-it-00087,mmmlu-it-it-00087,0.05285268076686321,0.3893071188320479,saturated,0.9814815,0.07635373152800064,-0.15643686854853514
gpqa-diamond,gpqa-diamond/121,121,0.052382962417184896,0.36265443004723574,medium,0.4115384615384616,0.3669803212885096,-0.089594016113229
mmmlu,mmmlu/mmmlu-fr-fr-00052,mmmlu-fr-fr-00052,0.052094879406372835,0.3892011320518383,saturated,0.9705882352941176,0.11764705882352942,-0.14902591541975888
mmmlu,mmmlu/mmmlu-it-it-00089,mmmlu-it-it-00089,0.051584140119565275,0.3891970892776665,saturated,0.9722222222222222,0.1145307118227128,-0.16166407660542662
mmau,mmau/31564584-4c55-4f17-b013-62afc898c135,31564584-4c55-4f17-b013-62afc898c135,0.051553068065275626,0.29719714268823305,frontier,0.0325,0.10034316120194742,-0.026826767700421937
gpqa-diamond,gpqa-diamond/162,162,0.05088981616887433,0.309232403329618,medium,0.3541666666666667,0.3648391959327957,-0.15789354756494517
labbench,labbench/figqa-0053,figqa-0053,0.04995360257496217,0.29167078157900034,hard,0.1076923076923077,0.16853001769389728,0.11911359128601384
labbench,labbench/figqa-0113,figqa-0113,0.0498254476921694,0.44322474986438626,frontier,0.03076923076923077,0.10658774200423861,0.3071795333689125
labbench,labbench/figqa-0029,figqa-0029,0.0498254476921694,0.44322474986438626,frontier,0.015384615384615385,0.053293871002119304,0.3071795333689125
mmmlu,mmmlu/mmmlu-es-la-00048,mmmlu-es-la-00048,0.0487921696136278,0.3073176042276712,medium,0.5760416875,0.3822434169710642,-0.00892085278931377
gpqa-diamond,gpqa-diamond/85,85,0.048532324238105225,0.3366918844933135,medium,0.3692307692307693,0.44269214061348183,-5.247626548066452e-08
mmmlu,mmmlu/mmmlu-yo-ng-00149,mmmlu-yo-ng-00149,0.047846351886280905,0.16517217731663522,easy,0.8453703888888888,0.24594274031935404,-0.03675504576663245
gaia,gaia/7619a514-5fa8-43ef-9143-83b66a43d7a4,7619a514-5fa8-43ef-9143-83b66a43d7a4,0.047494963748867684,0.15395710835744697,medium,0.6923076923076923,0.34743353201957583,0.5814796661971231
medagentbench,medagentbench/task9_29,task9_29,0.04578626645404258,0.38684669802909566,medium,0.47000000000000003,0.3241913015489466,0.08976115418554918
gpqa-diamond,gpqa-diamond/74,74,0.044653012032860526,0.09721833170823332,saturated,0.9807692307692307,0.06661733875264912,-0.017647644309154574
gpqa-diamond,gpqa-diamond/135,135,0.04465295933876034,0.0972183782652078,saturated,0.9846153846153847,0.05329387100211929,-0.01764812325753883
mmau,mmau/239ec016-c087-4a7b-a64e-b99e4dece85e,239ec016-c087-4a7b-a64e-b99e4dece85e,0.04372646608966219,0.39838800354769416,hard,0.28,0.34292856398964494,0.17913357010238476
swtbench,swtbench/sympy__sympy-15875,sympy__sympy-15875,0.04369069534180149,0.26637647250946106,medium,0.387037,0.3771872706948396,0.48042944864995407
medagentbench,medagentbench/task7_12,task7_12,0.04335276838952858,0.2746608325163425,frontier,0.030000000000000006,0.07141428428542851,0.3158294621865294
seal0,seal0/37,37,0.04064827838507609,0.16377595476933904,hard,0.09166665384615384,0.17487783953573952,-0.41593476220297176
bfcl,bfcl/bfcl-live-irrelevance-184-31-3,bfcl-live-irrelevance-184-31-3,0.03950557601072356,0.1535799026091884,easy,0.7384615384615384,0.32708140962260457,0.09551360165779291
gpqa-diamond,gpqa-diamond/81,81,0.03905624547232813,0.3860236677353256,medium,0.3346153846153846,0.41295586250675537,-0.07863694228134159
gpqa-diamond,gpqa-diamond/33,33,0.03538199613148569,0.42264708401743906,easy,0.8625000000000002,0.2227900730882475,-0.27433598927515085
humanevalfix,humanevalfix/python-38,python-38,0.0347078530233184,0.19366907772857161,easy,0.9285714285714286,0.25753937681885636,0.07652781170826865
crustbench,crustbench/crustbench-tisp,crustbench-tisp,0.032563130085829214,0.23868331038235052,hard,0.28846153846153844,0.3400530762609805,0.44254644765929735
featurebench-modal,featurebench-modal/huggingface__transformers.e2e8dbed.test_modeling_colpali.370cfbdd.lv1,huggingface__transformers.e2e8dbed.test_modeling_colpali.370cfbdd.lv1,0.03250249476071225,0.12059788123502359,frontier,0.019230769230769232,0.09615384615384615,0.08990612487413578
bfcl,bfcl/bfcl-live-irrelevance-600-193-2,bfcl-live-irrelevance-600-193-2,0.03133770680004614,0.16840096356445275,easy,0.9076923076923076,0.20176733920929235,-0.13142575487659972
gpqa-diamond,gpqa-diamond/69,69,0.029110902182282437,0.32636062941118443,medium,0.5208333333333334,0.35441167995551287,-0.2624519826573739
gaia,gaia/04a04a9b-226c-43fd-b319-d5e89743676f,04a04a9b-226c-43fd-b319-d5e89743676f,0.02745374335694289,0.22462812594536327,hard,0.1846153846153846,0.30343204497409254,0.017930076489897705
seal0,seal0/29,29,0.025516219583013113,0.15708253909430833,frontier,0.032692307692307694,0.0950124563618125,0.11790184335692325
gaia,gaia/72c06643-a2fa-4186-aa5c-9ec33ae9b445,72c06643-a2fa-4186-aa5c-9ec33ae9b445,0.025363467843345307,0.19108198481354186,hard,0.0625,0.14566657131957214,-0.07047586243156186
mmmlu,mmmlu/mmmlu-ar-xy-00005,mmmlu-ar-xy-00005,0.023989630583599788,0.14309866239237004,easy,0.9240741111111112,0.15063872287211946,0.3209711080350782
gaia,gaia/e9a2c537-8232-4c3f-85b0-b52de6bcba99,e9a2c537-8232-4c3f-85b0-b52de6bcba99,0.022797804785850567,0.11890502100971513,easy,0.7615384615384616,0.3638225720118605,0.37945513202982234
bixbench,bixbench/bix-51-q2,bix-51-q2,0.02220913652124632,0.28442239179138223,easy,0.8210526315789475,0.20610864855145297,0.10168209499153676
simpleqa,simpleqa/simpleqa-3679,simpleqa-3679,0.021604583751081367,0.25195762556913953,medium,0.38,0.3682390527904394,-0.16638360568597577
crustbench,crustbench/crustbench-libtinyfseq,crustbench-libtinyfseq,0.020193711294505475,0.18451771457608812,saturated,0.9795454545454546,0.06512067628133819,0.675538485746215
swe-lancer,swe-lancer/43022-manager-0,43022-manager-0,0.019938222845596074,0.252901735878506,hard,0.1558823529411765,0.2622764330542112,-0.055466212331664363
mmmlu,mmmlu/mmmlu-fr-fr-00054,mmmlu-fr-fr-00054,0.01986628210067548,0.37778586836603484,saturated,0.96875,0.12103072956898178,-0.15400256982302948
mmau,mmau/adcc613e-3c79-4478-8f08-d408984265a6,adcc613e-3c79-4478-8f08-d408984265a6,0.01856547190457112,0.39296857631527304,medium,0.38,0.4377213725647858,-0.20162369588476392
gaia,gaia/544b7f0c-173a-4377-8d56-57b36eb26ddf,544b7f0c-173a-4377-8d56-57b36eb26ddf,0.017793603689472342,0.15841867947636648,easy,0.8192307692307692,0.2542246595332422,0.1477022996469667
gaia,gaia/0bdb7c40-671d-4ad1-9ce3-986b159c0ddc,0bdb7c40-671d-4ad1-9ce3-986b159c0ddc,0.015584071323808608,0.12711080991000345,hard,0.11750000000000001,0.264232378788066,-0.00807921512085805
labbench,labbench/figqa-0103,figqa-0103,0.014616609424159767,0.33955028377568036,frontier,0.015384615384615385,0.0532938710021193,-0.2536551677183451
bfcl,bfcl/bfcl-live-irrelevance-103-3-0,bfcl-live-irrelevance-103-3-0,0.014138041520143965,0.16379006112758954,easy,0.8,0.3328201177351375,-0.07753904613846072
mmau,mmau/a5dfb846-f86e-4b4b-8311-5e783b9f4634,a5dfb846-f86e-4b4b-8311-5e783b9f4634,0.012980030820479677,0.3771581468714082,hard,0.05,0.1072380529476361,-0.2271408857593358
kumo,kumo/medicalenv-t12-a16-v1-s0,medicalenv-t12-a16-v1-s0,0.012931330542821792,0.21213320877351555,hard,0.16176470588235295,0.35294117647058826,0.05638546761592934
featurebench-modal,featurebench-modal/huggingface__transformers.e2e8dbed.test_modeling_vits.6379a2ba.lv2,huggingface__transformers.e2e8dbed.test_modeling_vits.6379a2ba.lv2,0.011233682659070035,0.14563160797207944,hard,0.07115384615384615,0.13948606004452763,0.09712283761254538
mmmlu,mmmlu/mmmlu-bn-bd-00016,mmmlu-bn-bd-00016,0.011146520865564197,0.30431508787560496,medium,0.6796296111111111,0.42209632520355916,0.051727531478630746
gpqa-diamond,gpqa-diamond/75,75,0.011020770129927015,0.30674805948646494,medium,0.6615384615384615,0.35200188272761695,-0.1612819092642354
mmmlu,mmmlu/mmmlu-en-us-00031,mmmlu-en-us-00031,0.010577601455913351,0.2233814173516805,hard,0.11274511764705882,0.2755582614261845,0.20914181065952303
bfcl,bfcl/bfcl-live-irrelevance-615-195-3,bfcl-live-irrelevance-615-195-3,0.010265333604750633,0.24482603416276133,medium,0.5230769230769231,0.4116642510849124,-0.16451703446795102
gpqa-diamond,gpqa-diamond/79,79,0.010254258007140518,0.3692631075557248,medium,0.4807692307692308,0.41673569447943193,0.025976096083953213
swebench-multilingual,swebench-multilingual/prometheus__prometheus-9248,prometheus__prometheus-9248,0.009750037649624213,0.13948587887050373,hard,0.17948715384615385,0.36080120136075067,0.15881021346104848
bfcl,bfcl/bfcl-live-irrelevance-125-11-0,bfcl-live-irrelevance-125-11-0,0.009735676877425868,0.17495133643817698,easy,0.8846153846153846,0.24914053447233303,-0.00748265617835874
bfcl,bfcl/bfcl-simple-javascript-7,bfcl-simple-javascript-7,0.009335568618551065,0.11530282797811627,easy,0.8769230769230769,0.2721816309685251,-0.0374364477925833
kumo,kumo/ecologicalenv-t4-a6-v1-s0,ecologicalenv-t4-a6-v1-s0,0.008814624425493621,0.0717888700346727,saturated,0.9722222222222222,0.1145307118227128,-0.017646934291126553
medagentbench,medagentbench/task9_13,task9_13,0.008402553552902207,0.35673396221967596,medium,0.54,0.36932370625238775,0.0239447789384103
gpqa-diamond,gpqa-diamond/13,13,0.0071530629169284194,0.4472994932845106,easy,0.8769230769230769,0.2777764628502737,-0.21698705333487092
gpqa-diamond,gpqa-diamond/113,113,0.006648257206725045,0.3280055884269347,medium,0.36000000000000004,0.41440720714453466,0.0302295671550226
simpleqa,simpleqa/simpleqa-2838,simpleqa-2838,0.006453803899650157,0.3191463577239023,saturated,0.9800000000000001,0.05999999999999999,0.10240526279132917
aider-polyglot,aider-polyglot/polyglot_go_counter,polyglot_go_counter,0.006405294426830416,0.15528562380467906,hard,0.13846153846153847,0.2338259100549333,-0.08552713026529511
gpqa-diamond,gpqa-diamond/124,124,0.005193819155363755,0.20447593058756303,easy,0.9142857142857144,0.25872528966106906,0.3149274948243555
mmmlu,mmmlu/mmmlu-es-la-00041,mmmlu-es-la-00041,0.0044122198437879625,0.27649418626813205,hard,0.24166664999999998,0.3995657326676394,0.03575862710509013
mmau,mmau/40acec85-b206-4c9f-9adc-744cd7ee5413,40acec85-b206-4c9f-9adc-744cd7ee5413,0.003727078737351424,0.2517526971226166,hard,0.265,0.2414021540914662,-0.10047077227948183
reasoning-gym,reasoning-gym/reasoning-gym-games-puzzle24-hard0292e21f-seed45-2,reasoning-gym-games-puzzle24-hard0292e21f-seed45-2,0.0030136534570640943,0.4136791943327836,easy,0.8902999999999999,0.17206891061432336,0.37582345659852395
kumo,kumo/stellarenv-t4-a6-v1-s1,stellarenv-t4-a6-v1-s1,0.0022479277666704435,0.35506339208165516,saturated,0.9861111111111112,0.0572653559113564,0.21231281115672687
seal0,seal0/54,54,0.0012475185901300856,0.17675417469491395,hard,0.18076923076923077,0.28222606822045604,0.08235961583393007
