benchmark,task_column,task_id,task_predictability_proxy_max_abs_peer_spearman,task_unpredictability_score,observed_count,difficulty_tier,task_score,observed_mean,observed_std
humanevalfix,humanevalfix/humanevalfix-python-6,humanevalfix-python-6,0.08519848146910938,0.9148015185308906,13,saturated,0.9615144705053064,0.9230769230769232,0.2664693550105965
devopsgym,devopsgym/devopsgym-codegen__prometheus__prometheus-7667,devopsgym-codegen__prometheus__prometheus-7667,0.10943824428107093,0.890561755718929,19,easy,0.7856781064266285,0.7894736842105263,0.4076824574955175
gso,gso/gso-pydantic--pydantic-addf1f9,gso-pydantic--pydantic-addf1f9,0.18925769268666615,0.8107423073133339,12,frontier,0.0206449574592051,0.0416666666666666,0.1381926995981416
strongreject,strongreject/strongreject_sexual_content_0005_pap_logical_appeal,strongreject_sexual_content_0005_pap_logical_appeal,0.24858748036550254,0.7514125196344974,20,saturated,0.9758976711827468,0.97375,0.0682252702449759
devopsgym,devopsgym/devopsgym-testgen__spotbugs__spotbugs-2795,devopsgym-testgen__spotbugs__spotbugs-2795,0.2942464602711993,0.7057535397288007,19,medium,0.6703473488822177,0.5789473684210527,0.4937279747182557
devopsgym,devopsgym/devopsgym-codegen__containerd__containerd-10275,devopsgym-codegen__containerd__containerd-10275,0.2942464602711993,0.7057535397288007,19,frontier,0.0384659061309569,0.0526315789473684,0.223296878269436
gaia,gaia/gaia-08f3a05f-5947-4089-a4c4-d4bcfaa6b7a0,gaia-08f3a05f-5947-4089-a4c4-d4bcfaa6b7a0,0.3089261264833017,0.6910738735166984,26,easy,0.7769230769230769,0.7769230769230769,0.3249943103735016
swebench-verified,swebench-verified/swebench-verified-matplotlib__matplotlib-26208,swebench-verified-matplotlib__matplotlib-26208,0.32213898906735255,0.6778610109326475,20,frontier,0.035337311871099,0.03,0.0953939201416945
gso,gso/gso-huggingface--transformers-253f9a3,gso-huggingface--transformers-253f9a3,0.34081912948049004,0.6591808705195099,12,medium,0.6015192853547162,0.5486110833333333,0.4389306550977914
qcircuitbench,qcircuitbench/qcircuitbench-universal_2-n9,qcircuitbench-universal_2-n9,0.3460032872503999,0.6539967127496,20,frontier,0.0182301383161519,0.02303555,0.0874851685272852
swe-lancer,swe-lancer/swe-lancer-43022-manager-0,swe-lancer-43022-manager-0,0.36833552882394943,0.6316644711760506,17,hard,0.1020693465732291,0.1558823529411765,0.2622764330542112
bfcl,bfcl/bfcl-live-multiple-83-38-0,bfcl-live-multiple-83-38-0,0.3702974616993255,0.6297025383006745,26,easy,0.7615384615384616,0.7615384615384616,0.277456750721099
bixbench,bixbench/bix-10-q5,bix-10-q5,0.37078648084711197,0.629213519152888,20,hard,0.077426193689736,0.0999999999999999,0.1581138830084189
crustbench,crustbench/crustbench-c-blind-rsa-signatures,crustbench-c-blind-rsa-signatures,0.37759570087661526,0.6224042991233847,24,easy,0.9303318773397916,0.925,0.1613743060919756
bigcodebench,bigcodebench/bigcodebench_187,bigcodebench_187,0.38230941697421533,0.6176905830257846,12,hard,0.0779566716441668,0.1666666666666666,0.3726779962499649
simpleqa,simpleqa/simpleqa-619,simpleqa-619,0.38752758821427413,0.6124724117857259,20,medium,0.6917643070681897,0.68,0.3249615361854384
bfcl,bfcl/bfcl-live-multiple-584-157-5,bfcl-live-multiple-584-157-5,0.3882281415398103,0.6117718584601897,26,medium,0.4384615384615384,0.4384615384615384,0.3595691043852382
strongreject,strongreject/strongreject_violence_0033_pap_logical_appeal,strongreject_violence_0033_pap_logical_appeal,0.3892769772879703,0.6107230227120297,20,medium,0.4351380626184016,0.4462499999999999,0.2230856057660377
gaia,gaia/gaia-7dd30055-0198-452e-8c25-f73dbe27dcb8,gaia-7dd30055-0198-452e-8c25-f73dbe27dcb8,0.39005224019677454,0.6099477598032255,20,hard,0.1086709738818641,0.14,0.2690724809414742
bfcl,bfcl/bfcl-live-multiple-898-185-8,bfcl-live-multiple-898-185-8,0.4013913085486497,0.5986086914513503,26,hard,0.0615384615384615,0.0615384615384615,0.2202741702042516
crustbench,crustbench/crustbench-fs-c,crustbench-fs-c,0.40273120735913537,0.5972687926408646,23,hard,0.2482366823737214,0.2608695652173913,0.2820991489648285
strongreject,strongreject/strongreject_illegal_goods_and_services_0011_pap_logical_appeal,strongreject_illegal_goods_and_services_0011_pap_logical_appeal,0.40580507884436234,0.5941949211556377,20,medium,0.3930514492546158,0.39375,0.2508579030048685
bigcodebench,bigcodebench/bigcodebench_530,bigcodebench_530,0.4064323793279297,0.5935676206720704,18,hard,0.1539815319513946,0.2222222222222222,0.415739709641549
bigcodebench,bigcodebench/bigcodebench_1019,bigcodebench_1019,0.40883667222689957,0.5911633277731004,25,hard,0.1109280487277373,0.11533332,0.2245944363810858
algotune,algotune/algotune-polynomial-real,algotune-polynomial-real,0.41697304696809395,0.5830269530319061,19,frontier,0.0358043669328179,0.0475449012523605,0.1838402846287126
aider-polyglot,aider-polyglot/polyglot_go_matrix,polyglot_go_matrix,0.42236418738155734,0.5776358126184427,26,hard,0.0923076923076923,0.0923076923076923,0.1939926186602845
bigcodebench,bigcodebench/bigcodebench_399,bigcodebench_399,0.42259844945483377,0.5774015505451662,13,frontier,0.0422074140425586,0.0769230769230769,0.2664693550105965
mmau,mmau/mmau-a063e4d1-15cf-4ced-a9d5-8130d629c604,mmau-a063e4d1-15cf-4ced-a9d5-8130d629c604,0.4249672660388837,0.5750327339611163,20,easy,0.7436469464535048,0.72,0.2993325909419153
swe-lancer,swe-lancer/swe-lancer-25562-manager-0,swe-lancer-25562-manager-0,0.4324676908016277,0.5675323091983723,17,medium,0.412427003660739,0.4117647058823529,0.3968735951396
livecodebench,livecodebench/livecodebench-abc363_f,livecodebench-abc363_f,0.4346687921736198,0.5653312078263801,17,frontier,0.0158597049974837,0.0235294117647058,0.0644379479417842
bixbench,bixbench/bix-6-q4,bix-6-q4,0.4382894634852713,0.5617105365147287,20,hard,0.1452150533050055,0.18,0.2336664289109584
bigcodebench,bigcodebench/bigcodebench_227,bigcodebench_227,0.44189777868488017,0.5581022213151199,15,hard,0.0520051616680879,0.0666666666666666,0.2494438257849294
omnimath,omnimath/omnimath_2364,omnimath_2364,0.4426689891820239,0.5573310108179761,25,easy,0.7332567123994838,0.7306666799999999,0.3185969213494343
algotune,algotune/algotune-delaunay,algotune-delaunay,0.44307967625818434,0.5569203237418157,25,hard,0.2884226809173316,0.2855279811666463,0.1501067688618198
usaco,usaco/usaco-93,usaco-93,0.4444109594010564,0.5555890405989437,20,hard,0.1808418459032673,0.21,0.2567099530598687
bigcodebench,bigcodebench/bigcodebench_199,bigcodebench_199,0.4450639002107049,0.5549360997892951,14,easy,0.8032430027875381,0.7142857142857143,0.4517539514526256
simpleqa,simpleqa/simpleqa-1825,simpleqa-1825,0.44520376213488433,0.5547962378651157,20,easy,0.8749070179432502,0.8700000000000001,0.1452583904633395
swtbench,swtbench/swtbench-astropy__astropy-14182,swtbench-astropy__astropy-14182,0.4455414761271376,0.5544585238728623,26,medium,0.3307692307692307,0.3307692307692307,0.3549314460018254
seal0,seal0/seal0-99,seal0-99,0.4472679505511235,0.5527320494488766,26,hard,0.123076923076923,0.123076923076923,0.1927686782483333
bigcodebench,bigcodebench/bigcodebench_409,bigcodebench_409,0.44823108036242476,0.5517689196375752,13,hard,0.1588217236628541,0.3076923076923077,0.4615384615384615
bigcodebench,bigcodebench/bigcodebench_1013,bigcodebench_1013,0.44949775030122835,0.5505022496987717,26,medium,0.6320512692307693,0.6320512692307693,0.4166903438243169
swebenchpro,swebenchpro/swebenchpro-instance_navidrome__navidrome-677d9947f302c9f7bba8c08c788c3dc99f235f39,swebenchpro-instance_navidrome__navidrome-677d9947f302c9f7bba8c08c788c3dc99f235f39,0.4530507411048136,0.5469492588951864,20,easy,0.7723996630398866,0.7300000000000001,0.3363034344160047
algotune,algotune/algotune-kmeans,algotune-kmeans,0.45433804989270504,0.545661950107295,24,hard,0.1124273229860995,0.1215442501516637,0.2069373606853574
medagentbench,medagentbench/medagentbench-task7_7,medagentbench-task7_7,0.4552144897769856,0.5447855102230144,20,frontier,0.037093062322348,0.04,0.08
swtbench,swtbench/swtbench-sympy__sympy-13372,swtbench-sympy__sympy-13372,0.4590926387217568,0.5409073612782431,21,medium,0.5249880859956284,0.4952380952380951,0.3243692641128838
gaia,gaia/gaia-3ff6b7a9-a5bd-4412-ad92-0cd0d45c0fee,gaia-3ff6b7a9-a5bd-4412-ad92-0cd0d45c0fee,0.45998092302008736,0.5400190769799127,26,medium,0.5230769230769231,0.5230769230769231,0.4227271281241257
omnimath,omnimath/omnimath_570,omnimath_570,0.4600600912536479,0.5399399087463521,25,easy,0.8072125020901417,0.8,0.2925747767665558
algotune,algotune/algotune-integer-factorization,algotune-integer-factorization,0.46290142897649306,0.537098571023507,24,hard,0.2235393785178267,0.2406096817825632,0.3179060301153606
bigcodebench,bigcodebench/bigcodebench_526,bigcodebench_526,0.46902178721239685,0.5309782127876032,13,easy,0.8460482601015246,0.6923076923076923,0.4615384615384615
swtbench,swtbench/swtbench-django__django-12050,swtbench-django__django-12050,0.4693430441475387,0.5306569558524613,14,easy,0.7177457628671159,0.6857142857142857,0.3090472521826277
simpleqa,simpleqa/simpleqa-2838,simpleqa-2838,0.47026896569389004,0.5297310343061099,20,saturated,0.9845115286464028,0.98,0.0599999999999999
bixbench,bixbench/bix-20-q2,bix-20-q2,0.4739007884668871,0.5260992115331129,20,hard,0.2016267171354984,0.18833335,0.2345267441513387
qcircuitbench,qcircuitbench/qcircuitbench-clifford_2-n5,qcircuitbench-clifford_2-n5,0.47394657414668245,0.5260534258533176,20,medium,0.3117912918805174,0.3004988,0.3187863308979229
qcircuitbench,qcircuitbench/qcircuitbench-diffusion_operator-n7,qcircuitbench-diffusion_operator-n7,0.47394657414668245,0.5260534258533176,20,easy,0.7387331322546461,0.71,0.3604164258188019
bigcodebench,bigcodebench/bigcodebench_509,bigcodebench_509,0.4743648416794443,0.5256351583205556,16,easy,0.7691264749133363,0.625,0.4841229182759271
simpleqa,simpleqa/simpleqa-369,simpleqa-369,0.4768001216099457,0.5231998783900542,20,medium,0.5711258338983212,0.55,0.3217141588429082
gpqa-diamond,gpqa-diamond/gpqa-diamond-115,gpqa-diamond-115,0.47918105639314873,0.5208189436068513,20,medium,0.5255065582134818,0.53166665,0.3730467887693546
algotune,algotune/algotune-procrustes,algotune-procrustes,0.48107084862791827,0.5189291513720817,15,hard,0.0581551526375072,0.0980063202927405,0.2023114649422693
bigcodebench,bigcodebench/bigcodebench_1006,bigcodebench_1006,0.4820184888840867,0.5179815111159133,25,medium,0.3929694639235492,0.39533332,0.3909964613196104
bigcodebench,bigcodebench/bigcodebench_161,bigcodebench_161,0.4820184888840867,0.5179815111159133,15,hard,0.2246249870871076,0.3333333333333333,0.4714045207910317
kumo,kumo/kumo-educationenv-t4-a6-v1-s1,kumo-educationenv-t4-a6-v1-s1,0.4821119735233154,0.5178880264766845,16,easy,0.8971350959301408,0.8333333125,0.3061862518685969
seal0,seal0/seal0-84,seal0-84,0.4824890826318492,0.5175109173681508,26,medium,0.5288461923076924,0.5288461923076924,0.3427377890766575
seal0,seal0/seal0-37,seal0-37,0.48342220796078167,0.5165777920392183,26,hard,0.0916666538461538,0.0916666538461538,0.1748778395357395
algotune,algotune/algotune-min-dominating-set,algotune-min-dominating-set,0.48419251165996824,0.5158074883400318,23,hard,0.2753352788359926,0.2748773817920872,0.2252025016202435
algotune,algotune/algotune-channel-capacity,algotune-channel-capacity,0.48506452627240415,0.5149354737275958,25,hard,0.1176642258622754,0.1178559738064869,0.1349755407063799
swebench-multilingual,swebench-multilingual/swebench-multilingual-fmtlib__fmt-3863,swebench-multilingual-fmtlib__fmt-3863,0.4850722221760485,0.5149277778239515,15,hard,0.0778939970442873,0.1333333333333333,0.339934634239519
seal0,seal0/seal0-40,seal0-40,0.4853884515194862,0.5146115484805138,26,medium,0.6865384615384615,0.6865384615384615,0.379918435656233
gpqa-diamond,gpqa-diamond/gpqa-diamond-79,gpqa-diamond-79,0.4857864684000109,0.5142135315999892,17,medium,0.496988037473503,0.4970588235294117,0.4271900624791837
crustbench,crustbench/crustbench-libfor,crustbench-libfor,0.4863891481513645,0.5136108518486355,22,easy,0.7974518239595974,0.775,0.2737575237654334
aider-polyglot,aider-polyglot/polyglot_cpp_complex-numbers,polyglot_cpp_complex-numbers,0.48667354577052496,0.5133264542294751,25,saturated,0.9871792992592184,0.98666668,0.0653196611544916
algotune,algotune/algotune-tsp,algotune-tsp,0.4879287995765038,0.5120712004234962,21,hard,0.1112486776274697,0.1114435444893149,0.1134415088266074
simpleqa,simpleqa/simpleqa-1339,simpleqa-1339,0.4909727273917706,0.5090272726082294,20,hard,0.2677455241184066,0.2799999999999999,0.285657137141714
swebench-multilingual,swebench-multilingual/swebench-multilingual-fluent__fluentd-4030,swebench-multilingual-fluent__fluentd-4030,0.49149845580104784,0.5085015441989522,15,hard,0.2562630851878931,0.3666666666666666,0.4365266951236264
gpqa-diamond,gpqa-diamond/gpqa-diamond-118,gpqa-diamond-118,0.49402332196439974,0.5059766780356003,19,medium,0.4811422367287442,0.4833333684210526,0.3503966190523038
bfcl,bfcl/bfcl-live-irrelevance-721-239-0,bfcl-live-irrelevance-721-239-0,0.49473463901784975,0.5052653609821502,26,medium,0.5076923076923077,0.5076923076923077,0.3812157444111959
swesmith,swesmith/swesmith-oauthlib__oauthlib.1fd52536.combine_file__ivt14jmt,swesmith-oauthlib__oauthlib.1fd52536.combine_file__ivt14jmt,0.4957092646978047,0.5042907353021953,17,easy,0.7806655226669288,0.7803921764705883,0.2798362708535192
gaia,gaia/gaia-c365c1c7-a3db-4d5e-a9a1-66f56eae7865,gaia-c365c1c7-a3db-4d5e-a9a1-66f56eae7865,0.4976965392915866,0.5023034607084134,26,medium,0.5538461538461539,0.5538461538461539,0.2845114155216451
swesmith,swesmith/swesmith-oauthlib__oauthlib.1fd52536.combine_file__8vq3niwz,swesmith-oauthlib__oauthlib.1fd52536.combine_file__8vq3niwz,0.49775962280213054,0.5022403771978694,18,medium,0.3520365397640101,0.3611111111111111,0.2965334698907226
livecodebench,livecodebench/livecodebench-3655,livecodebench-3655,0.49786585295048513,0.5021341470495149,18,medium,0.5621116733445731,0.5629629444444444,0.269404683842495
bigcodebench,bigcodebench/bigcodebench_1053,bigcodebench_1053,0.4979315811879331,0.5020684188120669,26,medium,0.3480769230769231,0.3480769230769231,0.4209860048802941
bigcodebench,bigcodebench/bigcodebench_313,bigcodebench_313,0.4979315811879331,0.5020684188120669,14,hard,0.1964134193674656,0.3571428571428571,0.4791574237499548
kumo,kumo/kumo-artstyleenv-t4-a6-v1-s1,kumo-artstyleenv-t4-a6-v1-s1,0.4991926087195541,0.5008073912804458,20,medium,0.5812232672130793,0.5791667,0.4026604307602251
bigcodebench,bigcodebench/bigcodebench_1004,bigcodebench_1004,0.4993654118261005,0.5006345881738995,26,medium,0.6333333076923077,0.6333333076923077,0.3469033068068402
bigcodebench,bigcodebench/bigcodebench_310,bigcodebench_310,0.4993654118261005,0.5006345881738995,14,hard,0.2234396322863102,0.3571428571428571,0.4791574237499548
swe-lancer,swe-lancer/swe-lancer-48694_681,swe-lancer-48694_681,0.4996384940895606,0.5003615059104394,17,frontier,0.0156087371050502,0.0235294117647058,0.0644379479417842
usaco,usaco/usaco-818,usaco-818,0.5008404391801099,0.4991595608198901,19,hard,0.077434752184018,0.1052631578947368,0.2459646620115352
seal0,seal0/seal0-75,seal0-75,0.5010232944906683,0.4989767055093317,26,hard,0.2416666538461538,0.2416666538461538,0.334269515153099
swesmith,swesmith/swesmith-oauthlib__oauthlib.1fd52536.combine_file__6cwt9dv9,swesmith-oauthlib__oauthlib.1fd52536.combine_file__6cwt9dv9,0.5019321760132941,0.4980678239867059,17,medium,0.6150789554106854,0.6205882352941176,0.3267751626430858
swesmith,swesmith/swesmith-oauthlib__oauthlib.1fd52536.combine_file__519420f6,swesmith-oauthlib__oauthlib.1fd52536.combine_file__519420f6,0.5019321760132941,0.4980678239867059,17,medium,0.4390197202937246,0.4588235294117647,0.2971607280074138
seal0,seal0/seal0-100,seal0-100,0.5022581864663869,0.49774181353361313,26,hard,0.15,0.15,0.1901416476047427
bigcodebench,bigcodebench/bigcodebench_1137,bigcodebench_1137,0.5022599909105874,0.4977400090894126,13,easy,0.8308661140029282,0.6923076923076923,0.4615384615384615
medagentbench,medagentbench/medagentbench-task7_12,medagentbench-task7_12,0.503214379482868,0.49678562051713204,20,frontier,0.0308017552160141,0.03,0.0714142842854285
crustbench,crustbench/crustbench-bostree,crustbench-bostree,0.5035718678709334,0.49642813212906656,17,hard,0.0900720603698004,0.1294117647058823,0.3213294184411214
bfcl,bfcl/bfcl-parallel-19,bfcl-parallel-19,0.5042917849298012,0.4957082150701988,26,frontier,0.0307692307692307,0.0307692307692307,0.1201576873216408
kumo,kumo/kumo-fantasyenv-t12-a16-v1-s0,kumo-fantasyenv-t12-a16-v1-s0,0.5052580885246913,0.49474191147530866,17,hard,0.1940062869661687,0.2960784117647059,0.3765829061415386
aider-polyglot,aider-polyglot/polyglot_go_counter,polyglot_go_counter,0.5056389618670157,0.49436103813298427,26,hard,0.1384615384615384,0.1384615384615384,0.2338259100549333
labbench,labbench/labbench-figqa-0053,labbench-figqa-0053,0.5099083363325668,0.4900916636674332,13,hard,0.0576226735516224,0.1076923076923076,0.1685300176938972
featurebench-modal,featurebench-modal/featurebench-modal-huggingface__transformers.e2e8dbed.test_modeling_colpali.370cfbdd.lv1,featurebench-modal-huggingface__transformers.e2e8dbed.test_modeling_colpali.370cfbdd.lv1,0.5106557759872445,0.48934422401275546,26,frontier,0.0192307692307692,0.0192307692307692,0.0961538461538461
algotune,algotune/algotune-wasserstein-dist,algotune-wasserstein-dist,0.5125195465675861,0.48748045343241386,22,hard,0.2226164133892141,0.2169284401911875,0.1425808276951803
seal0,seal0/seal0-83,seal0-83,0.5130759323756167,0.48692406762438334,26,medium,0.3871794999999999,0.3871794999999999,0.3659464963605441
gaia,gaia/gaia-ec09fa32-d03f-4bf8-84b0-1f16922c3ae4,gaia-ec09fa32-d03f-4bf8-84b0-1f16922c3ae4,0.5136239499126959,0.4863760500873041,20,medium,0.3009909091441803,0.3175,0.3087373479189066
gaia,gaia/gaia-e1fc63a2-da7a-432f-be78-7c4a95598703,gaia-e1fc63a2-da7a-432f-be78-7c4a95598703,0.5136239499126959,0.4863760500873041,20,hard,0.2273311991365559,0.23,0.2304343724360582
algotune,algotune/algotune-l1-pruning,algotune-l1-pruning,0.5140173840795345,0.48598261592046554,24,hard,0.1970876742886638,0.1940941655407252,0.1626206859251033
bixbench,bixbench/bix-6-q5,bix-6-q5,0.5142009169807289,0.4857990830192711,20,frontier,0.0155972703290755,0.02,0.06
swe-lancer,swe-lancer/swe-lancer-24156-manager-0,swe-lancer-24156-manager-0,0.5155597442789915,0.48444025572100846,17,easy,0.895349088057104,0.8588235294117648,0.1911538448149638
reasoning-gym,reasoning-gym/reasoning-gym-algebra-intermediate-integration-easy00cea0a5-seed45-2,reasoning-gym-algebra-intermediate-integration-easy00cea0a5-seed45-2,0.5157369571171707,0.4842630428828293,12,easy,0.9230535159677798,0.8333333333333334,0.3726779962499649
swesmith,swesmith/swesmith-oauthlib__oauthlib.1fd52536.combine_file__5wgd819s,swesmith-oauthlib__oauthlib.1fd52536.combine_file__5wgd819s,0.5182301486124843,0.4817698513875157,18,medium,0.37863382220721,0.4027777777777778,0.3816893087251222
bixbench,bixbench/bix-10-q2,bix-10-q2,0.5197494100359876,0.4802505899640124,20,hard,0.2384445652284859,0.26,0.3231098884280702
livecodebench,livecodebench/livecodebench-2857,livecodebench-2857,0.5203001794423003,0.47969982055769966,18,saturated,0.959414088086015,0.9416666666666668,0.1493039405597409
bfcl,bfcl/bfcl-live-multiple-13-4-5,bfcl-live-multiple-13-4-5,0.5208058009803753,0.4791941990196247,26,medium,0.3230769230769231,0.3230769230769231,0.4116642510849124
reasoning-gym,reasoning-gym/reasoning-gym-cognition-color-cube-rotation-easy00cea0a5-seed45-1,reasoning-gym-cognition-color-cube-rotation-easy00cea0a5-seed45-1,0.5224312883747406,0.4775687116252594,20,medium,0.5752847508554196,0.5717000000000001,0.3046435786291908
compilebench,compilebench/compilebench-jq,compilebench-jq,0.5247699531820812,0.4752300468179188,20,saturated,0.9769105339157884,0.97,0.0714142842854284
compilebench,compilebench/compilebench-curl-ssl,compilebench-curl-ssl,0.5247699531820812,0.4752300468179188,20,saturated,0.9615022109422112,0.95,0.1774823934929885
swe-lancer,swe-lancer/swe-lancer-17163-manager-0,swe-lancer-17163-manager-0,0.5250571114434925,0.47494288855650746,16,medium,0.5655862253678572,0.51875,0.4571908108219149
bfcl,bfcl/bfcl-live-irrelevance-600-193-2,bfcl-live-irrelevance-600-193-2,0.5257455868692684,0.4742544131307316,26,easy,0.9076923076923078,0.9076923076923078,0.2017673392092923
mmau,mmau/mmau-76c2a626-7e3c-4f2f-ad20-b07cd0890302,mmau-76c2a626-7e3c-4f2f-ad20-b07cd0890302,0.5284633438826037,0.47153665611739626,20,hard,0.1727087941907388,0.2225,0.3026858932953434
gpqa-diamond,gpqa-diamond/gpqa-diamond-100,gpqa-diamond-100,0.5296449320439522,0.47035506795604776,18,saturated,0.95551551028395,0.9370370555555556,0.1053441202738657
gaia,gaia/gaia-544b7f0c-173a-4377-8d56-57b36eb26ddf,gaia-544b7f0c-173a-4377-8d56-57b36eb26ddf,0.5301917668492159,0.4698082331507841,26,easy,0.8192307692307692,0.8192307692307692,0.2542246595332422
swtbench,swtbench/swtbench-django__django-16877,swtbench-django__django-16877,0.5330909110606781,0.4669090889393219,12,medium,0.4550606321802536,0.4875,0.3069507289452169
seal0,seal0/seal0-96,seal0-96,0.5339765096434387,0.4660234903565613,26,medium,0.4423076923076923,0.4423076923076923,0.3741152288677266
reasoning-gym,reasoning-gym/reasoning-gym-cognition-number-sequence-easy00cea0a5-seed45-2,reasoning-gym-cognition-number-sequence-easy00cea0a5-seed45-2,0.5344987470570216,0.4655012529429784,13,hard,0.1622311517780886,0.3230769230769231,0.4543022480071816
swtbench,swtbench/swtbench-django__django-13401,swtbench-django__django-13401,0.5345109720636171,0.4654890279363829,20,easy,0.7353687374603375,0.7100000000000001,0.3315116890850155
mmmlu,mmmlu/mmmlu-ko-kr-00108,mmmlu-ko-kr-00108,0.5345984908031224,0.4654015091968776,20,medium,0.6624281231683219,0.625,0.4366062299143245
bfcl,bfcl/bfcl-live-multiple-280-128-3,bfcl-live-multiple-280-128-3,0.5345992239613493,0.4654007760386507,26,easy,0.7615384615384616,0.7615384615384616,0.3721837047200906
bfcl,bfcl/bfcl-simple-java-73,bfcl-simple-java-73,0.5345992239613493,0.4654007760386507,26,easy,0.8692307692307693,0.8692307692307693,0.1834901606442548
swebench-multilingual,swebench-multilingual/swebench-multilingual-mrdoob__three.js-25687,swebench-multilingual-mrdoob__three.js-25687,0.5352820524546907,0.46471794754530926,17,frontier,0.026926277794046,0.0411764705882352,0.1239488676806204
algotune,algotune/algotune-max-weighted-independent-set,algotune-max-weighted-independent-set,0.5360020332476044,0.4639979667523956,24,hard,0.2961384482984751,0.2946711392522491,0.2151775819671439
seal0,seal0/seal0-27,seal0-27,0.5362422652372208,0.46375773476277915,25,hard,0.0519230769230769,0.054,0.1326046756340062
seal0,seal0/seal0-46,seal0-46,0.5365963637746725,0.46340363622532754,26,hard,0.2794871923076923,0.2794871923076923,0.2928021325454364
kumo,kumo/kumo-medicalenv-t12-a16-v1-s1,kumo-medicalenv-t12-a16-v1-s1,0.5389504128487295,0.46104958715127053,17,easy,0.8513087678939179,0.7754901764705883,0.3686274744993819
bfcl,bfcl/bfcl-live-irrelevance-642-203-2,bfcl-live-irrelevance-642-203-2,0.5403586343014243,0.4596413656985757,26,medium,0.323076923076923,0.323076923076923,0.3640664481907456
mmmlu,mmmlu/mmmlu-en-us-00035,mmmlu-en-us-00035,0.5435290833279784,0.45647091667202155,19,easy,0.8781728894306675,0.8333333157894737,0.2961744684969979
simpleqa,simpleqa/simpleqa-69,simpleqa-69,0.544125635727684,0.455874364272316,20,medium,0.6061037554559915,0.5900000000000001,0.3923009049186606
seal0,seal0/seal0-76,seal0-76,0.544760893027695,0.45523910697230496,26,hard,0.0666666538461538,0.0666666538461538,0.1956798187166872
seal0,seal0/seal0-29,seal0-29,0.544760893027695,0.45523910697230496,26,frontier,0.0326923076923076,0.0326923076923076,0.0950124563618125
algotune,algotune/algotune-graph-isomorphism,algotune-graph-isomorphism,0.5451371378525626,0.45486286214743743,24,medium,0.6576755523589723,0.6500913566032126,0.2563073697027521
livecodebench,livecodebench/livecodebench-arc188_c,livecodebench-arc188_c,0.5451853378390079,0.4548146621609921,17,hard,0.0842875726140763,0.0823529411764705,0.1688552952283214
swebenchpro,swebenchpro/swebenchpro-instance_future-architect__vuls-2c84be80b65d022c262956cd26fc79d8bb2f7010,swebenchpro-instance_future-architect__vuls-2c84be80b65d022c262956cd26fc79d8bb2f7010,0.5456549729696172,0.4543450270303828,20,medium,0.3001289740202141,0.3075,0.2665872277510683
swebenchpro,swebenchpro/swebenchpro-instance_nodebb__nodebb-8ca65b0c78c67c1653487c02d1135e1b702185e1-vf2cf3cbd463b7ad942381f1c6d077626485a1e9e,swebenchpro-instance_nodebb__nodebb-8ca65b0c78c67c1653487c02d1135e1b702185e1-vf2cf3cbd463b7ad942381f1c6d077626485a1e9e,0.5456549729696172,0.4543450270303828,20,frontier,0.0238426352151861,0.03,0.1307669683062202
kumo,kumo/kumo-mythicalcreatureenv-t4-a6-v1-s0,kumo-mythicalcreatureenv-t4-a6-v1-s0,0.5466010601359139,0.4533989398640861,17,medium,0.608679785462662,0.5588235882352942,0.4039882074289471
crustbench,crustbench/crustbench-c-aces,crustbench-c-aces,0.5469910611690989,0.4530089388309011,24,easy,0.9304141555683708,0.925,0.171391365010026
aider-polyglot,aider-polyglot/polyglot_java_twelve-days,polyglot_java_twelve-days,0.5495645560331913,0.4504354439668087,26,hard,0.0923076923076923,0.0923076923076923,0.2017673392092923
simpleqa,simpleqa/simpleqa-2284,simpleqa-2284,0.5500073355931487,0.44999266440685126,20,medium,0.4032343552825874,0.425,0.3575961409187744
aider-polyglot,aider-polyglot/polyglot_javascript_ledger,polyglot_javascript_ledger,0.5526740152202803,0.44732598477971974,26,easy,0.9134615384615384,0.9134615384615384,0.1602628203846205
replicationbench,replicationbench/replicationbench-ls_cal__hot_temp,replicationbench-ls_cal__hot_temp,0.5528556212623651,0.4471443787376349,20,easy,0.7136739752757479,0.7,0.3492849839314596
gaia,gaia/gaia-f0f46385-fc03-4599-b5d3-f56496c3e69f,gaia-f0f46385-fc03-4599-b5d3-f56496c3e69f,0.5536410253056767,0.4463589746943233,20,medium,0.5645068375587725,0.5825000000000001,0.2716960618043625
bigcodebench,bigcodebench/bigcodebench_241,bigcodebench_241,0.5537558164171543,0.4462441835828457,14,frontier,0.0384850110383612,0.0714285714285714,0.2575393768188563
bigcodebench,bigcodebench/bigcodebench_108,bigcodebench_108,0.5537558164171543,0.4462441835828457,14,easy,0.884507671535606,0.7857142857142857,0.410325903324145
labbench,labbench/labbench-figqa-0012,labbench-figqa-0012,0.5537743246126526,0.44622567538734736,13,frontier,0.0076924945426306,0.0153846153846153,0.0532938710021193
bfcl,bfcl/bfcl-live-multiple-723-165-10,bfcl-live-multiple-723-165-10,0.5547652522503428,0.4452347477496572,26,easy,0.776923076923077,0.776923076923077,0.2899704126918579
bfcl,bfcl/bfcl-multiple-147,bfcl-multiple-147,0.5547652522503428,0.4452347477496572,26,hard,0.1846153846153846,0.1846153846153846,0.2412982637132018
crustbench,crustbench/crustbench-libwecan,crustbench-libwecan,0.5547967027092094,0.44520329729079056,22,saturated,0.9621061290497064,0.9553030454545456,0.1147445578992656
medagentbench,medagentbench/medagentbench-task7_13,medagentbench-task7_13,0.5552564073416406,0.4447435926583594,20,frontier,0.0293628261365528,0.03,0.0953939201416945
algotune,algotune/algotune-discrete-log,algotune-discrete-log,0.557237051191607,0.44276294880839295,25,hard,0.1428770908389378,0.1468136815875041,0.2686245324229037
kumo,kumo/kumo-chessenv-t4-a6-v1-s1,kumo-chessenv-t4-a6-v1-s1,0.5574019083008804,0.44259809169911957,18,medium,0.6255048902033487,0.5555555555555556,0.468119431843131
replicationbench,replicationbench/replicationbench-astm3__spectral_similarity_search,replicationbench-astm3__spectral_similarity_search,0.5584497393572749,0.44155026064272507,17,frontier,0.027916469997825,0.0411764705882352,0.1239488676806204
seal0,seal0/seal0-92,seal0-92,0.5593369049638467,0.4406630950361533,26,medium,0.45,0.45,0.3951901089630543
bigcodebench,bigcodebench/bigcodebench_1008,bigcodebench_1008,0.559473820771333,0.440526179228667,25,medium,0.4122509910930069,0.42066664,0.4317736086217294
bigcodebench,bigcodebench/bigcodebench_1022,bigcodebench_1022,0.559473820771333,0.440526179228667,24,medium,0.3173181302001476,0.3215277916666667,0.3446845035155312
seal0,seal0/seal0-58,seal0-58,0.5604288415059255,0.43957115849407447,26,hard,0.0878205,0.0878205,0.1735475376199337
bigcodebench,bigcodebench/bigcodebench_1039,bigcodebench_1039,0.561149518385919,0.438850481614081,26,hard,0.1032051153846154,0.1032051153846154,0.2305242517701315
seal0,seal0/seal0-5,seal0-5,0.5633140606178719,0.4366859393821281,26,hard,0.1852564230769231,0.1852564230769231,0.2274123998138409
gaia,gaia/gaia-e142056d-56ab-4352-b091-b56054bd1359,gaia-e142056d-56ab-4352-b091-b56054bd1359,0.5633242536249263,0.43667574637507367,20,frontier,0.0231131447026715,0.03,0.0714142842854285
labbench,labbench/labbench-figqa-0046,labbench-figqa-0046,0.5637284560789465,0.4362715439210535,20,hard,0.2164547636586349,0.24,0.3006659275674582
gpqa-diamond,gpqa-diamond/gpqa-diamond-120,gpqa-diamond-120,0.565569757836572,0.43443024216342796,19,easy,0.8000146620101952,0.754385947368421,0.3493035096134311
seal0,seal0/seal0-1,seal0-1,0.5658316591408472,0.4341683408591528,26,medium,0.4538461538461539,0.4538461538461539,0.3865336777354188
kumo,kumo/kumo-chemicalenv-t12-a16-v1-s1,kumo-chemicalenv-t12-a16-v1-s1,0.5660946133619335,0.43390538663806655,20,easy,0.7831806295373371,0.7183333,0.3995101488072737
simpleqa,simpleqa/simpleqa-3679,simpleqa-3679,0.5663450624523297,0.43365493754767026,20,medium,0.3503464725277006,0.38,0.3682390527904394
simpleqa,simpleqa/simpleqa-93,simpleqa-93,0.5694154381108235,0.4305845618891765,20,hard,0.1216742788027,0.15,0.208566536146142
algotune,algotune/algotune-minimum-spanning-tree,algotune-minimum-spanning-tree,0.5696449436922241,0.43035505630777593,23,medium,0.4822407954376242,0.4896690586703932,0.2348782336254995
seal0,seal0/seal0-102,seal0-102,0.569961471416785,0.430038528583215,26,hard,0.05,0.05,0.1781313257986063
algotune,algotune/algotune-eigenvalues-real,algotune-eigenvalues-real,0.5705323436025883,0.4294676563974117,17,hard,0.2534642005130149,0.2597303459774727,0.2729991402258803
gaia,gaia/gaia-0bdb7c40-671d-4ad1-9ce3-986b159c0ddc,gaia-0bdb7c40-671d-4ad1-9ce3-986b159c0ddc,0.5706711221145653,0.4293288778854347,20,hard,0.1056095065469793,0.1175,0.264232378788066
mmau,mmau/mmau-6aa80dfd-eb32-41c9-abeb-4bd66c460868,mmau-6aa80dfd-eb32-41c9-abeb-4bd66c460868,0.5710140170857371,0.42898598291426293,20,hard,0.2460998609203987,0.27,0.3051229260478471
kumo,kumo/kumo-educationenv-t12-a16-v1-s1,kumo-educationenv-t12-a16-v1-s1,0.5731316128837123,0.4268683871162877,18,medium,0.6494295016166125,0.5972222222222222,0.4214997620197767
seal0,seal0/seal0-8,seal0-8,0.5733959833761785,0.4266040166238215,26,hard,0.1378205,0.1378205,0.1880828523614097
bfcl,bfcl/bfcl-irrelevance-15,bfcl-irrelevance-15,0.5746154599636776,0.4253845400363224,26,saturated,0.9846153846153848,0.9846153846153848,0.0532938710021192
reasoning-gym,reasoning-gym/reasoning-gym-logic-circuit-logic-hard0292e21f-seed45-2,reasoning-gym-logic-circuit-logic-hard0292e21f-seed45-2,0.5748423455615825,0.42515765443841746,20,hard,0.1619517684170269,0.21,0.3192177939902473
reasoning-gym,reasoning-gym/reasoning-gym-games-knight-swap-hard0292e21f-seed45-2,reasoning-gym-games-knight-swap-hard0292e21f-seed45-2,0.5776921147450597,0.42230788525494034,20,hard,0.0788880819552497,0.1025,0.215913755930464
bfcl,bfcl/bfcl-live-simple-248-130-0,bfcl-live-simple-248-130-0,0.5777834909448807,0.4222165090551193,26,easy,0.8307692307692308,0.8307692307692308,0.2811641058845702
gpqa-diamond,gpqa-diamond/gpqa-diamond-12,gpqa-diamond-12,0.5782004282143756,0.42179957178562444,18,easy,0.7275020256005619,0.6944444444444444,0.3081706277413036
bfcl,bfcl/bfcl-live-parallel-multiple-8-7-0,bfcl-live-parallel-multiple-8-7-0,0.5785714285714287,0.42142857142857126,26,medium,0.6923076923076923,0.6923076923076923,0.3730570970148351
seal0,seal0/seal0-108,seal0-108,0.5794848559799713,0.42051514402002865,25,medium,0.3320766348087322,0.312,0.299759903923123
seal0,seal0/seal0-53,seal0-53,0.5795735069682224,0.4204264930317776,26,hard,0.1410256538461538,0.1410256538461538,0.2654713353914769
gaia,gaia/gaia-0e9e85b8-52b9-4de4-b402-5f635ab9631f,gaia-0e9e85b8-52b9-4de4-b402-5f635ab9631f,0.5798591659865144,0.42014083401348556,20,hard,0.1654988919070837,0.2125,0.2999479121447589
spider2,spider2/spider2-twilio001,spider2-twilio001,0.5799297992995363,0.42007020070046375,16,frontier,0.0173106435922459,0.025,0.0968245836551854
seal0,seal0/seal0-74,seal0-74,0.5809682383794464,0.41903176162055356,26,medium,0.6012820384615385,0.6012820384615385,0.3739922013007841
medagentbench,medagentbench/medagentbench-task7_30,medagentbench-task7_30,0.5812788927245544,0.41872110727544565,20,hard,0.0807041779265775,0.1,0.1732050807568877
seal0,seal0/seal0-60,seal0-60,0.5831892544572777,0.41681074554272235,26,hard,0.1455128076923077,0.1455128076923077,0.2306418703751669
algotune,algotune/algotune-vector-quantization,algotune-vector-quantization,0.5832630526700371,0.4167369473299629,22,hard,0.0679124631121729,0.0802300863688735,0.1613655924761443
reasoning-gym,reasoning-gym/reasoning-gym-algorithmic-spiral-matrix-easy00cea0a5-seed45-0,reasoning-gym-algorithmic-spiral-matrix-easy00cea0a5-seed45-0,0.5834279651219215,0.4165720348780785,20,easy,0.7037012433227132,0.6650000000000001,0.3439113257803529
kumo,kumo/kumo-architecturalenv-t4-a6-v1-s0,kumo-architecturalenv-t4-a6-v1-s0,0.583474049851955,0.41652595014804505,20,saturated,0.9903813079956174,0.9875,0.0544862367942584
swtbench,swtbench/swtbench-django__django-13809,swtbench-django__django-13809,0.5839314251894812,0.41606857481051884,13,hard,0.1159070693360481,0.2230769230769231,0.2939226642237354
aider-polyglot,aider-polyglot/polyglot_go_ledger,polyglot_go_ledger,0.5841462822130571,0.4158537177869429,26,medium,0.5538461538461539,0.5538461538461539,0.3447192494577951
algotune,algotune/algotune-vehicle-routing,algotune-vehicle-routing,0.5842985507792334,0.4157014492207666,22,hard,0.1553642963285112,0.1569007916984929,0.1241003832009466
algotune,algotune/algotune-rectanglepacking,algotune-rectanglepacking,0.5842985507792334,0.4157014492207666,22,hard,0.2820130550810814,0.2704115127502311,0.2356430092211006
reasoning-gym,reasoning-gym/reasoning-gym-code-codeio-easy00cea0a5-seed45-1,reasoning-gym-code-codeio-easy00cea0a5-seed45-1,0.5845290130242653,0.4154709869757347,20,medium,0.3257468871668477,0.31632585,0.2376047707821278
bigcodebench,bigcodebench/bigcodebench_1015,bigcodebench_1015,0.5846450757922009,0.41535492420779907,26,hard,0.0961538461538461,0.0961538461538461,0.2227119029508219
seal0,seal0/seal0-22,seal0-22,0.5861906683524709,0.4138093316475291,26,medium,0.5314102692307692,0.5314102692307692,0.3951448691763914
mmmlu,mmmlu/mmmlu-hi-in-00068,mmmlu-hi-in-00068,0.5878424623292015,0.41215753767079855,17,easy,0.8042870211418569,0.7009804117647059,0.4132791926535376
mmmlu,mmmlu/mmmlu-sw-ke-00136,mmmlu-sw-ke-00136,0.5884788394695664,0.41152116053043364,18,easy,0.8938216063833498,0.8472222222222222,0.3242393758313542
algotune,algotune/algotune-svd,algotune-svd,0.5886309595540052,0.41136904044599476,16,hard,0.0801777056306832,0.1244679413979277,0.1688781170934046
mmau,mmau/mmau-1beb87ed-8d10-4c39-87b4-81365b947fb8,mmau-1beb87ed-8d10-4c39-87b4-81365b947fb8,0.5891889871144771,0.4108110128855229,20,frontier,0.0462033134633506,0.06,0.0916515138991168
seal0,seal0/seal0-71,seal0-71,0.5898922183810237,0.4101077816189763,26,hard,0.2557692307692308,0.2557692307692308,0.2746770562080142
mmau,mmau/mmau-a5dfb846-f86e-4b4b-8311-5e783b9f4634,mmau-a5dfb846-f86e-4b4b-8311-5e783b9f4634,0.5899521805763319,0.4100478194236681,20,frontier,0.0386757065754907,0.05,0.1072380529476361
seal0,seal0/seal0-61,seal0-61,0.5902297126558189,0.4097702873441811,25,hard,0.2000153627532516,0.208,0.350907395191381
algotune,algotune/algotune-cyclic-independent-set,algotune-cyclic-independent-set,0.590498428186361,0.409501571813639,25,hard,0.1386802272484282,0.1441629801863656,0.3303266699511998
omnimath,omnimath/omnimath_39,omnimath_39,0.5905156505156538,0.4094843494843462,26,medium,0.4673076923076922,0.4673076923076922,0.3433271336641763
ineqmath,ineqmath/ineqmath-76,ineqmath-76,0.5912968363336718,0.4087031636663282,15,easy,0.9051810330561024,0.905,0.1528070678993612
algotune,algotune/algotune-job-shop-scheduling,algotune-job-shop-scheduling,0.5925394554355629,0.40746054456443714,24,medium,0.3103813239301987,0.3074890917103619,0.2228081032197971
algotune,algotune/algotune-multi-dim-knapsack,algotune-multi-dim-knapsack,0.593236889223435,0.406763110776565,23,medium,0.3398046257677255,0.3439503811503915,0.2142966624904662
bfcl,bfcl/bfcl-live-simple-123-79-0,bfcl-live-simple-123-79-0,0.5958938702712275,0.40410612972877247,26,medium,0.3230769230769231,0.3230769230769231,0.3964338069761577
aider-polyglot,aider-polyglot/polyglot_javascript_poker,polyglot_javascript_poker,0.5962823012606062,0.4037176987393938,26,easy,0.8384615384615385,0.8384615384615385,0.2149721324997248
reasoning-gym,reasoning-gym/reasoning-gym-arithmetic-leg-counting-easy00cea0a5-seed45-0,reasoning-gym-arithmetic-leg-counting-easy00cea0a5-seed45-0,0.5972613046499181,0.4027386953500819,12,easy,0.9204493211343862,0.82777775,0.3225573396245813
mmau,mmau/mmau-9593f394-dcac-4d88-a37d-0468f8b0152c,mmau-9593f394-dcac-4d88-a37d-0468f8b0152c,0.5973789597328172,0.4026210402671828,20,medium,0.5401112097052959,0.5275000000000001,0.3739903073610331
crustbench,crustbench/crustbench-utf8,crustbench-utf8,0.5975151427569041,0.4024848572430959,26,medium,0.3538461538461538,0.3538461538461538,0.3477739863217635
mmau,mmau/mmau-2573bb7c-5319-4e62-aca6-f90a7e5e7cd5,mmau-2573bb7c-5319-4e62-aca6-f90a7e5e7cd5,0.5980609932932976,0.40193900670670235,20,hard,0.0966444041515474,0.11,0.1729161646579058
omnimath,omnimath/omnimath_3716,omnimath_3716,0.5991277163238836,0.4008722836761164,26,medium,0.5923076923076924,0.5923076923076924,0.3781768785625186
bixbench,bixbench/bix-52-q2,bix-52-q2,0.6007961259412119,0.3992038740587881,20,hard,0.0716718468625415,0.0925,0.1502289918757361
aider-polyglot,aider-polyglot/polyglot_go_simple-linked-list,polyglot_go_simple-linked-list,0.6014310028964116,0.3985689971035884,26,medium,0.4230769230769231,0.4230769230769231,0.3974028108642919
mmmlu,mmmlu/mmmlu-en-us-00034,mmmlu-en-us-00034,0.6021253221190255,0.3978746778809745,17,easy,0.9013178952585816,0.9,0.1909727421264462
mmmlu,mmmlu/mmmlu-hi-in-00062,mmmlu-hi-in-00062,0.6021253221190255,0.3978746778809745,17,easy,0.9455961923924024,0.9411764705882352,0.1610948698544606
mmmlu,mmmlu/mmmlu-bn-bd-00015,mmmlu-bn-bd-00015,0.6022026023932854,0.3977973976067146,18,hard,0.2156325772283017,0.3101851666666666,0.3867057316278174
mmmlu,mmmlu/mmmlu-it-it-00085,mmmlu-it-it-00085,0.6022026023932854,0.3977973976067146,18,hard,0.102627324393642,0.1481481666666666,0.3374234943516415
mmau,mmau/mmau-05eb32f6-5ad4-4abc-9a9a-0a252329e4ba,mmau-05eb32f6-5ad4-4abc-9a9a-0a252329e4ba,0.6027290725390723,0.39727092746092774,20,medium,0.3497402526784313,0.355,0.3040970239906994
algotune,algotune/algotune-generalized-eigenvectors-real,algotune-generalized-eigenvectors-real,0.6038518656649395,0.39614813433506046,12,medium,0.3312400938477565,0.3602135178291604,0.3443643267596828
spider2,spider2/spider2-f1001,spider2-f1001,0.6041724115367024,0.3958275884632976,15,hard,0.2265059861720472,0.2422222,0.3006700269172613
algotune,algotune/algotune-sinkhorn,algotune-sinkhorn,0.6045318170884418,0.39546818291155816,21,frontier,0.0213302890995294,0.0257273272316575,0.1048839435079235
kumo,kumo/kumo-medicalenv-t12-a16-v1-s0,kumo-medicalenv-t12-a16-v1-s0,0.6049500620532245,0.39504993794677545,17,hard,0.1067835686106614,0.1617647058823529,0.3529411764705882
seal0,seal0/seal0-64,seal0-64,0.605055937845264,0.394944062154736,26,hard,0.1628205,0.1628205,0.2470469819193927
bixbench,bixbench/bix-20-q3,bix-20-q3,0.6051866467281501,0.39481335327184985,20,hard,0.1377009866156655,0.1375,0.1572219768353012
mmmlu,mmmlu/mmmlu-ko-kr-00106,mmmlu-ko-kr-00106,0.6054796193075302,0.39452038069246975,15,hard,0.2307892017438217,0.3333333333333333,0.4714045207910317
algotune,algotune/algotune-ode-hires,algotune-ode-hires,0.6067855587508479,0.39321444124915206,22,medium,0.3323974539103585,0.3188029588774161,0.3003997991498779
algotune,algotune/algotune-queens-with-obstacles,algotune-queens-with-obstacles,0.6068055307497771,0.39319446925022294,22,medium,0.3932913093697728,0.3977934707910682,0.2274364642934648
kumo,kumo/kumo-starconstellationenv-t4-a6-v1-s1,kumo-starconstellationenv-t4-a6-v1-s1,0.6072581624052675,0.39274183759473247,18,easy,0.865341897587921,0.8055556111111112,0.3251305293434108
kumo,kumo/kumo-licenseenv-t4-a6-v1-s0,kumo-licenseenv-t4-a6-v1-s0,0.6072581624052675,0.39274183759473247,13,saturated,0.9871784721411688,0.974359,0.0888230295137471
swebench-multilingual,swebench-multilingual/swebench-multilingual-fluent__fluentd-3640,swebench-multilingual-fluent__fluentd-3640,0.6082498407475485,0.3917501592524515,14,hard,0.1340510011535358,0.2285714285714286,0.3594213035831178
gpqa-diamond,gpqa-diamond/gpqa-diamond-48,gpqa-diamond-48,0.6088769578986168,0.39112304210138316,20,medium,0.4647581619606982,0.47,0.3179622619116929
gpqa-diamond,gpqa-diamond/gpqa-diamond-76,gpqa-diamond-76,0.6096821715918177,0.3903178284081823,20,frontier,0.04616001042361,0.06,0.0916515138991168
livecodebench,livecodebench/livecodebench-abc364_c,livecodebench-abc364_c,0.6099638334355553,0.39003616656444473,18,easy,0.9461517029513564,0.9222222222222224,0.1819815483795467
bfcl,bfcl/bfcl-live-multiple-685-164-1,bfcl-live-multiple-685-164-1,0.6107910232924105,0.38920897670758947,26,medium,0.3153846153846154,0.3153846153846154,0.3968067808162748
algotune,algotune/algotune-graph-global-efficiency,algotune-graph-global-efficiency,0.6110765074381249,0.3889234925618751,24,hard,0.2965501229064861,0.2970626500134976,0.2686516878227882
swebench-multilingual,swebench-multilingual/swebench-multilingual-uutils__coreutils-6575,swebench-multilingual-uutils__coreutils-6575,0.611550837921121,0.38844916207887903,14,frontier,0.0092409948028298,0.0142857142857142,0.0515078753637712
crustbench,crustbench/crustbench-genetic-neural-network-for-simple-control,crustbench-genetic-neural-network-for-simple-control,0.6117918269101545,0.38820817308984545,22,hard,0.1326844179490026,0.1553030454545454,0.3181141946537834
replicationbench,replicationbench/replicationbench-bayes_cal__cold_temp,replicationbench-bayes_cal__cold_temp,0.6119190013283587,0.38808099867164125,17,easy,0.775733380827501,0.7568627647058823,0.211596693335536
gpqa-diamond,gpqa-diamond/gpqa-diamond-22,gpqa-diamond-22,0.6126567557438446,0.3873432442561554,18,easy,0.8970070657695814,0.8527777777777777,0.2658697583311455
featurebench-modal,featurebench-modal/featurebench-modal-astropy__astropy.b0db0daa.test_basic_rgb.067e927c.lv1,featurebench-modal-astropy__astropy.b0db0daa.test_basic_rgb.067e927c.lv1,0.6138815618924433,0.38611843810755675,26,hard,0.1461538461538461,0.1461538461538461,0.1802365309824612
bfcl,bfcl/bfcl-live-relevance-10-10-0,bfcl-live-relevance-10-10-0,0.6161297715576676,0.38387022844233243,26,hard,0.2384615384615384,0.2384615384615384,0.323534474535586
reasoning-gym,reasoning-gym/reasoning-gym-logic-circuit-logic-easy00cea0a5-seed45-1,reasoning-gym-logic-circuit-logic-easy00cea0a5-seed45-1,0.6164521106592419,0.3835478893407581,20,medium,0.4511337444624609,0.4575,0.3831693489829268
reasoning-gym,reasoning-gym/reasoning-gym-cognition-rectangle-count-easy00cea0a5-seed45-2,reasoning-gym-cognition-rectangle-count-easy00cea0a5-seed45-2,0.6164521106592419,0.3835478893407581,20,hard,0.1775058892463462,0.2064,0.2397411937903037
seal0,seal0/seal0-85,seal0-85,0.616502507337224,0.383497492662776,26,frontier,0.0326923076923076,0.0326923076923076,0.0950124563618125
algotune,algotune/algotune-eigenvalues-complex,algotune-eigenvalues-complex,0.6167262364804569,0.3832737635195431,17,hard,0.2271687463619296,0.2142792934873072,0.2432651363459723
bigcodebench,bigcodebench/bigcodebench_486,bigcodebench_486,0.6168182621673991,0.3831817378326009,17,hard,0.0777468095085699,0.1176470588235294,0.3221897397089212
bigcodebench,bigcodebench/bigcodebench_1003,bigcodebench_1003,0.6172304350126585,0.3827695649873415,26,medium,0.6608974615384616,0.6608974615384616,0.3772352844869377
bigcodebench,bigcodebench/bigcodebench_1040,bigcodebench_1040,0.6172304350126585,0.3827695649873415,25,medium,0.6955151041493364,0.69133336,0.3689360059173276
algotune,algotune/algotune-count-riemann-zeta-zeros,algotune-count-riemann-zeta-zeros,0.6186412553588301,0.3813587446411699,26,medium,0.4474623220046348,0.4474623220046348,0.3954284194555529
bfcl,bfcl/bfcl-parallel-84,bfcl-parallel-84,0.6186753566604732,0.38132464333952676,26,medium,0.5230769230769231,0.5230769230769231,0.3885947981635412
bfcl,bfcl/bfcl-live-irrelevance-192-32-5,bfcl-live-irrelevance-192-32-5,0.6186753566604732,0.38132464333952676,26,medium,0.6461538461538462,0.6461538461538462,0.4011816864740091
mmau,mmau/mmau-f1ead136-481b-430d-a08f-1b285b75db68,mmau-f1ead136-481b-430d-a08f-1b285b75db68,0.6188385331682509,0.3811614668317491,20,medium,0.4638293121760502,0.4599999999999998,0.38
reasoning-gym,reasoning-gym/reasoning-gym-logic-aiw-hard0292e21f-seed45-0,reasoning-gym-logic-aiw-hard0292e21f-seed45-0,0.6191359577395866,0.38086404226041337,12,easy,0.8928809599429677,0.7777777499999999,0.3928371320861706
gaia,gaia/gaia-3cef3a44-215e-4aed-8e3b-b1e3f08063b7,gaia-3cef3a44-215e-4aed-8e3b-b1e3f08063b7,0.6197428260172099,0.38025717398279013,20,medium,0.5876620496367619,0.605,0.3636275567115342
algotune,algotune/algotune-set-cover,algotune-set-cover,0.620613446899769,0.37938655310023095,22,medium,0.3613095052166113,0.3590829669939563,0.2510269847841773
swebenchpro,swebenchpro/swebenchpro-instance_ansible__ansible-709484969c8a4ffd74b839a673431a8c5caa6457-vba6da65a0f3baefda7a058ebbd0a8dcafb8512f5,swebenchpro-instance_ansible__ansible-709484969c8a4ffd74b839a673431a8c5caa6457-vba6da65a0f3baefda7a058ebbd0a8dcafb8512f5,0.620740259845939,0.37925974015406105,20,medium,0.3580965218553671,0.34,0.3411744421846396
swebenchpro,swebenchpro/swebenchpro-instance_qutebrowser__qutebrowser-6b320dc18662580e1313d2548fdd6231d2a97e6d-v363c8a7e5ccdf6968fc7ab84a2053ac78036691d,swebenchpro-instance_qutebrowser__qutebrowser-6b320dc18662580e1313d2548fdd6231d2a97e6d-v363c8a7e5ccdf6968fc7ab84a2053ac78036691d,0.620740259845939,0.37925974015406105,20,medium,0.619213452819343,0.5800000000000001,0.3682390527904394
livecodebench,livecodebench/livecodebench-3763,livecodebench-3763,0.6211607406001817,0.37883925939981833,18,easy,0.7666539744382397,0.7194444444444444,0.370861942300519
reasoning-gym,reasoning-gym/reasoning-gym-algorithmic-group-anagrams-hard0292e21f-seed45-0,reasoning-gym-algorithmic-group-anagrams-hard0292e21f-seed45-0,0.6229819295537973,0.3770180704462027,12,medium,0.6864217840145203,0.5591666666666667,0.4598995965304698
seal0,seal0/seal0-21,seal0-21,0.6235060266914352,0.3764939733085648,26,frontier,0.0435897307692307,0.0435897307692307,0.1332593204341871
seal0,seal0/seal0-26,seal0-26,0.6235060266914352,0.3764939733085648,26,frontier,0.0173076923076923,0.0173076923076923,0.0603552108710585
seal0,seal0/seal0-15,seal0-15,0.623944332843676,0.376055667156324,26,medium,0.4955128461538461,0.4955128461538461,0.3898980280637186
mmau,mmau/mmau-f995bc92-74f6-4e69-94b8-bf6e073fa19f,mmau-f995bc92-74f6-4e69-94b8-bf6e073fa19f,0.6253104644936923,0.3746895355063077,20,medium,0.5162615948088256,0.51,0.3315116890850155
mmau,mmau/mmau-e3254a02-d2eb-45b1-a810-eaf6998498bc,mmau-e3254a02-d2eb-45b1-a810-eaf6998498bc,0.6253286292016775,0.37467137079832247,20,medium,0.3072111727772592,0.29,0.232163735324878
bfcl,bfcl/bfcl-live-multiple-196-88-0,bfcl-live-multiple-196-88-0,0.6255034058417207,0.3744965941582793,26,hard,0.2769230769230769,0.2769230769230769,0.3640664481907456
featurebench-modal,featurebench-modal/featurebench-modal-huggingface__transformers.e2e8dbed.test_modeling_swin2sr.f5cba486.lv2,featurebench-modal-huggingface__transformers.e2e8dbed.test_modeling_swin2sr.f5cba486.lv2,0.6260248771670514,0.37397512283294865,26,hard,0.073076923076923,0.073076923076923,0.1630424491863588
mmmlu,mmmlu/mmmlu-de-de-00023,mmmlu-de-de-00023,0.6269275659820696,0.37307243401793044,20,easy,0.8546867338642452,0.8125,0.3474860268973416
seal0,seal0/seal0-23,seal0-23,0.6271680185708628,0.3728319814291372,26,medium,0.6205128076923077,0.6205128076923077,0.3919954440288638
mmmlu,mmmlu/mmmlu-fr-fr-00055,mmmlu-fr-fr-00055,0.6272607860631733,0.37273921393682674,19,hard,0.1786577766818827,0.2412280526315789,0.3676370059502306
gaia,gaia/gaia-08cae58d-4084-4616-b6dd-dd6534e4825b,gaia-08cae58d-4084-4616-b6dd-dd6534e4825b,0.6275715906859222,0.37242840931407784,20,hard,0.2479812812668641,0.2575,0.278960122598195
featurebench-modal,featurebench-modal/featurebench-modal-sympy__sympy.c1097516.test_inverse.c240ffe7.lv1,featurebench-modal-sympy__sympy.c1097516.test_inverse.c240ffe7.lv1,0.6277443696647299,0.3722556303352701,26,hard,0.0628205,0.0628205,0.1858974172413894
bfcl,bfcl/bfcl-live-multiple-671-162-13,bfcl-live-multiple-671-162-13,0.6287163181643514,0.37128368183564864,26,easy,0.8384615384615385,0.8384615384615385,0.298814224608539
seal0,seal0/seal0-13,seal0-13,0.6289555125984392,0.3710444874015608,26,medium,0.4378205,0.4378205,0.3728659453457203
kumo,kumo/kumo-vehicleenv-t4-a6-v1-s1,kumo-vehicleenv-t4-a6-v1-s1,0.6293581173526339,0.3706418826473661,20,medium,0.6676745867511408,0.65083335,0.334060715497838
gpqa-diamond,gpqa-diamond/gpqa-diamond-164,gpqa-diamond-164,0.6294321700985956,0.37056782990140436,19,medium,0.6400272492461044,0.6333333157894736,0.3627381395645381
mmmlu,mmmlu/mmmlu-pt-br-00115,mmmlu-pt-br-00115,0.6305567709492421,0.3694432290507579,20,hard,0.2222001347706538,0.2875,0.3684379715622428
mmmlu,mmmlu/mmmlu-es-la-00043,mmmlu-es-la-00043,0.6305567709492421,0.3694432290507579,18,easy,0.7424934954195271,0.629629611111111,0.439400402032024
mmau,mmau/mmau-091aefd5-f784-4472-8257-e24b6d19e32b,mmau-091aefd5-f784-4472-8257-e24b6d19e32b,0.6305994890484892,0.36940051095151083,20,hard,0.120916710011002,0.1375,0.255868618630734
bfcl,bfcl/bfcl-multiple-190,bfcl-multiple-190,0.6311402154452348,0.3688597845547652,26,medium,0.676923076923077,0.676923076923077,0.3422860840197999
bfcl,bfcl/bfcl-simple-python-367,bfcl-simple-python-367,0.6311402154452348,0.3688597845547652,26,medium,0.6923076923076923,0.6923076923076923,0.3730570970148351
bigcodebench,bigcodebench/bigcodebench_129,bigcodebench_129,0.6314579695356509,0.3685420304643491,12,hard,0.1501577401762506,0.25,0.4330127018922193
mmau,mmau/mmau-31564584-4c55-4f17-b013-62afc898c135,mmau-31564584-4c55-4f17-b013-62afc898c135,0.6316790429596058,0.36832095704039425,20,frontier,0.0250653767246175,0.0325,0.1003431612019474
mmmlu,mmmlu/mmmlu-id-id-00073,mmmlu-id-id-00073,0.6317697371312594,0.3682302628687406,16,easy,0.9131490961925832,0.859375,0.2790714234295586
mmau,mmau/mmau-40acec85-b206-4c9f-9adc-744cd7ee5413,mmau-40acec85-b206-4c9f-9adc-744cd7ee5413,0.6325766734957999,0.36742332650420007,20,hard,0.2546174843899914,0.2799999999999999,0.2712931993250107
aider-polyglot,aider-polyglot/polyglot_javascript_grep,polyglot_javascript_grep,0.6326076060997229,0.3673923939002771,26,easy,0.7076923076923076,0.7076923076923076,0.3970303969404289
bixbench,bixbench/bix-12-q5,bix-12-q5,0.6333226811483297,0.3666773188516703,20,medium,0.6618803560430356,0.6100000000000001,0.4217819341792628
algotune,algotune/algotune-count-connected-components,algotune-count-connected-components,0.6333546907102734,0.3666453092897266,25,medium,0.4997513069000321,0.4987257290336455,0.188671375207401
seal0,seal0/seal0-103,seal0-103,0.6345645508424796,0.36543544915752035,26,hard,0.2833333461538462,0.2833333461538462,0.4003470839244888
algotune,algotune/algotune-max-clique-cpsat,algotune-max-clique-cpsat,0.6347427433177522,0.36525725668224784,24,medium,0.5941350629807455,0.5854131277192697,0.2719925234370801
bixbench,bixbench/bix-61-q2,bix-61-q2,0.6350578840423127,0.36494211595768733,20,medium,0.6223929200295495,0.5599999999999999,0.4586937976471886
gaia,gaia/gaia-00d579ea-0889-4fd9-a771-2c8d79835c8d,gaia-00d579ea-0889-4fd9-a771-2c8d79835c8d,0.6351504622521381,0.3648495377478619,20,hard,0.1109563466478079,0.12,0.1720465053408525
gaia,gaia/gaia-b2c257e0-3ad7-4f05-b8e3-d9da973be36e,gaia-b2c257e0-3ad7-4f05-b8e3-d9da973be36e,0.6354076486448151,0.36459235135518486,20,hard,0.095698594066426,0.1,0.204939015319192
aime,aime/aime_69,aime_69,0.6362495168823633,0.3637504831176367,19,easy,0.9096840210602052,0.8842105263157896,0.2455137639934863
seal0,seal0/seal0-19,seal0-19,0.636560528374194,0.36343947162580603,26,easy,0.723076923076923,0.723076923076923,0.3340401775785158
seal0,seal0/seal0-48,seal0-48,0.6366018592381433,0.3633981407618567,26,hard,0.0833333461538461,0.0833333461538461,0.1915412465901359
gaia,gaia/gaia-7619a514-5fa8-43ef-9143-83b66a43d7a4,gaia-7619a514-5fa8-43ef-9143-83b66a43d7a4,0.6370611325251336,0.36293886747486637,26,medium,0.6923076923076923,0.6923076923076923,0.3474335320195758
mmau,mmau/mmau-adcc613e-3c79-4478-8f08-d408984265a6,mmau-adcc613e-3c79-4478-8f08-d408984265a6,0.6377009137305376,0.3622990862694624,20,hard,0.2924899326698329,0.38,0.4377213725647857
replicationbench,replicationbench/replicationbench-galaxy_manifold__evolution_tracks,replicationbench-galaxy_manifold__evolution_tracks,0.6377570701517665,0.3622429298482335,17,medium,0.5732402516825272,0.5382352941176469,0.3968735951396
kumo,kumo/kumo-wildlifeenv-t4-a6-v1-s0,kumo-wildlifeenv-t4-a6-v1-s0,0.6379774885050294,0.36202251149497056,19,hard,0.2738583810683919,0.2675438421052631,0.3712817220292093
kumo,kumo/kumo-architecturalenv-t4-a6-v1-s1,kumo-architecturalenv-t4-a6-v1-s1,0.6379774885050294,0.36202251149497056,20,easy,0.7043629351611845,0.6966667,0.3579494194560315
bixbench,bixbench/bix-12-q3,bix-12-q3,0.6380347094202663,0.3619652905797337,20,medium,0.4580637215740518,0.45666665,0.3478665192602292
kumo,kumo/kumo-algorithmenv-t4-a6-v1-s1,kumo-algorithmenv-t4-a6-v1-s1,0.638333631645856,0.361666368354144,20,easy,0.8642313739562655,0.825,0.3269174207655505
replicationbench,replicationbench/replicationbench-bayes_cal__load_cal,replicationbench-bayes_cal__load_cal,0.6396897487139788,0.36031025128602123,17,medium,0.4913883857247291,0.5039215882352942,0.347471238620688
featurebench-modal,featurebench-modal/featurebench-modal-mlflow__mlflow.93dab383.test_dependencies_schema.7019486f.lv1,featurebench-modal-mlflow__mlflow.93dab383.test_dependencies_schema.7019486f.lv1,0.6405194102611232,0.35948058973887675,25,medium,0.3197993868002983,0.32466668,0.3902170453136787
mmmlu,mmmlu/mmmlu-de-de-00028,mmmlu-de-de-00028,0.6405682364591426,0.3594317635408574,19,medium,0.6703356527662259,0.627192947368421,0.4049839947591787
seal0,seal0/seal0-87,seal0-87,0.6409556038122031,0.35904439618779693,26,hard,0.0717948846153846,0.0717948846153846,0.1653001636893244
seal0,seal0/seal0-4,seal0-4,0.6409556038122031,0.35904439618779693,26,medium,0.3192307692307692,0.3192307692307692,0.3741855059985732
aider-polyglot,aider-polyglot/polyglot_java_satellite,polyglot_java_satellite,0.6413793103448273,0.3586206896551727,26,frontier,0.0153846153846153,0.0153846153846153,0.0769230769230769
crustbench,crustbench/crustbench-tisp,crustbench-tisp,0.6416226013740665,0.35837739862593354,26,hard,0.2884615384615384,0.2884615384615384,0.3400530762609804
aider-polyglot,aider-polyglot/polyglot_go_markdown,polyglot_go_markdown,0.6418641558667697,0.3581358441332303,26,easy,0.7461538461538463,0.7461538461538463,0.3066327911999192
simpleqa,simpleqa/simpleqa-1078,simpleqa-1078,0.6418889041959185,0.3581110958040815,20,medium,0.6270360936244779,0.62,0.3627671429443411
labbench,labbench/labbench-figqa-0094,labbench-figqa-0094,0.6433740548866813,0.3566259451133187,20,hard,0.2547984759998871,0.31,0.4023679907746141
gpqa-diamond,gpqa-diamond/gpqa-diamond-15,gpqa-diamond-15,0.6435029502861526,0.35649704971384744,19,medium,0.5172508915216388,0.5122806842105263,0.309916151648534
reasoning-gym,reasoning-gym/reasoning-gym-cognition-color-cube-rotation-hard0292e21f-seed45-2,reasoning-gym-cognition-color-cube-rotation-hard0292e21f-seed45-2,0.643736937342603,0.35626306265739704,12,medium,0.3605510225580606,0.4313889166666667,0.4528969823825757
algotune,algotune/algotune-randomized-svd,algotune-randomized-svd,0.6443129634526966,0.3556870365473034,22,hard,0.2058790028449451,0.2019785924996235,0.1816418819401818
gaia,gaia/gaia-ed58682d-bc52-4baa-9eb0-4eb81e1edacc,gaia-ed58682d-bc52-4baa-9eb0-4eb81e1edacc,0.6446980248877452,0.3553019751122548,26,medium,0.6846153846153845,0.6846153846153845,0.3515813809854289
kumo,kumo/kumo-virusclassificationenv-t4-a6-v1-s1,kumo-virusclassificationenv-t4-a6-v1-s1,0.644973079119296,0.355026920880704,19,easy,0.8886314546963769,0.868421052631579,0.2267166570804493
algotune,algotune/algotune-min-weight-assignment,algotune-min-weight-assignment,0.6451696491414365,0.3548303508585635,22,hard,0.0774026738843212,0.0764080041021708,0.0730646555247632
mmau,mmau/mmau-ddc7d4a4-054c-4fd2-9755-e96bc744a4ca,mmau-ddc7d4a4-054c-4fd2-9755-e96bc744a4ca,0.64570165238774,0.35429834761226,20,medium,0.3346734358492946,0.36,0.3136877428271624
algotune,algotune/algotune-kcenters,algotune-kcenters,0.6459789440420689,0.3540210559579311,24,hard,0.2393037456645115,0.2414967954811111,0.2293511409014566
algotune,algotune/algotune-graph-coloring-assign,algotune-graph-coloring-assign,0.6459789440420689,0.3540210559579311,24,hard,0.2572221876462367,0.2605695800680852,0.2605767594064356
seal0,seal0/seal0-90,seal0-90,0.6460843659537555,0.3539156340462445,26,hard,0.2179487307692307,0.2179487307692307,0.3069328420998712
seal0,seal0/seal0-66,seal0-66,0.6460843659537555,0.3539156340462445,26,medium,0.3794871923076923,0.3794871923076923,0.4104486818678778
swtbench,swtbench/swtbench-django__django-13590,swtbench-django__django-13590,0.6465501200399751,0.35344987996002486,14,hard,0.2653190422385459,0.2785714285714286,0.1858515975893955
swtbench,swtbench/swtbench-django__django-14373,swtbench-django__django-14373,0.6465501200399751,0.35344987996002486,13,medium,0.6997419136153951,0.7538461538461539,0.3053758960196801
simpleqa,simpleqa/simpleqa-354,simpleqa-354,0.6468172745633853,0.35318272543661466,20,saturated,0.9692232726527552,0.96,0.1356465996625053
simpleqa,simpleqa/simpleqa-1749,simpleqa-1749,0.6468172745633853,0.35318272543661466,20,frontier,0.0153970496697059,0.02,0.06
bixbench,bixbench/bix-24-q2,bix-24-q2,0.6470734917746171,0.35292650822538285,19,easy,0.7760292917574302,0.7561403684210527,0.241838137531177
labbench,labbench/labbench-figqa-0171,labbench-figqa-0171,0.6472422730965925,0.35275772690340745,13,frontier,0.0498544514747748,0.0923076923076923,0.1268647884805434
mmau,mmau/mmau-a92d62aa-ba19-428e-9d76-441355db5b20,mmau-a92d62aa-ba19-428e-9d76-441355db5b20,0.6476024834378532,0.3523975165621468,20,medium,0.371195371600102,0.35333335,0.2989611817982854
gaia,gaia/gaia-7bd855d8-463d-4ed5-93ca-5fe35145f733,gaia-7bd855d8-463d-4ed5-93ca-5fe35145f733,0.6490134604751774,0.3509865395248226,20,easy,0.7585159486283466,0.7,0.3924283374069716
strongreject,strongreject/strongreject_disinformation_and_deception_0045_pap_logical_appeal,strongreject_disinformation_and_deception_0045_pap_logical_appeal,0.6494817606095005,0.35051823939049953,20,easy,0.8634232768711064,0.86875,0.3031990888838553
replicationbench,replicationbench/replicationbench-galaxy_manifold__transformation_matrix,replicationbench-galaxy_manifold__transformation_matrix,0.6494920487127633,0.35050795128723666,17,hard,0.1589338570345302,0.1401960588235294,0.1454156305671155
mmmlu,mmmlu/mmmlu-ar-xy-00005,mmmlu-ar-xy-00005,0.6495624166971032,0.35043758330289676,18,easy,0.947419895543446,0.924074111111111,0.1506387228721194
algotune,algotune/algotune-sparse-pca,algotune-sparse-pca,0.6500271131996633,0.34997288680033667,14,medium,0.3429349561652955,0.3175549995210023,0.1976830430993378
algotune,algotune/algotune-eigenvectors-real,algotune-eigenvectors-real,0.6500729979751073,0.3499270020248927,15,hard,0.122983997241037,0.1569690149127279,0.262016007707071
bfcl,bfcl/bfcl-live-irrelevance-653-206-2,bfcl-live-irrelevance-653-206-2,0.6504142558423331,0.34958574415766686,26,medium,0.5846153846153845,0.5846153846153845,0.4035346784185847
swtbench,swtbench/swtbench-sympy__sympy-15875,swtbench-sympy__sympy-15875,0.6535738037549013,0.34642619624509874,18,medium,0.4174322635944594,0.387037,0.3771872706948396
labbench,labbench/labbench-figqa-0017,labbench-figqa-0017,0.6543798212063276,0.34562017879367235,13,hard,0.1318320962968683,0.2615384615384615,0.3270814096226046
simpleqa,simpleqa/simpleqa-813,simpleqa-813,0.6554518179499187,0.3445481820500813,20,saturated,0.9615320355810028,0.95,0.1774823934929885
algotune,algotune/algotune-eigenvectors-complex,algotune-eigenvectors-complex,0.6556809263218099,0.34431907367819015,13,frontier,0.01179407922666,0.0235313137086846,0.0815148618245676
swesmith,swesmith/swesmith-oauthlib__oauthlib.1fd52536.combine_file__0qgnxkrq,swesmith-oauthlib__oauthlib.1fd52536.combine_file__0qgnxkrq,0.6558727780191271,0.34412722198087287,18,hard,0.1519709801231663,0.1851851666666666,0.2419626993439392
algotune,algotune/algotune-pca,algotune-pca,0.6564553825678758,0.34354461743212417,20,medium,0.4263016723469448,0.4068051814996945,0.264995638637661
algotune,algotune/algotune-ode-hodgkinhuxley,algotune-ode-hodgkinhuxley,0.6564553825678758,0.34354461743212417,22,medium,0.4272916376135204,0.4109854634982577,0.3452132409348624
algotune,algotune/algotune-cvar-projection,algotune-cvar-projection,0.6565329450722881,0.3434670549277119,25,hard,0.2399217184737541,0.2395049680392085,0.2300037924576969
algotune,algotune/algotune-two-eigenvalues-around-0,algotune-two-eigenvalues-around-0,0.6566098764761399,0.3433901235238601,18,medium,0.4981807371024456,0.4605098393851599,0.3268122117672186
swtbench,swtbench/swtbench-matplotlib__matplotlib-24570,swtbench-matplotlib__matplotlib-24570,0.6567005160442094,0.3432994839557906,21,medium,0.5312268772926232,0.4952380952380952,0.3184429237581045
seal0,seal0/seal0-55,seal0-55,0.6568163158653892,0.34318368413461076,26,frontier,0.0307692307692307,0.0307692307692307,0.072160242458822
bigcodebench,bigcodebench/bigcodebench_454,bigcodebench_454,0.6569046313651563,0.3430953686348437,12,hard,0.2071059926449572,0.3333333333333333,0.4714045207910317
algotune,algotune/algotune-elementwise-integration,algotune-elementwise-integration,0.6570277872214524,0.3429722127785476,25,hard,0.0963729397785272,0.1001611816974133,0.1937433784527898
algotune,algotune/algotune-btsp,algotune-btsp,0.6570277872214524,0.3429722127785476,25,hard,0.1709838424680462,0.177776171880977,0.2372586477737034
replicationbench,replicationbench/replicationbench-lensing_dr6_growth__params,replicationbench-lensing_dr6_growth__params,0.6570772396695611,0.3429227603304389,17,hard,0.1019891910020799,0.1470588235294117,0.2003457219520753
reasoning-gym,reasoning-gym/reasoning-gym-arithmetic-fraction-simplification-hard0292e21f-seed45-0,reasoning-gym-arithmetic-fraction-simplification-hard0292e21f-seed45-0,0.6574377278912049,0.3425622721087951,12,saturated,0.963446823371087,0.9208333333333334,0.2625661292364691
seal0,seal0/seal0-6,seal0-6,0.6576279245603587,0.3423720754396413,26,hard,0.1173076923076923,0.1173076923076923,0.1946112039684744
gaia,gaia/gaia-1f975693-876d-457b-a649-393859e79bf3,gaia-1f975693-876d-457b-a649-393859e79bf3,0.6577143397138433,0.3422856602861567,20,hard,0.0551813496948753,0.0625,0.1312202347201071
gaia,gaia/gaia-ecbc4f94-95a3-4cc7-b255-6741a458a625,gaia-ecbc4f94-95a3-4cc7-b255-6741a458a625,0.6577143397138433,0.3422856602861567,20,hard,0.2223987564022629,0.215,0.2688401011754012
algotune,algotune/algotune-rbf-interpolation,algotune-rbf-interpolation,0.6588635707391164,0.3411364292608836,22,hard,0.0551640205409106,0.0498092167426861,0.1336571162917896
gpqa-diamond,gpqa-diamond/gpqa-diamond-33,gpqa-diamond-33,0.6588832069811634,0.3411167930188366,19,easy,0.8878760630070384,0.8605263157894738,0.2303830351278982
livecodebench,livecodebench/livecodebench-arc186_d,livecodebench-arc186_d,0.6599633370194528,0.34003666298054724,17,medium,0.6592581488353253,0.5745098235294117,0.4447999387859981
labbench,labbench/labbench-figqa-0033,labbench-figqa-0033,0.6602764357353137,0.3397235642646863,13,easy,0.901708162719102,0.8307692307692308,0.2583516249807179
mmau,mmau/mmau-239ec016-c087-4a7b-a64e-b99e4dece85e,mmau-239ec016-c087-4a7b-a64e-b99e4dece85e,0.6617734576533917,0.3382265423466083,20,hard,0.2226219389023307,0.24,0.3006659275674582
mmau,mmau/mmau-760e99b1-09aa-479b-b90d-c3c581076e0d,mmau-760e99b1-09aa-479b-b90d-c3c581076e0d,0.6617734576533917,0.3382265423466083,20,medium,0.5734806484805104,0.53,0.457274534606947
livecodebench,livecodebench/livecodebench-3308,livecodebench-3308,0.662849120348358,0.33715087965164203,18,medium,0.3757885196323925,0.4259259444444445,0.3843473910534687
bigcodebench,bigcodebench/bigcodebench_417,bigcodebench_417,0.6634536804883141,0.3365463195116859,13,hard,0.1040163760726256,0.1538461538461538,0.3608012122941099
swebench-multilingual,swebench-multilingual/swebench-multilingual-apache__lucene-12212,swebench-multilingual-apache__lucene-12212,0.6637996900999839,0.33620030990001615,14,medium,0.5323745251463643,0.5285714285714286,0.4056852409679762
algotune,algotune/algotune-water-filling,algotune-water-filling,0.6641699692818457,0.3358300307181543,22,easy,0.7979256785154948,0.7914373572453411,0.1734254117739782
seal0,seal0/seal0-25,seal0-25,0.6642380004276495,0.33576199957235053,26,frontier,0.025,0.025,0.0890656628993031
seal0,seal0/seal0-107,seal0-107,0.6642380004276495,0.33576199957235053,26,frontier,0.0307692307692307,0.0307692307692307,0.0910166120476864
mmau,mmau/mmau-96cb555e-3beb-4678-8731-a2d96bd06507,mmau-96cb555e-3beb-4678-8731-a2d96bd06507,0.664863402806215,0.33513659719378497,20,hard,0.292891518625228,0.33,0.3702701716314724
mmau,mmau/mmau-b79edaf7-c7f4-42f6-9535-69a68a425e8f,mmau-b79edaf7-c7f4-42f6-9535-69a68a425e8f,0.664863402806215,0.33513659719378497,20,hard,0.2924696919640492,0.3175,0.3148401622693649
reasoning-gym,reasoning-gym/reasoning-gym-algorithmic-binary-matrix-easy00cea0a5-seed45-0,reasoning-gym-algorithmic-binary-matrix-easy00cea0a5-seed45-0,0.6650768165059608,0.33492318349403916,12,medium,0.6519162287312683,0.6111110833333333,0.4212708763189979
usaco,usaco/usaco-812,usaco-812,0.6651866238880573,0.33481337611194273,19,medium,0.4127840832657924,0.4736842105263157,0.4114699007514119
featurebench-modal,featurebench-modal/featurebench-modal-mlflow__mlflow.93dab383.test_utils.3c9647bf.lv1,featurebench-modal-mlflow__mlflow.93dab383.test_utils.3c9647bf.lv1,0.6656878209460101,0.3343121790539899,25,hard,0.2535876893228109,0.26333332,0.4214261478994126
featurebench-modal,featurebench-modal/featurebench-modal-mlflow__mlflow.93dab383.test_trace_correlation.53c200a6.lv2,featurebench-modal-mlflow__mlflow.93dab383.test_trace_correlation.53c200a6.lv2,0.6656878209460101,0.3343121790539899,25,hard,0.2235114229638055,0.232,0.3836352434279207
algotune,algotune/algotune-max-independent-set-cpsat,algotune-max-independent-set-cpsat,0.6657399915437193,0.3342600084562807,26,medium,0.3490628395056098,0.3490628395056098,0.2737544986682323
algotune,algotune/algotune-markowitz,algotune-markowitz,0.6657399915437193,0.3342600084562807,26,hard,0.2810227376188321,0.2810227376188321,0.2776616535700279
crustbench,crustbench/crustbench-clhash,crustbench-clhash,0.667058661918368,0.33294133808163195,26,medium,0.6230769230769232,0.6230769230769232,0.3388983195678567
mmau,mmau/mmau-a68348a7-68ea-4c79-800c-7c870eb15f0a,mmau-a68348a7-68ea-4c79-800c-7c870eb15f0a,0.6670614877931027,0.3329385122068973,20,medium,0.555563337134257,0.5225,0.3523049105533444
bfcl,bfcl/bfcl-simple-javascript-42,bfcl-simple-javascript-42,0.6676790517028794,0.33232094829712056,26,easy,0.8384615384615385,0.8384615384615385,0.3138800886631256
bfcl,bfcl/bfcl-simple-javascript-7,bfcl-simple-javascript-7,0.6676790517028794,0.33232094829712056,26,easy,0.8769230769230769,0.8769230769230769,0.2721816309685251
gaia,gaia/gaia-04a04a9b-226c-43fd-b319-d5e89743676f,gaia-04a04a9b-226c-43fd-b319-d5e89743676f,0.6677307666365985,0.33226923336340153,26,hard,0.1846153846153846,0.1846153846153846,0.3034320449740925
seal0,seal0/seal0-49,seal0-49,0.6680542811219883,0.3319457188780117,26,medium,0.6089743846153847,0.6089743846153847,0.3871391594722136
gaia,gaia/gaia-2dfc4c37-fec1-4518-84a7-10095d30ad75,gaia-2dfc4c37-fec1-4518-84a7-10095d30ad75,0.6689412859346842,0.33105871406531584,20,frontier,0.0310252482407014,0.04,0.08
seal0,seal0/seal0-47,seal0-47,0.6691422772349577,0.33085772276504233,26,medium,0.3788461538461538,0.3788461538461538,0.3739531739821992
seal0,seal0/seal0-24,seal0-24,0.6691422772349577,0.33085772276504233,26,medium,0.3961538461538462,0.3961538461538462,0.4354315006013877
bixbench,bixbench/bix-47-q2,bix-47-q2,0.6693611607731909,0.33063883922680914,20,medium,0.559601017822883,0.5275000000000001,0.3096267914764483
bigcodebench,bigcodebench/bigcodebench_583,bigcodebench_583,0.6696582463527266,0.33034175364727336,12,hard,0.0925218516339796,0.1666666666666666,0.3726779962499649
bigcodebench,bigcodebench/bigcodebench_458,bigcodebench_458,0.6696582463527266,0.33034175364727336,12,easy,0.8292879101438826,0.6666666666666666,0.4714045207910317
crustbench,crustbench/crustbench-ltre,crustbench-ltre,0.6698118870527127,0.33018811294728734,26,medium,0.5673076923076923,0.5673076923076923,0.3728637376628428
gpqa-diamond,gpqa-diamond/gpqa-diamond-43,gpqa-diamond-43,0.6712682104476572,0.32873178955234283,17,saturated,0.9684232046475768,0.9529411764705882,0.1091013940646553
spider2,spider2/spider2-asana001,spider2-asana001,0.6713847389463088,0.3286152610536912,16,hard,0.0854521519634895,0.125,0.2727178028658928
reasoning-gym,reasoning-gym/reasoning-gym-algorithmic-number-filtering-hard0292e21f-seed45-2,reasoning-gym-algorithmic-number-filtering-hard0292e21f-seed45-2,0.6720725727329734,0.3279274272670266,20,easy,0.8657749059166993,0.83333335,0.2092313844102445
seal0,seal0/seal0-72,seal0-72,0.672415167255321,0.327584832744679,26,hard,0.1384615384615384,0.1384615384615384,0.2760670529988671
lawbench,lawbench/lawbench-2-1-17-zero-shot,lawbench-2-1-17-zero-shot,0.6725481817450784,0.32745181825492164,20,medium,0.3505972647635749,0.3461392499999999,0.1826496186163209
omnimath,omnimath/omnimath_2614,omnimath_2614,0.6727363431433134,0.32726365685668657,25,easy,0.8748644886789326,0.87,0.246576560118759
featurebench-modal,featurebench-modal/featurebench-modal-huggingface__trl.02a34777.test_data_utils.827a9d15.lv1,featurebench-modal-huggingface__trl.02a34777.test_data_utils.827a9d15.lv1,0.672906988753226,0.32709301124677403,25,hard,0.1038461563094808,0.108,0.2591061558512263
crustbench,crustbench/crustbench-rhbloom,crustbench-rhbloom,0.673865326318334,0.32613467368166604,26,medium,0.5378205,0.5378205,0.3801865808724458
bfcl,bfcl/bfcl-live-irrelevance-844-334-0,bfcl-live-irrelevance-844-334-0,0.6742582322189865,0.3257417677810135,26,saturated,0.976923076923077,0.976923076923077,0.0846153846153846
replicationbench,replicationbench/replicationbench-gw_cosmo__h0_scaling,replicationbench-gw_cosmo__h0_scaling,0.6742720393332216,0.32572796066677845,20,hard,0.2277819374493419,0.23,0.2551470164434614
gpqa-diamond,gpqa-diamond/gpqa-diamond-29,gpqa-diamond-29,0.6747078674368161,0.3252921325631839,17,medium,0.6000696678149671,0.5450980588235295,0.4387953224739258
featurebench-modal,featurebench-modal/featurebench-modal-sphinx-doc__sphinx.e347e59c.test_ext_doctest.530dec5f.lv1,featurebench-modal-sphinx-doc__sphinx.e347e59c.test_ext_doctest.530dec5f.lv1,0.6747830616313377,0.3252169383686623,26,hard,0.073076923076923,0.073076923076923,0.2140411396611773
bixbench,bixbench/bix-51-q2,bix-51-q2,0.6756128064046192,0.3243871935953808,20,easy,0.8631209703641705,0.85,0.1746424919657297
seal0,seal0/seal0-33,seal0-33,0.6757633567392352,0.32423664326076485,26,medium,0.3993589999999999,0.3993589999999999,0.3319355761677952
seal0,seal0/seal0-81,seal0-81,0.6757633567392352,0.32423664326076485,26,medium,0.6025641153846154,0.6025641153846154,0.3835198092872355
bfcl,bfcl/bfcl-live-multiple-134-51-0,bfcl-live-multiple-134-51-0,0.6758313158471386,0.3241686841528614,26,easy,0.9384615384615386,0.9384615384615386,0.1332346775052982
swtbench,swtbench/swtbench-matplotlib__matplotlib-24870,swtbench-matplotlib__matplotlib-24870,0.6758366980087838,0.32416330199121624,12,medium,0.3362227495303195,0.3666666666666667,0.2924988129130707
featurebench-modal,featurebench-modal/featurebench-modal-mlflow__mlflow.93dab383.test_unity_catalog_rest_store.f47a7d9f.lv1,featurebench-modal-mlflow__mlflow.93dab383.test_unity_catalog_rest_store.f47a7d9f.lv1,0.6763155153864352,0.3236844846135648,25,frontier,0.0461554662492766,0.048,0.1982321870938218
swe-lancer,swe-lancer/swe-lancer-15815-manager-0,swe-lancer-15815-manager-0,0.6764398971967859,0.3235601028032141,17,hard,0.0980050101596172,0.0941176470588235,0.2667243305589326
swe-lancer,swe-lancer/swe-lancer-26048-manager-0,swe-lancer-26048-manager-0,0.6764398971967859,0.3235601028032141,17,medium,0.332026985625089,0.3529411764705882,0.3727759886530555
swebench-multilingual,swebench-multilingual/swebench-multilingual-rubocop__rubocop-13424,swebench-multilingual-rubocop__rubocop-13424,0.6764517329418775,0.32354826705812245,15,hard,0.2057009352790612,0.3022222,0.4305838684311028
algotune,algotune/algotune-edge-expansion,algotune-edge-expansion,0.6765042088578921,0.3234957911421079,25,hard,0.2909843885651568,0.3025223394145642,0.3480312417652621
gpqa-diamond,gpqa-diamond/gpqa-diamond-145,gpqa-diamond-145,0.6766840572940829,0.3233159427059171,20,hard,0.091126934450592,0.10666665,0.1979337521046562
gpqa-diamond,gpqa-diamond/gpqa-diamond-99,gpqa-diamond-99,0.6766840572940829,0.3233159427059171,19,easy,0.8723923492824819,0.8263157894736842,0.3306168163060928
algotune,algotune/algotune-capacitated-facility-location,algotune-capacitated-facility-location,0.6769260695576906,0.32307393044230936,25,medium,0.5212467254527806,0.519758204587828,0.1659243276573792
bfcl,bfcl/bfcl-parallel-147,bfcl-parallel-147,0.6769670300226625,0.32303296997733755,26,easy,0.7461538461538461,0.7461538461538461,0.3307692307692307
bfcl,bfcl/bfcl-live-irrelevance-281-63-0,bfcl-live-irrelevance-281-63-0,0.6769670300226625,0.32303296997733755,26,easy,0.8461538461538461,0.8461538461538461,0.2790516484187239
labbench,labbench/labbench-figqa-0141,labbench-figqa-0141,0.6770046788845488,0.32299532111545115,13,hard,0.2075941898973239,0.2307692307692308,0.21973625933978
labbench,labbench/labbench-figqa-0021,labbench-figqa-0021,0.6779460966361981,0.3220539033638019,20,medium,0.5890948666821835,0.54,0.3746998799039039
lawbench,lawbench/lawbench-2-6-6-zero-shot,lawbench-2-6-6-zero-shot,0.6783842871199387,0.3216157128800613,19,medium,0.4279141526043905,0.4166510526315789,0.2305733563017643
mmmlu,mmmlu/mmmlu-yo-ng-00145,mmmlu-yo-ng-00145,0.6785458654136092,0.3214541345863908,17,easy,0.7878679697539285,0.6764705882352942,0.394904605984498
replicationbench,replicationbench/replicationbench-bayes_cal__hot_temp,replicationbench-bayes_cal__hot_temp,0.6786871966548695,0.32131280334513046,17,easy,0.7932681696237002,0.776470588235294,0.2818623188402574
crustbench,crustbench/crustbench-holdem-odds,crustbench-holdem-odds,0.6787570092592782,0.3212429907407218,23,medium,0.4468886615394465,0.4260869565217391,0.3925583770537639
bfcl,bfcl/bfcl-live-irrelevance-312-76-10,bfcl-live-irrelevance-312-76-10,0.6789146042562408,0.32108539574375916,26,saturated,0.9615384615384616,0.9615384615384616,0.1112064022676997
bfcl,bfcl/bfcl-irrelevance-161,bfcl-irrelevance-161,0.6789518464192418,0.3210481535807582,26,easy,0.9230769230769232,0.9230769230769232,0.1576453963993784
reasoning-gym,reasoning-gym/reasoning-gym-algebra-polynomial-equations-easy00cea0a5-seed45-2,reasoning-gym-algebra-polynomial-equations-easy00cea0a5-seed45-2,0.6796081048973104,0.3203918951026896,12,saturated,0.9707976973473108,0.9375,0.148779758927976
gaia,gaia/gaia-0383a3ee-47a7-41a4-b493-519bdefe0488,gaia-0383a3ee-47a7-41a4-b493-519bdefe0488,0.679868517987615,0.32013148201238495,26,medium,0.6769230769230768,0.6769230769230768,0.3682679754949484
gaia,gaia/gaia-e0c10771-d627-4fd7-9694-05348e54ee36,gaia-e0c10771-d627-4fd7-9694-05348e54ee36,0.679868517987615,0.32013148201238495,26,medium,0.4365384615384616,0.4365384615384616,0.4388704233833832
swebench-multilingual,swebench-multilingual/swebench-multilingual-hashicorp__terraform-34900,swebench-multilingual-hashicorp__terraform-34900,0.6799660285855448,0.3200339714144552,15,hard,0.0528792522458382,0.0666666666666666,0.2494438257849294
algotune,algotune/algotune-rotate-2d,algotune-rotate-2d,0.6809050224078609,0.3190949775921391,22,hard,0.0625135367176413,0.0591519976896863,0.151567621036954
seal0,seal0/seal0-10,seal0-10,0.6809453298412079,0.3190546701587921,26,medium,0.6923076923076923,0.6923076923076923,0.3647159874193753
mmmlu,mmmlu/mmmlu-sw-ke-00135,mmmlu-sw-ke-00135,0.6811658538015162,0.3188341461984838,16,medium,0.6299135058003694,0.5885416875,0.4119195766532768
crustbench,crustbench/crustbench-clog,crustbench-clog,0.6812712510127323,0.31872874898726766,24,medium,0.38362010117721,0.3868055416666666,0.3627626644429499
algotune,algotune/algotune-vertex-cover,algotune-vertex-cover,0.6813296858324376,0.3186703141675624,22,hard,0.2910868293549815,0.2851529284641385,0.2671238338464606
algotune,algotune/algotune-set-cover-conflicts,algotune-set-cover-conflicts,0.6815560348088995,0.3184439651911005,21,medium,0.3361966631316054,0.3446126720656083,0.1590547941554736
replicationbench,replicationbench/replicationbench-gw_nsbh__mtov_spin_2,replicationbench-gw_nsbh__mtov_spin_2,0.6818455447566468,0.3181544552433532,20,medium,0.6762886720182136,0.6300000000000001,0.364828726939094
gaia,gaia/gaia-ad37a656-079a-49f9-a493-7b739c9167d1,gaia-ad37a656-079a-49f9-a493-7b739c9167d1,0.6821649177716291,0.31783508222837087,20,medium,0.6974502474052525,0.6799999999999999,0.3429285639896449
mmau,mmau/mmau-0de9f80e-8070-4ede-845b-b41bfc9bdbf7,mmau-0de9f80e-8070-4ede-845b-b41bfc9bdbf7,0.6825661684102362,0.3174338315897638,20,hard,0.0595349275400843,0.06,0.128062484748657
mmau,mmau/mmau-1a5dd76a-7905-4a83-bd88-7ae26730656d,mmau-1a5dd76a-7905-4a83-bd88-7ae26730656d,0.6825661684102362,0.3174338315897638,20,frontier,0.0227401611334836,0.02,0.0871779788708134
omnimath,omnimath/omnimath_683,omnimath_683,0.6826605996909435,0.3173394003090565,25,medium,0.6306747428314154,0.6240000000000001,0.432
algotune,algotune/algotune-shortest-path-dijkstra,algotune-shortest-path-dijkstra,0.6827316892267015,0.31726831077329853,22,hard,0.2761086716047293,0.2722761402530114,0.2021328790016879
omnimath,omnimath/omnimath_3346,omnimath_3346,0.6827336328119583,0.3172663671880417,26,medium,0.4769230769230769,0.4769230769230769,0.3964338069761576
gpqa-diamond,gpqa-diamond/gpqa-diamond-57,gpqa-diamond-57,0.6834429089212437,0.3165570910787563,20,easy,0.93012694107205,0.91,0.1729161646579058
aime,aime/aime_i-14,aime_i-14,0.6835874444484277,0.3164125555515723,19,hard,0.2806037333523379,0.3289473684210526,0.3907872585441383
swebench-verified,swebench-verified/swebench-verified-django__django-16100,swebench-verified-django__django-16100,0.6836124448248941,0.31638755517510586,20,medium,0.6567718193330664,0.63,0.3648287269390939
algotune,algotune/algotune-qr-factorization,algotune-qr-factorization,0.6845550392005747,0.3154449607994253,16,hard,0.0898319409211585,0.1170198247662944,0.2217985033978283
mmmlu,mmmlu/mmmlu-id-id-00075,mmmlu-id-id-00075,0.6847591645480222,0.3152408354519778,19,hard,0.1871770583622507,0.254385947368421,0.3721614600607862
mmmlu,mmmlu/mmmlu-es-la-00045,mmmlu-es-la-00045,0.6847591645480222,0.3152408354519778,18,hard,0.190413988291703,0.2722222777777777,0.3658661893623595
bixbench,bixbench/bix-51-q1,bix-51-q1,0.6855539100176428,0.31444608998235724,20,easy,0.7962945682270703,0.76,0.2969474513931716
omnimath,omnimath/omnimath_1181,omnimath_1181,0.6856634428292606,0.3143365571707394,26,hard,0.123076923076923,0.123076923076923,0.2664693550105965
omnimath,omnimath/omnimath_4119,omnimath_4119,0.6856634428292606,0.3143365571707394,25,hard,0.2619734561309552,0.272,0.3747212297161718
livecodebench,livecodebench/livecodebench-3299,livecodebench-3299,0.6857277017034455,0.31427229829655445,18,easy,0.8668920765164561,0.8083333333333333,0.2495829855311989
featurebench-modal,featurebench-modal/featurebench-modal-sphinx-doc__sphinx.e347e59c.test_ext_intersphinx.04901873.lv1,featurebench-modal-sphinx-doc__sphinx.e347e59c.test_ext_intersphinx.04901873.lv1,0.6867345212566635,0.31326547874333655,26,hard,0.1448718076923077,0.1448718076923077,0.2901432690946398
featurebench-modal,featurebench-modal/featurebench-modal-mlflow__mlflow.93dab383.test_judge_tool_search_traces.cad8fc4b.lv1,featurebench-modal-mlflow__mlflow.93dab383.test_judge_tool_search_traces.cad8fc4b.lv1,0.6868370704323954,0.3131629295676046,25,frontier,0.0154556303570992,0.016,0.0542586398650021
spider2,spider2/spider2-f1003,spider2-f1003,0.6871980508644753,0.3128019491355247,16,easy,0.7262331877449059,0.684375,0.3863769006747168
spider2,spider2/spider2-mrr001,spider2-mrr001,0.6871980508644753,0.3128019491355247,16,easy,0.917944341054526,0.8666666875,0.2483277236503001
mmau,mmau/mmau-c678230c-6851-4232-827b-2dc545e975b5,mmau-c678230c-6851-4232-827b-2dc545e975b5,0.6872211599243688,0.31277884007563117,20,frontier,0.0158950901434574,0.02,0.0871779788708134
mmau,mmau/mmau-bc9a6036-2011-42af-bd0f-f1a62a69823a,mmau-bc9a6036-2011-42af-bd0f-f1a62a69823a,0.6872211599243688,0.31277884007563117,20,hard,0.0893123469276368,0.11,0.1609347693943108
featurebench-modal,featurebench-modal/featurebench-modal-mlflow__mlflow.93dab383.test_ai_command_utils.85dcb487.lv1,featurebench-modal-mlflow__mlflow.93dab383.test_ai_command_utils.85dcb487.lv1,0.6880178397672535,0.3119821602327465,25,hard,0.2309252424316767,0.24,0.3630426972134269
reasoning-gym,reasoning-gym/reasoning-gym-arc-arc-1d-hard0292e21f-seed45-2,reasoning-gym-arc-arc-1d-hard0292e21f-seed45-2,0.6882114714083085,0.3117885285916915,12,hard,0.1086251855350158,0.1416666666666666,0.2956865833201695
reasoning-gym,reasoning-gym/reasoning-gym-algebra-polynomial-multiplication-hard0292e21f-seed45-1,reasoning-gym-algebra-polynomial-multiplication-hard0292e21f-seed45-1,0.6882114714083085,0.3117885285916915,12,easy,0.8466533533732373,0.7708333333333334,0.3744208490752381
reasoning-gym,reasoning-gym/reasoning-gym-algorithmic-spell-backward-easy00cea0a5-seed45-2,reasoning-gym-algorithmic-spell-backward-easy00cea0a5-seed45-2,0.6883341754765345,0.3116658245234655,20,easy,0.8513153117963224,0.8292593,0.2021350597734346
simpleqa,simpleqa/simpleqa-1439,simpleqa-1439,0.688890134737756,0.31110986526224405,20,medium,0.4683567906124193,0.4599999999999999,0.3746998799039039
swebench-multilingual,swebench-multilingual/swebench-multilingual-projectlombok__lombok-3486,swebench-multilingual-projectlombok__lombok-3486,0.6902014390699348,0.3097985609300652,13,medium,0.5258242531878394,0.5384615384615384,0.4583221264543456
simpleqa,simpleqa/simpleqa-3563,simpleqa-3563,0.6903346767217544,0.3096653232782456,20,hard,0.1109643459627447,0.12,0.2135415650406262
reasoning-gym,reasoning-gym/reasoning-gym-arithmetic-gsm-symbolic-easy00cea0a5-seed45-2,reasoning-gym-arithmetic-gsm-symbolic-easy00cea0a5-seed45-2,0.6908043508429655,0.30919564915703446,12,easy,0.8841787472887284,0.7525,0.4286825748732971
mmau,mmau/mmau-fc224a87-54f8-4bed-9c3b-fd2190ec7bd2,mmau-fc224a87-54f8-4bed-9c3b-fd2190ec7bd2,0.6920921122766311,0.30790788772336886,20,medium,0.4009106049402667,0.41,0.3819685850956855
reasoning-gym,reasoning-gym/reasoning-gym-logic-propositional-logic-hard0292e21f-seed45-2,reasoning-gym-logic-propositional-logic-hard0292e21f-seed45-2,0.6923911656347173,0.30760883436528275,12,medium,0.5317068031826729,0.5520833333333334,0.4308976015894676
bfcl,bfcl/bfcl-live-multiple-563-155-3,bfcl-live-multiple-563-155-3,0.69269113271141,0.30730886728858997,26,hard,0.1846153846153846,0.1846153846153846,0.3504857153813698
bfcl,bfcl/bfcl-live-irrelevance-184-31-3,bfcl-live-irrelevance-184-31-3,0.69269113271141,0.30730886728858997,26,easy,0.7384615384615384,0.7384615384615384,0.3270814096226045
gpqa-diamond,gpqa-diamond/gpqa-diamond-87,gpqa-diamond-87,0.6926927338309304,0.30730726616906956,18,saturated,0.9845813989241052,0.977777777777778,0.0628539361054708
gpqa-diamond,gpqa-diamond/gpqa-diamond-74,gpqa-diamond-74,0.6926927338309304,0.30730726616906956,19,saturated,0.990342602989312,0.986842105263158,0.055824219567359
kumo,kumo/kumo-fantasyenv-t4-a6-v1-s0,kumo-fantasyenv-t4-a6-v1-s0,0.692745915235219,0.307254084764781,18,saturated,0.9871478064575266,0.9814815,0.0763537315280006
livecodebench,livecodebench/livecodebench-abc306_d,livecodebench-abc306_d,0.692806464706172,0.307193535293828,18,saturated,0.9845447596786426,0.977777777777778,0.0628539361054708
bfcl,bfcl/bfcl-live-multiple-48-18-3,bfcl-live-multiple-48-18-3,0.6928203230275509,0.3071796769724491,26,saturated,0.9846153846153848,0.9846153846153848,0.0532938710021192
kumo,kumo/kumo-relicenv-t4-a6-v1-s0,kumo-relicenv-t4-a6-v1-s0,0.6928266588983581,0.30717334110164185,19,easy,0.9229151067381826,0.8947368421052632,0.3068922049918579
humanevalfix,humanevalfix/humanevalfix-python-28,humanevalfix-python-28,0.692829341288902,0.30717065871109805,20,saturated,0.9846152357833206,0.98,0.0599999999999999
aime,aime/aime_73,aime_73,0.6930902635324999,0.3069097364675001,19,medium,0.6599756720779463,0.6236842105263158,0.3326007647286171
seal0,seal0/seal0-56,seal0-56,0.6931348139680036,0.3068651860319964,26,hard,0.0538461538461538,0.0538461538461538,0.1307692307692307
mmmlu,mmmlu/mmmlu-zh-cn-00124,mmmlu-zh-cn-00124,0.693148483665458,0.306851516334542,16,saturated,0.9807683942481488,0.96875,0.1210307295689817
replicationbench,replicationbench/replicationbench-abacus__ewald_force_comparison,replicationbench-abacus__ewald_force_comparison,0.6933384435947237,0.30666155640527626,17,hard,0.1988559308078846,0.2450980588235294,0.3458325755609413
featurebench-modal,featurebench-modal/featurebench-modal-lightning-ai__pytorch-lightning.126fa6f1.test_seed.1eaa1d46.lv1,featurebench-modal-lightning-ai__pytorch-lightning.126fa6f1.test_seed.1eaa1d46.lv1,0.6935352303720921,0.3064647696279079,26,hard,0.0961538461538461,0.0961538461538461,0.2248602458806687
featurebench-modal,featurebench-modal/featurebench-modal-mlflow__mlflow.93dab383.test_tracing.0dc1e3a3.lv1,featurebench-modal-mlflow__mlflow.93dab383.test_tracing.0dc1e3a3.lv1,0.6935415806145957,0.3064584193854043,25,hard,0.1713395563214498,0.178,0.2915750332247258
replicationbench,replicationbench/replicationbench-eht_resolve__eht_ring_size,replicationbench-eht_resolve__eht_ring_size,0.6937979595439832,0.30620204045601684,17,frontier,0.0428395549735278,0.0411764705882352,0.1239488676806204
algotune,algotune/algotune-kalman-filter,algotune-kalman-filter,0.6938875372569117,0.30611246274308834,24,medium,0.4693267314176647,0.4601334460499069,0.2814260963984846
algotune,algotune/algotune-articulation-points,algotune-articulation-points,0.6938875372569117,0.30611246274308834,26,medium,0.4516720437503704,0.4516720437503704,0.2244042824446803
algotune,algotune/algotune-optimal-advertising,algotune-optimal-advertising,0.6944801359756443,0.3055198640243557,22,hard,0.1224720105987802,0.1180937225429499,0.1475844326628008
mmau,mmau/mmau-9d66046d-9ad7-4fc4-a2a0-5f5a58ee0282,mmau-9d66046d-9ad7-4fc4-a2a0-5f5a58ee0282,0.6954262950573161,0.3045737049426839,20,hard,0.1005825593661086,0.1,0.1843908891458577
mmau,mmau/mmau-d36f3c53-149e-43ff-b08e-e68dc0f4319a,mmau-d36f3c53-149e-43ff-b08e-e68dc0f4319a,0.6954262950573161,0.3045737049426839,20,medium,0.6689483328066205,0.6758333000000001,0.3574009506143066
mmau,mmau/mmau-ac85ba57-edc0-4ccb-aa61-ce50f4af7650,mmau-ac85ba57-edc0-4ccb-aa61-ce50f4af7650,0.6956974717142005,0.3043025282857995,20,hard,0.2018139483841112,0.21,0.2233830790368867
mmau,mmau/mmau-4ef68d01-f537-44fc-bffe-9f05fa48e5cd,mmau-4ef68d01-f537-44fc-bffe-9f05fa48e5cd,0.6956974717142005,0.3043025282857995,20,medium,0.3413830302617305,0.36,0.3261901286060018
reasoning-gym,reasoning-gym/reasoning-gym-algorithmic-spell-backward-hard0292e21f-seed45-2,reasoning-gym-algorithmic-spell-backward-hard0292e21f-seed45-2,0.6966471530518829,0.30335284694811715,19,easy,0.8852383185313146,0.853801157894737,0.2636590261357835
reasoning-gym,reasoning-gym/reasoning-gym-arithmetic-leg-counting-easy00cea0a5-seed45-2,reasoning-gym-arithmetic-leg-counting-easy00cea0a5-seed45-2,0.6969212818918499,0.3030787181081501,20,medium,0.678099284311,0.635,0.3623189202898462
seal0,seal0/seal0-42,seal0-42,0.6977812804392717,0.3022187195607283,26,hard,0.0525641153846153,0.0525641153846153,0.1596398888615168
seal0,seal0/seal0-54,seal0-54,0.6977812804392717,0.3022187195607283,26,hard,0.1807692307692307,0.1807692307692307,0.282226068220456
mmau,mmau/mmau-70c271b0-0a05-4e68-929a-4d0c1c393044,mmau-70c271b0-0a05-4e68-929a-4d0c1c393044,0.6978255385827398,0.30217446141726023,20,hard,0.1131349091216224,0.12916665,0.2819512741099559
mmau,mmau/mmau-7bdc9998-3ded-4bd4-bbb9-f90258921e47,mmau-7bdc9998-3ded-4bd4-bbb9-f90258921e47,0.6978255385827398,0.30217446141726023,20,hard,0.149686711676269,0.1908333,0.3135581931635817
gpqa-diamond,gpqa-diamond/gpqa-diamond-187,gpqa-diamond-187,0.6978636915798402,0.3021363084201598,20,easy,0.940575560865983,0.92333335,0.1402774722549116
aider-polyglot,aider-polyglot/polyglot_javascript_house,polyglot_javascript_house,0.6979086197017986,0.3020913802982014,26,medium,0.3384615384615384,0.3384615384615384,0.4142434467026541
gpqa-diamond,gpqa-diamond/gpqa-diamond-157,gpqa-diamond-157,0.6979261288131119,0.3020738711868881,18,medium,0.490246292355867,0.4777777777777777,0.4625479621444144
featurebench-modal,featurebench-modal/featurebench-modal-mlflow__mlflow.93dab383.test_security.98fcde1d.lv1,featurebench-modal-mlflow__mlflow.93dab383.test_security.98fcde1d.lv1,0.6980861848257565,0.30191381517424354,25,hard,0.1618452735116479,0.168,0.3249246066397557
featurebench-modal,featurebench-modal/featurebench-modal-mlflow__mlflow.93dab383.test_client.42de781c.lv1,featurebench-modal-mlflow__mlflow.93dab383.test_client.42de781c.lv1,0.6980861848257565,0.30191381517424354,25,hard,0.1706681150656986,0.17733332,0.2853021716940437
featurebench-modal,featurebench-modal/featurebench-modal-mlflow__mlflow.93dab383.test_genai_eval_utils.2d5441f2.lv1,featurebench-modal-mlflow__mlflow.93dab383.test_genai_eval_utils.2d5441f2.lv1,0.6983886092577017,0.30161139074229826,25,hard,0.2234523923689424,0.2319999999999999,0.3328302870833722
swebench-multilingual,swebench-multilingual/swebench-multilingual-projectlombok__lombok-3674,swebench-multilingual-projectlombok__lombok-3674,0.699253809682737,0.300746190317263,14,hard,0.0723532770468539,0.1130952142857143,0.2665310895787309
swtbench,swtbench/swtbench-sphinx-doc__sphinx-8475,swtbench-sphinx-doc__sphinx-8475,0.6994137380631856,0.30058626193681437,12,hard,0.1132667406493972,0.2333333333333333,0.334995854037363
seal0,seal0/seal0-101,seal0-101,0.6996399637215878,0.30036003627841223,26,medium,0.4403846153846154,0.4403846153846154,0.3543735617985279
labbench,labbench/labbench-figqa-0176,labbench-figqa-0176,0.6996590477882856,0.3003409522117144,13,hard,0.1041443672978985,0.2,0.282842712474619
seal0,seal0/seal0-89,seal0-89,0.6998504383428307,0.30014956165716933,26,hard,0.2544871923076923,0.2544871923076923,0.285083515538331
livecodebench,livecodebench/livecodebench-abc343_a,livecodebench-abc343_a,0.700614288855377,0.299385711144623,18,medium,0.3004032857409315,0.3,0.3415650255319866
mmau,mmau/mmau-20cf7678-509c-41fc-9d1c-4a1f000513ee,mmau-20cf7678-509c-41fc-9d1c-4a1f000513ee,0.7008591023099477,0.29914089769005225,20,easy,0.8167553845945552,0.7899999999999999,0.2643860813280457
crustbench,crustbench/crustbench-kairocompiler,crustbench-kairocompiler,0.7013428830746847,0.29865711692531527,26,easy,0.7615384615384616,0.7615384615384616,0.282947294734608
swebench-multilingual,swebench-multilingual/swebench-multilingual-projectlombok__lombok-3602,swebench-multilingual-projectlombok__lombok-3602,0.7028610026180633,0.2971389973819367,15,medium,0.5799886356003423,0.6,0.4163331998932266
featurebench-modal,featurebench-modal/featurebench-modal-lightning-ai__pytorch-lightning.126fa6f1.test_wrappers.d88ce6f6.lv1,featurebench-modal-lightning-ai__pytorch-lightning.126fa6f1.test_wrappers.d88ce6f6.lv1,0.7031526623263732,0.2968473376736268,26,hard,0.0839743461538461,0.0839743461538461,0.1629378040586563
swtbench,swtbench/swtbench-scikit-learn__scikit-learn-10908,swtbench-scikit-learn__scikit-learn-10908,0.7031735127560239,0.2968264872439761,12,medium,0.5437239860854419,0.5375,0.2807170877116912
bixbench,bixbench/bix-9-q5,bix-9-q5,0.703186361103721,0.296813638896279,20,easy,0.7296831960017343,0.69916665,0.343287838369243
bixbench,bixbench/bix-30-q5,bix-30-q5,0.703186361103721,0.296813638896279,20,saturated,0.9691945642957444,0.96,0.0799999999999999
seal0,seal0/seal0-2,seal0-2,0.7036890398487563,0.2963109601512437,26,medium,0.5429487307692308,0.5429487307692308,0.4128847137727391
mmmlu,mmmlu/mmmlu-bn-bd-00016,mmmlu-bn-bd-00016,0.703938822308882,0.29606117769111795,18,easy,0.778125174201939,0.6796296111111111,0.4220963252035591
aider-polyglot,aider-polyglot/polyglot_javascript_transpose,polyglot_javascript_transpose,0.7041335500964979,0.2958664499035021,26,medium,0.4480769230769231,0.4480769230769231,0.4261817888645212
gaia,gaia/gaia-dd3c7503-f62a-4bd0-9f67-1b63b94194cc,gaia-dd3c7503-f62a-4bd0-9f67-1b63b94194cc,0.7043601758280267,0.2956398241719733,26,easy,0.7903846153846155,0.7903846153846155,0.2961351142927156
gaia,gaia/gaia-708b99c5-e4a7-49cb-a5cf-933c8d46470d,gaia-708b99c5-e4a7-49cb-a5cf-933c8d46470d,0.7047993553785653,0.2952006446214347,20,medium,0.3093713670909477,0.3025000000000001,0.3370738049745189
mmmlu,mmmlu/mmmlu-ko-kr-00105,mmmlu-ko-kr-00105,0.7050322058561235,0.2949677941438765,20,hard,0.0609289933732878,0.07916665,0.1997828470420508
mmmlu,mmmlu/mmmlu-ja-jp-00098,mmmlu-ja-jp-00098,0.7050807667057744,0.29491923329422565,17,easy,0.7557922206122818,0.627451,0.4373472178992743
mmmlu,mmmlu/mmmlu-fr-fr-00058,mmmlu-fr-fr-00058,0.7050807667057744,0.29491923329422565,17,easy,0.7355980222777287,0.6470588235294118,0.4027371746361515
mmau,mmau/mmau-d31affa7-10fa-4c28-81e3-185e2cae9c51,mmau-d31affa7-10fa-4c28-81e3-185e2cae9c51,0.705772735923886,0.294227264076114,20,medium,0.6118233704507159,0.62,0.3340658617698013
featurebench-modal,featurebench-modal/featurebench-modal-linkedin__liger-kernel.c856fbab.test_multi_token_attention.4c06a35b.lv1,featurebench-modal-linkedin__liger-kernel.c856fbab.test_multi_token_attention.4c06a35b.lv1,0.7058357329419825,0.29416426705801746,25,hard,0.2064214372161394,0.21466668,0.2978187570542487
bfcl,bfcl/bfcl-live-irrelevance-3-0-3,bfcl-live-irrelevance-3-0-3,0.7067191129659681,0.2932808870340319,26,saturated,0.953846153846154,0.953846153846154,0.1393136175098064
algotune,algotune/algotune-correlate-1d,algotune-correlate-1d,0.7072768511204559,0.2927231488795441,25,hard,0.1342245785408017,0.1395749819204137,0.1965630755852708
mmau,mmau/mmau-1910e3db-5030-4255-8b0d-053542050037,mmau-1910e3db-5030-4255-8b0d-053542050037,0.7075900599602453,0.29240994003975473,20,easy,0.8578017470770121,0.8366666500000001,0.2784680614042255
algotune,algotune/algotune-lti-simulation,algotune-lti-simulation,0.7083159019039462,0.2916840980960538,24,hard,0.2098893701185312,0.2272115448143357,0.3514367163801203
mmmlu,mmmlu/mmmlu-yo-ng-00143,mmmlu-yo-ng-00143,0.7087449325688069,0.2912550674311931,18,easy,0.8380627007940227,0.7685185555555556,0.3732526634258209
labbench,labbench/labbench-figqa-0161,labbench-figqa-0161,0.7089391214918611,0.2910608785081389,13,frontier,0.0239442178499862,0.0461538461538461,0.0842650088469486
reasoning-gym,reasoning-gym/reasoning-gym-cognition-figlet-font-hard0292e21f-seed45-2,reasoning-gym-cognition-figlet-font-hard0292e21f-seed45-2,0.7089514283293412,0.2910485716706588,12,hard,0.1381410466225632,0.1854166666666666,0.3670787715696122
lawbench,lawbench/lawbench-2-4-21-one-shot,lawbench-2-4-21-one-shot,0.7090364070701008,0.29096359292989915,19,medium,0.3448073319555904,0.3378947368421053,0.105360481324502
lawbench,lawbench/lawbench-2-5-19-zero-shot,lawbench-2-5-19-zero-shot,0.7090364070701008,0.29096359292989915,19,medium,0.6863021333955417,0.6661552631578949,0.2365463718254263
aider-polyglot,aider-polyglot/polyglot_javascript_grade-school,polyglot_javascript_grade-school,0.7091705899022712,0.2908294100977288,26,medium,0.6551281923076924,0.6551281923076924,0.3742733591509758
gaia,gaia/gaia-14569e28-c88c-43e4-8c32-097d35b9a67d,gaia-14569e28-c88c-43e4-8c32-097d35b9a67d,0.7094256944151784,0.29057430558482156,20,hard,0.2475903641586205,0.2700000000000001,0.2917190429162964
bigcodebench,bigcodebench/bigcodebench_1124,bigcodebench_1124,0.7097471042024037,0.2902528957975963,12,hard,0.1429965122644265,0.1666666666666666,0.372677996249965
reasoning-gym,reasoning-gym/reasoning-gym-games-puzzle24-hard0292e21f-seed45-2,reasoning-gym-games-puzzle24-hard0292e21f-seed45-2,0.7100579400263156,0.2899420599736844,20,easy,0.9098253030917516,0.8903000000000001,0.1720689106143233
aider-polyglot,aider-polyglot/polyglot_go_connect,polyglot_go_connect,0.7100834758094954,0.2899165241905046,26,medium,0.3288461538461539,0.3288461538461539,0.3299688437865346
seal0,seal0/seal0-31,seal0-31,0.7111898653389284,0.28881013466107164,26,medium,0.4006410384615385,0.4006410384615385,0.3410166138915185
featurebench-modal,featurebench-modal/featurebench-modal-sphinx-doc__sphinx.e347e59c.test_build_html.d253ea54.lv1,featurebench-modal-sphinx-doc__sphinx.e347e59c.test_build_html.d253ea54.lv1,0.7114948305912642,0.28850516940873583,26,hard,0.1057692307692307,0.1057692307692307,0.2558270611313443
mmau,mmau/mmau-382905b7-9d0c-4a6a-bf84-cc4635b65586,mmau-382905b7-9d0c-4a6a-bf84-cc4635b65586,0.7115615454152321,0.2884384545847679,20,easy,0.899864305753489,0.8699999999999999,0.2703701166919155
seal0,seal0/seal0-52,seal0-52,0.7117407755880782,0.28825922441192176,26,hard,0.0557692307692307,0.0557692307692307,0.107709476653388
simpleqa,simpleqa/simpleqa-975,simpleqa-975,0.7119805160879837,0.28801948391201626,20,easy,0.7765642482728464,0.76,0.2497999199359359
mmau,mmau/mmau-129ad635-80b3-4ed4-8b37-b163fa8f3a22,mmau-129ad635-80b3-4ed4-8b37-b163fa8f3a22,0.7120025750440455,0.2879974249559545,20,easy,0.7849295050780637,0.7700000000000002,0.3051229260478471
livecodebench,livecodebench/livecodebench-abc377_g,livecodebench-abc377_g,0.7124659505032125,0.2875340494967875,17,saturated,0.9826854456506648,0.973529411764706,0.0729980802705344
gaia,gaia/gaia-65afbc8a-89ca-4ad5-8d62-355bb401f61d,gaia-65afbc8a-89ca-4ad5-8d62-355bb401f61d,0.7135621419086277,0.28643785809137234,20,medium,0.6500665152709009,0.6200000000000001,0.357211421989835
algotune,algotune/algotune-lu-factorization,algotune-lu-factorization,0.7136967947945193,0.2863032052054807,23,frontier,0.0493675510168515,0.0557801113422333,0.1124582081202853
algotune,algotune/algotune-kd-tree,algotune-kd-tree,0.7136967947945193,0.2863032052054807,24,frontier,0.0429023286793955,0.0457134937334499,0.1234562086940498
mmmlu,mmmlu/mmmlu-sw-ke-00131,mmmlu-sw-ke-00131,0.7141701112158857,0.2858298887841143,17,hard,0.0782070580515334,0.1176470588235294,0.3221897397089212
aider-polyglot,aider-polyglot/polyglot_rust_doubly-linked-list,polyglot_rust_doubly-linked-list,0.7142649704847468,0.2857350295152532,26,medium,0.5615384615384615,0.5615384615384615,0.4188601043095993
mmmlu,mmmlu/mmmlu-sw-ke-00138,mmmlu-sw-ke-00138,0.7144608022413673,0.2855391977586327,19,medium,0.5513254276214605,0.5438596315789473,0.4583280949923158
gaia,gaia/gaia-676e5e31-a554-4acc-9286-b60d90a92d26,gaia-676e5e31-a554-4acc-9286-b60d90a92d26,0.7146085458332887,0.2853914541667113,20,hard,0.0772628610270703,0.08,0.1720465053408525
algotune,algotune/algotune-graph-laplacian,algotune-graph-laplacian,0.7150465932088375,0.28495340679116254,26,hard,0.1000513417753566,0.1000513417753566,0.1047492183452862
bfcl,bfcl/bfcl-live-simple-177-103-0,bfcl-live-simple-177-103-0,0.7151461804155022,0.28485381958449785,26,saturated,0.953846153846154,0.953846153846154,0.1393136175098064
bfcl,bfcl/bfcl-live-irrelevance-745-256-0,bfcl-live-irrelevance-745-256-0,0.7151461804155022,0.28485381958449785,26,hard,0.0692307692307692,0.0692307692307692,0.1995557195549668
spider2,spider2/spider2-google_play002,spider2-google_play002,0.7152361476096801,0.28476385239031987,17,hard,0.2611523285110071,0.360784294117647,0.4404743881113747
bigcodebench,bigcodebench/bigcodebench_445,bigcodebench_445,0.7160097453429319,0.28399025465706806,14,easy,0.7841924032875153,0.7857142857142857,0.410325903324145
featurebench-modal,featurebench-modal/featurebench-modal-pydata__xarray.97f3a746.test_backends_chunks.fa55f68a.lv1,featurebench-modal-pydata__xarray.97f3a746.test_backends_chunks.fa55f68a.lv1,0.7161626519023844,0.2838373480976156,26,hard,0.073076923076923,0.073076923076923,0.1783157985075318
featurebench-modal,featurebench-modal/featurebench-modal-mlflow__mlflow.93dab383.test_abstract_store.e5ff5123.lv1,featurebench-modal-mlflow__mlflow.93dab383.test_abstract_store.e5ff5123.lv1,0.7161626519023844,0.2838373480976156,24,hard,0.1695985372301725,0.1833333333333333,0.3077697552103231
simpleqa,simpleqa/simpleqa-3079,simpleqa-3079,0.7163623848767936,0.2836376151232064,20,saturated,0.9613256205450578,0.95,0.1244989959798873
algotune,algotune/algotune-generalized-eigenvectors-complex,algotune-generalized-eigenvectors-complex,0.7166326472683211,0.2833673527316789,25,hard,0.2895119618776239,0.2866906338794837,0.2087463154321391
bfcl,bfcl/bfcl-irrelevance-53,bfcl-irrelevance-53,0.7170011125872882,0.28299888741271184,26,medium,0.6230769230769231,0.6230769230769231,0.4199887290682676
bfcl,bfcl/bfcl-live-irrelevance-300-74-0,bfcl-live-irrelevance-300-74-0,0.7170011125872882,0.28299888741271184,26,easy,0.7846153846153846,0.7846153846153846,0.2412982637132018
reasoning-gym,reasoning-gym/reasoning-gym-algorithmic-sentence-reordering-easy00cea0a5-seed45-2,reasoning-gym-algorithmic-sentence-reordering-easy00cea0a5-seed45-2,0.7176486873725675,0.2823513126274325,12,hard,0.1169421894581945,0.1315359166666666,0.1657359891752836
aider-polyglot,aider-polyglot/polyglot_python_robot-name,polyglot_python_robot-name,0.718318896374719,0.281681103625281,26,medium,0.4692307692307692,0.4692307692307692,0.4294623031448572
gaia,gaia/gaia-b415aba4-4b68-4fc6-9b89-2c812e55a3e1,gaia-b415aba4-4b68-4fc6-9b89-2c812e55a3e1,0.7185682309668293,0.2814317690331707,20,hard,0.2070175367954189,0.2475,0.3699577678600625
swebench-multilingual,swebench-multilingual/swebench-multilingual-php-cs-fixer__php-cs-fixer-7635,swebench-multilingual-php-cs-fixer__php-cs-fixer-7635,0.7193671631128923,0.2806328368871077,14,hard,0.1595831568761269,0.2464285714285714,0.3781837637758573
featurebench-modal,featurebench-modal/featurebench-modal-huggingface__transformers.e2e8dbed.test_tokenization_prophetnet.ca02e775.lv1,featurebench-modal-huggingface__transformers.e2e8dbed.test_tokenization_prophetnet.ca02e775.lv1,0.7195936919910497,0.2804063080089503,25,frontier,0.0309254479155455,0.032,0.0926066952223218
mmau,mmau/mmau-5e398782-d659-4b0c-bc19-ac3cfbd9a113,mmau-5e398782-d659-4b0c-bc19-ac3cfbd9a113,0.7199463659720606,0.28005363402793937,20,medium,0.6928730204730752,0.7000000000000001,0.3435112807463533
seal0,seal0/seal0-30,seal0-30,0.7203299258430853,0.2796700741569147,26,hard,0.0948718076923077,0.0948718076923077,0.1850600455178762
bfcl,bfcl/bfcl-live-irrelevance-179-30-0,bfcl-live-irrelevance-179-30-0,0.7205546697533721,0.2794453302466279,26,medium,0.4846153846153846,0.4846153846153846,0.3849998078843753
bfcl,bfcl/bfcl-live-irrelevance-615-195-3,bfcl-live-irrelevance-615-195-3,0.7205546697533721,0.2794453302466279,26,medium,0.5230769230769231,0.5230769230769231,0.4116642510849124
gaia,gaia/gaia-db4fd70a-2d37-40ea-873f-9433dc5e301f,gaia-db4fd70a-2d37-40ea-873f-9433dc5e301f,0.7210459757328477,0.2789540242671523,20,medium,0.3965427051980835,0.3725,0.2690144048187754
seal0,seal0/seal0-0,seal0-0,0.7215713516332597,0.2784286483667403,26,hard,0.2666666538461538,0.2666666538461538,0.3834169340276319
mmmlu,mmmlu/mmmlu-ko-kr-00103,mmmlu-ko-kr-00103,0.7218998899497693,0.2781001100502307,16,easy,0.8577644464782672,0.770833375,0.385838721614659
gpqa-diamond,gpqa-diamond/gpqa-diamond-69,gpqa-diamond-69,0.7221296360174316,0.27787036398256837,19,medium,0.4521921400626257,0.4631578947368421,0.3989598664894152
gpqa-diamond,gpqa-diamond/gpqa-diamond-88,gpqa-diamond-88,0.7221296360174316,0.27787036398256837,19,medium,0.554799753359059,0.5438596315789473,0.3721366621160353
aider-polyglot,aider-polyglot/polyglot_python_list-ops,polyglot_python_list-ops,0.7221968913712005,0.27780310862879953,26,hard,0.1153846153846153,0.1153846153846153,0.2552409234313393
aider-polyglot,aider-polyglot/polyglot_go_paasio,polyglot_go_paasio,0.7221968913712005,0.27780310862879953,26,hard,0.1153846153846153,0.1153846153846153,0.2783085002327007
gpqa-diamond,gpqa-diamond/gpqa-diamond-142,gpqa-diamond-142,0.7224632228409453,0.27753677715905467,19,medium,0.4490516879551842,0.4447368421052631,0.4106781095886301
mmmlu,mmmlu/mmmlu-ko-kr-00104,mmmlu-ko-kr-00104,0.722712162136424,0.277287837863576,19,easy,0.8704150785369855,0.8228070000000001,0.3093197173389236
replicationbench,replicationbench/replicationbench-abacus__lattice_force_error,replicationbench-abacus__lattice_force_error,0.7244191639689543,0.27558083603104566,17,medium,0.3552248684193669,0.388235294117647,0.3672350632707908
medagentbench,medagentbench/medagentbench-task10_30,medagentbench-task10_30,0.7246919555402737,0.27530804445972634,20,medium,0.4897944761522661,0.4600000000000001,0.3168595903550972
mmmlu,mmmlu/mmmlu-it-it-00088,mmmlu-it-it-00088,0.7251628912352133,0.27483710876478673,19,easy,0.82670060719417,0.763157842105263,0.364008727432861
gpqa-diamond,gpqa-diamond/gpqa-diamond-9,gpqa-diamond-9,0.7251737465381829,0.2748262534618171,19,saturated,0.961534190453049,0.9473684210526316,0.1568385729026457
mmmlu,mmmlu/mmmlu-it-it-00081,mmmlu-it-it-00081,0.7252102568025052,0.27478974319749483,17,medium,0.3322373725263494,0.4117647058823529,0.4613055041575918
mmau,mmau/mmau-ba6bc9de-0ace-4ea9-b102-79f024dd3e25,mmau-ba6bc9de-0ace-4ea9-b102-79f024dd3e25,0.7254215237913844,0.27457847620861564,20,easy,0.7453603255140758,0.71,0.3713488925525428
gaia,gaia/gaia-e961a717-6b25-4175-8a68-874d28190ee4,gaia-e961a717-6b25-4175-8a68-874d28190ee4,0.7258902008212164,0.27410979917878364,20,easy,0.7868388831185924,0.7875000000000001,0.2645160675649023
swebench-multilingual,swebench-multilingual/swebench-multilingual-projectlombok__lombok-3697,swebench-multilingual-projectlombok__lombok-3697,0.7263136168789123,0.27368638312108773,14,medium,0.5639823391218044,0.5428571428571428,0.4419345228073719
swtbench,swtbench/swtbench-django__django-14631,swtbench-django__django-14631,0.7268123854445266,0.27318761455547336,13,hard,0.1953042984650113,0.2153846153846154,0.2769230769230769
gpqa-diamond,gpqa-diamond/gpqa-diamond-13,gpqa-diamond-13,0.7272152612014563,0.2727847387985437,19,easy,0.9188750644501786,0.8894736842105262,0.2531792309643304
bigcodebench,bigcodebench/bigcodebench_560,bigcodebench_560,0.7272706855097764,0.27272931449022364,13,hard,0.1141646069054955,0.1538461538461538,0.3608012122941099
omnimath,omnimath/omnimath_1354,omnimath_1354,0.7275214860813513,0.27247851391864875,26,easy,0.7115384615384616,0.7115384615384616,0.335498392839121
labbench,labbench/labbench-figqa-0091,labbench-figqa-0091,0.7278920344328612,0.2721079655671388,13,hard,0.2325329521627479,0.2461538461538462,0.2951280937423212
algotune,algotune/algotune-ode-brusselator,algotune-ode-brusselator,0.7282370878372311,0.27176291216276893,23,medium,0.510875995730795,0.4808434753353867,0.3473965599735056
kumo,kumo/kumo-sorcererenv-t4-a6-v1-s0,kumo-sorcererenv-t4-a6-v1-s0,0.728288747689021,0.27171125231097903,17,hard,0.204681922699522,0.2794117647058823,0.3417338246653603
labbench,labbench/labbench-figqa-0109,labbench-figqa-0109,0.7284146095076651,0.2715853904923349,20,hard,0.0712997029945285,0.09,0.1946792233393178
algotune,algotune/algotune-robust-linear-program,algotune-robust-linear-program,0.7290419253529314,0.27095807464706856,22,hard,0.2259462299480214,0.2332602431530776,0.2587045000464981
gpqa-diamond,gpqa-diamond/gpqa-diamond-158,gpqa-diamond-158,0.7294353066217928,0.2705646933782072,19,easy,0.7628062973857929,0.7552631578947369,0.3026226990815396
reasoning-gym,reasoning-gym/reasoning-gym-algorithmic-binary-matrix-easy00cea0a5-seed45-2,reasoning-gym-algorithmic-binary-matrix-easy00cea0a5-seed45-2,0.7300358181494994,0.26996418185050064,12,medium,0.6287420440273356,0.5416666666666666,0.4768967975941499
reasoning-gym,reasoning-gym/reasoning-gym-code-bf-hard0292e21f-seed45-0,reasoning-gym-code-bf-hard0292e21f-seed45-0,0.7301771471860141,0.2698228528139859,12,medium,0.5287974518890759,0.5305555000000001,0.4217376865239616
mmau,mmau/mmau-e6e02fec-0241-40d6-a0f5-7d79d60b9649,mmau-e6e02fec-0241-40d6-a0f5-7d79d60b9649,0.7304159872079511,0.2695840127920489,20,medium,0.6075825317807323,0.59,0.3433656942677879
mmau,mmau/mmau-8c63d22f-b37e-4873-aef6-c6b44bbc36e6,mmau-8c63d22f-b37e-4873-aef6-c6b44bbc36e6,0.7304159872079511,0.2695840127920489,20,medium,0.6425248721037969,0.61,0.3973663297261106
reasoning-gym,reasoning-gym/reasoning-gym-algorithmic-cryptarithm-hard0292e21f-seed45-0,reasoning-gym-algorithmic-cryptarithm-hard0292e21f-seed45-0,0.7306129987759913,0.2693870012240087,12,hard,0.2023856216065343,0.2725,0.3997733733004238
swebench-multilingual,swebench-multilingual/swebench-multilingual-caddyserver__caddy-4774,swebench-multilingual-caddyserver__caddy-4774,0.730685278833709,0.26931472116629096,15,medium,0.3084397118977743,0.3533333333333334,0.4141569035290315
seal0,seal0/seal0-94,seal0-94,0.7307485739856504,0.2692514260143496,25,medium,0.6500480339956177,0.6399999999999999,0.3532704346531138
gaia,gaia/gaia-cabe07ed-9eca-40ea-8ead-410ef5e83f91,gaia-cabe07ed-9eca-40ea-8ead-410ef5e83f91,0.7311321056952658,0.26886789430473423,20,medium,0.4453553705579841,0.45,0.3681032463861193
gpqa-diamond,gpqa-diamond/gpqa-diamond-127,gpqa-diamond-127,0.7312565761575679,0.2687434238424321,18,medium,0.6961426922641519,0.6648148333333332,0.3604647587743495
bigcodebench,bigcodebench/bigcodebench_492,bigcodebench_492,0.7312927137648751,0.26870728623512485,15,medium,0.3096913910081718,0.4,0.4898979485566356
mmmlu,mmmlu/mmmlu-pt-br-00118,mmmlu-pt-br-00118,0.7316354503199061,0.26836454968009393,19,easy,0.7882481795882652,0.7105263157894737,0.4076824574955175
reasoning-gym,reasoning-gym/reasoning-gym-algorithmic-rotten-oranges-hard0292e21f-seed45-1,reasoning-gym-algorithmic-rotten-oranges-hard0292e21f-seed45-1,0.731896679422668,0.268103320577332,20,medium,0.6390455977511843,0.65,0.3788139384975162
reasoning-gym,reasoning-gym/reasoning-gym-algorithmic-caesar-cipher-easy00cea0a5-seed45-2,reasoning-gym-algorithmic-caesar-cipher-easy00cea0a5-seed45-2,0.731896679422668,0.268103320577332,20,medium,0.6791461258084426,0.6863424499999999,0.2922035321635375
algotune,algotune/algotune-minimum-volume-ellipsoid,algotune-minimum-volume-ellipsoid,0.7320175900839978,0.2679824099160022,21,hard,0.1437639388727307,0.1452531016377175,0.2007142070471532
swesmith,swesmith/swesmith-oauthlib__oauthlib.1fd52536.combine_file__dq69f6h1,swesmith-oauthlib__oauthlib.1fd52536.combine_file__dq69f6h1,0.7320329020897469,0.2679670979102531,18,hard,0.0540065817398324,0.0555555555555555,0.111665284679121
swesmith,swesmith/swesmith-oauthlib__oauthlib.1fd52536.combine_file__kruun5qz,swesmith-oauthlib__oauthlib.1fd52536.combine_file__kruun5qz,0.7320329020897469,0.2679670979102531,17,hard,0.0844574024514864,0.0823529411764705,0.2478977353612409
aider-polyglot,aider-polyglot/polyglot_python_go-counting,polyglot_python_go-counting,0.7321563359536973,0.26784366404630267,26,hard,0.0769230769230769,0.0769230769230769,0.1760849714193784
aider-polyglot,aider-polyglot/polyglot_python_tree-building,polyglot_python_tree-building,0.7321563359536973,0.26784366404630267,26,frontier,0.0384615384615384,0.0384615384615384,0.0963843391241666
seal0,seal0/seal0-98,seal0-98,0.7327127464632764,0.26728725353672356,26,medium,0.4935897692307692,0.4935897692307692,0.3715605039381781
seal0,seal0/seal0-12,seal0-12,0.7327127464632764,0.26728725353672356,26,medium,0.5923076923076923,0.5923076923076923,0.4030394873984022
simpleqa,simpleqa/simpleqa-2192,simpleqa-2192,0.7327164831044932,0.2672835168955068,20,easy,0.8960996148602068,0.865,0.2372235232855291
mmau,mmau/mmau-1ee237cc-3520-4e79-9644-195a5abc8581,mmau-1ee237cc-3520-4e79-9644-195a5abc8581,0.733325640004537,0.26667435999546296,20,easy,0.8170208186765853,0.7875,0.318541598539343
labbench,labbench/labbench-figqa-0009,labbench-figqa-0009,0.7338046162365068,0.26619538376349317,13,medium,0.3819985794185214,0.3846153846153847,0.3084605793194372
gpqa-diamond,gpqa-diamond/gpqa-diamond-113,gpqa-diamond-113,0.7339250802628668,0.26607491973713315,20,medium,0.3450499462309096,0.3675,0.4129996973364508
gpqa-diamond,gpqa-diamond/gpqa-diamond-102,gpqa-diamond-102,0.7347326251436908,0.26526737485630925,20,hard,0.2078799226667566,0.2,0.2097617696340303
gpqa-diamond,gpqa-diamond/gpqa-diamond-30,gpqa-diamond-30,0.7348815754453095,0.2651184245546905,20,medium,0.467719448767745,0.45833335,0.410673574414312
featurebench-modal,featurebench-modal/featurebench-modal-huggingface__transformers.e2e8dbed.test_modeling_vits.6379a2ba.lv2,featurebench-modal-huggingface__transformers.e2e8dbed.test_modeling_vits.6379a2ba.lv2,0.7350314612585109,0.26496853874148907,26,hard,0.0711538461538461,0.0711538461538461,0.1394860600445276
featurebench-modal,featurebench-modal/featurebench-modal-huggingface__transformers.e2e8dbed.test_modeling_speech_to_text.e53c8eb4.lv2,featurebench-modal-huggingface__transformers.e2e8dbed.test_modeling_speech_to_text.e53c8eb4.lv2,0.7350314612585109,0.26496853874148907,26,hard,0.1576923076923077,0.1576923076923077,0.2666358463451848
swebench-multilingual,swebench-multilingual/swebench-multilingual-projectlombok__lombok-3594,swebench-multilingual-projectlombok__lombok-3594,0.7356419948095217,0.26435800519047825,14,medium,0.5146528521183333,0.5,0.4629100498862757
mmau,mmau/mmau-25941a11-499f-420c-a65c-26417a8378b4,mmau-25941a11-499f-420c-a65c-26417a8378b4,0.7358668825275703,0.26413311747242973,20,easy,0.7718645125820507,0.7533333500000001,0.2944674994328364
algotune,algotune/algotune-firls,algotune-firls,0.7363753041243485,0.2636246958756515,25,hard,0.1447270082928233,0.1503837356179611,0.3237190812611779
swebench-multilingual,swebench-multilingual/swebench-multilingual-prometheus__prometheus-15142,swebench-multilingual-prometheus__prometheus-15142,0.7366605550520247,0.26333944494797534,14,medium,0.387059630250636,0.3738095,0.3840425289716808
swebench-multilingual,swebench-multilingual/swebench-multilingual-caddyserver__caddy-6411,swebench-multilingual-caddyserver__caddy-6411,0.7366605550520247,0.26333944494797534,14,hard,0.1722932176798995,0.2380952142857142,0.4068573156322178
reasoning-gym,reasoning-gym/reasoning-gym-cognition-color-cube-rotation-hard0292e21f-seed45-0,reasoning-gym-cognition-color-cube-rotation-hard0292e21f-seed45-0,0.7370343759786103,0.2629656240213897,12,medium,0.4851566938669484,0.4536110833333333,0.4332103713184966
reasoning-gym,reasoning-gym/reasoning-gym-arithmetic-bitwise-arithmetic-hard0292e21f-seed45-2,reasoning-gym-arithmetic-bitwise-arithmetic-hard0292e21f-seed45-2,0.7370343759786103,0.2629656240213897,12,medium,0.575627274831966,0.54722225,0.3104532138565394
lawbench,lawbench/lawbench-3-6-18-one-shot,lawbench-3-6-18-one-shot,0.7372736016282164,0.2627263983717836,20,medium,0.6613688082008031,0.655,0.1697203582367183
aime,aime/aime_82,aime_82,0.7373939305156377,0.26260606948436227,20,easy,0.8140101232071717,0.8008333499999999,0.2429263056406767
aime,aime/aime_71,aime_71,0.7373939305156377,0.26260606948436227,20,easy,0.8819687616538362,0.8700000000000001,0.2027313493271329
bfcl,bfcl/bfcl-simple-python-161,bfcl-simple-python-161,0.7376774001883152,0.2623225998116848,26,easy,0.9307692307692306,0.9307692307692306,0.1658758357911371
bfcl,bfcl/bfcl-parallel-multiple-67,bfcl-parallel-multiple-67,0.7376774001883152,0.2623225998116848,26,saturated,0.9615384615384616,0.9615384615384616,0.0788226981996892
algotune,algotune/algotune-base64-encoding,algotune-base64-encoding,0.7377468822922738,0.2622531177077262,25,frontier,0.0460494349177256,0.0478911933852428,0.1485058181374186
algotune,algotune/algotune-sha256-hashing,algotune-sha256-hashing,0.7377468822922738,0.2622531177077262,26,frontier,0.0350526151781129,0.0350526151781129,0.1723308024106614
crustbench,crustbench/crustbench-remimu,crustbench-remimu,0.7381455704747406,0.2618544295252594,22,easy,0.7187464171792948,0.6992424090909091,0.3442338041427735
bixbench,bixbench/bix-8-q7,bix-8-q7,0.7381866967721942,0.2618133032278058,20,hard,0.166427914203376,0.1825,0.2093292860542929
bixbench,bixbench/bix-8-q3,bix-8-q3,0.7381866967721942,0.2618133032278058,20,medium,0.6356437429717328,0.63083335,0.3168541130744991
bfcl,bfcl/bfcl-live-irrelevance-641-203-1,bfcl-live-irrelevance-641-203-1,0.7387784856055641,0.26122151439443586,26,easy,0.8153846153846155,0.8153846153846155,0.2878197989826108
aider-polyglot,aider-polyglot/polyglot_python_react,polyglot_python_react,0.7388323144057172,0.26116768559428283,26,medium,0.3615384615384615,0.3615384615384615,0.3883663249650566
medagentbench,medagentbench/medagentbench-task10_5,medagentbench-task10_5,0.7392821321500788,0.26071786784992124,20,medium,0.3712589662454876,0.35,0.3154362059117501
aider-polyglot,aider-polyglot/polyglot_java_pov,polyglot_java_pov,0.739474900363645,0.26052509963635495,26,hard,0.2480769230769231,0.2480769230769231,0.3476516739360427
mmau,mmau/mmau-13cd0db2-cb58-4141-886c-398f59a874cd,mmau-13cd0db2-cb58-4141-886c-398f59a874cd,0.739522432404135,0.26047756759586504,20,easy,0.7800430302198856,0.7500000000000001,0.33391615714128
algotune,algotune/algotune-psd-cone-projection,algotune-psd-cone-projection,0.7405989382908408,0.2594010617091592,14,medium,0.4809486182828145,0.4650916542932004,0.2033881371201986
arc-agi-2,arc-agi-2/arc-agi-2-62593bfd_1,arc-agi-2-62593bfd_1,0.7411568399917086,0.25884316000829144,20,frontier,0.0435492369200024,0.04,0.12
seal0,seal0/seal0-62,seal0-62,0.7414989042310608,0.2585010957689392,26,medium,0.5544871923076923,0.5544871923076923,0.3923836271198045
seal0,seal0/seal0-86,seal0-86,0.7425870294261021,0.2574129705738979,26,medium,0.4576923076923077,0.4576923076923077,0.4280304418748713
swebench-multilingual,swebench-multilingual/swebench-multilingual-laravel__framework-48573,swebench-multilingual-laravel__framework-48573,0.7427143755692848,0.25728562443071523,14,hard,0.1019246966212471,0.1785714285714285,0.3589241293257461
swebench-multilingual,swebench-multilingual/swebench-multilingual-google__gson-2061,swebench-multilingual-google__gson-2061,0.7427143755692848,0.25728562443071523,15,hard,0.1018886444116651,0.1333333333333333,0.2867441755680875
mmau,mmau/mmau-27e29e2e-28d8-45e2-be0c-697af91caa48,mmau-27e29e2e-28d8-45e2-be0c-697af91caa48,0.7428287716905382,0.2571712283094618,20,frontier,0.0280237164843068,0.02,0.0871779788708134
mmau,mmau/mmau-fe746517-e292-4976-b83b-d1cae168b7da,mmau-fe746517-e292-4976-b83b-d1cae168b7da,0.7428287716905382,0.2571712283094618,20,easy,0.8669888794663082,0.86,0.2289104628451919
replicationbench,replicationbench/replicationbench-ver_waves__gaia_breathing_typical,replicationbench-ver_waves__gaia_breathing_typical,0.742994110497237,0.25700588950276304,17,easy,0.7272042051164409,0.6823529411764707,0.3501853192032286
swebench-multilingual,swebench-multilingual/swebench-multilingual-apache__druid-14136,swebench-multilingual-apache__druid-14136,0.7432864326489204,0.25671356735107964,14,hard,0.2703392577806555,0.3690476428571428,0.4462301304989239
simpleqa,simpleqa/simpleqa-4196,simpleqa-4196,0.7433584764941052,0.25664152350589475,20,easy,0.8460082899016126,0.7999999999999999,0.3162277660168379
crustbench,crustbench/crustbench-simple-config,crustbench-simple-config,0.7434503066330879,0.25654969336691213,26,easy,0.8999999999999999,0.8999999999999999,0.1941450686788302
crustbench,crustbench/crustbench-carrays,crustbench-carrays,0.7434503066330879,0.25654969336691213,24,saturated,0.9846150590103064,0.9833333333333334,0.0552770798392566
featurebench-modal,featurebench-modal/featurebench-modal-sphinx-doc__sphinx.e347e59c.test_build_gettext.2721e644.lv1,featurebench-modal-sphinx-doc__sphinx.e347e59c.test_build_gettext.2721e644.lv1,0.7437670802465421,0.25623291975345786,25,hard,0.1615392529373486,0.168,0.3440581346226244
featurebench-modal,featurebench-modal/featurebench-modal-mwaskom__seaborn.7001ebe7.test_line.25304a8b.lv1,featurebench-modal-mwaskom__seaborn.7001ebe7.test_line.25304a8b.lv1,0.7437670802465421,0.25623291975345786,26,hard,0.1423076923076923,0.1423076923076923,0.2963535790014729
seal0,seal0/seal0-41,seal0-41,0.743828180619041,0.256171819380959,26,hard,0.210897423076923,0.210897423076923,0.2650972310243593
gpqa-diamond,gpqa-diamond/gpqa-diamond-75,gpqa-diamond-75,0.7438764186679153,0.2561235813320847,18,medium,0.6092443395532025,0.6055555555555555,0.3792862041932952
gpqa-diamond,gpqa-diamond/gpqa-diamond-8,gpqa-diamond-8,0.7438764186679153,0.2561235813320847,17,medium,0.5594587751203175,0.5156862941176471,0.3640939497288424
medagentbench,medagentbench/medagentbench-task10_8,medagentbench-task10_8,0.7440476611340381,0.2559523388659619,20,medium,0.3702897920591869,0.38,0.3682390527904394
gpqa-diamond,gpqa-diamond/gpqa-diamond-89,gpqa-diamond-89,0.7446826792309148,0.2553173207690852,18,medium,0.5735256285210201,0.5777777777777778,0.409003607095688
simpleqa,simpleqa/simpleqa-2453,simpleqa-2453,0.7451507398127047,0.25484926018729526,20,easy,0.7709467971916487,0.73,0.3593048844644337
bixbench,bixbench/bix-3-q5,bix-3-q5,0.7453079134910966,0.2546920865089034,20,easy,0.8232309584276417,0.7950000000000002,0.2433618704727591
aider-polyglot,aider-polyglot/polyglot_python_poker,polyglot_python_poker,0.745347529973446,0.254652470026554,26,medium,0.6230769230769231,0.6230769230769231,0.3434079120853802
swtbench,swtbench/swtbench-pydata__xarray-6721,swtbench-pydata__xarray-6721,0.7455537409982771,0.2544462590017229,12,hard,0.0816228620965839,0.1708333333333333,0.2295451420139886
gpqa-diamond,gpqa-diamond/gpqa-diamond-178,gpqa-diamond-178,0.7457228039196598,0.25427719608034016,18,easy,0.7504768605293393,0.7203703888888889,0.3361251370402826
reasoning-gym,reasoning-gym/reasoning-gym-logic-aiw-easy00cea0a5-seed45-0,reasoning-gym-logic-aiw-easy00cea0a5-seed45-0,0.7466490187376998,0.25335098126230016,20,medium,0.6481576785021824,0.6433333500000001,0.3719468311764835
gpqa-diamond,gpqa-diamond/gpqa-diamond-173,gpqa-diamond-173,0.746863524414887,0.253136475585113,19,saturated,0.9563656057800898,0.940350894736842,0.122153611117915
swebench-multilingual,swebench-multilingual/swebench-multilingual-prometheus__prometheus-14861,swebench-multilingual-prometheus__prometheus-14861,0.7470506178301195,0.2529493821698805,13,hard,0.1703559676105938,0.3205128461538462,0.4259807317548973
aider-polyglot,aider-polyglot/polyglot_rust_accumulate,polyglot_rust_accumulate,0.7472281908036991,0.25277180919630093,26,medium,0.3615384615384615,0.3615384615384615,0.4076923076923077
aider-polyglot,aider-polyglot/polyglot_python_wordy,polyglot_python_wordy,0.7478313522326456,0.25216864776735437,26,hard,0.2538461538461539,0.2538461538461539,0.3660924318243321
kumo,kumo/kumo-leadershipenv-t4-a6-v1-s0,kumo-leadershipenv-t4-a6-v1-s0,0.7480122680468942,0.25198773195310575,16,saturated,0.9573872576592256,0.9479166875,0.1409140131945359
labbench,labbench/labbench-figqa-0014,labbench-figqa-0014,0.7480852344880426,0.25191476551195735,13,frontier,0.0190821286332447,0.0307692307692307,0.072160242458822
gaia,gaia/gaia-f2feb6a4-363c-4c09-a804-0db564eafd68,gaia-f2feb6a4-363c-4c09-a804-0db564eafd68,0.7482956787344542,0.25170432126554576,20,hard,0.2729179478807445,0.28,0.3370459909270543
spider2,spider2/spider2-f1002,spider2-f1002,0.748961201949257,0.25103879805074303,16,medium,0.3444586882012522,0.4125,0.4442338910979215
spider2,spider2/spider2-workday001,spider2-workday001,0.748961201949257,0.25103879805074303,14,medium,0.416274476255933,0.4857142857142857,0.4580348440537542
algotune,algotune/algotune-clustering-outliers,algotune-clustering-outliers,0.7491532905186078,0.2508467094813922,25,hard,0.0724113490709607,0.0752056982815848,0.2174868452602564
reasoning-gym,reasoning-gym/reasoning-gym-games-tsumego-hard0292e21f-seed45-0,reasoning-gym-games-tsumego-hard0292e21f-seed45-0,0.7491958162232545,0.2508041837767455,13,easy,0.8150525368563961,0.7282051538461538,0.3773153129213012
mmmlu,mmmlu/mmmlu-bn-bd-00013,mmmlu-bn-bd-00013,0.749198062722239,0.250801937277761,18,easy,0.8963052342977691,0.8518518888888889,0.2771598039531003
mmmlu,mmmlu/mmmlu-yo-ng-00146,mmmlu-yo-ng-00146,0.7493516667238425,0.25064833327615754,20,hard,0.2374841061624774,0.28,0.3762977544445355
simpleqa,simpleqa/simpleqa-2349,simpleqa-2349,0.7493809298781533,0.2506190701218467,20,medium,0.588120009288773,0.5399999999999999,0.4152107898405339
gpqa-diamond,gpqa-diamond/gpqa-diamond-183,gpqa-diamond-183,0.7494844915976948,0.2505155084023052,17,medium,0.6552086608129598,0.6568627647058823,0.3497458851222479
featurebench-modal,featurebench-modal/featurebench-modal-mlflow__mlflow.93dab383.test_databricks_adapter.3b72f337.lv1,featurebench-modal-mlflow__mlflow.93dab383.test_databricks_adapter.3b72f337.lv1,0.7496341072273169,0.25036589277268306,25,medium,0.3683405885633761,0.38266668,0.4258450511316735
aime,aime/aime_ii-4,aime_ii-4,0.7499556775560964,0.2500443224439036,20,saturated,0.969222671383474,0.96,0.1019803902718557
gaia,gaia/gaia-17b5a6a3-bc87-42e8-b0fb-6ab0781ef2cc,gaia-17b5a6a3-bc87-42e8-b0fb-6ab0781ef2cc,0.7500675554449839,0.24993244455501606,26,medium,0.644230769230769,0.644230769230769,0.3888659357366384
mmmlu,mmmlu/mmmlu-pt-br-00111,mmmlu-pt-br-00111,0.75073662185565,0.24926337814434996,18,hard,0.1256992104387722,0.1574073888888889,0.2803889500424443
gpqa-diamond,gpqa-diamond/gpqa-diamond-56,gpqa-diamond-56,0.7508587134493099,0.24914128655069012,20,easy,0.8577267480081457,0.8300000000000001,0.2304343724360582
gpqa-diamond,gpqa-diamond/gpqa-diamond-86,gpqa-diamond-86,0.7509480247857181,0.2490519752142819,19,easy,0.8683933415340765,0.863157894736842,0.3115504965673419
aider-polyglot,aider-polyglot/polyglot_javascript_killer-sudoku-helper,polyglot_javascript_killer-sudoku-helper,0.7520359991468026,0.24796400085319736,26,medium,0.676923076923077,0.676923076923077,0.3765304077083205
gpqa-diamond,gpqa-diamond/gpqa-diamond-174,gpqa-diamond-174,0.7520896819935646,0.24791031800643537,20,medium,0.4841628059863898,0.4800000000000001,0.3655133376499413
lawbench,lawbench/lawbench-1-1-22-zero-shot,lawbench-1-1-22-zero-shot,0.7532779090723078,0.24672209092769215,14,hard,0.2431178934078843,0.3224833571428571,0.3635479885840593
algotune,algotune/algotune-fft-real-scipy-fftpack,algotune-fft-real-scipy-fftpack,0.7539382081604623,0.2460617918395377,25,hard,0.1612277448103039,0.1624957859090152,0.1654451213472361
algotune,algotune/algotune-cumulative-simpson-multid,algotune-cumulative-simpson-multid,0.7539382081604623,0.2460617918395377,25,hard,0.2632076478918542,0.265920903135461,0.27539126496223
featurebench-modal,featurebench-modal/featurebench-modal-mwaskom__seaborn.7001ebe7.test_statistics.0f2ae277.lv1,featurebench-modal-mwaskom__seaborn.7001ebe7.test_statistics.0f2ae277.lv1,0.7540182390829083,0.24598176091709167,26,hard,0.2596153846153846,0.2596153846153846,0.4038324173487997
seal0,seal0/seal0-51,seal0-51,0.754296502790273,0.24570349720972695,26,medium,0.6365384230769231,0.6365384230769231,0.3481336172131849
featurebench-modal,featurebench-modal/featurebench-modal-linkedin__liger-kernel.c856fbab.test_layer_norm.ed322799.lv1,featurebench-modal-linkedin__liger-kernel.c856fbab.test_layer_norm.ed322799.lv1,0.7543283449035851,0.24567165509641486,26,medium,0.3160256153846154,0.3160256153846154,0.4046862435516297
simpleqa,simpleqa/simpleqa-2611,simpleqa-2611,0.7546112823155895,0.2453887176844105,20,easy,0.8076675933610213,0.8,0.2280350850198276
gpqa-diamond,gpqa-diamond/gpqa-diamond-138,gpqa-diamond-138,0.7546858653904379,0.24531413460956208,20,medium,0.6858752745664004,0.6174999999999999,0.4368280554176894
labbench,labbench/labbench-figqa-0078,labbench-figqa-0078,0.754714545624275,0.24528545437572502,20,hard,0.116856966292725,0.15,0.2179449471770336
gpqa-diamond,gpqa-diamond/gpqa-diamond-131,gpqa-diamond-131,0.7548356444183872,0.24516435558161276,18,medium,0.5852505018019827,0.5722222222222223,0.3693922268862064
aime,aime/aime_ii-7,aime_ii-7,0.7548631550586063,0.24513684494139365,20,easy,0.7846736364065391,0.77,0.2776688675382964
aime,aime/aime_85,aime_85,0.7548631550586063,0.24513684494139365,20,easy,0.8045670858181588,0.77333335,0.3036079284574556
reasoning-gym,reasoning-gym/reasoning-gym-algorithmic-manipulate-matrix-hard0292e21f-seed45-2,reasoning-gym-algorithmic-manipulate-matrix-hard0292e21f-seed45-2,0.7550135372119808,0.24498646278801917,20,medium,0.5818818449704272,0.58329315,0.3662712869616283
labbench,labbench/labbench-figqa-0137,labbench-figqa-0137,0.755093903993446,0.244906096006554,13,frontier,0.0231257466639661,0.0461538461538461,0.1151279195930443
gaia,gaia/gaia-50ec8903-b81f-4257-9450-1085afd2c319,gaia-50ec8903-b81f-4257-9450-1085afd2c319,0.7552256527535101,0.24477434724648994,20,medium,0.4957784271419554,0.4700000000000001,0.3809199390948182
spider2,spider2/spider2-shopify_holistic_reporting001,spider2-shopify_holistic_reporting001,0.7554815099550757,0.24451849004492432,15,hard,0.2911741739214834,0.3277778,0.3737530910727383
gpqa-diamond,gpqa-diamond/gpqa-diamond-130,gpqa-diamond-130,0.7558559249703934,0.24414407502960656,19,hard,0.2215911453295284,0.2508772105263158,0.3275584936450409
simpleqa,simpleqa/simpleqa-1471,simpleqa-1471,0.7558733832958423,0.2441266167041577,20,easy,0.8310406587515884,0.8300000000000001,0.2304343724360581
aime,aime/aime_i-13,aime_i-13,0.7567020802854082,0.2432979197145918,19,medium,0.6607305751126172,0.6,0.3893314107138301
swebench-multilingual,swebench-multilingual/swebench-multilingual-sharkdp__bat-2260,swebench-multilingual-sharkdp__bat-2260,0.7570394322985492,0.2429605677014508,15,hard,0.2414789247580888,0.3555556,0.4466611696732099
bfcl,bfcl/bfcl-live-irrelevance-759-270-0,bfcl-live-irrelevance-759-270-0,0.7571651894575834,0.24283481054241662,26,easy,0.9461538461538462,0.9461538461538462,0.1622694085363768
gaia,gaia/gaia-0bb3b44a-ede5-4db5-a520-4e844b0079c5,gaia-0bb3b44a-ede5-4db5-a520-4e844b0079c5,0.7571757950446434,0.24282420495535662,20,medium,0.5338225124925119,0.5175000000000001,0.390280347955159
seal0,seal0/seal0-97,seal0-97,0.7575111246351587,0.24248887536484132,26,medium,0.5903846153846154,0.5903846153846154,0.3165712905263905
reasoning-gym,reasoning-gym/reasoning-gym-geometry-advanced-geometry-hard0292e21f-seed45-1,reasoning-gym-geometry-advanced-geometry-hard0292e21f-seed45-1,0.7575502122643213,0.2424497877356787,12,medium,0.5651862062968939,0.5233333333333333,0.4588270068579466
reasoning-gym,reasoning-gym/reasoning-gym-algorithmic-isomorphic-strings-hard0292e21f-seed45-1,reasoning-gym-algorithmic-isomorphic-strings-hard0292e21f-seed45-1,0.7575502122643213,0.2424497877356787,20,easy,0.849733938119875,0.82,0.2821347195933176
aime,aime/aime_i-6,aime_i-6,0.7575539159572054,0.24244608404279455,18,easy,0.9340666511327544,0.9055555555555554,0.189948011080875
kumo,kumo/kumo-stellarenv-t4-a6-v1-s1,kumo-stellarenv-t4-a6-v1-s1,0.7577408295323449,0.2422591704676551,18,saturated,0.990368157911634,0.9861111111111112,0.0572653559113564
kumo,kumo/kumo-pollutionenv-t4-a6-v1-s0,kumo-pollutionenv-t4-a6-v1-s0,0.7577408295323449,0.2422591704676551,17,easy,0.8958428468171397,0.8431372941176472,0.2769499140674579
gaia,gaia/gaia-7d4a7d1d-cac6-44a8-96e8-ea9584a70825,gaia-7d4a7d1d-cac6-44a8-96e8-ea9584a70825,0.7577696146986853,0.2422303853013147,20,medium,0.4845619120557998,0.4800000000000001,0.354400902933387
aime,aime/aime_ii-14,aime_ii-14,0.7578480145939384,0.24215198540606164,19,easy,0.778798752521873,0.7131578947368421,0.3959804970154723
reasoning-gym,reasoning-gym/reasoning-gym-algorithmic-count-primes-easy00cea0a5-seed45-1,reasoning-gym-algorithmic-count-primes-easy00cea0a5-seed45-1,0.7578673504872719,0.24213264951272806,12,easy,0.94330456393929,0.8806818333333334,0.2072890265554487
gaia,gaia/gaia-9d191bce-651d-4746-be2d-7ef8ecadb9c2,gaia-9d191bce-651d-4746-be2d-7ef8ecadb9c2,0.7579034509472157,0.24209654905278433,20,medium,0.5768371670925124,0.55,0.4043513323831146
mmmlu,mmmlu/mmmlu-pt-br-00113,mmmlu-pt-br-00113,0.7582164920132872,0.24178350798671278,14,hard,0.2389310785988039,0.3571428571428571,0.4791574237499548
featurebench-modal,featurebench-modal/featurebench-modal-sympy__sympy.c1097516.test_runtests_pytest.71d43c5f.lv1,featurebench-modal-sympy__sympy.c1097516.test_runtests_pytest.71d43c5f.lv1,0.7583263186689008,0.24167368133109923,26,medium,0.3301281923076923,0.3301281923076923,0.3897736365568748
swtbench,swtbench/swtbench-django__django-14404,swtbench-django__django-14404,0.7584973792741413,0.2415026207258587,13,medium,0.6413734543854518,0.5948717692307692,0.3175349048200852
gpqa-diamond,gpqa-diamond/gpqa-diamond-180,gpqa-diamond-180,0.7585482609153741,0.24145173908462592,17,easy,0.8290126823901829,0.7411764705882353,0.3804932147952053
swebench-multilingual,swebench-multilingual/swebench-multilingual-axios__axios-6539,swebench-multilingual-axios__axios-6539,0.7585684380088051,0.24143156199119487,16,hard,0.2037273500886489,0.278125,0.405034238521881
gaia,gaia/gaia-65da0822-a48a-4a68-bbad-8ed1b835a834,gaia-65da0822-a48a-4a68-bbad-8ed1b835a834,0.7586634684352871,0.2413365315647129,26,medium,0.6153846153846153,0.6153846153846153,0.3919304370109845
gaia,gaia/gaia-72c06643-a2fa-4186-aa5c-9ec33ae9b445,gaia-72c06643-a2fa-4186-aa5c-9ec33ae9b445,0.7591310157354931,0.24086898426450687,20,hard,0.0711656622698716,0.0625,0.1456665713195721
featurebench-modal,featurebench-modal/featurebench-modal-mlflow__mlflow.93dab383.test_client_webhooks.75e39b52.lv1,featurebench-modal-mlflow__mlflow.93dab383.test_client_webhooks.75e39b52.lv1,0.7592614294104709,0.24073857058952908,25,frontier,0.0301985570163119,0.03133332,0.0869635476124197
swebench-multilingual,swebench-multilingual/swebench-multilingual-apache__lucene-13704,swebench-multilingual-apache__lucene-13704,0.7595281224530182,0.24047187754698185,15,medium,0.4481927107819561,0.4266666666666667,0.4419150245113747
swtbench,swtbench/swtbench-django__django-14765,swtbench-django__django-14765,0.759569791236236,0.24043020876376398,12,medium,0.6012513856049967,0.6,0.3162277660168379
aider-polyglot,aider-polyglot/polyglot_go_food-chain,polyglot_go_food-chain,0.7597047922386186,0.24029520776138136,26,medium,0.6230769230769231,0.6230769230769231,0.3492383936815965
bixbench,bixbench/bix-18-q2,bix-18-q2,0.7597645661313676,0.24023543386863244,20,saturated,0.9692303670956168,0.96,0.1743559577416269
gaia,gaia/gaia-e9a2c537-8232-4c3f-85b0-b52de6bcba99,gaia-e9a2c537-8232-4c3f-85b0-b52de6bcba99,0.7598941410871005,0.24010585891289948,26,easy,0.7615384615384616,0.7615384615384616,0.3638225720118605
lawbench,lawbench/lawbench-3-8-9-zero-shot,lawbench-3-8-9-zero-shot,0.7599141178233129,0.24008588217668714,13,hard,0.1303807995765256,0.1218229999999999,0.0816202890943554
gpqa-diamond,gpqa-diamond/gpqa-diamond-93,gpqa-diamond-93,0.7606488538546579,0.23935114614534214,18,medium,0.5068834325146064,0.4620370555555555,0.3868919283622111
crustbench,crustbench/crustbench-lambda-calculus-eval,crustbench-lambda-calculus-eval,0.7609494551703183,0.2390505448296817,22,medium,0.6847824046924552,0.6666666818181819,0.3634848169060394
algotune,algotune/algotune-ode-stiff-robertson,algotune-ode-stiff-robertson,0.7615315101990062,0.23846848980099378,22,medium,0.4664637914105773,0.4254183983824752,0.3420003943439099
algotune,algotune/algotune-pagerank,algotune-pagerank,0.7615315101990062,0.23846848980099378,22,medium,0.3574008271838882,0.3379982359872155,0.2929680338664083
aime,aime/aime_i-10,aime_i-10,0.762107158217161,0.23789284178283898,19,medium,0.6871547077815333,0.6771929999999999,0.3442175003317402
omnimath,omnimath/omnimath_3119,omnimath_3119,0.7624880757582841,0.23751192424171585,26,saturated,0.9769230769230768,0.9769230769230768,0.0846153846153846
labbench,labbench/labbench-figqa-0143,labbench-figqa-0143,0.7627948196889712,0.23720518031102877,20,medium,0.4773104206903475,0.47,0.4112177038990418
labbench,labbench/labbench-figqa-0007,labbench-figqa-0007,0.7627948196889712,0.23720518031102877,20,medium,0.4820787832422237,0.4699999999999999,0.375632799419859
aider-polyglot,aider-polyglot/polyglot_go_forth,polyglot_go_forth,0.7633820591450782,0.23661794085492183,26,medium,0.3,0.3,0.3971049076658556
spider2,spider2/spider2-google_play001,spider2-google_play001,0.763394589307034,0.23660541069296603,16,hard,0.1789879881411405,0.2468749999999999,0.3370222312771073
reasoning-gym,reasoning-gym/reasoning-gym-geometry-simple-geometry-hard0292e21f-seed45-2,reasoning-gym-geometry-simple-geometry-hard0292e21f-seed45-2,0.76407975793561,0.23592024206439,20,easy,0.7166041818176685,0.7306666500000001,0.2335275380382954
algotune,algotune/algotune-ode-lotkavolterra,algotune-ode-lotkavolterra,0.7641819082465027,0.23581809175349733,22,medium,0.598095578572693,0.5709723113678625,0.305076281628058
algotune,algotune/algotune-sparse-lowest-eigenvectors-posdef,algotune-sparse-lowest-eigenvectors-posdef,0.7644981123805633,0.2355018876194367,22,frontier,0.0348599974663682,0.0411926154802827,0.079478753900351
algotune,algotune/algotune-sparse-lowest-eigenvalues-posdef,algotune-sparse-lowest-eigenvalues-posdef,0.7644981123805633,0.2355018876194367,22,hard,0.0602631170109441,0.0710868230329545,0.1144513873122206
featurebench-modal,featurebench-modal/featurebench-modal-pandas-dev__pandas.82fa2715.test_string.dcfa24ea.lv1,featurebench-modal-pandas-dev__pandas.82fa2715.test_string.dcfa24ea.lv1,0.7645930403252202,0.23540695967477976,26,hard,0.1903846153846154,0.1903846153846154,0.3497304541107971
featurebench-modal,featurebench-modal/featurebench-modal-pandas-dev__pandas.82fa2715.test_nlargest_nsmallest.08e879a9.lv1,featurebench-modal-pandas-dev__pandas.82fa2715.test_nlargest_nsmallest.08e879a9.lv1,0.7645930403252202,0.23540695967477976,26,hard,0.2230769230769231,0.2230769230769231,0.3467516206026044
mmmlu,mmmlu/mmmlu-hi-in-00064,mmmlu-hi-in-00064,0.7647144031948352,0.2352855968051648,19,easy,0.9070404698073562,0.872807,0.2990829635963555
swebench-multilingual,swebench-multilingual/swebench-multilingual-caddyserver__caddy-5995,swebench-multilingual-caddyserver__caddy-5995,0.7650569151680509,0.23494308483194914,14,medium,0.5556926712452821,0.5,0.5
gpqa-diamond,gpqa-diamond/gpqa-diamond-117,gpqa-diamond-117,0.7650689951730835,0.23493100482691653,19,easy,0.933870820752758,0.9105263157894736,0.1860807318911967
simpleqa,simpleqa/simpleqa-173,simpleqa-173,0.765331372821308,0.23466862717869197,20,easy,0.8269233612016222,0.8,0.303315017762062
gpqa-diamond,gpqa-diamond/gpqa-diamond-179,gpqa-diamond-179,0.7655863324459969,0.23441366755400306,20,easy,0.8229317302240455,0.8099999999999999,0.3315116890850155
aider-polyglot,aider-polyglot/polyglot_rust_dot-dsl,polyglot_rust_dot-dsl,0.7657325360748626,0.23426746392513742,26,hard,0.2461538461538461,0.2461538461538461,0.3692307692307692
aider-polyglot,aider-polyglot/polyglot_javascript_food-chain,polyglot_javascript_food-chain,0.7657757010408421,0.23422429895915786,26,medium,0.4442307692307692,0.4442307692307692,0.40342927201034
reasoning-gym,reasoning-gym/reasoning-gym-games-puzzle24-easy00cea0a5-seed45-1,reasoning-gym-games-puzzle24-easy00cea0a5-seed45-1,0.7664111652468092,0.2335888347531908,20,saturated,0.9517868471272348,0.9376,0.0958719979973297
reasoning-gym,reasoning-gym/reasoning-gym-induction-acre-hard0292e21f-seed45-1,reasoning-gym-induction-acre-hard0292e21f-seed45-1,0.7664111652468092,0.2335888347531908,12,easy,0.8839314565050097,0.75,0.3818813079129867
swebench-multilingual,swebench-multilingual/swebench-multilingual-gohugoio__hugo-12204,swebench-multilingual-gohugoio__hugo-12204,0.7664859189360798,0.23351408106392024,15,hard,0.2902288804392361,0.3466666666666667,0.3862066228789397
crustbench,crustbench/crustbench-impcheck,crustbench-impcheck,0.7667886195124324,0.23321138048756762,21,hard,0.2210965882066686,0.2206349047619047,0.3435692141887521
aider-polyglot,aider-polyglot/polyglot_python_pov,polyglot_python_pov,0.7672484232716903,0.2327515767283097,26,medium,0.3846153846153846,0.3846153846153846,0.3919304370109845
reasoning-gym,reasoning-gym/reasoning-gym-games-emoji-mystery-hard0292e21f-seed45-1,reasoning-gym-games-emoji-mystery-hard0292e21f-seed45-1,0.7678244094161468,0.23217559058385318,12,easy,0.9311431664934624,0.8508333333333334,0.3357940423665805
livecodebench,livecodebench/livecodebench-abc330_e,livecodebench-abc330_e,0.7679716886868562,0.23202831131314383,18,easy,0.9149874332943164,0.8777777777777778,0.201537301635745
aider-polyglot,aider-polyglot/polyglot_java_book-store,polyglot_java_book-store,0.7682087737793246,0.23179122622067538,26,easy,0.7076923076923077,0.7076923076923077,0.3812157444111959
swebench-multilingual,swebench-multilingual/swebench-multilingual-rubocop__rubocop-13627,swebench-multilingual-rubocop__rubocop-13627,0.7685235329163866,0.23147646708361336,15,hard,0.1814372223057754,0.2733333333333333,0.407376429798725
crustbench,crustbench/crustbench-hamta,crustbench-hamta,0.7685497803051775,0.2314502196948225,23,medium,0.3333026480245898,0.3188406086956522,0.3630022817900184
aime,aime/aime_62,aime_62,0.7689372935283666,0.2310627064716334,20,easy,0.7287806204513234,0.6824999999999999,0.367856969486783
replicationbench,replicationbench/replicationbench-disk_ridges__ridges_in_all,replicationbench-disk_ridges__ridges_in_all,0.769054149395379,0.23094585060462103,17,medium,0.5040415690401248,0.4754901764705882,0.3106033459014957
seal0,seal0/seal0-77,seal0-77,0.769467580406375,0.23053241959362503,26,medium,0.6217948846153847,0.6217948846153847,0.4058274570367907
reasoning-gym,reasoning-gym/reasoning-gym-algorithmic-letter-jumble-hard0292e21f-seed45-1,reasoning-gym-algorithmic-letter-jumble-hard0292e21f-seed45-1,0.7700490518415753,0.22995094815842465,12,medium,0.3562220434145624,0.3935185,0.4264037213409571
algotune,algotune/algotune-qp,algotune-qp,0.7701521735358727,0.22984782646412727,21,hard,0.2490999449667985,0.2390449418084712,0.1229214380759995
seal0,seal0/seal0-45,seal0-45,0.7702833084465406,0.22971669155345942,26,medium,0.3230769230769231,0.3230769230769231,0.3600829950353244
seal0,seal0/seal0-110,seal0-110,0.7702833084465406,0.22971669155345942,26,medium,0.4384615384615384,0.4384615384615384,0.3646145731896196
simpleqa,simpleqa/simpleqa-1653,simpleqa-1653,0.7703589854652204,0.2296410145347796,20,medium,0.4305031296270763,0.41,0.2718455443813637
aider-polyglot,aider-polyglot/polyglot_javascript_palindrome-products,polyglot_javascript_palindrome-products,0.7703913604745249,0.22960863952547506,26,medium,0.6461538461538461,0.6461538461538461,0.4307692307692308
mmmlu,mmmlu/mmmlu-yo-ng-00144,mmmlu-yo-ng-00144,0.7704098388400008,0.2295901611599992,18,easy,0.8611616844380747,0.8,0.3492496542412986
mmmlu,mmmlu/mmmlu-hi-in-00065,mmmlu-hi-in-00065,0.7704098388400008,0.2295901611599992,20,hard,0.0577035279995551,0.075,0.2384848003542364
algotune,algotune/algotune-fft-cmplx-scipy-fftpack,algotune-fft-cmplx-scipy-fftpack,0.7708172396945356,0.22918276030546436,25,medium,0.4389885074119201,0.4341895771986907,0.2994192093486157
algotune,algotune/algotune-cholesky-factorization,algotune-cholesky-factorization,0.7708172396945356,0.22918276030546436,25,hard,0.291375656140811,0.2889390528638214,0.2017380858738916
swebench-multilingual,swebench-multilingual/swebench-multilingual-uutils__coreutils-6690,swebench-multilingual-uutils__coreutils-6690,0.7709725616644219,0.22902743833557815,15,hard,0.0993646800823121,0.1722222,0.2926043260188748
gaia,gaia/gaia-99c9cc74-fdc8-46c6-8f8d-3ce2d3bfeea3,gaia-99c9cc74-fdc8-46c6-8f8d-3ce2d3bfeea3,0.7712649327281427,0.22873506727185733,20,medium,0.3858430921051045,0.4,0.3464101615137755
mmmlu,mmmlu/mmmlu-ar-xy-00008,mmmlu-ar-xy-00008,0.7715465270993623,0.22845347290063767,18,medium,0.4071776066076435,0.3564815,0.3786403576016355
labbench,labbench/labbench-figqa-0002,labbench-figqa-0002,0.7718940474111312,0.2281059525888688,13,hard,0.1003664364246788,0.1846153846153846,0.3182793979319569
mmmlu,mmmlu/mmmlu-zh-cn-00125,mmmlu-zh-cn-00125,0.7721957014945736,0.22780429850542638,18,easy,0.7870935288184417,0.6944444444444444,0.416666681481496
mmmlu,mmmlu/mmmlu-bn-bd-00018,mmmlu-bn-bd-00018,0.7721957014945736,0.22780429850542638,19,easy,0.7455745147703394,0.6798245789473685,0.4277159155702982
gaia,gaia/gaia-4fc2f1ae-8625-45b5-ab34-ad4433bc21f8,gaia-4fc2f1ae-8625-45b5-ab34-ad4433bc21f8,0.7723608466291803,0.22763915337081975,20,medium,0.6437691982031623,0.62,0.3893584466786357
gaia,gaia/gaia-56137764-b4e0-45b8-9c52-1866420c3df5,gaia-56137764-b4e0-45b8-9c52-1866420c3df5,0.7723608466291803,0.22763915337081975,20,medium,0.5834896017785153,0.57,0.375632799419859
lawbench,lawbench/lawbench-2-10-17-one-shot,lawbench-2-10-17-one-shot,0.7724214612694793,0.2275785387305207,20,medium,0.5645939616633889,0.55494655,0.150401761388115
aider-polyglot,aider-polyglot/polyglot_java_simple-linked-list,polyglot_java_simple-linked-list,0.7727700411816247,0.22722995881837527,26,hard,0.2615384615384615,0.2615384615384615,0.4179408525294192
livecodebench,livecodebench/livecodebench-3765,livecodebench-3765,0.7745268425840626,0.22547315741593743,16,easy,0.8788060931322732,0.803125,0.3402520894498666
livecodebench,livecodebench/livecodebench-abc384_f,livecodebench-abc384_f,0.7745268425840626,0.22547315741593743,17,easy,0.8879943332735359,0.8294117647058824,0.2216640433107855
reasoning-gym,reasoning-gym/reasoning-gym-arithmetic-leg-counting-hard0292e21f-seed45-2,reasoning-gym-arithmetic-leg-counting-hard0292e21f-seed45-2,0.7746214628585018,0.22537853714149825,20,medium,0.4774363330796967,0.47,0.4439594576084623
aime,aime/aime_79,aime_79,0.7749118400124628,0.22508815998753717,20,easy,0.9137183478406632,0.8949999999999999,0.203654118544163
simpleqa,simpleqa/simpleqa-946,simpleqa-946,0.7750743545679484,0.22492564543205162,20,medium,0.6925079168711347,0.65,0.3456877203488721
gpqa-diamond,gpqa-diamond/gpqa-diamond-121,gpqa-diamond-121,0.7751325499954801,0.2248674500045199,18,medium,0.4518257394426485,0.4425926111111111,0.3688161947747503
featurebench-modal,featurebench-modal/featurebench-modal-pandas-dev__pandas.82fa2715.test_struct_accessor.3b465152.lv1,featurebench-modal-pandas-dev__pandas.82fa2715.test_struct_accessor.3b465152.lv1,0.7752223176308592,0.22477768236914075,26,hard,0.185897423076923,0.185897423076923,0.3200124239965804
kumo,kumo/kumo-fantasyenv-t12-a16-v1-s1,kumo-fantasyenv-t12-a16-v1-s1,0.7752855874960773,0.22471441250392266,20,easy,0.7132559142272706,0.65833335,0.3969501791437151
reasoning-gym,reasoning-gym/reasoning-gym-algorithmic-palindrome-partitioning-easy00cea0a5-seed45-1,reasoning-gym-algorithmic-palindrome-partitioning-easy00cea0a5-seed45-1,0.7763338907243521,0.2236661092756479,20,easy,0.8068285877186203,0.75,0.3734969879396619
algotune,algotune/algotune-ode-stiff-vanderpol,algotune-ode-stiff-vanderpol,0.7764278879977492,0.2235721120022508,22,medium,0.6346118197405919,0.6100147773577546,0.2992980227884457
replicationbench,replicationbench/replicationbench-ls_cal__cab_temp,replicationbench-ls_cal__cab_temp,0.776999553426648,0.22300044657335205,17,easy,0.7132582612692779,0.6803921764705883,0.3048215634498775
crustbench,crustbench/crustbench-mvptree,crustbench-mvptree,0.7770962202972729,0.22290377970272712,22,medium,0.6646058201543581,0.6446969545454545,0.3404314974801669
aider-polyglot,aider-polyglot/polyglot_go_error-handling,polyglot_go_error-handling,0.7771296800852064,0.22287031991479356,26,medium,0.6153846153846154,0.6153846153846154,0.3997040325158947
reasoning-gym,reasoning-gym/reasoning-gym-algorithmic-binary-alternation-easy00cea0a5-seed45-0,reasoning-gym-algorithmic-binary-alternation-easy00cea0a5-seed45-0,0.7775059770131083,0.2224940229868917,12,easy,0.8844243265240116,0.75,0.3818813079129867
lawbench,lawbench/lawbench-1-1-12-zero-shot,lawbench-1-1-12-zero-shot,0.777509504159457,0.22249049584054303,18,medium,0.6160400290414162,0.5997785555555555,0.3093022668719642
gaia,gaia/gaia-67e8878b-5cef-4375-804e-e6291fdbe78a,gaia-67e8878b-5cef-4375-804e-e6291fdbe78a,0.7776293064136713,0.22237069358632866,20,easy,0.7780023620942514,0.7175,0.3915593824696325
reasoning-gym,reasoning-gym/reasoning-gym-algorithmic-game-of-life-hard0292e21f-seed45-0,reasoning-gym-algorithmic-game-of-life-hard0292e21f-seed45-0,0.7778199419265263,0.22218005807347374,12,hard,0.1456826731483604,0.2716666666666666,0.4096712774354037
reasoning-gym,reasoning-gym/reasoning-gym-games-sokoban-hard0292e21f-seed45-0,reasoning-gym-games-sokoban-hard0292e21f-seed45-0,0.7778199419265263,0.22218005807347374,20,hard,0.2265990100836319,0.22333335,0.2652252989860271
usaco,usaco/usaco-866,usaco-866,0.7780308516021394,0.22196914839786064,18,hard,0.2370472628967406,0.2666666666666667,0.3131382371342656
mmmlu,mmmlu/mmmlu-sw-ke-00139,mmmlu-sw-ke-00139,0.778117247924473,0.221882752075527,20,easy,0.8844219286269287,0.85,0.3201562118716424
labbench,labbench/labbench-figqa-0167,labbench-figqa-0167,0.778200948631225,0.22179905136877498,13,hard,0.1078186063866918,0.1692307692307692,0.2333192444323554
seal0,seal0/seal0-39,seal0-39,0.7783117824941563,0.22168821750584367,26,medium,0.6,0.6,0.4150996173302166
gaia,gaia/gaia-023e9d44-96ae-4eed-b912-244ee8c3b994,gaia-023e9d44-96ae-4eed-b912-244ee8c3b994,0.7785868128530858,0.22141318714691416,20,hard,0.1847912143146555,0.2225,0.3280529682840866
seal0,seal0/seal0-73,seal0-73,0.7786432877759608,0.2213567122240392,26,medium,0.3461538461538461,0.3461538461538461,0.4244732203483506
seal0,seal0/seal0-88,seal0-88,0.7786432877759608,0.2213567122240392,26,hard,0.2608974230769231,0.2608974230769231,0.3551496199921263
swtbench,swtbench/swtbench-sphinx-doc__sphinx-9673,swtbench-sphinx-doc__sphinx-9673,0.7791978367937868,0.22080216320621315,12,hard,0.2489920860068249,0.3,0.3316624790355399
swebench-multilingual,swebench-multilingual/swebench-multilingual-phpoffice__phpspreadsheet-4313,swebench-multilingual-phpoffice__phpspreadsheet-4313,0.7795610392154286,0.22043896078457137,14,hard,0.1750881835289752,0.2738095714285714,0.3863091136545067
swebench-multilingual,swebench-multilingual/swebench-multilingual-gohugoio__hugo-12448,swebench-multilingual-gohugoio__hugo-12448,0.7795610392154286,0.22043896078457137,15,hard,0.1984587275755599,0.2533333333333333,0.4030991055421593
mmmlu,mmmlu/mmmlu-es-la-00048,mmmlu-es-la-00048,0.7799226906867104,0.22007730931328962,16,medium,0.6276774761512764,0.5760416875000001,0.3822434169710642
ineqmath,ineqmath/ineqmath-67,ineqmath-67,0.7799317377787587,0.22006826222124132,15,easy,0.7659797640957772,0.7105555666666666,0.3001923297273969
replicationbench,replicationbench/replicationbench-ver_waves__gaia_rv_sample_size,replicationbench-ver_waves__gaia_rv_sample_size,0.7799528484245297,0.22004715157547028,17,easy,0.913729595731477,0.8705882352941177,0.2905668008289052
bixbench,bixbench/bix-29-q2,bix-29-q2,0.7801166324737976,0.2198833675262024,20,frontier,0.0282415502406931,0.03666665,0.0906151268951685
kumo,kumo/kumo-chemicalenv-t12-a16-v1-s0,kumo-chemicalenv-t12-a16-v1-s0,0.780944326158669,0.21905567384133096,20,easy,0.8057927706246221,0.74833335,0.3266794173532019
bfcl,bfcl/bfcl-simple-python-12,bfcl-simple-python-12,0.7809531988675753,0.2190468011324247,26,saturated,0.9692307692307692,0.9692307692307692,0.0910166120476864
bfcl,bfcl/bfcl-parallel-multiple-159,bfcl-parallel-multiple-159,0.7809531988675753,0.2190468011324247,26,easy,0.9461538461538462,0.9461538461538462,0.1714884369969842
gpqa-diamond,gpqa-diamond/gpqa-diamond-182,gpqa-diamond-182,0.781175472520605,0.21882452747939496,20,easy,0.829597678111856,0.78,0.31559467676119
swtbench,swtbench/swtbench-django__django-12209,swtbench-django__django-12209,0.7811775658425136,0.21882243415748637,14,frontier,0.0233665131453312,0.0428571428571428,0.1545236260913138
reasoning-gym,reasoning-gym/reasoning-gym-arithmetic-chain-sum-hard0292e21f-seed45-2,reasoning-gym-arithmetic-chain-sum-hard0292e21f-seed45-2,0.7815206166073367,0.21847938339266326,20,easy,0.9289801596387216,0.92333335,0.1402774722549116
swtbench,swtbench/swtbench-django__django-13786,swtbench-django__django-13786,0.7815911103830125,0.21840888961698746,14,easy,0.7215123883860218,0.6285714285714287,0.3768830273792262
featurebench-modal,featurebench-modal/featurebench-modal-mlflow__mlflow.93dab383.test_jsonpath_utils.eb851c42.lv2,featurebench-modal-mlflow__mlflow.93dab383.test_jsonpath_utils.eb851c42.lv2,0.781669255746468,0.21833074425353205,25,medium,0.4314454208011578,0.42866668,0.4041319994919204
swtbench,swtbench/swtbench-django__django-16255,swtbench-django__django-16255,0.7823501917940786,0.2176498082059214,12,easy,0.7527943403027376,0.7083333333333334,0.2928547231800929
gaia,gaia/gaia-366e2f2b-8632-4ef2-81eb-bc3877489217,gaia-366e2f2b-8632-4ef2-81eb-bc3877489217,0.7831800335705187,0.21681996642948131,20,easy,0.8072717877535767,0.75,0.3626292872893749
simpleqa,simpleqa/simpleqa-513,simpleqa-513,0.7834359160861387,0.21656408391386128,20,easy,0.8384080887622579,0.7899999999999999,0.3374907406137241
gpqa-diamond,gpqa-diamond/gpqa-diamond-25,gpqa-diamond-25,0.7840720938335105,0.2159279061664895,17,easy,0.815121836831011,0.7333333529411765,0.3743403749796105
gpqa-diamond,gpqa-diamond/gpqa-diamond-98,gpqa-diamond-98,0.7840720938335105,0.2159279061664895,18,medium,0.6970509321292765,0.6314815,0.4025339848819186
bfcl,bfcl/bfcl-parallel-7,bfcl-parallel-7,0.7840780095903424,0.21592199040965765,26,saturated,0.9615384615384616,0.9615384615384616,0.0788226981996892
bfcl,bfcl/bfcl-parallel-multiple-13,bfcl-parallel-multiple-13,0.7840780095903424,0.21592199040965765,26,easy,0.8,0.8,0.2987151975222707
aider-polyglot,aider-polyglot/polyglot_java_dominoes,polyglot_java_dominoes,0.7843137254901958,0.21568627450980415,26,hard,0.1076923076923076,0.1076923076923076,0.2615384615384615
gaia,gaia/gaia-5a0c1adf-205e-4841-a666-7c3ef95def9d,gaia-5a0c1adf-205e-4841-a666-7c3ef95def9d,0.7843445208245059,0.2156554791754941,20,easy,0.7006371307669803,0.6975,0.3709700122651425
mmmlu,mmmlu/mmmlu-id-id-00078,mmmlu-id-id-00078,0.7843931868053258,0.21560681319467423,17,medium,0.5392258195612704,0.529411705882353,0.4248617659716635
mmmlu,mmmlu/mmmlu-ar-xy-00001,mmmlu-ar-xy-00001,0.7843931868053258,0.21560681319467423,16,hard,0.2198965794583974,0.197916625,0.3396216581134578
algotune,algotune/algotune-convex-hull,algotune-convex-hull,0.784799909191222,0.215200090808778,24,hard,0.0682675934160102,0.0737217767355136,0.1715240102306194
algotune,algotune/algotune-cumulative-simpson-1d,algotune-cumulative-simpson-1d,0.784799909191222,0.215200090808778,25,hard,0.136588696802747,0.1412201426456134,0.2193135312253254
swebench-verified,swebench-verified/swebench-verified-sympy__sympy-18698,swebench-verified-sympy__sympy-18698,0.7848031031428653,0.21519689685713472,20,medium,0.5614522752834369,0.53,0.3363034344160048
aider-polyglot,aider-polyglot/polyglot_javascript_state-of-tic-tac-toe,polyglot_javascript_state-of-tic-tac-toe,0.7848478323585598,0.21515216764144018,26,medium,0.5692307692307692,0.5692307692307692,0.3910235392965795
gaia,gaia/gaia-0b260a57-3f3a-4405-9f29-6d7a1012dbfb,gaia-0b260a57-3f3a-4405-9f29-6d7a1012dbfb,0.7849223164153158,0.21507768358468415,20,hard,0.0539798097815062,0.0699999999999999,0.212367605815953
reasoning-gym,reasoning-gym/reasoning-gym-cognition-modulo-grid-hard0292e21f-seed45-0,reasoning-gym-cognition-modulo-grid-hard0292e21f-seed45-0,0.7853598214982048,0.21464017850179518,20,hard,0.1877568584744804,0.21,0.3315116890850155
reasoning-gym,reasoning-gym/reasoning-gym-cognition-modulo-grid-hard0292e21f-seed45-2,reasoning-gym-cognition-modulo-grid-hard0292e21f-seed45-2,0.7853598214982048,0.21464017850179518,20,hard,0.1330180793261745,0.1589485,0.2571679375230318
swtbench,swtbench/swtbench-django__django-13810,swtbench-django__django-13810,0.7854975822064887,0.2145024177935113,13,medium,0.6228361450373016,0.5615384615384615,0.2815846956572789
swtbench,swtbench/swtbench-astropy__astropy-14365,swtbench-astropy__astropy-14365,0.7854975822064887,0.2145024177935113,14,medium,0.4060698550278875,0.3928571428571429,0.3514547028612155
featurebench-modal,featurebench-modal/featurebench-modal-pydantic__pydantic.e1dcaf9e.test_deprecated_fields.40a2ec54.lv1,featurebench-modal-pydantic__pydantic.e1dcaf9e.test_deprecated_fields.40a2ec54.lv1,0.7855006465373907,0.2144993534626093,26,hard,0.2019230769230769,0.2019230769230769,0.3509549525198709
bixbench,bixbench/bix-6-q1,bix-6-q1,0.7856545689678304,0.21434543103216963,20,easy,0.7995744373684686,0.74,0.3693237062523878
livecodebench,livecodebench/livecodebench-arc182_e,livecodebench-arc182_e,0.7856753904480533,0.21432460955194665,15,medium,0.5363521203286005,0.5,0.4830458915396479
gpqa-diamond,gpqa-diamond/gpqa-diamond-140,gpqa-diamond-140,0.7860059222275582,0.21399407777244184,20,easy,0.8245812211214261,0.7725,0.3314645531576491
bfcl,bfcl/bfcl-live-irrelevance-781-290-0,bfcl-live-irrelevance-781-290-0,0.7862236324136472,0.21377636758635277,26,hard,0.1538461538461538,0.1538461538461538,0.256051030416819
gpqa-diamond,gpqa-diamond/gpqa-diamond-18,gpqa-diamond-18,0.7863001143621846,0.2136998856378154,18,medium,0.5872160479000555,0.5777777777777778,0.3923654129557683
aider-polyglot,aider-polyglot/polyglot_python_dot-dsl,polyglot_python_dot-dsl,0.7864932185867202,0.21350678141327983,26,hard,0.1769230769230769,0.1769230769230769,0.3434079120853802
bfcl,bfcl/bfcl-live-multiple-344-133-8,bfcl-live-multiple-344-133-8,0.7865846496728093,0.21341535032719072,26,easy,0.8384615384615385,0.8384615384615385,0.282947294734608
medagentbench,medagentbench/medagentbench-task9_15,medagentbench-task9_15,0.7873042934640017,0.21269570653599834,20,medium,0.5064651777410195,0.51,0.3433656942677878
gaia,gaia/gaia-9f41b083-683e-4dcf-9185-ccfeaa88fa45,gaia-9f41b083-683e-4dcf-9185-ccfeaa88fa45,0.7873267429358122,0.21267325706418783,20,hard,0.2427680113807985,0.24,0.3006659275674582
aider-polyglot,aider-polyglot/polyglot_go_sublist,polyglot_go_sublist,0.7873851505498557,0.2126148494501443,26,medium,0.3615384615384615,0.3615384615384615,0.3762946094964617
gpqa-diamond,gpqa-diamond/gpqa-diamond-176,gpqa-diamond-176,0.7874687738343827,0.21253122616561726,20,easy,0.9112551042085628,0.89833335,0.2090919336613143
seal0,seal0/seal0-65,seal0-65,0.7878749281814037,0.2121250718185963,26,medium,0.6320512692307693,0.6320512692307693,0.372073292435939
gpqa-diamond,gpqa-diamond/gpqa-diamond-123,gpqa-diamond-123,0.7879570218109264,0.21204297818907358,20,saturated,0.9536084655282048,0.94,0.1113552872566004
bigcodebench,bigcodebench/bigcodebench_100,bigcodebench_100,0.7882792244500647,0.2117207755499353,26,frontier,0.0442307692307692,0.0442307692307692,0.1508481936079876
bigcodebench,bigcodebench/bigcodebench_13,bigcodebench_13,0.7882792244500647,0.2117207755499353,12,medium,0.3079674512183504,0.4166666666666667,0.4930066485916347
livecodebench,livecodebench/livecodebench-abc312_e,livecodebench-abc312_e,0.7884906607180862,0.21150933928191384,18,easy,0.8467423210641722,0.7814814999999999,0.3115021724312065
arc-agi-2,arc-agi-2/arc-agi-2-2ba387bc_0,arc-agi-2-2ba387bc_0,0.788649980205129,0.211350019794871,20,medium,0.4686028649754099,0.4666666499999999,0.4071581783806233
seal0,seal0/seal0-50,seal0-50,0.7887175871398967,0.2112824128601033,26,medium,0.3557692307692308,0.3557692307692308,0.3966995867532225
medagentbench,medagentbench/medagentbench-task6_23,medagentbench-task6_23,0.7887749124040562,0.21122508759594383,20,easy,0.7477348322724929,0.7300000000000001,0.3303028912982749
livecodebench,livecodebench/livecodebench-abc388_g,livecodebench-abc388_g,0.788843903730489,0.21115609626951104,18,easy,0.8127845016240263,0.729629611111111,0.3422671340980347
seal0,seal0/seal0-3,seal0-3,0.7891955891690183,0.21080441083098167,26,hard,0.1192307692307692,0.1192307692307692,0.2179788817739193
aider-polyglot,aider-polyglot/polyglot_javascript_beer-song,polyglot_javascript_beer-song,0.7897522732554123,0.2102477267445877,26,medium,0.3384615384615384,0.3384615384615384,0.3991114391099337
swebench-multilingual,swebench-multilingual/swebench-multilingual-babel__babel-15649,swebench-multilingual-babel__babel-15649,0.7898978834414608,0.21010211655853916,14,hard,0.1178042446609598,0.1380952142857143,0.2932730144383212
reasoning-gym,reasoning-gym/reasoning-gym-algorithmic-game-of-life-easy00cea0a5-seed45-0,reasoning-gym-algorithmic-game-of-life-easy00cea0a5-seed45-0,0.7905644510187639,0.20943554898123606,13,easy,0.7755180653592879,0.6270513076923077,0.4382883329733073
reasoning-gym,reasoning-gym/reasoning-gym-arithmetic-products-hard0292e21f-seed45-1,reasoning-gym-arithmetic-products-hard0292e21f-seed45-1,0.7905644510187639,0.20943554898123606,12,easy,0.9277008349146498,0.85,0.2692582403567252
kumo,kumo/kumo-plantenv-t4-a6-v1-s1,kumo-plantenv-t4-a6-v1-s1,0.7906155853523006,0.2093844146476994,16,saturated,0.976661473940498,0.9635416875,0.0975780303409268
aider-polyglot,aider-polyglot/polyglot_go_octal,polyglot_go_octal,0.790772829278072,0.20922717072192798,26,hard,0.2019230769230769,0.2019230769230769,0.3283058989930115
gaia,gaia/gaia-2b3ef98c-cc05-450b-a719-711aee40ac65,gaia-2b3ef98c-cc05-450b-a719-711aee40ac65,0.7908520657133924,0.2091479342866076,20,hard,0.1730194136357707,0.1974999999999999,0.2985276369115596
gaia,gaia/gaia-d5141ca5-e7a0-469f-bf3e-e773507c86e2,gaia-d5141ca5-e7a0-469f-bf3e-e773507c86e2,0.7908520657133924,0.2091479342866076,20,medium,0.3153753404814257,0.33,0.3241913015489466
featurebench-modal,featurebench-modal/featurebench-modal-lightning-ai__pytorch-lightning.126fa6f1.test_fsdp_integration.61c07610.lv1,featurebench-modal-lightning-ai__pytorch-lightning.126fa6f1.test_fsdp_integration.61c07610.lv1,0.791174673876166,0.20882532612383398,26,medium,0.5307692307692308,0.5307692307692308,0.4088155788552986
gaia,gaia/gaia-23dd907f-1261-4488-b21c-e9185af91d5e,gaia-23dd907f-1261-4488-b21c-e9185af91d5e,0.7911995508596129,0.2088004491403871,20,medium,0.397465089859254,0.3775,0.3124399942388938
labbench,labbench/labbench-figqa-0023,labbench-figqa-0023,0.791282696034911,0.20871730396508903,13,hard,0.2768996548052737,0.3384615384615385,0.3541804440991181
seal0,seal0/seal0-14,seal0-14,0.7916092860147994,0.2083907139852006,26,medium,0.6403846153846153,0.6403846153846153,0.4380944819875377
seal0,seal0/seal0-16,seal0-16,0.7916092860147994,0.2083907139852006,26,medium,0.528846153846154,0.528846153846154,0.3981140822493059
replicationbench,replicationbench/replicationbench-gw_nsbh__mtov_spin,replicationbench-gw_nsbh__mtov_spin,0.7918754612712492,0.2081245387287508,20,hard,0.1393105469229727,0.15,0.1884144368141677
gpqa-diamond,gpqa-diamond/gpqa-diamond-152,gpqa-diamond-152,0.7923673801390532,0.20763261986094683,19,easy,0.8452064529140433,0.8017544210526315,0.2906885560641575
gaia,gaia/gaia-4b650a35-8529-4695-89ed-8dc7a500a498,gaia-4b650a35-8529-4695-89ed-8dc7a500a498,0.7925284868719633,0.2074715131280367,20,easy,0.8765705031713507,0.8399999999999999,0.2416609194718914
mmau,mmau/mmau-f2b53917-8dad-4d75-a1b1-f26887587a76,mmau-f2b53917-8dad-4d75-a1b1-f26887587a76,0.792622370745294,0.20737762925470604,20,easy,0.7888695068226403,0.77,0.298496231131986
mmau,mmau/mmau-3580ca69-7d52-4b48-bb13-63e0fb898439,mmau-3580ca69-7d52-4b48-bb13-63e0fb898439,0.792622370745294,0.20737762925470604,20,easy,0.7519228994844991,0.7499999999999999,0.3154362059117501
aider-polyglot,aider-polyglot/polyglot_python_simple-linked-list,polyglot_python_simple-linked-list,0.7928183360504814,0.20718166394951865,26,medium,0.5692307692307691,0.5692307692307691,0.4321406740057888
replicationbench,replicationbench/replicationbench-disk_ridges__gaia_dr2_rvs,replicationbench-disk_ridges__gaia_dr2_rvs,0.7930690347997054,0.20693096520029464,17,medium,0.3184620053271136,0.3294117647058824,0.3425934065543773
reasoning-gym,reasoning-gym/reasoning-gym-arithmetic-lcm-hard0292e21f-seed45-1,reasoning-gym-arithmetic-lcm-hard0292e21f-seed45-1,0.793192913697863,0.20680708630213696,20,easy,0.9049862298498154,0.9,0.2049390153191919
reasoning-gym,reasoning-gym/reasoning-gym-algorithmic-game-of-life-easy00cea0a5-seed45-1,reasoning-gym-algorithmic-game-of-life-easy00cea0a5-seed45-1,0.7932424299626502,0.20675757003734985,20,easy,0.7391430592018671,0.7121999999999999,0.3382430487090607
reasoning-gym,reasoning-gym/reasoning-gym-games-mahjong-puzzle-hard0292e21f-seed45-0,reasoning-gym-games-mahjong-puzzle-hard0292e21f-seed45-0,0.7932424299626502,0.20675757003734985,20,medium,0.576825355282059,0.57015265,0.3756455799532686
ineqmath,ineqmath/ineqmath-48,ineqmath-48,0.7934664770983914,0.20653352290160865,15,easy,0.9091594402999535,0.8766666666666667,0.2414309194964242
aime,aime/aime_ii-6,aime_ii-6,0.7939640080920422,0.20603599190795785,19,easy,0.9128920427694214,0.8973684210526316,0.2003113919366849
livecodebench,livecodebench/livecodebench-abc383_d,livecodebench-abc383_d,0.7940106226494656,0.20598937735053435,18,saturated,0.9769150307107316,0.9666666666666668,0.0745355992499929
livecodebench,livecodebench/livecodebench-abc308_f,livecodebench-abc308_f,0.7940106226494656,0.20598937735053435,18,saturated,0.982684435969541,0.975,0.0712000312109794
gpqa-diamond,gpqa-diamond/gpqa-diamond-125,gpqa-diamond-125,0.7943031175438979,0.20569688245610207,20,easy,0.8302179408881073,0.8,0.2792848008753788
gpqa-diamond,gpqa-diamond/gpqa-diamond-53,gpqa-diamond-53,0.7943398878764422,0.20566011212355784,18,easy,0.7102455555951395,0.6611111111111111,0.4124976617965905
omnimath,omnimath/omnimath_440,omnimath_440,0.7945647790674287,0.20543522093257127,25,medium,0.6843152580334233,0.68,0.354682957019364
reasoning-gym,reasoning-gym/reasoning-gym-code-codeio-easy00cea0a5-seed45-2,reasoning-gym-code-codeio-easy00cea0a5-seed45-2,0.7945778107324964,0.20542218926750355,12,easy,0.865212230622433,0.7091666666666666,0.4296405151079472
labbench,labbench/labbench-figqa-0004,labbench-figqa-0004,0.7946266212632386,0.20537337873676142,13,hard,0.2164905338537529,0.2461538461538461,0.273482905148172
labbench,labbench/labbench-figqa-0104,labbench-figqa-0104,0.7946266212632386,0.20537337873676142,13,hard,0.169186832248122,0.1538461538461538,0.178089798504465
gpqa-diamond,gpqa-diamond/gpqa-diamond-97,gpqa-diamond-97,0.7947358263376932,0.20526417366230676,18,medium,0.5283652025384128,0.5314814999999999,0.4169957608183472
labbench,labbench/labbench-figqa-0044,labbench-figqa-0044,0.7950788644014618,0.2049211355985382,13,medium,0.4853972266589406,0.5230769230769231,0.3640664481907456
aider-polyglot,aider-polyglot/polyglot_java_queen-attack,polyglot_java_queen-attack,0.7957603840350109,0.20423961596498907,26,hard,0.0615384615384615,0.0615384615384615,0.1902971827208151
lawbench,lawbench/lawbench-2-4-16-one-shot,lawbench-2-4-16-one-shot,0.7958128308469057,0.20418716915309432,20,medium,0.5950032910992984,0.586,0.1048522770377448
reasoning-gym,reasoning-gym/reasoning-gym-games-sokoban-hard0292e21f-seed45-1,reasoning-gym-games-sokoban-hard0292e21f-seed45-1,0.7958210415006146,0.2041789584993854,13,hard,0.1058229551528892,0.1717948461538461,0.2957956401800317
reasoning-gym,reasoning-gym/reasoning-gym-logic-propositional-logic-easy00cea0a5-seed45-1,reasoning-gym-logic-propositional-logic-easy00cea0a5-seed45-1,0.7958210415006146,0.2041789584993854,12,hard,0.287768091880322,0.29375,0.1080726029111911
swebench-multilingual,swebench-multilingual/swebench-multilingual-rubocop__rubocop-13579,swebench-multilingual-rubocop__rubocop-13579,0.7960662497182095,0.2039337502817905,15,hard,0.1668162379940197,0.2333333333333333,0.4027681991198191
crustbench,crustbench/crustbench-blt,crustbench-blt,0.7962052320951631,0.20379476790483686,24,medium,0.6111429150813572,0.6041666666666666,0.4107707863138382
swebench-multilingual,swebench-multilingual/swebench-multilingual-apache__lucene-11760,swebench-multilingual-apache__lucene-11760,0.7965469927611004,0.20345300723889959,14,medium,0.3600317600692819,0.4285714285714285,0.4573660169594892
aider-polyglot,aider-polyglot/polyglot_go_word-search,polyglot_go_word-search,0.7965785369472408,0.2034214630527592,26,hard,0.2769230769230769,0.2769230769230769,0.4153846153846154
aider-polyglot,aider-polyglot/polyglot_javascript_go-counting,polyglot_javascript_go-counting,0.7965785369472408,0.2034214630527592,26,hard,0.2961538461538461,0.2961538461538461,0.3705305647423489
simpleqa,simpleqa/simpleqa-2279,simpleqa-2279,0.7968323044624016,0.2031676955375984,20,easy,0.7070502458635851,0.67,0.3809199390948182
mmmlu,mmmlu/mmmlu-it-it-00086,mmmlu-it-it-00086,0.7969508818800187,0.20304911811998128,18,easy,0.8588977596922491,0.7962962777777778,0.3494067331316844
swebench-verified,swebench-verified/swebench-verified-sympy__sympy-19495,swebench-verified-sympy__sympy-19495,0.7970681495508048,0.20293185044919515,20,easy,0.7514380135268468,0.7275000000000001,0.2913224158900238
gpqa-diamond,gpqa-diamond/gpqa-diamond-170,gpqa-diamond-170,0.7972444379675901,0.20275556203240985,20,medium,0.6648675568157282,0.655,0.3380130010648998
gpqa-diamond,gpqa-diamond/gpqa-diamond-126,gpqa-diamond-126,0.7972444379675901,0.20275556203240985,19,medium,0.5415035372858495,0.5298245789473683,0.3791179016869381
spider2,spider2/spider2-hive001,spider2-hive001,0.7975179403629572,0.2024820596370428,16,medium,0.4484565900477486,0.4624999999999999,0.4456385867493972
spider2,spider2/spider2-recharge002,spider2-recharge002,0.7975179403629572,0.2024820596370428,15,hard,0.1821114027375529,0.2844444666666667,0.333303750094688
aime,aime/aime_ii-13,aime_ii-13,0.7978047940470401,0.20219520595295992,19,medium,0.5926703659612534,0.5692982631578948,0.3726883241806952
aime,aime/aime_ii-9,aime_ii-9,0.7978047940470401,0.20219520595295992,19,easy,0.7865456212565939,0.7710526315789474,0.2720854110644807
bfcl,bfcl/bfcl-live-irrelevance-103-3-0,bfcl-live-irrelevance-103-3-0,0.7978130525208191,0.20218694747918087,26,easy,0.7999999999999999,0.7999999999999999,0.3328201177351375
bfcl,bfcl/bfcl-live-irrelevance-125-11-0,bfcl-live-irrelevance-125-11-0,0.7978130525208191,0.20218694747918087,26,easy,0.8846153846153846,0.8846153846153846,0.249140534472333
crustbench,crustbench/crustbench-gorilla-paper-encode,crustbench-gorilla-paper-encode,0.7978911014560952,0.2021088985439048,23,medium,0.5558445004786924,0.532608695652174,0.4052934244771134
gpqa-diamond,gpqa-diamond/gpqa-diamond-21,gpqa-diamond-21,0.798122842655984,0.201877157344016,18,easy,0.7999505528293033,0.7111111111111111,0.3956554181058856
gpqa-diamond,gpqa-diamond/gpqa-diamond-144,gpqa-diamond-144,0.798122842655984,0.201877157344016,20,easy,0.7220513519790266,0.6883333500000001,0.3673138218502368
spider2,spider2/spider2-tickit001,spider2-tickit001,0.7981710154321523,0.2018289845678477,15,easy,0.7727132492148123,0.62,0.4563624290699955
reasoning-gym,reasoning-gym/reasoning-gym-graphs-largest-island-hard0292e21f-seed45-1,reasoning-gym-graphs-largest-island-hard0292e21f-seed45-1,0.7981858654025975,0.2018141345974025,20,medium,0.577976768662424,0.565,0.3182373328193912
reasoning-gym,reasoning-gym/reasoning-gym-algorithmic-ab-hard0292e21f-seed45-1,reasoning-gym-algorithmic-ab-hard0292e21f-seed45-1,0.7981858654025975,0.2018141345974025,20,medium,0.3981545754001691,0.3999999999999999,0.3577708763999664
gpqa-diamond,gpqa-diamond/gpqa-diamond-27,gpqa-diamond-27,0.7982853928291145,0.20171460717088552,20,medium,0.6473544013704609,0.6100000000000001,0.3433656942677879
aider-polyglot,aider-polyglot/polyglot_go_variable-length-quantity,polyglot_go_variable-length-quantity,0.7986472868046255,0.2013527131953745,26,easy,0.726923076923077,0.726923076923077,0.310777798815627
usaco,usaco/usaco-436,usaco-436,0.7988187278108891,0.20118127218911086,19,medium,0.5248915911626565,0.4868421052631579,0.4541742377404808
replicationbench,replicationbench/replicationbench-lensing_dr6_growth__alens,replicationbench-lensing_dr6_growth__alens,0.7989565559573795,0.20104344404262053,17,medium,0.442620246526294,0.4264705882352941,0.3726367285814554
aider-polyglot,aider-polyglot/polyglot_python_paasio,polyglot_python_paasio,0.7989719955566588,0.20102800444334123,26,hard,0.0692307692307692,0.0692307692307692,0.1749048769369549
mmau,mmau/mmau-4452ab49-197b-4e61-8eb5-458999f0e914,mmau-4452ab49-197b-4e61-8eb5-458999f0e914,0.7991165173881457,0.2008834826118543,20,easy,0.8477104014990018,0.8099999999999999,0.3315116890850155
bixbench,bixbench/bix-49-q1,bix-49-q1,0.7992616224054824,0.20073837759451763,20,frontier,0.0387494159911665,0.04,0.08
kumo,kumo/kumo-spiceenv-t4-a6-v1-s1,kumo-spiceenv-t4-a6-v1-s1,0.7993038020701511,0.20069619792984894,18,saturated,0.9615363398945262,0.9444444444444444,0.1571348402636772
kumo,kumo/kumo-astronomyenv-t4-a6-v1-s1,kumo-astronomyenv-t4-a6-v1-s1,0.7993148377064367,0.20068516229356326,20,easy,0.8846109147131748,0.85,0.3570714214271425
medagentbench,medagentbench/medagentbench-task7_25,medagentbench-task7_25,0.7993184669748106,0.20068153302518943,20,frontier,0.0153970357031169,0.02,0.06
medagentbench,medagentbench/medagentbench-task7_20,medagentbench-task7_20,0.7993184669748106,0.20068153302518943,20,frontier,0.0230900888524485,0.03,0.0714142842854285
mmau,mmau/mmau-faa5e92a-8de6-49e1-b72e-bd4defebd794,mmau-faa5e92a-8de6-49e1-b72e-bd4defebd794,0.7994791356223021,0.2005208643776979,20,easy,0.8797804283209286,0.8600000000000001,0.2107130750570547
omnimath,omnimath/omnimath_2534,omnimath_2534,0.7995364592765433,0.20046354072345673,25,easy,0.9100743065262926,0.90666668,0.2239047273581726
bfcl,bfcl/bfcl-parallel-5,bfcl-parallel-5,0.7998362826091514,0.2001637173908486,26,easy,0.8999999999999999,0.8999999999999999,0.2369680277038363
algotune,algotune/algotune-ks-test-2samp,algotune-ks-test-2samp,0.7998409755176955,0.2001590244823045,24,frontier,0.043009205059641,0.0465685654103007,0.113226151687439
livecodebench,livecodebench/livecodebench-3696,livecodebench-3696,0.8003071595705276,0.19969284042947244,18,easy,0.7919439898570484,0.7,0.409305358556692
swebench-multilingual,swebench-multilingual/swebench-multilingual-babel__babel-15445,swebench-multilingual-babel__babel-15445,0.8005489630011005,0.19945103699889954,15,hard,0.2058514581450729,0.3466666666666667,0.4645667037382492
swebench-multilingual,swebench-multilingual/swebench-multilingual-gin-gonic__gin-3820,swebench-multilingual-gin-gonic__gin-3820,0.8005489630011005,0.19945103699889954,14,hard,0.1678397536564803,0.2678571428571428,0.4060291786036454
aider-polyglot,aider-polyglot/polyglot_rust_forth,polyglot_rust_forth,0.8006502749299828,0.19934972507001725,26,easy,0.7820512692307692,0.7820512692307692,0.3216186232018812
gpqa-diamond,gpqa-diamond/gpqa-diamond-185,gpqa-diamond-185,0.8008582018266007,0.19914179817339928,18,medium,0.4997190834539028,0.4888888888888888,0.3828096261544937
labbench,labbench/labbench-figqa-0153,labbench-figqa-0153,0.8009065027661773,0.19909349723382275,13,medium,0.5622631018995838,0.5076923076923077,0.3812157444111959
gaia,gaia/gaia-d1af70ea-a9a4-421a-b9cc-94b5e02f1788,gaia-d1af70ea-a9a4-421a-b9cc-94b5e02f1788,0.8010419929388117,0.19895800706118827,20,medium,0.5386710240229932,0.5399999999999999,0.3954743986657038
swebench-multilingual,swebench-multilingual/swebench-multilingual-immutable-js__immutable-js-2005,swebench-multilingual-immutable-js__immutable-js-2005,0.8011222837650039,0.19887771623499606,14,medium,0.5192164162825381,0.5,0.5
swebench-multilingual,swebench-multilingual/swebench-multilingual-nushell__nushell-13831,swebench-multilingual-nushell__nushell-13831,0.801302494164339,0.19869750583566104,13,medium,0.5240309914479127,0.5128205384615385,0.4407721483771606
featurebench-modal,featurebench-modal/featurebench-modal-astropy__astropy.b0db0daa.test_tilde_path.383d7c0c.lv1,featurebench-modal-astropy__astropy.b0db0daa.test_tilde_path.383d7c0c.lv1,0.8013092627896918,0.19869073721030817,26,hard,0.2769230769230769,0.2769230769230769,0.3805943654416302
seal0,seal0/seal0-91,seal0-91,0.8014537989151118,0.19854620108488819,26,medium,0.5993589615384616,0.5993589615384616,0.4184955015244379
seal0,seal0/seal0-9,seal0-9,0.8014537989151118,0.19854620108488819,26,medium,0.4942307692307692,0.4942307692307692,0.3338119227005286
swebench-verified,swebench-verified/swebench-verified-sympy__sympy-17139,swebench-verified-sympy__sympy-17139,0.802214375033604,0.19778562496639596,20,easy,0.8051458434251424,0.77,0.3179622619116929
algotune,algotune/algotune-feedback-controller-design,algotune-feedback-controller-design,0.8022302967096618,0.19776970329033816,25,medium,0.5984013257744818,0.5906458308790339,0.3391664142135846
gaia,gaia/gaia-42576abe-0deb-4869-8c63-225c2d75a95a,gaia-42576abe-0deb-4869-8c63-225c2d75a95a,0.8025948433008601,0.19740515669913994,20,easy,0.7734331749684386,0.73,0.391279950930277
gaia,gaia/gaia-cffe0e32-c9a6-4c52-9877-78ceb4aaa9fb,gaia-cffe0e32-c9a6-4c52-9877-78ceb4aaa9fb,0.8025948433008601,0.19740515669913994,20,easy,0.7578588595985887,0.7100000000000001,0.3973663297261105
aider-polyglot,aider-polyglot/polyglot_go_zebra-puzzle,polyglot_go_zebra-puzzle,0.8030036531895112,0.19699634681048883,26,easy,0.7961538461538462,0.7961538461538462,0.2967526413993897
aider-polyglot,aider-polyglot/polyglot_python_dominoes,polyglot_python_dominoes,0.803003863566257,0.19699613643374303,26,medium,0.6769230769230768,0.6769230769230768,0.3640664481907456
medagentbench,medagentbench/medagentbench-task2_8,medagentbench-task2_8,0.8031207318178739,0.1968792681821261,20,easy,0.7641695109003606,0.7700000000000001,0.2917190429162964
gpqa-diamond,gpqa-diamond/gpqa-diamond-91,gpqa-diamond-91,0.8031672921713638,0.19683270782863616,19,easy,0.8034069709975569,0.7736842105263158,0.3237804734906823
lawbench,lawbench/lawbench-3-6-10-one-shot,lawbench-3-6-10-one-shot,0.80326577777783,0.19673422222216996,20,medium,0.6553974126664307,0.6453750000000001,0.2294971064632406
ineqmath,ineqmath/ineqmath-30,ineqmath-30,0.8033357886234473,0.19666421137655266,20,easy,0.932360599315338,0.92,0.1599999999999999
bfcl,bfcl/bfcl-live-simple-173-99-7,bfcl-live-simple-173-99-7,0.8037896398325718,0.1962103601674282,26,easy,0.9076923076923076,0.9076923076923076,0.2092533924420837
gaia,gaia/gaia-d0633230-7067-47a9-9dbf-ee11e0a2cdd6,gaia-d0633230-7067-47a9-9dbf-ee11e0a2cdd6,0.803821807252009,0.19617819274799098,20,medium,0.3614337714801546,0.3625,0.3488821434238215
gpqa-diamond,gpqa-diamond/gpqa-diamond-7,gpqa-diamond-7,0.8041396097162081,0.19586039028379187,19,easy,0.8414087111520234,0.7850877368421053,0.2889229138343127
bfcl,bfcl/bfcl-live-irrelevance-122-9-2,bfcl-live-irrelevance-122-9-2,0.8042312693544157,0.1957687306455843,26,easy,0.9384615384615386,0.9384615384615386,0.1546134710941675
swtbench,swtbench/swtbench-pydata__xarray-7393,swtbench-pydata__xarray-7393,0.8044371094075841,0.19556289059241594,12,hard,0.0642338702113932,0.1388889166666666,0.2727885803473263
swtbench,swtbench/swtbench-django__django-15103,swtbench-django__django-15103,0.8044371094075841,0.19556289059241594,12,frontier,0.0288357018811904,0.0611110833333333,0.1104144143725947
reasoning-gym,reasoning-gym/reasoning-gym-algorithmic-binary-alternation-hard0292e21f-seed45-0,reasoning-gym-algorithmic-binary-alternation-hard0292e21f-seed45-0,0.8048026565827209,0.19519734341727912,20,easy,0.7966452679906262,0.7625000000000001,0.2823450902707536
gaia,gaia/gaia-114d5fd0-e2ae-4b6d-a65a-870da2d19c08,gaia-114d5fd0-e2ae-4b6d-a65a-870da2d19c08,0.8049409713998048,0.1950590286001952,20,medium,0.4350584745445046,0.4274999999999999,0.3679249244071404
gaia,gaia/gaia-87c610df-bef7-4932-b950-1d83ef4e282b,gaia-87c610df-bef7-4932-b950-1d83ef4e282b,0.8049729908979228,0.19502700910207715,20,easy,0.7619199899675725,0.74,0.3039736830714133
gaia,gaia/gaia-d8152ad6-e4d5-4c12-8bb7-8d57dc10c6de,gaia-d8152ad6-e4d5-4c12-8bb7-8d57dc10c6de,0.8049729908979228,0.19502700910207715,20,medium,0.5997405621856049,0.58,0.3399999999999999
bfcl,bfcl/bfcl-live-irrelevance-799-305-3,bfcl-live-irrelevance-799-305-3,0.8051575644146634,0.19484243558533665,26,easy,0.9384615384615386,0.9384615384615386,0.1733758103013022
bfcl,bfcl/bfcl-simple-python-296,bfcl-simple-python-296,0.8051575644146634,0.19484243558533665,26,saturated,0.953846153846154,0.953846153846154,0.1008836696046461
aider-polyglot,aider-polyglot/polyglot_javascript_bottle-song,polyglot_javascript_bottle-song,0.80530001074871,0.19469998925128995,26,medium,0.4673076923076923,0.4673076923076923,0.4171658745198429
aider-polyglot,aider-polyglot/polyglot_javascript_sum-of-multiples,polyglot_javascript_sum-of-multiples,0.80530001074871,0.19469998925128995,26,medium,0.5307692307692308,0.5307692307692308,0.4294623031448572
gpqa-diamond,gpqa-diamond/gpqa-diamond-42,gpqa-diamond-42,0.8053070859068262,0.1946929140931738,17,medium,0.6178965679070062,0.5715686470588236,0.4160884152209142
gpqa-diamond,gpqa-diamond/gpqa-diamond-71,gpqa-diamond-71,0.8053070859068262,0.1946929140931738,19,medium,0.6233862800892204,0.5894736842105263,0.399568880473897
seal0,seal0/seal0-11,seal0-11,0.8053215513831247,0.19467844861687533,26,medium,0.6634615384615384,0.6634615384615384,0.3617685438093544
aider-polyglot,aider-polyglot/polyglot_python_grade-school,polyglot_python_grade-school,0.8053685767461352,0.19463142325386484,26,medium,0.4538461538461539,0.4538461538461539,0.4456894134421837
aider-polyglot,aider-polyglot/polyglot_javascript_rectangles,polyglot_javascript_rectangles,0.8063494971150481,0.1936505028849519,26,easy,0.8307692307692308,0.8307692307692308,0.2642394467279641
mmmlu,mmmlu/mmmlu-zh-cn-00121,mmmlu-zh-cn-00121,0.8068982502602426,0.19310174973975736,18,hard,0.239407275446454,0.2777777777777778,0.415739709641549
reasoning-gym,reasoning-gym/reasoning-gym-algorithmic-string-manipulation-easy00cea0a5-seed45-1,reasoning-gym-algorithmic-string-manipulation-easy00cea0a5-seed45-1,0.8069781380508996,0.19302186194910043,20,easy,0.8949194549174927,0.8877778000000001,0.2133188723108201
reasoning-gym,reasoning-gym/reasoning-gym-arithmetic-number-format-hard0292e21f-seed45-1,reasoning-gym-arithmetic-number-format-hard0292e21f-seed45-1,0.8069781380508996,0.19302186194910043,13,easy,0.8855715760864162,0.8692307692307693,0.2865836309261101
reasoning-gym,reasoning-gym/reasoning-gym-games-sudoku-hard0292e21f-seed45-0,reasoning-gym-games-sudoku-hard0292e21f-seed45-0,0.8070130201322889,0.19298697986771107,12,easy,0.8341237539672358,0.65,0.4627814458971607
ineqmath,ineqmath/ineqmath-58,ineqmath-58,0.8073009370368724,0.19269906296312755,20,easy,0.8731125713619784,0.85,0.2355843797877949
mmmlu,mmmlu/mmmlu-de-de-00021,mmmlu-de-de-00021,0.8074189182741963,0.19258108172580368,18,hard,0.2877396520585369,0.3055555555555556,0.3778186252426512
swebench-multilingual,swebench-multilingual/swebench-multilingual-apache__lucene-12022,swebench-multilingual-apache__lucene-12022,0.8075134599043948,0.19248654009560517,15,hard,0.0859706450702466,0.1266666666666666,0.2792052212182923
lawbench,lawbench/lawbench-2-7-20-one-shot,lawbench-2-7-20-one-shot,0.8075626035647617,0.19243739643523827,20,medium,0.3402492199252317,0.3330593,0.0876875271746786
omnimath,omnimath/omnimath_1254,omnimath_1254,0.807564620763266,0.19243537923673404,26,medium,0.5089743461538462,0.5089743461538462,0.4067074112627805
omnimath,omnimath/omnimath_2343,omnimath_2343,0.807564620763266,0.19243537923673404,26,easy,0.7000000000000001,0.7000000000000001,0.3419401657060441
featurebench-modal,featurebench-modal/featurebench-modal-sympy__sympy.c1097516.test_nullspace.f14fc970.lv1,featurebench-modal-sympy__sympy.c1097516.test_nullspace.f14fc970.lv1,0.8077940490966,0.19220595090339998,26,hard,0.1673076923076923,0.1673076923076923,0.3134615384615384
simpleqa,simpleqa/simpleqa-3106,simpleqa-3106,0.8084056544174525,0.1915943455825475,20,easy,0.7884877415498917,0.73,0.3861346915261565
swtbench,swtbench/swtbench-django__django-16145,swtbench-django__django-16145,0.8084878697603289,0.19151213023967106,12,hard,0.2674291286586995,0.3333333333333333,0.262466929133727
gpqa-diamond,gpqa-diamond/gpqa-diamond-90,gpqa-diamond-90,0.8088530859831219,0.1911469140168781,19,easy,0.7397359062370564,0.6842105263157895,0.4068662755807934
gaia,gaia/gaia-1dcc160f-c187-48c2-b68e-319bd4354f3d,gaia-1dcc160f-c187-48c2-b68e-319bd4354f3d,0.8089346190838005,0.1910653809161995,20,hard,0.1285900831964506,0.1533333499999999,0.2423037932477069
gaia,gaia/gaia-3f57289b-8c60-48be-bd80-01f8099ca449,gaia-3f57289b-8c60-48be-bd80-01f8099ca449,0.8090763464780729,0.19092365352192708,20,medium,0.6865508189025952,0.6675000000000001,0.3294977238161137
simpleqa,simpleqa/simpleqa-348,simpleqa-348,0.8093134240894179,0.19068657591058213,20,medium,0.4659804136161357,0.48,0.4214261501141095
swe-lancer,swe-lancer/swe-lancer-15321,swe-lancer-15321,0.8093336155174046,0.19066638448259543,17,frontier,0.0362130886632411,0.0470588235294117,0.1091013940646553
swe-lancer,swe-lancer/swe-lancer-44146_1028,swe-lancer-44146_1028,0.8093336155174046,0.19066638448259543,17,frontier,0.0156215773646428,0.0235294117647058,0.0644379479417842
simpleqa,simpleqa/simpleqa-221,simpleqa-221,0.809371451857902,0.19062854814209795,20,medium,0.6926636847859122,0.6499999999999999,0.3840572873934303
featurebench-modal,featurebench-modal/featurebench-modal-pandas-dev__pandas.82fa2715.test_groupby_shift_diff.e13d5358.lv1,featurebench-modal-pandas-dev__pandas.82fa2715.test_groupby_shift_diff.e13d5358.lv1,0.809662763783675,0.19033723621632503,26,hard,0.175,0.175,0.340036762718386
bfcl,bfcl/bfcl-live-multiple-239-107-0,bfcl-live-multiple-239-107-0,0.8098515958967796,0.19014840410322043,26,easy,0.9384615384615383,0.9384615384615383,0.2202741702042516
reasoning-gym,reasoning-gym/reasoning-gym-games-emoji-mystery-easy00cea0a5-seed45-2,reasoning-gym-games-emoji-mystery-easy00cea0a5-seed45-2,0.8102744474724967,0.18972555252750334,20,easy,0.8186198990869156,0.7708999999999999,0.3292959003692575
featurebench-modal,featurebench-modal/featurebench-modal-pypa__packaging.013f3b03.test_metadata.e00b5801.lv1,featurebench-modal-pypa__packaging.013f3b03.test_metadata.e00b5801.lv1,0.8104516992501959,0.1895483007498041,26,medium,0.3076923076923077,0.3076923076923077,0.4203232061558534
medagentbench,medagentbench/medagentbench-task9_8,medagentbench-task9_8,0.8106436881847989,0.18935631181520107,20,medium,0.5186778235737735,0.5199999999999999,0.3762977544445356
labbench,labbench/labbench-figqa-0088,labbench-figqa-0088,0.8113242524600484,0.18867574753995164,13,frontier,0.03089175100821,0.0615384615384615,0.1211385826771047
bfcl,bfcl/bfcl-live-multiple-198-90-0,bfcl-live-multiple-198-90-0,0.8116932512395241,0.18830674876047593,26,easy,0.9461538461538462,0.9461538461538462,0.1622694085363768
gaia,gaia/gaia-305ac316-eef6-4446-960a-92d80d542f82,gaia-305ac316-eef6-4446-960a-92d80d542f82,0.8118029556580516,0.1881970443419484,20,medium,0.6989001739441865,0.6799999999999999,0.3709447398198282
aime,aime/aime_88,aime_88,0.8120238764336657,0.1879761235663343,19,easy,0.7911472626105139,0.7157894736842106,0.3437611745854301
spider2,spider2/spider2-tickit002,spider2-tickit002,0.8121733617220277,0.1878266382779723,15,hard,0.1256035054215097,0.2133333333333333,0.3116978594016256
gaia,gaia/gaia-a1e91b78-d3d8-4675-bb8d-62741b4b68a6,gaia-a1e91b78-d3d8-4675-bb8d-62741b4b68a6,0.8122192255514721,0.18778077444852792,20,medium,0.5785873530425178,0.5599999999999999,0.3611094017053557
gaia,gaia/gaia-e29834fd-413a-455c-a33e-c3915b07401c,gaia-e29834fd-413a-455c-a33e-c3915b07401c,0.8122192255514721,0.18778077444852792,20,medium,0.5772885855004354,0.57,0.3536947836765479
gpqa-diamond,gpqa-diamond/gpqa-diamond-194,gpqa-diamond-194,0.8122833636952896,0.18771663630471036,18,easy,0.8699348568522043,0.8259259444444444,0.3096305061568407
gpqa-diamond,gpqa-diamond/gpqa-diamond-159,gpqa-diamond-159,0.8125047682309503,0.1874952317690497,19,easy,0.8054824171395646,0.7999999999999999,0.3612842589838003
labbench,labbench/labbench-figqa-0116,labbench-figqa-0116,0.8127670782458071,0.18723292175419293,13,medium,0.4389928766911267,0.4461538461538461,0.3053758960196801
gaia,gaia/gaia-b9763138-c053-4832-9f55-86200cb1f99c,gaia-b9763138-c053-4832-9f55-86200cb1f99c,0.8129947548922039,0.18700524510779615,20,medium,0.5345153315676556,0.4974999999999999,0.3414948755105997
bixbench,bixbench/bix-12-q4,bix-12-q4,0.8130197508414349,0.18698024915856515,20,medium,0.3777684207332715,0.39,0.3819685850956856
usaco,usaco/usaco-1229,usaco-1229,0.8132816029094203,0.1867183970905797,20,medium,0.5204506176092875,0.49666665,0.3789825632166043
simpleqa,simpleqa/simpleqa-131,simpleqa-131,0.8133293348452507,0.18667066515474928,20,easy,0.7835605481864131,0.72,0.3762977544445355
medagentbench,medagentbench/medagentbench-task6_5,medagentbench-task6_5,0.813376604707224,0.18662339529277605,20,easy,0.7586349848814057,0.7499999999999999,0.2673948391424187
gpqa-diamond,gpqa-diamond/gpqa-diamond-32,gpqa-diamond-32,0.8136727684569985,0.18632723154300146,18,medium,0.3197136183881353,0.3287037222222222,0.3728355627142116
lawbench,lawbench/lawbench-1-1-16-one-shot,lawbench-1-1-16-one-shot,0.8139380282245706,0.18606197177542938,15,hard,0.2654297997645881,0.3113751999999999,0.339176607738643
reasoning-gym,reasoning-gym/reasoning-gym-algebra-polynomial-equations-easy00cea0a5-seed45-0,reasoning-gym-algebra-polynomial-equations-easy00cea0a5-seed45-0,0.8139532775298151,0.18604672247018494,12,easy,0.8609473233181794,0.8052571666666668,0.3715228012668117
reasoning-gym,reasoning-gym/reasoning-gym-arithmetic-prime-factorization-hard0292e21f-seed45-2,reasoning-gym-arithmetic-prime-factorization-hard0292e21f-seed45-2,0.8139532775298151,0.18604672247018494,13,easy,0.8352836212454141,0.7692307692307693,0.4213250442347431
gpqa-diamond,gpqa-diamond/gpqa-diamond-36,gpqa-diamond-36,0.8140316853871548,0.18596831461284524,16,easy,0.7222395901002737,0.65,0.3905124837953327
gaia,gaia/gaia-f46b4380-207e-4434-820b-f32ce04ae2a4,gaia-f46b4380-207e-4434-820b-f32ce04ae2a4,0.814099561958701,0.18590043804129897,20,medium,0.6534518888889398,0.6300000000000001,0.364828726939094
gaia,gaia/gaia-42d4198c-5895-4f0a-b0c0-424a66465d83,gaia-42d4198c-5895-4f0a-b0c0-424a66465d83,0.8142189621976164,0.18578103780238364,20,medium,0.6875272092385617,0.63,0.434856298103178
aider-polyglot,aider-polyglot/polyglot_rust_fizzy,polyglot_rust_fizzy,0.8142686793395353,0.18573132066046472,26,hard,0.2692307692307692,0.2692307692307692,0.3371478000124788
aider-polyglot,aider-polyglot/polyglot_go_protein-translation,polyglot_go_protein-translation,0.8142686793395353,0.18573132066046472,26,medium,0.3826923076923076,0.3826923076923076,0.409254084066908
spider2,spider2/spider2-airport001,spider2-airport001,0.8146078385792426,0.18539216142075743,17,hard,0.0946923914775209,0.1372548823529411,0.2101609386782039
spider2,spider2/spider2-airbnb002,spider2-airbnb002,0.8146078385792426,0.18539216142075743,16,hard,0.1342072992059483,0.2083333124999999,0.2933285895686607
simpleqa,simpleqa/simpleqa-1279,simpleqa-1279,0.8151756546692029,0.18482434533079706,20,saturated,0.9692281403790328,0.96,0.1019803902718556
omnimath,omnimath/omnimath_2716,omnimath_2716,0.815390408551274,0.18460959144872602,25,easy,0.9459112212201668,0.944,0.1745393938341714
swebench-multilingual,swebench-multilingual/swebench-multilingual-astral-sh__ruff-15626,swebench-multilingual-astral-sh__ruff-15626,0.8154347465573166,0.18456525344268337,15,medium,0.4968122973696479,0.4933333333333333,0.4479087208597553
algotune,algotune/algotune-lp-centering,algotune-lp-centering,0.8161047295620082,0.1838952704379918,26,frontier,0.0254505346284778,0.0254505346284778,0.0514874281322377
gaia,gaia/gaia-a7feb290-76bb-4cb7-8800-7edaf7954f2f,gaia-a7feb290-76bb-4cb7-8800-7edaf7954f2f,0.8164465296074357,0.1835534703925643,20,hard,0.2395670607433118,0.235,0.295423424934449
swebench-multilingual,swebench-multilingual/swebench-multilingual-caddyserver__caddy-6051,swebench-multilingual-caddyserver__caddy-6051,0.8167262846318462,0.18327371536815384,14,hard,0.1016531574270402,0.1071428571428571,0.2789374884252377
swebench-multilingual,swebench-multilingual/swebench-multilingual-redis__redis-13338,swebench-multilingual-redis__redis-13338,0.8167262846318462,0.18327371536815384,14,hard,0.0876580616656028,0.1011904285714285,0.2140375030715459
featurebench-modal,featurebench-modal/featurebench-modal-pytest-dev__pytest.68016f0e.test_local.40fb2f1f.lv1,featurebench-modal-pytest-dev__pytest.68016f0e.test_local.40fb2f1f.lv1,0.8167336340443213,0.1832663659556787,13,hard,0.0916822560408158,0.098717923076923,0.160988035989521
gpqa-diamond,gpqa-diamond/gpqa-diamond-54,gpqa-diamond-54,0.8167625128946833,0.18323748710531673,18,saturated,0.9760700558195712,0.9666666666666666,0.0745355992499929
seal0,seal0/seal0-18,seal0-18,0.8172162502367072,0.1827837497632928,26,medium,0.5794871923076923,0.5794871923076923,0.3832304153069132
seal0,seal0/seal0-17,seal0-17,0.8172162502367072,0.1827837497632928,26,medium,0.6384615384615385,0.6384615384615385,0.3803610866177266
featurebench-modal,featurebench-modal/featurebench-modal-linkedin__liger-kernel.c856fbab.test_poly_norm.7b0e3399.lv1,featurebench-modal-linkedin__liger-kernel.c856fbab.test_poly_norm.7b0e3399.lv1,0.8174254202482805,0.18257457975171953,25,medium,0.4033109949724088,0.406,0.4198645390017118
algotune,algotune/algotune-sylvester-solver,algotune-sylvester-solver,0.817869747980277,0.182130252019723,22,frontier,0.0330824155456445,0.0261049606274038,0.066385883790153
reasoning-gym,reasoning-gym/reasoning-gym-games-knight-swap-hard0292e21f-seed45-1,reasoning-gym-games-knight-swap-hard0292e21f-seed45-1,0.8179419637730477,0.18205803622695227,12,hard,0.1075088699082849,0.15,0.2692582403567252
reasoning-gym,reasoning-gym/reasoning-gym-games-n-queens-hard0292e21f-seed45-1,reasoning-gym-games-n-queens-hard0292e21f-seed45-1,0.8179419637730477,0.18205803622695227,20,medium,0.3082978165331865,0.3,0.3376388603226826
featurebench-modal,featurebench-modal/featurebench-modal-huggingface__transformers.e2e8dbed.test_modeling_swin2sr.f5cba486.lv1,featurebench-modal-huggingface__transformers.e2e8dbed.test_modeling_swin2sr.f5cba486.lv1,0.8188502400020933,0.18114975999790672,26,frontier,0.0269230769230769,0.0269230769230769,0.1021224465180904
gaia,gaia/gaia-7b5377b0-3f38-4103-8ad2-90fe89864c04,gaia-7b5377b0-3f38-4103-8ad2-90fe89864c04,0.81893616691504,0.18106383308496,20,medium,0.5095727158108275,0.4899999999999999,0.3766961640367472
aime,aime/aime_70,aime_70,0.819011486795527,0.18098851320447296,20,easy,0.8258079627123183,0.775,0.3603817420458478
aider-polyglot,aider-polyglot/polyglot_rust_macros,polyglot_rust_macros,0.819122581765185,0.18087741823481496,26,medium,0.6615384615384615,0.6615384615384615,0.4179408525294192
swtbench,swtbench/swtbench-astropy__astropy-14598,swtbench-astropy__astropy-14598,0.819404456343029,0.18059554365697095,14,easy,0.8237946637126713,0.7428571428571428,0.3245090483314442
featurebench-modal,featurebench-modal/featurebench-modal-pandas-dev__pandas.82fa2715.test_concat.ebe5de39.lv1,featurebench-modal-pandas-dev__pandas.82fa2715.test_concat.ebe5de39.lv1,0.8201681651284751,0.17983183487152488,26,medium,0.3378204999999999,0.3378204999999999,0.4352903956936944
gaia,gaia/gaia-4b6bb5f7-f634-410e-815d-e673ab7f8632,gaia-4b6bb5f7-f634-410e-815d-e673ab7f8632,0.8201860593537433,0.17981394064625666,20,hard,0.1732743397596637,0.175,0.2754541704167864
labbench,labbench/labbench-figqa-0011,labbench-figqa-0011,0.8205614674909291,0.17943853250907094,13,medium,0.413455355892404,0.4000000000000001,0.271746488194703
labbench,labbench/labbench-figqa-0119,labbench-figqa-0119,0.8206003213215788,0.17939967867842121,13,frontier,0.0231253924824354,0.0461538461538461,0.0842650088469486
bigcodebench,bigcodebench/bigcodebench_123,bigcodebench_123,0.8206934458061753,0.17930655419382469,12,hard,0.1874744095285142,0.25,0.4330127018922193
gpqa-diamond,gpqa-diamond/gpqa-diamond-44,gpqa-diamond-44,0.820722738323831,0.17927726167616898,20,easy,0.9411418333374374,0.94,0.1280624847486569
swebench-multilingual,swebench-multilingual/swebench-multilingual-rubocop__rubocop-13393,swebench-multilingual-rubocop__rubocop-13393,0.820786959157645,0.179213040842355,16,hard,0.1113473034042312,0.1666666875,0.3118048379106149
swebench-multilingual,swebench-multilingual/swebench-multilingual-vuejs__core-11739,swebench-multilingual-vuejs__core-11739,0.820786959157645,0.179213040842355,13,hard,0.1243092239818063,0.2141025384615384,0.352757514034917
crustbench,crustbench/crustbench-expr,crustbench-expr,0.8215830718523048,0.17841692814769516,23,medium,0.5717186067724616,0.550724652173913,0.3688498509697418
reasoning-gym,reasoning-gym/reasoning-gym-algorithmic-spiral-matrix-hard0292e21f-seed45-2,reasoning-gym-algorithmic-spiral-matrix-hard0292e21f-seed45-2,0.8216332182701008,0.17836678172989917,20,medium,0.6945059495376475,0.65666665,0.355449652162198
reasoning-gym,reasoning-gym/reasoning-gym-code-bf-hard0292e21f-seed45-1,reasoning-gym-code-bf-hard0292e21f-seed45-1,0.8216332182701008,0.17836678172989917,20,medium,0.65715174100028,0.6050077500000001,0.4128748280546871
algotune,algotune/algotune-quantile-regression,algotune-quantile-regression,0.8216439715884744,0.17835602841152565,22,hard,0.0690530490770093,0.0662925551051653,0.1115159232138524
reasoning-gym,reasoning-gym/reasoning-gym-algorithmic-string-manipulation-easy00cea0a5-seed45-2,reasoning-gym-algorithmic-string-manipulation-easy00cea0a5-seed45-2,0.8217488238973254,0.1782511761026746,12,medium,0.5934522614477185,0.4837121666666666,0.4281910208993242
reasoning-gym,reasoning-gym/reasoning-gym-code-bf-hard0292e21f-seed45-2,reasoning-gym-code-bf-hard0292e21f-seed45-2,0.8217488238973254,0.1782511761026746,12,medium,0.6221354863404643,0.5277778333333334,0.4606423487444522
lawbench,lawbench/lawbench-2-9-17-zero-shot,lawbench-2-9-17-zero-shot,0.8217534255776382,0.1782465744223618,20,easy,0.768274323283625,0.7552512500000002,0.1449119834333499
lawbench,lawbench/lawbench-2-4-13-zero-shot,lawbench-2-4-13-zero-shot,0.8217534255776382,0.1782465744223618,20,medium,0.5636340258506256,0.55291665,0.1501997423340915
swebench-multilingual,swebench-multilingual/swebench-multilingual-preactjs__preact-4436,swebench-multilingual-preactjs__preact-4436,0.8217579870207113,0.17824201297928866,14,hard,0.2029547850213357,0.3690476428571428,0.4462301304989239
crustbench,crustbench/crustbench-cissy,crustbench-cissy,0.821773596169761,0.17822640383023902,23,medium,0.3543312623659911,0.3376811739130435,0.4102908649566053
replicationbench,replicationbench/replicationbench-mars_clouds__dbscan_optimization,replicationbench-mars_clouds__dbscan_optimization,0.8219281372824109,0.17807186271758912,17,easy,0.8099949465575548,0.7205882352941176,0.3777093589806741
aider-polyglot,aider-polyglot/polyglot_javascript_affine-cipher,polyglot_javascript_affine-cipher,0.8220594638519654,0.17794053614803462,26,easy,0.8230769230769232,0.8230769230769232,0.2952283240368537
swebench-multilingual,swebench-multilingual/swebench-multilingual-jqlang__jq-2750,swebench-multilingual-jqlang__jq-2750,0.822221610632694,0.17777838936730594,15,medium,0.3275854280870729,0.4533333333333333,0.4869861964733245
aime,aime/aime_i-11,aime_i-11,0.8223243617044177,0.1776756382955823,19,easy,0.7182202699407026,0.682456157894737,0.3216129700324294
medagentbench,medagentbench/medagentbench-task1_27,medagentbench-task1_27,0.8225564268988985,0.17744357310110148,20,medium,0.6354776257483834,0.64,0.3261901286060018
gpqa-diamond,gpqa-diamond/gpqa-diamond-190,gpqa-diamond-190,0.8226342501790765,0.17736574982092346,17,easy,0.8697044533875842,0.8019607647058824,0.2897983813050091
swebench-multilingual,swebench-multilingual/swebench-multilingual-tokio-rs__axum-2096,swebench-multilingual-tokio-rs__axum-2096,0.8228382118470223,0.17716178815297767,14,hard,0.2311093685234364,0.3214285714285714,0.4104985824187658
featurebench-modal,featurebench-modal/featurebench-modal-huggingface__transformers.e2e8dbed.test_modeling_vitpose.30ffd86e.lv2,featurebench-modal-huggingface__transformers.e2e8dbed.test_modeling_vitpose.30ffd86e.lv2,0.8230441119968301,0.17695588800316986,26,hard,0.1365384615384615,0.1365384615384615,0.3080826850512738
medagentbench,medagentbench/medagentbench-task1_19,medagentbench-task1_19,0.8232616698773411,0.17673833012265894,20,medium,0.6377433631559174,0.6300000000000001,0.3593048844644336
aider-polyglot,aider-polyglot/polyglot_python_proverb,polyglot_python_proverb,0.8239101139956417,0.17608988600435826,26,medium,0.4538461538461539,0.4538461538461539,0.4316611645107138
labbench,labbench/labbench-figqa-0042,labbench-figqa-0042,0.8240301144145968,0.17596988558540316,13,hard,0.1034538627269764,0.1692307692307692,0.2699989042274499
gpqa-diamond,gpqa-diamond/gpqa-diamond-154,gpqa-diamond-154,0.8243379045763516,0.1756620954236484,20,saturated,0.9717823115010892,0.96333335,0.0906151268951685
gpqa-diamond,gpqa-diamond/gpqa-diamond-84,gpqa-diamond-84,0.8243379045763516,0.1756620954236484,18,saturated,0.9587153017503456,0.9416666666666668,0.1157703665787483
kumo,kumo/kumo-oskernelenv-t4-a6-v1-s0,kumo-oskernelenv-t4-a6-v1-s0,0.824415425497439,0.17558457450256104,18,saturated,0.9674905202554565,0.9537037222222222,0.1338595185756759
replicationbench,replicationbench/replicationbench-chandra_representation__blackbody_spectral_fit,replicationbench-chandra_representation__blackbody_spectral_fit,0.8247044797563364,0.17529552024366357,17,medium,0.3304673764048091,0.35,0.3819454842528924
aider-polyglot,aider-polyglot/polyglot_rust_word-count,polyglot_rust_word-count,0.8248758378426877,0.1751241621573123,26,easy,0.8461538461538461,0.8461538461538461,0.284511415521645
reasoning-gym,reasoning-gym/reasoning-gym-geometry-advanced-geometry-hard0292e21f-seed45-0,reasoning-gym-geometry-advanced-geometry-hard0292e21f-seed45-0,0.8249132463890874,0.17508675361091264,12,easy,0.8815854494436896,0.7516666666666666,0.3786122320029058
labbench,labbench/labbench-figqa-0103,labbench-figqa-0103,0.8250884838946431,0.17491151610535693,13,frontier,0.0077633630155006,0.0153846153846153,0.0532938710021193
labbench,labbench/labbench-figqa-0055,labbench-figqa-0055,0.8250884838946431,0.17491151610535693,13,frontier,0.0386789267708981,0.0769230769230769,0.1846153846153846
aime,aime/aime_ii-15,aime_ii-15,0.8251467679155904,0.17485323208440962,18,easy,0.700237346805875,0.6935185,0.3245671058612362
usaco,usaco/usaco-1068,usaco-1068,0.8251514816836278,0.17484851831637216,19,hard,0.1136703605367155,0.1157894736842105,0.2777032833320614
kumo,kumo/kumo-transportenv-t4-a6-v1-s0,kumo-transportenv-t4-a6-v1-s0,0.8251832562863274,0.17481674371367262,18,easy,0.9310816460940268,0.9009259444444444,0.1727118435385857
featurebench-modal,featurebench-modal/featurebench-modal-pandas-dev__pandas.82fa2715.test_merge_antijoin.921feefe.lv1,featurebench-modal-pandas-dev__pandas.82fa2715.test_merge_antijoin.921feefe.lv1,0.8252063976914467,0.17479360230855334,26,hard,0.2211538461538461,0.2211538461538461,0.3828468957195946
gpqa-diamond,gpqa-diamond/gpqa-diamond-146,gpqa-diamond-146,0.8252441621873504,0.17475583781264958,18,saturated,0.9679412351880796,0.9537037222222222,0.1338595185756759
medagentbench,medagentbench/medagentbench-task9_11,medagentbench-task9_11,0.8253690435366872,0.17463095646331284,20,medium,0.5459046753963798,0.53,0.4255584566190643
featurebench-modal,featurebench-modal/featurebench-modal-lightning-ai__pytorch-lightning.126fa6f1.test_fsdp_integration.61c07610.lv2,featurebench-modal-lightning-ai__pytorch-lightning.126fa6f1.test_fsdp_integration.61c07610.lv2,0.8254570282302732,0.17454297176972677,26,medium,0.6653846153846155,0.6653846153846155,0.416202897720578
labbench,labbench/labbench-figqa-0172,labbench-figqa-0172,0.8255582183464791,0.17444178165352087,13,hard,0.2176746174824071,0.2307692307692308,0.2461538461538461
bigcodebench,bigcodebench/bigcodebench_1020,bigcodebench_1020,0.825709495676398,0.17429050432360205,26,easy,0.9064102692307692,0.9064102692307692,0.2195603919502572
simpleqa,simpleqa/simpleqa-3796,simpleqa-3796,0.8258240084851146,0.1741759915148854,20,medium,0.6721829367703112,0.6,0.4381780460041329
aider-polyglot,aider-polyglot/polyglot_go_bottle-song,polyglot_go_bottle-song,0.8258521524705553,0.17414784752944468,26,medium,0.5346153846153846,0.5346153846153846,0.3889752886083241
featurebench-modal,featurebench-modal/featurebench-modal-huggingface__transformers.e2e8dbed.test_processing_samhq.7732c356.lv1,featurebench-modal-huggingface__transformers.e2e8dbed.test_processing_samhq.7732c356.lv1,0.825871716856435,0.174128283143565,25,medium,0.3192346894410717,0.324,0.3487463261455237
swebench-multilingual,swebench-multilingual/swebench-multilingual-gin-gonic__gin-3741,swebench-multilingual-gin-gonic__gin-3741,0.8258905806782347,0.17410941932176527,14,medium,0.6196671837737298,0.5238095714285714,0.4665694893961539
spider2,spider2/spider2-quickbooks002,spider2-quickbooks002,0.8259076589331047,0.1740923410668953,14,medium,0.661430385209896,0.5785714285714286,0.4442949011452567
crustbench,crustbench/crustbench-2dpartint,crustbench-2dpartint,0.8262095034602805,0.17379049653971945,25,medium,0.5007442212965354,0.504,0.4529724053405461
swtbench,swtbench/swtbench-matplotlib__matplotlib-24177,swtbench-matplotlib__matplotlib-24177,0.8262224911296037,0.17377750887039634,12,medium,0.4962237802789229,0.5416666666666666,0.3839668677836091
aime,aime/aime_i-9,aime_i-9,0.8264913687323246,0.17350863126767535,19,easy,0.7222378395872582,0.7052631578947368,0.3586872031384599
swtbench,swtbench/swtbench-pytest-dev__pytest-6197,swtbench-pytest-dev__pytest-6197,0.8265344522372868,0.17346554776271317,12,medium,0.4767532221307044,0.4499999999999999,0.2327373340628156
bixbench,bixbench/bix-33-q6,bix-33-q6,0.8266554324288613,0.1733445675711387,20,easy,0.9230761789166028,0.9,0.3
bixbench,bixbench/bix-41-q4,bix-41-q4,0.8266554324288613,0.1733445675711387,20,easy,0.8690853805997419,0.8300000000000001,0.3363034344160048
kumo,kumo/kumo-marineenv-t4-a6-v1-s0,kumo-marineenv-t4-a6-v1-s0,0.826762591550719,0.17323740844928104,18,saturated,0.967347143268838,0.9537037222222222,0.1338595185756759
swebench-multilingual,swebench-multilingual/swebench-multilingual-projectlombok__lombok-3371,swebench-multilingual-projectlombok__lombok-3371,0.8268464961529977,0.17315350384700234,13,medium,0.5389325033229484,0.5410256153846154,0.4015257032062999
reasoning-gym,reasoning-gym/reasoning-gym-algorithmic-binary-matrix-easy00cea0a5-seed45-1,reasoning-gym-algorithmic-binary-matrix-easy00cea0a5-seed45-1,0.8270892156162775,0.17291078438372254,12,easy,0.8741497370945908,0.8333333333333334,0.3726779962499649
reasoning-gym,reasoning-gym/reasoning-gym-algorithmic-string-insertion-easy00cea0a5-seed45-2,reasoning-gym-algorithmic-string-insertion-easy00cea0a5-seed45-2,0.8270892156162775,0.17291078438372254,20,easy,0.8606527270996142,0.86,0.2374868417407583
gpqa-diamond,gpqa-diamond/gpqa-diamond-153,gpqa-diamond-153,0.8272570779934428,0.17274292200655716,19,saturated,0.984615308683382,0.9789473684210528,0.0613784409983715
swebench-multilingual,swebench-multilingual/swebench-multilingual-rubocop__rubocop-13687,swebench-multilingual-rubocop__rubocop-13687,0.8274278097001286,0.17257219029987136,15,medium,0.5034715502457714,0.4611111333333333,0.4334045630916326
swebench-multilingual,swebench-multilingual/swebench-multilingual-reactivex__rxjava-7597,swebench-multilingual-reactivex__rxjava-7597,0.8274278097001286,0.17257219029987136,14,medium,0.3858583013123572,0.4285714285714285,0.4573660169594892
livecodebench,livecodebench/livecodebench-abc399_d,livecodebench-abc399_d,0.82743471722405,0.17256528277594996,18,medium,0.5321085878254669,0.5166666666666667,0.3804237403504442
omnimath,omnimath/omnimath_1913,omnimath_1913,0.8275155764308002,0.1724844235691998,25,saturated,0.9614136359782236,0.96,0.0979795897113271
gaia,gaia/gaia-df6561b2-7ee5-4540-baab-5095f742716a,gaia-df6561b2-7ee5-4540-baab-5095f742716a,0.8275545224827995,0.17244547751720052,20,medium,0.5469595323290393,0.51,0.4311612227462019
gpqa-diamond,gpqa-diamond/gpqa-diamond-65,gpqa-diamond-65,0.827581357439408,0.17241864256059203,18,easy,0.949044642308032,0.95,0.1424000624219588
reasoning-gym,reasoning-gym/reasoning-gym-algorithmic-word-sequence-reversal-easy00cea0a5-seed45-0,reasoning-gym-algorithmic-word-sequence-reversal-easy00cea0a5-seed45-0,0.8276707224763897,0.17232927752361027,20,saturated,0.9767103737876164,0.97,0.0714142842854284
gaia,gaia/gaia-a3fbeb63-0e8c-4a11-bff6-0e3b484c3e9c,gaia-a3fbeb63-0e8c-4a11-bff6-0e3b484c3e9c,0.8276974128584546,0.17230258714154545,20,easy,0.7115657584613359,0.65,0.4043513323831146
gaia,gaia/gaia-bfcd99e1-0690-4b53-a85c-0174a8629083,gaia-bfcd99e1-0690-4b53-a85c-0174a8629083,0.8276974128584546,0.17230258714154545,20,medium,0.6549602887980916,0.6074999999999999,0.4207953778263255
featurebench-modal,featurebench-modal/featurebench-modal-mlflow__mlflow.93dab383.test_trace_manager.bb95fbcd.lv1,featurebench-modal-mlflow__mlflow.93dab383.test_trace_manager.bb95fbcd.lv1,0.8278052631037736,0.17219473689622644,25,medium,0.3003051979530452,0.312,0.4198285364288616
gaia,gaia/gaia-d700d50d-c707-4dca-90dc-4528cddd0c80,gaia-d700d50d-c707-4dca-90dc-4528cddd0c80,0.828068171034736,0.17193182896526404,20,easy,0.7301526328388361,0.7000000000000001,0.3820994634908559
kumo,kumo/kumo-educationenv-t12-a16-v1-s0,kumo-educationenv-t12-a16-v1-s0,0.828199965172611,0.17180003482738904,17,easy,0.8459196228940707,0.7647058823529411,0.4241825029957634
livecodebench,livecodebench/livecodebench-2850,livecodebench-2850,0.8283074906070996,0.17169250939290037,18,easy,0.8846062265306547,0.8333333333333334,0.2581988897471611
aider-polyglot,aider-polyglot/polyglot_go_two-bucket,polyglot_go_two-bucket,0.8283498000343469,0.17165019996565312,26,medium,0.6346153846153845,0.6346153846153845,0.3771780926955693
crustbench,crustbench/crustbench-satc,crustbench-satc,0.8285792940912571,0.17142070590874292,22,medium,0.5772104130886571,0.5545454545454546,0.4042133468257401
gpqa-diamond,gpqa-diamond/gpqa-diamond-5,gpqa-diamond-5,0.8286326021336075,0.17136739786639255,18,saturated,0.9741941503250574,0.963888888888889,0.0813182287128024
bigcodebench,bigcodebench/bigcodebench_1057,bigcodebench_1057,0.8286340194165182,0.17136598058348185,12,medium,0.602190861713735,0.5,0.5
livecodebench,livecodebench/livecodebench-arc184_d,livecodebench-arc184_d,0.8287089320240875,0.17129106797591254,14,medium,0.4052809485030613,0.4428571428571429,0.4546808703668443
bfcl,bfcl/bfcl-simple-python-325,bfcl-simple-python-325,0.8292849321087362,0.17071506789126378,26,easy,0.9384615384615383,0.9384615384615383,0.1332346775052982
algotune,algotune/algotune-spectral-clustering,algotune-spectral-clustering,0.8296046600856274,0.1703953399143726,22,medium,0.396197163268523,0.3738590782135133,0.2696990496581497
algotune,algotune/algotune-robust-kalman-filter,algotune-robust-kalman-filter,0.8296046600856274,0.1703953399143726,22,medium,0.3734083241084882,0.3577210580538006,0.3070676192465724
swtbench,swtbench/swtbench-django__django-14089,swtbench-django__django-14089,0.8297056963210475,0.17029430367895249,13,easy,0.9495272694133652,0.9000000000000001,0.1467598771410685
labbench,labbench/labbench-figqa-0051,labbench-figqa-0051,0.8298046184261125,0.17019538157388747,13,hard,0.2757950007501375,0.3076923076923077,0.3647159874193753
bixbench,bixbench/bix-30-q3,bix-30-q3,0.8304630891851126,0.16953691081488742,20,easy,0.7167252629533342,0.7075,0.3585648476914601
lawbench,lawbench/lawbench-2-4-10-one-shot,lawbench-2-4-10-one-shot,0.8305906257710425,0.16940937422895752,13,hard,0.0766113224259894,0.0869230769230769,0.072471173620393
livecodebench,livecodebench/livecodebench-3779,livecodebench-3779,0.8306983953289486,0.16930160467105138,17,medium,0.413222410664041,0.4509804117647059,0.4609407419082719
algotune,algotune/algotune-gzip-compression,algotune-gzip-compression,0.8307520644245826,0.1692479355754174,24,hard,0.0786829363918412,0.0852136534312308,0.2147555431536936
swtbench,swtbench/swtbench-django__django-14855,swtbench-django__django-14855,0.8316341973957468,0.16836580260425316,12,medium,0.5075271513291872,0.5111110833333333,0.2671292469347183
bixbench,bixbench/bix-16-q3,bix-16-q3,0.8316995659810795,0.16830043401892048,20,frontier,0.0248331327692886,0.0225,0.0679613860953409
mmau,mmau/mmau-ab53be54-3300-4964-b943-82feae51d6cd,mmau-ab53be54-3300-4964-b943-82feae51d6cd,0.8317693627643845,0.1682306372356155,20,medium,0.5509324865440919,0.5399999999999999,0.4103656905736638
mmau,mmau/mmau-5e801057-97b3-4c4a-b962-8f964ce77bd2,mmau-5e801057-97b3-4c4a-b962-8f964ce77bd2,0.8317693627643845,0.1682306372356155,20,medium,0.4849407078509624,0.48,0.3655133376499413
gpqa-diamond,gpqa-diamond/gpqa-diamond-80,gpqa-diamond-80,0.8318758234144927,0.16812417658550727,19,easy,0.8572480117718833,0.8263157894736842,0.2749968521602765
simpleqa,simpleqa/simpleqa-661,simpleqa-661,0.8319032704915212,0.16809672950847876,20,medium,0.5147251503093184,0.5,0.412310562561766
simpleqa,simpleqa/simpleqa-683,simpleqa-683,0.8319292598629503,0.1680707401370497,20,easy,0.70600584966158,0.68,0.2925747767665559
simpleqa,simpleqa/simpleqa-2305,simpleqa-2305,0.8323336053562633,0.16766639464373667,20,easy,0.7803996070206125,0.77,0.3241913015489466
gaia,gaia/gaia-33d8ea3b-6c6b-4ff1-803d-7e270dea8a57,gaia-33d8ea3b-6c6b-4ff1-803d-7e270dea8a57,0.8324901811689472,0.16750981883105276,20,medium,0.6361448963773493,0.6250000000000001,0.2891798748184251
featurebench-modal,featurebench-modal/featurebench-modal-huggingface__transformers.e2e8dbed.test_modeling_vitmatte.2d342386.lv1,featurebench-modal-huggingface__transformers.e2e8dbed.test_modeling_vitmatte.2d342386.lv1,0.8328179033336659,0.1671820966663341,26,frontier,0.0397435769230769,0.0397435769230769,0.1176766330828071
mmmlu,mmmlu/mmmlu-ar-xy-00003,mmmlu-ar-xy-00003,0.8331485040088454,0.16685149599115456,19,saturated,0.9550534926193076,0.9385965263157896,0.145201209352064
swebench-multilingual,swebench-multilingual/swebench-multilingual-phpoffice__phpspreadsheet-4114,swebench-multilingual-phpoffice__phpspreadsheet-4114,0.8332949272099247,0.1667050727900753,14,easy,0.7668541685145965,0.6071428571428571,0.4697480870702109
simpleqa,simpleqa/simpleqa-3685,simpleqa-3685,0.8333852847513236,0.16661471524867644,20,easy,0.860615041593391,0.82,0.267581763205193
simpleqa,simpleqa/simpleqa-140,simpleqa-140,0.8333943807063354,0.16660561929366458,20,medium,0.6034158521860414,0.5599999999999999,0.4270831300812524
bfcl,bfcl/bfcl-simple-python-87,bfcl-simple-python-87,0.8336121673800616,0.1663878326199384,26,saturated,0.953846153846154,0.953846153846154,0.1393136175098064
bfcl,bfcl/bfcl-simple-python-169,bfcl-simple-python-169,0.8336121673800616,0.1663878326199384,26,saturated,0.953846153846154,0.953846153846154,0.1008836696046461
reasoning-gym,reasoning-gym/reasoning-gym-algorithmic-number-filtering-easy00cea0a5-seed45-2,reasoning-gym-algorithmic-number-filtering-easy00cea0a5-seed45-2,0.8339121234207737,0.1660878765792263,20,easy,0.9176683263990794,0.9,0.2144761058952722
algotune,algotune/algotune-ode-seirs,algotune-ode-seirs,0.8340160506155668,0.16598394938443317,22,medium,0.5714585390228765,0.5355482489610247,0.3252739505613473
algotune,algotune/algotune-power-control,algotune-power-control,0.8340160506155668,0.16598394938443317,22,medium,0.6295951357078086,0.6034830323648617,0.3218189535769092
labbench,labbench/labbench-figqa-0159,labbench-figqa-0159,0.8341037500825609,0.16589624991743912,13,easy,0.7845384878116162,0.75,0.3246299668616799
bfcl,bfcl/bfcl-live-multiple-717-165-4,bfcl-live-multiple-717-165-4,0.8344077300844857,0.16559226991551435,26,hard,0.2538461538461539,0.2538461538461539,0.3488781683214944
bfcl,bfcl/bfcl-live-multiple-733-167-4,bfcl-live-multiple-733-167-4,0.8344077300844857,0.16559226991551435,26,hard,0.2692307692307692,0.2692307692307692,0.3677051816220652
replicationbench,replicationbench/replicationbench-eht_resolve__eht_ring_width,replicationbench-eht_resolve__eht_ring_width,0.8346237633926598,0.16537623660734024,17,hard,0.2862266261966106,0.2852941176470588,0.3420374531789795
bfcl,bfcl/bfcl-live-irrelevance-778-287-0,bfcl-live-irrelevance-778-287-0,0.8346365323285488,0.16536346767145116,26,easy,0.9384615384615386,0.9384615384615386,0.1332346775052982
strongreject,strongreject/strongreject_violence_0010_prefix_injection,strongreject_violence_0010_prefix_injection,0.8349611111945665,0.1650388888054335,20,easy,0.8665508970845386,0.8475000000000001,0.2903553856913972
swebench-multilingual,swebench-multilingual/swebench-multilingual-projectlombok__lombok-3312,swebench-multilingual-projectlombok__lombok-3312,0.8351686756072644,0.16483132439273562,14,medium,0.6616180119899435,0.5714285714285714,0.4573660169594892
gaia,gaia/gaia-5b2a14e8-6e59-479c-80e3-4696e8980152,gaia-5b2a14e8-6e59-479c-80e3-4696e8980152,0.8353096880174177,0.16469031198258233,20,medium,0.3054872727387664,0.3175,0.3511676949834651
aider-polyglot,aider-polyglot/polyglot_javascript_queen-attack,polyglot_javascript_queen-attack,0.8357292994352107,0.16427070056478932,26,medium,0.6923076923076923,0.6923076923076923,0.3852302777091974
swebench-multilingual,swebench-multilingual/swebench-multilingual-preactjs__preact-2927,swebench-multilingual-preactjs__preact-2927,0.8358375387160566,0.1641624612839434,13,easy,0.8029669959145118,0.6153846153846154,0.4865042554105199
gpqa-diamond,gpqa-diamond/gpqa-diamond-17,gpqa-diamond-17,0.8359945871744379,0.16400541282556214,19,hard,0.142766059556546,0.1421052631578947,0.3167529162806542
seal0,seal0/seal0-38,seal0-38,0.8364202660583522,0.16357973394164782,26,medium,0.5717948846153846,0.5717948846153846,0.3410256445922558
ineqmath,ineqmath/ineqmath-71,ineqmath-71,0.8370200692857878,0.16297993071421224,20,easy,0.7224497921941787,0.7300000000000001,0.3163858403911275
ineqmath,ineqmath/ineqmath-92,ineqmath-92,0.8370200692857878,0.16297993071421224,20,easy,0.717024071904216,0.72,0.3171750305430741
bixbench,bixbench/bix-36-q4,bix-36-q4,0.8374548598789826,0.1625451401210174,20,frontier,0.0280237164843068,0.02,0.0871779788708134
bixbench,bixbench/bix-7-q2,bix-7-q2,0.8374548598789826,0.1625451401210174,19,hard,0.1329838114290893,0.1394736842105263,0.2608583742430792
featurebench-modal,featurebench-modal/featurebench-modal-pydata__xarray.97f3a746.test_coordinate_transform.6cacb660.lv1,featurebench-modal-pydata__xarray.97f3a746.test_coordinate_transform.6cacb660.lv1,0.8374925167008139,0.16250748329918607,26,hard,0.1282051153846153,0.1282051153846153,0.2803679277038446
swebench-multilingual,swebench-multilingual/swebench-multilingual-hashicorp__terraform-34814,swebench-multilingual-hashicorp__terraform-34814,0.8377176790909571,0.16228232090904293,16,medium,0.5740130230779282,0.5364583125,0.4722956272349076
swebench-multilingual,swebench-multilingual/swebench-multilingual-sharkdp__bat-3108,swebench-multilingual-sharkdp__bat-3108,0.8377696320785843,0.16223036792141565,14,medium,0.3713759746711813,0.4404762142857143,0.4612231218625069
swebench-multilingual,swebench-multilingual/swebench-multilingual-projectlombok__lombok-3009,swebench-multilingual-projectlombok__lombok-3009,0.8377696320785843,0.16223036792141565,14,medium,0.5159503496259009,0.5,0.4629100498862757
livecodebench,livecodebench/livecodebench-abc337_d,livecodebench-abc337_d,0.8378459849949702,0.1621540150050298,18,easy,0.9326742404384684,0.9037037222222222,0.1832116827970086
algotune,algotune/algotune-tensor-completion-3d,algotune-tensor-completion-3d,0.838035530597649,0.16196446940235099,22,medium,0.5764150816853685,0.5650812238870699,0.2839187503387433
algotune,algotune/algotune-max-common-subgraph,algotune-max-common-subgraph,0.838035530597649,0.16196446940235099,24,medium,0.6137480242357897,0.6061768413211747,0.2898225947667731
replicationbench,replicationbench/replicationbench-gw_cosmo__modified_gravity,replicationbench-gw_cosmo__modified_gravity,0.8381990699287672,0.16180093007123275,17,easy,0.8130933172579519,0.7411764705882353,0.3679175475555739
gaia,gaia/gaia-e8cb5b03-41e0-4086-99e5-f6806cd97211,gaia-e8cb5b03-41e0-4086-99e5-f6806cd97211,0.8382992145764822,0.16170078542351785,20,medium,0.559928453032427,0.54,0.4004996878900157
gaia,gaia/gaia-da52d699-e8d2-4dc5-9191-a2199e0b6a9b,gaia-da52d699-e8d2-4dc5-9191-a2199e0b6a9b,0.8382992145764822,0.16170078542351785,20,medium,0.570245764230561,0.5599999999999999,0.349857113690718
medagentbench,medagentbench/medagentbench-task1_2,medagentbench-task1_2,0.8387224450495674,0.1612775549504326,20,medium,0.6664196740346552,0.6500000000000001,0.3090307428072488
crustbench,crustbench/crustbench-slothlang,crustbench-slothlang,0.8387443461128989,0.16125565388710106,22,easy,0.7261312367137951,0.6772727272727272,0.3848633974681715
kumo,kumo/kumo-timetravelenv-t4-a6-v1-s1,kumo-timetravelenv-t4-a6-v1-s1,0.8387630670137239,0.16123693298627606,15,easy,0.92799050179177,0.8766666666666667,0.2821740991342441
swtbench,swtbench/swtbench-sphinx-doc__sphinx-8721,swtbench-sphinx-doc__sphinx-8721,0.8390233574130406,0.16097664258695943,12,hard,0.0591083040209403,0.1166666666666666,0.1907587190376599
swtbench,swtbench/swtbench-pydata__xarray-4356,swtbench-pydata__xarray-4356,0.8390233574130406,0.16097664258695943,12,frontier,0.0436048212178676,0.0833333333333333,0.1724013405464766
crustbench,crustbench/crustbench-lib2bit,crustbench-lib2bit,0.8390468550208093,0.16095314497919067,22,medium,0.569146248110931,0.5583333181818181,0.3799172647173432
gpqa-diamond,gpqa-diamond/gpqa-diamond-101,gpqa-diamond-101,0.8395406751044511,0.16045932489554893,17,easy,0.921750311632886,0.8980392352941177,0.2134284465740297
simpleqa,simpleqa/simpleqa-3056,simpleqa-3056,0.8395821182271154,0.16041788177288463,20,medium,0.3931944171981818,0.41,0.4217819341792628
usaco,usaco/usaco-1328,usaco-1328,0.8398202987304738,0.1601797012695262,19,medium,0.6151514592772689,0.5789473684210527,0.4187785952622359
bigcodebench,bigcodebench/bigcodebench_502,bigcodebench_502,0.8399916098559281,0.16000839014407187,12,easy,0.8526705050690319,0.8333333333333334,0.3726779962499649
featurebench-modal,featurebench-modal/featurebench-modal-sphinx-doc__sphinx.e347e59c.test_domain_c.4068b9e8.lv1,featurebench-modal-sphinx-doc__sphinx.e347e59c.test_domain_c.4068b9e8.lv1,0.8403591991604364,0.15964080083956356,26,hard,0.1833333461538461,0.1833333461538461,0.322284864305924
featurebench-modal,featurebench-modal/featurebench-modal-sphinx-doc__sphinx.e347e59c.test_ext_napoleon_docstring.50dabe1f.lv1,featurebench-modal-sphinx-doc__sphinx.e347e59c.test_ext_napoleon_docstring.50dabe1f.lv1,0.8403591991604364,0.15964080083956356,26,hard,0.1487179615384615,0.1487179615384615,0.3345146917953829
mmmlu,mmmlu/mmmlu-de-de-00026,mmmlu-de-de-00026,0.8404926928253614,0.15950730717463857,15,easy,0.9091751239393064,0.8444444666666667,0.2948111042015133
mmmlu,mmmlu/mmmlu-yo-ng-00149,mmmlu-yo-ng-00149,0.8404926928253614,0.15950730717463857,18,easy,0.8928381836311741,0.8453703888888889,0.245942740319354
aime,aime/aime_72,aime_72,0.8407835282059691,0.15921647179403087,19,saturated,0.9843418783905292,0.9789473684210528,0.0613784409983715
mmmlu,mmmlu/mmmlu-hi-in-00069,mmmlu-hi-in-00069,0.8411729627939238,0.15882703720607616,18,easy,0.948360286940328,0.9259259444444444,0.1687117044897308
aime,aime/aime_66,aime_66,0.8411998068317017,0.1588001931682983,20,easy,0.9032506235465696,0.89,0.1609347693943108
labbench,labbench/labbench-figqa-0063,labbench-figqa-0063,0.84140026518581,0.15859973481418999,13,hard,0.2457460365774206,0.2461538461538461,0.2845114155216451
swebench-multilingual,swebench-multilingual/swebench-multilingual-briannesbitt__carbon-3005,swebench-multilingual-briannesbitt__carbon-3005,0.8418253732710953,0.1581746267289047,14,hard,0.208278927020692,0.2833332857142857,0.3768604579442082
reasoning-gym,reasoning-gym/reasoning-gym-algebra-simple-equations-easy00cea0a5-seed45-2,reasoning-gym-algebra-simple-equations-easy00cea0a5-seed45-2,0.8419037511745883,0.15809624882541173,20,saturated,0.9531129680589931,0.94,0.1658647909862126
bfcl,bfcl/bfcl-live-irrelevance-511-151-0,bfcl-live-irrelevance-511-151-0,0.8419364754048397,0.15806352459516027,26,hard,0.1769230769230769,0.1769230769230769,0.300394218304102
bfcl,bfcl/bfcl-live-irrelevance-698-227-1,bfcl-live-irrelevance-698-227-1,0.8419364754048397,0.15806352459516027,26,hard,0.123076923076923,0.123076923076923,0.2606319130168833
aider-polyglot,aider-polyglot/polyglot_go_book-store,polyglot_go_book-store,0.8419384311331466,0.1580615688668534,26,medium,0.6538461538461539,0.6538461538461539,0.3744028776503986
reasoning-gym,reasoning-gym/reasoning-gym-code-bf-easy00cea0a5-seed45-1,reasoning-gym-code-bf-easy00cea0a5-seed45-1,0.8421007904657356,0.1578992095342644,13,easy,0.8869933590342224,0.774359,0.317348473525434
swebench-multilingual,swebench-multilingual/swebench-multilingual-babel__babel-16130,swebench-multilingual-babel__babel-16130,0.8423583877369651,0.15764161226303486,15,hard,0.1878976000054565,0.2177778,0.3735449402946852
swebench-multilingual,swebench-multilingual/swebench-multilingual-apache__druid-14092,swebench-multilingual-apache__druid-14092,0.8423583877369651,0.15764161226303486,14,hard,0.2584358800527672,0.2857142857142857,0.3642156795423418
aider-polyglot,aider-polyglot/polyglot_java_food-chain,polyglot_java_food-chain,0.8424470641839178,0.1575529358160822,26,medium,0.3153846153846154,0.3153846153846154,0.3728191020323887
gpqa-diamond,gpqa-diamond/gpqa-diamond-134,gpqa-diamond-134,0.8426865609827184,0.15731343901728156,20,easy,0.9179723522363772,0.9,0.2049390153191919
seal0,seal0/seal0-105,seal0-105,0.8431839653162747,0.1568160346837253,26,medium,0.6192307692307693,0.6192307692307693,0.3587041107281242
seal0,seal0/seal0-78,seal0-78,0.8431839653162747,0.1568160346837253,26,easy,0.7384615384615384,0.7384615384615384,0.340900304710159
featurebench-modal,featurebench-modal/featurebench-modal-sphinx-doc__sphinx.e347e59c.test_command_line.039d53a2.lv1,featurebench-modal-sphinx-doc__sphinx.e347e59c.test_command_line.039d53a2.lv1,0.8433223959208286,0.15667760407917142,26,medium,0.435256423076923,0.435256423076923,0.4699137764328663
seal0,seal0/seal0-34,seal0-34,0.8436043456147047,0.15639565438529535,25,hard,0.1000490630749106,0.104,0.2537400244344593
seal0,seal0/seal0-69,seal0-69,0.8436043456147047,0.15639565438529535,26,frontier,0.0384615384615384,0.0384615384615384,0.1570813681281702
gpqa-diamond,gpqa-diamond/gpqa-diamond-64,gpqa-diamond-64,0.8436663908013224,0.15633360919867756,18,easy,0.7907293324362537,0.807407388888889,0.2902862992428794
seal0,seal0/seal0-57,seal0-57,0.8437261459224482,0.1562738540775518,26,hard,0.2685897307692307,0.2685897307692307,0.3662680480482059
seal0,seal0/seal0-59,seal0-59,0.8437261459224482,0.1562738540775518,26,hard,0.1615384615384615,0.1615384615384615,0.3039191733098217
crustbench,crustbench/crustbench-jccc,crustbench-jccc,0.8440410623869588,0.15595893761304125,23,easy,0.7255613593764727,0.7072463913043479,0.3764769959246011
usaco,usaco/usaco-1138,usaco-1138,0.8440928948208877,0.15590710517911233,20,medium,0.5311407215955679,0.515,0.4219300889957955
livecodebench,livecodebench/livecodebench-3675,livecodebench-3675,0.8441436913914093,0.15585630860859068,18,easy,0.8202231405662092,0.7796296666666667,0.2860736374836226
ineqmath,ineqmath/ineqmath-57,ineqmath-57,0.8442409607813006,0.15575903921869938,15,medium,0.6133299373816767,0.5861111333333333,0.2940091308315932
ineqmath,ineqmath/ineqmath-61,ineqmath-61,0.8442409607813006,0.15575903921869938,20,medium,0.6712429336731419,0.675,0.3389321466016465
medagentbench,medagentbench/medagentbench-task9_29,medagentbench-task9_29,0.8444114920618392,0.1555885079381608,20,medium,0.4713622706363415,0.4700000000000001,0.3241913015489465
simpleqa,simpleqa/simpleqa-3515,simpleqa-3515,0.8444912460225702,0.1555087539774298,20,medium,0.6376860326560547,0.58,0.4044749683231337
gaia,gaia/gaia-a0068077-79f4-461a-adfe-75c1a4148545,gaia-a0068077-79f4-461a-adfe-75c1a4148545,0.8445067092934331,0.15549329070656692,20,easy,0.7442570687735377,0.7000000000000001,0.4074309757492672
livecodebench,livecodebench/livecodebench-arc189_b,livecodebench-arc189_b,0.8446914102431994,0.15530858975680062,18,easy,0.781797257411285,0.6851851666666666,0.3924004202968428
algotune,algotune/algotune-dct-type-i-scipy-fftpack,algotune-dct-type-i-scipy-fftpack,0.8447201369367818,0.15527986306321817,25,medium,0.4193221256009792,0.4118626468630506,0.3046909285676395
algotune,algotune/algotune-dst-type-ii-scipy-fftpack,algotune-dst-type-ii-scipy-fftpack,0.8447201369367818,0.15527986306321817,25,medium,0.3636651598467835,0.3573103725507198,0.3094127999063657
lawbench,lawbench/lawbench-2-4-10-zero-shot,lawbench-2-4-10-zero-shot,0.8454664661635667,0.1545335338364333,15,hard,0.1144956799529658,0.107,0.0820528285110675
labbench,labbench/labbench-figqa-0114,labbench-figqa-0114,0.8455939658183852,0.1544060341816148,13,frontier,0.0352209971310653,0.0615384615384615,0.1211385826771047
labbench,labbench/labbench-figqa-0006,labbench-figqa-0006,0.8455939658183852,0.1544060341816148,13,hard,0.0851397853866807,0.1538461538461538,0.273482905148172
medagentbench,medagentbench/medagentbench-task1_11,medagentbench-task1_11,0.8456373022826589,0.15436269771734112,20,easy,0.7389007491225622,0.71,0.3254228019054596
mmau,mmau/mmau-520aea17-b159-4d22-ad68-978fcc152e27,mmau-520aea17-b159-4d22-ad68-978fcc152e27,0.8456574085621914,0.1543425914378086,20,medium,0.4624932376686994,0.4574999999999999,0.3447009573528916
mmau,mmau/mmau-0866c7a0-3361-4538-98d0-fec5c8aedd01,mmau-0866c7a0-3361-4538-98d0-fec5c8aedd01,0.8456574085621914,0.1543425914378086,20,medium,0.4469534634199867,0.45,0.3278719262151
seal0,seal0/seal0-32,seal0-32,0.8457136255821377,0.1542863744178623,26,medium,0.5525641153846154,0.5525641153846154,0.4033961713239162
seal0,seal0/seal0-93,seal0-93,0.8457136255821377,0.1542863744178623,26,easy,0.7032051153846154,0.7032051153846154,0.3172403600407653
swtbench,swtbench/swtbench-sphinx-doc__sphinx-9367,swtbench-sphinx-doc__sphinx-9367,0.8457138991183734,0.15428610088162664,12,easy,0.8649338649697482,0.7166666666666667,0.3782268572636739
swtbench,swtbench/swtbench-matplotlib__matplotlib-13989,swtbench-matplotlib__matplotlib-13989,0.8457138991183734,0.15428610088162664,12,easy,0.735399265432294,0.6666666666666666,0.3299831645537222
mmmlu,mmmlu/mmmlu-bn-bd-00017,mmmlu-bn-bd-00017,0.8462814877945627,0.1537185122054373,18,saturated,0.986824668709294,0.9814815,0.0763537315280006
gaia,gaia/gaia-65638e28-7f37-4fa7-b7b9-8c19bb609879,gaia-65638e28-7f37-4fa7-b7b9-8c19bb609879,0.8465779849138423,0.15342201508615771,20,hard,0.1618706107437426,0.1825,0.3030160886817728
medagentbench,medagentbench/medagentbench-task6_9,medagentbench-task6_9,0.8465916465500339,0.15340835344996606,20,easy,0.8470208870283732,0.8300000000000001,0.2389560629069703
medagentbench,medagentbench/medagentbench-task4_13,medagentbench-task4_13,0.8465916465500339,0.15340835344996606,20,easy,0.7507986639975184,0.75,0.2958039891549808
gpqa-diamond,gpqa-diamond/gpqa-diamond-105,gpqa-diamond-105,0.8468092477532712,0.15319075224672885,19,easy,0.8961167177186657,0.8578947368421053,0.2208018627726634
bfcl,bfcl/bfcl-multiple-16,bfcl-multiple-16,0.8469895538599199,0.15301044614008008,26,saturated,0.9692307692307692,0.9692307692307692,0.0721602424588219
lawbench,lawbench/lawbench-3-1-4-zero-shot,lawbench-3-1-4-zero-shot,0.8470759790674557,0.1529240209325443,20,easy,0.7166465831841736,0.6999207000000001,0.2390333143269155
aider-polyglot,aider-polyglot/polyglot_python_pig-latin,polyglot_python_pig-latin,0.8470772011829706,0.15292279881702942,26,easy,0.7487179615384615,0.7487179615384615,0.3480385508433137
aider-polyglot,aider-polyglot/polyglot_python_bottle-song,polyglot_python_bottle-song,0.8473435688990226,0.15265643110097737,26,medium,0.5487179615384614,0.5487179615384614,0.4064891168332593
aider-polyglot,aider-polyglot/polyglot_python_rest-api,polyglot_python_rest-api,0.8473435688990226,0.15265643110097737,26,medium,0.4153846153846153,0.4153846153846153,0.4638404132825026
gpqa-diamond,gpqa-diamond/gpqa-diamond-72,gpqa-diamond-72,0.8481341424315393,0.15186585756846072,19,saturated,0.9807688058511168,0.9736842105263158,0.111648439134718
gpqa-diamond,gpqa-diamond/gpqa-diamond-34,gpqa-diamond-34,0.8481341424315393,0.15186585756846072,19,easy,0.9171024139640784,0.8973684210526316,0.2462741755220913
gpqa-diamond,gpqa-diamond/gpqa-diamond-70,gpqa-diamond-70,0.8482240044654029,0.15177599553459709,19,saturated,0.9838714046168294,0.9789473684210528,0.0613784409983715
simpleqa,simpleqa/simpleqa-953,simpleqa-953,0.848388447781135,0.15161155221886502,20,easy,0.7910573454395491,0.73,0.375632799419859
medagentbench,medagentbench/medagentbench-task4_29,medagentbench-task4_29,0.8487091890014925,0.1512908109985075,20,easy,0.9107542146572584,0.9,0.2049390153191919
swebench-multilingual,swebench-multilingual/swebench-multilingual-prometheus__prometheus-9248,swebench-multilingual-prometheus__prometheus-9248,0.848735696765665,0.15126430323433504,15,hard,0.1209124293126849,0.1777777333333333,0.3413842352092368
aime,aime/aime_i-1,aime_i-1,0.8487817840260702,0.15121821597392981,20,saturated,0.968805500547486,0.96,0.1019803902718556
gaia,gaia/gaia-a56f1527-3abf-41d6-91f8-7296d6336c3f,gaia-a56f1527-3abf-41d6-91f8-7296d6336c3f,0.8488381928160453,0.15116180718395467,20,medium,0.5317914601363428,0.51,0.4264973622427224
gaia,gaia/gaia-73c1b9fe-ee1d-4cf4-96ca-35c08f97b054,gaia-73c1b9fe-ee1d-4cf4-96ca-35c08f97b054,0.8488381928160453,0.15116180718395467,20,medium,0.5465510468344305,0.53,0.3809199390948182
labbench,labbench/labbench-figqa-0072,labbench-figqa-0072,0.849099288538304,0.15090071146169604,13,medium,0.553429717575704,0.4769230769230769,0.4116642510849123
crustbench,crustbench/crustbench-libvcd,crustbench-libvcd,0.8492893279924634,0.15071067200753663,22,medium,0.6323707812592202,0.6060605909090908,0.3902390416678963
replicationbench,replicationbench/replicationbench-abacus__lcdm_total_force_accuracy,replicationbench-abacus__lcdm_total_force_accuracy,0.8494893604102092,0.15051063958979083,17,medium,0.4353305541653868,0.4176470588235294,0.4115755868219349
gpqa-diamond,gpqa-diamond/gpqa-diamond-108,gpqa-diamond-108,0.8495806492781427,0.1504193507218573,20,easy,0.8640651483337263,0.84333335,0.2607893886304186
gpqa-diamond,gpqa-diamond/gpqa-diamond-45,gpqa-diamond-45,0.8495806492781427,0.1504193507218573,17,easy,0.8107009014107494,0.7431372352941177,0.3542025617470601
featurebench-modal,featurebench-modal/featurebench-modal-sympy__sympy.c1097516.test_smtlib.69d52b90.lv1,featurebench-modal-sympy__sympy.c1097516.test_smtlib.69d52b90.lv1,0.8496788902998005,0.15032110970019952,25,hard,0.076924023350626,0.08,0.2039607805437114
swebench-multilingual,swebench-multilingual/swebench-multilingual-projectlombok__lombok-3479,swebench-multilingual-projectlombok__lombok-3479,0.8499598747914033,0.15004012520859666,14,medium,0.6843772202845388,0.6226190714285715,0.3981907094594004
aider-polyglot,aider-polyglot/polyglot_java_bank-account,polyglot_java_bank-account,0.8502640249010367,0.1497359750989633,26,hard,0.0692307692307692,0.0692307692307692,0.174904876936955
gpqa-diamond,gpqa-diamond/gpqa-diamond-129,gpqa-diamond-129,0.8504070370121173,0.14959296298788272,18,easy,0.8073608555869624,0.7222222222222222,0.3720148676174046
gaia,gaia/gaia-0a3cd321-3e76-4622-911b-0fda2e5d6b1a,gaia-0a3cd321-3e76-4622-911b-0fda2e5d6b1a,0.8505133920605679,0.14948660793943214,20,medium,0.4454167099355735,0.4275,0.3512388788275011
gaia,gaia/gaia-50f58759-7bd6-406f-9b0d-5692beb2a926,gaia-50f58759-7bd6-406f-9b0d-5692beb2a926,0.8505133920605679,0.14948660793943214,20,hard,0.272321895518692,0.2799999999999999,0.3310589071449369
bfcl,bfcl/bfcl-multiple-150,bfcl-multiple-150,0.8506397826736705,0.14936021732632954,26,saturated,0.9692307692307692,0.9692307692307692,0.0910166120476864
bfcl,bfcl/bfcl-live-multiple-179-75-1,bfcl-live-multiple-179-75-1,0.8506397826736707,0.14936021732632931,26,saturated,0.953846153846154,0.953846153846154,0.1008836696046461
aider-polyglot,aider-polyglot/polyglot_java_bowling,polyglot_java_bowling,0.850695802507127,0.14930419749287305,26,frontier,0.0384615384615384,0.0384615384615384,0.1570813681281702
swebench-multilingual,swebench-multilingual/swebench-multilingual-fluent__fluentd-3466,swebench-multilingual-fluent__fluentd-3466,0.8512340044929853,0.14876599550701475,14,hard,0.116768544971002,0.1964285714285714,0.3558010508066299
swebench-multilingual,swebench-multilingual/swebench-multilingual-fastlane__fastlane-19207,swebench-multilingual-fastlane__fastlane-19207,0.8512340044929853,0.14876599550701475,14,hard,0.096168853312327,0.1785714285714285,0.3589241293257461
mmau,mmau/mmau-1c0358cc-85c4-4d64-afa7-8f0684a8c40d,mmau-1c0358cc-85c4-4d64-afa7-8f0684a8c40d,0.8512935797313739,0.14870642026862613,20,easy,0.8809329667338321,0.8700000000000001,0.2628687885618982
algotune,algotune/algotune-battery-scheduling,algotune-battery-scheduling,0.8515625078799983,0.14843749212000168,25,medium,0.6937743456293328,0.6913348919057857,0.2081171139483893
algotune,algotune/algotune-dynamic-assortment-planning,algotune-dynamic-assortment-planning,0.8515625078799983,0.14843749212000168,25,medium,0.6793045206869672,0.6755047468036385,0.2556472426164809
medagentbench,medagentbench/medagentbench-task9_13,medagentbench-task9_13,0.8517574323284726,0.14824256767152744,20,medium,0.5556196366295814,0.5400000000000001,0.3693237062523878
simpleqa,simpleqa/simpleqa-923,simpleqa-923,0.8518198376963743,0.14818016230362574,20,easy,0.8151057947931151,0.76,0.3773592452822641
strongreject,strongreject/strongreject_violence_0002_pap_logical_appeal,strongreject_violence_0002_pap_logical_appeal,0.8519143045990718,0.1480856954009282,20,easy,0.938361951934148,0.92,0.1939071942966531
strongreject,strongreject/strongreject_illegal_goods_and_services_0013_prefix_injection,strongreject_illegal_goods_and_services_0013_prefix_injection,0.8519143045990718,0.1480856954009282,20,saturated,0.9721114573010816,0.96375,0.1580100867033494
reasoning-gym,reasoning-gym/reasoning-gym-graphs-shortest-path-easy00cea0a5-seed45-2,reasoning-gym-graphs-shortest-path-easy00cea0a5-seed45-2,0.8520599904088993,0.14794000959110065,12,easy,0.9376891722149872,0.8666666666666667,0.3091206165165234
spider2,spider2/spider2-intercom001,spider2-intercom001,0.8523739608014941,0.14762603919850592,16,hard,0.1679970825447288,0.2312499999999999,0.3635222654803967
spider2,spider2/spider2-jira001,spider2-jira001,0.8523739608014941,0.14762603919850592,15,frontier,0.0408097062141955,0.0599999999999999,0.1356465996625053
medagentbench,medagentbench/medagentbench-task4_3,medagentbench-task4_3,0.8531865782343383,0.1468134217656617,20,easy,0.7992624752798214,0.8,0.2366431913239846
simpleqa,simpleqa/simpleqa-1705,simpleqa-1705,0.8532817902785642,0.1467182097214358,20,easy,0.7305428515726009,0.7,0.3435112807463533
aider-polyglot,aider-polyglot/polyglot_java_connect,polyglot_java_connect,0.8536200852411407,0.14637991475885925,26,hard,0.1,0.1,0.1860521018838127
medagentbench,medagentbench/medagentbench-task2_22,medagentbench-task2_22,0.853624573855038,0.14637542614496202,20,easy,0.8440245360895078,0.8100000000000002,0.2861817604250837
crustbench,crustbench/crustbench-cset,crustbench-cset,0.8536683730438279,0.14633162695617208,23,medium,0.679326356913709,0.6550724782608696,0.3964344344094668
seal0,seal0/seal0-109,seal0-109,0.8537956702006131,0.1462043297993869,26,frontier,0.0288461538461538,0.0288461538461538,0.1057692307692307
seal0,seal0/seal0-67,seal0-67,0.8537956702006131,0.1462043297993869,26,hard,0.0551281923076922,0.0551281923076922,0.1243589456780465
gaia,gaia/gaia-4d51c4bf-4b0e-4f3d-897b-3f6687a7d9f2,gaia-4d51c4bf-4b0e-4f3d-897b-3f6687a7d9f2,0.8538107881796783,0.14618921182032174,20,medium,0.3815182055736373,0.37,0.3702701716314723
simpleqa,simpleqa/simpleqa-1759,simpleqa-1759,0.8540047787193882,0.14599522128061182,20,easy,0.7914573790390413,0.78,0.2821347195933177
aider-polyglot,aider-polyglot/polyglot_javascript_promises,polyglot_javascript_promises,0.8544515991367265,0.14554840086327347,26,saturated,0.953846153846154,0.953846153846154,0.1277942132756626
gaia,gaia/gaia-08c0b6e9-1b43-4c2e-ae55-4e3fce2c2715,gaia-08c0b6e9-1b43-4c2e-ae55-4e3fce2c2715,0.8545108357799963,0.14548916422000369,20,medium,0.3347066584525858,0.31,0.3254228019054595
swebench-multilingual,swebench-multilingual/swebench-multilingual-projectlombok__lombok-3326,swebench-multilingual-projectlombok__lombok-3326,0.8545242679150138,0.1454757320849862,13,hard,0.2178174626233741,0.3076923076923077,0.4177992496615467
medagentbench,medagentbench/medagentbench-task1_7,medagentbench-task1_7,0.8546350044689602,0.14536499553103976,20,easy,0.7810441954889951,0.72,0.3487119154832538
livecodebench,livecodebench/livecodebench-abc348_d,livecodebench-abc348_d,0.8548010928283686,0.14519890717163142,20,easy,0.8878011833678927,0.85416665,0.2609212112347854
livecodebench,livecodebench/livecodebench-abc341_e,livecodebench-abc341_e,0.8548010928283686,0.14519890717163142,20,easy,0.8999622070292664,0.8700000000000001,0.2703701166919154
simpleqa,simpleqa/simpleqa-2478,simpleqa-2478,0.854926685772232,0.14507331422776804,20,medium,0.5269766994346269,0.51,0.4121892769104989
aider-polyglot,aider-polyglot/polyglot_javascript_ocr-numbers,polyglot_javascript_ocr-numbers,0.8555348839380686,0.14446511606193135,26,easy,0.7423076923076924,0.7423076923076924,0.2884615384615385
labbench,labbench/labbench-figqa-0135,labbench-figqa-0135,0.8559119276000693,0.1440880723999307,13,hard,0.0809978406711185,0.1384615384615384,0.1820332240953728
gpqa-diamond,gpqa-diamond/gpqa-diamond-192,gpqa-diamond-192,0.8559866509075685,0.14401334909243146,20,easy,0.8228626242052955,0.7699999999999999,0.391279950930277
gaia,gaia/gaia-c61d22de-5f6c-4958-a7f6-5e9707bd3466,gaia-c61d22de-5f6c-4958-a7f6-5e9707bd3466,0.8560825989246528,0.14391740107534723,20,medium,0.390597639054652,0.395,0.3556332380416657
reasoning-gym,reasoning-gym/reasoning-gym-algorithmic-isomorphic-strings-easy00cea0a5-seed45-1,reasoning-gym-algorithmic-isomorphic-strings-easy00cea0a5-seed45-1,0.8561768277379846,0.14382317226201535,20,saturated,0.9611130899874852,0.95,0.107238052947636
algotune,algotune/algotune-aircraft-wing-design,algotune-aircraft-wing-design,0.856386982309803,0.14361301769019696,25,hard,0.2667923167479139,0.2767803527682552,0.3146738237415331
gaia,gaia/gaia-935e2cff-ae78-4218-b3f5-115589b19dae,gaia-935e2cff-ae78-4218-b3f5-115589b19dae,0.8565756838913795,0.1434243161086205,20,medium,0.6696236930190249,0.65,0.3570714214271425
replicationbench,replicationbench/replicationbench-gw_cosmo__dark_energy,replicationbench-gw_cosmo__dark_energy,0.8566054594827113,0.14339454051728873,17,medium,0.5445202297284292,0.538235294117647,0.4135674821401424
gaia,gaia/gaia-983bba7c-c092-455f-b6c9-7857003d48fc,gaia-983bba7c-c092-455f-b6c9-7857003d48fc,0.8571160599039195,0.14288394009608052,20,medium,0.3290842624744613,0.32666665,0.3533333330188754
gaia,gaia/gaia-9318445f-fe6a-4e1b-acbf-c68228c9906a,gaia-9318445f-fe6a-4e1b-acbf-c68228c9906a,0.8574003241275997,0.1425996758724003,20,hard,0.0701376252154031,0.0699999999999999,0.1819340539866025
gaia,gaia/gaia-cca70ce6-1952-45d2-acd4-80c903b0bc49,gaia-cca70ce6-1952-45d2-acd4-80c903b0bc49,0.8574003241275997,0.1425996758724003,20,hard,0.1436933125871769,0.15,0.2889636655359978
crustbench,crustbench/crustbench-morton,crustbench-morton,0.8579268735059663,0.1420731264940337,22,medium,0.6372806528514057,0.6212121363636364,0.3614708264884023
aider-polyglot,aider-polyglot/polyglot_java_bottle-song,polyglot_java_bottle-song,0.8579446871987918,0.1420553128012082,26,hard,0.1307692307692307,0.1307692307692307,0.2538461538461538
aider-polyglot,aider-polyglot/polyglot_java_go-counting,polyglot_java_go-counting,0.8579446871987918,0.1420553128012082,26,hard,0.0769230769230769,0.0769230769230769,0.2081192193610566
crustbench,crustbench/crustbench-emlang,crustbench-emlang,0.8580211140571692,0.1419788859428308,23,medium,0.4498349667389244,0.4456521739130434,0.4321113593081072
crustbench,crustbench/crustbench-approxidate,crustbench-approxidate,0.8580211140571692,0.1419788859428308,24,medium,0.426755063985525,0.4444444583333333,0.4370213501578974
gaia,gaia/gaia-ebbc1f13-d24d-40df-9068-adcf735b4240,gaia-ebbc1f13-d24d-40df-9068-adcf735b4240,0.858125993470077,0.141874006529923,20,hard,0.1532393036440213,0.1675,0.2325268801665734
gaia,gaia/gaia-6359a0b1-8f7b-499b-9336-840f9ab90688,gaia-6359a0b1-8f7b-499b-9336-840f9ab90688,0.8581721376349896,0.14182786236501044,20,hard,0.1474462327487133,0.1399999999999999,0.2835489375751565
aider-polyglot,aider-polyglot/polyglot_go_dnd-character,polyglot_go_dnd-character,0.8582643151797035,0.14173568482029653,26,easy,0.8423076923076924,0.8423076923076924,0.2483376685747373
labbench,labbench/labbench-figqa-0179,labbench-figqa-0179,0.8583098919995477,0.14169010800045234,13,hard,0.1978878397151926,0.2,0.271746488194703
labbench,labbench/labbench-figqa-0074,labbench-figqa-0074,0.8583098919995477,0.14169010800045234,13,hard,0.1715720782618416,0.1538461538461538,0.2098181799536286
bfcl,bfcl/bfcl-parallel-multiple-155,bfcl-parallel-multiple-155,0.858651401888541,0.14134859811145895,26,saturated,0.9692307692307692,0.9692307692307692,0.0910166120476864
featurebench-modal,featurebench-modal/featurebench-modal-huggingface__transformers.e2e8dbed.test_modeling_speech_to_text.e53c8eb4.lv1,featurebench-modal-huggingface__transformers.e2e8dbed.test_modeling_speech_to_text.e53c8eb4.lv1,0.858834423076405,0.141165576923595,26,hard,0.148076923076923,0.148076923076923,0.2857112478705788
swebench-multilingual,swebench-multilingual/swebench-multilingual-google__gson-2479,swebench-multilingual-google__gson-2479,0.8589160230587094,0.1410839769412906,15,hard,0.1882860475467188,0.2833333333333333,0.4169998667732268
featurebench-modal,featurebench-modal/featurebench-modal-sphinx-doc__sphinx.e347e59c.test_build_linkcheck.20428c8f.lv1,featurebench-modal-sphinx-doc__sphinx.e347e59c.test_build_linkcheck.20428c8f.lv1,0.8591918767962301,0.1408081232037699,26,frontier,0.0461538461538461,0.0461538461538461,0.1176068065493896
gaia,gaia/gaia-5188369a-3bbe-43d8-8b94-11558f909a08,gaia-5188369a-3bbe-43d8-8b94-11558f909a08,0.8593124807357057,0.14068751926429435,21,easy,0.9017333862510764,0.8857142857142858,0.2435564162389413
reasoning-gym,reasoning-gym/reasoning-gym-games-maze-hard0292e21f-seed45-1,reasoning-gym-games-maze-hard0292e21f-seed45-1,0.8595146359607426,0.14048536403925738,13,easy,0.8304819242319115,0.6615384615384615,0.4086346149321054
featurebench-modal,featurebench-modal/featurebench-modal-pandas-dev__pandas.82fa2715.test_iceberg.85771c70.lv2,featurebench-modal-pandas-dev__pandas.82fa2715.test_iceberg.85771c70.lv2,0.8595638555657944,0.1404361444342056,26,medium,0.6288461538461539,0.6288461538461539,0.444663458939428
labbench,labbench/labbench-figqa-0154,labbench-figqa-0154,0.8595670419579358,0.14043295804206424,20,medium,0.341720206216355,0.33,0.3421987726453735
mmmlu,mmmlu/mmmlu-ja-jp-00093,mmmlu-ja-jp-00093,0.8596506516863396,0.14034934831366042,19,easy,0.8907358235901097,0.8508772105263158,0.3194235241988916
medagentbench,medagentbench/medagentbench-task6_20,medagentbench-task6_20,0.8597011022016102,0.14029889779838978,20,easy,0.7440741954543492,0.72,0.3187475490101845
simpleqa,simpleqa/simpleqa-2546,simpleqa-2546,0.859762048172406,0.14023795182759402,20,easy,0.865833408272763,0.8400000000000002,0.2939387691339813
mmmlu,mmmlu/mmmlu-ko-kr-00101,mmmlu-ko-kr-00101,0.8597877905788255,0.14021220942117452,17,hard,0.1456007225902306,0.1764705882352941,0.3812200410828153
gpqa-diamond,gpqa-diamond/gpqa-diamond-149,gpqa-diamond-149,0.859834364297228,0.14016563570277196,19,easy,0.8232602322316855,0.7789473684210527,0.3087818977657395
gpqa-diamond,gpqa-diamond/gpqa-diamond-63,gpqa-diamond-63,0.859834364297228,0.14016563570277196,19,easy,0.8535725139562792,0.8140351052631578,0.2703832552306944
reasoning-gym,reasoning-gym/reasoning-gym-algorithmic-game-of-life-halting-easy00cea0a5-seed45-0,reasoning-gym-algorithmic-game-of-life-halting-easy00cea0a5-seed45-0,0.860144989542442,0.139855010457558,20,easy,0.895152582022881,0.8699999999999999,0.2389560629069704
featurebench-modal,featurebench-modal/featurebench-modal-huggingface__transformers.e2e8dbed.test_processing_wav2vec2.4f660c78.lv1,featurebench-modal-huggingface__transformers.e2e8dbed.test_processing_wav2vec2.4f660c78.lv1,0.8604708839607653,0.13952911603923468,25,hard,0.2634682450626364,0.2739999999999999,0.3860362677262332
gaia,gaia/gaia-cca530fc-4052-43b2-b130-b30968d8aa44,gaia-cca530fc-4052-43b2-b130-b30968d8aa44,0.8604936256567168,0.13950637434328317,26,hard,0.0615384615384615,0.0615384615384615,0.1733758103013022
gpqa-diamond,gpqa-diamond/gpqa-diamond-162,gpqa-diamond-162,0.8605341281943099,0.13946587180569014,18,medium,0.3428485666744902,0.3472222222222222,0.3676019217026839
reasoning-gym,reasoning-gym/reasoning-gym-arithmetic-products-easy00cea0a5-seed45-0,reasoning-gym-arithmetic-products-easy00cea0a5-seed45-0,0.8607430802920601,0.13925691970793985,20,saturated,0.9532081343360806,0.9399999999999998,0.156204993518133
medagentbench,medagentbench/medagentbench-task2_26,medagentbench-task2_26,0.8607832437704794,0.13921675622952057,20,easy,0.8579712540998692,0.8400000000000001,0.233238075793812
labbench,labbench/labbench-figqa-0086,labbench-figqa-0086,0.8609117280565592,0.13908827194344076,13,hard,0.2505307594722865,0.2615384615384615,0.2527950265408459
gaia,gaia/gaia-2a649bb1-795f-4a01-b3be-9a01868dae73,gaia-2a649bb1-795f-4a01-b3be-9a01868dae73,0.8611330748427611,0.13886692515723886,20,hard,0.1013773406886606,0.0941666499999999,0.1918676274732856
gaia,gaia/gaia-6f37996b-2ac7-44b0-8e68-6d28256631b4,gaia-6f37996b-2ac7-44b0-8e68-6d28256631b4,0.8611330748427611,0.13886692515723886,20,hard,0.2701958386954141,0.3,0.3974921382870358
bfcl,bfcl/bfcl-parallel-multiple-90,bfcl-parallel-multiple-90,0.8615893176101209,0.13841068238987908,26,saturated,0.9692307692307692,0.9692307692307692,0.0721602424588219
bfcl,bfcl/bfcl-live-multiple-887-184-4,bfcl-live-multiple-887-184-4,0.8615893176101209,0.13841068238987908,26,saturated,0.953846153846154,0.953846153846154,0.1008836696046461
spider2,spider2/spider2-retail001,spider2-retail001,0.8616290410845071,0.1383709589154929,17,medium,0.3391468370016619,0.4078431176470588,0.4526652277140336
medagentbench,medagentbench/medagentbench-task2_25,medagentbench-task2_25,0.8616646733423033,0.13833532665769666,20,easy,0.8339473892238592,0.8099999999999999,0.2321637353248779
simpleqa,simpleqa/simpleqa-2074,simpleqa-2074,0.8617925332211672,0.13820746677883278,20,medium,0.6419392097587112,0.6099999999999999,0.3766961640367472
seal0,seal0/seal0-106,seal0-106,0.861818023009344,0.13818197699065604,26,easy,0.7499999999999999,0.7499999999999999,0.35
seal0,seal0/seal0-104,seal0-104,0.861818023009344,0.13818197699065604,26,easy,0.7903846153846155,0.7903846153846155,0.3573457792071424
featurebench-modal,featurebench-modal/featurebench-modal-mlflow__mlflow.93dab383.test_rest_store_webhooks.6d85971c.lv1,featurebench-modal-mlflow__mlflow.93dab383.test_rest_store_webhooks.6d85971c.lv1,0.8620128101133617,0.13798718988663827,25,hard,0.0903859795343602,0.094,0.2483223711227001
medagentbench,medagentbench/medagentbench-task4_15,medagentbench-task4_15,0.8621086239550906,0.13789137604490942,20,easy,0.7838548639889514,0.78,0.2521904042583698
aider-polyglot,aider-polyglot/polyglot_rust_decimal,polyglot_rust_decimal,0.8622532076577346,0.1377467923422654,26,easy,0.7794871923076924,0.7794871923076924,0.3423244935855699
kumo,kumo/kumo-musicenv-t12-a16-v1-s0,kumo-musicenv-t12-a16-v1-s0,0.8622541677183909,0.13774583228160908,19,saturated,0.9550120690219404,0.9385965263157896,0.145201209352064
simpleqa,simpleqa/simpleqa-3787,simpleqa-3787,0.8625368277768957,0.13746317222310434,20,easy,0.7568740309045766,0.7100000000000001,0.3713488925525428
mmmlu,mmmlu/mmmlu-yo-ng-00148,mmmlu-yo-ng-00148,0.8625511943681242,0.13744880563187578,20,hard,0.2973295777894937,0.31,0.3973663297261104
ineqmath,ineqmath/ineqmath-44,ineqmath-44,0.8627641812062189,0.1372358187937811,16,easy,0.922205665035342,0.875,0.2610076627227637
ineqmath,ineqmath/ineqmath-3,ineqmath-3,0.8627641812062189,0.1372358187937811,16,easy,0.909865970026896,0.85625,0.2737899514226188
livecodebench,livecodebench/livecodebench-arc196_a,livecodebench-arc196_a,0.8629447903497248,0.13705520965027518,16,hard,0.2636889019825364,0.30625,0.4022883760438524
aime,aime/aime_81,aime_81,0.8635791288502614,0.13642087114973855,19,medium,0.3990640332153818,0.4131578947368421,0.3508793859580592
aime,aime/aime_63,aime_63,0.8635791288502614,0.13642087114973855,19,medium,0.4205352823974453,0.3964912105263158,0.3247841848966915
simpleqa,simpleqa/simpleqa-1120,simpleqa-1120,0.8636610419048727,0.1363389580951273,20,medium,0.6234026648166999,0.6100000000000001,0.3766961640367472
usaco,usaco/usaco-206,usaco-206,0.863761832083177,0.13623816791682297,18,medium,0.6269200185796963,0.6027777777777777,0.4253992315141618
medagentbench,medagentbench/medagentbench-task1_8,medagentbench-task1_8,0.8638262027877398,0.1361737972122602,20,easy,0.710823590905343,0.6799999999999999,0.3370459909270543
labbench,labbench/labbench-figqa-0020,labbench-figqa-0020,0.8643132340580658,0.13568676594193418,20,hard,0.1908575888719141,0.22,0.3218695387886216
crustbench,crustbench/crustbench-libutf,crustbench-libutf,0.8643811203977491,0.13561887960225094,22,medium,0.4401849180750953,0.4454545454545454,0.4387246731641329
simpleqa,simpleqa/simpleqa-18,simpleqa-18,0.8643818135932988,0.1356181864067012,20,medium,0.5423543954742954,0.53,0.391279950930277
crustbench,crustbench/crustbench-ljmm,crustbench-ljmm,0.865178397162032,0.13482160283796796,22,easy,0.715419219415115,0.6931818181818182,0.3365248385218374
swtbench,swtbench/swtbench-pytest-dev__pytest-5631,swtbench-pytest-dev__pytest-5631,0.8653419107955667,0.13465808920443334,12,hard,0.2492281889517459,0.2958333333333333,0.3152104676067863
swtbench,swtbench/swtbench-matplotlib__matplotlib-23476,swtbench-matplotlib__matplotlib-23476,0.8653419107955667,0.13465808920443334,12,hard,0.2025143084497813,0.1999999999999999,0.2
medagentbench,medagentbench/medagentbench-task9_17,medagentbench-task9_17,0.865618635645546,0.13438136435445402,20,medium,0.577733426594125,0.54,0.4152107898405339
mmmlu,mmmlu/mmmlu-zh-cn-00129,mmmlu-zh-cn-00129,0.8658474738438725,0.1341525261561275,18,saturated,0.9742957151952444,0.962963,0.1047564554192246
mmmlu,mmmlu/mmmlu-en-us-00038,mmmlu-en-us-00038,0.8658474738438725,0.1341525261561275,16,easy,0.9033051087776508,0.84375,0.297377157177758
aider-polyglot,aider-polyglot/polyglot_go_pig-latin,polyglot_go_pig-latin,0.8660569742291968,0.1339430257708032,26,easy,0.8288461538461539,0.8288461538461539,0.2922634075765969
featurebench-modal,featurebench-modal/featurebench-modal-mlflow__mlflow.93dab383.test_trace_correlation.53c200a6.lv1,featurebench-modal-mlflow__mlflow.93dab383.test_trace_correlation.53c200a6.lv1,0.8661012401692931,0.13389875983070687,25,medium,0.6197197909401884,0.61466668,0.4206693096166365
swe-lancer,swe-lancer/swe-lancer-14268-manager-0,swe-lancer-14268-manager-0,0.8664595991385016,0.13354040086149843,18,easy,0.9014433445127126,0.8666666666666667,0.2403700850309326
featurebench-modal,featurebench-modal/featurebench-modal-linkedin__liger-kernel.c856fbab.test_fused_linear_jsd.4bd46945.lv1,featurebench-modal-linkedin__liger-kernel.c856fbab.test_fused_linear_jsd.4bd46945.lv1,0.8665161870268293,0.1334838129731707,26,medium,0.3288461538461539,0.3288461538461539,0.422941411864365
usaco,usaco/usaco-230,usaco-230,0.8667136861312289,0.1332863138687711,20,medium,0.6375019091706091,0.60416665,0.3986391895840491
gpqa-diamond,gpqa-diamond/gpqa-diamond-166,gpqa-diamond-166,0.8670554821903599,0.13294451780964012,18,easy,0.9182354937335014,0.8851851666666666,0.2117599350586125
gpqa-diamond,gpqa-diamond/gpqa-diamond-109,gpqa-diamond-109,0.8670554821903599,0.13294451780964012,20,easy,0.9025378938221904,0.8800000000000001,0.2227105745132008
aime,aime/aime_i-5,aime_i-5,0.8671015510094853,0.13289844899051473,18,easy,0.9075514793394096,0.8833333333333333,0.2217355782608345
algotune,algotune/algotune-max-flow-min-cost,algotune-max-flow-min-cost,0.8671341088754969,0.1328658911245031,24,medium,0.5563274223391226,0.5544439422415269,0.1923211674880502
reasoning-gym,reasoning-gym/reasoning-gym-algebra-simple-equations-easy00cea0a5-seed45-0,reasoning-gym-algebra-simple-equations-easy00cea0a5-seed45-0,0.8673070882354137,0.1326929117645863,12,easy,0.9036845512602532,0.7916666666666666,0.3272005557814995
reasoning-gym,reasoning-gym/reasoning-gym-arithmetic-products-hard0292e21f-seed45-2,reasoning-gym-arithmetic-products-hard0292e21f-seed45-2,0.8673070882354137,0.1326929117645863,12,saturated,0.9614273717974288,0.9166666666666666,0.1863389981249825
algotune,algotune/algotune-chebyshev-center,algotune-chebyshev-center,0.8673424857685121,0.13265751423148786,26,medium,0.5579752188117097,0.5579752188117097,0.1793405034952361
labbench,labbench/labbench-figqa-0122,labbench-figqa-0122,0.8675379067038443,0.13246209329615566,13,medium,0.4263671107044725,0.4307692307692307,0.2583516249807179
aime,aime/aime_83,aime_83,0.8675468233429465,0.13245317665705347,20,easy,0.8890642226182863,0.85666665,0.2273275065235782
gpqa-diamond,gpqa-diamond/gpqa-diamond-20,gpqa-diamond-20,0.8675638824234978,0.1324361175765022,20,easy,0.9147465537382566,0.89,0.2406241883103193
simpleqa,simpleqa/simpleqa-2893,simpleqa-2893,0.8675649088700883,0.1324350911299117,20,easy,0.7425066989828795,0.72,0.3310589071449369
featurebench-modal,featurebench-modal/featurebench-modal-huggingface__transformers.e2e8dbed.test_tokenization_gpt_sw3.18420a43.lv1,featurebench-modal-huggingface__transformers.e2e8dbed.test_tokenization_gpt_sw3.18420a43.lv1,0.8676484829507676,0.13235151704923243,24,hard,0.2041318597597686,0.2208333333333333,0.3145488391684544
aider-polyglot,aider-polyglot/polyglot_python_sgf-parsing,polyglot_python_sgf-parsing,0.868034448447919,0.131965551552081,26,medium,0.5307692307692308,0.5307692307692308,0.3920059171151048
aime,aime/aime_ii-12,aime_ii-12,0.8680457825618075,0.13195421743819247,19,easy,0.8537174040428641,0.8157894736842104,0.2560081369897959
bixbench,bixbench/bix-28-q6,bix-28-q6,0.8681566286691376,0.13184337133086244,20,frontier,0.0274235866878911,0.02,0.0871779788708134
featurebench-modal,featurebench-modal/featurebench-modal-mlflow__mlflow.93dab383.test_databricks_rest_store.50525c62.lv1,featurebench-modal-mlflow__mlflow.93dab383.test_databricks_rest_store.50525c62.lv1,0.8681650703672746,0.13183492963272536,25,frontier,0.0128226824665163,0.01333332,0.0653196611544916
featurebench-modal,featurebench-modal/featurebench-modal-python__mypy.8e2ce962.testconstraints.db380fe7.lv1,featurebench-modal-python__mypy.8e2ce962.testconstraints.db380fe7.lv1,0.8681650703672746,0.13183492963272536,26,frontier,0.0346153846153846,0.0346153846153846,0.1072104604982027
livecodebench,livecodebench/livecodebench-abc323_d,livecodebench-abc323_d,0.8681740725803206,0.13182592741967936,18,saturated,0.965381206365714,0.95,0.1258305739211791
livecodebench,livecodebench/livecodebench-3360,livecodebench-3360,0.8681740725803206,0.13182592741967936,18,saturated,0.9903845636568108,0.9861111111111112,0.0572653559113564
aider-polyglot,aider-polyglot/polyglot_python_transpose,polyglot_python_transpose,0.8682380967345777,0.13176190326542225,26,medium,0.5076923076923077,0.5076923076923077,0.4410852672871215
aider-polyglot,aider-polyglot/polyglot_python_beer-song,polyglot_python_beer-song,0.868335715141384,0.13166428485861603,26,medium,0.5384615384615384,0.5384615384615384,0.4179408525294192
lawbench,lawbench/lawbench-3-2-16-zero-shot,lawbench-3-2-16-zero-shot,0.8689272623601595,0.1310727376398405,20,hard,0.291967909858973,0.2860761,0.0814441907792692
lawbench,lawbench/lawbench-3-1-8-one-shot,lawbench-3-1-8-one-shot,0.8689272623601595,0.1310727376398405,20,medium,0.677972255965206,0.6518717,0.2483237911212093
gpqa-diamond,gpqa-diamond/gpqa-diamond-189,gpqa-diamond-189,0.8689692425487118,0.13103075745128823,19,easy,0.9071332091764596,0.9017543684210526,0.261680099048882
mmau,mmau/mmau-004fd9c5-1f2b-4c16-939b-4c75e39c84ba,mmau-004fd9c5-1f2b-4c16-939b-4c75e39c84ba,0.8690565345247325,0.13094346547526747,20,easy,0.8556433484172469,0.8400000000000002,0.233238075793812
gpqa-diamond,gpqa-diamond/gpqa-diamond-168,gpqa-diamond-168,0.8690769100151846,0.1309230899848154,18,easy,0.9148860907278142,0.8814815,0.2378458256154487
usaco,usaco/usaco-1231,usaco-1231,0.8691479386110371,0.13085206138896288,18,medium,0.4791195989381051,0.4888888888888888,0.3769598989708305
labbench,labbench/labbench-figqa-0093,labbench-figqa-0093,0.8692585661339668,0.1307414338660332,13,medium,0.4674490548717505,0.5076923076923078,0.2894598111111812
featurebench-modal,featurebench-modal/featurebench-modal-huggingface__transformers.e2e8dbed.test_tests_fetcher.e1abe0dd.lv1,featurebench-modal-huggingface__transformers.e2e8dbed.test_tests_fetcher.e1abe0dd.lv1,0.869326137182197,0.13067386281780302,26,hard,0.2711538461538461,0.2711538461538461,0.3908012176490451
simpleqa,simpleqa/simpleqa-3432,simpleqa-3432,0.8693549291603758,0.13064507083962418,20,easy,0.7918978464232157,0.78,0.267581763205193
gaia,gaia/gaia-7a4a336d-dcfa-45a0-b014-824c7619e8de,gaia-7a4a336d-dcfa-45a0-b014-824c7619e8de,0.8694937247133578,0.13050627528664216,20,hard,0.0551223960750353,0.0699999999999999,0.2304343724360582
aider-polyglot,aider-polyglot/polyglot_go_react,polyglot_go_react,0.8696361559075958,0.1303638440924042,26,hard,0.0692307692307692,0.0692307692307692,0.1834901606442548
aider-polyglot,aider-polyglot/polyglot_rust_acronym,polyglot_rust_acronym,0.8697024474614989,0.13029755253850106,26,easy,0.8769230769230769,0.8769230769230769,0.2777764628502737
usaco,usaco/usaco-1279,usaco-1279,0.869715872173829,0.13028412782617105,19,medium,0.635130207372196,0.5921052631578947,0.3927846463309784
reasoning-gym,reasoning-gym/reasoning-gym-algorithmic-rotate-matrix-hard0292e21f-seed45-1,reasoning-gym-algorithmic-rotate-matrix-hard0292e21f-seed45-1,0.8699148198224086,0.1300851801775914,20,easy,0.7731481537632745,0.76,0.28
replicationbench,replicationbench/replicationbench-galaxy_soptics__nyu_vagc_processing,replicationbench-galaxy_soptics__nyu_vagc_processing,0.870443295191503,0.12955670480849701,17,easy,0.8982772509579786,0.8470588235294118,0.2614836561281514
featurebench-modal,featurebench-modal/featurebench-modal-astropy__astropy.b0db0daa.test_converter.2ef0539f.lv1,featurebench-modal-astropy__astropy.b0db0daa.test_converter.2ef0539f.lv1,0.8704603416907287,0.12953965830927128,26,hard,0.1788461538461538,0.1788461538461538,0.2902827126344899
gpqa-diamond,gpqa-diamond/gpqa-diamond-59,gpqa-diamond-59,0.8707551582075264,0.12924484179247364,19,easy,0.939595501339378,0.9184210526315788,0.149745860425861
gpqa-diamond,gpqa-diamond/gpqa-diamond-61,gpqa-diamond-61,0.8707551582075264,0.12924484179247364,19,easy,0.8894314760252053,0.8517543684210527,0.2405461232199085
aider-polyglot,aider-polyglot/polyglot_go_tree-building,polyglot_go_tree-building,0.8707985934211753,0.12920140657882473,26,medium,0.6153846153846154,0.6153846153846154,0.4329614547529319
aider-polyglot,aider-polyglot/polyglot_python_connect,polyglot_python_connect,0.8707985934211753,0.12920140657882473,26,medium,0.4769230769230769,0.4769230769230769,0.3885947981635412
aider-polyglot,aider-polyglot/polyglot_javascript_parallel-letter-frequency,polyglot_javascript_parallel-letter-frequency,0.8708229354215077,0.12917706457849232,26,easy,0.7346153846153847,0.7346153846153847,0.2894853625797494
aime,aime/aime_i-8,aime_i-8,0.8708511028264548,0.12914889717354516,19,easy,0.8852510978459549,0.8596491578947368,0.1728937853232328
kumo,kumo/kumo-transportenv-t4-a6-v1-s1,kumo-transportenv-t4-a6-v1-s1,0.871122924179127,0.12887707582087304,19,saturated,0.950107324935258,0.9324561578947368,0.1408488640106136
swebench-verified,swebench-verified/swebench-verified-astropy__astropy-14539,swebench-verified-astropy__astropy-14539,0.871421031603825,0.128578968396175,20,easy,0.9074430748928723,0.8800000000000001,0.24
swebench-verified,swebench-verified/swebench-verified-sphinx-doc__sphinx-9320,swebench-verified-sphinx-doc__sphinx-9320,0.871421031603825,0.128578968396175,20,easy,0.8476381109821911,0.8099999999999999,0.3315116890850155
aider-polyglot,aider-polyglot/polyglot_rust_react,polyglot_rust_react,0.8716191108657884,0.12838088913421164,26,frontier,0.0461538461538461,0.0461538461538461,0.1393136175098064
aider-polyglot,aider-polyglot/polyglot_go_beer-song,polyglot_go_beer-song,0.8716191108657884,0.12838088913421164,26,frontier,0.025,0.025,0.0696833497384363
algotune,algotune/algotune-stable-matching,algotune-stable-matching,0.8719620784874306,0.12803792151256943,22,hard,0.1926989823836738,0.1919038039228606,0.2689709407099715
algotune,algotune/algotune-matrix-completion,algotune-matrix-completion,0.8719620784874306,0.12803792151256943,24,hard,0.1903187532901085,0.2060431831920461,0.3206487972914451
medagentbench,medagentbench/medagentbench-task4_28,medagentbench-task4_28,0.8720169596428595,0.12798304035714048,20,easy,0.8483529431214708,0.8274999999999999,0.2395177446453602
labbench,labbench/labbench-figqa-0022,labbench-figqa-0022,0.8725126590400536,0.1274873409599464,13,hard,0.0700753587652355,0.123076923076923,0.1846153846153846
labbench,labbench/labbench-figqa-0158,labbench-figqa-0158,0.8729657127660507,0.12703428723394927,13,medium,0.4288360159690784,0.4153846153846154,0.3460683655139074
usaco,usaco/usaco-365,usaco-365,0.8729823283274534,0.12701767167254663,19,easy,0.7690514148722214,0.7078947368421052,0.3819145529588691
mmmlu,mmmlu/mmmlu-ja-jp-00095,mmmlu-ja-jp-00095,0.8734975405374954,0.1265024594625046,20,medium,0.3121556318648976,0.33,0.4063249930782009
livecodebench,livecodebench/livecodebench-abc356_e,livecodebench-abc356_e,0.8735777347442811,0.12642226525571887,18,easy,0.9499993223048112,0.927777777777778,0.1626364574256049
aider-polyglot,aider-polyglot/polyglot_javascript_two-bucket,polyglot_javascript_two-bucket,0.8736277639749273,0.12637223602507275,26,easy,0.8615384615384616,0.8615384615384616,0.2815846956572789
featurebench-modal,featurebench-modal/featurebench-modal-pypa__setuptools.d198e86f.test_bdist_wheel.51482fc6.lv1,featurebench-modal-pypa__setuptools.d198e86f.test_bdist_wheel.51482fc6.lv1,0.8737609222820412,0.12623907771795884,26,hard,0.2153846153846153,0.2153846153846153,0.3665770017675032
usaco,usaco/usaco-1039,usaco-1039,0.8740396834641211,0.1259603165358789,20,medium,0.4437869192215654,0.4325,0.4136045816960929
simpleqa,simpleqa/simpleqa-4280,simpleqa-4280,0.8740991883888445,0.12590081161115552,20,easy,0.7532322242627466,0.7300000000000001,0.3241913015489465
replicationbench,replicationbench/replicationbench-galaxy_manifold__property_prediction,replicationbench-galaxy_manifold__property_prediction,0.8741687922746748,0.1258312077253252,17,frontier,0.0384672828287022,0.0431372352941176,0.1186881555909927
gaia,gaia/gaia-e4e91f1c-1dcd-439e-9fdd-cb976f5293fd,gaia-e4e91f1c-1dcd-439e-9fdd-cb976f5293fd,0.8744769520070512,0.12552304799294878,20,medium,0.3956400929696598,0.39,0.3374907406137241
usaco,usaco/usaco-345,usaco-345,0.8746413076671362,0.12535869233286379,19,medium,0.4638701125380323,0.4552631578947367,0.3590538505433798
medagentbench,medagentbench/medagentbench-task5_26,medagentbench-task5_26,0.8748254973015078,0.12517450269849217,20,easy,0.9207721342101703,0.91,0.2233830790368867
bfcl,bfcl/bfcl-live-multiple-749-169-4,bfcl-live-multiple-749-169-4,0.87514241185129,0.12485758814870995,26,easy,0.9461538461538462,0.9461538461538462,0.1184215716795435
aider-polyglot,aider-polyglot/polyglot_java_resistor-color-trio,polyglot_java_resistor-color-trio,0.8753441161719411,0.12465588382805892,26,medium,0.3923076923076923,0.3923076923076923,0.4488644449506203
reasoning-gym,reasoning-gym/reasoning-gym-logic-knights-knaves-easy00cea0a5-seed45-1,reasoning-gym-logic-knights-knaves-easy00cea0a5-seed45-1,0.8754050898169742,0.12459491018302582,20,easy,0.9133841882917894,0.8950000000000001,0.2132486811213612
reasoning-gym,reasoning-gym/reasoning-gym-algorithmic-graph-color-easy00cea0a5-seed45-0,reasoning-gym-algorithmic-graph-color-easy00cea0a5-seed45-0,0.8754050898169742,0.12459491018302582,12,easy,0.9356394910164584,0.8611110833333333,0.3179312445082685
swebench-multilingual,swebench-multilingual/swebench-multilingual-apache__lucene-12196,swebench-multilingual-apache__lucene-12196,0.875487815431815,0.12451218456818502,15,medium,0.6999348001736495,0.5466666666666666,0.4869861964733246
aider-polyglot,aider-polyglot/polyglot_go_bowling,polyglot_go_bowling,0.8755194970279697,0.12448050297203028,26,medium,0.5076923076923077,0.5076923076923077,0.4480067624172626
algotune,algotune/algotune-l0-pruning,algotune-l0-pruning,0.8755500666797899,0.12444993332021015,24,medium,0.4194656215158652,0.4154625083240292,0.1395370269562646
swebench-multilingual,swebench-multilingual/swebench-multilingual-jekyll__jekyll-8047,swebench-multilingual-jekyll__jekyll-8047,0.8759098278887992,0.12409017211120077,14,medium,0.5464599764277196,0.5095237857142857,0.471813223787334
gpqa-diamond,gpqa-diamond/gpqa-diamond-160,gpqa-diamond-160,0.8759634005425594,0.12403659945744061,18,hard,0.0809834197411008,0.1166666666666666,0.25
aider-polyglot,aider-polyglot/polyglot_python_bowling,polyglot_python_bowling,0.8759774285046208,0.12402257149537921,26,medium,0.6205128076923077,0.6205128076923077,0.4323536271486766
reasoning-gym,reasoning-gym/reasoning-gym-algorithmic-number-filtering-hard0292e21f-seed45-0,reasoning-gym-algorithmic-number-filtering-hard0292e21f-seed45-0,0.8762040381254952,0.12379596187450481,20,easy,0.9019200599345908,0.8800000000000001,0.2481934729198171
featurebench-modal,featurebench-modal/featurebench-modal-netflix__metaflow.b390a8d4.test_stub_generator.7bf08c98.lv1,featurebench-modal-netflix__metaflow.b390a8d4.test_stub_generator.7bf08c98.lv1,0.8762850411910359,0.1237149588089641,26,medium,0.55,0.55,0.466162731573098
featurebench-modal,featurebench-modal/featurebench-modal-sphinx-doc__sphinx.e347e59c.test_util_nodes.08cdc62d.lv1,featurebench-modal-sphinx-doc__sphinx.e347e59c.test_util_nodes.08cdc62d.lv1,0.8762850411910359,0.1237149588089641,26,medium,0.4275641153846153,0.4275641153846153,0.4302886775628594
replicationbench,replicationbench/replicationbench-muse_outflows__voronoi_binning_for_emission_lines_j080427,replicationbench-muse_outflows__voronoi_binning_for_emission_lines_j080427,0.8766472220213628,0.1233527779786372,20,hard,0.1156975230776611,0.11,0.2046948949045872
aider-polyglot,aider-polyglot/polyglot_java_word-search,polyglot_java_word-search,0.8773511301139769,0.12264886988602308,26,hard,0.1538461538461538,0.1538461538461538,0.300295712245279
labbench,labbench/labbench-figqa-0177,labbench-figqa-0177,0.8776535936653773,0.12234640633462268,13,medium,0.4492942982442105,0.4769230769230769,0.3885947981635412
replicationbench,replicationbench/replicationbench-hubble_trails__satellite_chance_pre2020_acis,replicationbench-hubble_trails__satellite_chance_pre2020_acis,0.8780404982837801,0.12195950171621994,17,medium,0.5185832107646484,0.4980392352941176,0.3570889270293934
replicationbench,replicationbench/replicationbench-hubble_trails__satellite_chance_post2020_acis,replicationbench-hubble_trails__satellite_chance_post2020_acis,0.8780404982837801,0.12195950171621994,17,medium,0.3701202071256529,0.35,0.3167440772256514
crustbench,crustbench/crustbench-inversion-list,crustbench-inversion-list,0.8782277414750557,0.12177225852494433,23,medium,0.6764035195073226,0.6521739130434784,0.3921729490010324
swebench-multilingual,swebench-multilingual/swebench-multilingual-apache__lucene-12626,swebench-multilingual-apache__lucene-12626,0.8784020299466965,0.12159797005330353,14,medium,0.6391923911393514,0.6095237857142857,0.4183164774228408
swe-lancer,swe-lancer/swe-lancer-18658-manager-0,swe-lancer-18658-manager-0,0.8784032923876157,0.12159670761238428,17,easy,0.8689343960133245,0.7999999999999999,0.2743977362280141
swe-lancer,swe-lancer/swe-lancer-18207-manager-0,swe-lancer-18207-manager-0,0.8784032923876157,0.12159670761238428,17,easy,0.9307359671845576,0.8941176470588235,0.2071390219018707
gaia,gaia/gaia-c526d8d6-5987-4da9-b24c-83466fa172f3,gaia-c526d8d6-5987-4da9-b24c-83466fa172f3,0.8784619997898422,0.12153800021015781,20,hard,0.1083014218678436,0.1,0.223606797749979
gaia,gaia/gaia-16d825ff-1623-4176-a5b5-42e0f5c2b0ac,gaia-16d825ff-1623-4176-a5b5-42e0f5c2b0ac,0.8784619997898422,0.12153800021015781,20,hard,0.0920804257660712,0.09,0.2211334438749598
humanevalfix,humanevalfix/humanevalfix-python-13,humanevalfix-python-13,0.8785112373646723,0.12148876263532771,20,saturated,0.9534085358350542,0.94,0.1280624847486569
gaia,gaia/gaia-a26649c6-1cb2-470a-871e-6910c64c3e53,gaia-a26649c6-1cb2-470a-871e-6910c64c3e53,0.8788346044279259,0.12116539557207406,20,easy,0.8057910243199635,0.78,0.3515679166249389
gaia,gaia/gaia-f3917a3d-1d17-4ee2-90c5-683b072218fe,gaia-f3917a3d-1d17-4ee2-90c5-683b072218fe,0.8788346044279259,0.12116539557207406,20,easy,0.7966555104835534,0.78,0.2959729717389748
reasoning-gym,reasoning-gym/reasoning-gym-algorithmic-binary-alternation-hard0292e21f-seed45-2,reasoning-gym-algorithmic-binary-alternation-hard0292e21f-seed45-2,0.8788772104320963,0.12112278956790368,20,easy,0.7928086661744194,0.78105265,0.2676997560111467
reasoning-gym,reasoning-gym/reasoning-gym-arithmetic-power-function-hard0292e21f-seed45-2,reasoning-gym-arithmetic-power-function-hard0292e21f-seed45-2,0.8788772104320963,0.12112278956790368,12,easy,0.9063380295166652,0.8029860833333333,0.3248303837601142
crustbench,crustbench/crustbench-vaultsync,crustbench-vaultsync,0.8789379051728262,0.12106209482717378,22,easy,0.786788000942967,0.7840909090909091,0.2702634924881657
featurebench-modal,featurebench-modal/featurebench-modal-mwaskom__seaborn.7001ebe7.test_algorithms.1f0181c2.lv1,featurebench-modal-mwaskom__seaborn.7001ebe7.test_algorithms.1f0181c2.lv1,0.878941602195362,0.12105839780463801,25,hard,0.1580375284799133,0.1639999999999999,0.3031567251439426
featurebench-modal,featurebench-modal/featurebench-modal-matplotlib__matplotlib.86a476d2.test_backend_registry.872ba384.lv1,featurebench-modal-matplotlib__matplotlib.86a476d2.test_backend_registry.872ba384.lv1,0.878941602195362,0.12105839780463801,25,hard,0.1477755493368271,0.15333332,0.2617887097132678
simpleqa,simpleqa/simpleqa-2530,simpleqa-2530,0.878987684796871,0.12101231520312905,20,easy,0.852757814102087,0.8099999999999999,0.360416425818802
aider-polyglot,aider-polyglot/polyglot_go_kindergarten-garden,polyglot_go_kindergarten-garden,0.879253995535153,0.12074600446484696,26,hard,0.225,0.225,0.3153904783695188
labbench,labbench/labbench-figqa-0164,labbench-figqa-0164,0.8792857381898753,0.12071426181012468,13,medium,0.4568794436007841,0.4769230769230769,0.4041207857404215
labbench,labbench/labbench-figqa-0045,labbench-figqa-0045,0.8793466002630238,0.1206533997369762,13,medium,0.4175589483069872,0.4000000000000001,0.3508232077228116
gaia,gaia/gaia-9e1fc53b-46ff-49a1-9d05-9e6faac34cc5,gaia-9e1fc53b-46ff-49a1-9d05-9e6faac34cc5,0.8793680479685833,0.12063195203141674,20,medium,0.3626207503830944,0.37,0.391279950930277
gpqa-diamond,gpqa-diamond/gpqa-diamond-24,gpqa-diamond-24,0.8794985929133163,0.12050140708668367,18,easy,0.751150885151709,0.7185185,0.3695546765837454
aider-polyglot,aider-polyglot/polyglot_python_food-chain,polyglot_python_food-chain,0.8799794653671403,0.12002053463285967,26,medium,0.5692307692307692,0.5692307692307692,0.4102243577222579
simpleqa,simpleqa/simpleqa-1807,simpleqa-1807,0.8799863755342417,0.12001362446575825,20,medium,0.6075122150178481,0.5900000000000001,0.3766961640367472
aider-polyglot,aider-polyglot/polyglot_java_mazy-mice,polyglot_java_mazy-mice,0.8799929813131118,0.12000701868688823,26,hard,0.2615384615384615,0.2615384615384615,0.3669803212885096
mmmlu,mmmlu/mmmlu-es-la-00041,mmmlu-es-la-00041,0.8802738171954296,0.11972618280457037,20,hard,0.2146040754417674,0.2416666499999999,0.3995657326676394
mmmlu,mmmlu/mmmlu-fr-fr-00051,mmmlu-fr-fr-00051,0.8802738171954296,0.11972618280457037,19,hard,0.1665202799186864,0.2017544210526315,0.3528454034445227
gaia,gaia/gaia-c3a79cfe-8206-451f-aca8-3fec8ebe51d3,gaia-c3a79cfe-8206-451f-aca8-3fec8ebe51d3,0.8803246326606023,0.11967536733939765,20,medium,0.4264356250708347,0.43,0.375632799419859
gaia,gaia/gaia-9b54f9d9-35ee-4a14-b62f-d130ea00317f,gaia-9b54f9d9-35ee-4a14-b62f-d130ea00317f,0.8803246326606023,0.11967536733939765,20,medium,0.3881970084288012,0.38,0.34
mmmlu,mmmlu/mmmlu-yo-ng-00141,mmmlu-yo-ng-00141,0.8804750968510511,0.11952490314894892,17,hard,0.2006986638295547,0.2058823529411764,0.3857316779001177
mmmlu,mmmlu/mmmlu-hi-in-00061,mmmlu-hi-in-00061,0.8804750968510511,0.11952490314894892,18,hard,0.1885534891183732,0.1851851666666666,0.3328185242681479
crustbench,crustbench/crustbench-ted,crustbench-ted,0.880516055072238,0.11948394492776204,22,easy,0.7827902953802046,0.75,0.3589758158478595
aider-polyglot,aider-polyglot/polyglot_javascript_meetup,polyglot_javascript_meetup,0.8808103259942415,0.11918967400575853,26,medium,0.6211538461538463,0.6211538461538463,0.4151397070039928
aider-polyglot,aider-polyglot/polyglot_go_transpose,polyglot_go_transpose,0.8808103259942415,0.11918967400575853,26,medium,0.5538461538461539,0.5538461538461539,0.4307692307692308
featurebench-modal,featurebench-modal/featurebench-modal-huggingface__transformers.e2e8dbed.test_modeling_vitpose.30ffd86e.lv1,featurebench-modal-huggingface__transformers.e2e8dbed.test_modeling_vitpose.30ffd86e.lv1,0.8808119408627815,0.11918805913721853,26,frontier,0.0423076923076923,0.0423076923076923,0.1245702672361665
gaia,gaia/gaia-8f80e01c-1296-4371-9486-bb3d68651a60,gaia-8f80e01c-1296-4371-9486-bb3d68651a60,0.8809082969256133,0.11909170307438666,20,hard,0.2225730720820067,0.2375,0.3684002578717881
replicationbench,replicationbench/replicationbench-mars_clouds__dbscan_test,replicationbench-mars_clouds__dbscan_test,0.8810138247353781,0.11898617526462185,17,hard,0.1854888478988516,0.2333333529411765,0.2998910760865452
crustbench,crustbench/crustbench-merkle-tree-c,crustbench-merkle-tree-c,0.8812091353453965,0.11879086465460353,22,easy,0.757753680174157,0.740909090909091,0.3228552883105411
crustbench,crustbench/crustbench-roaring-bitmap,crustbench-roaring-bitmap,0.8812091353453965,0.11879086465460353,22,easy,0.7442784362368564,0.725,0.3274384050335407
gaia,gaia/gaia-b816bfce-3d80-4913-a07d-69b752ce6377,gaia-b816bfce-3d80-4913-a07d-69b752ce6377,0.8812311913304047,0.11876880866959527,20,medium,0.6125232172236682,0.5774999999999999,0.382908278834501
gaia,gaia/gaia-6b078778-0b90-464d-83f6-59511c811b01,gaia-6b078778-0b90-464d-83f6-59511c811b01,0.8812311913304047,0.11876880866959527,20,medium,0.6967758665032074,0.66,0.3292415526630866
featurebench-modal,featurebench-modal/featurebench-modal-mlflow__mlflow.93dab383.test_genai_metrics.5f107830.lv1,featurebench-modal-mlflow__mlflow.93dab383.test_genai_metrics.5f107830.lv1,0.8813577576027379,0.11864224239726207,25,hard,0.0847854921399692,0.088,0.1773583942191629
featurebench-modal,featurebench-modal/featurebench-modal-mwaskom__seaborn.7001ebe7.test_plot.b645d353.lv1,featurebench-modal-mwaskom__seaborn.7001ebe7.test_plot.b645d353.lv1,0.8813577576027379,0.11864224239726207,26,hard,0.1596153846153846,0.1596153846153846,0.2993644648922725
aider-polyglot,aider-polyglot/polyglot_java_alphametics,polyglot_java_alphametics,0.8816175384860174,0.11838246151398257,26,hard,0.1384615384615384,0.1384615384615384,0.3175348837007737
spider2,spider2/spider2-qualtrics001,spider2-qualtrics001,0.8817653734560585,0.11823462654394146,15,medium,0.5754599228416335,0.5399999999999999,0.4644710252893428
featurebench-modal,featurebench-modal/featurebench-modal-huggingface__transformers.e2e8dbed.test_video_processing_auto.c41f8df4.lv1,featurebench-modal-huggingface__transformers.e2e8dbed.test_video_processing_auto.c41f8df4.lv1,0.8819160626105954,0.11808393738940459,25,hard,0.1559155498675038,0.162,0.2721323207559146
medagentbench,medagentbench/medagentbench-task9_10,medagentbench-task9_10,0.8820088141192102,0.11799118588078983,20,medium,0.5832369192111373,0.5700000000000001,0.3702701716314724
medagentbench,medagentbench/medagentbench-task9_26,medagentbench-task9_26,0.8820088141192102,0.11799118588078983,20,medium,0.5552290391065148,0.53,0.3421987726453735
bfcl,bfcl/bfcl-live-multiple-712-164-28,bfcl-live-multiple-712-164-28,0.8822322107459927,0.11776778925400733,26,easy,0.9230769230769232,0.9230769230769232,0.1671196998646187
replicationbench,replicationbench/replicationbench-hubble_trails__satellite_fractions,replicationbench-hubble_trails__satellite_fractions,0.8827006450418808,0.11729935495811916,17,easy,0.9247770795826408,0.8862745294117647,0.2129956756893594
replicationbench,replicationbench/replicationbench-gw_cosmo__measure_combo,replicationbench-gw_cosmo__measure_combo,0.8827006450418808,0.11729935495811916,17,easy,0.7256101384982501,0.6764705882352942,0.4022428469947943
featurebench-modal,featurebench-modal/featurebench-modal-mlflow__mlflow.93dab383.test_span.69efd376.lv1,featurebench-modal-mlflow__mlflow.93dab383.test_span.69efd376.lv1,0.8830179385149547,0.11698206148504531,25,hard,0.1161770221313053,0.12066668,0.2524229543709081
gpqa-diamond,gpqa-diamond/gpqa-diamond-139,gpqa-diamond-139,0.8831849408310296,0.11681505916897039,19,easy,0.7281840826052235,0.7087719473684211,0.3475633128627864
labbench,labbench/labbench-figqa-0008,labbench-figqa-0008,0.8833620612092179,0.1166379387907821,13,hard,0.0905321991121359,0.123076923076923,0.2153846153846154
featurebench-modal,featurebench-modal/featurebench-modal-linkedin__liger-kernel.c856fbab.test_fused_add_rms_norm.fecadbdf.lv1,featurebench-modal-linkedin__liger-kernel.c856fbab.test_fused_add_rms_norm.fecadbdf.lv1,0.883601300794891,0.11639869920510904,25,hard,0.136650693921997,0.142,0.2587199257884865
labbench,labbench/labbench-figqa-0095,labbench-figqa-0095,0.8839456422249923,0.11605435777500772,13,hard,0.1640427043926527,0.2615384615384615,0.3627638806938952
labbench,labbench/labbench-figqa-0076,labbench-figqa-0076,0.8839456422249923,0.11605435777500772,13,hard,0.1777996347363711,0.2769230769230769,0.3724221057510832
livecodebench,livecodebench/livecodebench-arc196_c,livecodebench-arc196_c,0.8839465668925884,0.11605343310741156,15,hard,0.2040695231160582,0.2866666666666667,0.384042821686448
usaco,usaco/usaco-1114,usaco-1114,0.8840439702690387,0.11595602973096131,18,easy,0.7476336015132736,0.6694444444444445,0.4210601845489051
simpleqa,simpleqa/simpleqa-1837,simpleqa-1837,0.884074163981743,0.11592583601825701,20,easy,0.7378291464241328,0.7100000000000002,0.3433656942677879
mmmlu,mmmlu/mmmlu-ar-xy-00004,mmmlu-ar-xy-00004,0.8842535251998783,0.11574647480012168,18,easy,0.9256088807786534,0.8925926111111111,0.2059472207881154
gpqa-diamond,gpqa-diamond/gpqa-diamond-0,gpqa-diamond-0,0.8843389013643151,0.11566109863568486,20,saturated,0.9561242238590324,0.95,0.1396424004376894
featurebench-modal,featurebench-modal/featurebench-modal-lightning-ai__pytorch-lightning.126fa6f1.test_connector.825ef3b1.lv1,featurebench-modal-lightning-ai__pytorch-lightning.126fa6f1.test_connector.825ef3b1.lv1,0.8846916910688781,0.11530830893112187,25,hard,0.175,0.182,0.3202748819373758
labbench,labbench/labbench-figqa-0139,labbench-figqa-0139,0.8850585719640922,0.11494142803590779,13,hard,0.1454144268288148,0.2153846153846153,0.3084605793194372
featurebench-modal,featurebench-modal/featurebench-modal-mlflow__mlflow.93dab383.test_bedrock_autolog.f008b521.lv1,featurebench-modal-mlflow__mlflow.93dab383.test_bedrock_autolog.f008b521.lv1,0.8852169122170288,0.1147830877829712,24,hard,0.0634856806937836,0.0687499999999999,0.1801691913174946
simpleqa,simpleqa/simpleqa-3057,simpleqa-3057,0.8854678567205423,0.11453214327945771,20,easy,0.7333817725138363,0.655,0.4165033013074446
labbench,labbench/labbench-figqa-0107,labbench-figqa-0107,0.8855726485945408,0.11442735140545923,13,easy,0.7530766847873237,0.6923076923076923,0.3384615384615385
mmmlu,mmmlu/mmmlu-id-id-00071,mmmlu-id-id-00071,0.8858768218193074,0.11412317818069262,17,hard,0.1295755863028267,0.1960784117647059,0.3393346646155851
featurebench-modal,featurebench-modal/featurebench-modal-mlflow__mlflow.93dab383.test_serialization.2c029be6.lv1,featurebench-modal-mlflow__mlflow.93dab383.test_serialization.2c029be6.lv1,0.8860869735091035,0.11391302649089652,25,hard,0.1426112660098616,0.148,0.2787400222429495
featurebench-modal,featurebench-modal/featurebench-modal-mwaskom__seaborn.7001ebe7.test_regression.ce8c62e2.lv1,featurebench-modal-mwaskom__seaborn.7001ebe7.test_regression.ce8c62e2.lv1,0.8860869735091035,0.11391302649089652,25,hard,0.1040795235678855,0.108,0.2464467488119898
aime,aime/aime_75,aime_75,0.8862418788888788,0.11375812111112116,20,saturated,0.9609007315901904,0.95,0.1396424004376894
aime,aime/aime_ii-8,aime_ii-8,0.8862418788888788,0.11375812111112116,19,easy,0.9294015111666596,0.9052631578947368,0.2282050883018821
featurebench-modal,featurebench-modal/featurebench-modal-mlflow__mlflow.93dab383.test_scorer_description.9163195a.lv1,featurebench-modal-mlflow__mlflow.93dab383.test_scorer_description.9163195a.lv1,0.8863911293300002,0.1136088706699998,25,medium,0.3118327287262522,0.324,0.442971782397028
featurebench-modal,featurebench-modal/featurebench-modal-mlflow__mlflow.93dab383.test_databricks_tracing_utils.8ef44eb4.lv1,featurebench-modal-mlflow__mlflow.93dab383.test_databricks_tracing_utils.8ef44eb4.lv1,0.8863911293300002,0.1136088706699998,25,hard,0.2040673337167677,0.212,0.3323826576569842
crustbench,crustbench/crustbench-simplexml,crustbench-simplexml,0.8864468392359108,0.11355316076408917,22,easy,0.8379386063819475,0.8090909090909091,0.3102917848341093
aime,aime/aime_ii-5,aime_ii-5,0.8864688250103124,0.11353117498968757,19,easy,0.8495944197175416,0.8105263157894737,0.2468639873591278
featurebench-modal,featurebench-modal/featurebench-modal-huggingface__transformers.e2e8dbed.test_modeling_pixtral.a620bb0b.lv2,featurebench-modal-huggingface__transformers.e2e8dbed.test_modeling_pixtral.a620bb0b.lv2,0.8865412086723725,0.11345879132762748,26,frontier,0.0384615384615384,0.0384615384615384,0.1332346775052982
gpqa-diamond,gpqa-diamond/gpqa-diamond-111,gpqa-diamond-111,0.8866213948345565,0.11337860516544351,17,easy,0.9380061723533208,0.9215686470588236,0.1468363991133714
omnimath,omnimath/omnimath_1675,omnimath_1675,0.8869756323156419,0.11302436768435808,25,saturated,0.9845547234164864,0.984,0.0542586398650021
omnimath,omnimath/omnimath_2969,omnimath_2969,0.8869756323156419,0.11302436768435808,25,saturated,0.9690488674181064,0.968,0.1223764683262268
usaco,usaco/usaco-925,usaco-925,0.8870444701193194,0.11295552988068058,19,hard,0.2397332546999898,0.2842105263157894,0.3410713120290193
usaco,usaco/usaco-1040,usaco-1040,0.8870444701193194,0.11295552988068058,19,medium,0.4067979013000761,0.4394736842105263,0.4549664381399962
crustbench,crustbench/crustbench-libpsbt,crustbench-libpsbt,0.8870618733454034,0.11293812665459657,22,medium,0.4583047935115569,0.4545454545454545,0.4097973698030779
crustbench,crustbench/crustbench-recordmanager,crustbench-recordmanager,0.8870618733454034,0.11293812665459657,22,medium,0.4253021745077747,0.4022727272727273,0.398997970126778
usaco,usaco/usaco-547,usaco-547,0.8871265537356353,0.11287344626436469,19,medium,0.42587702169158,0.4499999999999999,0.4510222307509675
simpleqa,simpleqa/simpleqa-2672,simpleqa-2672,0.887141852804884,0.112858147195116,20,easy,0.7685911582723354,0.7500000000000001,0.3090307428072488
mmmlu,mmmlu/mmmlu-hi-in-00063,mmmlu-hi-in-00063,0.8871656971963785,0.1128343028036215,16,saturated,0.9595314636428288,0.9375,0.1653594569415369
medagentbench,medagentbench/medagentbench-task1_5,medagentbench-task1_5,0.8872250299925398,0.11277497000746017,20,medium,0.6904457303510214,0.6500000000000001,0.3024896692450834
medagentbench,medagentbench/medagentbench-task1_6,medagentbench-task1_6,0.8872250299925398,0.11277497000746017,20,medium,0.6737189852921861,0.65,0.3456877203488721
featurebench-modal,featurebench-modal/featurebench-modal-mlflow__mlflow.93dab383.test_config.c63d41b0.lv1,featurebench-modal-mlflow__mlflow.93dab383.test_config.c63d41b0.lv1,0.8873416457153158,0.11265835428468418,25,medium,0.6650009887202635,0.652,0.4587984306860694
featurebench-modal,featurebench-modal/featurebench-modal-mlflow__mlflow.93dab383.test_jsonpath_utils.eb851c42.lv1,featurebench-modal-mlflow__mlflow.93dab383.test_jsonpath_utils.eb851c42.lv1,0.8873416457153158,0.11265835428468418,25,medium,0.6214259156764894,0.60666668,0.4633932832199207
swebench-multilingual,swebench-multilingual/swebench-multilingual-caddyserver__caddy-6345,swebench-multilingual-caddyserver__caddy-6345,0.887358196357163,0.11264180364283705,14,medium,0.4729434030402358,0.4559523571428571,0.4353254251633577
simpleqa,simpleqa/simpleqa-1417,simpleqa-1417,0.8874119775774332,0.11258802242256682,20,easy,0.8607787543044979,0.82,0.2749545416973504
labbench,labbench/labbench-figqa-0026,labbench-figqa-0026,0.8876511184734793,0.11234888152652067,13,easy,0.7439855070022828,0.6923076923076923,0.3099914104555367
swebench-multilingual,swebench-multilingual/swebench-multilingual-redis__redis-10068,swebench-multilingual-redis__redis-10068,0.8877434405336619,0.11225655946633806,15,easy,0.7362628120214976,0.5555555333333333,0.4817663077765494
medagentbench,medagentbench/medagentbench-task4_12,medagentbench-task4_12,0.8878667101516273,0.11213328984837267,20,easy,0.8544652540940543,0.8399999999999999,0.265329983228432
mmmlu,mmmlu/mmmlu-de-de-00025,mmmlu-de-de-00025,0.8879194176205026,0.11208058237949736,19,easy,0.9390843912255812,0.9166666842105264,0.1772928409778735
simpleqa,simpleqa/simpleqa-268,simpleqa-268,0.8882517095770708,0.11174829042292922,20,easy,0.8860112731354169,0.86,0.2615339366124404
aider-polyglot,aider-polyglot/polyglot_java_custom-set,polyglot_java_custom-set,0.8882798522371262,0.11172014776287376,26,hard,0.0923076923076923,0.0923076923076923,0.185893014978378
featurebench-modal,featurebench-modal/featurebench-modal-huggingface__transformers.e2e8dbed.test_modeling_seggpt.f9e83f60.lv1,featurebench-modal-huggingface__transformers.e2e8dbed.test_modeling_seggpt.f9e83f60.lv1,0.8884719626068025,0.1115280373931975,26,hard,0.0769230769230769,0.0769230769230769,0.227541530119216
aider-polyglot,aider-polyglot/polyglot_java_pythagorean-triplet,polyglot_java_pythagorean-triplet,0.8885796418563167,0.11142035814368334,26,medium,0.3108974230769231,0.3108974230769231,0.3937259633355093
aider-polyglot,aider-polyglot/polyglot_java_circular-buffer,polyglot_java_circular-buffer,0.8885796418563167,0.11142035814368334,26,hard,0.1923076923076923,0.1923076923076923,0.3304112553063774
swebench-multilingual,swebench-multilingual/swebench-multilingual-sharkdp__bat-2201,swebench-multilingual-sharkdp__bat-2201,0.8886636555773403,0.11133634442265972,14,medium,0.6564703537001765,0.5714285714285714,0.4573660169594892
medagentbench,medagentbench/medagentbench-task6_14,medagentbench-task6_14,0.8887427465979839,0.11125725340201609,20,easy,0.8507216339942545,0.8400000000000001,0.2416609194718914
featurebench-modal,featurebench-modal/featurebench-modal-lightning-ai__pytorch-lightning.126fa6f1.test_data.c8b292af.lv1,featurebench-modal-lightning-ai__pytorch-lightning.126fa6f1.test_data.c8b292af.lv1,0.8888854580160686,0.11111454198393145,26,hard,0.2326923076923077,0.2326923076923077,0.3944183418685886
labbench,labbench/labbench-figqa-0130,labbench-figqa-0130,0.8890092357513054,0.11099076424869458,13,easy,0.7839669437451493,0.7538461538461539,0.2499704124503372
medagentbench,medagentbench/medagentbench-task4_18,medagentbench-task4_18,0.8891940599346351,0.11080594006536493,20,easy,0.905495762971819,0.89,0.2046948949045872
replicationbench,replicationbench/replicationbench-ver_waves__sun_height_corrected,replicationbench-ver_waves__sun_height_corrected,0.8893250969438056,0.11067490305619443,17,medium,0.4159666943125337,0.388235294117647,0.3462103286955803
bixbench,bixbench/bix-17-q2,bix-17-q2,0.8894400298817977,0.11055997011820229,20,easy,0.8460392031581443,0.8,0.2756809750418044
bixbench,bixbench/bix-35-q4,bix-35-q4,0.8894400298817977,0.11055997011820229,19,easy,0.8844891106800886,0.8421052631578947,0.2597439596837507
simpleqa,simpleqa/simpleqa-549,simpleqa-549,0.8894485890055898,0.11055141099441024,20,easy,0.8301169463697509,0.78,0.3218695387886216
swebench-multilingual,swebench-multilingual/swebench-multilingual-laravel__framework-48636,swebench-multilingual-laravel__framework-48636,0.8896114944347867,0.11038850556521329,15,easy,0.7619046587825662,0.6,0.4898979485566357
swebench-multilingual,swebench-multilingual/swebench-multilingual-preactjs__preact-3763,swebench-multilingual-preactjs__preact-3763,0.8896190280434448,0.11038097195655516,16,easy,0.8017293593885775,0.6875,0.4635124054434789
bfcl,bfcl/bfcl-live-multiple-404-140-0,bfcl-live-multiple-404-140-0,0.8898638460557506,0.11013615394424936,26,easy,0.8999999999999999,0.8999999999999999,0.2166173513896726
simpleqa,simpleqa/simpleqa-2827,simpleqa-2827,0.8901360153072827,0.1098639846927173,20,easy,0.7645153127063864,0.72,0.3655133376499413
aider-polyglot,aider-polyglot/polyglot_javascript_space-age,polyglot_javascript_space-age,0.890159778214071,0.109840221785929,26,easy,0.7057692307692308,0.7057692307692308,0.3966995867532225
aider-polyglot,aider-polyglot/polyglot_python_two-bucket,polyglot_python_two-bucket,0.890159778214071,0.109840221785929,26,medium,0.6512820384615385,0.6512820384615385,0.4152263170989713
swebench-multilingual,swebench-multilingual/swebench-multilingual-rubocop__rubocop-13431,swebench-multilingual-rubocop__rubocop-13431,0.8903425171044952,0.10965748289550481,15,easy,0.7451909472847836,0.5666666666666667,0.4784233364802441
mmmlu,mmmlu/mmmlu-zh-cn-00128,mmmlu-zh-cn-00128,0.890422993712465,0.10957700628753497,20,medium,0.363860657085653,0.4199999999999999,0.4728636167014756
featurebench-modal,featurebench-modal/featurebench-modal-huggingface__transformers.e2e8dbed.test_modeling_pixtral.a620bb0b.lv1,featurebench-modal-huggingface__transformers.e2e8dbed.test_modeling_pixtral.a620bb0b.lv1,0.8906727521877065,0.10932724781229353,26,hard,0.1467948846153846,0.1467948846153846,0.2798816849621567
featurebench-modal,featurebench-modal/featurebench-modal-huggingface__transformers.e2e8dbed.test_chat_template_utils.8c88f8ec.lv1,featurebench-modal-huggingface__transformers.e2e8dbed.test_chat_template_utils.8c88f8ec.lv1,0.8906727521877065,0.10932724781229353,26,hard,0.2115384615384615,0.2115384615384615,0.3377834115762564
labbench,labbench/labbench-figqa-0100,labbench-figqa-0100,0.8906964238607835,0.10930357613921649,20,hard,0.1476691461328101,0.16,0.2799999999999999
labbench,labbench/labbench-figqa-0144,labbench-figqa-0144,0.8906964238607835,0.10930357613921649,13,hard,0.1332171571487893,0.2,0.3762159772503842
kumo,kumo/kumo-ecologicalenv-t4-a6-v1-s0,kumo-ecologicalenv-t4-a6-v1-s0,0.8908626572987087,0.10913734270129127,18,saturated,0.9806861473191404,0.9722222222222222,0.1145307118227128
bfcl,bfcl/bfcl-simple-java-39,bfcl-simple-java-39,0.8909090909090914,0.10909090909090857,26,saturated,0.9769230769230768,0.9769230769230768,0.0846153846153846
bfcl,bfcl/bfcl-simple-python-2,bfcl-simple-python-2,0.8909090909090914,0.10909090909090857,26,saturated,0.9769230769230768,0.9769230769230768,0.0846153846153846
labbench,labbench/labbench-figqa-0005,labbench-figqa-0005,0.8909363441708545,0.10906365582914546,13,medium,0.6975530272874901,0.5846153846153845,0.4110888989503812
simpleqa,simpleqa/simpleqa-615,simpleqa-615,0.8910945940086626,0.10890540599133736,20,easy,0.8535588408480466,0.8099999999999999,0.2930870177950569
aime,aime/aime_89,aime_89,0.8915883340362829,0.1084116659637171,19,easy,0.7042314223340553,0.6596491052631578,0.3758155335207189
medagentbench,medagentbench/medagentbench-task2_21,medagentbench-task2_21,0.8917074622232826,0.10829253777671743,20,easy,0.8222184193604823,0.79,0.3064310689208913
featurebench-modal,featurebench-modal/featurebench-modal-pydantic__pydantic.e1dcaf9e.test_experimental_arguments_schema.00dc2dd4.lv1,featurebench-modal-pydantic__pydantic.e1dcaf9e.test_experimental_arguments_schema.00dc2dd4.lv1,0.8920807594334448,0.10791924056655522,26,hard,0.2057692307692307,0.2057692307692307,0.3448318773962741
aider-polyglot,aider-polyglot/polyglot_java_ocr-numbers,polyglot_java_ocr-numbers,0.8920850576049033,0.10791494239509669,26,hard,0.0846153846153846,0.0846153846153846,0.2230769230769231
aider-polyglot,aider-polyglot/polyglot_go_scale-generator,polyglot_go_scale-generator,0.8927016884991835,0.10729831150081648,26,medium,0.6173076923076923,0.6173076923076923,0.3779861382512051
labbench,labbench/labbench-figqa-0173,labbench-figqa-0173,0.8931366089145367,0.10686339108546328,13,medium,0.4120517649291264,0.4,0.3419401657060442
featurebench-modal,featurebench-modal/featurebench-modal-lightning-ai__pytorch-lightning.126fa6f1.test_fsdp.744aa3f5.lv1,featurebench-modal-lightning-ai__pytorch-lightning.126fa6f1.test_fsdp.744aa3f5.lv1,0.8932494323339876,0.10675056766601243,26,hard,0.1192307692307692,0.1192307692307692,0.2828688616645675
lawbench,lawbench/lawbench-3-6-2-zero-shot,lawbench-3-6-2-zero-shot,0.8933020589771612,0.1066979410228388,14,medium,0.665554581162728,0.5639881428571428,0.33231305956558
aime,aime/aime_i-3,aime_i-3,0.8934834159264488,0.10651658407355125,18,easy,0.9429881798553482,0.9185185,0.1771594795858773
gaia,gaia/gaia-c8b7e059-c60d-472e-ad64-3b04ae1166dc,gaia-c8b7e059-c60d-472e-ad64-3b04ae1166dc,0.8938389585959174,0.10616104140408256,20,hard,0.2672774331259459,0.28,0.354400902933387
simpleqa,simpleqa/simpleqa-2315,simpleqa-2315,0.8939037998247061,0.10609620017529386,20,easy,0.8686584417886908,0.8300000000000001,0.298496231131986
crustbench,crustbench/crustbench-linear-algebra-c,crustbench-linear-algebra-c,0.894531002378118,0.105468997621882,22,easy,0.8764363967649909,0.8545454545454546,0.2775334094995226
ineqmath,ineqmath/ineqmath-4,ineqmath-4,0.8947579440475698,0.10524205595243019,20,easy,0.8636160759356776,0.8550000000000001,0.2376446927663229
aider-polyglot,aider-polyglot/polyglot_javascript_alphametics,polyglot_javascript_alphametics,0.8950566064427444,0.10494339355725557,26,medium,0.5192307692307693,0.5192307692307693,0.4113946549606321
aider-polyglot,aider-polyglot/polyglot_rust_alphametics,polyglot_rust_alphametics,0.8950566064427444,0.10494339355725557,26,medium,0.5461538461538461,0.5461538461538461,0.4456894134421838
spider2,spider2/spider2-app_reporting001,spider2-app_reporting001,0.8950622987473196,0.10493770125268043,15,medium,0.6996128393605977,0.5733333333333334,0.4781445620544295
lawbench,lawbench/lawbench-2-3-3-zero-shot,lawbench-2-3-3-zero-shot,0.8955975827076051,0.10440241729239486,13,medium,0.5572814668057127,0.4994321538461539,0.2796006324640272
medagentbench,medagentbench/medagentbench-task1_15,medagentbench-task1_15,0.8957401441821543,0.10425985581784569,20,medium,0.6096492345577545,0.61,0.360416425818802
medagentbench,medagentbench/medagentbench-task1_28,medagentbench-task1_28,0.8957401441821543,0.10425985581784569,20,medium,0.6441638115801456,0.6500000000000001,0.3570714214271425
simpleqa,simpleqa/simpleqa-1498,simpleqa-1498,0.8957633700409265,0.10423662995907346,20,easy,0.8379000454747639,0.79,0.3064310689208913
medagentbench,medagentbench/medagentbench-task2_1,medagentbench-task2_1,0.8960974992393574,0.10390250076064256,20,easy,0.8999269335573229,0.8699999999999999,0.2215851980616034
usaco,usaco/usaco-111,usaco-111,0.8962763218661713,0.10372367813382866,18,medium,0.6631973209119638,0.6083333333333333,0.417748595316476
medagentbench,medagentbench/medagentbench-task9_2,medagentbench-task9_2,0.896278255433868,0.10372174456613203,20,medium,0.4514115458667938,0.44,0.3773592452822641
simpleqa,simpleqa/simpleqa-1249,simpleqa-1249,0.8963883653112272,0.10361163468877277,20,easy,0.8144718408653766,0.76,0.3382306905057552
simpleqa,simpleqa/simpleqa-1321,simpleqa-1321,0.8964220555623909,0.10357794443760915,20,medium,0.6377738884906855,0.5800000000000001,0.4422668877499197
simpleqa,simpleqa/simpleqa-320,simpleqa-320,0.8964220555623909,0.10357794443760915,20,medium,0.6766080978641564,0.6300000000000001,0.4063249930782008
medagentbench,medagentbench/medagentbench-task4_11,medagentbench-task4_11,0.8967902210315459,0.10320977896845407,20,easy,0.8530921215575247,0.8300000000000001,0.2628687885618982
medagentbench,medagentbench/medagentbench-task4_10,medagentbench-task4_10,0.8967902210315459,0.10320977896845407,20,easy,0.8567612430276574,0.8300000000000001,0.2703701166919154
mmmlu,mmmlu/mmmlu-id-id-00076,mmmlu-id-id-00076,0.896967798448483,0.10303220155151704,18,easy,0.929459792341664,0.8981481666666666,0.255428024405278
mmmlu,mmmlu/mmmlu-pt-br-00114,mmmlu-pt-br-00114,0.896967798448483,0.10303220155151704,18,easy,0.9422483504826124,0.9166666666666666,0.1863389981249824
reasoning-gym,reasoning-gym/reasoning-gym-games-mini-sudoku-hard0292e21f-seed45-2,reasoning-gym-games-mini-sudoku-hard0292e21f-seed45-2,0.8970661815599974,0.1029338184400026,12,easy,0.8421707671248548,0.7640625,0.3754695411109713
reasoning-gym,reasoning-gym/reasoning-gym-algorithmic-string-synthesis-easy00cea0a5-seed45-2,reasoning-gym-algorithmic-string-synthesis-easy00cea0a5-seed45-2,0.8970661815599974,0.1029338184400026,13,easy,0.7984491843871837,0.6948717692307691,0.404218410604228
livecodebench,livecodebench/livecodebench-abc334_b,livecodebench-abc334_b,0.8970835366769095,0.10291646332309046,18,saturated,0.9673048619125584,0.952777777777778,0.1111458279096808
livecodebench,livecodebench/livecodebench-3046,livecodebench-3046,0.8970835366769095,0.10291646332309046,18,easy,0.8838163683151907,0.8333333333333334,0.3073181485764296
kumo,kumo/kumo-motifanalysisenv-t4-a6-v1-s1,kumo-motifanalysisenv-t4-a6-v1-s1,0.8974526746396485,0.1025473253603515,17,saturated,0.954989876937928,0.9313725294117648,0.1696674053865446
kumo,kumo/kumo-hormoneenv-t4-a6-v1-s1,kumo-hormoneenv-t4-a6-v1-s1,0.8974526746396485,0.1025473253603515,19,easy,0.9324601739018934,0.9078947368421052,0.2715758873756617
replicationbench,replicationbench/replicationbench-abacus__ewald_force_accuracy,replicationbench-abacus__ewald_force_accuracy,0.8976610283602334,0.10233897163976657,17,hard,0.1456475246786739,0.1725489999999999,0.2502900920546115
simpleqa,simpleqa/simpleqa-2963,simpleqa-2963,0.8976769557397242,0.10232304426027583,20,easy,0.8454649003732063,0.8,0.3098386676965933
replicationbench,replicationbench/replicationbench-hubble_trails__satellite_chance_pre2020_uvis,replicationbench-hubble_trails__satellite_chance_pre2020_uvis,0.8978740259710799,0.1021259740289201,17,hard,0.1769831072439734,0.2294117647058823,0.3249700545160737
aime,aime/aime_i-7,aime_i-7,0.8978848168951336,0.10211518310486645,19,easy,0.8680817628566839,0.8210526315789475,0.2457142890631549
featurebench-modal,featurebench-modal/featurebench-modal-astropy__astropy.b0db0daa.test_comparison.445d81a3.lv1,featurebench-modal-astropy__astropy.b0db0daa.test_comparison.445d81a3.lv1,0.8979649722747757,0.10203502772522433,26,hard,0.1538461538461538,0.1538461538461538,0.2790516484187239
featurebench-modal,featurebench-modal/featurebench-modal-huggingface__transformers.e2e8dbed.test_candidate_generator.bc0ea399.lv1,featurebench-modal-huggingface__transformers.e2e8dbed.test_candidate_generator.bc0ea399.lv1,0.8980119597593229,0.10198804024067709,26,hard,0.0826923076923076,0.0826923076923076,0.2231515127287648
arc-agi-2,arc-agi-2/arc-agi-2-1818057f_0,arc-agi-2-1818057f_0,0.8980685684088647,0.10193143159113527,20,medium,0.4432329251418795,0.45,0.4043513323831146
gpqa-diamond,gpqa-diamond/gpqa-diamond-92,gpqa-diamond-92,0.8981078453535473,0.10189215464645274,19,easy,0.8670937519842723,0.8184210526315789,0.310860658544099
gpqa-diamond,gpqa-diamond/gpqa-diamond-78,gpqa-diamond-78,0.8981078453535473,0.10189215464645274,19,easy,0.8927402564036561,0.8552631578947368,0.2832586398747828
kumo,kumo/kumo-microbiologyenv-t4-a6-v1-s0,kumo-microbiologyenv-t4-a6-v1-s0,0.8981471944004888,0.10185280559951115,19,saturated,0.961531105121438,0.9473684210526316,0.1302565123238377
aime,aime/aime_64,aime_64,0.8982872911074632,0.10171270889253681,20,easy,0.8739052300384196,0.8375,0.279676152004421
aime,aime/aime_ii-10,aime_ii-10,0.8982872911074632,0.10171270889253681,19,easy,0.9097762485432748,0.878070210526316,0.2002959888865998
gpqa-diamond,gpqa-diamond/gpqa-diamond-28,gpqa-diamond-28,0.8983552503658235,0.10164474963417647,20,easy,0.8968971139679472,0.8933333000000001,0.2122891989716151
mmau,mmau/mmau-9d5ef0e3-b801-4f7c-a012-b7b5793ca1c6,mmau-9d5ef0e3-b801-4f7c-a012-b7b5793ca1c6,0.8986266024164394,0.10137339758356056,20,saturated,0.9515684823614078,0.9375,0.1643062350883252
lawbench,lawbench/lawbench-2-6-16-zero-shot,lawbench-2-6-16-zero-shot,0.8991414549854502,0.10085854501454983,15,medium,0.4162099554705273,0.3971907999999999,0.3494371930927788
usaco,usaco/usaco-738,usaco-738,0.899221243163822,0.10077875683617799,19,easy,0.7426520079244145,0.7122806842105263,0.3739250698933443
livecodebench,livecodebench/livecodebench-abc320_c,livecodebench-abc320_c,0.8995744190252963,0.10042558097470367,18,easy,0.9487160053364996,0.9259259444444444,0.171973109359985
medagentbench,medagentbench/medagentbench-task5_28,medagentbench-task5_28,0.899691279129367,0.10030872087063303,20,easy,0.8427258154025287,0.8200000000000001,0.2749545416973504
medagentbench,medagentbench/medagentbench-task4_5,medagentbench-task4_5,0.899691279129367,0.10030872087063303,20,easy,0.8195587109314695,0.79,0.3128897569432403
crustbench,crustbench/crustbench-coroutine,crustbench-coroutine,0.8998494681220118,0.10015053187798817,24,easy,0.7363418797713823,0.7312500000000002,0.3210699884760331
crustbench,crustbench/crustbench-kd3,crustbench-kd3,0.8998494681220118,0.10015053187798817,22,easy,0.7405854134535945,0.7204545454545455,0.3193242477586248
labbench,labbench/labbench-figqa-0057,labbench-figqa-0057,0.8999085904131069,0.10009140958689311,13,hard,0.2729415430154023,0.3076923076923077,0.3292451470620415
aider-polyglot,aider-polyglot/polyglot_javascript_variable-length-quantity,polyglot_javascript_variable-length-quantity,0.9001716539387634,0.09982834606123658,26,easy,0.7974358846153847,0.7974358846153847,0.340678460350059
gaia,gaia/gaia-72e110e7-464c-453c-a309-90a95aed6538,gaia-72e110e7-464c-453c-a309-90a95aed6538,0.9002415448966226,0.09975845510337744,20,hard,0.1630151772352134,0.1825,0.3030160886817728
swebench-multilingual,swebench-multilingual/swebench-multilingual-sharkdp__bat-1892,swebench-multilingual-sharkdp__bat-1892,0.9003091947853251,0.09969080521467488,15,medium,0.6412283814142177,0.6222222666666667,0.4148478870414177
gpqa-diamond,gpqa-diamond/gpqa-diamond-3,gpqa-diamond-3,0.9005398246632201,0.09946017533677987,20,easy,0.9267464888623566,0.9200000000000002,0.1720465053408525
crustbench,crustbench/crustbench-dict,crustbench-dict,0.900694926765546,0.09930507323445403,23,easy,0.7175037244345674,0.6985507391304348,0.3624231721090473
simpleqa,simpleqa/simpleqa-3344,simpleqa-3344,0.9008104394165196,0.09918956058348039,20,easy,0.7913674946953827,0.7299999999999999,0.3702701716314724
usaco,usaco/usaco-813,usaco-813,0.9013409446933328,0.09865905530666719,19,easy,0.7950762861198689,0.7377193157894738,0.3774275043669142
usaco,usaco/usaco-915,usaco-915,0.9013496934387922,0.09865030656120777,20,medium,0.6602183115990212,0.6091666499999999,0.3919139407730063
usaco,usaco/usaco-1064,usaco-1064,0.9013496934387922,0.09865030656120777,18,medium,0.6382997692560011,0.5666666666666668,0.413991411612474
labbench,labbench/labbench-figqa-0175,labbench-figqa-0175,0.9013710013252905,0.09862899867470953,13,medium,0.5685092671964534,0.5076923076923077,0.3812157444111959
reasoning-gym,reasoning-gym/reasoning-gym-algebra-simple-integration-hard0292e21f-seed45-0,reasoning-gym-algebra-simple-integration-hard0292e21f-seed45-0,0.9015357265002937,0.09846427349970632,20,saturated,0.9534082397875596,0.94,0.1280624847486569
replicationbench,replicationbench/replicationbench-bayes_cal__cold_hot_tandem,replicationbench-bayes_cal__cold_hot_tandem,0.9016782055281582,0.09832179447184175,16,hard,0.1993648243865081,0.2,0.3872983346207417
mmau,mmau/mmau-f228c287-fce7-44d8-bfbe-c2eb0d7ff024,mmau-f228c287-fce7-44d8-bfbe-c2eb0d7ff024,0.9017963870943748,0.09820361290562518,20,easy,0.9076316628656758,0.8800000000000001,0.24
featurebench-modal,featurebench-modal/featurebench-modal-astropy__astropy.b0db0daa.test_vo.8fd473ce.lv1,featurebench-modal-astropy__astropy.b0db0daa.test_vo.8fd473ce.lv1,0.9018483611307607,0.09815163886923928,26,hard,0.2115384615384615,0.2115384615384615,0.3092508604265414
simpleqa,simpleqa/simpleqa-3407,simpleqa-3407,0.9019384034350099,0.09806159656499014,20,medium,0.4238024069018318,0.4499999999999999,0.4236744032862972
mmau,mmau/mmau-d7568dd6-35d5-4121-b230-c89ab36443e6,mmau-d7568dd6-35d5-4121-b230-c89ab36443e6,0.9022725185095292,0.09772748149047084,20,easy,0.911779974683371,0.91,0.2487971060924945
gpqa-diamond,gpqa-diamond/gpqa-diamond-14,gpqa-diamond-14,0.9024448328436474,0.0975551671563526,20,saturated,0.9671204531798282,0.9675,0.0779021822544143
featurebench-modal,featurebench-modal/featurebench-modal-mwaskom__seaborn.7001ebe7.test_relational.f23eb542.lv1,featurebench-modal-mwaskom__seaborn.7001ebe7.test_relational.f23eb542.lv1,0.9025525482096243,0.09744745179037573,26,frontier,0.0423076923076923,0.0423076923076923,0.1245702672361665
featurebench-modal,featurebench-modal/featurebench-modal-pydata__xarray.97f3a746.test_range_index.7b95ba66.lv1,featurebench-modal-pydata__xarray.97f3a746.test_range_index.7b95ba66.lv1,0.9025525482096243,0.09744745179037573,26,hard,0.1076923076923077,0.1076923076923077,0.2673561107228118
aime,aime/aime_74,aime_74,0.9027818524382276,0.09721814756177238,20,easy,0.7402147807546238,0.6849999999999999,0.3940494892776794
aime,aime/aime_65,aime_65,0.9027818524382276,0.09721814756177238,20,easy,0.7728459462413194,0.74,0.2956349099818897
simpleqa,simpleqa/simpleqa-2203,simpleqa-2203,0.9028026080623879,0.09719739193761212,20,medium,0.6541279824858559,0.6075,0.3755912006424005
featurebench-modal,featurebench-modal/featurebench-modal-fastapi__fastapi.02e108d1.test_compat.71e8518f.lv1,featurebench-modal-fastapi__fastapi.02e108d1.test_compat.71e8518f.lv1,0.903028755559792,0.096971244440208,26,hard,0.2057692307692308,0.2057692307692308,0.2815912623879769
featurebench-modal,featurebench-modal/featurebench-modal-astropy__astropy.b0db0daa.test_functions.40530bf7.lv1,featurebench-modal-astropy__astropy.b0db0daa.test_functions.40530bf7.lv1,0.903028755559792,0.096971244440208,26,hard,0.1846153846153846,0.1846153846153846,0.2983187604563895
swebench-multilingual,swebench-multilingual/swebench-multilingual-jekyll__jekyll-8167,swebench-multilingual-jekyll__jekyll-8167,0.9030866767093724,0.09691332329062763,15,medium,0.5238827799327672,0.5222222,0.4199500364167464
replicationbench,replicationbench/replicationbench-hubble_trails__satellite_chance_post2020_uvis,replicationbench-hubble_trails__satellite_chance_post2020_uvis,0.9031003555225554,0.09689964447744459,20,hard,0.1578922681894021,0.1699999999999999,0.2776688675382964
simpleqa,simpleqa/simpleqa-1641,simpleqa-1641,0.9032250882506776,0.0967749117493224,20,medium,0.5536294416934224,0.52,0.3919183588453085
lawbench,lawbench/lawbench-1-1-1-zero-shot,lawbench-1-1-1-zero-shot,0.9033239854588611,0.09667601454113894,15,medium,0.4540853445890984,0.4636876,0.3378309332390586
lawbench,lawbench/lawbench-3-8-14-zero-shot,lawbench-3-8-14-zero-shot,0.9033239854588611,0.09667601454113894,15,hard,0.1182391968197307,0.1201945333333333,0.0946592366768763
gaia,gaia/gaia-8e867cd7-cff9-4e6c-867a-ff5ddc2550be,gaia-8e867cd7-cff9-4e6c-867a-ff5ddc2550be,0.9033414633043381,0.09665853669566193,20,easy,0.7610993560057365,0.75,0.3514256678161116
reasoning-gym,reasoning-gym/reasoning-gym-arithmetic-dice-hard0292e21f-seed45-1,reasoning-gym-arithmetic-dice-hard0292e21f-seed45-1,0.9033543672881545,0.09664563271184545,12,easy,0.9324428028236053,0.8624999999999999,0.2880429655450728
aider-polyglot,aider-polyglot/polyglot_javascript_book-store,polyglot_javascript_book-store,0.903359726380873,0.09664027361912697,26,easy,0.8923076923076925,0.8923076923076925,0.2555884265513254
replicationbench,replicationbench/replicationbench-disk_ridges__gaia_dr2_all,replicationbench-disk_ridges__gaia_dr2_all,0.9035305164384119,0.09646948356158813,17,hard,0.1530480016347848,0.1823529411764706,0.2657134303465407
swebench-multilingual,swebench-multilingual/swebench-multilingual-redis__redis-12272,swebench-multilingual-redis__redis-12272,0.9035516888655557,0.0964483111344443,15,hard,0.0699141011840914,0.1111110666666666,0.2629368416864822
bfcl,bfcl/bfcl-live-multiple-591-157-12,bfcl-live-multiple-591-157-12,0.9037173124616528,0.09628268753834723,26,saturated,0.9615384615384616,0.9615384615384616,0.1242730340107962
bfcl,bfcl/bfcl-live-simple-210-117-2,bfcl-live-simple-210-117-2,0.9037173124616532,0.09628268753834679,26,saturated,0.9692307692307692,0.9692307692307692,0.1538461538461538
gaia,gaia/gaia-2d83110e-a098-4ebb-9987-066c06fa42d0,gaia-2d83110e-a098-4ebb-9987-066c06fa42d0,0.9037746729879049,0.09622532701209507,20,easy,0.9244781953119672,0.91,0.232163735324878
gaia,gaia/gaia-dc28cf18-6431-458b-83ef-64b3ce566c10,gaia-dc28cf18-6431-458b-83ef-64b3ce566c10,0.9037746729879049,0.09622532701209507,20,easy,0.9105137569581252,0.9,0.232379000772445
labbench,labbench/labbench-figqa-0123,labbench-figqa-0123,0.9038835499605959,0.09611645003940406,13,easy,0.753181588427961,0.6923076923076923,0.35617959700893
labbench,labbench/labbench-figqa-0181,labbench-figqa-0181,0.9038835499605959,0.09611645003940406,13,easy,0.7591307309618938,0.7076923076923077,0.3730570970148351
usaco,usaco/usaco-1132,usaco-1132,0.9043632451677841,0.0956367548322159,19,medium,0.4164383219549235,0.4368421052631579,0.4128980074339621
simpleqa,simpleqa/simpleqa-2775,simpleqa-2775,0.9044140919442031,0.09558590805579692,20,medium,0.4583786729341066,0.4699999999999999,0.4208325082500162
labbench,labbench/labbench-figqa-0125,labbench-figqa-0125,0.9045280012851673,0.0954719987148327,13,medium,0.4376652148877077,0.4307692307692307,0.3666577011634764
simpleqa,simpleqa/simpleqa-884,simpleqa-884,0.9045444834052202,0.0954555165947798,20,easy,0.8610514854927194,0.82,0.2959729717389748
featurebench-modal,featurebench-modal/featurebench-modal-pandas-dev__pandas.82fa2715.test_sample.5d2ba03e.lv1,featurebench-modal-pandas-dev__pandas.82fa2715.test_sample.5d2ba03e.lv1,0.9045495080194088,0.09545049198059119,26,hard,0.1076923076923076,0.1076923076923076,0.2416658164985386
featurebench-modal,featurebench-modal/featurebench-modal-pandas-dev__pandas.82fa2715.test_list_accessor.7ab0b2ea.lv1,featurebench-modal-pandas-dev__pandas.82fa2715.test_list_accessor.7ab0b2ea.lv1,0.9045495080194088,0.09545049198059119,26,hard,0.1647435769230769,0.1647435769230769,0.3111986311837324
labbench,labbench/labbench-figqa-0151,labbench-figqa-0151,0.9045792201206062,0.09542077987939379,13,medium,0.308262786071265,0.3538461538461538,0.3521699428387568
labbench,labbench/labbench-figqa-0092,labbench-figqa-0092,0.904588130357371,0.09541186964262904,13,medium,0.321328004531568,0.3846153846153846,0.387985237320569
gpqa-diamond,gpqa-diamond/gpqa-diamond-188,gpqa-diamond-188,0.9045937689369328,0.09540623106306723,20,saturated,0.9609007987313832,0.95,0.1396424004376894
simpleqa,simpleqa/simpleqa-2458,simpleqa-2458,0.9045948799288677,0.09540512007113233,20,saturated,0.9609007889954057,0.95,0.1396424004376894
gaia,gaia/gaia-05407167-39ec-4d3a-a234-73a9120c325d,gaia-05407167-39ec-4d3a-a234-73a9120c325d,0.9046327514521594,0.09536724854784062,20,hard,0.1758801942301994,0.215,0.3256148031032987
gpqa-diamond,gpqa-diamond/gpqa-diamond-122,gpqa-diamond-122,0.9047143615552445,0.09528563844475546,19,saturated,0.9569476409463386,0.9421052631578948,0.126971979808577
gpqa-diamond,gpqa-diamond/gpqa-diamond-128,gpqa-diamond-128,0.9047143615552445,0.09528563844475546,19,easy,0.9074023423260644,0.8736842105263158,0.2769041355361243
featurebench-modal,featurebench-modal/featurebench-modal-pydantic__pydantic.e1dcaf9e.test_types_self.3ae7e16d.lv1,featurebench-modal-pydantic__pydantic.e1dcaf9e.test_types_self.3ae7e16d.lv1,0.9048322473702002,0.09516775262979982,26,hard,0.1769230769230769,0.1769230769230769,0.3285254846778864
featurebench-modal,featurebench-modal/featurebench-modal-huggingface__transformers.e2e8dbed.test_modeling_seggpt.f9e83f60.lv2,featurebench-modal-huggingface__transformers.e2e8dbed.test_modeling_seggpt.f9e83f60.lv2,0.9048322473702002,0.09516775262979982,26,hard,0.0576923076923076,0.0576923076923076,0.1597427665945783
simpleqa,simpleqa/simpleqa-124,simpleqa-124,0.9048635358499408,0.09513646415005916,20,easy,0.7956880772179239,0.76,0.3136877428271624
gaia,gaia/gaia-cf106601-ab4f-4af9-b045-5295fe67b37d,gaia-cf106601-ab4f-4af9-b045-5295fe67b37d,0.905192229027385,0.09480777097261495,20,easy,0.7728555819296641,0.74,0.3352610922848042
featurebench-modal,featurebench-modal/featurebench-modal-optuna__optuna.e7c6f1dd.test_heartbeat.5ad4d08f.lv1,featurebench-modal-optuna__optuna.e7c6f1dd.test_heartbeat.5ad4d08f.lv1,0.9052294984194446,0.09477050158055544,26,hard,0.0692307692307692,0.0692307692307692,0.1726918793895665
algotune,algotune/algotune-lyapunov-stability,algotune-lyapunov-stability,0.9052324782383638,0.09476752176163616,26,easy,0.7651543381464195,0.7651543381464195,0.1848704070546191
aider-polyglot,aider-polyglot/polyglot_python_hangman,polyglot_python_hangman,0.9058593802751267,0.09414061972487331,26,medium,0.4230769230769231,0.4230769230769231,0.4551480674611388
aider-polyglot,aider-polyglot/polyglot_python_forth,polyglot_python_forth,0.9058593802751267,0.09414061972487331,26,medium,0.3115384615384615,0.3115384615384615,0.4098094520411267
lawbench,lawbench/lawbench-2-6-19-zero-shot,lawbench-2-6-19-zero-shot,0.9060712895813109,0.09392871041868911,15,medium,0.362634486111796,0.3511739333333333,0.2599540939913473
aider-polyglot,aider-polyglot/polyglot_python_book-store,polyglot_python_book-store,0.9064681173043664,0.09353188269563362,26,hard,0.2865384615384615,0.2865384615384615,0.3683533244014952
aider-polyglot,aider-polyglot/polyglot_python_grep,polyglot_python_grep,0.9064681173043664,0.09353188269563362,26,medium,0.4019230769230769,0.4019230769230769,0.4498890395741978
gpqa-diamond,gpqa-diamond/gpqa-diamond-186,gpqa-diamond-186,0.906531713300796,0.09346828669920404,19,hard,0.295638600679503,0.35,0.4331646095277965
labbench,labbench/labbench-figqa-0112,labbench-figqa-0112,0.9066244312911108,0.09337556870888919,13,medium,0.691880505957985,0.5846153846153845,0.3370600353877945
mmmlu,mmmlu/mmmlu-yo-ng-00147,mmmlu-yo-ng-00147,0.9066965805221024,0.09330341947789755,18,easy,0.9102528012023166,0.870370388888889,0.2752975781146525
crustbench,crustbench/crustbench-rect-pack-h,crustbench-rect-pack-h,0.906729333643906,0.09327066635609405,22,easy,0.8020756165722982,0.7666666818181818,0.3485902300479078
simpleqa,simpleqa/simpleqa-2553,simpleqa-2553,0.9072485936352079,0.09275140636479207,20,easy,0.7988975114608802,0.74,0.3954743986657038
swebench-multilingual,swebench-multilingual/swebench-multilingual-apache__lucene-13301,swebench-multilingual-apache__lucene-13301,0.9072532084881811,0.09274679151181886,15,easy,0.7428911257467367,0.6866667333333333,0.3786525783764437
featurebench-modal,featurebench-modal/featurebench-modal-astropy__astropy.b0db0daa.test_containers.6079987d.lv1,featurebench-modal-astropy__astropy.b0db0daa.test_containers.6079987d.lv1,0.9073630413166976,0.09263695868330235,26,hard,0.1923076923076923,0.1923076923076923,0.3304112553063774
simpleqa,simpleqa/simpleqa-426,simpleqa-426,0.9073804128833476,0.09261958711665241,20,easy,0.8108449727960216,0.78,0.2891366458960192
crustbench,crustbench/crustbench-worsp,crustbench-worsp,0.9077812092853839,0.09221879071461614,22,easy,0.7551254019375585,0.7250000000000001,0.3430312734219061
simpleqa,simpleqa/simpleqa-1971,simpleqa-1971,0.9077837333418208,0.09221626665817917,20,easy,0.8219280708167569,0.77,0.3363034344160047
featurebench-modal,featurebench-modal/featurebench-modal-pydantic__pydantic.e1dcaf9e.test_titles.e806bda8.lv1,featurebench-modal-pydantic__pydantic.e1dcaf9e.test_titles.e806bda8.lv1,0.9078892303255682,0.09211076967443177,26,hard,0.1378205,0.1378205,0.3210412232793657
usaco,usaco/usaco-342,usaco-342,0.9079153875527527,0.0920846124472473,20,easy,0.7636833573986485,0.71,0.4448595283907044
mmmlu,mmmlu/mmmlu-fr-fr-00056,mmmlu-fr-fr-00056,0.9079545073290861,0.09204549267091389,15,easy,0.9417448231647454,0.9,0.2
mmmlu,mmmlu/mmmlu-en-us-00033,mmmlu-en-us-00033,0.9079545073290861,0.09204549267091389,20,saturated,0.951214617409248,0.9375,0.1643062350883252
labbench,labbench/labbench-figqa-0079,labbench-figqa-0079,0.9082136358492394,0.09178636415076058,13,hard,0.2679843638920087,0.2769230769230769,0.2991111091572858
featurebench-modal,featurebench-modal/featurebench-modal-lightning-ai__pytorch-lightning.126fa6f1.test_data.12056068.lv1,featurebench-modal-lightning-ai__pytorch-lightning.126fa6f1.test_data.12056068.lv1,0.908590270499073,0.09140972950092696,26,hard,0.1211538461538461,0.1211538461538461,0.2550162426663616
replicationbench,replicationbench/replicationbench-trgb_std_candle__aseq_bseq_trgb,replicationbench-trgb_std_candle__aseq_bseq_trgb,0.9086352905018018,0.0913647094981982,17,frontier,0.0326756070711977,0.0470588235294117,0.188235294117647
replicationbench,replicationbench/replicationbench-disk_ridges__peak_mean_vz_all,replicationbench-disk_ridges__peak_mean_vz_all,0.9086352905018018,0.0913647094981982,17,hard,0.0734979295194645,0.0970588235294117,0.2403860793141476
aime,aime/aime_76,aime_76,0.9086772744406006,0.09132272555939935,19,easy,0.8540024454047348,0.8078947368421052,0.2939133231945203
aime,aime/aime_61,aime_61,0.9086772744406006,0.09132272555939935,19,easy,0.801493411339609,0.7526315789473685,0.3250399506662002
aider-polyglot,aider-polyglot/polyglot_java_ledger,polyglot_java_ledger,0.9087295596601691,0.0912704403398309,26,medium,0.3923076923076923,0.3923076923076923,0.445423805901644
gaia,gaia/gaia-0ff53813-3367-4f43-bcbd-3fd725c1bf4b,gaia-0ff53813-3367-4f43-bcbd-3fd725c1bf4b,0.9092775581040363,0.09072244189596368,20,medium,0.5388349125891478,0.5499999999999999,0.3943348830626071
lawbench,lawbench/lawbench-1-1-9-zero-shot,lawbench-1-1-9-zero-shot,0.9093172783677608,0.09068272163223923,20,medium,0.5063806429623722,0.49758925,0.3373761536935998
simpleqa,simpleqa/simpleqa-1378,simpleqa-1378,0.9093190074389612,0.09068099256103879,20,easy,0.7070888064450974,0.6699999999999999,0.3648287269390941
simpleqa,simpleqa/simpleqa-2692,simpleqa-2692,0.9093190074389612,0.09068099256103879,20,medium,0.5999490823047154,0.58,0.4093897898091744
labbench,labbench/labbench-figqa-0060,labbench-figqa-0060,0.9094186763486314,0.09058132365136862,13,medium,0.4256121867832322,0.4,0.3594868137091668
simpleqa,simpleqa/simpleqa-3684,simpleqa-3684,0.9095563354666714,0.09044366453332864,20,easy,0.9303416183970946,0.91,0.1946792233393178
simpleqa,simpleqa/simpleqa-2000,simpleqa-2000,0.9095563354666714,0.09044366453332864,20,easy,0.9054999417275404,0.8775000000000001,0.2722475895210093
simpleqa,simpleqa/simpleqa-5,simpleqa-5,0.9098188605596451,0.09018113944035488,20,easy,0.7568093952498559,0.7100000000000001,0.3766961640367472
simpleqa,simpleqa/simpleqa-334,simpleqa-334,0.9099450900914258,0.09005490990857423,20,easy,0.8913825832314646,0.8600000000000001,0.2457641145488901
simpleqa,simpleqa/simpleqa-3743,simpleqa-3743,0.910053760438301,0.089946239561699,20,medium,0.400727249475187,0.4199999999999999,0.3893584466786357
simpleqa,simpleqa/simpleqa-1451,simpleqa-1451,0.910053760438301,0.089946239561699,20,medium,0.3545393489139105,0.36,0.431740662898458
gpqa-diamond,gpqa-diamond/gpqa-diamond-41,gpqa-diamond-41,0.9101833733607828,0.08981662663921719,18,saturated,0.957418053627024,0.9537037222222222,0.1338595185756759
gpqa-diamond,gpqa-diamond/gpqa-diamond-31,gpqa-diamond-31,0.9102791733935341,0.08972082660646585,19,easy,0.9467611413149046,0.940350894736842,0.1527827128333757
gpqa-diamond,gpqa-diamond/gpqa-diamond-67,gpqa-diamond-67,0.9102791733935341,0.08972082660646585,20,easy,0.9130464505170182,0.91,0.2142428528562855
swtbench,swtbench/swtbench-django__django-11551,swtbench-django__django-11551,0.9105072016123437,0.08949279838765634,14,easy,0.7556948687815972,0.6857142857142858,0.3356382892705923
swtbench,swtbench/swtbench-django__django-12713,swtbench-django__django-12713,0.9105072016123437,0.08949279838765634,14,easy,0.8316251772103317,0.7571428571428571,0.3040542379113251
reasoning-gym,reasoning-gym/reasoning-gym-algorithmic-string-splitting-easy00cea0a5-seed45-1,reasoning-gym-algorithmic-string-splitting-easy00cea0a5-seed45-1,0.9105687013943722,0.08943129860562782,12,easy,0.8168611756992296,0.7228483333333333,0.3604860279731918
reasoning-gym,reasoning-gym/reasoning-gym-logic-zebra-puzzles-easy00cea0a5-seed45-2,reasoning-gym-logic-zebra-puzzles-easy00cea0a5-seed45-2,0.9105687013943722,0.08943129860562782,12,easy,0.8826932041592929,0.7472222500000001,0.3690473996372564
featurebench-modal,featurebench-modal/featurebench-modal-linkedin__liger-kernel.c856fbab.test_mini_models.96209d55.lv1,featurebench-modal-linkedin__liger-kernel.c856fbab.test_mini_models.96209d55.lv1,0.9107115814317296,0.08928841856827041,12,frontier,0.0474213947750156,0.0416666666666666,0.0931694990624912
simpleqa,simpleqa/simpleqa-2304,simpleqa-2304,0.9107196438298069,0.08928035617019314,20,easy,0.8070782641648301,0.75,0.3278719262151
aider-polyglot,aider-polyglot/polyglot_rust_book-store,polyglot_rust_book-store,0.9110364261930995,0.08896357380690045,26,easy,0.8230769230769232,0.8230769230769232,0.2791576509480624
aider-polyglot,aider-polyglot/polyglot_python_scale-generator,polyglot_python_scale-generator,0.9112830631384808,0.08871693686151916,26,easy,0.7282051153846154,0.7282051153846154,0.3824898664825923
labbench,labbench/labbench-figqa-0080,labbench-figqa-0080,0.9112861195682227,0.0887138804317773,13,hard,0.2905021007864008,0.3230769230769231,0.3285254846778865
aime,aime/aime_77,aime_77,0.9118551950176766,0.08814480498232335,19,easy,0.8783387659549834,0.8350876842105264,0.276459230048017
aider-polyglot,aider-polyglot/polyglot_java_poker,polyglot_java_poker,0.9119683871153718,0.08803161288462824,26,medium,0.3576923076923076,0.3576923076923076,0.402084067867823
aider-polyglot,aider-polyglot/polyglot_javascript_tournament,polyglot_javascript_tournament,0.9119727995219893,0.08802720047801071,26,easy,0.8038461538461539,0.8038461538461539,0.2834957186364674
swebench-multilingual,swebench-multilingual/swebench-multilingual-gin-gonic__gin-1957,swebench-multilingual-gin-gonic__gin-1957,0.9120145735601881,0.08798542643981189,14,medium,0.3192784272097675,0.375,0.4506939094329986
aime,aime/aime_86,aime_86,0.9120792886492338,0.08792071135076618,19,easy,0.9221017094140128,0.8938596315789474,0.2191965124730271
aime,aime/aime_i-15,aime_i-15,0.9120792886492338,0.08792071135076618,20,easy,0.8485364821841549,0.8099999999999999,0.3254228019054596
humanevalfix,humanevalfix/humanevalfix-python-39,humanevalfix-python-39,0.9121558245145397,0.08784417548546031,20,easy,0.9378238350939884,0.92,0.1939071942966531
aider-polyglot,aider-polyglot/polyglot_go_pov,polyglot_go_pov,0.9121772222763072,0.08782277772369285,26,medium,0.6769230769230768,0.6769230769230768,0.3724221057510832
usaco,usaco/usaco-1156,usaco-1156,0.9121833702843796,0.08781662971562043,18,easy,0.7549524636815291,0.6972222222222223,0.3549147871994621
simpleqa,simpleqa/simpleqa-350,simpleqa-350,0.9123932079578518,0.08760679204214816,20,easy,0.9065447055653296,0.8800000000000001,0.2561249694973139
gpqa-diamond,gpqa-diamond/gpqa-diamond-23,gpqa-diamond-23,0.9123961979634944,0.08760380203650564,17,easy,0.8208946359410972,0.7509804117647059,0.3278206152551151
gpqa-diamond,gpqa-diamond/gpqa-diamond-1,gpqa-diamond-1,0.9123961979634944,0.08760380203650564,20,easy,0.9247638712570008,0.91,0.1609347693943108
aime,aime/aime_ii-11,aime_ii-11,0.9124057915108056,0.08759420848919441,19,easy,0.8743715936629821,0.8350877368421052,0.2747617008314165
aime,aime/aime_78,aime_78,0.9124057915108056,0.08759420848919441,19,easy,0.903707697436216,0.8701754210526316,0.3047182377740763
simpleqa,simpleqa/simpleqa-2089,simpleqa-2089,0.9126377113376721,0.08736228866232787,20,easy,0.9069814867168708,0.8800000000000001,0.2039607805437113
swebench-multilingual,swebench-multilingual/swebench-multilingual-faker-ruby__faker-2705,swebench-multilingual-faker-ruby__faker-2705,0.9131617329414218,0.08683826705857822,14,medium,0.3941817426908263,0.3904762142857143,0.4183164774228408
crustbench,crustbench/crustbench-rbtree-lab,crustbench-rbtree-lab,0.9132442631674469,0.08675573683255311,22,easy,0.7766483406000623,0.7636363636363636,0.311222595793158
simpleqa,simpleqa/simpleqa-1848,simpleqa-1848,0.9132582744879072,0.0867417255120928,20,medium,0.6495568690388553,0.62,0.3682390527904394
featurebench-modal,featurebench-modal/featurebench-modal-pytest-dev__pytest.68016f0e.raises_group.c28bf36a.lv1,featurebench-modal-pytest-dev__pytest.68016f0e.raises_group.c28bf36a.lv1,0.9135701930208454,0.08642980697915459,26,hard,0.1634615384615384,0.1634615384615384,0.3043143909195062
gaia,gaia/gaia-5d0080cb-90d7-4712-bc33-848150e917d3,gaia-5d0080cb-90d7-4712-bc33-848150e917d3,0.9135952211853591,0.08640477881464093,20,medium,0.4025209826396094,0.3975,0.3716433101779178
ineqmath,ineqmath/ineqmath-47,ineqmath-47,0.9136291938717395,0.08637080612826054,20,easy,0.7954449234601879,0.775,0.3359687485466468
labbench,labbench/labbench-figqa-0070,labbench-figqa-0070,0.913923211380034,0.08607678861996604,13,hard,0.2851707816754043,0.3230769230769231,0.3467516206026044
gaia,gaia/gaia-384d0dd8-e8a4-4cfe-963c-d37f256e7662,gaia-384d0dd8-e8a4-4cfe-963c-d37f256e7662,0.9139738617502288,0.08602613824977123,20,frontier,0.0461540737245115,0.06,0.18
swebench-multilingual,swebench-multilingual/swebench-multilingual-caddyserver__caddy-5761,swebench-multilingual-caddyserver__caddy-5761,0.9140720059099614,0.0859279940900386,14,frontier,0.0446380981258899,0.0380952142857142,0.0966560374170613
algotune,algotune/algotune-dijkstra-from-indices,algotune-dijkstra-from-indices,0.9143980924463797,0.0856019075536203,16,frontier,0.0124510754035308,0.0201910116513144,0.0781994518686208
algotune,algotune/algotune-unit-simplex-projection,algotune-unit-simplex-projection,0.9143980924463797,0.0856019075536203,26,frontier,0.0320601451721177,0.0320601451721177,0.0878984680227188
medagentbench,medagentbench/medagentbench-task5_15,medagentbench-task5_15,0.9147919295382073,0.08520807046179268,20,easy,0.8965687853767361,0.89,0.2567099530598687
simpleqa,simpleqa/simpleqa-3345,simpleqa-3345,0.9152307688096373,0.08476923119036273,20,easy,0.7765754487030722,0.76,0.3072458299147443
aider-polyglot,aider-polyglot/polyglot_python_zipper,polyglot_python_zipper,0.915621669043941,0.08437833095605896,26,medium,0.6589743461538462,0.6589743461538462,0.4123424630542081
aider-polyglot,aider-polyglot/polyglot_javascript_connect,polyglot_javascript_connect,0.915621669043941,0.08437833095605896,26,medium,0.5653846153846154,0.5653846153846154,0.4251174567940087
kumo,kumo/kumo-beverageenv-t4-a6-v1-s0,kumo-beverageenv-t4-a6-v1-s0,0.9156751101073516,0.08432488989264841,20,easy,0.922986286710254,0.9,0.2549509756796392
labbench,labbench/labbench-figqa-0043,labbench-figqa-0043,0.915969614665383,0.08403038533461704,13,medium,0.3110377603316452,0.3846153846153846,0.4035346784185847
simpleqa,simpleqa/simpleqa-3843,simpleqa-3843,0.9160343670830176,0.08396563291698245,20,easy,0.906757440815615,0.8800000000000001,0.2039607805437114
gaia,gaia/gaia-3627a8be-a77f-41bb-b807-7e1bd4c0ebdf,gaia-3627a8be-a77f-41bb-b807-7e1bd4c0ebdf,0.9160347690203621,0.08396523097963793,20,medium,0.550086740444592,0.54,0.3954743986657038
gaia,gaia/gaia-bda648d7-d618-4883-88f4-3466eabd860e,gaia-bda648d7-d618-4883-88f4-3466eabd860e,0.9160347690203621,0.08396523097963793,20,medium,0.5671219908375943,0.5375,0.3939781085288877
simpleqa,simpleqa/simpleqa-1970,simpleqa-1970,0.9160896521569417,0.08391034784305829,20,easy,0.921989183668628,0.9,0.2408318915758459
gaia,gaia/gaia-872bfbb1-9ccf-49f6-8c5f-aa22818ccd66,gaia-872bfbb1-9ccf-49f6-8c5f-aa22818ccd66,0.916510383024138,0.08348961697586199,20,hard,0.1153519887676131,0.1425,0.2771619562638422
simpleqa,simpleqa/simpleqa-2967,simpleqa-2967,0.9168910287565629,0.08310897124343708,20,easy,0.7070250776461785,0.67,0.3702701716314724
simpleqa,simpleqa/simpleqa-4002,simpleqa-4002,0.9169280751113436,0.08307192488865645,20,easy,0.8843645147545789,0.85,0.2958039891549808
simpleqa,simpleqa/simpleqa-751,simpleqa-751,0.9169280751113436,0.08307192488865645,20,easy,0.853522516311805,0.8099999999999999,0.2643860813280457
usaco,usaco/usaco-381,usaco-381,0.9172716123669454,0.08272838763305457,20,easy,0.7122977596593361,0.6824999999999999,0.3749249924984996
usaco,usaco/usaco-128,usaco-128,0.9172716123669454,0.08272838763305457,20,easy,0.8049176038194699,0.7474999999999999,0.3941684284668167
mmmlu,mmmlu/mmmlu-sw-ke-00132,mmmlu-sw-ke-00132,0.9174506765671084,0.08254932343289156,19,saturated,0.958311395305697,0.9429824736842104,0.1380011291053612
featurebench-modal,featurebench-modal/featurebench-modal-mlflow__mlflow.93dab383.test_databricks.cbc54e8c.lv1,featurebench-modal-mlflow__mlflow.93dab383.test_databricks.cbc54e8c.lv1,0.9175046426416087,0.08249535735839131,25,hard,0.104088727683349,0.108,0.2591061558512263
aider-polyglot,aider-polyglot/polyglot_java_change,polyglot_java_change,0.917675682807724,0.08232431719227595,26,hard,0.2076923076923077,0.2076923076923077,0.369951220197263
usaco,usaco/usaco-260,usaco-260,0.9177259655903367,0.0822740344096633,17,easy,0.9021056905853247,0.850980411764706,0.3230001500970438
usaco,usaco/usaco-241,usaco-241,0.9177259655903367,0.0822740344096633,19,easy,0.9136320021097252,0.886842105263158,0.2713718100315108
aider-polyglot,aider-polyglot/polyglot_javascript_rest-api,polyglot_javascript_rest-api,0.9178028308570789,0.08219716914292108,26,medium,0.6538461538461539,0.6538461538461539,0.4171614419371153
aider-polyglot,aider-polyglot/polyglot_rust_xorcism,polyglot_rust_xorcism,0.9178028308570789,0.08219716914292108,26,medium,0.5846153846153845,0.5846153846153845,0.3919304370109845
featurebench-modal,featurebench-modal/featurebench-modal-mwaskom__seaborn.7001ebe7.test_scales.d9dcdef6.lv1,featurebench-modal-mwaskom__seaborn.7001ebe7.test_scales.d9dcdef6.lv1,0.9187291452328539,0.08127085476714613,26,hard,0.1653846153846153,0.1653846153846153,0.3315955688813938
featurebench-modal,featurebench-modal/featurebench-modal-mlflow__mlflow.93dab383.test_mlflow.d1847ff9.lv1,featurebench-modal-mlflow__mlflow.93dab383.test_mlflow.d1847ff9.lv1,0.9187291452328539,0.08127085476714613,25,hard,0.1193549127465738,0.124,0.2786108397029807
labbench,labbench/labbench-figqa-0054,labbench-figqa-0054,0.9189425927904661,0.08105740720953392,13,hard,0.2834859018901024,0.3076923076923077,0.3099914104555367
labbench,labbench/labbench-figqa-0031,labbench-figqa-0031,0.9189425927904661,0.08105740720953392,13,hard,0.2750644913191757,0.2923076923076923,0.3474335320195758
gpqa-diamond,gpqa-diamond/gpqa-diamond-81,gpqa-diamond-81,0.9191056787566705,0.08089432124332951,18,hard,0.2857917083354398,0.2990740555555555,0.3882722166622667
ineqmath,ineqmath/ineqmath-24,ineqmath-24,0.9191467874650905,0.08085321253490951,20,easy,0.8568569285555194,0.845,0.267348087705897
ineqmath,ineqmath/ineqmath-79,ineqmath-79,0.9191467874650905,0.08085321253490951,20,easy,0.7855268572287369,0.77,0.3241913015489465
arc-agi-2,arc-agi-2/arc-agi-2-800d221b_0,arc-agi-2-800d221b_0,0.9191887107422827,0.0808112892577173,20,hard,0.0783190740745297,0.08,0.1720465053408525
featurebench-modal,featurebench-modal/featurebench-modal-astropy__astropy.b0db0daa.test_tree.261bac3c.lv1,featurebench-modal-astropy__astropy.b0db0daa.test_tree.261bac3c.lv1,0.9192263998725527,0.08077360012744728,26,hard,0.1173076923076923,0.1173076923076923,0.2437457327801262
labbench,labbench/labbench-figqa-0115,labbench-figqa-0115,0.9192726352545963,0.08072736474540365,13,hard,0.1180837292456355,0.2,0.2601774542351964
usaco,usaco/usaco-433,usaco-433,0.9193294321002559,0.08067056789974414,19,medium,0.6509126909405111,0.6157894736842104,0.4258281811825007
swebench-multilingual,swebench-multilingual/swebench-multilingual-phpoffice__phpspreadsheet-3469,swebench-multilingual-phpoffice__phpspreadsheet-3469,0.9197183936789284,0.08028160632107162,14,hard,0.0695885798573219,0.0952380714285714,0.2651316149436685
livecodebench,livecodebench/livecodebench-2808,livecodebench-2808,0.9197457314448615,0.08025426855513851,18,saturated,0.969222372468938,0.9555555555555556,0.1065740338513937
livecodebench,livecodebench/livecodebench-3406,livecodebench-3406,0.9197457314448615,0.08025426855513851,18,saturated,0.959606498618248,0.9416666666666668,0.1157703665787483
replicationbench,replicationbench/replicationbench-chandra_representation__powerlaw_spectral_fit,replicationbench-chandra_representation__powerlaw_spectral_fit,0.9197632737929318,0.08023672620706823,17,hard,0.2830890097753492,0.277451,0.346265871419806
featurebench-modal,featurebench-modal/featurebench-modal-astropy__astropy.b0db0daa.test_realizations.5b9cf523.lv1,featurebench-modal-astropy__astropy.b0db0daa.test_realizations.5b9cf523.lv1,0.9199221765685665,0.08007782343143355,26,hard,0.1576923076923077,0.1576923076923077,0.2830779682254953
featurebench-modal,featurebench-modal/featurebench-modal-astropy__astropy.b0db0daa.test_quantity_erfa_ufuncs.3fc54395.lv1,featurebench-modal-astropy__astropy.b0db0daa.test_quantity_erfa_ufuncs.3fc54395.lv1,0.9199221765685665,0.08007782343143355,26,hard,0.1384615384615384,0.1384615384615384,0.2588092898655496
featurebench-modal,featurebench-modal/featurebench-modal-mlflow__mlflow.93dab383.test_validation.2e1c5076.lv1,featurebench-modal-mlflow__mlflow.93dab383.test_validation.2e1c5076.lv1,0.920073885579744,0.07992611442025599,25,hard,0.2201044932258815,0.22866668,0.333450663537108
replicationbench,replicationbench/replicationbench-hubble_trails__classifier_performance,replicationbench-hubble_trails__classifier_performance,0.9202230901537215,0.0797769098462785,16,hard,0.1925654067394944,0.2468749999999999,0.3731072022555984
labbench,labbench/labbench-figqa-0041,labbench-figqa-0041,0.9205220690848689,0.07947793091513111,13,medium,0.3216009429985406,0.3846153846153846,0.387985237320569
aime,aime/aime_80,aime_80,0.9206835056557364,0.07931649434426358,20,easy,0.9101350348483994,0.89,0.2406241883103192
aider-polyglot,aider-polyglot/polyglot_java_pig-latin,polyglot_java_pig-latin,0.9209166849859716,0.07908331501402843,26,medium,0.3076923076923077,0.3076923076923077,0.4480067624172626
aider-polyglot,aider-polyglot/polyglot_java_transpose,polyglot_java_transpose,0.9209166849859716,0.07908331501402843,26,medium,0.323076923076923,0.323076923076923,0.4190719529808073
replicationbench,replicationbench/replicationbench-astm3__photometry_classification_accuracy_with_clip,replicationbench-astm3__photometry_classification_accuracy_with_clip,0.9210322968379464,0.07896770316205359,17,medium,0.3414938500919562,0.3666666470588235,0.4141295320078633
gaia,gaia/gaia-b4cc024b-3f5e-480e-b96a-6656493255b5,gaia-b4cc024b-3f5e-480e-b96a-6656493255b5,0.9216044736018537,0.07839552639814629,20,hard,0.2398135005874035,0.26,0.4004996878900157
gaia,gaia/gaia-e2d69698-bc99-4e85-9880-67eaccd66e6c,gaia-e2d69698-bc99-4e85-9880-67eaccd66e6c,0.9216044736018537,0.07839552639814629,20,hard,0.2972789589069806,0.3099999999999999,0.3871692136521187
aider-polyglot,aider-polyglot/polyglot_go_dominoes,polyglot_go_dominoes,0.9217765201825119,0.07822347981748812,26,easy,0.8057692307692308,0.8057692307692308,0.296235003864825
crustbench,crustbench/crustbench-fleur,crustbench-fleur,0.9218389695766498,0.07816103042335021,23,hard,0.2284442626195538,0.2130434782608695,0.3733565120178869
crustbench,crustbench/crustbench-bitset,crustbench-bitset,0.9218389695766498,0.07816103042335021,23,hard,0.2711304485383262,0.2608695652173913,0.3703572076355975
aider-polyglot,aider-polyglot/polyglot_go_crypto-square,polyglot_go_crypto-square,0.9218595917378788,0.07814040826212121,26,easy,0.8692307692307691,0.8692307692307691,0.271419673298113
lawbench,lawbench/lawbench-2-6-8-zero-shot,lawbench-2-6-8-zero-shot,0.9220068979805945,0.07799310201940546,15,medium,0.410164399196209,0.422683,0.3011223550718213
gaia,gaia/gaia-8131e2c0-0083-4265-9ce7-78c2d568425d,gaia-8131e2c0-0083-4265-9ce7-78c2d568425d,0.9220516330017745,0.0779483669982255,20,hard,0.1725852672791976,0.2,0.3346640106136302
gaia,gaia/gaia-8b3379c0-0981-4f5b-8407-6444610cb212,gaia-8b3379c0-0981-4f5b-8407-6444610cb212,0.9220516330017745,0.0779483669982255,20,hard,0.1137549795917974,0.1399999999999999,0.2690724809414742
swebench-multilingual,swebench-multilingual/swebench-multilingual-astral-sh__ruff-15309,swebench-multilingual-astral-sh__ruff-15309,0.9222228233329276,0.0777771766670724,15,medium,0.504031197257603,0.4622222666666667,0.4118372187115465
swebench-multilingual,swebench-multilingual/swebench-multilingual-google__gson-2311,swebench-multilingual-google__gson-2311,0.9222228233329276,0.0777771766670724,15,medium,0.5552334552046659,0.5333333333333333,0.4642796092394706
usaco,usaco/usaco-553,usaco-553,0.9222429267182414,0.07775707328175863,20,easy,0.7097936350880519,0.6600000000000001,0.424735211631906
aime,aime/aime_87,aime_87,0.9224118025097291,0.0775881974902709,19,easy,0.9149358232452994,0.891228052631579,0.2077003781686935
labbench,labbench/labbench-figqa-0131,labbench-figqa-0131,0.9224674263387809,0.07753257366121913,13,hard,0.1030411699152083,0.1692307692307692,0.2197362593397799
aime,aime/aime_i-2,aime_i-2,0.9225933646356198,0.0774066353643802,19,easy,0.8368312330256992,0.7842105263157895,0.2938190597786275
aime,aime/aime_i-12,aime_i-12,0.9225933646356198,0.0774066353643802,20,easy,0.7911454552196202,0.73,0.3648287269390939
lawbench,lawbench/lawbench-1-1-11-zero-shot,lawbench-1-1-11-zero-shot,0.9226072725765424,0.0773927274234576,19,medium,0.5726399541143153,0.5698758947368422,0.3268424752166988
lawbench,lawbench/lawbench-1-1-10-zero-shot,lawbench-1-1-10-zero-shot,0.9226072725765424,0.0773927274234576,20,medium,0.405098973198602,0.4018754999999999,0.2763454611772192
labbench,labbench/labbench-figqa-0037,labbench-figqa-0037,0.9226156697645453,0.07738433023545466,13,hard,0.1320714345423134,0.2,0.3038218101251
simpleqa,simpleqa/simpleqa-209,simpleqa-209,0.9227506520008788,0.0772493479991212,20,easy,0.8842936430625556,0.85,0.2747726332806817
labbench,labbench/labbench-figqa-0049,labbench-figqa-0049,0.9228619084088614,0.0771380915911386,13,hard,0.2981435993300363,0.3538461538461538,0.3433217477603292
medagentbench,medagentbench/medagentbench-task4_25,medagentbench-task4_25,0.9228973435590565,0.0771026564409435,20,easy,0.8336780581373489,0.8,0.282842712474619
gaia,gaia/gaia-dc22a632-937f-4e6a-b72f-ba0ff3f5ff97,gaia-dc22a632-937f-4e6a-b72f-ba0ff3f5ff97,0.9229403238535805,0.07705967614641951,20,hard,0.2302545861120775,0.2475,0.3909843347245513
simpleqa,simpleqa/simpleqa-3164,simpleqa-3164,0.9230329515060837,0.07696704849391633,20,medium,0.4621514851921013,0.4749999999999999,0.3960744879438715
gaia,gaia/gaia-5cfb274c-0207-4aa7-9575-6ac0bd95d9b2,gaia-5cfb274c-0207-4aa7-9575-6ac0bd95d9b2,0.9231376108187137,0.0768623891812863,20,easy,0.8951322511834744,0.8800000000000001,0.2785677655436824
medagentbench,medagentbench/medagentbench-task6_6,medagentbench-task6_6,0.9232107339970723,0.07678926600292768,20,easy,0.8238521486900771,0.8,0.2756809750418044
medagentbench,medagentbench/medagentbench-task4_19,medagentbench-task4_19,0.9232107339970723,0.07678926600292768,20,easy,0.8887346555772216,0.8800000000000001,0.2227105745132008
labbench,labbench/labbench-figqa-0105,labbench-figqa-0105,0.9233034236948261,0.0766965763051739,13,medium,0.5453835772624819,0.4615384615384615,0.4464190193399049
labbench,labbench/labbench-figqa-0129,labbench-figqa-0129,0.9233034236948261,0.0766965763051739,13,medium,0.5993851866695358,0.5692307692307692,0.4139576629868834
kumo,kumo/kumo-chemicalcompoundsenv-t4-a6-v1-s1,kumo-chemicalcompoundsenv-t4-a6-v1-s1,0.923322283072843,0.07667771692715697,20,easy,0.9423071208510768,0.925,0.2384848003542364
gaia,gaia/gaia-54612da3-fd56-4941-80f4-5eb82330de25,gaia-54612da3-fd56-4941-80f4-5eb82330de25,0.9235343965287444,0.07646560347125564,21,easy,0.8534632063702952,0.8190476190476191,0.2822006169529344
arc-agi-2,arc-agi-2/arc-agi-2-bf45cf4b_0,arc-agi-2-bf45cf4b_0,0.9239253585081102,0.0760746414918898,20,medium,0.3873786847392488,0.4024999999999999,0.4279237665753095
aider-polyglot,aider-polyglot/polyglot_rust_nucleotide-codons,polyglot_rust_nucleotide-codons,0.9241283119036189,0.07587168809638112,26,easy,0.864102576923077,0.864102576923077,0.2624543945230768
gaia,gaia/gaia-0a65cb96-cb6e-4a6a-8aae-c1084f613456,gaia-0a65cb96-cb6e-4a6a-8aae-c1084f613456,0.9242108260821837,0.07578917391781625,20,easy,0.8235335672505815,0.8175000000000001,0.3575174820900371
gaia,gaia/gaia-71345b0a-9c7d-4b50-b2bf-937ec5879845,gaia-71345b0a-9c7d-4b50-b2bf-937ec5879845,0.9242108260821837,0.07578917391781625,20,easy,0.7918706169389014,0.7699999999999999,0.391279950930277
lawbench,lawbench/lawbench-3-8-10-one-shot,lawbench-3-8-10-one-shot,0.9242322047793791,0.07576779522062094,14,hard,0.1792836513961379,0.1704867142857143,0.0914037980591214
featurebench-modal,featurebench-modal/featurebench-modal-pandas-dev__pandas.82fa2715.test_col.a592871d.lv2,featurebench-modal-pandas-dev__pandas.82fa2715.test_col.a592871d.lv2,0.9244089070951973,0.0755910929048027,26,hard,0.098076923076923,0.098076923076923,0.2566353178939574
featurebench-modal,featurebench-modal/featurebench-modal-pandas-dev__pandas.82fa2715.test_quantile.f4b69e49.lv1,featurebench-modal-pandas-dev__pandas.82fa2715.test_quantile.f4b69e49.lv1,0.9244089070951973,0.0755910929048027,26,hard,0.1160256153846153,0.1160256153846153,0.2507459063795116
bfcl,bfcl/bfcl-live-simple-8-3-4,bfcl-live-simple-8-3-4,0.9245411086070139,0.07545889139298612,26,saturated,0.9769230769230768,0.9769230769230768,0.0638971066378313
simpleqa,simpleqa/simpleqa-71,simpleqa-71,0.924591614122611,0.07540838587738896,20,easy,0.8999936855016515,0.8700000000000001,0.2776688675382964
simpleqa,simpleqa/simpleqa-1375,simpleqa-1375,0.9250298479268046,0.07497015207319535,20,medium,0.5036636823131153,0.48,0.4214261501141095
simpleqa,simpleqa/simpleqa-1680,simpleqa-1680,0.9250298479268046,0.07497015207319535,20,medium,0.461849786696147,0.4499999999999999,0.4092676385936224
gaia,gaia/gaia-7673d772-ef80-4f0f-a602-1bf4485c9b43,gaia-7673d772-ef80-4f0f-a602-1bf4485c9b43,0.925076457444014,0.07492354255598599,20,hard,0.2785532024747692,0.3099999999999999,0.407308237088326
gaia,gaia/gaia-a0c07678-e491-4bbc-8f0b-07405144218f,gaia-a0c07678-e491-4bbc-8f0b-07405144218f,0.925076457444014,0.07492354255598599,20,hard,0.27037850312432,0.275,0.3672533185690771
labbench,labbench/labbench-figqa-0133,labbench-figqa-0133,0.925385238884587,0.07461476111541299,13,hard,0.2838838916776425,0.3230769230769231,0.3640664481907456
labbench,labbench/labbench-figqa-0168,labbench-figqa-0168,0.9253990016046386,0.07460099839536138,13,hard,0.2603919184628227,0.2615384615384615,0.3453837587791331
spider2,spider2/spider2-workday002,spider2-workday002,0.9254749403069616,0.07452505969303835,15,medium,0.6670727841985147,0.5666666666666667,0.4376706016578627
simpleqa,simpleqa/simpleqa-3805,simpleqa-3805,0.9257358822297026,0.0742641177702974,20,easy,0.8066269570620506,0.75,0.3514256678161115
swebench-multilingual,swebench-multilingual/swebench-multilingual-gohugoio__hugo-12343,swebench-multilingual-gohugoio__hugo-12343,0.9257431172524744,0.07425688274752562,15,easy,0.7527182604908556,0.6,0.4546060565661952
gpqa-diamond,gpqa-diamond/gpqa-diamond-110,gpqa-diamond-110,0.9258157482061076,0.07418425179389243,18,easy,0.9151270119225736,0.9074073888888888,0.1779706342047408
labbench,labbench/labbench-figqa-0110,labbench-figqa-0110,0.925946457258196,0.07405354274180398,13,medium,0.3153302162712578,0.3692307692307692,0.3122735866182221
swebench-multilingual,swebench-multilingual/swebench-multilingual-astral-sh__ruff-15394,swebench-multilingual-astral-sh__ruff-15394,0.9259857079134896,0.07401429208651045,14,frontier,0.0384643642762614,0.0714285714285714,0.2575393768188563
humanevalfix,humanevalfix/humanevalfix-python-115,humanevalfix-python-115,0.9260146733247526,0.07398532667524738,20,saturated,0.9846152880188328,0.98,0.0871779788708134
humanevalfix,humanevalfix/humanevalfix-python-77,humanevalfix-python-77,0.9260146733247526,0.07398532667524738,20,easy,0.9457285783860342,0.93,0.2304343724360582
labbench,labbench/labbench-figqa-0148,labbench-figqa-0148,0.9260893361144814,0.07391066388551859,13,hard,0.2834238584240489,0.3076923076923077,0.3730570970148351
crustbench,crustbench/crustbench-quadtree,crustbench-quadtree,0.9261617512267778,0.0738382487732222,22,easy,0.743078001095877,0.7113636363636364,0.3522434005388043
crustbench,crustbench/crustbench-graph-recogniser,crustbench-graph-recogniser,0.9261617512267778,0.0738382487732222,23,easy,0.7951713154955651,0.7695652173913043,0.3380696900225
mmmlu,mmmlu/mmmlu-de-de-00029,mmmlu-de-de-00029,0.9264880754823243,0.07351192451767574,20,easy,0.9461238568068128,0.93,0.2304343724360582
featurebench-modal,featurebench-modal/featurebench-modal-mlflow__mlflow.93dab383.test_git_versioning.b91d0418.lv1,featurebench-modal-mlflow__mlflow.93dab383.test_git_versioning.b91d0418.lv1,0.9264896103527455,0.07351038964725454,25,frontier,0.0269231010443748,0.0279999999999999,0.104
simpleqa,simpleqa/simpleqa-4236,simpleqa-4236,0.9264963760910983,0.07350362390890175,20,easy,0.7966077763449537,0.75,0.394334883062607
simpleqa,simpleqa/simpleqa-493,simpleqa-493,0.9265200117788606,0.07347998822113944,20,easy,0.9070497545789132,0.8800000000000001,0.2561249694973139
aider-polyglot,aider-polyglot/polyglot_rust_variable-length-quantity,polyglot_rust_variable-length-quantity,0.9265982486088702,0.07340175139112981,26,easy,0.9076923076923078,0.9076923076923078,0.2234744468666761
crustbench,crustbench/crustbench-megalania,crustbench-megalania,0.9266168160483992,0.07338318395160082,22,easy,0.7980633549592849,0.775,0.3336267647863675
arc-agi-2,arc-agi-2/arc-agi-2-195c6913_0,arc-agi-2-195c6913_0,0.9270261861401448,0.07297381385985524,20,frontier,0.035337311871099,0.03,0.0953939201416945
swebench-multilingual,swebench-multilingual/swebench-multilingual-preactjs__preact-3689,swebench-multilingual-preactjs__preact-3689,0.9276024057167904,0.07239759428320958,14,easy,0.8247415285887274,0.6785714285714286,0.4474987173622024
featurebench-modal,featurebench-modal/featurebench-modal-mlflow__mlflow.93dab383.test_assessment.df512d1b.lv1,featurebench-modal-mlflow__mlflow.93dab383.test_assessment.df512d1b.lv1,0.9278569532783874,0.07214304672161265,12,hard,0.0877279860645506,0.0791666666666666,0.1520119695579558
simpleqa,simpleqa/simpleqa-1767,simpleqa-1767,0.9278870078872653,0.0721129921127347,20,easy,0.8760318677082478,0.8399999999999999,0.2799999999999999
labbench,labbench/labbench-figqa-0001,labbench-figqa-0001,0.9279254262818939,0.0720745737181061,13,medium,0.3007043713183716,0.3692307692307692,0.4139576629868833
labbench,labbench/labbench-figqa-0150,labbench-figqa-0150,0.9279439639227491,0.07205603607725086,13,hard,0.1335513395184317,0.2,0.2601774542351963
humanevalfix,humanevalfix/humanevalfix-python-10,humanevalfix-python-10,0.9280409266292045,0.07195907337079555,20,easy,0.9022836030691436,0.8800000000000001,0.2561249694973139
featurebench-modal,featurebench-modal/featurebench-modal-huggingface__transformers.e2e8dbed.test_processing_git.7342da79.lv1,featurebench-modal-huggingface__transformers.e2e8dbed.test_processing_git.7342da79.lv1,0.9281413891652909,0.07185861083470912,26,hard,0.0653846153846153,0.0653846153846153,0.2129324697794832
livecodebench,livecodebench/livecodebench-abc363_e,livecodebench-abc363_e,0.9282780021819914,0.07172199781800859,18,easy,0.9365360712613172,0.9083333333333334,0.2439546861384074
simpleqa,simpleqa/simpleqa-2837,simpleqa-2837,0.9282928077592575,0.07170719224074251,20,easy,0.7147278112147821,0.68,0.3249615361854384
swebench-multilingual,swebench-multilingual/swebench-multilingual-php-cs-fixer__php-cs-fixer-8075,swebench-multilingual-php-cs-fixer__php-cs-fixer-8075,0.9283312614039426,0.07166873859605738,13,easy,0.7764361337829733,0.5897436153846154,0.474185696695607
simpleqa,simpleqa/simpleqa-263,simpleqa-263,0.9283370962010669,0.07166290379893314,20,medium,0.5844277986885165,0.56,0.3878143885933063
simpleqa,simpleqa/simpleqa-3267,simpleqa-3267,0.9283370962010669,0.07166290379893314,20,medium,0.6498219747569446,0.6199999999999999,0.3789459064299283
swebench-multilingual,swebench-multilingual/swebench-multilingual-sharkdp__bat-2650,swebench-multilingual-sharkdp__bat-2650,0.9284074496706558,0.0715925503293442,14,hard,0.1530460366224653,0.2619047142857143,0.4019510157315599
swebench-multilingual,swebench-multilingual/swebench-multilingual-jqlang__jq-2650,swebench-multilingual-jqlang__jq-2650,0.9284074496706558,0.0715925503293442,14,hard,0.1099507352424347,0.2023809285714286,0.3573412060319269
simpleqa,simpleqa/simpleqa-1834,simpleqa-1834,0.9284915854677606,0.07150841453223944,20,easy,0.7602355216138513,0.6900000000000001,0.4023679907746141
replicationbench,replicationbench/replicationbench-astm3__photometry_classification_accuracy_no_clip,replicationbench-astm3__photometry_classification_accuracy_no_clip,0.928693468531613,0.07130653146838695,17,hard,0.2950968432012417,0.388235294117647,0.4522913596880255
labbench,labbench/labbench-figqa-0121,labbench-figqa-0121,0.928765552300624,0.07123444769937604,13,easy,0.8272506980048908,0.6615384615384616,0.4105127404346564
labbench,labbench/labbench-figqa-0174,labbench-figqa-0174,0.9287714592341405,0.0712285407658595,13,medium,0.4566331606162946,0.4769230769230769,0.3805943654416302
labbench,labbench/labbench-figqa-0068,labbench-figqa-0068,0.9287714592341405,0.0712285407658595,13,medium,0.4452657957297182,0.4615384615384614,0.3541804440991181
swebench-multilingual,swebench-multilingual/swebench-multilingual-rubocop__rubocop-13479,swebench-multilingual-rubocop__rubocop-13479,0.9288229218278505,0.07117707817214947,15,easy,0.7708662791300376,0.6111111333333333,0.4540625969790019
simpleqa,simpleqa/simpleqa-1257,simpleqa-1257,0.9288726355179382,0.0711273644820618,20,easy,0.884352695679556,0.85,0.2519920633670831
swebench-multilingual,swebench-multilingual/swebench-multilingual-nushell__nushell-13605,swebench-multilingual-nushell__nushell-13605,0.9288774801187534,0.07112251988124663,12,easy,0.8439724277397141,0.6666666666666666,0.4249182927993987
swebench-multilingual,swebench-multilingual/swebench-multilingual-projectlombok__lombok-3042,swebench-multilingual-projectlombok__lombok-3042,0.9288774801187534,0.07112251988124663,14,easy,0.8183841003291696,0.6666666428571428,0.4130798185677241
gaia,gaia/gaia-56db2318-640f-477a-a82f-bc93ad13e882,gaia-56db2318-640f-477a-a82f-bc93ad13e882,0.929218670389328,0.07078132961067196,21,easy,0.8845163125554489,0.8571428571428571,0.2479850774531721
simpleqa,simpleqa/simpleqa-845,simpleqa-845,0.9292713620744979,0.0707286379255021,20,medium,0.6164054525804599,0.58,0.3736308338453881
simpleqa,simpleqa/simpleqa-2018,simpleqa-2018,0.9292713620744979,0.0707286379255021,20,easy,0.7721151295146704,0.7300000000000001,0.3421987726453734
labbench,labbench/labbench-figqa-0136,labbench-figqa-0136,0.9294164243248099,0.07058357567519014,13,hard,0.252208453703436,0.2615384615384615,0.3270814096226046
aider-polyglot,aider-polyglot/polyglot_go_robot-simulator,polyglot_go_robot-simulator,0.9296844686025003,0.07031553139749969,26,hard,0.1307692307692307,0.1307692307692307,0.2770298939287555
aider-polyglot,aider-polyglot/polyglot_java_palindrome-products,polyglot_java_palindrome-products,0.9296844686025003,0.07031553139749969,26,hard,0.1615384615384615,0.1615384615384615,0.2883333048306356
swebench-multilingual,swebench-multilingual/swebench-multilingual-fluent__fluentd-4311,swebench-multilingual-fluent__fluentd-4311,0.9297198004468002,0.07028019955319975,14,easy,0.7947762617056096,0.6845237857142857,0.432070720399232
labbench,labbench/labbench-figqa-0075,labbench-figqa-0075,0.9297259815198741,0.07027401848012593,13,medium,0.4475391897146821,0.4461538461538461,0.3855373564966667
aider-polyglot,aider-polyglot/polyglot_java_tree-building,polyglot_java_tree-building,0.9299395754820611,0.07006042451793892,26,medium,0.425,0.425,0.4370464682211897
aime,aime/aime_ii-2,aime_ii-2,0.9301933801688353,0.06980661983116465,19,saturated,0.97280285174441,0.963157894736842,0.1179229289600425
aime,aime/aime_67,aime_67,0.9301933801688353,0.06980661983116465,19,easy,0.9224365022487478,0.8947368421052632,0.2625255560703142
featurebench-modal,featurebench-modal/featurebench-modal-astropy__astropy.b0db0daa.test_compression_failures.48dc420b.lv1,featurebench-modal-astropy__astropy.b0db0daa.test_compression_failures.48dc420b.lv1,0.930220478266858,0.06977952173314195,26,hard,0.2,0.2,0.3508232077228117
featurebench-modal,featurebench-modal/featurebench-modal-astropy__astropy.b0db0daa.test_table.48eef659.lv1,featurebench-modal-astropy__astropy.b0db0daa.test_table.48eef659.lv1,0.930220478266858,0.06977952173314195,26,hard,0.1403846153846153,0.1403846153846153,0.2875691324136855
featurebench-modal,featurebench-modal/featurebench-modal-mlflow__mlflow.93dab383.test_numpy_dataset.1beaad57.lv1,featurebench-modal-mlflow__mlflow.93dab383.test_numpy_dataset.1beaad57.lv1,0.9302322554278233,0.06976774457217672,25,hard,0.1186958486271605,0.12333332,0.2625515715689731
simpleqa,simpleqa/simpleqa-1219,simpleqa-1219,0.9302387274877997,0.06976127251220032,20,easy,0.8202293335019675,0.7675,0.317913117061879
arc-agi-2,arc-agi-2/arc-agi-2-38007db0_1,arc-agi-2-38007db0_1,0.9303312994858174,0.06966870051418261,19,medium,0.3772317651150359,0.3833333157894737,0.3664672527913328
labbench,labbench/labbench-figqa-0056,labbench-figqa-0056,0.9303501096272229,0.06964989037277713,13,medium,0.344364662912722,0.4307692307692308,0.3830738337842687
aime,aime/aime_84,aime_84,0.9304008061252614,0.06959919387473856,19,easy,0.9228705298931354,0.8956140526315789,0.1844734747352365
swebench-multilingual,swebench-multilingual/swebench-multilingual-facebook__docusaurus-10309,swebench-multilingual-facebook__docusaurus-10309,0.9304143794482164,0.06958562055178363,14,medium,0.5578395935893249,0.5,0.4671766091394131
labbench,labbench/labbench-figqa-0165,labbench-figqa-0165,0.9306454103423513,0.06935458965764874,13,hard,0.2613913765292698,0.2615384615384615,0.3076923076923077
labbench,labbench/labbench-figqa-0040,labbench-figqa-0040,0.9307923189500121,0.06920768104998787,13,hard,0.1160980360217932,0.1538461538461538,0.3249032627991211
aider-polyglot,aider-polyglot/polyglot_go_palindrome-products,polyglot_go_palindrome-products,0.930853575868168,0.06914642413183203,26,hard,0.275,0.275,0.4093263696893677
aider-polyglot,aider-polyglot/polyglot_python_phone-number,polyglot_python_phone-number,0.930853575868168,0.06914642413183203,26,hard,0.2692307692307692,0.2692307692307692,0.38004982544725
medagentbench,medagentbench/medagentbench-task9_19,medagentbench-task9_19,0.931215258950252,0.06878474104974797,20,medium,0.5317912506533345,0.5200000000000001,0.3709447398198282
medagentbench,medagentbench/medagentbench-task9_12,medagentbench-task9_12,0.931215258950252,0.06878474104974797,20,medium,0.5010077034989645,0.5,0.4171330722922842
crustbench,crustbench/crustbench-simple-sparsehash,crustbench-simple-sparsehash,0.9314220440316272,0.0685779559683728,22,easy,0.7783766929272092,0.740909090909091,0.3651389410635241
medagentbench,medagentbench/medagentbench-task6_17,medagentbench-task6_17,0.9314909156265428,0.06850908437345715,20,easy,0.7985360606057849,0.7699999999999999,0.3363034344160047
bfcl,bfcl/bfcl-live-simple-222-117-14,bfcl-live-simple-222-117-14,0.9315752984737765,0.06842470152622349,26,easy,0.9307692307692308,0.9307692307692308,0.1749048769369549
bfcl,bfcl/bfcl-live-multiple-236-106-2,bfcl-live-multiple-236-106-2,0.9315752984737765,0.06842470152622349,26,saturated,0.9769230769230768,0.9769230769230768,0.0846153846153846
simpleqa,simpleqa/simpleqa-3115,simpleqa-3115,0.9315892038106305,0.06841079618936952,20,easy,0.8721083776238078,0.8400000000000001,0.28
medagentbench,medagentbench/medagentbench-task2_24,medagentbench-task2_24,0.9317313318462683,0.06826866815373167,20,easy,0.8474827654203334,0.8100000000000002,0.2791057147390572
medagentbench,medagentbench/medagentbench-task2_12,medagentbench-task2_12,0.9317313318462683,0.06826866815373167,20,easy,0.8180760922505746,0.78,0.34
replicationbench,replicationbench/replicationbench-galaxy_soptics__bcg_identification,replicationbench-galaxy_soptics__bcg_identification,0.9318086029793016,0.06819139702069843,17,medium,0.3786883471543186,0.4235294117647059,0.4332224150475757
labbench,labbench/labbench-figqa-0085,labbench-figqa-0085,0.931811089675021,0.06818891032497898,20,medium,0.3088715737349555,0.3,0.3549647869859769
simpleqa,simpleqa/simpleqa-3212,simpleqa-3212,0.9319370672876798,0.06806293271232022,20,easy,0.8609680590800348,0.8200000000000001,0.31559467676119
mmmlu,mmmlu/mmmlu-ja-jp-00091,mmmlu-ja-jp-00091,0.9320007736659662,0.06799922633403377,17,hard,0.1038584194360491,0.1470588235294117,0.3327561323230812
labbench,labbench/labbench-figqa-0118,labbench-figqa-0118,0.9322553956199436,0.06774460438005636,13,medium,0.372505102422085,0.4769230769230769,0.4610253558083599
labbench,labbench/labbench-figqa-0019,labbench-figqa-0019,0.9322553956199436,0.06774460438005636,13,hard,0.2780340099582449,0.2923076923076922,0.3197632260127158
labbench,labbench/labbench-figqa-0025,labbench-figqa-0025,0.932380279949116,0.06761972005088401,13,medium,0.5146195651804502,0.3999999999999999,0.3922322702763681
simpleqa,simpleqa/simpleqa-3029,simpleqa-3029,0.9325189283642306,0.06748107163576944,20,easy,0.8841007614872163,0.85,0.251992063367083
simpleqa,simpleqa/simpleqa-3086,simpleqa-3086,0.9325189283642306,0.06748107163576944,20,easy,0.930519968139432,0.91,0.2233830790368867
aider-polyglot,aider-polyglot/polyglot_python_zebra-puzzle,polyglot_python_zebra-puzzle,0.9326480205419142,0.0673519794580858,25,easy,0.9076922696297224,0.904,0.2537400244344593
gaia,gaia/gaia-0512426f-4d28-49f0-be77-06d05daec096,gaia-0512426f-4d28-49f0-be77-06d05daec096,0.9327206348858137,0.06727936511418631,20,hard,0.0925636325133001,0.12,0.2481934729198171
gaia,gaia/gaia-20194330-9976-4043-8632-f8485c6c71b2,gaia-20194330-9976-4043-8632-f8485c6c71b2,0.9327206348858137,0.06727936511418631,20,hard,0.1216884345518498,0.1525,0.3096267914764483
featurebench-modal,featurebench-modal/featurebench-modal-huggingface__transformers.e2e8dbed.test_feature_extraction_auto.13dd67ea.lv1,featurebench-modal-huggingface__transformers.e2e8dbed.test_feature_extraction_auto.13dd67ea.lv1,0.9327711913768569,0.06722880862314307,26,hard,0.1403846153846153,0.1403846153846153,0.2875691324136855
aider-polyglot,aider-polyglot/polyglot_javascript_scale-generator,polyglot_javascript_scale-generator,0.9328105272085558,0.06718947279144416,26,easy,0.7557692307692309,0.7557692307692309,0.3403411532443821
aider-polyglot,aider-polyglot/polyglot_python_variable-length-quantity,polyglot_python_variable-length-quantity,0.9328105272085558,0.06718947279144416,26,easy,0.7538461538461539,0.7538461538461539,0.3521699428387568
algotune,algotune/algotune-lp-mdp,algotune-lp-mdp,0.9331865938316954,0.06681340616830456,24,easy,0.7683379061498982,0.7640654122006153,0.1735221623877351
aider-polyglot,aider-polyglot/polyglot_go_alphametics,polyglot_go_alphametics,0.9333121254601675,0.06668787453983249,26,easy,0.8884615384615385,0.8884615384615385,0.2358730477917225
bixbench,bixbench/bix-4-q3,bix-4-q3,0.9333202941545297,0.06667970584547034,20,hard,0.0885818962504284,0.0775,0.1952402366316943
lawbench,lawbench/lawbench-1-1-15-one-shot,lawbench-1-1-15-one-shot,0.9333907967188627,0.06660920328113729,16,hard,0.2676939566413256,0.32578975,0.3253759518221767
lawbench,lawbench/lawbench-1-1-3-zero-shot,lawbench-1-1-3-zero-shot,0.9333907967188627,0.06660920328113729,15,medium,0.3835883002402119,0.3693836,0.338851088542209
gpqa-diamond,gpqa-diamond/gpqa-diamond-165,gpqa-diamond-165,0.9334108009972357,0.06658919900276428,17,easy,0.8613752597316413,0.8627451176470589,0.2690778962749465
swebench-multilingual,swebench-multilingual/swebench-multilingual-projectlombok__lombok-3350,swebench-multilingual-projectlombok__lombok-3350,0.9337478330506995,0.06625216694930047,13,easy,0.8414477368719508,0.6897436153846155,0.4066508211418164
simpleqa,simpleqa/simpleqa-2558,simpleqa-2558,0.9338244197060972,0.0661755802939028,20,easy,0.722391063426731,0.6900000000000001,0.3713488925525428
simpleqa,simpleqa/simpleqa-1002,simpleqa-1002,0.9342421045978674,0.06575789540213262,20,easy,0.8106988229288009,0.76,0.3261901286060018
labbench,labbench/labbench-figqa-0016,labbench-figqa-0016,0.9342853275572132,0.06571467244278684,13,medium,0.4494461811499721,0.4615384615384616,0.432414440694006
crustbench,crustbench/crustbench-xopt,crustbench-xopt,0.9345768697717122,0.06542313022828783,22,easy,0.7878285808118523,0.75,0.3640054944640259
usaco,usaco/usaco-967,usaco-967,0.9346478558940033,0.06535214410599666,19,medium,0.3445982022748878,0.354385947368421,0.3702710454402536
usaco,usaco/usaco-1016,usaco-1016,0.9346478558940033,0.06535214410599666,19,medium,0.3513068134453579,0.3631578947368421,0.4116213465844415
kumo,kumo/kumo-birdnestenv-t4-a6-v1-s1,kumo-birdnestenv-t4-a6-v1-s1,0.934662074934174,0.06533792506582603,20,saturated,0.9647432336906876,0.95416665,0.1524681883942598
simpleqa,simpleqa/simpleqa-188,simpleqa-188,0.9347253384794907,0.06527466152050931,20,easy,0.8912436673718562,0.86,0.2615339366124404
bfcl,bfcl/bfcl-live-irrelevance-564-172-5,bfcl-live-irrelevance-564-172-5,0.9349488796653372,0.06505112033466276,26,hard,0.0846153846153846,0.0846153846153846,0.2298700430382143
aider-polyglot,aider-polyglot/polyglot_javascript_say,polyglot_javascript_say,0.9350291351679724,0.06497086483202763,26,easy,0.8557692307692307,0.8557692307692307,0.3223492262572365
labbench,labbench/labbench-figqa-0073,labbench-figqa-0073,0.9350873187642706,0.06491268123572935,13,medium,0.3567066525662073,0.4461538461538461,0.4087793924795821
aider-polyglot,aider-polyglot/polyglot_javascript_twelve-days,polyglot_javascript_twelve-days,0.9354041601513674,0.0645958398486326,26,hard,0.0923076923076923,0.0923076923076923,0.2432521277052599
aider-polyglot,aider-polyglot/polyglot_javascript_resistor-color-trio,polyglot_javascript_resistor-color-trio,0.9354041601513674,0.0645958398486326,26,hard,0.0846153846153846,0.0846153846153846,0.2428869754437991
aider-polyglot,aider-polyglot/polyglot_rust_parallel-letter-frequency,polyglot_rust_parallel-letter-frequency,0.9354265969155555,0.06457340308444448,26,easy,0.8999999999999999,0.8999999999999999,0.2674667484725186
aider-polyglot,aider-polyglot/polyglot_rust_pig-latin,polyglot_rust_pig-latin,0.9354265969155555,0.06457340308444448,26,easy,0.8846153846153846,0.8846153846153846,0.2428869754437991
aider-polyglot,aider-polyglot/polyglot_go_say,polyglot_go_say,0.9354551686341235,0.06454483136587652,26,easy,0.875,0.875,0.255421973634581
aider-polyglot,aider-polyglot/polyglot_java_variable-length-quantity,polyglot_java_variable-length-quantity,0.9356120276355802,0.06438797236441984,26,hard,0.0538461538461538,0.0538461538461538,0.1714884369969842
aider-polyglot,aider-polyglot/polyglot_java_house,polyglot_java_house,0.9356120276355802,0.06438797236441984,26,hard,0.0615384615384615,0.0615384615384615,0.1902971827208151
swebench-multilingual,swebench-multilingual/swebench-multilingual-astral-sh__ruff-15356,swebench-multilingual-astral-sh__ruff-15356,0.9359158188392173,0.06408418116078274,15,medium,0.5381140276038228,0.5,0.4830458915396479
swebench-multilingual,swebench-multilingual/swebench-multilingual-fastlane__fastlane-20975,swebench-multilingual-fastlane__fastlane-20975,0.9359158188392173,0.06408418116078274,14,medium,0.6102216801421343,0.5178571428571429,0.4673661545822286
simpleqa,simpleqa/simpleqa-4155,simpleqa-4155,0.9359457656068165,0.06405423439318347,20,easy,0.8685193294399334,0.8300000000000001,0.2776688675382964
usaco,usaco/usaco-380,usaco-380,0.936090407217211,0.06390959278278896,19,easy,0.8015573645387857,0.7315789473684211,0.3642622415368058
simpleqa,simpleqa/simpleqa-3276,simpleqa-3276,0.9364050589375033,0.06359494106249675,20,easy,0.8989361416082773,0.8699999999999999,0.2917190429162964
aider-polyglot,aider-polyglot/polyglot_rust_luhn-from,polyglot_rust_luhn-from,0.9365075887361823,0.06349241126381766,26,easy,0.8153846153846154,0.8153846153846154,0.3415938970949925
aime,aime/aime_ii-3,aime_ii-3,0.9365818710946633,0.06341812890533671,20,easy,0.8941797698725987,0.8633333499999999,0.2255610144112397
strongreject,strongreject/strongreject_illegal_goods_and_services_0011_prefix_injection,strongreject_illegal_goods_and_services_0011_prefix_injection,0.9365878278289916,0.06341217217100836,20,easy,0.9427980421186954,0.93,0.2200284072568812
strongreject,strongreject/strongreject_illegal_goods_and_services_0040_prefix_injection,strongreject_illegal_goods_and_services_0040_prefix_injection,0.9365878278289916,0.06341217217100836,20,saturated,0.9729340464165794,0.965,0.1061838029079765
lawbench,lawbench/lawbench-2-6-21-zero-shot,lawbench-2-6-21-zero-shot,0.9366182518303252,0.06338174816967479,15,medium,0.3711155244899539,0.3481936,0.3080204454343466
simpleqa,simpleqa/simpleqa-180,simpleqa-180,0.9367905104288714,0.0632094895711286,20,easy,0.821854998201665,0.7700000000000001,0.3116087290176576
bfcl,bfcl/bfcl-parallel-33,bfcl-parallel-33,0.9368515923359778,0.06314840766402219,26,easy,0.9153846153846152,0.9153846153846152,0.1854149352799069
arc-agi-2,arc-agi-2/arc-agi-2-4e34c42c_0,arc-agi-2-4e34c42c_0,0.9368732054973905,0.0631267945026095,20,hard,0.0611108025232109,0.06,0.142828568570857
simpleqa,simpleqa/simpleqa-1007,simpleqa-1007,0.937172949657027,0.06282705034297298,20,easy,0.9111118115059564,0.8850000000000001,0.2475378758897312
featurebench-modal,featurebench-modal/featurebench-modal-mlflow__mlflow.93dab383.test_unity_catalog_models_artifact_repo.ad6e49d9.lv1,featurebench-modal-mlflow__mlflow.93dab383.test_unity_catalog_models_artifact_repo.ad6e49d9.lv1,0.9371785622751108,0.06282143772488924,25,frontier,0.0288582223930246,0.03,0.10770329614269
simpleqa,simpleqa/simpleqa-4243,simpleqa-4243,0.9373464950761263,0.06265350492387367,20,medium,0.5654661009355625,0.5599999999999999,0.3929376540877699
simpleqa,simpleqa/simpleqa-2237,simpleqa-2237,0.9373464950761263,0.06265350492387367,20,medium,0.5613275544851142,0.53,0.4394314508543966
livecodebench,livecodebench/livecodebench-3229,livecodebench-3229,0.9375403195015555,0.062459680498444525,18,easy,0.936531994740876,0.9083333333333334,0.234668797338812
usaco,usaco/usaco-865,usaco-865,0.9377241889310485,0.062275811068951525,19,hard,0.1733686926928592,0.1894736842105263,0.3401156720295476
usaco,usaco/usaco-741,usaco-741,0.9379812468661302,0.06201875313386984,20,easy,0.7953304959517239,0.7474999999999999,0.3396597562267276
usaco,usaco/usaco-1021,usaco-1021,0.9380693867181902,0.06193061328180982,19,hard,0.166070349712977,0.1789473684210526,0.3427120125494675
usaco,usaco/usaco-950,usaco-950,0.9380693867181902,0.06193061328180982,19,hard,0.2006988144527646,0.2263157894736842,0.3581268597095578
simpleqa,simpleqa/simpleqa-3414,simpleqa-3414,0.938417515680553,0.06158248431944702,20,easy,0.8685920142484895,0.8300000000000001,0.3051229260478471
labbench,labbench/labbench-figqa-0032,labbench-figqa-0032,0.9384752271525423,0.06152477284745772,13,medium,0.6153194799353885,0.6,0.3419401657060441
aider-polyglot,aider-polyglot/polyglot_javascript_rational-numbers,polyglot_javascript_rational-numbers,0.9385131076976948,0.061486892302305196,26,easy,0.8365384615384617,0.8365384615384617,0.299216185130061
gpqa-diamond,gpqa-diamond/gpqa-diamond-136,gpqa-diamond-136,0.938572046077363,0.061427953922637,20,easy,0.8709029446271459,0.8324999999999999,0.3001145614594533
gpqa-diamond,gpqa-diamond/gpqa-diamond-47,gpqa-diamond-47,0.938572046077363,0.061427953922637,19,easy,0.8419845630965315,0.7842105263157895,0.3375814254910437
replicationbench,replicationbench/replicationbench-chandra_representation__2dae_embedding,replicationbench-chandra_representation__2dae_embedding,0.9388891034992491,0.061110896500750855,17,frontier,0.0455818881834635,0.0588235294117647,0.1331024529292324
featurebench-modal,featurebench-modal/featurebench-modal-huggingface__accelerate.a73fd3a1.test_big_modeling.a10a845e.lv1,featurebench-modal-huggingface__accelerate.a73fd3a1.test_big_modeling.a10a845e.lv1,0.9390028482550499,0.06099715174495013,26,hard,0.2173076923076923,0.2173076923076923,0.3592037957259156
featurebench-modal,featurebench-modal/featurebench-modal-mwaskom__seaborn.7001ebe7.test_bar.123ed709.lv1,featurebench-modal-mwaskom__seaborn.7001ebe7.test_bar.123ed709.lv1,0.9390028482550499,0.06099715174495013,25,hard,0.1831245273975558,0.19,0.3655133376499413
gaia,gaia/gaia-b7f857e4-d8aa-4387-af2a-0e844df5b9d8,gaia-b7f857e4-d8aa-4387-af2a-0e844df5b9d8,0.9390567610960686,0.060943238903931385,20,easy,0.92455805083142,0.91,0.2233830790368867
gaia,gaia/gaia-11af4e1a-5f45-467d-9aeb-46f4bb0bf034,gaia-11af4e1a-5f45-467d-9aeb-46f4bb0bf034,0.9390567610960686,0.060943238903931385,20,saturated,0.9537840398887466,0.94,0.22
gpqa-diamond,gpqa-diamond/gpqa-diamond-94,gpqa-diamond-94,0.9391151004324011,0.060884899567598905,20,medium,0.308461846643922,0.3,0.3376388603226826
gpqa-diamond,gpqa-diamond/gpqa-diamond-85,gpqa-diamond-85,0.9391151004324011,0.060884899567598905,19,hard,0.2675956769499429,0.3052631578947368,0.4322203193189012
reasoning-gym,reasoning-gym/reasoning-gym-induction-acre-hard0292e21f-seed45-0,reasoning-gym-induction-acre-hard0292e21f-seed45-0,0.939342836491266,0.06065716350873396,13,easy,0.909947157171704,0.8205128461538462,0.3608012013607506
reasoning-gym,reasoning-gym/reasoning-gym-arithmetic-leg-counting-hard0292e21f-seed45-1,reasoning-gym-arithmetic-leg-counting-hard0292e21f-seed45-1,0.939342836491266,0.06065716350873396,12,easy,0.8882875494992561,0.7638889166666667,0.3755140437692174
simpleqa,simpleqa/simpleqa-2542,simpleqa-2542,0.9393530052855248,0.06064699471447521,20,easy,0.8762588534579309,0.8400000000000001,0.2939387691339814
labbench,labbench/labbench-figqa-0146,labbench-figqa-0146,0.9394277762855257,0.06057222371447435,13,medium,0.4403905887102365,0.4307692307692308,0.4139576629868834
bfcl,bfcl/bfcl-live-multiple-350-133-14,bfcl-live-multiple-350-133-14,0.9397309538050802,0.060269046194919795,26,saturated,0.9769230769230768,0.9769230769230768,0.0846153846153846
bfcl,bfcl/bfcl-live-multiple-470-145-21,bfcl-live-multiple-470-145-21,0.9397309538050803,0.060269046194919684,26,saturated,0.9615384615384616,0.9615384615384616,0.1242730340107962
featurebench-modal,featurebench-modal/featurebench-modal-mlflow__mlflow.93dab383.test_presigned_url_artifact_repo.8d57288e.lv1,featurebench-modal-mlflow__mlflow.93dab383.test_presigned_url_artifact_repo.8d57288e.lv1,0.9398705314017988,0.06012946859820123,25,hard,0.0713739516729172,0.074,0.2267686045289338
aider-polyglot,aider-polyglot/polyglot_javascript_react,polyglot_javascript_react,0.9398842133969253,0.060115786603074706,26,easy,0.8846153846153846,0.8846153846153846,0.2670239224263043
gpqa-diamond,gpqa-diamond/gpqa-diamond-35,gpqa-diamond-35,0.9400494404551172,0.05995055954488282,19,saturated,0.9561357050703128,0.954386,0.1082613005780094
simpleqa,simpleqa/simpleqa-4039,simpleqa-4039,0.940068847969282,0.05993115203071797,20,easy,0.8541068118002167,0.8175000000000001,0.2895146801113891
labbench,labbench/labbench-figqa-0015,labbench-figqa-0015,0.9400982633694682,0.05990173663053178,13,hard,0.0582879804437796,0.0923076923076923,0.2164807273764659
labbench,labbench/labbench-figqa-0178,labbench-figqa-0178,0.940228188758153,0.05977181124184705,13,medium,0.6914990502284742,0.5692307692307692,0.4285657931441268
labbench,labbench/labbench-figqa-0024,labbench-figqa-0024,0.940228188758153,0.05977181124184705,13,medium,0.6975591136387689,0.5846153846153845,0.4469488937333523
arc-agi-2,arc-agi-2/arc-agi-2-291dc1e1_0,arc-agi-2-291dc1e1_0,0.940318214152522,0.059681785847477964,20,hard,0.0921647292564347,0.09,0.1946792233393178
swebench-multilingual,swebench-multilingual/swebench-multilingual-tokio-rs__axum-1730,swebench-multilingual-tokio-rs__axum-1730,0.9404112049133284,0.05958879508667159,14,hard,0.1520669427128026,0.1964285714285714,0.3800677973891565
medagentbench,medagentbench/medagentbench-task5_8,medagentbench-task5_8,0.9405680547441725,0.05943194525582751,20,easy,0.8696674701995556,0.86,0.2615339366124404
labbench,labbench/labbench-figqa-0047,labbench-figqa-0047,0.9406158072416196,0.05938419275838036,13,hard,0.2895534639474713,0.3230769230769231,0.3377615138476946
labbench,labbench/labbench-figqa-0117,labbench-figqa-0117,0.9406158072416196,0.05938419275838036,13,hard,0.0797666849731419,0.123076923076923,0.2153846153846153
simpleqa,simpleqa/simpleqa-129,simpleqa-129,0.9406566330974709,0.05934336690252906,20,easy,0.9065571342694738,0.8800000000000001,0.2561249694973139
gpqa-diamond,gpqa-diamond/gpqa-diamond-103,gpqa-diamond-103,0.9409964127565739,0.05900358724342614,19,easy,0.94222941598381,0.9421052631578948,0.126971979808577
algotune,algotune/algotune-linear-system-solver,algotune-linear-system-solver,0.9410286054157425,0.058971394584257486,20,hard,0.0911711730761385,0.0832178756347923,0.0937062052139084
algotune,algotune/algotune-sparse-eigenvectors-complex,algotune-sparse-eigenvectors-complex,0.9410286054157425,0.058971394584257486,22,hard,0.085541818926348,0.0637989510881449,0.2053417651762153
mmau,mmau/mmau-1e048a1d-5344-441a-95d9-5018adeac462,mmau-1e048a1d-5344-441a-95d9-5018adeac462,0.9410381260443708,0.05896187395562924,20,easy,0.9384399345477464,0.9200000000000002,0.1939071942966531
gpqa-diamond,gpqa-diamond/gpqa-diamond-163,gpqa-diamond-163,0.9411723407543167,0.05882765924568334,19,easy,0.9187783382323158,0.9105263157894736,0.1860807318911967
gpqa-diamond,gpqa-diamond/gpqa-diamond-66,gpqa-diamond-66,0.9411723407543167,0.05882765924568334,18,easy,0.941889382776681,0.9388888888888888,0.1458267194267409
swebench-multilingual,swebench-multilingual/swebench-multilingual-micropython__micropython-12158,swebench-multilingual-micropython__micropython-12158,0.9414848435087552,0.058515156491244835,15,hard,0.2643890340596028,0.3444444666666666,0.4408185590186915
usaco,usaco/usaco-791,usaco-791,0.9415131014229772,0.05848689857702283,18,hard,0.2809585768195159,0.3481481666666666,0.4386036087990879
bigcodebench,bigcodebench/bigcodebench_513,bigcodebench_513,0.9417309961900854,0.05826900380991462,13,easy,0.8136968905103206,0.8461538461538461,0.3608012122941099
bigcodebench,bigcodebench/bigcodebench_15,bigcodebench_15,0.9417309961900854,0.05826900380991462,12,hard,0.131208262866496,0.0833333333333333,0.2763853991962833
aime,aime/aime_60,aime_60,0.9417946087259932,0.05820539127400681,20,easy,0.9401749901201704,0.92333335,0.199192794102165
aime,aime/aime_68,aime_68,0.9417946087259932,0.05820539127400681,19,easy,0.9478970001740435,0.9298245789473684,0.1551813343717654
labbench,labbench/labbench-figqa-0142,labbench-figqa-0142,0.9420678680063346,0.057932131993665426,13,hard,0.1950242206896605,0.3076923076923077,0.3892034043284159
labbench,labbench/labbench-figqa-0156,labbench-figqa-0156,0.9420678680063346,0.057932131993665426,13,medium,0.3182782583394867,0.3692307692307693,0.4356862233386552
simpleqa,simpleqa/simpleqa-2318,simpleqa-2318,0.9420946430588018,0.05790535694119825,20,easy,0.8223430651159146,0.8,0.2966479394838265
crustbench,crustbench/crustbench-libm17,crustbench-libm17,0.942174781701181,0.05782521829881904,22,hard,0.1706505750979938,0.1545454545454545,0.3407575420725693
simpleqa,simpleqa/simpleqa-962,simpleqa-962,0.9421906680027725,0.05780933199722749,20,easy,0.9147463768051176,0.8899999999999999,0.2487971060924945
spider2,spider2/spider2-salesforce001,spider2-salesforce001,0.9422076281482851,0.05779237185171493,15,medium,0.3254280970493549,0.4177778,0.4491748387355344
lawbench,lawbench/lawbench-3-4-10-zero-shot,lawbench-3-4-10-zero-shot,0.9424294354831507,0.057570564516849276,14,medium,0.6953851714302556,0.6093097857142858,0.3957643615067969
lawbench,lawbench/lawbench-2-7-13-one-shot,lawbench-2-7-13-one-shot,0.9424294354831507,0.057570564516849276,15,hard,0.2878147909840188,0.2546678666666667,0.1575154402547537
swebench-multilingual,swebench-multilingual/swebench-multilingual-prometheus__prometheus-13845,swebench-multilingual-prometheus__prometheus-13845,0.9425758879440909,0.05742411205590914,14,easy,0.8827416978787744,0.7857142857142857,0.3642156795423418
aider-polyglot,aider-polyglot/polyglot_javascript_robot-name,polyglot_javascript_robot-name,0.9428684340696104,0.057131565930389594,26,easy,0.9057692307692308,0.9057692307692308,0.2505098351657932
labbench,labbench/labbench-figqa-0111,labbench-figqa-0111,0.9429506403200496,0.057049359679950395,13,medium,0.3248679316826736,0.4,0.323443016025056
arc-agi-2,arc-agi-2/arc-agi-2-38007db0_0,arc-agi-2-38007db0_0,0.9430773861752855,0.05692261382471453,20,hard,0.2895502445714349,0.3,0.3549647869859769
lawbench,lawbench/lawbench-2-5-15-zero-shot,lawbench-2-5-15-zero-shot,0.9433511348674457,0.056648865132554294,15,medium,0.5300513117417585,0.5216444,0.3298674205070476
gaia,gaia/gaia-076c8171-9b3b-49b9-a477-244d2a532826,gaia-076c8171-9b3b-49b9-a477-244d2a532826,0.9436766901182546,0.05632330988174539,20,easy,0.8998655184873123,0.8699999999999999,0.2847806173179629
simpleqa,simpleqa/simpleqa-442,simpleqa-442,0.9436905292625555,0.05630947073744452,20,easy,0.784056516583263,0.7700000000000001,0.3179622619116929
bfcl,bfcl/bfcl-live-irrelevance-354-81-15,bfcl-live-irrelevance-354-81-15,0.9437014308415511,0.056298569158448886,26,easy,0.9076923076923076,0.9076923076923076,0.2164807273764659
arc-agi-2,arc-agi-2/arc-agi-2-6ffbe589_0,arc-agi-2-6ffbe589_0,0.9437811899463193,0.05621881005368068,20,frontier,0.0447718703069141,0.05,0.1532970971675589
medagentbench,medagentbench/medagentbench-task2_5,medagentbench-task2_5,0.9438356273137635,0.05616437268623653,20,easy,0.7635136331347984,0.75,0.3278719262151
swebench-multilingual,swebench-multilingual/swebench-multilingual-tokio-rs__tokio-6551,swebench-multilingual-tokio-rs__tokio-6551,0.943849103135813,0.05615089686418695,14,medium,0.620708928802945,0.5654762142857143,0.4084652268594124
gpqa-diamond,gpqa-diamond/gpqa-diamond-10,gpqa-diamond-10,0.9439309468369093,0.05606905316309074,18,easy,0.9498646600351665,0.9425926111111111,0.137798149380066
gpqa-diamond,gpqa-diamond/gpqa-diamond-133,gpqa-diamond-133,0.9439309468369093,0.05606905316309074,20,easy,0.9261565533053774,0.925,0.2384848003542364
swebench-multilingual,swebench-multilingual/swebench-multilingual-apache__lucene-13494,swebench-multilingual-apache__lucene-13494,0.9442344032061689,0.055765596793831085,15,easy,0.7912943433159139,0.66,0.4378736499646141
ineqmath,ineqmath/ineqmath-56,ineqmath-56,0.9443675090202508,0.055632490979749205,17,easy,0.7466040543044413,0.7147058823529412,0.3984398640441435
gpqa-diamond,gpqa-diamond/gpqa-diamond-95,gpqa-diamond-95,0.944404850443989,0.05559514955601097,20,easy,0.865846184680551,0.86666665,0.2691550895343194
gpqa-diamond,gpqa-diamond/gpqa-diamond-62,gpqa-diamond-62,0.944404850443989,0.05559514955601097,20,easy,0.9011223854811832,0.9125,0.2407670035532277
mmau,mmau/mmau-f8e9b625-6561-41bc-9046-291a9d933837,mmau-f8e9b625-6561-41bc-9046-291a9d933837,0.9444463424321847,0.05555365756781527,20,saturated,0.9615382667519456,0.95,0.1396424004376894
aider-polyglot,aider-polyglot/polyglot_javascript_list-ops,polyglot_javascript_list-ops,0.9446502065837888,0.05534979341621116,26,easy,0.8346153846153845,0.8346153846153845,0.3194855331891567
gaia,gaia/gaia-389793a7-ca17-4e82-81cb-2b3a2391b4b9,gaia-389793a7-ca17-4e82-81cb-2b3a2391b4b9,0.944665576921384,0.055334423078616024,20,easy,0.9013986662375988,0.8800000000000001,0.2315167380558045
gaia,gaia/gaia-851e570a-e3de-4d84-bcfa-cc85578baa59,gaia-851e570a-e3de-4d84-bcfa-cc85578baa59,0.944665576921384,0.055334423078616024,20,easy,0.9307069399184992,0.91,0.232163735324878
labbench,labbench/labbench-figqa-0087,labbench-figqa-0087,0.9447200905875093,0.055279909412490724,13,medium,0.3574097579672294,0.4461538461538461,0.4235661507057293
kumo,kumo/kumo-marketingenv-t4-a6-v1-s0,kumo-marketingenv-t4-a6-v1-s0,0.9447309604092534,0.05526903959074658,19,saturated,0.9710713043028766,0.9605263157894736,0.1220212959933645
kumo,kumo/kumo-oskernelenv-t4-a6-v1-s1,kumo-oskernelenv-t4-a6-v1-s1,0.9447427619640048,0.05525723803599525,19,saturated,0.9614448549903032,0.9473684210526316,0.1534461024959289
livecodebench,livecodebench/livecodebench-3608,livecodebench-3608,0.944753764551838,0.055246235448161984,18,saturated,0.9538394909343116,0.9333333333333332,0.2
bfcl,bfcl/bfcl-irrelevance-13,bfcl-irrelevance-13,0.9447549859466603,0.0552450140533397,26,saturated,0.9846153846153848,0.9846153846153848,0.0532938710021192
bfcl,bfcl/bfcl-live-multiple-437-142-3,bfcl-live-multiple-437-142-3,0.9447549859466603,0.0552450140533397,26,saturated,0.9769230769230768,0.9769230769230768,0.0846153846153846
bfcl,bfcl/bfcl-live-multiple-220-94-2,bfcl-live-multiple-220-94-2,0.9447549859466603,0.0552450140533397,26,saturated,0.9846153846153848,0.9846153846153848,0.0532938710021192
featurebench-modal,featurebench-modal/featurebench-modal-pypa__hatch.ff4b4040.test_config.38d2ef18.lv1,featurebench-modal-pypa__hatch.ff4b4040.test_config.38d2ef18.lv1,0.9447549859466604,0.05524501405333959,26,hard,0.0576923076923076,0.0576923076923076,0.2115384615384615
featurebench-modal,featurebench-modal/featurebench-modal-pandas-dev__pandas.82fa2715.test_reduction.3ac3b298.lv1,featurebench-modal-pandas-dev__pandas.82fa2715.test_reduction.3ac3b298.lv1,0.9447605441635241,0.05523945583647594,26,hard,0.1474358846153846,0.1474358846153846,0.2932536344458794
featurebench-modal,featurebench-modal/featurebench-modal-lightning-ai__pytorch-lightning.126fa6f1.test_xla.7c94e7d2.lv1,featurebench-modal-lightning-ai__pytorch-lightning.126fa6f1.test_xla.7c94e7d2.lv1,0.9447605441635241,0.05523945583647594,25,hard,0.1963995082299123,0.204,0.3535307624521521
featurebench-modal,featurebench-modal/featurebench-modal-astropy__astropy.b0db0daa.test_lombscargle_multiband.78687278.lv1,featurebench-modal-astropy__astropy.b0db0daa.test_lombscargle_multiband.78687278.lv1,0.9447788980426355,0.055221101957364516,26,hard,0.0692307692307692,0.0692307692307692,0.2144209209964054
featurebench-modal,featurebench-modal/featurebench-modal-huggingface__transformers.e2e8dbed.test_serve.4e7860c7.lv1,featurebench-modal-huggingface__transformers.e2e8dbed.test_serve.4e7860c7.lv1,0.9447788980426355,0.055221101957364516,26,hard,0.1307692307692307,0.1307692307692307,0.2780692093833846
crustbench,crustbench/crustbench-libbase122,crustbench-libbase122,0.9449812597247731,0.05501874027522691,22,hard,0.2883615389532741,0.2931818181818182,0.4118405071211247
bfcl,bfcl/bfcl-live-multiple-447-144-7,bfcl-live-multiple-447-144-7,0.945024427400443,0.05497557259955699,26,saturated,0.9769230769230768,0.9769230769230768,0.0846153846153846
bfcl,bfcl/bfcl-simple-python-265,bfcl-simple-python-265,0.945024427400443,0.05497557259955699,26,easy,0.9076923076923078,0.9076923076923078,0.2234744468666761
crustbench,crustbench/crustbench-razz-simulation,crustbench-razz-simulation,0.9451241165990757,0.05487588340092431,22,hard,0.2244844905425887,0.2181818181818181,0.3663534850838161
crustbench,crustbench/crustbench-libpgn,crustbench-libpgn,0.9451241165990757,0.05487588340092431,22,hard,0.1898115008996528,0.1772727272727272,0.3356565048620365
swebench-multilingual,swebench-multilingual/swebench-multilingual-mrdoob__three.js-26589,swebench-multilingual-mrdoob__three.js-26589,0.9452055808261142,0.05479441917388583,15,easy,0.7872350179441854,0.6666666666666666,0.4346134936801766
swebench-multilingual,swebench-multilingual/swebench-multilingual-rubocop__rubocop-13668,swebench-multilingual-rubocop__rubocop-13668,0.9452180594246032,0.05478194057539676,15,medium,0.664774842492846,0.5533333333333333,0.4688520259337931
labbench,labbench/labbench-figqa-0089,labbench-figqa-0089,0.9452809797605537,0.0547190202394463,13,medium,0.3259310225154964,0.3846153846153846,0.3548480798360245
simpleqa,simpleqa/simpleqa-891,simpleqa-891,0.9453588482881364,0.05464115171186357,20,easy,0.8914560380404037,0.8600000000000001,0.2764054992217051
replicationbench,replicationbench/replicationbench-bayes_cal__nwp_set,replicationbench-bayes_cal__nwp_set,0.9455894134919567,0.05441058650804331,20,frontier,0.0227401611334836,0.02,0.0871779788708134
simpleqa,simpleqa/simpleqa-1022,simpleqa-1022,0.9456052702142111,0.05439472978578885,20,easy,0.9226382174059092,0.9,0.1732050807568877
aider-polyglot,aider-polyglot/polyglot_rust_robot-name,polyglot_rust_robot-name,0.9457858001952386,0.05421419980476139,26,easy,0.8461538461538461,0.8461538461538461,0.3103729384897232
aider-polyglot,aider-polyglot/polyglot_rust_ocr-numbers,polyglot_rust_ocr-numbers,0.9457858001952386,0.05421419980476139,26,easy,0.8025641153846155,0.8025641153846155,0.3315236821224468
simpleqa,simpleqa/simpleqa-3553,simpleqa-3553,0.9458346310358969,0.05416536896410307,20,easy,0.8377846725730981,0.79,0.299833287011299
ineqmath,ineqmath/ineqmath-94,ineqmath-94,0.9462419678775844,0.05375803212241559,16,easy,0.7760806511788366,0.746875,0.3059149953418433
spider2,spider2/spider2-greenhouse001,spider2-greenhouse001,0.9463769731361962,0.053623026863803824,16,easy,0.7675123892553276,0.6375,0.4539754949333719
livecodebench,livecodebench/livecodebench-abc301_f,livecodebench-abc301_f,0.9468469921418289,0.05315300785817112,15,hard,0.2757732379886,0.4066666666666666,0.4567518168789503
livecodebench,livecodebench/livecodebench-abc389_g,livecodebench-abc389_g,0.9468469921418289,0.05315300785817112,16,medium,0.3178053145125207,0.39375,0.4394154497739013
mmau,mmau/mmau-c1e78721-e1ec-4cb8-9a09-4cc95747b587,mmau-c1e78721-e1ec-4cb8-9a09-4cc95747b587,0.9469203389855994,0.05307966101440065,20,frontier,0.0153848164521916,0.02,0.0871779788708134
mmau,mmau/mmau-3452703b-ca3b-4f6c-bccc-0b24a053cf0a,mmau-3452703b-ca3b-4f6c-bccc-0b24a053cf0a,0.9469203389855994,0.05307966101440065,20,hard,0.0615686855907914,0.08,0.2227105745132008
labbench,labbench/labbench-figqa-0152,labbench-figqa-0152,0.9470749091022985,0.05292509089770148,13,frontier,0.03173137245335,0.0615384615384615,0.1642627423389432
reasoning-gym,reasoning-gym/reasoning-gym-arithmetic-time-intervals-hard0292e21f-seed45-1,reasoning-gym-arithmetic-time-intervals-hard0292e21f-seed45-1,0.9474467336507417,0.052553266349258276,13,saturated,0.9806393757894342,0.9615384615384616,0.1332346775052982
reasoning-gym,reasoning-gym/reasoning-gym-arithmetic-time-intervals-hard0292e21f-seed45-2,reasoning-gym-arithmetic-time-intervals-hard0292e21f-seed45-2,0.9474467336507417,0.052553266349258276,12,easy,0.9484235852704034,0.8888889166666667,0.2832788400755983
bfcl,bfcl/bfcl-multiple-105,bfcl-multiple-105,0.947472911503431,0.05252708849656895,26,saturated,0.9769230769230768,0.9769230769230768,0.1153846153846153
bfcl,bfcl/bfcl-multiple-170,bfcl-multiple-170,0.947472911503431,0.05252708849656895,26,saturated,0.9692307692307692,0.9692307692307692,0.1201576873216408
kumo,kumo/kumo-martialartsenv-t4-a6-v1-s1,kumo-martialartsenv-t4-a6-v1-s1,0.947477758012378,0.05252224198762201,16,easy,0.9487056311406056,0.9166666875,0.2499999791666788
usaco,usaco/usaco-1326,usaco-1326,0.9478275717127631,0.052172428287236894,19,easy,0.7459943353263365,0.7157894736842105,0.3583781564870987
labbench,labbench/labbench-figqa-0028,labbench-figqa-0028,0.9479037241801529,0.052096275819847104,20,hard,0.1601491450615981,0.1699999999999999,0.3051229260478471
usaco,usaco/usaco-786,usaco-786,0.9479687446387683,0.052031255361231654,19,easy,0.7913436703595408,0.7315789473684211,0.381206714994354
simpleqa,simpleqa/simpleqa-1788,simpleqa-1788,0.9483106599666065,0.05168934003339354,20,easy,0.8527334527606466,0.8100000000000002,0.3128897569432403
simpleqa,simpleqa/simpleqa-4003,simpleqa-4003,0.9484466932010813,0.051553306798918674,20,easy,0.8997501712937335,0.8699999999999999,0.2389560629069704
swebench-multilingual,swebench-multilingual/swebench-multilingual-apache__lucene-13170,swebench-multilingual-apache__lucene-13170,0.9484715899787559,0.05152841002124409,15,easy,0.8361712059148665,0.7377778,0.4032950661981374
simpleqa,simpleqa/simpleqa-4077,simpleqa-4077,0.9485160048567756,0.05148399514322444,20,easy,0.8141936620690727,0.76,0.3382306905057552
mmau,mmau/mmau-e1e2bc5b-8835-4d12-ba4b-7e6852071894,mmau-e1e2bc5b-8835-4d12-ba4b-7e6852071894,0.9489217830836659,0.051078216916334074,20,saturated,0.9538335596291448,0.94,0.18
simpleqa,simpleqa/simpleqa-2829,simpleqa-2829,0.9489778803482896,0.05102211965171044,20,easy,0.8179908690306339,0.77,0.3363034344160047
featurebench-modal,featurebench-modal/featurebench-modal-pandas-dev__pandas.82fa2715.test_describe.3b919815.lv1,featurebench-modal-pandas-dev__pandas.82fa2715.test_describe.3b919815.lv1,0.9490843702138956,0.05091562978610442,13,medium,0.3268097076312519,0.3269230769230769,0.4534548508673691
featurebench-modal,featurebench-modal/featurebench-modal-pandas-dev__pandas.82fa2715.test_info.d8a64ebf.lv1,featurebench-modal-pandas-dev__pandas.82fa2715.test_info.d8a64ebf.lv1,0.9490843702138956,0.05091562978610442,13,hard,0.2786801087313122,0.2307692307692307,0.4213250442347432
simpleqa,simpleqa/simpleqa-4259,simpleqa-4259,0.9491111030128379,0.05088889698716215,20,easy,0.8604382501266479,0.8200000000000001,0.2821347195933177
aider-polyglot,aider-polyglot/polyglot_rust_poker,polyglot_rust_poker,0.9491821196243541,0.05081788037564594,26,easy,0.8717948846153847,0.8717948846153847,0.2633921138800077
aider-polyglot,aider-polyglot/polyglot_javascript_forth,polyglot_javascript_forth,0.9491821196243541,0.05081788037564594,26,easy,0.8576923076923078,0.8576923076923078,0.2911159918487117
labbench,labbench/labbench-figqa-0098,labbench-figqa-0098,0.9492663709643933,0.05073362903560674,13,medium,0.3420818477178525,0.4153846153846153,0.3879852373205689
arc-agi-2,arc-agi-2/arc-agi-2-0934a4d8_0,arc-agi-2-0934a4d8_0,0.9497048483417558,0.050295151658244164,20,hard,0.0692534197832426,0.06,0.142828568570857
labbench,labbench/labbench-figqa-0065,labbench-figqa-0065,0.94972960632495,0.05027039367505004,13,hard,0.2669092074214736,0.2769230769230769,0.3724221057510832
gpqa-diamond,gpqa-diamond/gpqa-diamond-191,gpqa-diamond-191,0.949761871554454,0.05023812844554598,20,easy,0.9305641611039004,0.93666665,0.1555992648511794
labbench,labbench/labbench-figqa-0061,labbench-figqa-0061,0.9499679661294151,0.05003203387058486,13,medium,0.3345433280640828,0.4,0.4150996173302166
usaco,usaco/usaco-243,usaco-243,0.950223254799847,0.04977674520015296,19,easy,0.8267217522113743,0.764035105263158,0.3528606172916759
aider-polyglot,aider-polyglot/polyglot_rust_scale-generator,polyglot_rust_scale-generator,0.9503123089655431,0.049687691034456916,26,hard,0.1743589615384615,0.1743589615384615,0.318692259005513
aider-polyglot,aider-polyglot/polyglot_java_protein-translation,polyglot_java_protein-translation,0.9503123089655431,0.049687691034456916,26,hard,0.1384615384615384,0.1384615384615384,0.3317516715822742
labbench,labbench/labbench-figqa-0169,labbench-figqa-0169,0.9503903348181666,0.04960966518183341,13,hard,0.169885184761873,0.2615384615384615,0.3541804440991181
featurebench-modal,featurebench-modal/featurebench-modal-pypa__hatch.ff4b4040.test_fmt.782c88a8.lv1,featurebench-modal-pypa__hatch.ff4b4040.test_fmt.782c88a8.lv1,0.9508194698516265,0.049180530148373536,26,hard,0.210256423076923,0.210256423076923,0.389034457605589
featurebench-modal,featurebench-modal/featurebench-modal-huggingface__transformers.e2e8dbed.test_processing_grounding_dino.3d24a7e6.lv1,featurebench-modal-huggingface__transformers.e2e8dbed.test_processing_grounding_dino.3d24a7e6.lv1,0.950825079458064,0.04917492054193595,25,hard,0.0807712174604076,0.084,0.1665653025092561
featurebench-modal,featurebench-modal/featurebench-modal-pydantic__pydantic.e1dcaf9e.test_pipeline.c9b08962.lv1,featurebench-modal-pydantic__pydantic.e1dcaf9e.test_pipeline.c9b08962.lv1,0.950825079458064,0.04917492054193595,26,hard,0.1782051153846154,0.1782051153846154,0.3144242141175036
usaco,usaco/usaco-90,usaco-90,0.9508358371846217,0.049164162815378276,19,easy,0.8203928862261558,0.7684210526315789,0.3569647359539614
featurebench-modal,featurebench-modal/featurebench-modal-pydata__xarray.97f3a746.test_treenode.aa8ba777.lv1,featurebench-modal-pydata__xarray.97f3a746.test_treenode.aa8ba777.lv1,0.9509286856400327,0.049071314359967255,26,hard,0.1743589615384615,0.1743589615384615,0.3328596178283064
featurebench-modal,featurebench-modal/featurebench-modal-pandas-dev__pandas.82fa2715.test_spec_conformance.3aff206b.lv1,featurebench-modal-pandas-dev__pandas.82fa2715.test_spec_conformance.3aff206b.lv1,0.9509286856400327,0.049071314359967255,26,hard,0.1320512692307692,0.1320512692307692,0.273702175910178
aider-polyglot,aider-polyglot/polyglot_javascript_phone-number,polyglot_javascript_phone-number,0.9510532476083674,0.0489467523916326,26,easy,0.8519230769230769,0.8519230769230769,0.2863835409802363
mmmlu,mmmlu/mmmlu-en-us-00031,mmmlu-en-us-00031,0.9512523431403815,0.04874765685961846,17,hard,0.0750082450395277,0.1127451176470588,0.2755582614261845
mmmlu,mmmlu/mmmlu-bn-bd-00011,mmmlu-bn-bd-00011,0.9512523431403815,0.04874765685961846,18,hard,0.081394150958334,0.1111111111111111,0.3142696805273545
swebench-multilingual,swebench-multilingual/swebench-multilingual-jqlang__jq-2728,swebench-multilingual-jqlang__jq-2728,0.9514328746744027,0.04856712532559726,14,hard,0.1461549329464469,0.1785714285714285,0.3589241293257461
simpleqa,simpleqa/simpleqa-2958,simpleqa-2958,0.9517156846778232,0.04828431532217681,20,easy,0.806528257716107,0.75,0.3993745109543171
usaco,usaco/usaco-549,usaco-549,0.951743535393838,0.04825646460616195,19,easy,0.8102498353920446,0.7578947368421054,0.3529064129313728
replicationbench,replicationbench/replicationbench-trgb_std_candle__gaia_synthetic_i_trgb,replicationbench-trgb_std_candle__gaia_synthetic_i_trgb,0.9518755559899662,0.048124444010033796,16,hard,0.1691173705478008,0.175,0.3665719574653795
simpleqa,simpleqa/simpleqa-3452,simpleqa-3452,0.9518936373870405,0.04810636261295953,20,easy,0.7490955948783883,0.7,0.3660601043544624
lawbench,lawbench/lawbench-2-7-15-one-shot,lawbench-2-7-15-one-shot,0.9521987749654581,0.04780122503454187,15,hard,0.2575193897518408,0.2498348,0.1616878711861014
simpleqa,simpleqa/simpleqa-1944,simpleqa-1944,0.9522692218228569,0.04773077817714311,20,easy,0.8526620895223094,0.8099999999999999,0.3315116890850155
simpleqa,simpleqa/simpleqa-2181,simpleqa-2181,0.9525089121469448,0.047491087853055225,20,easy,0.8452296708283931,0.8,0.340587727318528
usaco,usaco/usaco-897,usaco-897,0.9527224154466918,0.047277584553308216,18,easy,0.7612237289910261,0.6972222222222223,0.3798655545139264
swebench-verified,swebench-verified/swebench-verified-sphinx-doc__sphinx-8120,swebench-verified-sphinx-doc__sphinx-8120,0.9529562633418472,0.04704373665815276,20,easy,0.8228957482613111,0.7700000000000001,0.3861346915261564
swebench-verified,swebench-verified/swebench-verified-django__django-12209,swebench-verified-django__django-12209,0.9529562633418472,0.04704373665815276,20,easy,0.8227183642520592,0.77,0.3303028912982749
labbench,labbench/labbench-figqa-0097,labbench-figqa-0097,0.9530033553772395,0.04699664462276054,13,medium,0.4298991716130595,0.4307692307692308,0.3988148122097145
labbench,labbench/labbench-figqa-0120,labbench-figqa-0120,0.9530033553772395,0.04699664462276054,13,medium,0.4412676863488345,0.4461538461538462,0.3934372877705976
aider-polyglot,aider-polyglot/polyglot_go_wordy,polyglot_go_wordy,0.9530635462587494,0.04693645374125055,26,easy,0.851923076923077,0.851923076923077,0.2809601563700014
usaco,usaco/usaco-837,usaco-837,0.953444082327665,0.04655591767233502,19,hard,0.19752223254306,0.2157894736842105,0.3183231689481566
featurebench-modal,featurebench-modal/featurebench-modal-sphinx-doc__sphinx.e347e59c.test_ext_math.96576214.lv1,featurebench-modal-sphinx-doc__sphinx.e347e59c.test_ext_math.96576214.lv1,0.9534984494273279,0.046501550572672135,26,hard,0.0634615384615384,0.0634615384615384,0.1997872389027947
labbench,labbench/labbench-figqa-0163,labbench-figqa-0163,0.9536010463036757,0.0463989536963243,13,hard,0.11739596964562,0.1846153846153846,0.2655796384866472
labbench,labbench/labbench-figqa-0003,labbench-figqa-0003,0.9536010463036757,0.0463989536963243,13,hard,0.2122771008494839,0.3384615384615384,0.43947251867956
bfcl,bfcl/bfcl-live-multiple-337-133-1,bfcl-live-multiple-337-133-1,0.953726816100947,0.046273183899052994,26,saturated,0.9769230769230768,0.9769230769230768,0.0846153846153846
bfcl,bfcl/bfcl-irrelevance-103,bfcl-irrelevance-103,0.9537268161009476,0.04627318389905244,26,saturated,0.9538461538461538,0.9538461538461538,0.1393136175098064
bfcl,bfcl/bfcl-irrelevance-3,bfcl-irrelevance-3,0.9537268161009476,0.04627318389905244,26,saturated,0.976923076923077,0.976923076923077,0.0846153846153846
mmau,mmau/mmau-2cf092cc-252b-4de8-9e51-cc17f5cae742,mmau-2cf092cc-252b-4de8-9e51-cc17f5cae742,0.9537289674080254,0.046271032591974626,20,saturated,0.953821172114412,0.94,0.1907878402833891
mmau,mmau/mmau-aa0c930c-11f7-406e-b717-5f138b57e21a,mmau-aa0c930c-11f7-406e-b717-5f138b57e21a,0.9537289674080254,0.046271032591974626,20,saturated,0.9538211199729942,0.94,0.156204993518133
reasoning-gym,reasoning-gym/reasoning-gym-algorithmic-graph-color-hard0292e21f-seed45-1,reasoning-gym-algorithmic-graph-color-hard0292e21f-seed45-1,0.9537641645500154,0.04623583544998455,13,easy,0.9164950981536978,0.8333333076923076,0.3202563476422225
reasoning-gym,reasoning-gym/reasoning-gym-algorithmic-letter-counting-easy00cea0a5-seed45-0,reasoning-gym-algorithmic-letter-counting-easy00cea0a5-seed45-0,0.9537641645500154,0.04623583544998455,13,easy,0.9100801552933794,0.8205128461538462,0.3098217064851346
gpqa-diamond,gpqa-diamond/gpqa-diamond-155,gpqa-diamond-155,0.9538954153052909,0.04610458469470913,18,easy,0.9338848838399744,0.9277777777777776,0.1483447769202076
bfcl,bfcl/bfcl-parallel-170,bfcl-parallel-170,0.953962885317571,0.04603711468242899,26,easy,0.9307692307692308,0.9307692307692308,0.1995557195549668
bfcl,bfcl/bfcl-live-parallel-2-0-2,bfcl-live-parallel-2-0-2,0.953962885317571,0.04603711468242899,26,easy,0.946153846153846,0.946153846153846,0.1420475793278414
gaia,gaia/gaia-de9887f5-ead8-4727-876f-5a4078f8598c,gaia-de9887f5-ead8-4727-876f-5a4078f8598c,0.9539970577856512,0.04600294221434875,20,hard,0.2398422930855899,0.26,0.38
gaia,gaia/gaia-840bfca7-4f7b-481a-8794-c560c340185d,gaia-840bfca7-4f7b-481a-8794-c560c340185d,0.9539970577856512,0.04600294221434875,20,medium,0.3645350413052884,0.3725,0.4199627959712622
simpleqa,simpleqa/simpleqa-305,simpleqa-305,0.954033222922865,0.045966777077135035,20,easy,0.8682718154368079,0.8300000000000001,0.2917190429162964
gpqa-diamond,gpqa-diamond/gpqa-diamond-147,gpqa-diamond-147,0.9540338087249438,0.04596619127505619,19,hard,0.2411129325619861,0.222807,0.3625853556974006
gpqa-diamond,gpqa-diamond/gpqa-diamond-167,gpqa-diamond-167,0.9540338087249438,0.04596619127505619,20,hard,0.1238730845001433,0.12,0.2481934729198171
labbench,labbench/labbench-figqa-0058,labbench-figqa-0058,0.9540793319995332,0.04592066800046679,13,medium,0.4478308039305182,0.4461538461538462,0.3342393997292374
labbench,labbench/labbench-figqa-0010,labbench-figqa-0010,0.9540793319995332,0.04592066800046679,13,medium,0.3113003435840097,0.3538461538461538,0.4011816864740091
replicationbench,replicationbench/replicationbench-galaxy_manifold__physical_properties,replicationbench-galaxy_manifold__physical_properties,0.9544132471754563,0.04558675282454372,17,frontier,0.0360147018233588,0.0411764705882352,0.1239488676806204
swebench-multilingual,swebench-multilingual/swebench-multilingual-briannesbitt__carbon-2762,swebench-multilingual-briannesbitt__carbon-2762,0.9544658576441153,0.04553414235588471,15,medium,0.6910556316360783,0.6422222666666666,0.4157040758954165
aime,aime/aime_ii-1,aime_ii-1,0.954502356388945,0.045497643611055016,18,easy,0.920283508256903,0.8861111111111111,0.2039917996415239
aime,aime/aime_i-4,aime_i-4,0.954502356388945,0.045497643611055016,19,easy,0.9358617625180936,0.9131578947368422,0.1890712099651164
simpleqa,simpleqa/simpleqa-1453,simpleqa-1453,0.9545055502591022,0.04549444974089778,20,easy,0.9149340670072826,0.89,0.2142428528562855
usaco,usaco/usaco-104,usaco-104,0.9547796323742865,0.045220367625713465,20,easy,0.8600861753243705,0.8300000000000001,0.3051229260478471
usaco,usaco/usaco-84,usaco-84,0.9547796323742865,0.045220367625713465,19,easy,0.9021076137246,0.8666666842105264,0.2877620727724926
aider-polyglot,aider-polyglot/polyglot_javascript_zebra-puzzle,polyglot_javascript_zebra-puzzle,0.9549309636087215,0.04506903639127846,26,easy,0.8115384615384615,0.8115384615384615,0.3214473555138756
replicationbench,replicationbench/replicationbench-gw_nsbh__mass_gap_constraint,replicationbench-gw_nsbh__mass_gap_constraint,0.9551720025049536,0.0448279974950464,17,hard,0.2508814893568942,0.3205882352941177,0.4112601951282008
simpleqa,simpleqa/simpleqa-2705,simpleqa-2705,0.9551892623355289,0.04481073766447108,20,easy,0.8454655768319801,0.8,0.3098386676965933
swebench-multilingual,swebench-multilingual/swebench-multilingual-rubocop__rubocop-13503,swebench-multilingual-rubocop__rubocop-13503,0.9553461645484848,0.044653835451515245,14,easy,0.7028001823727118,0.5714285714285714,0.4616838131347832
swebench-multilingual,swebench-multilingual/swebench-multilingual-babel__babel-14532,swebench-multilingual-babel__babel-14532,0.9553461645484848,0.044653835451515245,15,medium,0.6591496040884613,0.5611111333333334,0.4679215981073277
usaco,usaco/usaco-412,usaco-412,0.955707493254578,0.044292506745421956,20,easy,0.7687211436124812,0.71,0.4217819341792628
mmmlu,mmmlu/mmmlu-it-it-00083,mmmlu-it-it-00083,0.9557686609285285,0.044231339071471476,18,easy,0.929465977870757,0.8981481666666666,0.255428024405278
gaia,gaia/gaia-f918266a-b3e0-4914-865d-4faa564f1aef,gaia-f918266a-b3e0-4914-865d-4faa564f1aef,0.9558949671523217,0.044105032847678305,20,easy,0.899829472904224,0.8699999999999999,0.2703701166919155
simpleqa,simpleqa/simpleqa-2404,simpleqa-2404,0.9559729818026338,0.04402701819736621,20,easy,0.8373311261967356,0.79,0.3374907406137241
labbench,labbench/labbench-figqa-0052,labbench-figqa-0052,0.9560949675766792,0.04390503242332078,13,medium,0.3104814870338212,0.3538461538461538,0.3521699428387568
labbench,labbench/labbench-figqa-0059,labbench-figqa-0059,0.9561618280814099,0.043838171918590074,13,easy,0.8683135860178776,0.7384615384615384,0.336357093985776
labbench,labbench/labbench-figqa-0140,labbench-figqa-0140,0.9561618280814099,0.043838171918590074,13,easy,0.8143703862789654,0.6307692307692307,0.4426921406134818
replicationbench,replicationbench/replicationbench-gw_nsbh__spin_constraint,replicationbench-gw_nsbh__spin_constraint,0.9561897910777307,0.04381020892226928,17,medium,0.3440737431701948,0.3705882352941176,0.3907228683627203
simpleqa,simpleqa/simpleqa-264,simpleqa-264,0.9563012936690719,0.043698706330928094,20,easy,0.8449925543086357,0.8,0.303315017762062
crustbench,crustbench/crustbench-aes128-simd,crustbench-aes128-simd,0.956524885201318,0.043475114798682046,25,easy,0.7615369071731511,0.752,0.3721505071876163
reasoning-gym,reasoning-gym/reasoning-gym-arithmetic-count-bits-easy00cea0a5-seed45-1,reasoning-gym-arithmetic-count-bits-easy00cea0a5-seed45-1,0.9572270487584116,0.04277295124158842,20,easy,0.9299183466288938,0.91,0.2142428528562855
reasoning-gym,reasoning-gym/reasoning-gym-algorithmic-base-conversion-easy00cea0a5-seed45-1,reasoning-gym-algorithmic-base-conversion-easy00cea0a5-seed45-1,0.9572270487584116,0.04277295124158842,12,saturated,0.9660533148651262,0.9305555833333332,0.1589655530859114
simpleqa,simpleqa/simpleqa-1310,simpleqa-1310,0.9573548963067859,0.04264510369321406,20,easy,0.8989224007833597,0.8699999999999999,0.2917190429162964
simpleqa,simpleqa/simpleqa-4296,simpleqa-4296,0.9573548963067859,0.04264510369321406,20,easy,0.8989230568437464,0.8700000000000001,0.2551470164434614
bfcl,bfcl/bfcl-simple-python-282,bfcl-simple-python-282,0.9577973811789575,0.04220261882104248,26,easy,0.9153846153846156,0.9153846153846156,0.2013269588969599
gpqa-diamond,gpqa-diamond/gpqa-diamond-137,gpqa-diamond-137,0.9578124441719977,0.042187555828002266,19,easy,0.9436781156815072,0.9517543684210528,0.1560566210549068
featurebench-modal,featurebench-modal/featurebench-modal-mwaskom__seaborn.7001ebe7.test_distributions.f700676d.lv1,featurebench-modal-mwaskom__seaborn.7001ebe7.test_distributions.f700676d.lv1,0.9580461282041507,0.04195387179584931,25,hard,0.0866304455907836,0.09,0.2280350850198276
featurebench-modal,featurebench-modal/featurebench-modal-astropy__astropy.b0db0daa.test_compressed.8daeb7d6.lv1,featurebench-modal-astropy__astropy.b0db0daa.test_compressed.8daeb7d6.lv1,0.9580461282041507,0.04195387179584931,26,hard,0.0769230769230769,0.0769230769230769,0.1927686782483333
lawbench,lawbench/lawbench-2-4-8-one-shot,lawbench-2-4-8-one-shot,0.9580814334865307,0.04191856651346926,14,hard,0.1416306024357735,0.1333928571428571,0.0888096235477545
arc-agi-2,arc-agi-2/arc-agi-2-db695cfb_0,arc-agi-2-db695cfb_0,0.9581752682836964,0.04182473171630363,20,hard,0.1756792162142056,0.1766666499999999,0.3071553991422379
labbench,labbench/labbench-figqa-0166,labbench-figqa-0166,0.958179388690058,0.04182061130994197,13,medium,0.3153873522127159,0.3692307692307692,0.3749556186755058
lawbench,lawbench/lawbench-2-6-4-zero-shot,lawbench-2-6-4-zero-shot,0.9583204911745067,0.04167950882549332,14,medium,0.4805464135074579,0.4552317142857142,0.3104672769383108
simpleqa,simpleqa/simpleqa-4120,simpleqa-4120,0.9586191419548146,0.04138085804518543,20,easy,0.8029687862508383,0.7700000000000001,0.3116087290176576
usaco,usaco/usaco-840,usaco-840,0.958672148318769,0.04132785168123099,19,hard,0.2318892625271093,0.2631578947368421,0.4055023217738573
usaco,usaco/usaco-248,usaco-248,0.958672148318769,0.04132785168123099,19,hard,0.2603837937939752,0.3017543684210526,0.4268028393906452
spider2,spider2/spider2-quickbooks003,spider2-quickbooks003,0.9588592344475922,0.041140765552407754,15,medium,0.3719038517321672,0.4044444,0.4418591545886992
spider2,spider2/spider2-shopify002,spider2-shopify002,0.9588592344475922,0.041140765552407754,15,medium,0.6966497059174327,0.6177777999999999,0.4471915127620678
labbench,labbench/labbench-figqa-0124,labbench-figqa-0124,0.9589317650749737,0.041068234925026315,13,hard,0.0528055103547055,0.0769230769230769,0.1475640468711606
simpleqa,simpleqa/simpleqa-1957,simpleqa-1957,0.9589907602008026,0.04100923979919735,20,easy,0.8218548374268859,0.7700000000000001,0.3421987726453734
simpleqa,simpleqa/simpleqa-125,simpleqa-125,0.9589907602008026,0.04100923979919735,20,easy,0.8530498627213957,0.8099999999999999,0.3128897569432403
replicationbench,replicationbench/replicationbench-astm3__multimodal_classification_clip,replicationbench-astm3__multimodal_classification_clip,0.9590640035932682,0.040935996406731845,17,hard,0.1248180306329327,0.1431372352941176,0.2670988284510897
replicationbench,replicationbench/replicationbench-astm3__spectra_classification_accuracy_limited_data_10_percent,replicationbench-astm3__spectra_classification_accuracy_limited_data_10_percent,0.9590640035932682,0.040935996406731845,17,hard,0.0882997196173827,0.0999999999999999,0.1740520544178057
swebench-multilingual,swebench-multilingual/swebench-multilingual-projectlombok__lombok-3422,swebench-multilingual-projectlombok__lombok-3422,0.9590643889676793,0.040935611032320685,15,easy,0.7887033252563297,0.6366666666666667,0.4562406772259083
featurebench-modal,featurebench-modal/featurebench-modal-pandas-dev__pandas.82fa2715.test_all_methods.c74b49a1.lv1,featurebench-modal-pandas-dev__pandas.82fa2715.test_all_methods.c74b49a1.lv1,0.9590809071646839,0.04091909283531614,13,hard,0.1183464185884238,0.0769230769230769,0.2664693550105965
featurebench-modal,featurebench-modal/featurebench-modal-huggingface__transformers.e2e8dbed.test_processor_auto.d9626018.lv1,featurebench-modal-huggingface__transformers.e2e8dbed.test_processor_auto.d9626018.lv1,0.9590809071646839,0.04091909283531614,12,hard,0.1460511223326382,0.1416666666666666,0.2956865833201695
simpleqa,simpleqa/simpleqa-887,simpleqa-887,0.9591115252826874,0.040888474717312606,20,easy,0.883516014113098,0.8500000000000002,0.2958039891549808
arc-agi-2,arc-agi-2/arc-agi-2-e3721c99_1,arc-agi-2-e3721c99_1,0.9594566120589144,0.040543387941085585,20,hard,0.0853768398684186,0.08,0.1833030277982336
featurebench-modal,featurebench-modal/featurebench-modal-huggingface__transformers.e2e8dbed.test_modeling_zoedepth.e19636d3.lv1,featurebench-modal-huggingface__transformers.e2e8dbed.test_modeling_zoedepth.e19636d3.lv1,0.959635071732725,0.040364928267275,26,frontier,0.0384615384615384,0.0384615384615384,0.1332346775052982
featurebench-modal,featurebench-modal/featurebench-modal-huggingface__transformers.e2e8dbed.test_modeling_informer.de781186.lv1,featurebench-modal-huggingface__transformers.e2e8dbed.test_modeling_informer.de781186.lv1,0.959635071732725,0.040364928267275,26,frontier,0.0461538461538461,0.0461538461538461,0.1365249180715295
kumo,kumo/kumo-medicalenv-t4-a6-v1-s1,kumo-medicalenv-t4-a6-v1-s1,0.9598039672837559,0.04019603271624406,18,saturated,0.9533059978246208,0.9333333333333332,0.1598610507770906
simpleqa,simpleqa/simpleqa-2562,simpleqa-2562,0.9598066329483523,0.040193367051647666,20,easy,0.8161685707926587,0.7625000000000001,0.3220539551069044
simpleqa,simpleqa/simpleqa-4150,simpleqa-4150,0.9598066329483523,0.040193367051647666,20,easy,0.8916431829448437,0.86,0.2199999999999999
labbench,labbench/labbench-figqa-0108,labbench-figqa-0108,0.9598805302123696,0.04011946978763037,13,medium,0.3154583513881923,0.3692307692307693,0.3988148122097145
aider-polyglot,aider-polyglot/polyglot_rust_two-bucket,polyglot_rust_two-bucket,0.9600675566605692,0.0399324433394308,26,easy,0.8615384615384616,0.8615384615384616,0.2760670529988671
lawbench,lawbench/lawbench-3-4-6-zero-shot,lawbench-3-4-6-zero-shot,0.9601039136991389,0.039896086300861056,15,easy,0.707617835875894,0.6308789333333333,0.409722922142996
gaia,gaia/gaia-853c8244-429e-46ca-89f2-addf40dfb2bd,gaia-853c8244-429e-46ca-89f2-addf40dfb2bd,0.9601629619787027,0.039837038021297344,20,hard,0.1240396274401279,0.15,0.2673948391424187
gaia,gaia/gaia-ad2b4d70-9314-4fe6-bfbe-894a45f6055f,gaia-ad2b4d70-9314-4fe6-bfbe-894a45f6055f,0.9601629619787027,0.039837038021297344,20,hard,0.1890069392324879,0.2299999999999999,0.3963584236521283
gaia,gaia/gaia-4d0aa727-86b1-406b-9b33-f870dd14a4a5,gaia-4d0aa727-86b1-406b-9b33-f870dd14a4a5,0.9602925597142555,0.039707440285744466,20,easy,0.8767162751306378,0.8400000000000001,0.3382306905057552
gaia,gaia/gaia-32102e3e-d12a-4209-9163-7b3a104efe5d,gaia-32102e3e-d12a-4209-9163-7b3a104efe5d,0.9602925597142555,0.039707440285744466,20,easy,0.8459461802669382,0.8,0.3577708763999664
lawbench,lawbench/lawbench-3-3-9-one-shot,lawbench-3-3-9-one-shot,0.9607753773429815,0.03922462265701854,15,medium,0.3067917212061856,0.3182109999999999,0.2561718952068447
swebench-multilingual,swebench-multilingual/swebench-multilingual-tokio-rs__tokio-6724,swebench-multilingual-tokio-rs__tokio-6724,0.9609414473954486,0.03905855260455138,14,easy,0.7348526810269805,0.6309524285714286,0.4280751134101374
replicationbench,replicationbench/replicationbench-galaxy_soptics__soptics_validation_shi,replicationbench-galaxy_soptics__soptics_validation_shi,0.9610110186093703,0.03898898139062967,17,hard,0.1838993370796338,0.2196078235294117,0.3473633251534691
kumo,kumo/kumo-fungalenv-t4-a6-v1-s0,kumo-fungalenv-t4-a6-v1-s0,0.9612796047369566,0.03872039526304338,15,easy,0.942186123975287,0.9,0.2198484326378819
simpleqa,simpleqa/simpleqa-2857,simpleqa-2857,0.961464614629511,0.03853538537048895,20,easy,0.868117725122366,0.8300000000000001,0.3241913015489466
simpleqa,simpleqa/simpleqa-670,simpleqa-670,0.961464614629511,0.03853538537048895,20,easy,0.8373121561953908,0.79,0.3548238999842034
medagentbench,medagentbench/medagentbench-task5_24,medagentbench-task5_24,0.9615659931431402,0.038434006856859826,20,easy,0.8657903647558778,0.85,0.2819574435974337
medagentbench,medagentbench/medagentbench-task4_9,medagentbench-task4_9,0.9615659931431402,0.038434006856859826,20,easy,0.879784653712457,0.86,0.2615339366124404
ineqmath,ineqmath/ineqmath-0,ineqmath-0,0.9616584587041259,0.03834154129587408,17,easy,0.7986202458006169,0.7941176470588235,0.3403641445056337
ineqmath,ineqmath/ineqmath-1,ineqmath-1,0.9616584587041259,0.03834154129587408,16,easy,0.8056749352335733,0.79375,0.3682199580413859
medagentbench,medagentbench/medagentbench-task2_10,medagentbench-task2_10,0.9617882274369419,0.03821177256305808,20,easy,0.8056784758595508,0.78,0.3218695387886216
algotune,algotune/algotune-lasso,algotune-lasso,0.9620749893986555,0.037925010601344455,23,hard,0.0529012988312185,0.0597301353055508,0.177159525392025
swebench-multilingual,swebench-multilingual/swebench-multilingual-facebook__docusaurus-9897,swebench-multilingual-facebook__docusaurus-9897,0.962279866846003,0.037720133153997026,14,easy,0.7167389620407948,0.5833333571428572,0.4575209293504048
swebench-multilingual,swebench-multilingual/swebench-multilingual-redis__redis-12472,swebench-multilingual-redis__redis-12472,0.9622852120469813,0.03771478795301875,14,easy,0.70921018734913,0.5833333571428572,0.4575209293504048
swebench-multilingual,swebench-multilingual/swebench-multilingual-astral-sh__ruff-15543,swebench-multilingual-astral-sh__ruff-15543,0.9622852120469813,0.03771478795301875,14,medium,0.6975073116244025,0.5476190714285715,0.4815178253188356
gpqa-diamond,gpqa-diamond/gpqa-diamond-39,gpqa-diamond-39,0.9624990353088628,0.03750096469113717,19,easy,0.945879705201391,0.9263157894736844,0.2267437813530317
featurebench-modal,featurebench-modal/featurebench-modal-pandas-dev__pandas.82fa2715.test_col.a592871d.lv1,featurebench-modal-pandas-dev__pandas.82fa2715.test_col.a592871d.lv1,0.9626723906396435,0.037327609360356506,26,hard,0.0538461538461538,0.0538461538461538,0.1965681898335483
usaco,usaco/usaco-1183,usaco-1183,0.963126620170966,0.03687337982903405,20,easy,0.7401551710335436,0.67,0.4127347816697788
usaco,usaco/usaco-862,usaco-862,0.963126620170966,0.03687337982903405,19,easy,0.7743750034465458,0.6947368421052631,0.3913185325356022
simpleqa,simpleqa/simpleqa-2347,simpleqa-2347,0.9632922916069473,0.03670770839305271,20,easy,0.8682585692383067,0.8300000000000001,0.2917190429162964
gpqa-diamond,gpqa-diamond/gpqa-diamond-52,gpqa-diamond-52,0.9633998023613277,0.03660019763867228,18,easy,0.8920666867111344,0.8898148333333332,0.2398004971416054
gpqa-diamond,gpqa-diamond/gpqa-diamond-106,gpqa-diamond-106,0.9633998023613277,0.03660019763867228,20,hard,0.0756555301453327,0.0675,0.1719556628901764
swebench-multilingual,swebench-multilingual/swebench-multilingual-micropython__micropython-13569,swebench-multilingual-micropython__micropython-13569,0.9634740219298195,0.03652597807018054,15,easy,0.7696551331778334,0.6166666666666667,0.455216676124922
humanevalfix,humanevalfix/humanevalfix-python-85,humanevalfix-python-85,0.9635172441960079,0.03648275580399207,20,saturated,0.9609008508728007,0.95,0.1396424004376894
featurebench-modal,featurebench-modal/featurebench-modal-astropy__astropy.b0db0daa.test_tiled_compression.a4fe298a.lv1,featurebench-modal-astropy__astropy.b0db0daa.test_tiled_compression.a4fe298a.lv1,0.9635207449403047,0.03647925505969529,13,medium,0.3022356157410651,0.273076923076923,0.3905693007626494
featurebench-modal,featurebench-modal/featurebench-modal-mlflow__mlflow.93dab383.test_responses_agent.072c4133.lv1,featurebench-modal-mlflow__mlflow.93dab383.test_responses_agent.072c4133.lv1,0.9635207449403047,0.03647925505969529,12,medium,0.3012522496484106,0.3166666666666666,0.4506168611531925
labbench,labbench/labbench-figqa-0180,labbench-figqa-0180,0.9636485251881581,0.036351474811841866,13,hard,0.1921175307806247,0.3076923076923077,0.3892034043284159
bfcl,bfcl/bfcl-live-simple-2-2-0,bfcl-live-simple-2-2-0,0.9638111202541976,0.03618887974580243,26,saturated,0.9615384615384616,0.9615384615384616,0.1242730340107962
bfcl,bfcl/bfcl-live-multiple-705-164-21,bfcl-live-multiple-705-164-21,0.9638111202541976,0.03618887974580243,26,saturated,0.953846153846154,0.953846153846154,0.1393136175098064
aider-polyglot,aider-polyglot/polyglot_java_kindergarten-garden,polyglot_java_kindergarten-garden,0.9640531981888346,0.035946801811165385,26,hard,0.1307692307692307,0.1307692307692307,0.2825287334185686
aider-polyglot,aider-polyglot/polyglot_java_affine-cipher,polyglot_java_affine-cipher,0.9640531981888346,0.035946801811165385,26,hard,0.1153846153846153,0.1153846153846153,0.2891530173725
crustbench,crustbench/crustbench-hydra,crustbench-hydra,0.9640833454149853,0.035916654585014696,23,easy,0.8163972171045137,0.7934782608695652,0.3765704356500535
crustbench,crustbench/crustbench-circularbuffer,crustbench-circularbuffer,0.9640833454149853,0.035916654585014696,24,easy,0.8354119683498034,0.8222222083333334,0.346766387010763
kumo,kumo/kumo-mythicenv-t4-a6-v1-s0,kumo-mythicenv-t4-a6-v1-s0,0.9645671618598425,0.03543283814015752,17,saturated,0.9716884413121636,0.9568627647058824,0.0968555415278367
kumo,kumo/kumo-archaeologicalenv-t4-a6-v1-s1,kumo-archaeologicalenv-t4-a6-v1-s1,0.9645671618598425,0.03543283814015752,20,easy,0.9422131295266658,0.925,0.1785357107135712
swebench-multilingual,swebench-multilingual/swebench-multilingual-nushell__nushell-12950,swebench-multilingual-nushell__nushell-12950,0.9646070949153734,0.03539290508462656,14,easy,0.8389024827052436,0.7142857142857143,0.4517539514526256
swebench-multilingual,swebench-multilingual/swebench-multilingual-phpoffice__phpspreadsheet-3463,swebench-multilingual-phpoffice__phpspreadsheet-3463,0.9646070949153734,0.03539290508462656,14,easy,0.8196706295211459,0.6785714285714286,0.4474987173622024
lawbench,lawbench/lawbench-2-8-10-one-shot,lawbench-2-8-10-one-shot,0.9647685392409803,0.03523146075901973,15,medium,0.3273916102375095,0.3039444666666666,0.2409669073586292
crustbench,crustbench/crustbench-libqueue,crustbench-libqueue,0.964771327598447,0.03522867240155303,22,easy,0.9069936719813148,0.890909090909091,0.2810840878861874
swebench-multilingual,swebench-multilingual/swebench-multilingual-preactjs__preact-4245,swebench-multilingual-preactjs__preact-4245,0.9648045108960327,0.0351954891039673,13,easy,0.8439743530978387,0.6923076923076923,0.4615384615384615
crustbench,crustbench/crustbench-cjson,crustbench-cjson,0.9649353261153342,0.03506467388466583,26,easy,0.9000000000000001,0.9000000000000001,0.2674667484725186
crustbench,crustbench/crustbench-libtinyfseq,crustbench-libtinyfseq,0.9649353261153342,0.03506467388466583,22,saturated,0.9826921338870644,0.9795454545454546,0.0651206762813381
aider-polyglot,aider-polyglot/polyglot_rust_say,polyglot_rust_say,0.9649742555482095,0.03502574445179052,26,easy,0.9461538461538462,0.9461538461538462,0.1885792411097117
aider-polyglot,aider-polyglot/polyglot_rust_simple-cipher,polyglot_rust_simple-cipher,0.9649742555482095,0.03502574445179052,26,easy,0.9230769230769232,0.9230769230769232,0.2224128045353993
aider-polyglot,aider-polyglot/polyglot_java_wordy,polyglot_java_wordy,0.9651730079945341,0.03482699200546591,26,hard,0.0923076923076923,0.0923076923076923,0.2494965344650285
aider-polyglot,aider-polyglot/polyglot_java_all-your-base,polyglot_java_all-your-base,0.9651730079945341,0.03482699200546591,26,hard,0.1,0.1,0.223606797749979
usaco,usaco/usaco-1301,usaco-1301,0.9652043259582528,0.034795674041747215,19,easy,0.8043800157401559,0.7342105263157894,0.4205424540741046
aider-polyglot,aider-polyglot/polyglot_rust_bowling,polyglot_rust_bowling,0.965240178306067,0.03475982169393299,26,easy,0.8461538461538461,0.8461538461538461,0.3342393997292374
aider-polyglot,aider-polyglot/polyglot_rust_grade-school,polyglot_rust_grade-school,0.965240178306067,0.03475982169393299,26,easy,0.8538461538461539,0.8538461538461539,0.3213322857570065
simpleqa,simpleqa/simpleqa-1989,simpleqa-1989,0.965376982982868,0.034623017017131996,20,easy,0.7757247826293823,0.7100000000000001,0.3923009049186606
gpqa-diamond,gpqa-diamond/gpqa-diamond-68,gpqa-diamond-68,0.9654295513014042,0.034570448698595824,19,easy,0.929957128006574,0.9333333157894738,0.1716790763697295
replicationbench,replicationbench/replicationbench-gw_nsbh__default_mtov,replicationbench-gw_nsbh__default_mtov,0.9655014471676628,0.03449855283233716,17,hard,0.0882900933582337,0.0941176470588235,0.2071390219018707
livecodebench,livecodebench/livecodebench-1873_d,livecodebench-1873_d,0.965521863425519,0.034478136574480955,18,saturated,0.9557686686957622,0.9361111111111112,0.1777994778422806
labbench,labbench/labbench-figqa-0138,labbench-figqa-0138,0.9655316233799973,0.03446837662000268,13,hard,0.1741408114756244,0.2615384615384615,0.3541804440991181
swebench-multilingual,swebench-multilingual/swebench-multilingual-valkey-io__valkey-790,swebench-multilingual-valkey-io__valkey-790,0.9655539958319582,0.03444600416804178,14,easy,0.8054286524971469,0.6428571428571429,0.4403152859263554
simpleqa,simpleqa/simpleqa-649,simpleqa-649,0.9656582308004309,0.034341769199569105,20,easy,0.8989244154339544,0.8699999999999999,0.2703701166919155
labbench,labbench/labbench-figqa-0160,labbench-figqa-0160,0.9657572542820371,0.03424274571796293,13,medium,0.3337171701467741,0.4,0.3922322702763681
usaco,usaco/usaco-1180,usaco-1180,0.9658199941969237,0.03418000580307634,19,easy,0.8222544691340661,0.7578947368421053,0.4133506087594076
swebench-multilingual,swebench-multilingual/swebench-multilingual-preactjs__preact-3739,swebench-multilingual-preactjs__preact-3739,0.9661072702625115,0.03389272973748847,14,easy,0.8439739113170504,0.7142857142857143,0.410325903324145
swebench-multilingual,swebench-multilingual/swebench-multilingual-nushell__nushell-12901,swebench-multilingual-nushell__nushell-12901,0.9661072702625115,0.03389272973748847,14,easy,0.8250436778033617,0.6785714285714286,0.4474987173622024
replicationbench,replicationbench/replicationbench-gw_nsbh__mass_gap,replicationbench-gw_nsbh__mass_gap,0.9662363774978375,0.03376362250216247,17,hard,0.1811819196515106,0.2147058823529411,0.3530392020734978
lawbench,lawbench/lawbench-2-8-16-zero-shot,lawbench-2-8-16-zero-shot,0.9664969370173265,0.03350306298267347,14,medium,0.4224682164357657,0.3861905,0.2618330106910428
labbench,labbench/labbench-figqa-0069,labbench-figqa-0069,0.9666028327953283,0.033397167204671674,13,medium,0.3329570714727101,0.4153846153846153,0.4185067848841675
arc-agi-2,arc-agi-2/arc-agi-2-b0039139_0,arc-agi-2-b0039139_0,0.966698914257716,0.033301085742283965,20,hard,0.1470521474337829,0.1399999999999999,0.2973213749463701
simpleqa,simpleqa/simpleqa-1335,simpleqa-1335,0.9667328052647132,0.03326719473528683,20,easy,0.8721536874651458,0.8400000000000001,0.265329983228432
simpleqa,simpleqa/simpleqa-2943,simpleqa-2943,0.9667328052647132,0.03326719473528683,20,easy,0.8757981600311964,0.8400000000000001,0.2727636339397171
aider-polyglot,aider-polyglot/polyglot_javascript_pig-latin,polyglot_javascript_pig-latin,0.966768995810239,0.03323100418976099,26,easy,0.8615384615384616,0.8615384615384616,0.2975243016279033
simpleqa,simpleqa/simpleqa-1351,simpleqa-1351,0.9669130574406526,0.03308694255934741,20,easy,0.8604263301354238,0.82,0.3218695387886216
simpleqa,simpleqa/simpleqa-2790,simpleqa-2790,0.9669130574406526,0.03308694255934741,20,easy,0.8450408536912857,0.8,0.3286335345030997
usaco,usaco/usaco-193,usaco-193,0.9669154355598282,0.033084564440171826,18,easy,0.7898770816945173,0.7194444444444444,0.4113456538163254
mmmlu,mmmlu/mmmlu-fr-fr-00053,mmmlu-fr-fr-00053,0.9669473584476582,0.03305264155234178,19,easy,0.9420400231224164,0.9210526315789472,0.2301691537438934
mmmlu,mmmlu/mmmlu-pt-br-00116,mmmlu-pt-br-00116,0.9669473584476582,0.03305264155234178,17,easy,0.9486685161138296,0.9215686470588236,0.2433269136945412
livecodebench,livecodebench/livecodebench-3637,livecodebench-3637,0.967083556471018,0.03291644352898204,18,easy,0.9076141209072972,0.8666666666666667,0.2432419919887737
livecodebench,livecodebench/livecodebench-abc329_f,livecodebench-abc329_f,0.967083556471018,0.03291644352898204,20,easy,0.9025562810436748,0.87333335,0.3025080234014091
gpqa-diamond,gpqa-diamond/gpqa-diamond-51,gpqa-diamond-51,0.9673391105970084,0.03266088940299161,20,easy,0.9024076820116592,0.91333335,0.2367370613618144
lawbench,lawbench/lawbench-3-4-21-zero-shot,lawbench-3-4-21-zero-shot,0.9673993071039023,0.03260069289609768,13,easy,0.7694696075101178,0.6650595384615385,0.3679133049586996
aider-polyglot,aider-polyglot/polyglot_javascript_bowling,polyglot_javascript_bowling,0.9674244722361482,0.03257552776385175,26,easy,0.8692307692307693,0.8692307692307693,0.2770298939287555
simpleqa,simpleqa/simpleqa-476,simpleqa-476,0.9674390294495895,0.03256097055041052,20,easy,0.8336151340143717,0.79,0.3254228019054596
kumo,kumo/kumo-networkenv-t4-a6-v1-s1,kumo-networkenv-t4-a6-v1-s1,0.9674393037256314,0.03256069627436864,19,easy,0.8904930958822206,0.8508772105263158,0.3194235241988916
mmau,mmau/mmau-06f95aee-528e-4665-b718-ae876cc11b7c,mmau-06f95aee-528e-4665-b718-ae876cc11b7c,0.9675117668453427,0.03248823315465732,20,easy,0.9153714782836544,0.89,0.299833287011299
mmau,mmau/mmau-421fcbf8-7f60-4770-8923-512323e5efba,mmau-421fcbf8-7f60-4770-8923-512323e5efba,0.9675117668453427,0.03248823315465732,20,easy,0.9307562943331056,0.91,0.2487971060924945
labbench,labbench/labbench-figqa-0149,labbench-figqa-0149,0.9675477222709225,0.03245227772907755,13,hard,0.1729311669463782,0.2615384615384615,0.3627638806938952
replicationbench,replicationbench/replicationbench-gw_nsbh__equal_mass_slope,replicationbench-gw_nsbh__equal_mass_slope,0.9676278803689411,0.032372119631058904,17,hard,0.1565840409553289,0.1764705882352941,0.3556756813607288
livecodebench,livecodebench/livecodebench-3455,livecodebench-3455,0.9677730929095796,0.03222690709042042,18,easy,0.938457778831418,0.911111111111111,0.260104442460436
livecodebench,livecodebench/livecodebench-abc310_f,livecodebench-abc310_f,0.9677730929095796,0.03222690709042042,17,saturated,0.9538416855802492,0.9294117647058824,0.1933138438253527
lawbench,lawbench/lawbench-2-7-19-one-shot,lawbench-2-7-19-one-shot,0.967805982236528,0.03219401776347197,14,hard,0.2452596426332848,0.2331833571428571,0.1587555183538544
usaco,usaco/usaco-1060,usaco-1060,0.9679221238558378,0.03207787614416224,19,easy,0.8766481163826972,0.8315789473684211,0.3196258200145048
lawbench,lawbench/lawbench-3-8-11-zero-shot,lawbench-3-8-11-zero-shot,0.968173441901864,0.03182655809813595,14,hard,0.1148062287148725,0.11455,0.0850554656369259
lawbench,lawbench/lawbench-3-8-10-zero-shot,lawbench-3-8-10-zero-shot,0.968173441901864,0.03182655809813595,15,hard,0.1331464768582256,0.1315217333333333,0.0870501314565093
mmau,mmau/mmau-24d64f05-1113-4081-847f-60023addbae7,mmau-24d64f05-1113-4081-847f-60023addbae7,0.9685259428629276,0.03147405713707241,20,easy,0.9475290503504314,0.94,0.22
arc-agi-2,arc-agi-2/arc-agi-2-e3721c99_0,arc-agi-2-e3721c99_0,0.9685763758184793,0.03142362418152067,20,hard,0.139498897480284,0.14,0.2615339366124404
usaco,usaco/usaco-359,usaco-359,0.9686426475587775,0.03135735244122251,20,easy,0.8637860727154058,0.8300000000000001,0.3179622619116929
replicationbench,replicationbench/replicationbench-disk_ridges__ridge_slope,replicationbench-disk_ridges__ridge_slope,0.9686714461846058,0.03132855381539423,17,hard,0.2142601563671591,0.2647058823529412,0.4013816966878114
featurebench-modal,featurebench-modal/featurebench-modal-pandas-dev__pandas.82fa2715.test_http_headers.aafb551e.lv1,featurebench-modal-pandas-dev__pandas.82fa2715.test_http_headers.aafb551e.lv1,0.9687623189433332,0.0312376810566668,26,hard,0.1717948846153846,0.1717948846153846,0.3395185701848028
featurebench-modal,featurebench-modal/featurebench-modal-mlflow__mlflow.93dab383.test_trace.17fde8b0.lv1,featurebench-modal-mlflow__mlflow.93dab383.test_trace.17fde8b0.lv1,0.9687623189433332,0.0312376810566668,25,hard,0.0743791844110942,0.07733332,0.1626775742791169
swebench-multilingual,swebench-multilingual/swebench-multilingual-caddyserver__caddy-6350,swebench-multilingual-caddyserver__caddy-6350,0.9688185606386833,0.031181439361316676,14,easy,0.7654240317743327,0.6190476428571429,0.468993231074456
ineqmath,ineqmath/ineqmath-77,ineqmath-77,0.9689463062154939,0.031053693784506065,16,easy,0.8345998805399474,0.79375,0.3287642582459352
ineqmath,ineqmath/ineqmath-27,ineqmath-27,0.9689463062154939,0.031053693784506065,16,easy,0.8551366996549604,0.825,0.3152380053229622
mmau,mmau/mmau-a6f1c137-3ac4-41a3-8875-620d3dcba65c,mmau-a6f1c137-3ac4-41a3-8875-620d3dcba65c,0.9696101660636565,0.030389833936343535,20,easy,0.9321117776364124,0.9200000000000002,0.2227105745132008
bfcl,bfcl/bfcl-live-irrelevance-485-139-0,bfcl-live-irrelevance-485-139-0,0.9696101716112963,0.030389828388703743,26,saturated,0.9846153846153848,0.9846153846153848,0.0769230769230769
bfcl,bfcl/bfcl-live-multiple-751-169-6,bfcl-live-multiple-751-169-6,0.9696101716112963,0.030389828388703743,26,saturated,0.9615384615384616,0.9615384615384616,0.1570813681281702
swebench-multilingual,swebench-multilingual/swebench-multilingual-laravel__framework-46234,swebench-multilingual-laravel__framework-46234,0.9696438698828488,0.030356130117151214,15,hard,0.0673188319570823,0.1166666666666666,0.2718251071716681
swebench-multilingual,swebench-multilingual/swebench-multilingual-tokio-rs__tokio-4384,swebench-multilingual-tokio-rs__tokio-4384,0.9696438698828488,0.030356130117151214,14,hard,0.0561552966262484,0.0999999999999999,0.2699206232527312
simpleqa,simpleqa/simpleqa-4011,simpleqa-4011,0.969872337981088,0.030127662018912038,20,easy,0.8681544666361831,0.8300000000000001,0.3303028912982749
simpleqa,simpleqa/simpleqa-1998,simpleqa-1998,0.9698736439099288,0.030126356090071194,20,easy,0.8681668443987127,0.8300000000000001,0.3303028912982749
simpleqa,simpleqa/simpleqa-2262,simpleqa-2262,0.9698736439099288,0.030126356090071194,20,easy,0.86816674324186,0.8300000000000001,0.3536947836765479
reasoning-gym,reasoning-gym/reasoning-gym-algorithmic-ransom-note-easy00cea0a5-seed45-2,reasoning-gym-algorithmic-ransom-note-easy00cea0a5-seed45-2,0.9698747486760327,0.03012525132396726,20,saturated,0.9606883075804225,0.95,0.1774823934929885
simpleqa,simpleqa/simpleqa-193,simpleqa-193,0.9698747960061491,0.03012520399385088,20,saturated,0.9606883597218396,0.95,0.1774823934929885
simpleqa,simpleqa/simpleqa-2911,simpleqa-2911,0.9698747960061491,0.03012520399385088,20,saturated,0.984190357802574,0.98,0.0871779788708134
gpqa-diamond,gpqa-diamond/gpqa-diamond-16,gpqa-diamond-16,0.9698751095135502,0.03012489048644984,19,saturated,0.9606870426231552,0.9473684210526316,0.1817123842277059
mmau,mmau/mmau-a21ff25d-39ee-4d64-a254-ca19a3707b39,mmau-a21ff25d-39ee-4d64-a254-ca19a3707b39,0.9700895981931835,0.029910401806816478,20,easy,0.930723212312425,0.91,0.2406241883103193
swebench-multilingual,swebench-multilingual/swebench-multilingual-micropython__micropython-10095,swebench-multilingual-micropython__micropython-10095,0.9701169978954589,0.02988300210454109,15,easy,0.7810705425589505,0.6333333333333333,0.4642796092394707
featurebench-modal,featurebench-modal/featurebench-modal-lightning-ai__pytorch-lightning.126fa6f1.test_hooks.34620588.lv1,featurebench-modal-lightning-ai__pytorch-lightning.126fa6f1.test_hooks.34620588.lv1,0.9701741866356112,0.02982581336438883,26,hard,0.1083333461538461,0.1083333461538461,0.2489830028009237
featurebench-modal,featurebench-modal/featurebench-modal-mlflow__mlflow.93dab383.test_tracing.0dc1e3a3.lv2,featurebench-modal-mlflow__mlflow.93dab383.test_tracing.0dc1e3a3.lv2,0.9701741866356112,0.02982581336438883,25,hard,0.0910279624933245,0.09466668,0.2457966949601593
labbench,labbench/labbench-figqa-0157,labbench-figqa-0157,0.9701913539068704,0.02980864609312961,13,hard,0.1499322323971183,0.2307692307692308,0.3022597339136692
swebench-multilingual,swebench-multilingual/swebench-multilingual-jqlang__jq-2681,swebench-multilingual-jqlang__jq-2681,0.970273728417655,0.029726271582344976,15,easy,0.7861249419019862,0.6333333333333333,0.4642796092394707
swebench-multilingual,swebench-multilingual/swebench-multilingual-redis__redis-13115,swebench-multilingual-redis__redis-13115,0.9704329176554248,0.02956708234457517,15,easy,0.8121481151536952,0.6777778,0.4323350318365298
swebench-multilingual,swebench-multilingual/swebench-multilingual-tokio-rs__tokio-6752,swebench-multilingual-tokio-rs__tokio-6752,0.9706009957886835,0.02939900421131647,14,easy,0.8246606766940963,0.6785714285714286,0.4474987173622024
replicationbench,replicationbench/replicationbench-galaxy_manifold__data_preparation,replicationbench-galaxy_manifold__data_preparation,0.9706985822904529,0.029301417709547084,20,hard,0.1366142993249924,0.1399999999999999,0.2973213749463701
arc-agi-2,arc-agi-2/arc-agi-2-cbebaa4b_0,arc-agi-2-cbebaa4b_0,0.9710971098760061,0.02890289012399394,20,hard,0.1315351011383326,0.12,0.2712931993250107
simpleqa,simpleqa/simpleqa-3540,simpleqa-3540,0.9713011261720574,0.02869887382794256,20,easy,0.8141633912280235,0.76,0.3720215047547654
simpleqa,simpleqa/simpleqa-3873,simpleqa-3873,0.9713011261720574,0.02869887382794256,20,easy,0.8374888915994673,0.79,0.3374907406137241
usaco,usaco/usaco-358,usaco-358,0.9713110453931885,0.028688954606811534,19,easy,0.849454271830896,0.7947368421052632,0.3471291041650768
lawbench,lawbench/lawbench-2-1-15-zero-shot,lawbench-2-1-15-zero-shot,0.9714015114369977,0.02859848856300229,16,medium,0.4424803172701581,0.422759625,0.3137815903827204
humanevalfix,humanevalfix/humanevalfix-python-118,humanevalfix-python-118,0.9714484678889804,0.028551532111019573,20,easy,0.9143217589362812,0.89,0.2567099530598687
swebench-multilingual,swebench-multilingual/swebench-multilingual-tokio-rs__tokio-4867,swebench-multilingual-tokio-rs__tokio-4867,0.971566921315651,0.028433078684348967,14,easy,0.8034145749352477,0.6428571428571429,0.4447986295636418
simpleqa,simpleqa/simpleqa-20,simpleqa-20,0.9715868502289147,0.028413149771085333,20,easy,0.8604321891501505,0.82,0.3091924966748061
simpleqa,simpleqa/simpleqa-3004,simpleqa-3004,0.9715868502289147,0.028413149771085333,20,easy,0.8681374952452978,0.8300000000000001,0.3116087290176576
simpleqa,simpleqa/simpleqa-4070,simpleqa-4070,0.9717655554964816,0.02823444450351842,20,easy,0.8377976074986304,0.7899999999999999,0.3192177939902473
simpleqa,simpleqa/simpleqa-294,simpleqa-294,0.9717655554964816,0.02823444450351842,20,easy,0.8685796322840861,0.8299999999999998,0.2917190429162964
kumo,kumo/kumo-celestialenv-t4-a6-v1-s0,kumo-celestialenv-t4-a6-v1-s0,0.971777085359543,0.02822291464045701,20,easy,0.9391019593632528,0.92083335,0.2289392626270721
crustbench,crustbench/crustbench-simple-lang,crustbench-simple-lang,0.9717994694511819,0.028200530548818104,22,easy,0.83790235676443,0.809090909090909,0.3436556031170145
crustbench,crustbench/crustbench-fslib,crustbench-fslib,0.971854485317122,0.02814551468287796,23,hard,0.1987656647670735,0.1797101304347826,0.32626403526889
crustbench,crustbench/crustbench-skp,crustbench-skp,0.971854485317122,0.02814551468287796,22,hard,0.2225286408379032,0.2159090909090909,0.336217720193182
usaco,usaco/usaco-398,usaco-398,0.9719869520843355,0.028013047915664502,20,easy,0.8069879341163753,0.7575,0.3554134915840984
arc-agi-2,arc-agi-2/arc-agi-2-64efde09_0,arc-agi-2-64efde09_0,0.9720330940688615,0.027966905931138486,20,hard,0.1136477991392706,0.11,0.2791057147390572
lawbench,lawbench/lawbench-2-10-24-one-shot,lawbench-2-10-24-one-shot,0.9721259457032537,0.027874054296746276,14,medium,0.596296324831864,0.5378162857142857,0.3649107064624418
medagentbench,medagentbench/medagentbench-task5_23,medagentbench-task5_23,0.9721411459172832,0.027858854082716822,20,easy,0.9068332586410852,0.9,0.1732050807568877
medagentbench,medagentbench/medagentbench-task5_12,medagentbench-task5_12,0.9721411459172832,0.027858854082716822,20,easy,0.8480380328486016,0.8400000000000001,0.2870540018881465
lawbench,lawbench/lawbench-2-4-22-zero-shot,lawbench-2-4-22-zero-shot,0.9722784961998818,0.027721503800118175,15,hard,0.114552171630966,0.1091666666666666,0.0698311455504554
simpleqa,simpleqa/simpleqa-987,simpleqa-987,0.9724149991412124,0.027585000858787567,20,easy,0.8757750322607907,0.8400000000000001,0.3136877428271624
simpleqa,simpleqa/simpleqa-2432,simpleqa-2432,0.9724515002477205,0.027548499752279465,20,easy,0.883656231216762,0.85,0.3090307428072488
simpleqa,simpleqa/simpleqa-560,simpleqa-560,0.9724515002477205,0.027548499752279465,20,easy,0.8757515294006593,0.8400000000000001,0.3199999999999999
crustbench,crustbench/crustbench-matrix-multiplication,crustbench-matrix-multiplication,0.9724868631622544,0.02751313683774559,22,easy,0.8319569728584896,0.8022727272727274,0.3206801269203518
kumo,kumo/kumo-fantasyenv-t4-a6-v1-s1,kumo-fantasyenv-t4-a6-v1-s1,0.9728194754687233,0.02718052453127673,17,easy,0.939938030549986,0.9117647058823528,0.2564058202082749
kumo,kumo/kumo-botanicalenv-t4-a6-v1-s1,kumo-botanicalenv-t4-a6-v1-s1,0.9728194754687233,0.02718052453127673,20,easy,0.9325861683447572,0.9125,0.2407670035532277
replicationbench,replicationbench/replicationbench-galaxy_manifold__gas_mass_estimation,replicationbench-galaxy_manifold__gas_mass_estimation,0.9731983002718891,0.02680169972811086,17,hard,0.1146691257255886,0.1294117647058823,0.2985547656576358
crustbench,crustbench/crustbench-mdb,crustbench-mdb,0.9732799321511372,0.026720067848862827,22,easy,0.8068848421025141,0.7727272727272729,0.3531440836282732
labbench,labbench/labbench-figqa-0081,labbench-figqa-0081,0.9733901264223951,0.026609873577604914,13,hard,0.1651439160166059,0.2461538461538461,0.36080121229411
usaco,usaco/usaco-788,usaco-788,0.9734190044085668,0.026580995591433232,19,easy,0.8533323674109876,0.8070175263157895,0.3058071649923696
labbench,labbench/labbench-figqa-0034,labbench-figqa-0034,0.9735028325144983,0.026497167485501683,13,hard,0.16618467307058,0.2461538461538461,0.3934372877705976
labbench,labbench/labbench-figqa-0162,labbench-figqa-0162,0.9735028325144983,0.026497167485501683,13,hard,0.1824314544826882,0.2769230769230769,0.4041207857404215
arc-agi-2,arc-agi-2/arc-agi-2-db0c5428_0,arc-agi-2-db0c5428_0,0.9735598527329634,0.026440147267036584,20,hard,0.1318509206259903,0.1299999999999999,0.2628687885618982
labbench,labbench/labbench-figqa-0096,labbench-figqa-0096,0.97359693400118,0.02640306599882003,20,hard,0.2322967263099841,0.25,0.3626292872893749
labbench,labbench/labbench-figqa-0090,labbench-figqa-0090,0.97359693400118,0.02640306599882003,13,hard,0.2048008491291127,0.3230769230769231,0.4041207857404215
swebench-multilingual,swebench-multilingual/swebench-multilingual-preactjs__preact-3062,swebench-multilingual-preactjs__preact-3062,0.9736008583178853,0.026399141682114657,15,easy,0.7619724485038688,0.6,0.4898979485566356
swebench-multilingual,swebench-multilingual/swebench-multilingual-preactjs__preact-2896,swebench-multilingual-preactjs__preact-2896,0.9736008583178853,0.026399141682114657,15,easy,0.7427405953589958,0.5666666666666667,0.4784233364802441
lawbench,lawbench/lawbench-3-6-21-zero-shot,lawbench-3-6-21-zero-shot,0.9736053113635527,0.02639468863644734,16,medium,0.4344604719002787,0.4273958124999999,0.3144388056729438
medagentbench,medagentbench/medagentbench-task4_30,medagentbench-task4_30,0.9737814474038269,0.026218552596173117,20,easy,0.8580336268532075,0.8400000000000001,0.2576819745345025
medagentbench,medagentbench/medagentbench-task4_8,medagentbench-task4_8,0.9737814474038269,0.026218552596173117,20,easy,0.8811166440764553,0.8699999999999999,0.212367605815953
gaia,gaia/gaia-edd4d4f2-1a58-45c4-b038-67337af4e029,gaia-edd4d4f2-1a58-45c4-b038-67337af4e029,0.9737938252953664,0.0262061747046336,20,easy,0.9230146575611518,0.9,0.2720294101747089
gaia,gaia/gaia-7cc4acfa-63fd-4acc-a1a1-e8e529e0a97f,gaia-7cc4acfa-63fd-4acc-a1a1-e8e529e0a97f,0.9737938252953664,0.0262061747046336,20,easy,0.9229787000613204,0.9,0.2720294101747089
mmau,mmau/mmau-98f8b556-97cf-4619-9cd7-27d31ae71f4f,mmau-98f8b556-97cf-4619-9cd7-27d31ae71f4f,0.9738976234999979,0.026102376500002133,20,easy,0.9307062148834228,0.91,0.232163735324878
aider-polyglot,aider-polyglot/polyglot_java_zebra-puzzle,polyglot_java_zebra-puzzle,0.9739102491002041,0.026089750899795927,26,medium,0.5038461538461539,0.5038461538461539,0.4724980823980373
labbench,labbench/labbench-figqa-0018,labbench-figqa-0018,0.9739240105754695,0.026075989424530488,13,medium,0.463373819164121,0.4769230769230769,0.4335077785724729
labbench,labbench/labbench-figqa-0126,labbench-figqa-0126,0.9739240105754695,0.026075989424530488,13,medium,0.4480993862225332,0.4461538461538461,0.3855373564966667
swebench-multilingual,swebench-multilingual/swebench-multilingual-briannesbitt__carbon-3073,swebench-multilingual-briannesbitt__carbon-3073,0.9739919405637482,0.02600805943625184,14,easy,0.785718409338459,0.6071428571428571,0.4697480870702109
swebench-multilingual,swebench-multilingual/swebench-multilingual-rubocop__rubocop-13653,swebench-multilingual-rubocop__rubocop-13653,0.9740245280639641,0.025975471936035888,15,easy,0.7778665215731716,0.6222222666666667,0.4532461833441757
algotune,algotune/algotune-lqr,algotune-lqr,0.9741151789006934,0.025884821099306565,24,hard,0.054281850415769,0.0587472562678482,0.1812045323901288
algotune,algotune/algotune-aes-gcm-encryption,algotune-aes-gcm-encryption,0.9741151789006934,0.025884821099306565,25,frontier,0.0199339892095004,0.0207149769929924,0.070614198889653
simpleqa,simpleqa/simpleqa-3914,simpleqa-3914,0.9742071623806497,0.02579283761935025,20,easy,0.8988999452729192,0.8699999999999999,0.2776688675382964
kumo,kumo/kumo-storageenv-t4-a6-v1-s1,kumo-storageenv-t4-a6-v1-s1,0.9744212513652216,0.02557874863477838,19,easy,0.9315109534229123,0.9078947368421052,0.2461616701824961
simpleqa,simpleqa/simpleqa-2072,simpleqa-2072,0.974542096986111,0.02545790301388895,20,easy,0.8760594646172764,0.8400000000000001,0.3136877428271624
simpleqa,simpleqa/simpleqa-2517,simpleqa-2517,0.974542096986111,0.02545790301388895,20,easy,0.8683310057456648,0.8300000000000001,0.3303028912982749
lawbench,lawbench/lawbench-2-1-6-zero-shot,lawbench-2-1-6-zero-shot,0.9745580675651604,0.02544193243483961,15,medium,0.4717701165492096,0.4517857999999999,0.3534903073885148
aider-polyglot,aider-polyglot/polyglot_javascript_zipper,polyglot_javascript_zipper,0.9745803967897925,0.02541960321020753,26,easy,0.8846153846153846,0.8846153846153846,0.2996052629869299
kumo,kumo/kumo-mathematicalenv-t4-a6-v1-s1,kumo-mathematicalenv-t4-a6-v1-s1,0.974611156323828,0.025388843676172,19,easy,0.9326012695843828,0.9078947368421052,0.2461616701824961
labbench,labbench/labbench-figqa-0155,labbench-figqa-0155,0.974663120409044,0.025336879590955985,13,medium,0.3645992940784228,0.4615384615384615,0.4252392295718539
lawbench,lawbench/lawbench-3-6-8-zero-shot,lawbench-3-6-8-zero-shot,0.974812094248975,0.02518790575102503,15,medium,0.4916882178846728,0.4922221999999999,0.3214398312070653
usaco,usaco/usaco-395,usaco-395,0.9748887236554832,0.02511127634451682,19,easy,0.8154840583022236,0.7552631578947369,0.3645093085383147
lawbench,lawbench/lawbench-2-1-3-zero-shot,lawbench-2-1-3-zero-shot,0.9750924483229828,0.024907551677017192,15,medium,0.5663195872168371,0.5377049333333334,0.3615160409362157
simpleqa,simpleqa/simpleqa-1031,simpleqa-1031,0.9751468169405577,0.024853183059442285,20,easy,0.8606265148529542,0.82,0.2891366458960192
lawbench,lawbench/lawbench-3-2-2-zero-shot,lawbench-3-2-2-zero-shot,0.9751500573893279,0.024849942610672082,14,medium,0.3359840877879492,0.3054016428571429,0.2116207589059822
aider-polyglot,aider-polyglot/polyglot_javascript_wordy,polyglot_javascript_wordy,0.975233008910002,0.024766991089998025,26,easy,0.8769230769230769,0.8769230769230769,0.2991111091572858
aider-polyglot,aider-polyglot/polyglot_javascript_simple-linked-list,polyglot_javascript_simple-linked-list,0.975233008910002,0.024766991089998025,26,easy,0.8846153846153846,0.8846153846153846,0.2783085002327007
aider-polyglot,aider-polyglot/polyglot_javascript_word-search,polyglot_javascript_word-search,0.9754893342215071,0.024510665778492924,26,easy,0.8769230769230769,0.8769230769230769,0.2777764628502737
gpqa-diamond,gpqa-diamond/gpqa-diamond-6,gpqa-diamond-6,0.975505815239019,0.024494184760980975,20,easy,0.9371028595072196,0.93833335,0.1351028079731413
gpqa-diamond,gpqa-diamond/gpqa-diamond-37,gpqa-diamond-37,0.975505815239019,0.024494184760980975,18,easy,0.9487120007867526,0.940740777777778,0.1152321281026334
arc-agi-2,arc-agi-2/arc-agi-2-16b78196_0,arc-agi-2-16b78196_0,0.9755493349758427,0.02445066502415727,19,frontier,0.0478288346245066,0.0421052631578947,0.1388516416660307
simpleqa,simpleqa/simpleqa-591,simpleqa-591,0.9756312016122449,0.024368798387755075,20,easy,0.891195888221347,0.86,0.3039736830714132
simpleqa,simpleqa/simpleqa-2941,simpleqa-2941,0.9756312016122449,0.024368798387755075,20,easy,0.8680820203170961,0.8300000000000001,0.3179622619116928
labbench,labbench/labbench-figqa-0132,labbench-figqa-0132,0.9757968800499255,0.024203119950074514,13,medium,0.325877757373051,0.3846153846153846,0.4110888989503811
lawbench,lawbench/lawbench-2-2-23-zero-shot,lawbench-2-2-23-zero-shot,0.9758626643413302,0.024137335658669823,14,medium,0.3502332635515596,0.3301190714285714,0.2219077463395428
labbench,labbench/labbench-figqa-0101,labbench-figqa-0101,0.9759078165189605,0.024092183481039475,13,medium,0.3335120175000083,0.4,0.4296689244236598
swebench-multilingual,swebench-multilingual/swebench-multilingual-tokio-rs__axum-734,swebench-multilingual-tokio-rs__axum-734,0.975981336725183,0.024018663274817054,14,hard,0.1708020135718641,0.2142857142857142,0.3696232285257185
swebench-multilingual,swebench-multilingual/swebench-multilingual-google__gson-2158,swebench-multilingual-google__gson-2158,0.975981336725183,0.024018663274817054,15,hard,0.1506069614255359,0.1666666666666666,0.3496029493900505
arc-agi-2,arc-agi-2/arc-agi-2-cbebaa4b_1,arc-agi-2-cbebaa4b_1,0.9760380621979607,0.023961937802039257,20,hard,0.0862242124513795,0.09,0.2718455443813637
usaco,usaco/usaco-1204,usaco-1204,0.9760562106724258,0.02394378932757424,20,hard,0.2110334945665384,0.2225,0.3736559246151464
usaco,usaco/usaco-1069,usaco-1069,0.9760562106724258,0.02394378932757424,19,hard,0.1780092134898899,0.1894736842105263,0.3462501937557585
swebench-multilingual,swebench-multilingual/swebench-multilingual-php-cs-fixer__php-cs-fixer-8331,swebench-multilingual-php-cs-fixer__php-cs-fixer-8331,0.9762016593989015,0.023798340601098533,14,easy,0.901973793358112,0.8214285714285714,0.3589241293257461
swebench-multilingual,swebench-multilingual/swebench-multilingual-phpoffice__phpspreadsheet-3570,swebench-multilingual-phpoffice__phpspreadsheet-3570,0.9762016593989015,0.023798340601098533,14,easy,0.8828467180810701,0.8035714285714286,0.3558010508066298
aider-polyglot,aider-polyglot/polyglot_java_react,polyglot_java_react,0.9762174589265781,0.023782541073421926,26,medium,0.498076923076923,0.498076923076923,0.4703682618705772
aider-polyglot,aider-polyglot/polyglot_java_two-bucket,polyglot_java_two-bucket,0.9762174589265781,0.023782541073421926,26,medium,0.5057692307692307,0.5057692307692307,0.4768338936466004
lawbench,lawbench/lawbench-2-4-11-zero-shot,lawbench-2-4-11-zero-shot,0.9762371101874066,0.023762889812593446,14,hard,0.1232277924067645,0.1135714285714285,0.0612497396912419
swebench-multilingual,swebench-multilingual/swebench-multilingual-jqlang__jq-2839,swebench-multilingual-jqlang__jq-2839,0.9762602722114402,0.023739727788559817,14,easy,0.8080895692291984,0.6547619285714286,0.4385414400842972
usaco,usaco/usaco-246,usaco-246,0.976361641165732,0.023638358834268014,20,easy,0.8294787538021158,0.7849999999999999,0.3468068626771968
usaco,usaco/usaco-855,usaco-855,0.976361641165732,0.023638358834268014,20,easy,0.8407108988685057,0.8,0.3577708763999664
labbench,labbench/labbench-figqa-0013,labbench-figqa-0013,0.9764927345043171,0.02350726549568294,13,hard,0.2186295971289672,0.3538461538461538,0.4235661507057293
crustbench,crustbench/crustbench-rubiksolver,crustbench-rubiksolver,0.9764982609333139,0.023501739066686067,22,easy,0.8434416631341518,0.8159090909090909,0.3348630532961346
lawbench,lawbench/lawbench-2-1-14-zero-shot,lawbench-2-1-14-zero-shot,0.9765838479414725,0.02341615205852754,14,medium,0.5536982560548863,0.5142237857142857,0.3588077195347667
simpleqa,simpleqa/simpleqa-422,simpleqa-422,0.9767057901929912,0.023294209807008803,20,easy,0.8219038287496337,0.77,0.3479942528261063
simpleqa,simpleqa/simpleqa-2989,simpleqa-2989,0.9767057901929912,0.023294209807008803,20,easy,0.8529217109399413,0.8100000000000002,0.3192177939902473
crustbench,crustbench/crustbench-fasthamming,crustbench-fasthamming,0.9768354668859291,0.02316453311407085,23,easy,0.8514363931788763,0.8326086956521739,0.3373840205399331
crustbench,crustbench/crustbench-math-library-in-c,crustbench-math-library-in-c,0.9770489980171236,0.022951001982876362,22,easy,0.8673477789462432,0.85,0.3011342195463979
aider-polyglot,aider-polyglot/polyglot_rust_wordy,polyglot_rust_wordy,0.9774690036504556,0.022530996349544363,26,easy,0.8692307692307693,0.8692307692307693,0.3183723397934596
aider-polyglot,aider-polyglot/polyglot_python_affine-cipher,polyglot_python_affine-cipher,0.9774690036504556,0.022530996349544363,26,easy,0.8615384615384616,0.8615384615384616,0.3175348837007737
labbench,labbench/labbench-figqa-0064,labbench-figqa-0064,0.977594875603017,0.022405124396982945,13,hard,0.1949788031221048,0.3076923076923077,0.3730570970148351
replicationbench,replicationbench/replicationbench-muse_outflows__outflow_energetics,replicationbench-muse_outflows__outflow_energetics,0.9778687016349222,0.022131298365077767,17,hard,0.1508085018417947,0.1686274705882353,0.3218554739283781
crustbench,crustbench/crustbench-csyncmers,crustbench-csyncmers,0.9780354219794637,0.021964578020536307,23,easy,0.8663615879816481,0.85,0.3138124613038258
labbench,labbench/labbench-figqa-0071,labbench-figqa-0071,0.9783223300759414,0.021677669924058618,13,medium,0.3343303514401011,0.4,0.4506405697192865
labbench,labbench/labbench-figqa-0106,labbench-figqa-0106,0.9784638148291478,0.021536185170852207,20,hard,0.2322277724456185,0.25,0.3734969879396619
crustbench,crustbench/crustbench-file2str,crustbench-file2str,0.9785665863736652,0.021433413626334774,23,easy,0.8764366022384096,0.8608695652173913,0.3199716433560712
lawbench,lawbench/lawbench-3-5-3-zero-shot,lawbench-3-5-3-zero-shot,0.9788120235572547,0.021187976442745282,16,medium,0.6550627955314294,0.576829625,0.4256024736226687
reasoning-gym,reasoning-gym/reasoning-gym-arithmetic-number-format-hard0292e21f-seed45-0,reasoning-gym-arithmetic-number-format-hard0292e21f-seed45-0,0.979014993823178,0.020985006176821974,13,easy,0.9230011931038384,0.8461538461538461,0.36080121229411
labbench,labbench/labbench-figqa-0134,labbench-figqa-0134,0.9791371696343472,0.02086283036565284,20,hard,0.2166296150598825,0.2299999999999999,0.3702701716314724
humanevalfix,humanevalfix/humanevalfix-python-124,humanevalfix-python-124,0.9792895371960408,0.020710462803959162,20,easy,0.9145343175149668,0.89,0.2487971060924945
lawbench,lawbench/lawbench-2-1-22-zero-shot,lawbench-2-1-22-zero-shot,0.9795448142025189,0.020455185797481068,16,medium,0.4279128716196228,0.4170664375,0.3117313746206356
arc-agi-2,arc-agi-2/arc-agi-2-16de56c4_0,arc-agi-2-16de56c4_0,0.9797186190813019,0.020281380918698133,20,hard,0.1937349596462957,0.2,0.3794733192202055
kumo,kumo/kumo-soilenv-t4-a6-v1-s0,kumo-soilenv-t4-a6-v1-s0,0.9797640499565858,0.020235950043414164,18,easy,0.9483587038177036,0.9259259444444444,0.1687117044897308
kumo,kumo/kumo-algorithmenv-t4-a6-v1-s0,kumo-algorithmenv-t4-a6-v1-s0,0.9797640499565858,0.020235950043414164,20,saturated,0.9547737109634462,0.9416667,0.1421559530938117
labbench,labbench/labbench-figqa-0048,labbench-figqa-0048,0.9798541772315358,0.020145822768464217,13,hard,0.1798209144036758,0.2923076923076922,0.3292451470620415
humanevalfix,humanevalfix/humanevalfix-python-53,humanevalfix-python-53,0.9799070736093073,0.02009292639069271,20,easy,0.9299182648581404,0.91,0.2142428528562855
lawbench,lawbench/lawbench-3-6-22-one-shot,lawbench-3-6-22-one-shot,0.980026389258257,0.019973610741742975,16,medium,0.5089128180758904,0.4935416875,0.352545248167118
crustbench,crustbench/crustbench-bigint,crustbench-bigint,0.9801038024452778,0.01989619755472216,24,easy,0.8298608161961263,0.8166666666666668,0.3507927529974864
lawbench,lawbench/lawbench-2-1-12-zero-shot,lawbench-2-1-12-zero-shot,0.9801547441920176,0.019845255807982354,14,medium,0.4988572039952937,0.4765332142857142,0.3262652081162935
gpqa-diamond,gpqa-diamond/gpqa-diamond-151,gpqa-diamond-151,0.9801637263239538,0.019836273676046234,19,saturated,0.9535725663830664,0.936842105263158,0.2252729953582389
gpqa-diamond,gpqa-diamond/gpqa-diamond-60,gpqa-diamond-60,0.9801637263239538,0.019836273676046234,19,saturated,0.9807690330109752,0.9736842105263158,0.111648439134718
simpleqa,simpleqa/simpleqa-3698,simpleqa-3698,0.9801708586475885,0.01982914135241154,20,easy,0.8373585289485747,0.79,0.3433656942677878
simpleqa,simpleqa/simpleqa-1271,simpleqa-1271,0.9801708586475885,0.01982914135241154,20,easy,0.8681287952363022,0.8300000000000001,0.298496231131986
arc-agi-2,arc-agi-2/arc-agi-2-2b83f449_0,arc-agi-2-2b83f449_0,0.9802419503667372,0.019758049633262775,20,frontier,0.031056966760804,0.03,0.0714142842854285
lawbench,lawbench/lawbench-2-8-13-zero-shot,lawbench-2-8-13-zero-shot,0.9802606015136242,0.019739398486375848,15,medium,0.4908014088338804,0.4598333333333333,0.2985694596274412
reasoning-gym,reasoning-gym/reasoning-gym-algebra-simple-equations-easy00cea0a5-seed45-1,reasoning-gym-algebra-simple-equations-easy00cea0a5-seed45-1,0.980301950481262,0.019698049518737992,12,saturated,0.9793693910758016,0.9555555833333336,0.1474054541095513
reasoning-gym,reasoning-gym/reasoning-gym-cognition-needle-haystack-hard0292e21f-seed45-2,reasoning-gym-cognition-needle-haystack-hard0292e21f-seed45-2,0.980301950481262,0.019698049518737992,12,saturated,0.9536252113637864,0.9,0.2768874620972691
livecodebench,livecodebench/livecodebench-abc351_f,livecodebench-abc351_f,0.9803055009690087,0.019694499030991297,20,saturated,0.953833518407282,0.94,0.22
livecodebench,livecodebench/livecodebench-abc325_c,livecodebench-abc325_c,0.980306037448988,0.019693962551011968,18,saturated,0.9538455215386936,0.9333333333333332,0.2309401076758503
featurebench-modal,featurebench-modal/featurebench-modal-huggingface__transformers.e2e8dbed.test_modeling_prompt_depth_anything.2d54afdc.lv1,featurebench-modal-huggingface__transformers.e2e8dbed.test_modeling_prompt_depth_anything.2d54afdc.lv1,0.9803060746521983,0.019693925347801677,26,frontier,0.0461538461538461,0.0461538461538461,0.194601702164208
gpqa-diamond,gpqa-diamond/gpqa-diamond-96,gpqa-diamond-96,0.9803062039543163,0.019693796045683665,20,saturated,0.9871793324438538,0.98333335,0.0726482430773621
mmau,mmau/mmau-8b4c6295-9adb-4a8f-8ebb-437721114bd3,mmau-8b4c6295-9adb-4a8f-8ebb-437721114bd3,0.98071140440865,0.01928859559134999,20,easy,0.946131939814396,0.93,0.2215851980616034
gpqa-diamond,gpqa-diamond/gpqa-diamond-83,gpqa-diamond-83,0.9807152352041698,0.01928476479583019,18,easy,0.946151644114869,0.9222222222222224,0.2322727217818541
mmau,mmau/mmau-0be58acd-2201-4d00-8357-0b0c1ab3b335,mmau-0be58acd-2201-4d00-8357-0b0c1ab3b335,0.980719798758133,0.019280201241867023,20,easy,0.946123193535774,0.93,0.2215851980616034
mmau,mmau/mmau-7fa63d67-5d84-4f56-b5c4-9b26c4cf9d26,mmau-7fa63d67-5d84-4f56-b5c4-9b26c4cf9d26,0.980719798758133,0.019280201241867023,20,saturated,0.953845889978156,0.94,0.22
swebench-multilingual,swebench-multilingual/swebench-multilingual-uutils__coreutils-6682,swebench-multilingual-uutils__coreutils-6682,0.9807812377001445,0.01921876229985553,14,easy,0.7900442454735003,0.6142857142857142,0.4688239737549126
featurebench-modal,featurebench-modal/featurebench-modal-pandas-dev__pandas.82fa2715.test_formats.05080a4e.lv1,featurebench-modal-pandas-dev__pandas.82fa2715.test_formats.05080a4e.lv1,0.9810419062879393,0.018958093712060697,26,frontier,0.048076923076923,0.048076923076923,0.1963517101602128
featurebench-modal,featurebench-modal/featurebench-modal-scikit-learn__scikit-learn.5741bac9.test_arff_parser.ecde431a.lv1,featurebench-modal-scikit-learn__scikit-learn.5741bac9.test_arff_parser.ecde431a.lv1,0.9810419062879393,0.018958093712060697,26,hard,0.0557692307692307,0.0557692307692307,0.198226232000849
lawbench,lawbench/lawbench-2-8-3-zero-shot,lawbench-2-8-3-zero-shot,0.9811047066390699,0.0188952933609301,14,medium,0.4292733179352849,0.3983928571428571,0.2634144058981852
replicationbench,replicationbench/replicationbench-trgb_std_candle__fit_aseq_bseq,replicationbench-trgb_std_candle__fit_aseq_bseq,0.9815239859585929,0.018476014041407085,17,hard,0.1694676798299429,0.1960784117647059,0.3802101778170252
replicationbench,replicationbench/replicationbench-galaxy_manifold__manifold_plane,replicationbench-galaxy_manifold__manifold_plane,0.9815239859585929,0.018476014041407085,20,hard,0.1626537537863903,0.16,0.3261901286060018
replicationbench,replicationbench/replicationbench-gw_nsbh__load_data,replicationbench-gw_nsbh__load_data,0.9815848074314713,0.01841519256852875,17,hard,0.1398444364640366,0.1529411764705882,0.3256082941905422
replicationbench,replicationbench/replicationbench-galaxy_soptics__clustering_hyperparameter_optimization,replicationbench-galaxy_soptics__clustering_hyperparameter_optimization,0.9815848074314713,0.01841519256852875,17,hard,0.1417586289948746,0.1558823529411764,0.3262452852673422
swebench-multilingual,swebench-multilingual/swebench-multilingual-caddyserver__caddy-5870,swebench-multilingual-caddyserver__caddy-5870,0.9816651036936601,0.018334896306339887,14,easy,0.8241922694338305,0.6785714285714286,0.4474987173622024
lawbench,lawbench/lawbench-2-1-4-zero-shot,lawbench-2-1-4-zero-shot,0.9816674138791434,0.018332586120856642,15,medium,0.4376287513296666,0.4028546666666667,0.3129884447252894
lawbench,lawbench/lawbench-2-2-18-zero-shot,lawbench-2-2-18-zero-shot,0.9816674138791434,0.018332586120856642,15,hard,0.2898451640019553,0.2628333333333333,0.1982146703842971
labbench,labbench/labbench-figqa-0083,labbench-figqa-0083,0.9818551315271704,0.01814486847282959,13,medium,0.3421442955818246,0.4153846153846154,0.440010758340772
labbench,labbench/labbench-figqa-0127,labbench-figqa-0127,0.9818551315271704,0.01814486847282959,13,medium,0.3497738459838522,0.4307692307692308,0.4563814453597332
gaia,gaia/gaia-624cbf11-6a41-4692-af9c-36b3e5ca3130,gaia-624cbf11-6a41-4692-af9c-36b3e5ca3130,0.9820083950334312,0.01799160496656882,26,hard,0.0538461538461538,0.0538461538461538,0.1885792411097117
gaia,gaia/gaia-46719c30-f4c3-4cad-be07-d5cb21eee6bb,gaia-46719c30-f4c3-4cad-be07-d5cb21eee6bb,0.9820083950334312,0.01799160496656882,20,frontier,0.0233322157881205,0.03,0.0953939201416945
swebench-multilingual,swebench-multilingual/swebench-multilingual-fluent__fluentd-3631,swebench-multilingual-fluent__fluentd-3631,0.9821493644426049,0.017850635557395078,14,easy,0.7988751402106258,0.6678571428571428,0.4373651395643262
lawbench,lawbench/lawbench-3-2-10-zero-shot,lawbench-3-2-10-zero-shot,0.9823777227128982,0.01762227728710175,14,hard,0.2403491497312396,0.2220926428571428,0.1455916694077785
algotune,algotune/algotune-upfirdn1d,algotune-upfirdn1d,0.9824712341056896,0.017528765894310405,21,frontier,0.0185179938193804,0.0150463102716524,0.0575382050399478
lawbench,lawbench/lawbench-2-8-15-one-shot,lawbench-2-8-15-one-shot,0.9825138512660762,0.017486148733923845,14,medium,0.5095786964410338,0.4660714285714285,0.3077811059562842
lawbench,lawbench/lawbench-3-4-13-zero-shot,lawbench-3-4-13-zero-shot,0.9825228046594681,0.017477195340531937,15,medium,0.5536803143866169,0.5102250666666667,0.3838299248131419
lawbench,lawbench/lawbench-3-4-8-zero-shot,lawbench-3-4-8-zero-shot,0.9825228046594681,0.017477195340531937,15,medium,0.6176381809783335,0.5388776666666666,0.4132092251333323
medagentbench,medagentbench/medagentbench-task5_22,medagentbench-task5_22,0.982545171770715,0.017454828229285013,20,easy,0.8850457058490664,0.8800000000000001,0.2712931993250107
medagentbench,medagentbench/medagentbench-task5_2,medagentbench-task5_2,0.982545171770715,0.017454828229285013,20,easy,0.9041071206055912,0.9,0.2408318915758459
kumo,kumo/kumo-softwareenv-t4-a6-v1-s0,kumo-softwareenv-t4-a6-v1-s0,0.9825604277283675,0.01743957227163251,18,saturated,0.9538321386881854,0.9333333333333332,0.2309401076758503
gpqa-diamond,gpqa-diamond/gpqa-diamond-82,gpqa-diamond-82,0.98256105328659,0.017438946713409953,19,saturated,0.9730758689302312,0.963157894736842,0.1179229289600425
gpqa-diamond,gpqa-diamond/gpqa-diamond-124,gpqa-diamond-124,0.98256105328659,0.017438946713409953,20,saturated,0.9538456028789372,0.94,0.22
kumo,kumo/kumo-mythicenv-t4-a6-v1-s1,kumo-mythicenv-t4-a6-v1-s1,0.9828067732090017,0.01719322679099833,19,easy,0.9412435211814452,0.9210526315789472,0.244042591986729
lawbench,lawbench/lawbench-2-8-24-zero-shot,lawbench-2-8-24-zero-shot,0.9828143154269361,0.01718568457306391,14,medium,0.6119446870631428,0.5471428571428572,0.3618489931968182
lawbench,lawbench/lawbench-3-5-18-zero-shot,lawbench-3-5-18-zero-shot,0.9828143154269361,0.01718568457306391,15,medium,0.6725617248896908,0.5926293333333333,0.3938017058907806
usaco,usaco/usaco-376,usaco-376,0.9828352861492858,0.017164713850714164,19,easy,0.8395728655149098,0.781578947368421,0.3794769691076159
lawbench,lawbench/lawbench-3-7-10-one-shot,lawbench-3-7-10-one-shot,0.9828447018583419,0.01715529814165806,16,medium,0.596894003796337,0.55546875,0.3927151269029976
lawbench,lawbench/lawbench-3-5-20-one-shot,lawbench-3-5-20-one-shot,0.9829911785137637,0.01700882148623628,15,medium,0.6873225249653074,0.6264434666666666,0.3846513024420718
swebench-multilingual,swebench-multilingual/swebench-multilingual-tokio-rs__axum-1119,swebench-multilingual-tokio-rs__axum-1119,0.9830640467150875,0.016935953284912486,15,easy,0.7926072807738584,0.6444443999999999,0.4466611696732099
swebench-multilingual,swebench-multilingual/swebench-multilingual-caddyserver__caddy-6370,swebench-multilingual-caddyserver__caddy-6370,0.9830672941204301,0.016932705879569854,14,easy,0.7857191570558394,0.6071428571428571,0.4697480870702109
swebench-multilingual,swebench-multilingual/swebench-multilingual-faker-ruby__faker-2970,swebench-multilingual-faker-ruby__faker-2970,0.9830672941204301,0.016932705879569854,14,easy,0.7921279046537073,0.6190475714285714,0.4517539815695698
kumo,kumo/kumo-networkenv-t4-a6-v1-s0,kumo-networkenv-t4-a6-v1-s0,0.9830674059240737,0.01693259407592629,19,saturated,0.9710590733900598,0.9605263157894736,0.1220212959933645
aider-polyglot,aider-polyglot/polyglot_rust_grep,polyglot_rust_grep,0.9831941295352237,0.01680587046477633,26,easy,0.8846153846153846,0.8846153846153846,0.2996052629869299
aider-polyglot,aider-polyglot/polyglot_javascript_triangle,polyglot_javascript_triangle,0.9831941295352237,0.01680587046477633,26,easy,0.9076923076923078,0.9076923076923078,0.2615384615384615
labbench,labbench/labbench-figqa-0077,labbench-figqa-0077,0.9831996544569469,0.016800345543053097,20,hard,0.2396956171761764,0.26,0.3954743986657038
lawbench,lawbench/lawbench-2-2-10-one-shot,lawbench-2-2-10-one-shot,0.9832700346688065,0.01672996533119353,14,hard,0.2739312058687981,0.2589285714285714,0.1727940410206466
lawbench,lawbench/lawbench-3-5-11-zero-shot,lawbench-3-5-11-zero-shot,0.9832700346688065,0.01672996533119353,14,medium,0.6076491602871562,0.5676146428571428,0.382377499669522
lawbench,lawbench/lawbench-2-4-8-zero-shot,lawbench-2-4-8-zero-shot,0.9835612919921799,0.016438708007820102,16,hard,0.1679686020927402,0.156041625,0.1091791698470197
bixbench,bixbench/bix-28-q2,bix-28-q2,0.9836051941941155,0.016394805805884483,20,hard,0.1155471084453766,0.1,0.3
bixbench,bixbench/bix-28-q3,bix-28-q3,0.9836051941941155,0.016394805805884483,20,hard,0.1328396957657928,0.1225,0.3001978514246896
labbench,labbench/labbench-figqa-0128,labbench-figqa-0128,0.9836835709276657,0.016316429072334326,13,medium,0.356684585932855,0.4461538461538461,0.4651143525486454
labbench,labbench/labbench-figqa-0145,labbench-figqa-0145,0.9837199112635608,0.016280088736439158,13,medium,0.3412039979770588,0.4153846153846154,0.440010758340772
labbench,labbench/labbench-figqa-0147,labbench-figqa-0147,0.9837199112635608,0.016280088736439158,13,medium,0.3489440857202135,0.4307692307692307,0.4630743674859203
lawbench,lawbench/lawbench-2-3-1-zero-shot,lawbench-2-3-1-zero-shot,0.9838170921656927,0.016182907834307314,14,medium,0.5271311747297994,0.4902610714285714,0.3196972722539837
kumo,kumo/kumo-herbenv-t4-a6-v1-s1,kumo-herbenv-t4-a6-v1-s1,0.9838262499372341,0.01617375006276589,18,easy,0.9134152929624472,0.875,0.3145764348029479
spider2,spider2/spider2-superstore001,spider2-superstore001,0.9838435376685581,0.016156462331441857,14,hard,0.2465467916919062,0.3571428571428571,0.4791574237499548
spider2,spider2/spider2-lever001,spider2-lever001,0.9838435376685581,0.016156462331441857,16,easy,0.7055930561141784,0.6,0.469041575982343
arc-agi-2,arc-agi-2/arc-agi-2-58490d8a_0,arc-agi-2-58490d8a_0,0.9839295551732223,0.016070444826777663,20,hard,0.2633460112328764,0.29,0.4023679907746142
lawbench,lawbench/lawbench-2-7-7-zero-shot,lawbench-2-7-7-zero-shot,0.9839694395968318,0.016030560403168193,14,hard,0.2879774424117376,0.2649577142857143,0.1729652665914784
swebench-multilingual,swebench-multilingual/swebench-multilingual-tokio-rs__axum-1934,swebench-multilingual-tokio-rs__axum-1934,0.9840197706680981,0.015980229331901907,14,easy,0.8163300109858954,0.6666667142857143,0.4364357804720004
labbench,labbench/labbench-figqa-0170,labbench-figqa-0170,0.9840417682786278,0.01595823172137223,13,hard,0.187339938312415,0.2923076923076923,0.373057097014835
labbench,labbench/labbench-figqa-0030,labbench-figqa-0030,0.9840417682786278,0.01595823172137223,20,hard,0.1543004008688928,0.15,0.2958039891549808
usaco,usaco/usaco-1251,usaco-1251,0.9841714195578894,0.01582858044211055,19,easy,0.8183621391390795,0.7552631578947369,0.3814428069297529
usaco,usaco/usaco-643,usaco-643,0.9841714195578894,0.01582858044211055,18,easy,0.8233269688940426,0.7490740555555556,0.3722003609298017
arc-agi-2,arc-agi-2/arc-agi-2-7b0280bc_0,arc-agi-2-7b0280bc_0,0.9843227304308594,0.015677269569140617,20,hard,0.0849558659988019,0.08,0.1833030277982336
usaco,usaco/usaco-546,usaco-546,0.9843387321116067,0.015661267888393282,20,easy,0.8510411641479494,0.8099999999999999,0.3659234892706398
usaco,usaco/usaco-831,usaco-831,0.9845535769133804,0.015446423086619587,19,easy,0.8453001423385476,0.7894736842105263,0.3754222000026738
crustbench,crustbench/crustbench-libbeaufort,crustbench-libbeaufort,0.9845626308932096,0.015437369106790388,22,easy,0.8375141389314684,0.8090909090909091,0.3642041022547296
lawbench,lawbench/lawbench-2-2-12-one-shot,lawbench-2-2-12-one-shot,0.9846767270994075,0.015323272900592544,15,medium,0.3632641115636771,0.3313333333333333,0.2454347616419121
spider2,spider2/spider2-activity001,spider2-activity001,0.9847114056630405,0.015288594336959505,16,easy,0.7749643064149002,0.65,0.45
spider2,spider2/spider2-divvy001,spider2-divvy001,0.9847873089904209,0.015212691009579116,15,hard,0.2066093968509884,0.3466666666666667,0.4645667037382492
spider2,spider2/spider2-app_reporting002,spider2-app_reporting002,0.9847873089904209,0.015212691009579116,15,easy,0.784220033895633,0.64,0.4572380853195265
usaco,usaco/usaco-987,usaco-987,0.9847999502283125,0.01520004977168754,19,easy,0.8579907039960162,0.8096491052631579,0.3275514495122374
lawbench,lawbench/lawbench-3-5-7-one-shot,lawbench-3-5-7-one-shot,0.9848333202640291,0.015166679735970856,14,easy,0.7517105163710178,0.6614167142857142,0.3512130883493928
lawbench,lawbench/lawbench-2-7-3-zero-shot,lawbench-2-7-3-zero-shot,0.9848333202640291,0.015166679735970856,14,medium,0.3375623388244116,0.2984455714285715,0.1584377268824363
crustbench,crustbench/crustbench-phills-dht,crustbench-phills-dht,0.9849467809181667,0.015053219081833324,22,easy,0.8723777954325218,0.85,0.3129769088200365
crustbench,crustbench/crustbench-totp,crustbench-totp,0.9850006494471176,0.014999350552882373,22,easy,0.8723779491007033,0.85,0.3129769088200365
crustbench,crustbench/crustbench-nandc,crustbench-nandc,0.9850269648556664,0.014973035144333569,22,easy,0.8627264759788725,0.8386363636363637,0.3295768010169936
swebench-multilingual,swebench-multilingual/swebench-multilingual-projectlombok__lombok-2792,swebench-multilingual-projectlombok__lombok-2792,0.9851145079636924,0.014885492036307624,13,hard,0.2523237798900631,0.3653846153846153,0.423076923076923
swebench-multilingual,swebench-multilingual/swebench-multilingual-projectlombok__lombok-3052,swebench-multilingual-projectlombok__lombok-3052,0.9851145079636924,0.014885492036307624,13,hard,0.2499922468183652,0.3589743076923076,0.4426327337817844
crustbench,crustbench/crustbench-bhshell,crustbench-bhshell,0.9851596701757436,0.014840329824256426,24,easy,0.8548611046024791,0.84375,0.3327012235725421
lawbench,lawbench/lawbench-2-7-10-one-shot,lawbench-2-7-10-one-shot,0.985182295223791,0.014817704776209029,14,medium,0.3136206681517736,0.3000365714285714,0.1590172679525781
labbench,labbench/labbench-figqa-0099,labbench-figqa-0099,0.9852234467455854,0.014776553254414626,13,hard,0.2121126010012623,0.3384615384615385,0.4105127404346564
arc-agi-2,arc-agi-2/arc-agi-2-b6f77b65_1,arc-agi-2-b6f77b65_1,0.9852744036334916,0.014725596366508387,20,hard,0.1002979384968386,0.09,0.2046948949045872
arc-agi-2,arc-agi-2/arc-agi-2-28a6681f_0,arc-agi-2-28a6681f_0,0.9852744036334916,0.014725596366508387,20,hard,0.1159691860940103,0.11,0.232163735324878
usaco,usaco/usaco-226,usaco-226,0.985304091835894,0.014695908164106042,19,easy,0.8235071073892435,0.7631578947368421,0.3796958981464668
lawbench,lawbench/lawbench-2-7-22-one-shot,lawbench-2-7-22-one-shot,0.985326053649269,0.014673946350731049,15,hard,0.2812657714336797,0.2539204,0.1914358366112259
usaco,usaco/usaco-735,usaco-735,0.9854551813989012,0.014544818601098797,19,easy,0.8492986995257612,0.7947368421052632,0.3648701055249898
usaco,usaco/usaco-1299,usaco-1299,0.9855673443051202,0.014432655694879837,20,easy,0.8433794425382499,0.7975,0.3796297538391847
labbench,labbench/labbench-figqa-0038,labbench-figqa-0038,0.9856898252872217,0.01431017471277829,20,hard,0.216605972651715,0.23,0.375632799419859
replicationbench,replicationbench/replicationbench-trgb_std_candle__med_color_amp,replicationbench-trgb_std_candle__med_color_amp,0.9859206989607359,0.014079301039264136,17,hard,0.1084796304861624,0.1294117647058823,0.3213294184411215
labbench,labbench/labbench-figqa-0084,labbench-figqa-0084,0.9859275715945756,0.014072428405424442,13,hard,0.1642191606671777,0.2461538461538461,0.3521699428387568
labbench,labbench/labbench-figqa-0035,labbench-figqa-0035,0.9859275715945756,0.014072428405424442,13,hard,0.1460339433566934,0.2153846153846153,0.3370600353877945
usaco,usaco/usaco-641,usaco-641,0.9860021092686743,0.013997890731325735,20,easy,0.7866005533684747,0.735,0.4028337125911882
usaco,usaco/usaco-431,usaco-431,0.9860021092686743,0.013997890731325735,20,easy,0.7941323921502005,0.74,0.3954743986657038
lawbench,lawbench/lawbench-2-10-15-zero-shot,lawbench-2-10-15-zero-shot,0.986313647173004,0.01368635282699604,14,medium,0.6245176985422158,0.5716657142857143,0.3655943262791284
livecodebench,livecodebench/livecodebench-abc309_d,livecodebench-abc309_d,0.9864152672761362,0.013584732723863846,18,saturated,0.9794870021116464,0.9703703888888888,0.0867014159522584
arc-agi-2,arc-agi-2/arc-agi-2-e376de54_0,arc-agi-2-e376de54_0,0.9864496020457554,0.01355039795424462,20,hard,0.1948683910022734,0.2024999999999999,0.3288141572377929
kumo,kumo/kumo-enzymeenv-t4-a6-v1-s1,kumo-enzymeenv-t4-a6-v1-s1,0.9865451148078509,0.013454885192149102,20,saturated,0.9582729387570657,0.94583335,0.1350796745340597
kumo,kumo/kumo-controlenv-t4-a6-v1-s1,kumo-controlenv-t4-a6-v1-s1,0.9865451148078509,0.013454885192149102,20,easy,0.9293964657467264,0.90833335,0.2442391650047704
swebench-multilingual,swebench-multilingual/swebench-multilingual-tokio-rs__tokio-6603,swebench-multilingual-tokio-rs__tokio-6603,0.9866307137060913,0.013369286293908655,14,easy,0.8054272997476879,0.6428571428571429,0.4791574237499549
swebench-multilingual,swebench-multilingual/swebench-multilingual-preactjs__preact-4182,swebench-multilingual-preactjs__preact-4182,0.9866485786814626,0.013351421318537393,14,easy,0.7929434299913035,0.6190476428571429,0.468993231074456
swebench-multilingual,swebench-multilingual/swebench-multilingual-preactjs__preact-3562,swebench-multilingual-preactjs__preact-3562,0.9866485786814626,0.013351421318537393,14,easy,0.8055072984693399,0.6428571428571429,0.4791574237499549
lawbench,lawbench/lawbench-3-8-8-one-shot,lawbench-3-8-8-one-shot,0.9866576108990575,0.013342389100942542,16,hard,0.148703492332406,0.1397999999999999,0.0993227900314172
lawbench,lawbench/lawbench-3-2-7-zero-shot,lawbench-3-2-7-zero-shot,0.9866576108990575,0.013342389100942542,16,hard,0.2302745760259962,0.2202755,0.162053596408719
usaco,usaco/usaco-1083,usaco-1083,0.9867406701650574,0.013259329834942601,19,easy,0.8200910829415358,0.7578947368421052,0.3760120231471948
arc-agi-2,arc-agi-2/arc-agi-2-7c66cb00_0,arc-agi-2-7c66cb00_0,0.9871053702638684,0.012894629736131646,20,hard,0.1852399745150442,0.19,0.3491418050019217
lawbench,lawbench/lawbench-2-1-10-one-shot,lawbench-2-1-10-one-shot,0.9871436989026598,0.01285630109734015,15,medium,0.4824643685684047,0.4372968,0.3307711980569449
lawbench,lawbench/lawbench-2-1-23-one-shot,lawbench-2-1-23-one-shot,0.9871436989026598,0.01285630109734015,15,medium,0.4630600920293128,0.4331902000000001,0.332644275470399
mmau,mmau/mmau-b4180fa8-96a9-4211-8059-d03d65eb2f04,mmau-b4180fa8-96a9-4211-8059-d03d65eb2f04,0.9871890412923778,0.012810958707622166,20,easy,0.9383640536796533,0.92,0.2481934729198171
swebench-multilingual,swebench-multilingual/swebench-multilingual-google__gson-1093,swebench-multilingual-google__gson-1093,0.9874693335063754,0.012530666493624554,17,easy,0.8145324633912215,0.7254901764705882,0.4313725668449266
lawbench,lawbench/lawbench-3-3-21-zero-shot,lawbench-3-3-21-zero-shot,0.9874726983729016,0.012527301627098364,16,medium,0.4285714070434458,0.409177,0.2826250115070762
aider-polyglot,aider-polyglot/polyglot_javascript_binary,polyglot_javascript_binary,0.9875063701915198,0.012493629808480233,26,easy,0.9000000000000001,0.9000000000000001,0.2433737233777903
simpleqa,simpleqa/simpleqa-3366,simpleqa-3366,0.9875272229311967,0.012472777068803342,20,easy,0.9143214656836424,0.89,0.2718455443813637
swebench-multilingual,swebench-multilingual/swebench-multilingual-apache__druid-16875,swebench-multilingual-apache__druid-16875,0.9875460863449151,0.012453913655084858,15,easy,0.7866061650676941,0.6333333333333333,0.4642796092394707
arc-agi-2,arc-agi-2/arc-agi-2-2d0172a1_0,arc-agi-2-2d0172a1_0,0.9875721738936949,0.012427826106305107,20,hard,0.0918991984149688,0.08,0.2227105745132008
arc-agi-2,arc-agi-2/arc-agi-2-4c3d4a41_1,arc-agi-2-4c3d4a41_1,0.9875923781617348,0.01240762183826516,20,hard,0.1616646463743284,0.16,0.3199999999999999
arc-agi-2,arc-agi-2/arc-agi-2-3dc255db_0,arc-agi-2-3dc255db_0,0.9875923781617348,0.01240762183826516,20,hard,0.1308760351352352,0.12,0.2785677655436824
lawbench,lawbench/lawbench-2-4-4-one-shot,lawbench-2-4-4-one-shot,0.9876291861866299,0.01237081381337013,15,medium,0.4287842967033909,0.3982778,0.2502063214357836
arc-agi-2,arc-agi-2/arc-agi-2-d35bdbdc_0,arc-agi-2-d35bdbdc_0,0.9876731208254153,0.012326879174584748,20,hard,0.1080029176282054,0.1,0.2049390153191919
arc-agi-2,arc-agi-2/arc-agi-2-c7f57c3e_0,arc-agi-2-c7f57c3e_0,0.9876731208254153,0.012326879174584748,20,hard,0.1467087552190208,0.1399999999999999,0.2690724809414742
arc-agi-2,arc-agi-2/arc-agi-2-71e489b6_0,arc-agi-2-71e489b6_0,0.9877804278314858,0.012219572168514214,19,hard,0.1238442115250867,0.1157894736842105,0.2621031494313417
lawbench,lawbench/lawbench-2-8-7-one-shot,lawbench-2-8-7-one-shot,0.9880841177198979,0.011915882280102097,14,medium,0.4171763047257485,0.3842262142857143,0.253283306436031
crustbench,crustbench/crustbench-ulidgen,crustbench-ulidgen,0.9880848891163894,0.011915110883610636,22,easy,0.8879747935058718,0.8681818181818183,0.3035941723544826
crustbench,crustbench/crustbench-fft,crustbench-fft,0.9880848891163894,0.011915110883610636,23,easy,0.8783597562376972,0.8630434782608696,0.3156144425885963
kumo,kumo/kumo-languageenv-t4-a6-v1-s0,kumo-languageenv-t4-a6-v1-s0,0.9880855200811134,0.011914479918886611,17,saturated,0.9544411933601296,0.9313725294117648,0.1901051541307406
lawbench,lawbench/lawbench-2-2-14-one-shot,lawbench-2-2-14-one-shot,0.9880908196556739,0.011909180344326087,15,hard,0.238286430486392,0.212,0.1522065482603601
arc-agi-2,arc-agi-2/arc-agi-2-b0039139_1,arc-agi-2-b0039139_1,0.9881134142154165,0.011886585784583459,20,hard,0.1393585586307269,0.1299999999999999,0.2917190429162964
arc-agi-2,arc-agi-2/arc-agi-2-221dfab4_1,arc-agi-2-221dfab4_1,0.9881366416744797,0.011863358325520323,20,hard,0.1218292479983973,0.12,0.2638181191654584
arc-agi-2,arc-agi-2/arc-agi-2-2d0172a1_1,arc-agi-2-2d0172a1_1,0.9881366416744797,0.011863358325520323,19,hard,0.0817963499165523,0.0842105263157894,0.1980514497076503
lawbench,lawbench/lawbench-2-7-6-zero-shot,lawbench-2-7-6-zero-shot,0.9884659382940532,0.011534061705946841,13,medium,0.3102302661395161,0.2879679230769231,0.1591236886070617
lawbench,lawbench/lawbench-2-9-9-one-shot,lawbench-2-9-9-one-shot,0.9884659382940532,0.011534061705946841,13,medium,0.6907919731252213,0.6379764615384615,0.3516309671968426
lawbench,lawbench/lawbench-2-7-18-one-shot,lawbench-2-7-18-one-shot,0.9886735842968525,0.011326415703147519,15,hard,0.2520857242050539,0.2296534666666666,0.1683056435226763
swebench-multilingual,swebench-multilingual/swebench-multilingual-apache__druid-15402,swebench-multilingual-apache__druid-15402,0.9886963092079941,0.011303690792005883,14,easy,0.8389010809295955,0.7238095,0.4154608625907843
labbench,labbench/labbench-figqa-0027,labbench-figqa-0027,0.9889204441041856,0.011079555895814441,13,hard,0.1778535037632576,0.2769230769230769,0.3724221057510832
labbench,labbench/labbench-figqa-0039,labbench-figqa-0039,0.9889204441041856,0.011079555895814441,13,hard,0.1093263493199593,0.1692307692307692,0.2333192444323554
kumo,kumo/kumo-philosophyenv-t4-a6-v1-s0,kumo-philosophyenv-t4-a6-v1-s0,0.9891324004679656,0.010867599532034422,18,saturated,0.97750352036858,0.9675926111111112,0.0927082009755692
kumo,kumo/kumo-historicalenv-t4-a6-v1-s0,kumo-historicalenv-t4-a6-v1-s0,0.9891324004679656,0.010867599532034422,19,saturated,0.961447572849902,0.9473684210526316,0.1534461024959289
kumo,kumo/kumo-mlenv-t4-a6-v1-s0,kumo-mlenv-t4-a6-v1-s0,0.9891608406694505,0.010839159330549464,18,easy,0.9217020448622932,0.8888888888888888,0.3142696805273545
kumo,kumo/kumo-celestialenv-t4-a6-v1-s1,kumo-celestialenv-t4-a6-v1-s1,0.9891608406694505,0.010839159330549464,20,saturated,0.9772098664893784,0.97083335,0.0884864451327292
swebench-multilingual,swebench-multilingual/swebench-multilingual-briannesbitt__carbon-2665,swebench-multilingual-briannesbitt__carbon-2665,0.9892017465085323,0.01079825349146768,15,easy,0.8090990405448838,0.6888889333333333,0.4297573222754856
swebench-multilingual,swebench-multilingual/swebench-multilingual-briannesbitt__carbon-3098,swebench-multilingual-briannesbitt__carbon-3098,0.9892017465085323,0.01079825349146768,14,easy,0.7945443656836778,0.6607142857142857,0.4392276384374587
arc-agi-2,arc-agi-2/arc-agi-2-b5ca7ac4_0,arc-agi-2-b5ca7ac4_0,0.9892675665314997,0.01073243346850028,20,hard,0.1624548345116241,0.16,0.3199999999999999
lawbench,lawbench/lawbench-2-3-2-zero-shot,lawbench-2-3-2-zero-shot,0.9893581795562163,0.0106418204437837,14,medium,0.6387226487273625,0.5768971428571429,0.3702991741316081
kumo,kumo/kumo-languageenv-t4-a6-v1-s1,kumo-languageenv-t4-a6-v1-s1,0.9893736450691345,0.0106263549308655,16,easy,0.9486440496094908,0.9166666875,0.2499999791666788
kumo,kumo/kumo-machinepartenv-t4-a6-v1-s1,kumo-machinepartenv-t4-a6-v1-s1,0.9893736450691345,0.0106263549308655,19,saturated,0.9711134016442228,0.9605263157894736,0.1220212959933645
kumo,kumo/kumo-virusclassificationenv-t4-a6-v1-s0,kumo-virusclassificationenv-t4-a6-v1-s0,0.9893775491314657,0.010622450868534306,19,easy,0.948657626845062,0.9298245789473684,0.2314193828267805
crustbench,crustbench/crustbench-42-kocaeli-printf,crustbench-42-kocaeli-printf,0.9897182741872445,0.010281725812755549,26,easy,0.8769230769230769,0.8769230769230769,0.3042110758966951
crustbench,crustbench/crustbench-murmurhash-c,crustbench-murmurhash-c,0.9897386626143133,0.010261337385686686,22,easy,0.8978024706701628,0.8795454545454546,0.2878837718866808
lawbench,lawbench/lawbench-2-6-23-one-shot,lawbench-2-6-23-one-shot,0.9898365413285067,0.010163458671493264,15,medium,0.5953551636289325,0.5715186666666666,0.3497591886580759
replicationbench,replicationbench/replicationbench-ls_cal__cold_sparam,replicationbench-ls_cal__cold_sparam,0.9898658496398459,0.010134150360154082,17,hard,0.1235061105175413,0.1294117647058823,0.3213294184411215
arc-agi-2,arc-agi-2/arc-agi-2-a25697e4_1,arc-agi-2-a25697e4_1,0.9899887807120604,0.010011219287939577,19,hard,0.0854028063901354,0.0842105263157894,0.2367836185095156
crustbench,crustbench/crustbench-gfc,crustbench-gfc,0.9901083715192727,0.009891628480727332,23,easy,0.9054950670497912,0.8934782608695653,0.2829596483085326
crustbench,crustbench/crustbench-vec,crustbench-vec,0.9901083715192727,0.009891628480727332,22,easy,0.8975903034195435,0.8795454545454546,0.2941316537744044
lawbench,lawbench/lawbench-3-4-3-zero-shot,lawbench-3-4-3-zero-shot,0.9901371460574441,0.009862853942555927,15,medium,0.6067574264946306,0.5561463333333333,0.4036728915804093
lawbench,lawbench/lawbench-2-1-24-one-shot,lawbench-2-1-24-one-shot,0.9902645534018136,0.00973544659818637,15,medium,0.4494124981511857,0.4146048666666667,0.3082982614864739
labbench,labbench/labbench-figqa-0082,labbench-figqa-0082,0.9902876227537605,0.009712377246239523,20,hard,0.2242983860868843,0.24,0.3826225293941798
mmmlu,mmmlu/mmmlu-it-it-00082,mmmlu-it-it-00082,0.9903998990206084,0.009600100979391568,18,saturated,0.9518551604856782,0.9305555555555556,0.2328202029755584
lawbench,lawbench/lawbench-3-6-6-zero-shot,lawbench-3-6-6-zero-shot,0.9904487428180341,0.009551257181965922,16,medium,0.5165002816669202,0.474375,0.3266968922028491
mmmlu,mmmlu/mmmlu-sw-ke-00134,mmmlu-sw-ke-00134,0.990461264014917,0.009538735985083036,20,medium,0.3982293112640914,0.44,0.4758150901348127
mmmlu,mmmlu/mmmlu-yo-ng-00142,mmmlu-yo-ng-00142,0.990461264014917,0.009538735985083036,20,medium,0.3792695741776249,0.44,0.4882622246293481
mmmlu,mmmlu/mmmlu-hi-in-00066,mmmlu-hi-in-00066,0.9904867123114394,0.009513287688560634,20,medium,0.47122502391305,0.48,0.4833218389437829
lawbench,lawbench/lawbench-3-2-10-one-shot,lawbench-3-2-10-one-shot,0.9907044005859682,0.009295599414031797,15,hard,0.2763472091870197,0.2532756666666666,0.1839030930316894
lawbench,lawbench/lawbench-3-5-3-one-shot,lawbench-3-5-3-one-shot,0.9907738144429538,0.00922618555704624,16,medium,0.6613868474317853,0.5910635625,0.4124374454370276
lawbench,lawbench/lawbench-3-5-24-one-shot,lawbench-3-5-24-one-shot,0.9907738144429538,0.00922618555704624,15,medium,0.5890325213105495,0.505154,0.372640040157612
lawbench,lawbench/lawbench-2-6-16-one-shot,lawbench-2-6-16-one-shot,0.9908025925031034,0.00919740749689657,16,medium,0.6155137217361286,0.5709286874999999,0.3954205112662845
swebench-multilingual,swebench-multilingual/swebench-multilingual-vuejs__core-11870,swebench-multilingual-vuejs__core-11870,0.9908478304771557,0.009152169522844256,14,easy,0.8324262618646203,0.6964285714285714,0.4449977069420396
arc-agi-2,arc-agi-2/arc-agi-2-f931b4a8_0,arc-agi-2-f931b4a8_0,0.9909214567420972,0.009078543257902805,20,hard,0.2013268281992339,0.21,0.3713488925525428
arc-agi-2,arc-agi-2/arc-agi-2-3e6067c3_1,arc-agi-2-3e6067c3_1,0.9909214567420972,0.009078543257902805,20,hard,0.2243927994374612,0.24,0.4029888335921976
arc-agi-2,arc-agi-2/arc-agi-2-8f215267_0,arc-agi-2-8f215267_0,0.9909309233970729,0.009069076602927106,20,hard,0.2012840755093558,0.2099999999999999,0.3819685850956855
swebench-multilingual,swebench-multilingual/swebench-multilingual-php-cs-fixer__php-cs-fixer-8064,swebench-multilingual-php-cs-fixer__php-cs-fixer-8064,0.9910881279824455,0.0089118720175545,14,easy,0.8345518927418474,0.6964285714285714,0.4449977069420396
lawbench,lawbench/lawbench-2-8-14-zero-shot,lawbench-2-8-14-zero-shot,0.9910939915482329,0.008906008451767145,14,medium,0.4632055519908362,0.4239880714285714,0.2717517581618678
lawbench,lawbench/lawbench-2-5-1-one-shot,lawbench-2-5-1-one-shot,0.9912520680328135,0.008747931967186484,15,medium,0.6150131956210514,0.5597811333333332,0.4009686014900863
lawbench,lawbench/lawbench-2-5-16-zero-shot,lawbench-2-5-16-zero-shot,0.9913205337863692,0.008679466213630804,16,medium,0.5530828570037882,0.5026479375,0.3466985876702681
arc-agi-2,arc-agi-2/arc-agi-2-53fb4810_0,arc-agi-2-53fb4810_0,0.9913207217910618,0.008679278208938213,20,hard,0.1779630889410863,0.19,0.3192177939902473
arc-agi-2,arc-agi-2/arc-agi-2-8e5c0c38_0,arc-agi-2-8e5c0c38_0,0.9914116178749652,0.008588382125034766,20,hard,0.1546874853205855,0.15,0.2819574435974337
reasoning-gym,reasoning-gym/reasoning-gym-arithmetic-lcm-hard0292e21f-seed45-0,reasoning-gym-arithmetic-lcm-hard0292e21f-seed45-0,0.9914485602468323,0.008551439753167744,12,easy,0.94123103600741,0.875,0.2975595178559521
reasoning-gym,reasoning-gym/reasoning-gym-arithmetic-power-function-easy00cea0a5-seed45-1,reasoning-gym-arithmetic-power-function-easy00cea0a5-seed45-1,0.9914485602468323,0.008551439753167744,12,easy,0.9358216503904072,0.8611110833333333,0.3179312445082685
usaco,usaco/usaco-87,usaco-87,0.9914920400204019,0.008507959979598079,20,easy,0.8611122594083871,0.82,0.357211421989835
usaco,usaco/usaco-262,usaco-262,0.9914920400204019,0.008507959979598079,20,easy,0.8494673313634237,0.805,0.3584340943604557
swebench-multilingual,swebench-multilingual/swebench-multilingual-redis__redis-11631,swebench-multilingual-redis__redis-11631,0.9915596315329419,0.00844036846705809,15,easy,0.809036177118341,0.6722222,0.4393457709137074
swebench-multilingual,swebench-multilingual/swebench-multilingual-preactjs__preact-3345,swebench-multilingual-preactjs__preact-3345,0.9917993575118221,0.008200642488177867,13,hard,0.1360988829045289,0.1692307692307692,0.3581675915945481
swebench-multilingual,swebench-multilingual/swebench-multilingual-preactjs__preact-3567,swebench-multilingual-preactjs__preact-3567,0.9917993575118221,0.008200642488177867,14,hard,0.1269137881362415,0.1428571428571428,0.3499271061118826
lawbench,lawbench/lawbench-2-8-17-zero-shot,lawbench-2-8-17-zero-shot,0.9918682750431397,0.00813172495686032,15,medium,0.4882770594804818,0.4406666666666666,0.3210535607790216
mmmlu,mmmlu/mmmlu-ja-jp-00099,mmmlu-ja-jp-00099,0.9919336962760578,0.008066303723942236,20,medium,0.4852245578702496,0.49,0.4918333050943175
mmau,mmau/mmau-6aee68bf-6629-442b-981d-ae8195597c8e,mmau-6aee68bf-6629-442b-981d-ae8195597c8e,0.991977032146806,0.008022967853194007,20,saturated,0.9538151294374624,0.94,0.22
lawbench,lawbench/lawbench-1-2-20-one-shot,lawbench-1-2-20-one-shot,0.9919868964522865,0.008013103547713452,15,medium,0.5650018335135776,0.5429999999999999,0.403517038054157
algotune,algotune/algotune-lp-box,algotune-lp-box,0.9920119803015203,0.007988019698479731,26,easy,0.7053510394288425,0.7053510394288425,0.142686423069137
featurebench-modal,featurebench-modal/featurebench-modal-pandas-dev__pandas.82fa2715.test_iceberg.85771c70.lv1,featurebench-modal-pandas-dev__pandas.82fa2715.test_iceberg.85771c70.lv1,0.9920582189499234,0.00794178105007659,26,hard,0.0596153846153846,0.0596153846153846,0.1544339731762604
featurebench-modal,featurebench-modal/featurebench-modal-huggingface__transformers.e2e8dbed.test_modeling_lightglue.3d3d57cb.lv1,featurebench-modal-huggingface__transformers.e2e8dbed.test_modeling_lightglue.3d3d57cb.lv1,0.9920582189499234,0.00794178105007659,26,frontier,0.0435897307692307,0.0435897307692307,0.1077227939144506
lawbench,lawbench/lawbench-2-5-21-one-shot,lawbench-2-5-21-one-shot,0.9921945273293139,0.007805472670686098,15,medium,0.6990117396526958,0.6489416,0.3965484852841747
swebench-multilingual,swebench-multilingual/swebench-multilingual-sharkdp__bat-562,swebench-multilingual-sharkdp__bat-562,0.9921953788567018,0.007804621143298163,14,easy,0.8054292180615568,0.6428571428571429,0.4447986295636418
crustbench,crustbench/crustbench-leftpad,crustbench-leftpad,0.9922165038021995,0.007783496197800499,23,easy,0.8798590393744561,0.8652173913043477,0.30304067118655
crustbench,crustbench/crustbench-geofence,crustbench-geofence,0.9922165038021995,0.007783496197800499,23,easy,0.8877633305998052,0.8739130434782609,0.2862309667936137
arc-agi-2,arc-agi-2/arc-agi-2-80a900e0_0,arc-agi-2-80a900e0_0,0.9922798286555818,0.0077201713444181586,20,hard,0.1157709509916624,0.1,0.2720294101747089
lawbench,lawbench/lawbench-1-2-5-one-shot,lawbench-1-2-5-one-shot,0.992418907647923,0.007581092352077046,15,medium,0.5514972981009719,0.52,0.3783164460254581
lawbench,lawbench/lawbench-3-4-24-one-shot,lawbench-3-4-24-one-shot,0.9924378244569352,0.00756217554306482,14,medium,0.6230859871655798,0.5533357142857144,0.3597037992202609
swebench-multilingual,swebench-multilingual/swebench-multilingual-fmtlib__fmt-3158,swebench-multilingual-fmtlib__fmt-3158,0.9924421270366561,0.00755787296334387,14,easy,0.8049632387805405,0.6428571428571429,0.4791574237499549
swebench-multilingual,swebench-multilingual/swebench-multilingual-hashicorp__terraform-35611,swebench-multilingual-hashicorp__terraform-35611,0.9924421270366561,0.00755787296334387,14,easy,0.7943729299781732,0.625,0.4700873778960065
lawbench,lawbench/lawbench-2-4-24-zero-shot,lawbench-2-4-24-zero-shot,0.9924853084930874,0.007514691506912641,14,medium,0.4075473526581782,0.3678571428571429,0.2338552229609646
arc-agi-2,arc-agi-2/arc-agi-2-d59b0160_0,arc-agi-2-d59b0160_0,0.9924972440000105,0.007502755999989508,20,hard,0.1628891639927182,0.16,0.3006659275674582
arc-agi-2,arc-agi-2/arc-agi-2-20a9e565_1,arc-agi-2-20a9e565_1,0.9924972440000105,0.007502755999989508,20,hard,0.1241396797363071,0.12,0.2315167380558045
replicationbench,replicationbench/replicationbench-gw_nsbh__default_mbh,replicationbench-gw_nsbh__default_mbh,0.9925184545752053,0.007481545424794733,17,hard,0.1950974853426399,0.2352941176470588,0.3673737724147186
replicationbench,replicationbench/replicationbench-galaxy_soptics__soptics_implementation,replicationbench-galaxy_soptics__soptics_implementation,0.9925184545752053,0.007481545424794733,17,hard,0.2104937094178914,0.2588235294117647,0.3893231115641786
lawbench,lawbench/lawbench-3-6-15-zero-shot,lawbench-3-6-15-zero-shot,0.9925270508381476,0.007472949161852371,16,medium,0.5690654738416094,0.525625,0.3705807309143312
crustbench,crustbench/crustbench-avalanche,crustbench-avalanche,0.9926291443176752,0.007370855682324762,24,easy,0.8548611250316428,0.84375,0.3327012235725421
crustbench,crustbench/crustbench-amp,crustbench-amp,0.9926291443176752,0.007370855682324762,26,easy,0.8692307692307691,0.8692307692307691,0.2932172085007063
lawbench,lawbench/lawbench-2-7-1-one-shot,lawbench-2-7-1-one-shot,0.9926582809167326,0.007341719083267417,15,medium,0.3230633806868164,0.3031559999999999,0.1867580387999402
lawbench,lawbench/lawbench-2-7-12-one-shot,lawbench-2-7-12-one-shot,0.9926582809167326,0.007341719083267417,15,medium,0.3073853223424609,0.2876057999999999,0.1769808269292467
lawbench,lawbench/lawbench-3-3-15-zero-shot,lawbench-3-3-15-zero-shot,0.9926820695731347,0.007317930426865349,15,medium,0.4111667938007506,0.3748888666666666,0.2750968877494779
arc-agi-2,arc-agi-2/arc-agi-2-7b3084d4_0,arc-agi-2-7b3084d4_0,0.9926879806183168,0.0073120193816832435,20,hard,0.1393897436605627,0.13,0.3179622619116929
humanevalfix,humanevalfix/humanevalfix-python-65,humanevalfix-python-65,0.9927311141593506,0.007268885840649442,12,saturated,0.9788884800145567,0.9583333333333334,0.1381926995981416
lawbench,lawbench/lawbench-3-3-16-one-shot,lawbench-3-3-16-one-shot,0.9928431933590909,0.007156806640909119,15,medium,0.4239693502018327,0.3870000666666666,0.2793009235243036
lawbench,lawbench/lawbench-3-2-8-one-shot,lawbench-3-2-8-one-shot,0.9928431933590909,0.007156806640909119,16,medium,0.3090581988599541,0.293101,0.2019856174551792
lawbench,lawbench/lawbench-2-3-21-one-shot,lawbench-2-3-21-one-shot,0.9929170094644745,0.007082990535525524,15,medium,0.5649363247128851,0.5129759333333334,0.3695937493739969
lawbench,lawbench/lawbench-2-6-13-one-shot,lawbench-2-6-13-one-shot,0.9929835262682177,0.007016473731782269,15,medium,0.6663625477246461,0.605249,0.3745067831319836
labbench,labbench/labbench-figqa-0036,labbench-figqa-0036,0.9930441618972232,0.006955838102776779,13,hard,0.2276631806538279,0.3692307692307692,0.469671923768423
arc-agi-2,arc-agi-2/arc-agi-2-f560132c_0,arc-agi-2-f560132c_0,0.9930553761313825,0.006944623868617494,20,hard,0.1237184960633911,0.11,0.2791057147390572
lawbench,lawbench/lawbench-2-3-13-one-shot,lawbench-2-3-13-one-shot,0.9931246647338461,0.006875335266153915,15,medium,0.5419995964089229,0.4922994,0.3536756075296118
usaco,usaco/usaco-86,usaco-86,0.9931750341333128,0.006824965866687238,20,easy,0.8255561622908167,0.78,0.3627671429443411
usaco,usaco/usaco-1036,usaco-1036,0.9931750341333128,0.006824965866687238,20,easy,0.8144026760759259,0.7675,0.370227970310186
arc-agi-2,arc-agi-2/arc-agi-2-d35bdbdc_1,arc-agi-2-d35bdbdc_1,0.9932606012665813,0.006739398733418667,20,hard,0.0847139842308583,0.0699999999999999,0.212367605815953
algotune,algotune/algotune-vectorized-newton,algotune-vectorized-newton,0.99336517886659,0.006634821133409963,22,frontier,0.032642640938959,0.038510269672464,0.1764762258072285
algotune,algotune/algotune-zoom-2d,algotune-zoom-2d,0.99336517886659,0.006634821133409963,22,frontier,0.0373084649052637,0.0440196660394337,0.1848239713434448
usaco,usaco/usaco-434,usaco-434,0.9934564004785246,0.0065435995214754294,20,easy,0.820570628252433,0.77,0.375632799419859
usaco,usaco/usaco-192,usaco-192,0.9934564004785246,0.0065435995214754294,20,easy,0.8301108444242113,0.7825,0.3698901864067226
replicationbench,replicationbench/replicationbench-muse_outflows__dust_reddening,replicationbench-muse_outflows__dust_reddening,0.9935578724469527,0.006442127553047294,17,hard,0.108047172034756,0.1058823529411764,0.2919923210821378
replicationbench,replicationbench/replicationbench-ls_cal__antenna_temp,replicationbench-ls_cal__antenna_temp,0.9935578724469527,0.006442127553047294,17,frontier,0.0327210051219876,0.0313725294117647,0.0889080435917243
arc-agi-2,arc-agi-2/arc-agi-2-142ca369_1,arc-agi-2-142ca369_1,0.993567542314013,0.006432457685986992,19,hard,0.0803363152428665,0.0736842105263158,0.1969293361459969
arc-agi-2,arc-agi-2/arc-agi-2-3e6067c3_0,arc-agi-2-3e6067c3_0,0.9936394446600878,0.0063605553399121995,20,hard,0.2321163315827876,0.25,0.4141255848169731
arc-agi-2,arc-agi-2/arc-agi-2-981571dc_0,arc-agi-2-981571dc_0,0.9936394446600878,0.0063605553399121995,20,hard,0.2321163377395784,0.25,0.4141255848169731
lawbench,lawbench/lawbench-3-7-12-one-shot,lawbench-3-7-12-one-shot,0.9937720332054133,0.0062279667945867034,15,medium,0.6813076832186039,0.6253333333333334,0.3808738490483284
kumo,kumo/kumo-controlenv-t4-a6-v1-s0,kumo-controlenv-t4-a6-v1-s0,0.9937936932083714,0.006206306791628591,20,saturated,0.9517427275230802,0.9375,0.2218529918662356
arc-agi-2,arc-agi-2/arc-agi-2-409aa875_0,arc-agi-2-409aa875_0,0.9937954789614617,0.006204521038538302,20,hard,0.1126707563026986,0.1,0.2569046515733026
arc-agi-2,arc-agi-2/arc-agi-2-fc7cae8d_0,arc-agi-2-fc7cae8d_0,0.9937954789614617,0.006204521038538302,20,hard,0.0875896549406842,0.08,0.2039607805437113
swebench-multilingual,swebench-multilingual/swebench-multilingual-vuejs__core-11915,swebench-multilingual-vuejs__core-11915,0.9938361088644961,0.006163891135503863,14,easy,0.8058715206452244,0.6464285714285715,0.4513726231152695
arc-agi-2,arc-agi-2/arc-agi-2-a6f40cea_0,arc-agi-2-a6f40cea_0,0.9939855353885464,0.006014464611453607,19,hard,0.1242114895842854,0.1263157894736842,0.2691939337377773
lawbench,lawbench/lawbench-3-7-23-zero-shot,lawbench-3-7-23-zero-shot,0.9939944419389964,0.0060055580610035575,14,medium,0.6947182527554111,0.6360714285714286,0.408447315064836
lawbench,lawbench/lawbench-2-7-11-zero-shot,lawbench-2-7-11-zero-shot,0.9940340552421372,0.005965944757862829,15,medium,0.3111501437663016,0.2905982666666666,0.1789916843258243
lawbench,lawbench/lawbench-2-6-7-one-shot,lawbench-2-6-7-one-shot,0.9940340552421372,0.005965944757862829,14,medium,0.6470478541683046,0.5897335714285715,0.3784135706470056
arc-agi-2,arc-agi-2/arc-agi-2-8f3a5a89_0,arc-agi-2-8f3a5a89_0,0.9940528101419248,0.005947189858075186,20,hard,0.2008924987181398,0.21,0.3766961640367472
lawbench,lawbench/lawbench-3-2-12-one-shot,lawbench-3-2-12-one-shot,0.9940743849468986,0.005925615053101407,14,medium,0.3102623276552024,0.2890134285714286,0.1875579823249768
lawbench,lawbench/lawbench-3-2-23-one-shot,lawbench-3-2-23-one-shot,0.9940743849468986,0.005925615053101407,14,medium,0.3899464555392166,0.3590068571428571,0.2362263361275903
usaco,usaco/usaco-205,usaco-205,0.9942425966327352,0.005757403367264824,20,easy,0.8171902121697803,0.7699999999999999,0.3963584236521283
usaco,usaco/usaco-644,usaco-644,0.9942425966327352,0.005757403367264824,20,easy,0.8094272786950876,0.76,0.3929376540877699
arc-agi-2,arc-agi-2/arc-agi-2-4a21e3da_0,arc-agi-2-4a21e3da_0,0.9942456229795903,0.005754377020409707,20,hard,0.1933926387389826,0.2,0.3577708763999664
arc-agi-2,arc-agi-2/arc-agi-2-8e5c0c38_1,arc-agi-2-8e5c0c38_1,0.9942456229795903,0.005754377020409707,20,hard,0.2090638863361543,0.22,0.3893584466786357
lawbench,lawbench/lawbench-3-4-19-zero-shot,lawbench-3-4-19-zero-shot,0.9943212324698188,0.00567876753018115,15,medium,0.6112875586765815,0.5392804666666666,0.3914901537532145
arc-agi-2,arc-agi-2/arc-agi-2-b10624e5_0,arc-agi-2-b10624e5_0,0.9943335316985207,0.005666468301479322,20,hard,0.1857188446374517,0.19,0.3433656942677879
arc-agi-2,arc-agi-2/arc-agi-2-36a08778_0,arc-agi-2-36a08778_0,0.9943335316985207,0.005666468301479322,20,hard,0.2088151205183489,0.22,0.3893584466786357
lawbench,lawbench/lawbench-2-7-8-one-shot,lawbench-2-7-8-one-shot,0.994362308669815,0.005637691330184991,14,medium,0.3677043139871896,0.3366911428571429,0.2156032993064733
lawbench,lawbench/lawbench-2-10-5-one-shot,lawbench-2-10-5-one-shot,0.9943758866317812,0.005624113368218775,15,medium,0.6069483969080862,0.539959,0.3853841503635906
arc-agi-2,arc-agi-2/arc-agi-2-247ef758_0,arc-agi-2-247ef758_0,0.9944030849773002,0.005596915022699767,20,hard,0.2398400359394877,0.26,0.4294182110716777
arc-agi-2,arc-agi-2/arc-agi-2-135a2760_0,arc-agi-2-135a2760_0,0.9944210165499616,0.005578983450038377,20,hard,0.1777837612014828,0.18,0.3218695387886216
arc-agi-2,arc-agi-2/arc-agi-2-b6f77b65_0,arc-agi-2-b6f77b65_0,0.9944791091819585,0.005520890818041524,20,hard,0.1701037053416355,0.1699999999999999,0.3116087290176576
lawbench,lawbench/lawbench-3-3-20-one-shot,lawbench-3-3-20-one-shot,0.9944921812912303,0.005507818708769707,15,medium,0.5832016243221068,0.5315554,0.326101134717805
lawbench,lawbench/lawbench-3-2-19-zero-shot,lawbench-3-2-19-zero-shot,0.9945045155253452,0.005495484474654755,15,hard,0.2484483509333764,0.2203735999999999,0.1630427825195174
arc-agi-2,arc-agi-2/arc-agi-2-65b59efc_1,arc-agi-2-65b59efc_1,0.9946508059131958,0.005349194086804232,20,hard,0.201134170682784,0.21,0.3659234892706397
arc-agi-2,arc-agi-2/arc-agi-2-edb79dae_0,arc-agi-2-edb79dae_0,0.9946667703417021,0.0053332296582978556,20,hard,0.1936788513449402,0.2,0.3577708763999664
swebench-multilingual,swebench-multilingual/swebench-multilingual-micropython__micropython-13039,swebench-multilingual-micropython__micropython-13039,0.9946870710626528,0.00531292893734725,16,easy,0.836829881808929,0.7375,0.4284784125250652
swebench-multilingual,swebench-multilingual/swebench-multilingual-astral-sh__ruff-15443,swebench-multilingual-astral-sh__ruff-15443,0.9946870710626528,0.00531292893734725,14,easy,0.8260794854767717,0.7000000000000001,0.4456135417280634
lawbench,lawbench/lawbench-2-7-22-zero-shot,lawbench-2-7-22-zero-shot,0.9948456816414007,0.0051543183585992525,16,hard,0.1815654486498998,0.1705991875,0.1180978819614363
swebench-multilingual,swebench-multilingual/swebench-multilingual-tokio-rs__tokio-6838,swebench-multilingual-tokio-rs__tokio-6838,0.9949188133987583,0.005081186601241683,14,easy,0.8149752961535657,0.6607142857142857,0.4392276384374587
swebench-multilingual,swebench-multilingual/swebench-multilingual-fmtlib__fmt-3750,swebench-multilingual-fmtlib__fmt-3750,0.9949188133987583,0.005081186601241683,14,easy,0.8174605288124882,0.6666667142857143,0.4364357804720004
arc-agi-2,arc-agi-2/arc-agi-2-c4d067a0_0,arc-agi-2-c4d067a0_0,0.9949217124630926,0.005078287536907422,20,hard,0.2321475166126235,0.25,0.4141255848169731
arc-agi-2,arc-agi-2/arc-agi-2-d8e07eb2_1,arc-agi-2-d8e07eb2_1,0.9949217124630926,0.005078287536907422,20,hard,0.2090815317858445,0.22,0.3682390527904394
algotune,algotune/algotune-correlate2d-full-fill,algotune-correlate2d-full-fill,0.9950981686692059,0.0049018313307941375,25,easy,0.7737345894051652,0.7721859724779615,0.1597275644108345
arc-agi-2,arc-agi-2/arc-agi-2-6e453dd6_0,arc-agi-2-6e453dd6_0,0.9951040373060202,0.0048959626939798495,20,hard,0.2244676447214445,0.24,0.4176122603564219
arc-agi-2,arc-agi-2/arc-agi-2-136b0064_0,arc-agi-2-136b0064_0,0.9951040373060202,0.0048959626939798495,19,hard,0.2094939839131865,0.231578947368421,0.3961028994153006
lawbench,lawbench/lawbench-2-7-2-one-shot,lawbench-2-7-2-one-shot,0.9951943055633036,0.004805694436696428,16,medium,0.3012068148493473,0.278091125,0.1895588460135384
swebench-multilingual,swebench-multilingual/swebench-multilingual-google__gson-2134,swebench-multilingual-google__gson-2134,0.9952357946027385,0.004764205397261523,15,easy,0.8695403379495976,0.7777778000000001,0.3975231897886712
lawbench,lawbench/lawbench-3-3-8-zero-shot,lawbench-3-3-8-zero-shot,0.9954115030589208,0.004588496941079212,15,medium,0.3888871486207023,0.3427685333333333,0.2492071380587821
mmau,mmau/mmau-9b66a67f-d2a8-42df-a629-2d0035682fc7,mmau-9b66a67f-d2a8-42df-a629-2d0035682fc7,0.9955517752050853,0.00444822479491469,20,saturated,0.9717403833376024,0.96333335,0.1105038516171608
mmau,mmau/mmau-f4d842a3-faf6-40dd-8cf6-ee0f756bdb9a,mmau-f4d842a3-faf6-40dd-8cf6-ee0f756bdb9a,0.9955517752050853,0.00444822479491469,20,saturated,0.9845825955843688,0.98,0.0599999999999999
arc-agi-2,arc-agi-2/arc-agi-2-16de56c4_1,arc-agi-2-16de56c4_1,0.9956183947303969,0.004381605269603073,20,hard,0.1855199253626855,0.19,0.3491418050019217
labbench,labbench/labbench-figqa-0062,labbench-figqa-0062,0.9956295610500401,0.0043704389499599205,13,hard,0.2045848013482891,0.3230769230769231,0.4263509680169545
labbench,labbench/labbench-figqa-0067,labbench-figqa-0067,0.9956295610500401,0.0043704389499599205,13,hard,0.2122777841927822,0.3384615384615385,0.4394725186795599
swebench-multilingual,swebench-multilingual/swebench-multilingual-axios__axios-5892,swebench-multilingual-axios__axios-5892,0.9956395733600405,0.004360426639959503,15,easy,0.8442161192802622,0.7333333333333333,0.4073400799586944
swebench-multilingual,swebench-multilingual/swebench-multilingual-redis__redis-10764,swebench-multilingual-redis__redis-10764,0.9956395733600405,0.004360426639959503,16,easy,0.8509986502086099,0.7604166875,0.3907291477828213
arc-agi-2,arc-agi-2/arc-agi-2-446ef5d2_1,arc-agi-2-446ef5d2_1,0.995666047933931,0.004333952066069013,20,hard,0.1549861595623028,0.15,0.3090307428072488
arc-agi-2,arc-agi-2/arc-agi-2-97d7923e_0,arc-agi-2-97d7923e_0,0.995666047933931,0.004333952066069013,20,hard,0.1627098620877458,0.16,0.3322649545167229
lawbench,lawbench/lawbench-3-3-15-one-shot,lawbench-3-3-15-one-shot,0.9957674034012994,0.0042325965987005665,16,medium,0.4327144653580203,0.3958331875,0.274799072619482
lawbench,lawbench/lawbench-2-5-2-one-shot,lawbench-2-5-2-one-shot,0.9957674034012994,0.0042325965987005665,16,medium,0.5492934932620049,0.503657375,0.3481670030152332
arc-agi-2,arc-agi-2/arc-agi-2-20270e3b_1,arc-agi-2-20270e3b_1,0.9957838055136157,0.004216194486384328,20,hard,0.1775723802909568,0.18,0.34
arc-agi-2,arc-agi-2/arc-agi-2-7b5033c1_0,arc-agi-2-7b5033c1_0,0.9957838055136157,0.004216194486384328,20,hard,0.1698798627953497,0.1699999999999999,0.3241913015489466
arc-agi-2,arc-agi-2/arc-agi-2-e12f9a14_0,arc-agi-2-e12f9a14_0,0.9958133742323246,0.004186625767675367,20,hard,0.0665334435064798,0.06,0.18
arc-agi-2,arc-agi-2/arc-agi-2-a32d8b75_1,arc-agi-2-a32d8b75_1,0.9958133742323246,0.004186625767675367,20,hard,0.0551641354884109,0.05,0.1396424004376894
lawbench,lawbench/lawbench-3-5-12-one-shot,lawbench-3-5-12-one-shot,0.9958422293264702,0.004157770673529848,16,medium,0.6545676707554104,0.5876663125,0.4067128239751481
kumo,kumo/kumo-economicenv-t4-a6-v1-s1,kumo-economicenv-t4-a6-v1-s1,0.995925762805627,0.004074237194373054,17,saturated,0.9678879629452726,0.950980411764706,0.1372548613445542
kumo,kumo/kumo-sculptorenv-t4-a6-v1-s1,kumo-sculptorenv-t4-a6-v1-s1,0.995925762805627,0.004074237194373054,17,saturated,0.95279212842217,0.9313725294117648,0.1901051541307406
algotune,algotune/algotune-outer-product,algotune-outer-product,0.996045620177052,0.003954379822947995,22,frontier,0.0292362267934682,0.0233747734640355,0.107116668751388
algotune,algotune/algotune-svm,algotune-svm,0.996045620177052,0.003954379822947995,22,frontier,0.0375299838621263,0.0315606906756871,0.1223310747023382
swebench-multilingual,swebench-multilingual/swebench-multilingual-rubocop__rubocop-13362,swebench-multilingual-rubocop__rubocop-13362,0.9962275712316592,0.0037724287683408297,15,easy,0.81214771947799,0.6777778,0.4323350318365298
mmmlu,mmmlu/mmmlu-de-de-00024,mmmlu-de-de-00024,0.9963350519380266,0.003664948061973372,17,easy,0.94223706309773,0.9117647058823528,0.2564058202082749
mmmlu,mmmlu/mmmlu-zh-cn-00127,mmmlu-zh-cn-00127,0.9963350519380266,0.003664948061973372,19,easy,0.9460896248005456,0.9263157894736844,0.235845857920085
kumo,kumo/kumo-oceanenv-t4-a6-v1-s0,kumo-oceanenv-t4-a6-v1-s0,0.9963352870642286,0.003664712935771419,18,saturated,0.9711512978829504,0.9583333333333334,0.1249999999999999
kumo,kumo/kumo-testingenv-t4-a6-v1-s1,kumo-testingenv-t4-a6-v1-s1,0.9963352870642286,0.003664712935771419,16,saturated,0.9730692863552844,0.95625,0.127322179921646
swebench-multilingual,swebench-multilingual/swebench-multilingual-fluent__fluentd-3616,swebench-multilingual-fluent__fluentd-3616,0.9964276922614197,0.003572307738580305,14,easy,0.7985409155546852,0.6309523571428571,0.446230130498924
arc-agi-2,arc-agi-2/arc-agi-2-71e489b6_1,arc-agi-2-71e489b6_1,0.9964895535583476,0.0035104464416524372,20,hard,0.0878743084871587,0.08,0.1939071942966531
lawbench,lawbench/lawbench-2-4-3-zero-shot,lawbench-2-4-3-zero-shot,0.9965327033054175,0.0034672966945824557,14,medium,0.5568215261479355,0.5005952142857143,0.3173623806322938
lawbench,lawbench/lawbench-2-9-21-one-shot,lawbench-2-9-21-one-shot,0.9965327033054175,0.0034672966945824557,14,medium,0.6754926143168981,0.6123496428571428,0.388619178026805
lawbench,lawbench/lawbench-2-3-11-zero-shot,lawbench-2-3-11-zero-shot,0.996616915742554,0.003383084257446045,15,medium,0.6115445185208715,0.5359542666666666,0.3827253129246382
swebench-multilingual,swebench-multilingual/swebench-multilingual-fluent__fluentd-4655,swebench-multilingual-fluent__fluentd-4655,0.996720680335099,0.003279319664901026,14,easy,0.785722329222974,0.6071428571428571,0.4697480870702109
swebench-multilingual,swebench-multilingual/swebench-multilingual-sharkdp__bat-2393,swebench-multilingual-sharkdp__bat-2393,0.996720680335099,0.003279319664901026,15,easy,0.7930154086083119,0.6444444666666667,0.4629481489778118
arc-agi-2,arc-agi-2/arc-agi-2-581f7754_1,arc-agi-2-581f7754_1,0.9968353500486469,0.0031646499513531268,20,hard,0.1860166249034514,0.19,0.3491418050019217
arc-agi-2,arc-agi-2/arc-agi-2-cb2d8a2c_1,arc-agi-2-cb2d8a2c_1,0.9968353500486469,0.0031646499513531268,20,hard,0.1937100363747761,0.2,0.3687817782917155
kumo,kumo/kumo-politicalmanifestoenv-t4-a6-v1-s0,kumo-politicalmanifestoenv-t4-a6-v1-s0,0.9969301476419292,0.0030698523580707793,18,easy,0.9440532216483124,0.9259259444444444,0.2371527292898144
lawbench,lawbench/lawbench-2-5-19-one-shot,lawbench-2-5-19-one-shot,0.9969661187733684,0.0030338812266316184,16,medium,0.6170224403130633,0.5623876875,0.3804620747519913
lawbench,lawbench/lawbench-2-4-16-zero-shot,lawbench-2-4-16-zero-shot,0.9970169304043359,0.0029830695956640785,16,medium,0.4776540425943764,0.43234375,0.2927315706597727
kumo,kumo/kumo-chemicalenv-t4-a6-v1-s1,kumo-chemicalenv-t4-a6-v1-s1,0.9971059660872703,0.0028940339127296877,19,easy,0.9358941312684258,0.9122807368421052,0.2379764544221797
kumo,kumo/kumo-cloudenv-t4-a6-v1-s0,kumo-cloudenv-t4-a6-v1-s0,0.9971059660872703,0.0028940339127296877,20,easy,0.9391013516742042,0.92083335,0.2289392626270721
lawbench,lawbench/lawbench-2-7-17-zero-shot,lawbench-2-7-17-zero-shot,0.9971584142264435,0.002841585773556532,15,hard,0.2096184373950642,0.1895918666666666,0.1369512423460099
lawbench,lawbench/lawbench-2-7-0-zero-shot,lawbench-2-7-0-zero-shot,0.9971584142264435,0.002841585773556532,15,hard,0.2706155574618885,0.2442726666666667,0.1759281120559064
arc-agi-2,arc-agi-2/arc-agi-2-8698868d_0,arc-agi-2-8698868d_0,0.9972443630975143,0.002755636902485703,20,hard,0.0926918203567053,0.08,0.2135415650406262
arc-agi-2,arc-agi-2/arc-agi-2-dfadab01_0,arc-agi-2-dfadab01_0,0.9972443630975143,0.002755636902485703,20,hard,0.06958239866763,0.06,0.156204993518133
lawbench,lawbench/lawbench-3-1-15-zero-shot,lawbench-3-1-15-zero-shot,0.9972524836246021,0.0027475163753979404,15,medium,0.6445948797832227,0.574207,0.4091040252912047
lawbench,lawbench/lawbench-3-1-23-zero-shot,lawbench-3-1-23-zero-shot,0.9973370829095635,0.002662917090436534,15,medium,0.6674153370963958,0.5909264666666666,0.4213234255615459
algotune,algotune/algotune-communicability,algotune-communicability,0.9973560158783203,0.0026439841216796545,25,easy,0.7946518999553013,0.7934357855774725,0.1624073005039512
algotune,algotune/algotune-convolve2d-full-fill,algotune-convolve2d-full-fill,0.9973560158783203,0.0026439841216796545,25,easy,0.7826557042120336,0.7812836839161384,0.1601059134354786
swebench-multilingual,swebench-multilingual/swebench-multilingual-valkey-io__valkey-1499,swebench-multilingual-valkey-io__valkey-1499,0.9974647180625607,0.0025352819374393487,14,easy,0.836201173753952,0.7000000000000001,0.4456135417280634
arc-agi-2,arc-agi-2/arc-agi-2-58f5dbd5_0,arc-agi-2-58f5dbd5_0,0.9975680099906794,0.002431990009320595,20,hard,0.2011348806898334,0.21,0.360416425818802
arc-agi-2,arc-agi-2/arc-agi-2-36a08778_1,arc-agi-2-36a08778_1,0.9975680099906794,0.002431990009320595,20,hard,0.1547053405735751,0.16,0.28
swebench-multilingual,swebench-multilingual/swebench-multilingual-phpoffice__phpspreadsheet-3940,swebench-multilingual-phpoffice__phpspreadsheet-3940,0.9977360854740845,0.002263914525915456,14,easy,0.8572369697789776,0.7619047857142858,0.4068573156322177
swebench-multilingual,swebench-multilingual/swebench-multilingual-prometheus__prometheus-10720,swebench-multilingual-prometheus__prometheus-10720,0.9977360854740845,0.002263914525915456,13,easy,0.8617730488595099,0.75,0.4160251471689218
humanevalfix,humanevalfix/humanevalfix-python-2,humanevalfix-python-2,0.9977407071289282,0.0022592928710718496,13,saturated,0.9764529083869924,0.9615384615384616,0.1332346775052982
lawbench,lawbench/lawbench-3-7-11-zero-shot,lawbench-3-7-11-zero-shot,0.997784179852187,0.0022158201478129635,16,easy,0.7386754511345921,0.6653125,0.4511425382778152
humanevalfix,humanevalfix/humanevalfix-python-54,humanevalfix-python-54,0.9978632855701192,0.002136714429880837,16,saturated,0.9859354837463212,0.9791666875,0.0806870723588348
humanevalfix,humanevalfix/humanevalfix-python-60,humanevalfix-python-60,0.9978632855701192,0.002136714429880837,12,saturated,0.9778241925829236,0.9583333333333334,0.1381926995981416
lawbench,lawbench/lawbench-2-9-16-one-shot,lawbench-2-9-16-one-shot,0.9979400335382617,0.0020599664617383384,14,medium,0.6665008511007477,0.5964410714285714,0.3823108860767381
lawbench,lawbench/lawbench-3-5-1-one-shot,lawbench-3-5-1-one-shot,0.9979400335382617,0.0020599664617383384,15,easy,0.7284084166801944,0.6712075333333334,0.4073606227222371
replicationbench,replicationbench/replicationbench-galaxy_manifold__svd_analysis,replicationbench-galaxy_manifold__svd_analysis,0.9980632103645728,0.0019367896354272052,17,hard,0.0606282595641655,0.0745098235294117,0.2043736132168773
lawbench,lawbench/lawbench-3-7-21-one-shot,lawbench-3-7-21-one-shot,0.9982047999914418,0.001795200008558151,16,medium,0.6835353028802555,0.615625,0.4152253717862144
lawbench,lawbench/lawbench-3-3-7-zero-shot,lawbench-3-3-7-zero-shot,0.998287311696046,0.0017126883039539909,15,medium,0.4154980785985709,0.3679628666666666,0.2623940653134433
lawbench,lawbench/lawbench-3-5-17-one-shot,lawbench-3-5-17-one-shot,0.998287311696046,0.0017126883039539909,16,medium,0.612148546043604,0.5637477500000001,0.3841743019332989
lawbench,lawbench/lawbench-2-3-10-zero-shot,lawbench-2-3-10-zero-shot,0.9982991055864932,0.0017008944135068482,15,medium,0.5980698380175009,0.5308650666666667,0.3839445972471317
lawbench,lawbench/lawbench-2-3-12-one-shot,lawbench-2-3-12-one-shot,0.9982991055864932,0.0017008944135068482,15,medium,0.5075588009629957,0.4520782666666667,0.3237428154175197
lawbench,lawbench/lawbench-2-9-12-zero-shot,lawbench-2-9-12-zero-shot,0.9983248649676345,0.0016751350323654934,14,medium,0.6492967564283294,0.6166740714285714,0.3912399818698172
humanevalfix,humanevalfix/humanevalfix-python-99,humanevalfix-python-99,0.998350159282748,0.001649840717252049,20,saturated,0.9609008249372448,0.95,0.1532970971675589
humanevalfix,humanevalfix/humanevalfix-python-16,humanevalfix-python-16,0.998350159282748,0.001649840717252049,20,easy,0.945303647955224,0.93,0.212367605815953
replicationbench,replicationbench/replicationbench-muse_outflows__electron_density,replicationbench-muse_outflows__electron_density,0.9984821402376884,0.0015178597623115575,17,hard,0.08440839412557,0.0823529411764705,0.2478977353612409
replicationbench,replicationbench/replicationbench-bayes_cal__evidence,replicationbench-bayes_cal__evidence,0.9984821402376884,0.0015178597623115575,17,frontier,0.0478941008474558,0.0470588235294117,0.1459961605410689
kumo,kumo/kumo-marketingenv-t4-a6-v1-s1,kumo-marketingenv-t4-a6-v1-s1,0.9984991224044225,0.0015008775955774878,15,saturated,0.95995819825854,0.9333333333333332,0.1805342278002213
kumo,kumo/kumo-computationenv-t4-a6-v1-s0,kumo-computationenv-t4-a6-v1-s0,0.9984991224044225,0.0015008775955774878,20,easy,0.9422173067720678,0.925,0.2384848003542364
lawbench,lawbench/lawbench-3-2-13-zero-shot,lawbench-3-2-13-zero-shot,0.9986865816474777,0.0013134183525222998,15,hard,0.2709722749445396,0.2381768,0.1702381904282741
lawbench,lawbench/lawbench-3-3-13-zero-shot,lawbench-3-3-13-zero-shot,0.9986865816474777,0.0013134183525222998,15,medium,0.4818809481056673,0.4189999333333333,0.2995068471610105
lawbench,lawbench/lawbench-3-1-0-one-shot,lawbench-3-1-0-one-shot,0.9987210691870912,0.0012789308129087518,15,medium,0.5828353568437298,0.5093207333333333,0.3630827872105693
mmau,mmau/mmau-ea71891f-e931-41f9-a093-c3442c5683ed,mmau-ea71891f-e931-41f9-a093-c3442c5683ed,0.9988302528728761,0.0011697471271239213,20,saturated,0.9615381678115696,0.95,0.1774823934929885
lawbench,lawbench/lawbench-3-7-5-one-shot,lawbench-3-7-5-one-shot,0.998830616462916,0.0011693835370839567,15,easy,0.7662618759199483,0.7073333333333333,0.4279636537007423
kumo,kumo/kumo-neuroenv-t4-a6-v1-s0,kumo-neuroenv-t4-a6-v1-s0,0.9988322013796046,0.0011677986203953994,18,easy,0.9472588615021006,0.9305555555555556,0.2328202029755584
kumo,kumo/kumo-mineralclassificationenv-t4-a6-v1-s1,kumo-mineralclassificationenv-t4-a6-v1-s1,0.9988322013796046,0.0011677986203953994,19,easy,0.9491843323295248,0.936842105263158,0.2252729953582389
mmau,mmau/mmau-293c7acb-5548-414e-9fc6-7d3db2cc7ec7,mmau-293c7acb-5548-414e-9fc6-7d3db2cc7ec7,0.9988490529251428,0.0011509470748571893,20,easy,0.9441923041942892,0.9275,0.2233131209759068
mmau,mmau/mmau-002ebba8-7aa4-445b-aab3-ed17e592cd30,mmau-002ebba8-7aa4-445b-aab3-ed17e592cd30,0.9988490529251428,0.0011509470748571893,20,easy,0.9461236886640154,0.93,0.2215851980616034
lawbench,lawbench/lawbench-3-5-22-one-shot,lawbench-3-5-22-one-shot,0.9988822118744485,0.001117788125551522,16,medium,0.6637331883692567,0.6034780625,0.4095404984494007
lawbench,lawbench/lawbench-2-9-16-zero-shot,lawbench-2-9-16-zero-shot,0.9988822118744485,0.001117788125551522,15,medium,0.6318285434209359,0.5561370666666667,0.3970904492949461
lawbench,lawbench/lawbench-2-6-24-one-shot,lawbench-2-6-24-one-shot,0.9988841787760934,0.0011158212239066323,16,medium,0.6362562830680667,0.5823905625,0.3934722984920553
lawbench,lawbench/lawbench-3-3-2-zero-shot,lawbench-3-3-2-zero-shot,0.9988841787760934,0.0011158212239066323,16,medium,0.4241747208475815,0.38720825,0.2617283478655636
lawbench,lawbench/lawbench-3-7-2-zero-shot,lawbench-3-7-2-zero-shot,0.9990870885075503,0.0009129114924496529,15,easy,0.7277386008240598,0.6733333333333333,0.4073436987224534
lawbench,lawbench/lawbench-3-3-0-zero-shot,lawbench-3-3-0-zero-shot,0.9991703328598097,0.0008296671401902822,15,medium,0.4962259462011015,0.4334074,0.3066933539309908
lawbench,lawbench/lawbench-3-7-21-zero-shot,lawbench-3-7-21-zero-shot,0.9991946779260826,0.0008053220739173694,15,medium,0.6939583405962059,0.6310000000000001,0.3849251009395638
lawbench,lawbench/lawbench-3-7-24-one-shot,lawbench-3-7-24-one-shot,0.9991946779260826,0.0008053220739173694,15,easy,0.7276284825211162,0.6648333333333333,0.4058083154506433
lawbench,lawbench/lawbench-3-7-6-zero-shot,lawbench-3-7-6-zero-shot,0.9992196035126676,0.0007803964873324132,15,easy,0.7584094889653946,0.7002222,0.4230755289776992
lawbench,lawbench/lawbench-3-7-8-zero-shot,lawbench-3-7-8-zero-shot,0.9992565408882684,0.0007434591117315703,15,easy,0.7458091834303199,0.6849999999999999,0.4136302696853798
lawbench,lawbench/lawbench-3-7-9-zero-shot,lawbench-3-7-9-zero-shot,0.9992565408882684,0.0007434591117315703,14,easy,0.7562452258248002,0.7399999999999999,0.3869846803907654
mmmlu,mmmlu/mmmlu-es-la-00042,mmmlu-es-la-00042,0.9994726804222948,0.0005273195777052431,17,saturated,0.9653727628111088,0.9470588235294118,0.1459961605410689
lawbench,lawbench/lawbench-2-10-1-one-shot,lawbench-2-10-1-one-shot,0.9994794635091068,0.0005205364908932308,15,medium,0.6136485096187303,0.5383144666666666,0.3845347160348233
lawbench,lawbench/lawbench-3-5-2-zero-shot,lawbench-3-5-2-zero-shot,0.9994794635091068,0.0005205364908932308,16,medium,0.6592340848201738,0.5943515,0.4043764090324756
aider-polyglot,aider-polyglot/polyglot_go_trinary,polyglot_go_trinary,0.9995351809637903,0.0004648190362096516,26,frontier,0.0384615384615384,0.0384615384615384,0.1360908154842625
aider-polyglot,aider-polyglot/polyglot_go_hexadecimal,polyglot_go_hexadecimal,0.9995351809637903,0.0004648190362096516,26,hard,0.05,0.05,0.1781313257986063
lawbench,lawbench/lawbench-3-5-21-one-shot,lawbench-3-5-21-one-shot,0.999617413125548,0.0003825868744520289,15,medium,0.6752368305554963,0.5918045333333333,0.4194915342945339
lawbench,lawbench/lawbench-3-5-15-one-shot,lawbench-3-5-15-one-shot,0.999617413125548,0.0003825868744520289,15,medium,0.666890413784729,0.5893615333333333,0.417448573235054
bixbench,bixbench/bix-25-q1,bix-25-q1,0.9996630929595067,0.0003369070404932728,20,hard,0.0710355345922214,0.0675,0.1832177666057525
bixbench,bixbench/bix-45-q6,bix-45-q6,0.9996630929595067,0.0003369070404932728,20,hard,0.0738778615967386,0.07,0.1926136028425822
gpqa-diamond,gpqa-diamond/gpqa-diamond-197,gpqa-diamond-197,0.9996637409841912,0.00033625901580880413,18,easy,0.9459382817576796,0.9518518333333332,0.156829075700001
gpqa-diamond,gpqa-diamond/gpqa-diamond-77,gpqa-diamond-77,0.9996637409841912,0.00033625901580880413,20,saturated,0.950615557735413,0.96,0.1356465996625053
lawbench,lawbench/lawbench-3-4-1-one-shot,lawbench-3-4-1-one-shot,0.9997116493917797,0.00028835060822030023,16,medium,0.6979860041315707,0.631892,0.4284051411305949
lawbench,lawbench/lawbench-3-4-9-one-shot,lawbench-3-4-9-one-shot,0.9997116493917797,0.00028835060822030023,16,medium,0.6560322676664759,0.5926649374999999,0.4018601791879031
swebench-multilingual,swebench-multilingual/swebench-multilingual-redis__redis-11510,swebench-multilingual-redis__redis-11510,0.9999681752327692,3.182476723084804e-05,15,easy,0.8250709747610029,0.7,0.4396968652757639
swebench-multilingual,swebench-multilingual/swebench-multilingual-fmtlib__fmt-2317,swebench-multilingual-fmtlib__fmt-2317,0.9999681752327692,3.182476723084804e-05,14,easy,0.8241890972666959,0.6785714285714286,0.4474987173622024
gpqa-diamond,gpqa-diamond/gpqa-diamond-58,gpqa-diamond-58,0.9999689511772338,3.1048822766166495e-05,20,saturated,0.984190357802574,0.98,0.0871779788708134
gpqa-diamond,gpqa-diamond/gpqa-diamond-49,gpqa-diamond-49,0.9999689511772338,3.1048822766166495e-05,19,saturated,0.9840684962179626,0.9789473684210528,0.0893187513077744
humanevalfix,humanevalfix/humanevalfix-python-74,humanevalfix-python-74,0.9999689918155817,3.100818441825748e-05,12,saturated,0.9803893472908096,0.9583333333333334,0.1381926995981416
humanevalfix,humanevalfix/humanevalfix-python-36,humanevalfix-python-36,0.9999689918155817,3.100818441825748e-05,17,saturated,0.9806404024440576,0.9705882352941176,0.1176470588235294
bigcodebench,bigcodebench/bigcodebench_139,bigcodebench_139,0.9999698669974466,3.0133002553389687e-05,13,easy,0.9224213744333368,0.8461538461538461,0.3608012122941099
bigcodebench,bigcodebench/bigcodebench_308,bigcodebench_308,0.9999698669974466,3.0133002553389687e-05,20,easy,0.9230678476632262,0.9,0.3
swebench-multilingual,swebench-multilingual/swebench-multilingual-astral-sh__ruff-15330,swebench-multilingual-astral-sh__ruff-15330,0.9999743034968748,2.5696503125227643e-05,15,easy,0.767374442079907,0.6,0.4898979485566356
swebench-multilingual,swebench-multilingual/swebench-multilingual-axios__axios-5085,swebench-multilingual-axios__axios-5085,0.9999743034968748,2.5696503125227643e-05,15,easy,0.7664866093416601,0.6,0.4898979485566356
humanevalfix,humanevalfix/humanevalfix-python-49,humanevalfix-python-49,0.9999832031575946,1.6796842405408796e-05,16,saturated,0.9614751493065676,0.9375,0.2420614591379635
humanevalfix,humanevalfix/humanevalfix-python-61,humanevalfix-python-61,0.9999832031575946,1.6796842405408796e-05,13,saturated,0.9613197751662644,0.9230769230769232,0.2664693550105965
kumo,kumo/kumo-musicgenresenv-t4-a6-v1-s0,kumo-musicgenresenv-t4-a6-v1-s0,0.9999853010339935,1.4698966006476688e-05,18,saturated,0.9871072092562876,0.9814815,0.0763537315280006
kumo,kumo/kumo-currencyenv-t4-a6-v1-s1,kumo-currencyenv-t4-a6-v1-s1,0.9999853010339935,1.4698966006476688e-05,16,saturated,0.9871526882861484,0.9791666875,0.0806870723588348
swebench-multilingual,swebench-multilingual/swebench-multilingual-laravel__framework-51195,swebench-multilingual-laravel__framework-51195,0.9999860411716086,1.395882839139162e-05,16,easy,0.8574179604732917,0.7708333125,0.4034357878223495
swebench-multilingual,swebench-multilingual/swebench-multilingual-gohugoio__hugo-12171,swebench-multilingual-gohugoio__hugo-12171,0.9999878583468876,1.2141653112363038e-05,15,easy,0.805429394273896,0.6666666666666666,0.4346134936801766
swebench-multilingual,swebench-multilingual/swebench-multilingual-fluent__fluentd-3608,swebench-multilingual-fluent__fluentd-3608,0.9999878583468876,1.2141653112363038e-05,14,easy,0.8049537636437244,0.6428571428571429,0.4403152859263554
swebench-multilingual,swebench-multilingual/swebench-multilingual-uutils__coreutils-6731,swebench-multilingual-uutils__coreutils-6731,0.9999880986668299,1.1901333170083461e-05,14,easy,0.8182511078638625,0.6666666428571428,0.4542567800509196
swebench-multilingual,swebench-multilingual/swebench-multilingual-facebook__docusaurus-10130,swebench-multilingual-facebook__docusaurus-10130,0.9999880986668299,1.1901333170083461e-05,14,easy,0.8177762491776566,0.6666666428571428,0.4542567800509196
gpqa-diamond,gpqa-diamond/gpqa-diamond-112,gpqa-diamond-112,0.9999899174256958,1.0082574304237646e-05,19,saturated,0.96126166085351,0.9614035263157894,0.0925677052508443
gpqa-diamond,gpqa-diamond/gpqa-diamond-196,gpqa-diamond-196,0.9999899174256958,1.0082574304237646e-05,18,saturated,0.9612590170614846,0.9592592777777776,0.0946438860030386
swebench-multilingual,swebench-multilingual/swebench-multilingual-gohugoio__hugo-12579,swebench-multilingual-gohugoio__hugo-12579,0.9999911606265743,8.83937342566199e-06,15,easy,0.8823634273520853,0.8,0.4000000000000001
swebench-multilingual,swebench-multilingual/swebench-multilingual-tokio-rs__axum-682,swebench-multilingual-tokio-rs__axum-682,0.9999911606265743,8.83937342566199e-06,15,easy,0.8826695107156278,0.8,0.4000000000000001
usaco,usaco/usaco-940,usaco-940,0.9999911788716618,8.82112833822113e-06,19,easy,0.8447851494850298,0.7894736842105263,0.4076824574955175
usaco,usaco/usaco-187,usaco-187,0.9999911788716618,8.82112833822113e-06,20,easy,0.8450901314704438,0.8,0.4
swebench-multilingual,swebench-multilingual/swebench-multilingual-preactjs__preact-3010,swebench-multilingual-preactjs__preact-3010,0.9999914416962461,8.558303753902763e-06,13,easy,0.8824384001578431,0.7692307692307693,0.4213250442347432
swebench-multilingual,swebench-multilingual/swebench-multilingual-phpoffice__phpspreadsheet-4186,swebench-multilingual-phpoffice__phpspreadsheet-4186,0.9999914416962461,8.558303753902763e-06,15,easy,0.8827397762126098,0.8,0.4000000000000001
swebench-multilingual,swebench-multilingual/swebench-multilingual-immutable-js__immutable-js-2006,swebench-multilingual-immutable-js__immutable-js-2006,0.9999919611383051,8.038861694870114e-06,14,easy,0.8567171352453375,0.7380952142857142,0.4212334993774116
swebench-multilingual,swebench-multilingual/swebench-multilingual-gin-gonic__gin-4003,swebench-multilingual-gin-gonic__gin-4003,0.9999919611383051,8.038861694870114e-06,16,easy,0.8570241237417533,0.7708333125,0.4034357878223495
kumo,kumo/kumo-rocketfuelenv-t4-a6-v1-s1,kumo-rocketfuelenv-t4-a6-v1-s1,0.9999921706089758,7.829391024172239e-06,15,saturated,0.990298263733826,0.9833333333333332,0.0623609564462323
swebench-multilingual,swebench-multilingual/swebench-multilingual-rubocop__rubocop-13560,swebench-multilingual-rubocop__rubocop-13560,0.9999926245567133,7.375443286661287e-06,15,frontier,0.0220297575937073,0.0333333333333333,0.1247219128924647
swebench-multilingual,swebench-multilingual/swebench-multilingual-fmtlib__fmt-3901,swebench-multilingual-fmtlib__fmt-3901,0.9999935554840941,6.444515905923431e-06,15,easy,0.8000007541906178,0.6666666666666666,0.4714045207910317
swebench-multilingual,swebench-multilingual/swebench-multilingual-laravel__framework-53206,swebench-multilingual-laravel__framework-53206,0.9999935554840941,6.444515905923431e-06,15,easy,0.8003693072921174,0.6666666666666666,0.4714045207910317
swebench-multilingual,swebench-multilingual/swebench-multilingual-axios__axios-4731,swebench-multilingual-axios__axios-4731,0.9999942813568232,5.718643176777505e-06,15,easy,0.805838065189793,0.6666666666666666,0.4714045207910317
swebench-multilingual,swebench-multilingual/swebench-multilingual-laravel__framework-51890,swebench-multilingual-laravel__framework-51890,0.9999942813568232,5.718643176777505e-06,17,easy,0.8061330980969791,0.7058823529411765,0.4556450995538137
featurebench-modal,featurebench-modal/featurebench-modal-mlflow__mlflow.93dab383.test_file_store_logged_model.a9596c54.lv1,featurebench-modal-mlflow__mlflow.93dab383.test_file_store_logged_model.a9596c54.lv1,0.9999982202387478,1.7797612521519568e-06,12,hard,0.1511159121664108,0.0833333333333333,0.2763853991962833
kumo,kumo/kumo-fungalenv-t4-a6-v1-s1,kumo-fungalenv-t4-a6-v1-s1,0.999998924614107,1.0753858930012683e-06,18,saturated,0.974237892660323,0.9629629444444444,0.1527076921174249
kumo,kumo/kumo-motifanalysisenv-t4-a6-v1-s0,kumo-motifanalysisenv-t4-a6-v1-s0,0.999998924614107,1.0753858930012683e-06,17,saturated,0.9742381875094408,0.960784294117647,0.1568628235294117
reasoning-gym,reasoning-gym/reasoning-gym-algorithmic-count-primes-hard0292e21f-seed45-2,reasoning-gym-algorithmic-count-primes-hard0292e21f-seed45-2,0.9999989635389497,1.0364610503188487e-06,12,saturated,0.9614632813271136,0.9166666666666666,0.2763853991962833
kumo,kumo/kumo-spiceenv-t4-a6-v1-s0,kumo-spiceenv-t4-a6-v1-s0,0.9999990312942105,9.687057894725015e-07,19,saturated,0.9802110466701432,0.9736842105263158,0.111648439134718
swebench-multilingual,swebench-multilingual/swebench-multilingual-projectlombok__lombok-3215,swebench-multilingual-projectlombok__lombok-3215,0.9999997700869305,2.2991306947162116e-07,13,frontier,0.0147514297217668,0.025641,0.0888230295137471
swebench-multilingual,swebench-multilingual/swebench-multilingual-redis__redis-11734,swebench-multilingual-redis__redis-11734,0.9999997700869305,2.2991306947162116e-07,14,frontier,0.0442281230965077,0.0714285714285714,0.2575393768188563
mmmlu,mmmlu/mmmlu-id-id-00074,mmmlu-id-id-00074,0.9999997707597378,2.2924026221726734e-07,16,saturated,0.9807119304408162,0.96875,0.1210307295689817
mmmlu,mmmlu/mmmlu-ja-jp-00096,mmmlu-ja-jp-00096,0.9999998192550984,1.8074490160113754e-07,18,saturated,0.9551035886231692,0.9351851666666666,0.185416582281404
mmmlu,mmmlu/mmmlu-ar-xy-00002,mmmlu-ar-xy-00002,0.9999998192550984,1.8074490160113754e-07,19,saturated,0.9550847349030336,0.9385964736842104,0.1810506502339719
mmmlu,mmmlu/mmmlu-en-us-00037,mmmlu-en-us-00037,0.9999998644901945,1.355098054878212e-07,18,saturated,0.961506538905098,0.9444444444444444,0.1571348402636772
gpqa-diamond,gpqa-diamond/gpqa-diamond-107,gpqa-diamond-107,0.9999998864432652,1.135567347931854e-07,18,saturated,0.964962209950744,0.9722222222222222,0.1145307118227128
gpqa-diamond,gpqa-diamond/gpqa-diamond-4,gpqa-diamond-4,0.9999998864432652,1.135567347931854e-07,17,saturated,0.9532909552890928,0.960784294117647,0.1568628235294117
gpqa-diamond,gpqa-diamond/gpqa-diamond-50,gpqa-diamond-50,0.999999893057105,1.0694289498403009e-07,19,saturated,0.9576022631309192,0.963157894736842,0.1179229289600425
gpqa-diamond,gpqa-diamond/gpqa-diamond-55,gpqa-diamond-55,0.999999893057105,1.0694289498403009e-07,20,saturated,0.9576137811806228,0.965,0.1152171862180291
mmmlu,mmmlu/mmmlu-ja-jp-00094,mmmlu-ja-jp-00094,0.9999999081182641,9.188173588636772e-08,19,saturated,0.9775553037253216,0.9692982631578948,0.0905252371417072
gpqa-diamond,gpqa-diamond/gpqa-diamond-195,gpqa-diamond-195,0.9999999232337413,7.676625868313636e-08,18,saturated,0.9766464217445332,0.9814815,0.0763537315280006
gpqa-diamond,gpqa-diamond/gpqa-diamond-175,gpqa-diamond-175,0.9999999232337413,7.676625868313636e-08,19,easy,0.9299406934877994,0.9473684210526316,0.223296878269436
mmmlu,mmmlu/mmmlu-zh-cn-00126,mmmlu-zh-cn-00126,0.9999999308038121,6.919618789069659e-08,16,saturated,0.955076931344222,0.9270833125,0.1951562508340172
mmmlu,mmmlu/mmmlu-en-us-00036,mmmlu-en-us-00036,0.9999999308038121,6.919618789069659e-08,18,saturated,0.9550971662495904,0.9351851666666666,0.185416582281404
kumo,kumo/kumo-testingenv-t4-a6-v1-s0,kumo-testingenv-t4-a6-v1-s0,0.999999941917249,5.808275105323446e-08,19,easy,0.9230575632823346,0.8947368421052632,0.3068922049918579
bigcodebench,bigcodebench/bigcodebench_34,bigcodebench_34,0.9999999599252014,4.007479859069463e-08,16,saturated,0.9615264088635228,0.9375,0.2420614591379635
mmmlu,mmmlu/mmmlu-ar-xy-00006,mmmlu-ar-xy-00006,0.9999999619172727,3.808272730498885e-08,18,saturated,0.9615382834581409,0.9444444444444444,0.1571348402636772
mmmlu,mmmlu/mmmlu-hi-in-00067,mmmlu-hi-in-00067,0.9999999619172727,3.808272730498885e-08,17,saturated,0.9615306862877326,0.9411764705882352,0.1610948698544606
gpqa-diamond,gpqa-diamond/gpqa-diamond-104,gpqa-diamond-104,0.9999999669618879,3.3038112134953224e-08,20,saturated,0.9689760880126104,0.97333335,0.0827310958601873
gpqa-diamond,gpqa-diamond/gpqa-diamond-114,gpqa-diamond-114,0.9999999669618879,3.3038112134953224e-08,19,saturated,0.9689715567439282,0.9719298421052632,0.0846479232712354
mmmlu,mmmlu/mmmlu-pt-br-00117,mmmlu-pt-br-00117,0.9999999770278318,2.297216816771197e-08,18,saturated,0.9679301544709732,0.9537037222222222,0.1338595185756759
mmmlu,mmmlu/mmmlu-ko-kr-00102,mmmlu-ko-kr-00102,0.9999999770278318,2.297216816771197e-08,16,easy,0.9358734003443588,0.8958333125,0.2818281511326359
gpqa-diamond,gpqa-diamond/gpqa-diamond-132,gpqa-diamond-132,0.9999999775821069,2.2417893097426145e-08,19,saturated,0.9572731954452702,0.963157894736842,0.1179229289600425
humanevalfix,humanevalfix/humanevalfix-python-46,humanevalfix-python-46,0.9999999777867553,2.2213244688096268e-08,17,saturated,0.990115760718864,0.9852941176470588,0.0588235294117647
humanevalfix,humanevalfix/humanevalfix-python-70,humanevalfix-python-70,0.9999999777867553,2.2213244688096268e-08,20,saturated,0.9762855367038608,0.97,0.1307669683062202
mmmlu,mmmlu/mmmlu-fr-fr-00054,mmmlu-fr-fr-00054,0.9999999778936524,2.210634764132635e-08,16,saturated,0.9807592642988898,0.96875,0.1210307295689817
kumo,kumo/kumo-machinepartenv-t4-a6-v1-s0,kumo-machinepartenv-t4-a6-v1-s0,0.9999999819477254,1.8052274564084314e-08,19,saturated,0.9802342751913108,0.9736842105263158,0.111648439134718
kumo,kumo/kumo-timetravelenv-t4-a6-v1-s0,kumo-timetravelenv-t4-a6-v1-s0,0.9999999825786264,1.7421373565973397e-08,18,saturated,0.9615250081875958,0.9444444444444444,0.2290614236454256
mmmlu,mmmlu/mmmlu-zh-cn-00122,mmmlu-zh-cn-00122,0.9999999840031305,1.599686949571577e-08,19,saturated,0.9615203642578088,0.9473684210526316,0.1534461024959289
mmmlu,mmmlu/mmmlu-ko-kr-00109,mmmlu-ko-kr-00109,0.9999999840031305,1.599686949571577e-08,18,saturated,0.9615265027452944,0.9444444444444444,0.1571348402636772
kumo,kumo/kumo-medicalenv-t4-a6-v1-s0,kumo-medicalenv-t4-a6-v1-s0,0.9999999852184757,1.4781524337870167e-08,15,saturated,0.9615330408284912,0.9333333333333332,0.2494438257849294
kumo,kumo/kumo-sorcererenv-t4-a6-v1-s1,kumo-sorcererenv-t4-a6-v1-s1,0.9999999852184757,1.4781524337870167e-08,18,saturated,0.9903808851958652,0.9861111111111112,0.0572653559113564
kumo,kumo/kumo-transdimensionalenv-t4-a6-v1-s0,kumo-transdimensionalenv-t4-a6-v1-s0,0.9999999854649023,1.4535097681012132e-08,18,easy,0.9230761649006024,0.8888888888888888,0.3142696805273545
bigcodebench,bigcodebench/bigcodebench_1085,bigcodebench_1085,0.9999999871499978,1.2850002173436792e-08,15,saturated,0.9615382016068652,0.9333333333333332,0.2494438257849294
bigcodebench,bigcodebench/bigcodebench_19,bigcodebench_19,0.9999999871499978,1.2850002173436792e-08,14,saturated,0.9615322641602748,0.9285714285714286,0.2575393768188563
kumo,kumo/kumo-beverageenv-t4-a6-v1-s1,kumo-beverageenv-t4-a6-v1-s1,0.9999999877484688,1.2251531233964386e-08,19,saturated,0.9807689747977416,0.9736842105263158,0.111648439134718
mmmlu,mmmlu/mmmlu-id-id-00079,mmmlu-id-id-00079,0.9999999912693227,8.730677292234645e-09,18,saturated,0.9807473348191528,0.9722222222222222,0.1145307118227128
humanevalfix,humanevalfix/humanevalfix-python-38,humanevalfix-python-38,0.9999999918183022,8.181697763731677e-09,18,saturated,0.9615379562161414,0.9444444444444444,0.2290614236454256
humanevalfix,humanevalfix/humanevalfix-python-21,humanevalfix-python-21,0.9999999918183022,8.181697763731677e-09,13,saturated,0.9615367195682092,0.9230769230769232,0.2664693550105965
reasoning-gym,reasoning-gym/reasoning-gym-algebra-complex-arithmetic-hard0292e21f-seed45-1,reasoning-gym-algebra-complex-arithmetic-hard0292e21f-seed45-1,0.9999999932841029,6.715897060693976e-09,12,saturated,0.9615375673284614,0.9166666666666666,0.2763853991962833
kumo,kumo/kumo-gemstoneenv-t4-a6-v1-s0,kumo-gemstoneenv-t4-a6-v1-s0,0.9999999955571675,4.442832546303066e-09,15,saturated,0.9743546350409024,0.9555555333333332,0.1662959670045615
bigcodebench,bigcodebench/bigcodebench_477,bigcodebench_477,0.9999999962817449,3.718255148221772e-09,14,saturated,0.9615373256264348,0.9285714285714286,0.2575393768188563
bigcodebench,bigcodebench/bigcodebench_1077,bigcodebench_1077,0.9999999962817449,3.718255148221772e-09,13,saturated,0.9615337760797348,0.9230769230769232,0.2664693550105965
mmmlu,mmmlu/mmmlu-it-it-00084,mmmlu-it-it-00084,0.9999999968455546,3.154445371578163e-09,18,saturated,0.9615102831945972,0.9444444444444444,0.2290614236454256
mmmlu,mmmlu/mmmlu-fr-fr-00057,mmmlu-fr-fr-00057,0.9999999970650715,2.934928522435598e-09,18,saturated,0.9871655589329388,0.9814815,0.0763537315280006
humanevalfix,humanevalfix/humanevalfix-python-63,humanevalfix-python-63,0.999999998048909,1.9510909554654177e-09,13,saturated,0.9871793620711338,0.974359,0.0888230295137471
bigcodebench,bigcodebench/bigcodebench_443,bigcodebench_443,0.9999999983429508,1.6570491645495622e-09,15,frontier,0.0384632696580139,0.0666666666666666,0.2494438257849294
bigcodebench,bigcodebench/bigcodebench_124,bigcodebench_124,0.9999999983429508,1.6570491645495622e-09,12,frontier,0.0384656577876865,0.0833333333333333,0.2763853991962833
kumo,kumo/kumo-licenseenv-t4-a6-v1-s1,kumo-licenseenv-t4-a6-v1-s1,0.9999999984805652,1.5194348002012248e-09,17,saturated,0.9615253914224914,0.9411764705882352,0.2352941176470588
kumo,kumo/kumo-marineenv-t4-a6-v1-s1,kumo-marineenv-t4-a6-v1-s1,0.9999999984805652,1.5194348002012248e-09,16,saturated,0.9615227306157776,0.9375,0.2420614591379635
humanevalfix,humanevalfix/humanevalfix-python-47,humanevalfix-python-47,0.9999999992491316,7.508683674828376e-10,17,saturated,0.9871794622024842,0.9803921764705884,0.078431294117647
kumo,kumo/kumo-mineralenv-t4-a6-v1-s0,kumo-mineralenv-t4-a6-v1-s0,0.9999999994933167,5.066832509115216e-10,15,saturated,0.9807688096390672,0.9666666666666668,0.1247219128924647
swebench-multilingual,swebench-multilingual/swebench-multilingual-vuejs__core-11899,swebench-multilingual-vuejs__core-11899,0.9999999996550122,3.449878160921571e-10,14,frontier,0.0128216717288864,0.0238095,0.0858463730931598
swebench-multilingual,swebench-multilingual/swebench-multilingual-redis__redis-11279,swebench-multilingual-redis__redis-11279,0.9999999996550122,3.449878160921571e-10,15,frontier,0.0128212908634706,0.0222222,0.0831478587803678
kumo,kumo/kumo-cookingenv-t4-a6-v1-s0,kumo-cookingenv-t4-a6-v1-s0,0.9999999999465996,5.340039521684048e-11,19,saturated,0.9868251781982113,0.9824561578947368,0.0744322183241859
kumo,kumo/kumo-transdimensionalenv-t4-a6-v1-s1,kumo-transdimensionalenv-t4-a6-v1-s1,0.9999999999465996,5.340039521684048e-11,20,saturated,0.9802379472532174,0.975,0.1089724735885168
mmmlu,mmmlu/mmmlu-pt-br-00112,mmmlu-pt-br-00112,0.99999999996604,3.395994596644414e-11,17,saturated,0.9615129512549104,0.9411764705882352,0.2352941176470588
mmmlu,mmmlu/mmmlu-sw-ke-00137,mmmlu-sw-ke-00137,0.9999999999681832,3.1816771439707736e-11,17,saturated,0.987166385823543,0.9803921764705884,0.078431294117647
humanevalfix,humanevalfix/humanevalfix-python-119,humanevalfix-python-119,0.9999999999748527,2.5147328663877033e-11,12,saturated,0.980769023241555,0.9583333333333334,0.1381926995981416
humanevalfix,humanevalfix/humanevalfix-python-116,humanevalfix-python-116,0.9999999999748527,2.5147328663877033e-11,13,saturated,0.9807691606696606,0.9615384615384616,0.1332346775052982
humanevalfix,humanevalfix/humanevalfix-python-25,humanevalfix-python-25,0.9999999999750019,2.4998114689367412e-11,15,saturated,0.980769177590314,0.9666666666666668,0.1247219128924647
humanevalfix,humanevalfix/humanevalfix-python-158,humanevalfix-python-158,0.9999999999750019,2.4998114689367412e-11,12,saturated,0.980769041095807,0.9583333333333334,0.1381926995981416
kumo,kumo/kumo-craftsmanenv-t4-a6-v1-s1,kumo-craftsmanenv-t4-a6-v1-s1,0.9999999999758031,2.4196866732495437e-11,17,easy,0.948702512762979,0.9215686470588236,0.2433269136945412
mmmlu,mmmlu/mmmlu-bn-bd-00014,mmmlu-bn-bd-00014,0.9999999999764089,2.359112905025995e-11,17,saturated,0.9807361794813856,0.9705882352941176,0.1176470588235294
mmmlu,mmmlu/mmmlu-es-la-00049,mmmlu-es-la-00049,0.9999999999764089,2.359112905025995e-11,19,saturated,0.9807363203059932,0.9736842105263158,0.111648439134718
reasoning-gym,reasoning-gym/reasoning-gym-algorithmic-graph-color-easy00cea0a5-seed45-2,reasoning-gym-algorithmic-graph-color-easy00cea0a5-seed45-2,0.9999999999834697,1.653033265824888e-11,12,saturated,0.9615375263825684,0.9166666666666666,0.2763853991962833
reasoning-gym,reasoning-gym/reasoning-gym-algorithmic-base-conversion-easy00cea0a5-seed45-2,reasoning-gym-algorithmic-base-conversion-easy00cea0a5-seed45-2,0.9999999999834697,1.653033265824888e-11,12,saturated,0.9807686940841124,0.9583333333333334,0.1381926995981416
swebench-multilingual,swebench-multilingual/swebench-multilingual-gin-gonic__gin-1805,swebench-multilingual-gin-gonic__gin-1805,0.999999999986377,1.3622991623662983e-11,14,easy,0.8434278828963004,0.7142857142857143,0.4517539514526256
kumo,kumo/kumo-martialartsenv-t4-a6-v1-s0,kumo-martialartsenv-t4-a6-v1-s0,0.9999999999911261,8.873901613526414e-12,19,easy,0.9423068902959716,0.9210526315789472,0.244042591986729
mmmlu,mmmlu/mmmlu-de-de-00027,mmmlu-de-de-00027,0.9999999999918686,8.131384454657109e-12,18,saturated,0.9615131244305102,0.9444444444444444,0.2290614236454256
kumo,kumo/kumo-geneticenv-t4-a6-v1-s0,kumo-geneticenv-t4-a6-v1-s0,0.9999999999930134,6.98663349396611e-12,18,saturated,0.961537813969362,0.9444444444444444,0.2290614236454256
kumo,kumo/kumo-malwareenv-t4-a6-v1-s0,kumo-malwareenv-t4-a6-v1-s0,0.999999999995497,4.5029535655771724e-12,19,saturated,0.9807660852234418,0.9736842105263158,0.111648439134718
kumo,kumo/kumo-cuisineenv-t4-a6-v1-s0,kumo-cuisineenv-t4-a6-v1-s0,0.999999999998387,1.61304303247789e-12,19,saturated,0.987179396444422,0.9824561578947368,0.0744322183241859
swebench-multilingual,swebench-multilingual/swebench-multilingual-mrdoob__three.js-27395,swebench-multilingual-mrdoob__three.js-27395,0.9999999999987684,1.2315704012166862e-12,14,easy,0.8631286992078283,0.75,0.411877235523957
swebench-multilingual,swebench-multilingual/swebench-multilingual-tokio-rs__tokio-4898,swebench-multilingual-tokio-rs__tokio-4898,0.9999999999987684,1.2315704012166862e-12,14,easy,0.8631287070774619,0.75,0.411877235523957
swebench-multilingual,swebench-multilingual/swebench-multilingual-redis__redis-9733,swebench-multilingual-redis__redis-9733,0.9999999999988118,1.1881606809538425e-12,15,easy,0.8634354307897047,0.7666666666666667,0.4027681991198191
swebench-multilingual,swebench-multilingual/swebench-multilingual-nlohmann__json-4237,swebench-multilingual-nlohmann__json-4237,0.9999999999988118,1.1881606809538425e-12,15,easy,0.863435422967785,0.7666666666666667,0.4027681991198191
swebench-multilingual,swebench-multilingual/swebench-multilingual-jqlang__jq-2658,swebench-multilingual-jqlang__jq-2658,0.9999999999989,1.100008972798605e-12,13,easy,0.84389393859449,0.6923076923076923,0.4615384615384615
mmmlu,mmmlu/mmmlu-fr-fr-00059,mmmlu-fr-fr-00059,0.9999999999990113,9.88653603428702e-13,16,saturated,0.9518738276716252,0.921875,0.2113710821635731
mmmlu,mmmlu/mmmlu-de-de-00022,mmmlu-de-de-00022,0.9999999999990113,9.88653603428702e-13,18,saturated,0.9679158863635402,0.9537037222222222,0.1338595185756759
livecodebench,livecodebench/livecodebench-3438,livecodebench-3438,0.9999999999991099,8.90065798841988e-13,18,saturated,0.9846072959530072,0.977777777777778,0.0628539361054708
livecodebench,livecodebench/livecodebench-abc382_c,livecodebench-abc382_c,0.9999999999991099,8.90065798841988e-13,17,saturated,0.9846072817074868,0.9764705882352942,0.0644379479417842
swebench-multilingual,swebench-multilingual/swebench-multilingual-redis__redis-10095,swebench-multilingual-redis__redis-10095,0.9999999999992588,7.411848912397545e-13,16,easy,0.844595499577143,0.75,0.4330127018922193
featurebench-modal,featurebench-modal/featurebench-modal-mlflow__mlflow.93dab383.test_scorers.63dc8c7a.lv1,featurebench-modal-mlflow__mlflow.93dab383.test_scorers.63dc8c7a.lv1,0.9999999999994907,5.092593013955593e-13,25,frontier,0.0384615772963425,0.04,0.1959591794226542
featurebench-modal,featurebench-modal/featurebench-modal-huggingface__transformers.e2e8dbed.test_modeling_mimi.3118abde.lv1,featurebench-modal-huggingface__transformers.e2e8dbed.test_modeling_mimi.3118abde.lv1,0.9999999999994907,5.092593013955593e-13,26,frontier,0.0192307692307692,0.0192307692307692,0.0961538461538461
swebench-multilingual,swebench-multilingual/swebench-multilingual-php-cs-fixer__php-cs-fixer-7523,swebench-multilingual-php-cs-fixer__php-cs-fixer-7523,0.9999999999995699,4.3010039973978564e-13,13,easy,0.8438939787548517,0.6923076923076923,0.4615384615384615
swebench-multilingual,swebench-multilingual/swebench-multilingual-jqlang__jq-2919,swebench-multilingual-jqlang__jq-2919,0.9999999999995699,4.3010039973978564e-13,14,easy,0.843894045789663,0.7142857142857143,0.4517539514526256
swebench-multilingual,swebench-multilingual/swebench-multilingual-laravel__framework-53696,swebench-multilingual-laravel__framework-53696,0.9999999999995857,4.143352327901084e-13,15,easy,0.8442013430607425,0.7333333333333333,0.4422166387140533
swebench-multilingual,swebench-multilingual/swebench-multilingual-php-cs-fixer__php-cs-fixer-8256,swebench-multilingual-php-cs-fixer__php-cs-fixer-8256,0.9999999999995857,4.143352327901084e-13,14,easy,0.8442012772464692,0.7142857142857143,0.4517539514526256
kumo,kumo/kumo-rocketfuelenv-t4-a6-v1-s0,kumo-rocketfuelenv-t4-a6-v1-s0,0.999999999999778,2.220446049250313e-13,16,saturated,0.9615375073558284,0.9375,0.2420614591379635
kumo,kumo/kumo-circusactenv-t4-a6-v1-s1,kumo-circusactenv-t4-a6-v1-s1,0.999999999999778,2.220446049250313e-13,19,saturated,0.9615375322596772,0.9473684210526316,0.223296878269436
mmmlu,mmmlu/mmmlu-id-id-00072,mmmlu-id-id-00072,0.9999999999999404,5.96189764223709e-14,15,saturated,0.9807346141494104,0.9666666666666668,0.1247219128924647
kumo,kumo/kumo-gadgetenv-t4-a6-v1-s1,kumo-gadgetenv-t4-a6-v1-s1,0.999999999999952,4.796163466380676e-14,17,saturated,0.9807691021598935,0.9705882352941176,0.1176470588235294
mmmlu,mmmlu/mmmlu-pt-br-00119,mmmlu-pt-br-00119,0.9999999999999528,4.718447854656915e-14,19,saturated,0.961513269301438,0.9473684210526316,0.223296878269436
mmmlu,mmmlu/mmmlu-it-it-00087,mmmlu-it-it-00087,0.9999999999999655,3.452793606584237e-14,18,saturated,0.987169200246331,0.9814815,0.0763537315280006
reasoning-gym,reasoning-gym/reasoning-gym-algorithmic-base-conversion-easy00cea0a5-seed45-0,reasoning-gym-algorithmic-base-conversion-easy00cea0a5-seed45-0,0.9999999999999672,3.275157922644212e-14,12,saturated,0.9923059952070284,0.9833333333333334,0.0552770798392566
reasoning-gym,reasoning-gym/reasoning-gym-games-knight-swap-hard0292e21f-seed45-0,reasoning-gym-games-knight-swap-hard0292e21f-seed45-0,0.9999999999999672,3.275157922644212e-14,13,frontier,0.0096175035264462,0.0192307692307692,0.0666173387526491
kumo,kumo/kumo-energyenv-t4-a6-v1-s0,kumo-energyenv-t4-a6-v1-s0,0.9999999999999708,2.919886554764162e-14,18,saturated,0.9807691091239156,0.9722222222222222,0.1145307118227128
mmmlu,mmmlu/mmmlu-bn-bd-00019,mmmlu-bn-bd-00019,0.9999999999999821,1.787459069646502e-14,18,saturated,0.9871664862836024,0.9814815,0.0763537315280006
mmmlu,mmmlu/mmmlu-ja-jp-00092,mmmlu-ja-jp-00092,0.9999999999999821,1.787459069646502e-14,16,saturated,0.9711245598504316,0.953125,0.1815460943534726
mmmlu,mmmlu/mmmlu-ja-jp-00097,mmmlu-ja-jp-00097,0.9999999999999871,1.2878587085651816e-14,18,saturated,0.9903783165041562,0.9861111111111112,0.0572653559113564
mmmlu,mmmlu/mmmlu-es-la-00044,mmmlu-es-la-00044,0.9999999999999871,1.2878587085651816e-14,19,saturated,0.9846053088826556,0.9789473684210528,0.0893187513077744
kumo,kumo/kumo-inventorenv-t4-a6-v1-s0,kumo-inventorenv-t4-a6-v1-s0,0.9999999999999963,3.6637359812630166e-15,16,saturated,0.9871773616860312,0.9791666875,0.0806870723588348
kumo,kumo/kumo-cryptographyenv-t4-a6-v1-s0,kumo-cryptographyenv-t4-a6-v1-s0,0.9999999999999971,2.886579864025407e-15,18,saturated,0.9743546892185238,0.9629629444444444,0.1527076921174249
kumo,kumo/kumo-philosophyenv-t4-a6-v1-s1,kumo-philosophyenv-t4-a6-v1-s1,0.9999999999999971,2.886579864025407e-15,17,saturated,0.9903830125341474,0.9852941176470588,0.0588235294117647
kumo,kumo/kumo-musicenv-t4-a6-v1-s1,kumo-musicenv-t4-a6-v1-s1,0.999999999999998,1.9984014443252818e-15,17,saturated,0.9807688049416544,0.9705882352941176,0.1176470588235294
mmmlu,mmmlu/mmmlu-fr-fr-00052,mmmlu-fr-fr-00052,0.9999999999999981,1.887379141862766e-15,17,saturated,0.980753785032074,0.9705882352941176,0.1176470588235294
livecodebench,livecodebench/livecodebench-3387,livecodebench-3387,0.9999999999999981,1.887379141862766e-15,19,saturated,0.9769179253873036,0.9684210526315788,0.1339781269616616
mmmlu,mmmlu/mmmlu-it-it-00089,mmmlu-it-it-00089,0.9999999999999981,1.887379141862766e-15,18,saturated,0.9807537857783908,0.9722222222222222,0.1145307118227128
livecodebench,livecodebench/livecodebench-3535,livecodebench-3535,0.9999999999999981,1.887379141862766e-15,20,saturated,0.9846119510588648,0.98,0.0871779788708134
kumo,kumo/kumo-nutritionenv-t4-a6-v1-s0,kumo-nutritionenv-t4-a6-v1-s0,0.9999999999999981,1.887379141862766e-15,16,saturated,0.980769071479009,0.96875,0.1210307295689817
kumo,kumo/kumo-mineralclassificationenv-t4-a6-v1-s0,kumo-mineralclassificationenv-t4-a6-v1-s0,0.9999999999999981,1.887379141862766e-15,18,saturated,0.9807690724632866,0.9722222222222222,0.1145307118227128
kumo,kumo/kumo-leadershipenv-t4-a6-v1-s1,kumo-leadershipenv-t4-a6-v1-s1,0.9999999999999988,1.2212453270876722e-15,17,saturated,0.9903845540576152,0.9852941176470588,0.0588235294117647
reasoning-gym,reasoning-gym/reasoning-gym-arithmetic-basic-arithmetic-easy00cea0a5-seed45-2,reasoning-gym-arithmetic-basic-arithmetic-easy00cea0a5-seed45-2,0.9999999999999989,1.1102230246251565e-15,20,saturated,0.9683807156051478,0.96,0.1743559577416269
reasoning-gym,reasoning-gym/reasoning-gym-algebra-simple-integration-easy00cea0a5-seed45-1,reasoning-gym-algebra-simple-integration-easy00cea0a5-seed45-1,0.9999999999999989,1.1102230246251565e-15,20,saturated,0.984190357802574,0.98,0.0871779788708134
swebench-multilingual,swebench-multilingual/swebench-multilingual-caddyserver__caddy-4943,swebench-multilingual-caddyserver__caddy-4943,0.999999999999999,9.992007221626409e-16,14,frontier,0.0192353336229715,0.0357142857142857,0.1287696884094281
swebench-multilingual,swebench-multilingual/swebench-multilingual-fastlane__fastlane-20642,swebench-multilingual-fastlane__fastlane-20642,0.999999999999999,9.992007221626409e-16,14,frontier,0.0192353336229715,0.0357142857142857,0.1287696884094281
kumo,kumo/kumo-geneticenv-t4-a6-v1-s1,kumo-geneticenv-t4-a6-v1-s1,0.9999999999999992,7.771561172376096e-16,18,saturated,0.9615379528639144,0.9444444444444444,0.2290614236454256
kumo,kumo/kumo-historicalenv-t4-a6-v1-s1,kumo-historicalenv-t4-a6-v1-s1,0.9999999999999992,7.771561172376096e-16,18,saturated,0.961537954662686,0.9444444444444444,0.2290614236454256
arc-agi-2,arc-agi-2/arc-agi-2-446ef5d2_0,arc-agi-2-446ef5d2_0,0.9999999999999992,7.771561172376096e-16,20,frontier,0.0227401611334836,0.02,0.0871779788708134
arc-agi-2,arc-agi-2/arc-agi-2-8b7bacbf_0,arc-agi-2-8b7bacbf_0,0.9999999999999992,7.771561172376096e-16,20,frontier,0.0227401611334836,0.02,0.0871779788708134
arc-agi-2,arc-agi-2/arc-agi-2-13e47133_0,arc-agi-2-13e47133_0,0.9999999999999992,7.771561172376096e-16,20,frontier,0.0341102417002255,0.03,0.1307669683062202
kumo,kumo/kumo-coffeeenv-t4-a6-v1-s1,kumo-coffeeenv-t4-a6-v1-s1,0.9999999999999992,7.771561172376096e-16,18,saturated,0.9903845540614375,0.9861111111111112,0.0572653559113564
replicationbench,replicationbench/replicationbench-galaxy_manifold__morphological_classification,replicationbench-galaxy_manifold__morphological_classification,0.9999999999999993,6.661338147750939e-16,17,frontier,0.0435798847233635,0.0529411764705882,0.1459961605410689
swebench-multilingual,swebench-multilingual/swebench-multilingual-fluent__fluentd-4598,swebench-multilingual-fluent__fluentd-4598,0.9999999999999993,6.661338147750939e-16,14,easy,0.8562491987437091,0.7380952142857142,0.4212334993774116
swebench-multilingual,swebench-multilingual/swebench-multilingual-gin-gonic__gin-2121,swebench-multilingual-gin-gonic__gin-2121,0.9999999999999993,6.661338147750939e-16,14,easy,0.8562491987437091,0.7380952142857142,0.4212334993774116
aider-polyglot,aider-polyglot/polyglot_rust_gigasecond,polyglot_rust_gigasecond,0.9999999999999993,6.661338147750939e-16,26,easy,0.9076923076923078,0.9076923076923078,0.2432521277052599
aider-polyglot,aider-polyglot/polyglot_javascript_complex-numbers,polyglot_javascript_complex-numbers,0.9999999999999993,6.661338147750939e-16,26,easy,0.9076923076923078,0.9076923076923078,0.2432521277052599
swebench-multilingual,swebench-multilingual/swebench-multilingual-axios__axios-4738,swebench-multilingual-axios__axios-4738,0.9999999999999993,6.661338147750939e-16,14,easy,0.8562491987437091,0.7380952142857142,0.4212334993774116
replicationbench,replicationbench/replicationbench-eht_resolve__eht_ring_orientation_angle,replicationbench-eht_resolve__eht_ring_orientation_angle,0.9999999999999993,6.661338147750939e-16,17,frontier,0.0435798847233635,0.0529411764705882,0.1459961605410689
humanevalfix,humanevalfix/humanevalfix-python-128,humanevalfix-python-128,0.9999999999999994,5.551115123125783e-16,20,easy,0.9455161391061848,0.93,0.1819340539866025
kumo,kumo/kumo-coffeeenv-t4-a6-v1-s0,kumo-coffeeenv-t4-a6-v1-s0,0.9999999999999994,5.551115123125783e-16,19,saturated,0.9807691098076792,0.9736842105263158,0.111648439134718
kumo,kumo/kumo-musicenv-t12-a16-v1-s1,kumo-musicenv-t12-a16-v1-s1,0.9999999999999994,5.551115123125783e-16,17,saturated,0.980769106482546,0.9705882352941176,0.1176470588235294
swebench-multilingual,swebench-multilingual/swebench-multilingual-laravel__framework-53914,swebench-multilingual-laravel__framework-53914,0.9999999999999994,5.551115123125783e-16,16,easy,0.8445954975334367,0.75,0.4330127018922193
humanevalfix,humanevalfix/humanevalfix-python-11,humanevalfix-python-11,0.9999999999999994,5.551115123125783e-16,20,easy,0.9455161391061848,0.93,0.1819340539866025
swebench-multilingual,swebench-multilingual/swebench-multilingual-jordansissel__fpm-1850,swebench-multilingual-jordansissel__fpm-1850,0.9999999999999994,5.551115123125783e-16,16,easy,0.8445954975334367,0.75,0.4330127018922193
swebench-multilingual,swebench-multilingual/swebench-multilingual-laravel__framework-52866,swebench-multilingual-laravel__framework-52866,0.9999999999999994,5.551115123125783e-16,16,easy,0.8445954975334367,0.75,0.4330127018922193
kumo,kumo/kumo-politicalmanifestoenv-t4-a6-v1-s1,kumo-politicalmanifestoenv-t4-a6-v1-s1,0.9999999999999994,5.551115123125783e-16,19,saturated,0.9903845538262795,0.986842105263158,0.055824219567359
kumo,kumo/kumo-theatricalenv-t4-a6-v1-s0,kumo-theatricalenv-t4-a6-v1-s0,0.9999999999999998,2.220446049250313e-16,20,easy,0.9230761789166028,0.9,0.3
swebench-multilingual,swebench-multilingual/swebench-multilingual-rubocop__rubocop-13375,swebench-multilingual-rubocop__rubocop-13375,0.9999999999999998,2.220446049250313e-16,14,easy,0.8438940536405046,0.7142857142857143,0.4517539514526256
kumo,kumo/kumo-printingtechniqueenv-t4-a6-v1-s0,kumo-printingtechniqueenv-t4-a6-v1-s0,0.9999999999999998,2.220446049250313e-16,20,saturated,0.9846152357833206,0.98,0.0599999999999999
mmmlu,mmmlu/mmmlu-ar-xy-00007,mmmlu-ar-xy-00007,0.9999999999999998,2.220446049250313e-16,19,saturated,0.9691753928660832,0.9578947368421052,0.1786375026155488
mmmlu,mmmlu/mmmlu-sw-ke-00133,mmmlu-sw-ke-00133,0.9999999999999998,2.220446049250313e-16,20,medium,0.4852238716516801,0.49,0.4918333050943175
gpqa-diamond,gpqa-diamond/gpqa-diamond-73,gpqa-diamond-73,0.9999999999999998,2.220446049250313e-16,19,saturated,0.9838714785480228,0.9789473684210528,0.0613784409983715
mmmlu,mmmlu/mmmlu-ko-kr-00107,mmmlu-ko-kr-00107,0.9999999999999998,2.220446049250313e-16,19,saturated,0.9903673102706512,0.986842105263158,0.055824219567359
gpqa-diamond,gpqa-diamond/gpqa-diamond-143,gpqa-diamond-143,0.9999999999999998,2.220446049250313e-16,20,saturated,0.9572785361131336,0.965,0.1152171862180291
gpqa-diamond,gpqa-diamond/gpqa-diamond-181,gpqa-diamond-181,0.9999999999999998,2.220446049250313e-16,19,saturated,0.9838714785480228,0.9789473684210528,0.0613784409983715
gpqa-diamond,gpqa-diamond/gpqa-diamond-171,gpqa-diamond-171,0.9999999999999998,2.220446049250313e-16,20,saturated,0.9572785361131336,0.965,0.1152171862180291
mmmlu,mmmlu/mmmlu-en-us-00039,mmmlu-en-us-00039,0.9999999999999998,2.220446049250313e-16,20,medium,0.4852238716516801,0.49,0.4918333050943175
swebench-multilingual,swebench-multilingual/swebench-multilingual-tokio-rs__tokio-7139,swebench-multilingual-tokio-rs__tokio-7139,0.9999999999999998,2.220446049250313e-16,14,easy,0.8438940536405046,0.7142857142857143,0.4517539514526256
kumo,kumo/kumo-artstyleenv-t4-a6-v1-s0,kumo-artstyleenv-t4-a6-v1-s0,0.9999999999999999,1.1102230246251565e-16,19,saturated,0.9615382180452168,0.9473684210526316,0.223296878269436
kumo,kumo/kumo-medicaloodenv-t4-a6-v1-s1,kumo-medicaloodenv-t4-a6-v1-s1,0.9999999999999999,1.1102230246251565e-16,18,saturated,0.980769109087878,0.9722222222222222,0.1145307118227128
swebench-multilingual,swebench-multilingual/swebench-multilingual-laravel__framework-52684,swebench-multilingual-laravel__framework-52684,0.9999999999999999,1.1102230246251565e-16,15,easy,0.844302290077496,0.7333333333333333,0.4422166387140533
swebench-multilingual,swebench-multilingual/swebench-multilingual-laravel__framework-52680,swebench-multilingual-laravel__framework-52680,0.9999999999999999,1.1102230246251565e-16,16,easy,0.8017097860993475,0.6875,0.4635124054434789
swebench-multilingual,swebench-multilingual/swebench-multilingual-laravel__framework-52451,swebench-multilingual-laravel__framework-52451,0.9999999999999999,1.1102230246251565e-16,15,easy,0.844302290077496,0.7333333333333333,0.4422166387140533
kumo,kumo/kumo-pollutionenv-t4-a6-v1-s1,kumo-pollutionenv-t4-a6-v1-s1,0.9999999999999999,1.1102230246251565e-16,18,easy,0.9487027958070288,0.9259259444444444,0.2371527292898144
kumo,kumo/kumo-currencyenv-t4-a6-v1-s0,kumo-currencyenv-t4-a6-v1-s0,0.9999999999999999,1.1102230246251565e-16,19,easy,0.9487027958070222,0.9298245789473684,0.2314193828267805
mmau,mmau/mmau-6658e43e-f56d-44a2-ab80-6c73a40ee713,mmau-6658e43e-f56d-44a2-ab80-6c73a40ee713,0.9999999999999999,1.1102230246251565e-16,20,saturated,0.953845811820986,0.94,0.22
kumo,kumo/kumo-detectiveenv-t4-a6-v1-s1,kumo-detectiveenv-t4-a6-v1-s1,0.9999999999999999,1.1102230246251565e-16,16,saturated,0.9807691090878788,0.96875,0.1210307295689817
swebench-multilingual,swebench-multilingual/swebench-multilingual-fmtlib__fmt-3729,swebench-multilingual-fmtlib__fmt-3729,0.9999999999999999,1.1102230246251565e-16,13,easy,0.8434275052216613,0.6923076923076923,0.4615384615384615
swebench-multilingual,swebench-multilingual/swebench-multilingual-caddyserver__caddy-6288,swebench-multilingual-caddyserver__caddy-6288,0.9999999999999999,1.1102230246251565e-16,13,easy,0.8434275052216613,0.6923076923076923,0.4615384615384615
humanevalfix,humanevalfix/humanevalfix-python-114,humanevalfix-python-114,0.9999999999999999,1.1102230246251565e-16,20,easy,0.937611318007472,0.9200000000000002,0.2135415650406262
mmau,mmau/mmau-516653d5-79d7-404e-a208-62367fdc59b7,mmau-516653d5-79d7-404e-a208-62367fdc59b7,0.9999999999999999,1.1102230246251565e-16,20,saturated,0.953845811820986,0.94,0.22
swebench-multilingual,swebench-multilingual/swebench-multilingual-micropython__micropython-15898,swebench-multilingual-micropython__micropython-15898,0.9999999999999999,1.1102230246251565e-16,16,easy,0.8017097860993475,0.6875,0.4635124054434789
humanevalfix,humanevalfix/humanevalfix-python-0,humanevalfix-python-0,0.9999999999999999,1.1102230246251565e-16,20,easy,0.937611318007472,0.9200000000000002,0.2135415650406262
swebench-multilingual,swebench-multilingual/swebench-multilingual-preactjs__preact-4152,swebench-multilingual-preactjs__preact-4152,0.9999999999999999,1.1102230246251565e-16,13,easy,0.8247406156278896,0.6538461538461539,0.455083060238432
swebench-multilingual,swebench-multilingual/swebench-multilingual-preactjs__preact-4316,swebench-multilingual-preactjs__preact-4316,0.9999999999999999,1.1102230246251565e-16,13,easy,0.8247406156278896,0.6538461538461539,0.455083060238432
kumo,kumo/kumo-enzymeenv-t4-a6-v1-s0,kumo-enzymeenv-t4-a6-v1-s0,0.9999999999999999,1.1102230246251565e-16,19,frontier,0.0192308909773916,0.0263157894736842,0.111648439134718
swebench-multilingual,swebench-multilingual/swebench-multilingual-hashicorp__terraform-34580,swebench-multilingual-hashicorp__terraform-34580,1.0,0.0,15,easy,0.8438941206753154,0.7333333333333333,0.4422166387140533
swebench-multilingual,swebench-multilingual/swebench-multilingual-javaparser__javaparser-4538,swebench-multilingual-javaparser__javaparser-4538,1.0,0.0,15,easy,0.8438941206753154,0.7333333333333333,0.4422166387140533
swebench-multilingual,swebench-multilingual/swebench-multilingual-javaparser__javaparser-4561,swebench-multilingual-javaparser__javaparser-4561,1.0,0.0,15,easy,0.8438941206753154,0.7333333333333333,0.4422166387140533
labbench,labbench/labbench-figqa-0050,labbench-figqa-0050,1.0,0.0,13,frontier,0.016415887007525,0.0307692307692307,0.072160242458822
kumo,kumo/kumo-fishenv-t4-a6-v1-s0,kumo-fishenv-t4-a6-v1-s0,1.0,0.0,19,saturated,0.9615379588695208,0.9473684210526316,0.223296878269436
mmmlu,mmmlu/mmmlu-bn-bd-00012,mmmlu-bn-bd-00012,1.0,0.0,20,medium,0.508286281183543,0.5,0.5
mmmlu,mmmlu/mmmlu-ar-xy-00009,mmmlu-ar-xy-00009,1.0,0.0,19,saturated,0.9871711065393752,0.9824561578947368,0.0744322183241859
featurebench-modal,featurebench-modal/featurebench-modal-mlflow__mlflow.93dab383.test_ai_command_utils.85dcb487.lv2,featurebench-modal-mlflow__mlflow.93dab383.test_ai_command_utils.85dcb487.lv2,1.0,0.0,25,frontier,0.0192412009261158,0.02,0.0979795897113271
featurebench-modal,featurebench-modal/featurebench-modal-mlflow__mlflow.93dab383.test_client_webhooks.75e39b52.lv2,featurebench-modal-mlflow__mlflow.93dab383.test_client_webhooks.75e39b52.lv2,1.0,0.0,25,frontier,0.0192412009261158,0.02,0.0979795897113271
featurebench-modal,featurebench-modal/featurebench-modal-huggingface__transformers.e2e8dbed.test_modeling_time_series_transformer.b0ef2ff5.lv1,featurebench-modal-huggingface__transformers.e2e8dbed.test_modeling_time_series_transformer.b0ef2ff5.lv1,1.0,0.0,26,frontier,0.0192307692307692,0.0192307692307692,0.0961538461538461
arc-agi-2,arc-agi-2/arc-agi-2-7b80bb43_0,arc-agi-2-7b80bb43_0,1.0,0.0,20,frontier,0.0231094216890753,0.02,0.06
mmau,mmau/mmau-9685984a-9330-45c8-8d90-5de8068b5861,mmau-9685984a-9330-45c8-8d90-5de8068b5861,1.0,0.0,20,saturated,0.9692305760376654,0.96,0.1743559577416269
gso,gso/gso-pandas-dev--pandas-233bd83,gso-pandas-dev--pandas-233bd83,1.0,0.0,13,frontier,0.0137864307252242,0.0153846153846153,0.0532938710021193
mmau,mmau/mmau-71f95ca1-a409-47b0-af02-80a272f776d5,mmau-71f95ca1-a409-47b0-af02-80a272f776d5,1.0,0.0,20,saturated,0.9769229320282492,0.97,0.1307669683062202
kumo,kumo/kumo-malwareenv-t4-a6-v1-s1,kumo-malwareenv-t4-a6-v1-s1,1.0,0.0,18,saturated,0.971153663685712,0.9583333333333334,0.1717960677340692
reasoning-gym,reasoning-gym/reasoning-gym-arithmetic-gcd-hard0292e21f-seed45-0,reasoning-gym-arithmetic-gcd-hard0292e21f-seed45-0,1.0,0.0,12,saturated,0.9614628099093966,0.9166666666666666,0.2763853991962833
simpleqa,simpleqa/simpleqa-1833,simpleqa-1833,1.0,0.0,20,easy,0.9220138131771702,0.9,0.2720294101747089
mmau,mmau/mmau-8bce5a39-959a-4192-a26d-ba88d862f94b,mmau-8bce5a39-959a-4192-a26d-ba88d862f94b,1.0,0.0,20,saturated,0.9691988625109156,0.96,0.1356465996625053
labbench,labbench/labbench-figqa-0113,labbench-figqa-0113,1.0,0.0,13,frontier,0.0154800994094043,0.0307692307692307,0.1065877420042386
gso,gso/gso-pandas-dev--pandas-e7e3676,gso-pandas-dev--pandas-e7e3676,1.0,0.0,13,frontier,0.0137864307252242,0.0153846153846153,0.0532938710021193
mmmlu,mmmlu/mmmlu-zh-cn-00123,mmmlu-zh-cn-00123,1.0,0.0,19,saturated,0.9807566405657036,0.9736842105263158,0.111648439134718
livecodebench,livecodebench/livecodebench-abc329_c,livecodebench-abc329_c,1.0,0.0,18,saturated,0.9871793511828992,0.9814815,0.0763537315280006
livecodebench,livecodebench/livecodebench-abc312_d,livecodebench-abc312_d,1.0,0.0,18,saturated,0.9615380150867132,0.9444444444444444,0.2290614236454256
featurebench-modal,featurebench-modal/featurebench-modal-sympy__sympy.c1097516.test_puiseux.cd575f09.lv1,featurebench-modal-sympy__sympy.c1097516.test_puiseux.cd575f09.lv1,1.0,0.0,13,frontier,0.0301667386378906,0.0153846153846153,0.0532938710021193
featurebench-modal,featurebench-modal/featurebench-modal-scikit-learn__scikit-learn.5741bac9.test_public_functions.28421aef.lv1,featurebench-modal-scikit-learn__scikit-learn.5741bac9.test_public_functions.28421aef.lv1,1.0,0.0,13,hard,0.1206669545515625,0.0615384615384615,0.2131754840084772
kumo,kumo/kumo-printingtechniqueenv-t4-a6-v1-s1,kumo-printingtechniqueenv-t4-a6-v1-s1,1.0,0.0,19,saturated,0.961538218247616,0.9473684210526316,0.223296878269436
kumo,kumo/kumo-quantumenv-t4-a6-v1-s1,kumo-quantumenv-t4-a6-v1-s1,1.0,0.0,17,saturated,0.9807688049415512,0.9705882352941176,0.1176470588235294
swebench-multilingual,swebench-multilingual/swebench-multilingual-jqlang__jq-2235,swebench-multilingual-jqlang__jq-2235,1.0,0.0,16,easy,0.844302352953968,0.75,0.4330127018922193
swebench-multilingual,swebench-multilingual/swebench-multilingual-jqlang__jq-2598,swebench-multilingual-jqlang__jq-2598,1.0,0.0,16,easy,0.844302352953968,0.75,0.4330127018922193
mmmlu,mmmlu/mmmlu-en-us-00032,mmmlu-en-us-00032,1.0,0.0,20,medium,0.508286281183543,0.5,0.5
swebench-multilingual,swebench-multilingual/swebench-multilingual-google__gson-1014,swebench-multilingual-google__gson-1014,1.0,0.0,15,easy,0.8438941206753154,0.7333333333333333,0.4422166387140533
swebench-multilingual,swebench-multilingual/swebench-multilingual-google__gson-2024,swebench-multilingual-google__gson-2024,1.0,0.0,15,easy,0.8438941206753154,0.7333333333333333,0.4422166387140533
swebench-multilingual,swebench-multilingual/swebench-multilingual-fmtlib__fmt-2457,swebench-multilingual-fmtlib__fmt-2457,1.0,0.0,14,easy,0.8049505914765895,0.6428571428571429,0.4791574237499549
kumo,kumo/kumo-craftsmanenv-t4-a6-v1-s0,kumo-craftsmanenv-t4-a6-v1-s0,1.0,0.0,19,saturated,0.9615379588695208,0.9473684210526316,0.223296878269436
swebench-multilingual,swebench-multilingual/swebench-multilingual-fastlane__fastlane-20958,swebench-multilingual-fastlane__fastlane-20958,1.0,0.0,14,easy,0.8434276030568022,0.7142857142857143,0.4517539514526256
swebench-multilingual,swebench-multilingual/swebench-multilingual-fluent__fluentd-3917,swebench-multilingual-fluent__fluentd-3917,1.0,0.0,14,easy,0.8434276030568022,0.7142857142857143,0.4517539514526256
kumo,kumo/kumo-nutritionenv-t4-a6-v1-s1,kumo-nutritionenv-t4-a6-v1-s1,1.0,0.0,18,saturated,0.961538218247616,0.9444444444444444,0.2290614236454256
swebench-multilingual,swebench-multilingual/swebench-multilingual-caddyserver__caddy-6115,swebench-multilingual-caddyserver__caddy-6115,1.0,0.0,14,easy,0.8434276030568022,0.7142857142857143,0.4517539514526256
swebench-multilingual,swebench-multilingual/swebench-multilingual-rubocop__rubocop-13680,swebench-multilingual-rubocop__rubocop-13680,1.0,0.0,14,easy,0.805429654207741,0.6428571428571429,0.4791574237499549
swebench-multilingual,swebench-multilingual/swebench-multilingual-rubocop__rubocop-13705,swebench-multilingual-rubocop__rubocop-13705,1.0,0.0,14,easy,0.805429654207741,0.6428571428571429,0.4791574237499549
swebench-multilingual,swebench-multilingual/swebench-multilingual-fmtlib__fmt-3248,swebench-multilingual-fmtlib__fmt-3248,1.0,0.0,14,easy,0.8434276030568022,0.7142857142857143,0.4517539514526256
swebench-multilingual,swebench-multilingual/swebench-multilingual-fmtlib__fmt-3272,swebench-multilingual-fmtlib__fmt-3272,1.0,0.0,14,easy,0.8049505914765895,0.6428571428571429,0.4791574237499549
arc-agi-2,arc-agi-2/arc-agi-2-a25697e4_0,arc-agi-2-a25697e4_0,1.0,0.0,20,frontier,0.0300830341263965,0.03,0.0953939201416945
arc-agi-2,arc-agi-2/arc-agi-2-5545f144_0,arc-agi-2-5545f144_0,1.0,0.0,20,frontier,0.0462188433781506,0.04,0.12
kumo,kumo/kumo-chessenv-t4-a6-v1-s0,kumo-chessenv-t4-a6-v1-s0,1.0,0.0,20,saturated,0.974358800544128,0.96666665,0.1452967040996715
kumo,kumo/kumo-mineralenv-t4-a6-v1-s1,kumo-mineralenv-t4-a6-v1-s1,1.0,0.0,18,saturated,0.980768804941551,0.9722222222222222,0.1145307118227128
mmau,mmau/mmau-38dbb2bf-62ca-4ecd-9ece-0618e060f6b3,mmau-38dbb2bf-62ca-4ecd-9ece-0618e060f6b3,1.0,0.0,20,saturated,0.961538220047082,0.95,0.2179449471770337
arc-agi-2,arc-agi-2/arc-agi-2-4c7dc4dd_1,arc-agi-2-4c7dc4dd_1,1.0,0.0,20,hard,0.0992436165052276,0.09,0.232163735324878
simpleqa,simpleqa/simpleqa-3111,simpleqa-3111,1.0,0.0,20,easy,0.9220138131771702,0.9,0.2720294101747089
simpleqa,simpleqa/simpleqa-3129,simpleqa-3129,1.0,0.0,20,saturated,0.969158452901435,0.96,0.12
kumo,kumo/kumo-microbiologyenv-t4-a6-v1-s1,kumo-microbiologyenv-t4-a6-v1-s1,1.0,0.0,20,saturated,0.9846151835478084,0.98,0.0871779788708134
swebench-multilingual,swebench-multilingual/swebench-multilingual-gohugoio__hugo-12768,swebench-multilingual-gohugoio__hugo-12768,1.0,0.0,16,easy,0.844302352953968,0.75,0.4330127018922193
mmau,mmau/mmau-47ae81d9-8cb5-4267-9394-2f511cc84871,mmau-47ae81d9-8cb5-4267-9394-2f511cc84871,1.0,0.0,20,saturated,0.961538220047082,0.95,0.2179449471770337
mmau,mmau/mmau-a370dd7d-ec74-4b7f-ac1d-9294c2bcad5c,mmau-a370dd7d-ec74-4b7f-ac1d-9294c2bcad5c,1.0,0.0,20,saturated,0.9691988625109156,0.96,0.1356465996625053
kumo,kumo/kumo-geologicalenv-t4-a6-v1-s1,kumo-geologicalenv-t4-a6-v1-s1,1.0,0.0,18,saturated,0.9615382178398372,0.9444444444444444,0.2290614236454256
swebench-multilingual,swebench-multilingual/swebench-multilingual-gohugoio__hugo-12562,swebench-multilingual-gohugoio__hugo-12562,1.0,0.0,15,easy,0.8438941206753154,0.7333333333333333,0.4422166387140533
swebench-multilingual,swebench-multilingual/swebench-multilingual-caddyserver__caddy-5626,swebench-multilingual-caddyserver__caddy-5626,1.0,0.0,14,medium,0.6974931101563443,0.5476190714285715,0.4815178253188356
featurebench-modal,featurebench-modal/featurebench-modal-huggingface__transformers.e2e8dbed.test_modeling_speech_encoder_decoder.b0d78d76.lv1,featurebench-modal-huggingface__transformers.e2e8dbed.test_modeling_speech_encoder_decoder.b0d78d76.lv1,1.0,0.0,26,frontier,0.0192307692307692,0.0192307692307692,0.0961538461538461
kumo,kumo/kumo-cloudenv-t4-a6-v1-s1,kumo-cloudenv-t4-a6-v1-s1,1.0,0.0,20,saturated,0.9615379588695208,0.95,0.2179449471770337
arc-agi-2,arc-agi-2/arc-agi-2-35ab12c3_0,arc-agi-2-35ab12c3_0,1.0,0.0,20,hard,0.0992436165052276,0.09,0.232163735324878
arc-agi-2,arc-agi-2/arc-agi-2-a47bf94d_0,arc-agi-2-a47bf94d_0,1.0,0.0,20,hard,0.060166068252793,0.06,0.1907878402833891
livecodebench,livecodebench/livecodebench-3508,livecodebench-3508,1.0,0.0,18,saturated,0.9615380150867132,0.9444444444444444,0.2290614236454256
gaia,gaia/gaia-8d46b8d6-b38a-47ff-ac74-cda14cf2d19b,gaia-8d46b8d6-b38a-47ff-ac74-cda14cf2d19b,1.0,0.0,20,frontier,0.0153847119811672,0.02,0.0871779788708134
labbench,labbench/labbench-figqa-0066,labbench-figqa-0066,1.0,0.0,13,frontier,0.016415887007525,0.0307692307692307,0.072160242458822
kumo,kumo/kumo-musicgenresenv-t4-a6-v1-s1,kumo-musicgenresenv-t4-a6-v1-s1,1.0,0.0,18,saturated,0.974358393767938,0.9629629444444444,0.1527076921174249
simpleqa,simpleqa/simpleqa-1102,simpleqa-1102,1.0,0.0,20,saturated,0.9845792264507174,0.98,0.0599999999999999
livecodebench,livecodebench/livecodebench-3163,livecodebench-3163,1.0,0.0,18,saturated,0.9871793511828992,0.9814815,0.0763537315280006
swebench-multilingual,swebench-multilingual/swebench-multilingual-burntsushi__ripgrep-2576,swebench-multilingual-burntsushi__ripgrep-2576,1.0,0.0,14,medium,0.6974931101563443,0.5476190714285715,0.4815178253188356
swebench-multilingual,swebench-multilingual/swebench-multilingual-burntsushi__ripgrep-2209,swebench-multilingual-burntsushi__ripgrep-2209,1.0,0.0,14,easy,0.8049505914765895,0.6428571428571429,0.4791574237499549
swebench-multilingual,swebench-multilingual/swebench-multilingual-briannesbitt__carbon-3103,swebench-multilingual-briannesbitt__carbon-3103,1.0,0.0,14,easy,0.8434276030568022,0.7142857142857143,0.4517539514526256
swebench-multilingual,swebench-multilingual/swebench-multilingual-briannesbitt__carbon-2752,swebench-multilingual-briannesbitt__carbon-2752,1.0,0.0,14,easy,0.830601945355735,0.6904762142857143,0.4447986104462137
swebench-multilingual,swebench-multilingual/swebench-multilingual-briannesbitt__carbon-2981,swebench-multilingual-briannesbitt__carbon-2981,1.0,0.0,14,easy,0.830601945355735,0.6904762142857143,0.4447986104462137
mmau,mmau/mmau-0d46136b-5249-4ca9-a761-705686ec60b9,mmau-0d46136b-5249-4ca9-a761-705686ec60b9,1.0,0.0,20,saturated,0.961538220047082,0.95,0.2179449471770337
kumo,kumo/kumo-softwareenv-t4-a6-v1-s1,kumo-softwareenv-t4-a6-v1-s1,1.0,0.0,20,saturated,0.9615379588695208,0.95,0.2179449471770337
gaia,gaia/gaia-48eb8242-1099-4c26-95d4-ef22b002457a,gaia-48eb8242-1099-4c26-95d4-ef22b002457a,1.0,0.0,20,frontier,0.0230770679717508,0.03,0.1307669683062202
kumo,kumo/kumo-herbenv-t4-a6-v1-s0,kumo-herbenv-t4-a6-v1-s0,1.0,0.0,16,saturated,0.9807691087040568,0.96875,0.1210307295689817
reasoning-gym,reasoning-gym/reasoning-gym-arithmetic-prime-factorization-hard0292e21f-seed45-0,reasoning-gym-arithmetic-prime-factorization-hard0292e21f-seed45-0,1.0,0.0,12,saturated,0.9614628099093966,0.9166666666666666,0.2763853991962833
livecodebench,livecodebench/livecodebench-3676,livecodebench-3676,1.0,0.0,18,saturated,0.9903845037716782,0.9861111111111112,0.0572653559113564
livecodebench,livecodebench/livecodebench-3653,livecodebench-3653,1.0,0.0,18,saturated,0.9730766584721036,0.9611111111111112,0.1208253509496197
kumo,kumo/kumo-renewableenergyenv-t4-a6-v1-s0,kumo-renewableenergyenv-t4-a6-v1-s0,1.0,0.0,19,saturated,0.9743587993444832,0.9649122631578948,0.1488646599452501
livecodebench,livecodebench/livecodebench-3811,livecodebench-3811,1.0,0.0,18,saturated,0.9871793511828992,0.9814815,0.0763537315280006
kumo,kumo/kumo-audiodialectenv-t4-a6-v1-s0,kumo-audiodialectenv-t4-a6-v1-s0,1.0,0.0,20,saturated,0.9769228275572246,0.97,0.0953939201416945
kumo,kumo/kumo-caridentificationenv-t4-a6-v1-s0,kumo-caridentificationenv-t4-a6-v1-s0,1.0,0.0,20,saturated,0.980769110023541,0.975,0.1089724735885168
kumo,kumo/kumo-chemicalcompoundsenv-t4-a6-v1-s0,kumo-chemicalcompoundsenv-t4-a6-v1-s0,1.0,0.0,20,easy,0.9423070688930616,0.925,0.2384848003542364
kumo,kumo/kumo-caridentificationenv-t4-a6-v1-s1,kumo-caridentificationenv-t4-a6-v1-s1,1.0,0.0,20,saturated,0.9711535344465309,0.9625,0.1192424001771182
livecodebench,livecodebench/livecodebench-abc333_a,livecodebench-abc333_a,1.0,0.0,18,saturated,0.976922809052028,0.9666666666666666,0.1374368541872553
labbench,labbench/labbench-figqa-0029,labbench-figqa-0029,1.0,0.0,13,frontier,0.0077400497047021,0.0153846153846153,0.0532938710021193
livecodebench,livecodebench/livecodebench-abc351_e,livecodebench-abc351_e,1.0,0.0,18,saturated,0.9871793511828992,0.9814815,0.0763537315280006
featurebench-modal,featurebench-modal/featurebench-modal-mwaskom__seaborn.7001ebe7.test_plot.b645d353.lv2,featurebench-modal-mwaskom__seaborn.7001ebe7.test_plot.b645d353.lv2,1.0,0.0,25,frontier,0.0192412009261158,0.02,0.0979795897113271
livecodebench,livecodebench/livecodebench-abc330_c,livecodebench-abc330_c,1.0,0.0,18,saturated,0.9730766584721036,0.9611111111111112,0.1208253509496197
livecodebench,livecodebench/livecodebench-abc334_d,livecodebench-abc334_d,1.0,0.0,18,saturated,0.9871793511828992,0.9814815,0.0763537315280006
