benchmark,task_column,task_id,representativeness_score,leave_one_out_aggregate_correlation,useful_representativeness_score,mean_abs_similarity_to_peer_tasks,difficulty_tier,task_score,observed_mean,observed_std,strength_correlation
arc-agi-2,arc-agi-2/arc-agi-2-8e5c0c38_0,arc-agi-2-8e5c0c38_0,0.9985996046884442,0.9985662369739934,0.2815531834398963,0.905954405366123,hard,0.1546874853205855,0.15,0.2819574435974337,0.6801487115205187
arc-agi-2,arc-agi-2/arc-agi-2-b6f77b65_0,arc-agi-2-b6f77b65_0,0.9872574833326428,0.9869556473983382,0.3075439948825956,0.8955424213699165,hard,0.1701037053416355,0.1699999999999999,0.3116087290176576,0.6755139162338354
lawbench,lawbench/lawbench-3-3-16-one-shot,lawbench-3-3-16-one-shot,0.9851105162783179,0.9849056437453113,0.2750850558823642,0.8115372823831736,medium,0.4239693502018327,0.3870000666666666,0.2793009235243036,0.2374860458981098
lawbench,lawbench/lawbench-3-1-15-zero-shot,lawbench-3-1-15-zero-shot,0.9837338628007869,0.9835102065628288,0.4023579844198375,0.8140602089652965,medium,0.6445948797832227,0.574207,0.4091040252912047,0.1961775705048148
arc-agi-2,arc-agi-2/arc-agi-2-135a2760_0,arc-agi-2-135a2760_0,0.9836555977412456,0.9832691695256802,0.3164843941003017,0.8922359168847918,hard,0.1777837612014828,0.18,0.3218695387886216,0.6651253673067425
lawbench,lawbench/lawbench-2-3-21-one-shot,lawbench-2-3-21-one-shot,0.9824074003503274,0.9821656705994026,0.36300229270325923,0.8080802845897125,medium,0.5649363247128851,0.5129759333333334,0.3695937493739969,0.2728526622146591
humanevalfix,humanevalfix/humanevalfix-python-118,humanevalfix-python-118,0.9820978060948614,0.9802183803031982,0.25163181439605453,0.5794270024638402,easy,0.9143217589362812,0.89,0.2567099530598687,0.5435182953479392
arc-agi-2,arc-agi-2/arc-agi-2-446ef5d2_1,arc-agi-2-446ef5d2_1,0.98123243458396,0.9807892771942446,0.30309403886872205,0.890011470926016,hard,0.1549861595623028,0.15,0.3090307428072488,0.6853783562665814
arc-agi-2,arc-agi-2/arc-agi-2-cb2d8a2c_1,arc-agi-2-cb2d8a2c_1,0.9811050316179646,0.9806588955804103,0.3616491314097334,0.8898945159401359,hard,0.1937100363747761,0.2,0.3687817782917155,0.6773150249661606
lawbench,lawbench/lawbench-3-2-8-one-shot,lawbench-3-2-8-one-shot,0.9810687692020823,0.9808088253691235,0.19810927619767144,0.8091689670750908,medium,0.3090581988599541,0.293101,0.2019856174551792,0.2164324239016977
lawbench,lawbench/lawbench-3-1-23-zero-shot,lawbench-3-1-23-zero-shot,0.9809628632895478,0.980701479530043,0.41319250680887404,0.8134689161582382,medium,0.6674153370963958,0.5909264666666666,0.4213234255615459,0.1921265949573869
lawbench,lawbench/lawbench-1-2-5-one-shot,lawbench-1-2-5-one-shot,0.9806640667072485,0.9803986212807103,0.37090092209117737,0.8021105544891663,medium,0.5514972981009719,0.52,0.3783164460254581,0.3091356346171721
arc-agi-2,arc-agi-2/arc-agi-2-edb79dae_0,arc-agi-2-edb79dae_0,0.9805458293668899,0.9800866240648578,0.3506464504395686,0.8893811723859473,hard,0.1936788513449402,0.2,0.3577708763999664,0.6781020184074219
lawbench,lawbench/lawbench-3-3-15-zero-shot,lawbench-3-3-15-zero-shot,0.9804903460416785,0.9802225397379741,0.2696561699838056,0.8056249760294321,medium,0.4111667938007506,0.3748888666666666,0.2750968877494779,0.2831629989356077
lawbench,lawbench/lawbench-3-4-3-zero-shot,lawbench-3-4-3-zero-shot,0.9800250045039529,0.9797508762763363,0.3954988692549085,0.8071300571201745,medium,0.6067574264946306,0.5561463333333333,0.4036728915804093,0.2279832817335604
lawbench,lawbench/lawbench-2-10-5-one-shot,lawbench-2-10-5-one-shot,0.9795087908534807,0.9792276531595668,0.3773788171254324,0.8089648198506314,medium,0.6069483969080862,0.539959,0.3853841503635906,0.2559481169764531
arc-agi-2,arc-agi-2/arc-agi-2-b10624e5_0,arc-agi-2-b10624e5_0,0.979265243555466,0.9787761384087116,0.3360781482974517,0.8882056040283142,hard,0.1857188446374517,0.19,0.3433656942677879,0.6609357086959871
lawbench,lawbench/lawbench-3-2-13-zero-shot,lawbench-3-2-13-zero-shot,0.979049551378477,0.9787621810168541,0.16662270255594008,0.8119962597719078,hard,0.2709722749445396,0.2381768,0.1702381904282741,0.2099185454753559
lawbench,lawbench/lawbench-2-9-12-zero-shot,lawbench-2-9-12-zero-shot,0.9790229180354565,0.9787351863051864,0.38292033654539326,0.811036246051306,medium,0.6492967564283294,0.6166740714285714,0.3912399818698172,0.2129963381732033
lawbench,lawbench/lawbench-3-5-15-one-shot,lawbench-3-5-15-one-shot,0.9776675570195639,0.9773614486189135,0.407998142260911,0.8115370716141587,medium,0.666890413784729,0.5893615333333333,0.417448573235054,0.1963095966262409
lawbench,lawbench/lawbench-3-5-17-one-shot,lawbench-3-5-17-one-shot,0.9775467867728418,0.9772390421688466,0.37543012684718224,0.8108222436706244,medium,0.612148546043604,0.5637477500000001,0.3841743019332989,0.1641620304684459
lawbench,lawbench/lawbench-3-2-10-one-shot,lawbench-3-2-10-one-shot,0.977342133636841,0.9770316168495172,0.17967913632837867,0.8024552568616335,hard,0.2763472091870197,0.2532756666666666,0.1839030930316894,0.2943717095041289
lawbench,lawbench/lawbench-3-3-7-zero-shot,lawbench-3-3-7-zero-shot,0.9772318332612502,0.976919822616613,0.25633796374166096,0.8102363506014155,medium,0.4154980785985709,0.3679628666666666,0.2623940653134433,0.1704237400348752
lawbench,lawbench/lawbench-3-6-6-zero-shot,lawbench-3-6-6-zero-shot,0.9769281008214089,0.9766119774542983,0.3190560979223982,0.8071292494775237,medium,0.5165002816669202,0.474375,0.3266968922028491,0.2081811949888678
arc-agi-2,arc-agi-2/arc-agi-2-b5ca7ac4_0,arc-agi-2-b5ca7ac4_0,0.9767646070191727,0.9762172322361934,0.31238951431558176,0.885910038077338,hard,0.1624548345116241,0.16,0.3199999999999999,0.6758629535431446
lawbench,lawbench/lawbench-2-9-16-zero-shot,lawbench-2-9-16-zero-shot,0.9767374234175263,0.9764187188287611,0.3877265477597084,0.8092274385707052,medium,0.6318285434209359,0.5561370666666667,0.3970904492949461,0.177946930327065
lawbench,lawbench/lawbench-3-5-22-one-shot,lawbench-3-5-22-one-shot,0.9762704822455095,0.9759454587926374,0.3996891896533658,0.8103178517424396,medium,0.6637331883692567,0.6034780625,0.4095404984494007,0.1674478757776958
lawbench,lawbench/lawbench-3-5-21-one-shot,lawbench-3-5-21-one-shot,0.9760290557527671,0.9757007664142255,0.4092982115154561,0.8110828358978525,medium,0.6752368305554963,0.5918045333333333,0.4194915342945339,0.1849938414623095
lawbench,lawbench/lawbench-2-8-17-zero-shot,lawbench-2-8-17-zero-shot,0.9759631708216977,0.9756339903709905,0.3132307666256522,0.804935833768817,medium,0.4882770594804818,0.4406666666666666,0.3210535607790216,0.2582454558312139
lawbench,lawbench/lawbench-2-7-2-one-shot,lawbench-2-7-2-one-shot,0.9753044521746554,0.9749663657449024,0.1848134991926171,0.8066608763561384,medium,0.3012068148493473,0.278091125,0.1895588460135384,0.2017753218279494
lawbench,lawbench/lawbench-3-3-13-zero-shot,lawbench-3-3-13-zero-shot,0.9744882293299683,0.9741391159530157,0.2917613353153018,0.8100327642615546,medium,0.4818809481056673,0.4189999333333333,0.2995068471610105,0.185061190581992
lawbench,lawbench/lawbench-3-3-0-zero-shot,lawbench-3-3-0-zero-shot,0.9741703052035292,0.9738168993083894,0.2986631709635679,0.8097185883113778,medium,0.4962259462011015,0.4334074,0.3066933539309908,0.1780725695651742
lawbench,lawbench/lawbench-2-3-12-one-shot,lawbench-2-3-12-one-shot,0.9741143873643693,0.9737602266308083,0.3152478773110599,0.806812566854245,medium,0.5075588009629957,0.4520782666666667,0.3237428154175197,0.2355284339385706
lawbench,lawbench/lawbench-2-3-11-zero-shot,lawbench-2-3-11-zero-shot,0.9740349990354814,0.9736797667098401,0.3726518934024123,0.8084723743731546,medium,0.6115445185208715,0.5359542666666666,0.3827253129246382,0.2028236713352424
arc-agi-2,arc-agi-2/arc-agi-2-28a6681f_0,arc-agi-2-28a6681f_0,0.9738213374260241,0.9732055764456098,0.22594304186661388,0.8832081382352325,hard,0.1159691860940103,0.11,0.232163735324878,0.6519077805050277
lawbench,lawbench/lawbench-2-3-13-one-shot,lawbench-2-3-13-one-shot,0.9734719088403185,0.9731090784216908,0.34416494450337215,0.8039407501016895,medium,0.5419995964089229,0.4922994,0.3536756075296118,0.2472901725545999
arc-agi-2,arc-agi-2/arc-agi-2-97d7923e_0,arc-agi-2-97d7923e_0,0.9729518283427232,0.9723159054054917,0.32306650008544197,0.882409935291014,hard,0.1627098620877458,0.16,0.3322649545167229,0.6794013880610572
arc-agi-2,arc-agi-2/arc-agi-2-58f5dbd5_0,arc-agi-2-58f5dbd5_0,0.9723302627866769,0.9716799385741736,0.35020941050073673,0.8818393426814725,hard,0.2011348806898334,0.21,0.360416425818802,0.6686471516580216
lawbench,lawbench/lawbench-2-3-10-zero-shot,lawbench-2-3-10-zero-shot,0.9720337819523658,0.9716515664284736,0.37306036933692494,0.8041383812671359,medium,0.5980698380175009,0.5308650666666667,0.3839445972471317,0.2522334992348488
lawbench,lawbench/lawbench-2-6-24-one-shot,lawbench-2-6-24-one-shot,0.9719654969740109,0.9715823617360874,0.3822907450466378,0.8089097207128161,medium,0.6362562830680667,0.5823905625,0.3934722984920553,0.1682054525255282
lawbench,lawbench/lawbench-3-8-8-one-shot,lawbench-3-8-8-one-shot,0.9715394897348717,0.9711506181962959,0.0964573889399917,0.7986634379880744,hard,0.148703492332406,0.1397999999999999,0.0993227900314172,0.2591574165807371
arc-agi-2,arc-agi-2/arc-agi-2-71e489b6_0,arc-agi-2-71e489b6_0,0.9713995100161422,0.9707276386763531,0.25443077133712166,0.8809849184827511,hard,0.1238442115250867,0.1157894736842105,0.2621031494313417,0.6571623327268605
lawbench,lawbench/lawbench-3-1-0-one-shot,lawbench-3-1-0-one-shot,0.9711998646980186,0.9708064218566617,0.35248310148963646,0.8078133547061862,medium,0.5828353568437298,0.5093207333333333,0.3630827872105693,0.1407050892884895
lawbench,lawbench/lawbench-3-3-8-zero-shot,lawbench-3-3-8-zero-shot,0.9711586182725285,0.9707646203714585,0.24192147277149126,0.8012860158216153,medium,0.3888871486207023,0.3427685333333333,0.2492071380587821,0.2749293810826633
lawbench,lawbench/lawbench-3-3-15-one-shot,lawbench-3-3-15-one-shot,0.9709427342656757,0.9705458315716557,0.266705094450595,0.8055806938547719,medium,0.4327144653580203,0.3958331875,0.274799072619482,0.2049007232008303
lawbench,lawbench/lawbench-2-5-2-one-shot,lawbench-2-5-2-one-shot,0.9702704955273646,0.9698645518531113,0.33767483434941,0.8045267649033697,medium,0.5492934932620049,0.503657375,0.3481670030152332,0.2168088576501828
arc-agi-2,arc-agi-2/arc-agi-2-136b0064_0,arc-agi-2-136b0064_0,0.9702268154989039,0.9695278264458621,0.38403278311902034,0.8799083935397619,hard,0.2094939839131865,0.231578947368421,0.3961028994153006,0.6731474011662614
lawbench,lawbench/lawbench-3-3-2-zero-shot,lawbench-3-3-2-zero-shot,0.9698550018187848,0.9694434733394663,0.25373083862619206,0.8078544108068328,medium,0.4241747208475815,0.38720825,0.2617283478655636,0.1553803700071159
lawbench,lawbench/lawbench-3-3-21-zero-shot,lawbench-3-3-21-zero-shot,0.9693505462431231,0.968932240470409,0.2738444856125265,0.8003799096255149,medium,0.4285714070434458,0.409177,0.2826250115070762,0.2416477316455183
lawbench,lawbench/lawbench-3-5-2-zero-shot,lawbench-3-5-2-zero-shot,0.9690084608386682,0.9685855612416066,0.39167315109558587,0.8064209279733898,medium,0.6592340848201738,0.5943515,0.4043764090324756,0.1316373281010596
arc-agi-2,arc-agi-2/arc-agi-2-36a08778_1,arc-agi-2-36a08778_1,0.9688849558230676,0.9681549788401533,0.27108339407524296,0.8786765762251982,hard,0.1547053405735751,0.16,0.28,0.668116251771277
lawbench,lawbench/lawbench-3-7-11-zero-shot,lawbench-3-7-11-zero-shot,0.9685224720471066,0.9680930490094142,0.43674795541921646,0.8068067590445694,easy,0.7386754511345921,0.6653125,0.4511425382778152,0.1573643877379961
lawbench,lawbench/lawbench-2-7-0-zero-shot,lawbench-2-7-0-zero-shot,0.9682031656258184,0.9677694583473888,0.17025785371242325,0.8024367797706724,hard,0.2706155574618885,0.2442726666666667,0.1759281120559064,0.1813661242177309
lawbench,lawbench/lawbench-2-10-1-one-shot,lawbench-2-10-1-one-shot,0.968153540053539,0.9677191670616959,0.372121615107525,0.8054028026743186,medium,0.6136485096187303,0.5383144666666666,0.3845347160348233,0.1326858772113126
lawbench,lawbench/lawbench-2-5-19-one-shot,lawbench-2-5-19-one-shot,0.9679216847165126,0.9674842019104475,0.3680910467486233,0.8050998458950858,medium,0.6170224403130633,0.5623876875,0.3804620747519913,0.1657807580699824
lawbench,lawbench/lawbench-3-2-19-zero-shot,lawbench-3-2-19-zero-shot,0.9676216730697361,0.9671801674150288,0.15769174569303895,0.798175527369216,hard,0.2484483509333764,0.2203735999999999,0.1630427825195174,0.2683299387848357
arc-agi-2,arc-agi-2/arc-agi-2-c7f57c3e_0,arc-agi-2-c7f57c3e_0,0.9676195499804687,0.9668603913155435,0.26015552421531785,0.8775149429673152,hard,0.1467087552190208,0.1399999999999999,0.2690724809414742,0.6497757633763629
labbench,labbench/labbench-figqa-0132,labbench-figqa-0132,0.967554733302327,0.9670286441268838,0.3975347405676006,0.6896738637886558,medium,0.325877757373051,0.3846153846153846,0.4110888989503811,0.5594147548071974
lawbench,lawbench/lawbench-3-7-21-one-shot,lawbench-3-7-21-one-shot,0.9674702639786495,0.9670267285664546,0.4015340328962127,0.8066062220606005,medium,0.6835353028802555,0.615625,0.4152253717862144,0.1464356287524027
lawbench,lawbench/lawbench-2-7-17-zero-shot,lawbench-2-7-17-zero-shot,0.9672392495415814,0.9667926178244476,0.13240345010200924,0.8007188161948169,hard,0.2096184373950642,0.1895918666666666,0.1369512423460099,0.1858622419355353
arc-agi-2,arc-agi-2/arc-agi-2-7b5033c1_0,arc-agi-2-7b5033c1_0,0.9670442464179025,0.9662718336617313,0.3132569234048839,0.876986818527584,hard,0.1698798627953497,0.1699999999999999,0.3241913015489466,0.6549064538416933
lawbench,lawbench/lawbench-1-2-20-one-shot,lawbench-1-2-20-one-shot,0.9663870503083665,0.9659290030229848,0.3897688102704397,0.7856933929080735,medium,0.5650018335135776,0.5429999999999999,0.403517038054157,0.3675446288012163
lawbench,lawbench/lawbench-2-5-1-one-shot,lawbench-2-5-1-one-shot,0.9660887685084995,0.9656267280386125,0.38718599870309034,0.7967459905471722,medium,0.6150131956210514,0.5597811333333332,0.4009686014900863,0.2685145190880071
swebench-multilingual,swebench-multilingual/swebench-multilingual-valkey-io__valkey-1499,swebench-multilingual-valkey-io__valkey-1499,0.9660214540667765,0.9656366730989415,0.4303007779221235,0.6650448986665226,easy,0.836201173753952,0.7000000000000001,0.4456135417280634,0.4053221588389397
lawbench,lawbench/lawbench-2-7-22-zero-shot,lawbench-2-7-22-zero-shot,0.9660187290380582,0.9655557511119459,0.11403008912200455,0.8006310241917052,hard,0.1815654486498998,0.1705991875,0.1180978819614363,0.1787823709345912
arc-agi-2,arc-agi-2/arc-agi-2-d35bdbdc_0,arc-agi-2-d35bdbdc_0,0.9659254145308845,0.9651272490116078,0.19779222807015942,0.8759597390830388,hard,0.1080029176282054,0.1,0.2049390153191919,0.6477551204613065
arc-agi-2,arc-agi-2/arc-agi-2-16de56c4_1,arc-agi-2-16de56c4_1,0.9659028046764216,0.965104119051964,0.33695819414059225,0.8759389834029117,hard,0.1855199253626855,0.19,0.3491418050019217,0.6634104870921059
swebench-multilingual,swebench-multilingual/swebench-multilingual-briannesbitt__carbon-2981,swebench-multilingual-briannesbitt__carbon-2981,0.9655972772692988,0.9652077783090796,0.4293230785837557,0.6647097385134408,easy,0.830601945355735,0.6904762142857143,0.4447986104462137,0.4055418653481925
swebench-multilingual,swebench-multilingual/swebench-multilingual-briannesbitt__carbon-2752,swebench-multilingual-briannesbitt__carbon-2752,0.9655972772692988,0.9652077783090796,0.4293230785837557,0.6647097385134408,easy,0.830601945355735,0.6904762142857143,0.4447986104462137,0.4055418653481925
lawbench,lawbench/lawbench-3-4-1-one-shot,lawbench-3-4-1-one-shot,0.9653408626287481,0.9648688152585477,0.41335476097334806,0.8049494289570874,medium,0.6979860041315707,0.631892,0.4284051411305949,0.135380847552177
lawbench,lawbench/lawbench-3-4-9-one-shot,lawbench-3-4-9-one-shot,0.9651533215080021,0.9646787660979612,0.38766598180289197,0.8051514146288549,medium,0.6560322676664759,0.5926649374999999,0.4018601791879031,0.1309625322452864
lawbench,lawbench/lawbench-3-5-12-one-shot,lawbench-3-5-12-one-shot,0.9648868277645625,0.964408709314542,0.3922373896315451,0.8013384285868911,medium,0.6545676707554104,0.5876663125,0.4067128239751481,0.1240641732899626
lawbench,lawbench/lawbench-2-2-14-one-shot,lawbench-2-2-14-one-shot,0.9648681839303533,0.9643898162485465,0.1467864451086342,0.8001950780250606,hard,0.238286430486392,0.212,0.1522065482603601,0.1815855554063943
arc-agi-2,arc-agi-2/arc-agi-2-a6f40cea_0,arc-agi-2-a6f40cea_0,0.9634753977173675,0.9626209466139363,0.2591317193173884,0.8737106416653205,hard,0.1242114895842854,0.1263157894736842,0.2691939337377773,0.6673778785701269
lawbench,lawbench/lawbench-2-4-16-zero-shot,lawbench-2-4-16-zero-shot,0.9632504400237835,0.9627504649673332,0.2818274557633139,0.8027007174236721,medium,0.4776540425943764,0.43234375,0.2927315706597727,0.1618203773508292
arc-agi-2,arc-agi-2/arc-agi-2-581f7754_1,arc-agi-2-581f7754_1,0.9631430107150023,0.9622809349021182,0.3359725025306623,0.8734055128414782,hard,0.1860166249034514,0.19,0.3491418050019217,0.6684267354240429
lawbench,lawbench/lawbench-3-6-15-zero-shot,lawbench-3-6-15-zero-shot,0.9631353007770118,0.9626337892751795,0.3567335332324283,0.7989173131086784,medium,0.5690654738416094,0.525625,0.3705807309143312,0.2085449822049397
labbench,labbench/labbench-figqa-0062,labbench-figqa-0062,0.9629520187005068,0.9623527375002673,0.41030002120700504,0.6797290915452177,hard,0.2045848013482891,0.3230769230769231,0.4263509680169545,0.5480374132615141
lawbench,lawbench/lawbench-2-6-16-one-shot,lawbench-2-6-16-one-shot,0.9629484484413601,0.9624444439365764,0.38057027408679595,0.7982642105349456,medium,0.6155137217361286,0.5709286874999999,0.3954205112662845,0.1495083698785849
lawbench,lawbench/lawbench-2-1-24-one-shot,lawbench-2-1-24-one-shot,0.9627955324488086,0.9622894880904949,0.29667217622500847,0.7891405841668689,medium,0.4494124981511857,0.4146048666666667,0.3082982614864739,0.3209566084408862
arc-agi-2,arc-agi-2/arc-agi-2-b0039139_1,arc-agi-2-b0039139_1,0.9618744358297142,0.9609832848895681,0.28033712412654344,0.8722409704257115,hard,0.1393585586307269,0.1299999999999999,0.2917190429162964,0.6736286814988552
arc-agi-2,arc-agi-2/arc-agi-2-d59b0160_0,arc-agi-2-d59b0160_0,0.9617005549403117,0.9608054218250337,0.2888814533648667,0.8720813490479364,hard,0.1628891639927182,0.16,0.3006659275674582,0.6773740554070514
lawbench,lawbench/lawbench-3-6-22-one-shot,lawbench-3-6-22-one-shot,0.9613280407287869,0.9608024372792674,0.3387263336901912,0.7895243343245127,medium,0.5089128180758904,0.4935416875,0.352545248167118,0.2659753892056815
mmau,mmau/mmau-a6f1c137-3ac4-41a3-8875-620d3dcba65c,mmau-a6f1c137-3ac4-41a3-8875-620d3dcba65c,0.9610586502566267,0.9594422500440363,0.21367793471954538,0.511733095526413,easy,0.9321117776364124,0.9200000000000002,0.2227105745132008,0.4373048702038818
arc-agi-2,arc-agi-2/arc-agi-2-36a08778_0,arc-agi-2-36a08778_0,0.9609449894584273,0.9600325612331675,0.37379678680265827,0.8713877454918922,hard,0.2088151205183489,0.22,0.3893584466786357,0.6454533792589491
lawbench,lawbench/lawbench-2-2-12-one-shot,lawbench-2-2-12-one-shot,0.9601301090107598,0.9595885618015549,0.23551638994006988,0.7898006295936421,medium,0.3632641115636771,0.3313333333333333,0.2454347616419121,0.284966260643733
lawbench,lawbench/lawbench-3-7-10-one-shot,lawbench-3-7-10-one-shot,0.9598628226347795,0.959317720770795,0.3767385804527972,0.7896884557154226,medium,0.596894003796337,0.55546875,0.3927151269029976,0.2008102395954324
labbench,labbench/labbench-figqa-0067,labbench-figqa-0067,0.9593535702126778,0.9586973157480504,0.421321124003129,0.6765061832332575,hard,0.2122777841927822,0.3384615384615385,0.4394725186795599,0.5306757256923169
swebench-multilingual,swebench-multilingual/swebench-multilingual-redis__redis-11510,swebench-multilingual-redis__redis-11510,0.9591659445869292,0.9587051700127157,0.4215396579782594,0.6602052173073283,easy,0.8250709747610029,0.7,0.4396968652757639,0.4080638214123144
labbench,labbench/labbench-figqa-0160,labbench-figqa-0160,0.9591329662132148,0.9584732260925825,0.37594412946940825,0.669700034260484,medium,0.3337171701467741,0.4,0.3922322702763681,0.5447651222133401
swebench-multilingual,swebench-multilingual/swebench-multilingual-fmtlib__fmt-2317,swebench-multilingual-fmtlib__fmt-2317,0.9586938762475373,0.9582278890312727,0.42880575128218534,0.6598782730183699,easy,0.8241890972666959,0.6785714285714286,0.4474987173622024,0.405138816508323
lawbench,lawbench/lawbench-2-7-18-one-shot,lawbench-2-7-18-one-shot,0.957624665158124,0.9570498375606876,0.16107688879392434,0.789350048238359,hard,0.2520857242050539,0.2296534666666666,0.1683056435226763,0.2784271018691936
swebench-multilingual,swebench-multilingual/swebench-multilingual-laravel__framework-52684,swebench-multilingual-laravel__framework-52684,0.9573143878604744,0.9568331831031551,0.4231275540419456,0.65907738337829,easy,0.844302290077496,0.7333333333333333,0.4422166387140533,0.3997532363401648
swebench-multilingual,swebench-multilingual/swebench-multilingual-laravel__framework-52451,swebench-multilingual-laravel__framework-52451,0.9573143878604744,0.9568331831031551,0.4231275540419456,0.65907738337829,easy,0.844302290077496,0.7333333333333333,0.4422166387140533,0.3997532363401648
swebench-multilingual,swebench-multilingual/swebench-multilingual-gohugoio__hugo-12768,swebench-multilingual-gohugoio__hugo-12768,0.957314270391164,0.9568330643389553,0.4143208704492227,0.6590773025331742,easy,0.844302352953968,0.75,0.4330127018922193,0.3997531623363896
swebench-multilingual,swebench-multilingual/swebench-multilingual-jqlang__jq-2235,swebench-multilingual-jqlang__jq-2235,0.957314270391164,0.9568330643389553,0.4143208704492227,0.6590773025331742,easy,0.844302352953968,0.75,0.4330127018922193,0.3997531623363896
swebench-multilingual,swebench-multilingual/swebench-multilingual-jqlang__jq-2598,swebench-multilingual-jqlang__jq-2598,0.957314270391164,0.9568330643389553,0.4143208704492227,0.6590773025331742,easy,0.844302352953968,0.75,0.4330127018922193,0.3997531623363896
swebench-multilingual,swebench-multilingual/swebench-multilingual-laravel__framework-53914,swebench-multilingual-laravel__framework-53914,0.9570757211561077,0.9565918858575622,0.4142164371033564,0.6589135209307478,easy,0.8445954975334367,0.75,0.4330127018922193,0.3989159145187615
swebench-multilingual,swebench-multilingual/swebench-multilingual-laravel__framework-52866,swebench-multilingual-laravel__framework-52866,0.9570757211561077,0.9565918858575622,0.4142164371033564,0.6589135209307478,easy,0.8445954975334367,0.75,0.4330127018922193,0.3989159145187615
swebench-multilingual,swebench-multilingual/swebench-multilingual-jordansissel__fpm-1850,swebench-multilingual-jordansissel__fpm-1850,0.9570757211561077,0.9565918858575622,0.4142164371033564,0.6589135209307478,easy,0.8445954975334367,0.75,0.4330127018922193,0.3989159145187615
swebench-multilingual,swebench-multilingual/swebench-multilingual-redis__redis-10095,swebench-multilingual-redis__redis-10095,0.9570755655610723,0.9565917285478045,0.4142163689862332,0.6589134136968449,easy,0.844595499577143,0.75,0.4330127018922193,0.3989157971389621
swebench-multilingual,swebench-multilingual/swebench-multilingual-jqlang__jq-2658,swebench-multilingual-jqlang__jq-2658,0.9570447797817232,0.9565606035017901,0.44148950930851844,0.6588906849999211,easy,0.84389393859449,0.6923076923076923,0.4615384615384615,0.3985138647443099
swebench-multilingual,swebench-multilingual/swebench-multilingual-jqlang__jq-2919,swebench-multilingual-jqlang__jq-2919,0.9570447564818458,0.9565605799451472,0.4321300217940354,0.6588906691379844,easy,0.843894045789663,0.7142857142857143,0.4517539514526256,0.3985137910149516
swebench-multilingual,swebench-multilingual/swebench-multilingual-php-cs-fixer__php-cs-fixer-7523,swebench-multilingual-php-cs-fixer__php-cs-fixer-7523,0.9570447116816311,0.9565605346512308,0.44148947753133727,0.6588906381382927,easy,0.8438939787548517,0.6923076923076923,0.4615384615384615,0.398513740929841
swebench-multilingual,swebench-multilingual/swebench-multilingual-hashicorp__terraform-34580,swebench-multilingual-hashicorp__terraform-34580,0.9570446162784528,0.9565604381967049,0.42300694170618874,0.6588905726456991,easy,0.8438941206753154,0.7333333333333333,0.4422166387140533,0.3985137028510287
swebench-multilingual,swebench-multilingual/swebench-multilingual-google__gson-1014,swebench-multilingual-google__gson-1014,0.9570446162784528,0.9565604381967049,0.42300694170618874,0.6588905726456991,easy,0.8438941206753154,0.7333333333333333,0.4422166387140533,0.3985137028510287
swebench-multilingual,swebench-multilingual/swebench-multilingual-google__gson-2024,swebench-multilingual-google__gson-2024,0.9570446162784528,0.9565604381967049,0.42300694170618874,0.6588905726456991,easy,0.8438941206753154,0.7333333333333333,0.4422166387140533,0.3985137028510287
swebench-multilingual,swebench-multilingual/swebench-multilingual-javaparser__javaparser-4561,swebench-multilingual-javaparser__javaparser-4561,0.9570446162784528,0.9565604381967049,0.42300694170618874,0.6588905726456991,easy,0.8438941206753154,0.7333333333333333,0.4422166387140533,0.3985137028510287
swebench-multilingual,swebench-multilingual/swebench-multilingual-javaparser__javaparser-4538,swebench-multilingual-javaparser__javaparser-4538,0.9570446162784528,0.9565604381967049,0.42300694170618874,0.6588905726456991,easy,0.8438941206753154,0.7333333333333333,0.4422166387140533,0.3985137028510287
swebench-multilingual,swebench-multilingual/swebench-multilingual-gohugoio__hugo-12562,swebench-multilingual-gohugoio__hugo-12562,0.9570446162784528,0.9565604381967049,0.42300694170618874,0.6588905726456991,easy,0.8438941206753154,0.7333333333333333,0.4422166387140533,0.3985137028510287
swebench-multilingual,swebench-multilingual/swebench-multilingual-tokio-rs__tokio-7139,swebench-multilingual-tokio-rs__tokio-7139,0.9570445714781871,0.9565603929027375,0.43212993729688776,0.658890541645972,easy,0.8438940536405046,0.7142857142857143,0.4517539514526256,0.3985136527658969
swebench-multilingual,swebench-multilingual/swebench-multilingual-rubocop__rubocop-13375,swebench-multilingual-rubocop__rubocop-13375,0.9570445714781871,0.9565603929027375,0.43212993729688776,0.658890541645972,easy,0.8438940536405046,0.7142857142857143,0.4517539514526256,0.3985136527658969
swebench-multilingual,swebench-multilingual/swebench-multilingual-laravel__framework-53696,swebench-multilingual-laravel__framework-53696,0.9568041234748048,0.9563172954871763,0.4228994199544532,0.6587254809137737,easy,0.8442013430607425,0.7333333333333333,0.4422166387140533,0.397675906421466
swebench-multilingual,swebench-multilingual/swebench-multilingual-php-cs-fixer__php-cs-fixer-8256,swebench-multilingual-php-cs-fixer__php-cs-fixer-8256,0.956804079310245,0.9563172508360455,0.43202009690749527,0.658725450353923,easy,0.8442012772464692,0.7142857142857143,0.4517539514526256,0.3976758571248413
swebench-multilingual,swebench-multilingual/swebench-multilingual-fmtlib__fmt-3729,swebench-multilingual-fmtlib__fmt-3729,0.95672755493023,0.9562398834027942,0.44134148464744344,0.6586711283230656,easy,0.8434275052216613,0.6923076923076923,0.4615384615384615,0.3967623346270253
swebench-multilingual,swebench-multilingual/swebench-multilingual-caddyserver__caddy-6288,swebench-multilingual-caddyserver__caddy-6288,0.95672755493023,0.9562398834027942,0.44134148464744344,0.6586711283230655,easy,0.8434275052216613,0.6923076923076923,0.4615384615384615,0.3967623346270253
swebench-multilingual,swebench-multilingual/swebench-multilingual-gin-gonic__gin-1805,swebench-multilingual-gin-gonic__gin-1805,0.9567273920454865,0.9562397187236561,0.4319850714693589,0.6586710167474779,easy,0.8434278828963004,0.7142857142857143,0.4517539514526256,0.3967625086066741
swebench-multilingual,swebench-multilingual/swebench-multilingual-fmtlib__fmt-3248,swebench-multilingual-fmtlib__fmt-3248,0.9567273713826295,0.9562396978331709,0.43198506203199966,0.658671001998467,easy,0.8434276030568022,0.7142857142857143,0.4517539514526256,0.3967622195815007
swebench-multilingual,swebench-multilingual/swebench-multilingual-caddyserver__caddy-6115,swebench-multilingual-caddyserver__caddy-6115,0.9567273713826295,0.9562396978331709,0.43198506203199966,0.658671001998467,easy,0.8434276030568022,0.7142857142857143,0.4517539514526256,0.3967622195815007
swebench-multilingual,swebench-multilingual/swebench-multilingual-briannesbitt__carbon-3103,swebench-multilingual-briannesbitt__carbon-3103,0.9567273713826295,0.9562396978331709,0.43198506203199966,0.658671001998467,easy,0.8434276030568022,0.7142857142857143,0.4517539514526256,0.3967622195815007
swebench-multilingual,swebench-multilingual/swebench-multilingual-fluent__fluentd-3917,swebench-multilingual-fluent__fluentd-3917,0.9567273713826295,0.9562396978331709,0.43198506203199966,0.658671001998467,easy,0.8434276030568022,0.7142857142857143,0.4517539514526256,0.3967622195815007
swebench-multilingual,swebench-multilingual/swebench-multilingual-fastlane__fastlane-20958,swebench-multilingual-fastlane__fastlane-20958,0.9567273713826295,0.9562396978331709,0.43198506203199966,0.658671001998467,easy,0.8434276030568022,0.7142857142857143,0.4517539514526256,0.3967622195815007
lawbench,lawbench/lawbench-3-2-7-zero-shot,lawbench-3-2-7-zero-shot,0.9566865785393511,0.9560993129520712,0.15493933218778846,0.7817354941286455,hard,0.2302745760259962,0.2202755,0.162053596408719,0.3100117143335064
labbench,labbench/labbench-figqa-0098,labbench-figqa-0098,0.956654276278566,0.9559554280302697,0.37089659361221017,0.6765632068732864,medium,0.3420818477178525,0.4153846153846153,0.3879852373205689,0.63128293611015
kumo,kumo/kumo-herbenv-t4-a6-v1-s1,kumo-herbenv-t4-a6-v1-s1,0.9561263794578084,0.9550109410215737,0.300423937024375,0.5201368457029734,easy,0.9134152929624472,0.875,0.3145764348029479,0.7114783165523758
arc-agi-2,arc-agi-2/arc-agi-2-c4d067a0_0,arc-agi-2-c4d067a0_0,0.9559784098956011,0.9549526454699281,0.3954703227777495,0.8668284619767692,hard,0.2321475166126235,0.25,0.4141255848169731,0.6596287031284771
labbench,labbench/labbench-figqa-0039,labbench-figqa-0039,0.95563575684671,0.9549208687090521,0.2228014155798845,0.6734855956891834,hard,0.1093263493199593,0.1692307692307692,0.2333192444323554,0.5498767110422867
arc-agi-2,arc-agi-2/arc-agi-2-b6f77b65_1,arc-agi-2-b6f77b65_1,0.9554476209956049,0.9544097800447052,0.19536280962216113,0.8663412016699222,hard,0.1002979384968386,0.09,0.2046948949045872,0.6240574529567312
lawbench,lawbench/lawbench-3-4-19-zero-shot,lawbench-3-4-19-zero-shot,0.9553232171907838,0.954717897116842,0.3737626563332181,0.796390218156321,medium,0.6112875586765815,0.5392804666666666,0.3914901537532145,0.1024242817332101
arc-agi-2,arc-agi-2/arc-agi-2-e376de54_0,arc-agi-2-e376de54_0,0.9552760417525409,0.9542342985102783,0.31376574667205365,0.8661836931865599,hard,0.1948683910022734,0.2024999999999999,0.3288141572377929,0.6629985991889925
lawbench,lawbench/lawbench-2-2-18-zero-shot,lawbench-2-2-18-zero-shot,0.9544852257093529,0.9538688214630514,0.18907079403615668,0.787938459068325,hard,0.2898451640019553,0.2628333333333333,0.1982146703842971,0.2434253480741666
arc-agi-2,arc-agi-2/arc-agi-2-6e453dd6_0,arc-agi-2-6e453dd6_0,0.9544550599814745,0.9533946548811443,0.3981492968366454,0.8654300379581095,hard,0.2244676447214445,0.24,0.4176122603564219,0.6562218373043065
arc-agi-2,arc-agi-2/arc-agi-2-7c66cb00_0,arc-agi-2-7c66cb00_0,0.9540394818573439,0.9529696365203796,0.33272153900675056,0.8650485402962618,hard,0.1852399745150442,0.19,0.3491418050019217,0.6331599598598673
arc-agi-2,arc-agi-2/arc-agi-2-20270e3b_1,arc-agi-2-20270e3b_1,0.9536627622873632,0.9525843630984546,0.3238786834534746,0.8647027145013647,hard,0.1775723802909568,0.18,0.34,0.6475780087765397
mmau,mmau/mmau-0be58acd-2201-4d00-8357-0b0c1ab3b335,mmau-0be58acd-2201-4d00-8357-0b0c1ab3b335,0.9535188915031597,0.9515974075293182,0.2108599000222923,0.5036403769069352,easy,0.946123193535774,0.93,0.2215851980616034,0.5148671417205674
lawbench,lawbench/lawbench-3-4-13-zero-shot,lawbench-3-4-13-zero-shot,0.9531457651626646,0.9525116643885662,0.365602480525904,0.7846478213797402,medium,0.5536803143866169,0.5102250666666667,0.3838299248131419,0.1732313169575586
usaco,usaco/usaco-226,usaco-226,0.9531279234784436,0.9518065713209818,0.3613970509594293,0.7377164218519096,easy,0.8235071073892435,0.7631578947368421,0.3796958981464668,0.4891286747966406
labbench,labbench/labbench-figqa-0145,labbench-figqa-0145,0.9526220528655058,0.9518598066886118,0.41882855537515673,0.6707913189467186,medium,0.3412039979770588,0.4153846153846154,0.440010758340772,0.4868044490082861
lawbench,lawbench/lawbench-2-4-8-zero-shot,lawbench-2-4-8-zero-shot,0.95203802335601,0.9513893066052049,0.10387189469648797,0.7888193456256856,hard,0.1679686020927402,0.156041625,0.1091791698470197,0.2132484816714716
arc-agi-2,arc-agi-2/arc-agi-2-d8e07eb2_1,arc-agi-2-d8e07eb2_1,0.9518828448067014,0.9507640778293679,0.35010846344706203,0.8630687633433886,hard,0.2090815317858445,0.22,0.3682390527904394,0.6658949211126504
mmau,mmau/mmau-6aee68bf-6629-442b-981d-ae8195597c8e,mmau-6aee68bf-6629-442b-981d-ae8195597c8e,0.9518738048562356,0.9498860944545133,0.20897494077999293,0.5006524018065471,saturated,0.9538151294374624,0.94,0.22,0.4987607565043858
lawbench,lawbench/lawbench-2-1-10-one-shot,lawbench-2-1-10-one-shot,0.9511941581446048,0.9505343187451631,0.31440937540557956,0.7812855506334407,medium,0.4824643685684047,0.4372968,0.3307711980569449,0.3295543776523826
arc-agi-2,arc-agi-2/arc-agi-2-8e5c0c38_1,arc-agi-2-8e5c0c38_1,0.9510841732387265,0.9499473180917345,0.36987001219873356,0.8623355887173099,hard,0.2090638863361543,0.22,0.3893584466786357,0.6607174606497245
simpleqa,simpleqa/simpleqa-2941,simpleqa-2941,0.9508674766401332,0.9502127887470442,0.3021318076074277,0.7064981488791399,easy,0.8680820203170961,0.8300000000000001,0.3179622619116928,0.5744317903228612
arc-agi-2,arc-agi-2/arc-agi-2-20a9e565_1,arc-agi-2-20a9e565_1,0.9507293767406421,0.9495844912676042,0.2198447039266563,0.8620098881411937,hard,0.1241396797363071,0.12,0.2315167380558045,0.6643816469031051
arc-agi-2,arc-agi-2/arc-agi-2-16de56c4_0,arc-agi-2-16de56c4_0,0.9504328762130895,0.9492812822409972,0.3602269190456039,0.8617377028373246,hard,0.1937349596462957,0.2,0.3794733192202055,0.6754211656491195
labbench,labbench/labbench-figqa-0134,labbench-figqa-0134,0.9502188854656879,0.9494189851524504,0.35154153058257614,0.6601850082575808,hard,0.2166296150598825,0.2299999999999999,0.3702701716314724,0.4815789637904627
arc-agi-2,arc-agi-2/arc-agi-2-8f3a5a89_0,arc-agi-2-8f3a5a89_0,0.9498178187280625,0.9486523156239832,0.3573536883001321,0.8611730845891193,hard,0.2008924987181398,0.21,0.3766961640367472,0.6467327800631938
arc-agi-2,arc-agi-2/arc-agi-2-7b0280bc_0,arc-agi-2-7b0280bc_0,0.9492587203400862,0.948080581668962,0.17378604121663122,0.8606598363804905,hard,0.0849558659988019,0.08,0.1833030277982336,0.6371593839909984
arc-agi-2,arc-agi-2/arc-agi-2-71e489b6_1,arc-agi-2-71e489b6_1,0.9491521769942648,0.9479716313277939,0.18381851930359375,0.8605620303725321,hard,0.0878743084871587,0.08,0.1939071942966531,0.641023134972514
lawbench,lawbench/lawbench-2-1-4-zero-shot,lawbench-2-1-4-zero-shot,0.9482679297792556,0.9475695988914051,0.29657833502598724,0.7761169581014675,medium,0.4376287513296666,0.4028546666666667,0.3129884447252894,0.3088935747174735
kumo,kumo/kumo-beverageenv-t4-a6-v1-s0,kumo-beverageenv-t4-a6-v1-s0,0.9482413273822021,0.946930926810713,0.2414209636916163,0.5189216304072432,easy,0.922986286710254,0.9,0.2549509756796392,0.6827716877275123
usaco,usaco/usaco-643,usaco-643,0.9482024290579693,0.946746062660716,0.35237922623118717,0.7338466938283653,easy,0.8233269688940426,0.7490740555555556,0.3722003609298017,0.4776211283720243
mmau,mmau/mmau-24d64f05-1113-4081-847f-60023addbae7,mmau-24d64f05-1113-4081-847f-60023addbae7,0.9479573324082594,0.9458124450137432,0.2080787379030235,0.5018622191526533,easy,0.9475290503504314,0.94,0.22,0.4136120296195015
replicationbench,replicationbench/replicationbench-trgb_std_candle__fit_aseq_bseq,replicationbench-trgb_std_candle__fit_aseq_bseq,0.9475761765134795,0.9456812583167031,0.35955763938282187,0.6739056981656262,hard,0.1694676798299429,0.1960784117647059,0.3802101778170252,0.668327426657222
arc-agi-2,arc-agi-2/arc-agi-2-65b59efc_1,arc-agi-2-65b59efc_1,0.9469762866926708,0.9457466451301149,0.3460709123520131,0.8585645790768699,hard,0.201134170682784,0.21,0.3659234892706397,0.6459141254212525
swebench-multilingual,swebench-multilingual/swebench-multilingual-rubocop__rubocop-13362,swebench-multilingual-rubocop__rubocop-13362,0.9465461673883377,0.94594694105041,0.40896600087469703,0.6539562676768601,easy,0.81214771947799,0.6777778,0.4323350318365298,0.4039001510686394
lawbench,lawbench/lawbench-3-6-21-zero-shot,lawbench-3-6-21-zero-shot,0.9462004802132198,0.9454750271243341,0.29729403832256973,0.7735015450725377,medium,0.4344604719002787,0.4273958124999999,0.3144388056729438,0.2357209528002572
labbench,labbench/labbench-figqa-0082,labbench-figqa-0082,0.9461355571383739,0.9452719003713855,0.3616823254853426,0.6659827561720477,hard,0.2242983860868843,0.24,0.3826225293941798,0.449809209826468
lawbench,lawbench/lawbench-2-1-22-zero-shot,lawbench-2-1-22-zero-shot,0.9460465161607396,0.9453190456837496,0.29468560556606266,0.7751772870176667,medium,0.4279128716196228,0.4170664375,0.3117313746206356,0.3067160969552484
swebench-multilingual,swebench-multilingual/swebench-multilingual-laravel__framework-51195,swebench-multilingual-laravel__framework-51195,0.9458759846324637,0.9452694578485673,0.38135552843154197,0.6500416827855717,easy,0.8574179604732917,0.7708333125,0.4034357878223495,0.3342385501127927
swebench-multilingual,swebench-multilingual/swebench-multilingual-immutable-js__immutable-js-2006,swebench-multilingual-immutable-js__immutable-js-2006,0.9458184730894897,0.945211320064857,0.39815467200206234,0.6499993981730244,easy,0.8567171352453375,0.7380952142857142,0.4212334993774116,0.333745038397135
mmau,mmau/mmau-7fa63d67-5d84-4f56-b5c4-9b26c4cf9d26,mmau-7fa63d67-5d84-4f56-b5c4-9b26c4cf9d26,0.9457821306299465,0.9435502447299112,0.20758105384058048,0.49601755102330175,saturated,0.953845889978156,0.94,0.22,0.510508392325009
arc-agi-2,arc-agi-2/arc-agi-2-247ef758_0,arc-agi-2-247ef758_0,0.9457386078222043,0.9444810918123389,0.40557738083707956,0.8574283989755044,hard,0.2398400359394877,0.26,0.4294182110716777,0.6535910300525969
mmau,mmau/mmau-9685984a-9330-45c8-8d90-5de8068b5861,mmau-9685984a-9330-45c8-8d90-5de8068b5861,0.9456551428031187,0.9434181845068251,0.16449058111055437,0.4948913532634866,saturated,0.9692305760376654,0.96,0.1743559577416269,0.4950386450655257
mmau,mmau/mmau-38dbb2bf-62ca-4ecd-9ece-0618e060f6b3,mmau-38dbb2bf-62ca-4ecd-9ece-0618e060f6b3,0.9456551428031187,0.9434181845068251,0.20561322638819304,0.4948913532634866,saturated,0.961538220047082,0.95,0.2179449471770337,0.4950386450655257
mmau,mmau/mmau-0d46136b-5249-4ca9-a761-705686ec60b9,mmau-0d46136b-5249-4ca9-a761-705686ec60b9,0.9456551428031187,0.9434181845068251,0.20561322638819304,0.49489135326348654,saturated,0.961538220047082,0.95,0.2179449471770337,0.4950386450655257
mmau,mmau/mmau-47ae81d9-8cb5-4267-9394-2f511cc84871,mmau-47ae81d9-8cb5-4267-9394-2f511cc84871,0.9456551428031187,0.9434181845068251,0.20561322638819304,0.4948913532634866,saturated,0.961538220047082,0.95,0.2179449471770337,0.4950386450655257
mmau,mmau/mmau-71f95ca1-a409-47b0-af02-80a272f776d5,mmau-71f95ca1-a409-47b0-af02-80a272f776d5,0.9456551428031187,0.9434181845068251,0.1233679358329158,0.4948913532634866,saturated,0.9769229320282492,0.97,0.1307669683062202,0.4950386450655257
swebench-multilingual,swebench-multilingual/swebench-multilingual-gin-gonic__gin-4003,swebench-multilingual-gin-gonic__gin-4003,0.9455703369892414,0.9449604824651252,0.3812308767043053,0.6498295379378752,easy,0.8570241237417533,0.7708333125,0.4034357878223495,0.332871728430922
swebench-multilingual,swebench-multilingual/swebench-multilingual-axios__axios-4738,swebench-multilingual-axios__axios-4738,0.9454604092310663,0.9448493581353342,0.39800220151184806,0.649750928273136,easy,0.8562491987437091,0.7380952142857142,0.4212334993774116,0.331814278962071
swebench-multilingual,swebench-multilingual/swebench-multilingual-gin-gonic__gin-2121,swebench-multilingual-gin-gonic__gin-2121,0.9454604092310663,0.9448493581353341,0.398002201511848,0.649750928273136,easy,0.8562491987437091,0.7380952142857142,0.4212334993774116,0.331814278962071
swebench-multilingual,swebench-multilingual/swebench-multilingual-fluent__fluentd-4598,swebench-multilingual-fluent__fluentd-4598,0.9454604092310663,0.9448493581353342,0.39800220151184806,0.649750928273136,easy,0.8562491987437091,0.7380952142857142,0.4212334993774116,0.331814278962071
replicationbench,replicationbench/replicationbench-galaxy_manifold__manifold_plane,replicationbench-galaxy_manifold__manifold_plane,0.945406943168894,0.9434359332192072,0.30773948838829646,0.6719647630445895,hard,0.1626537537863903,0.16,0.3261901286060018,0.6602233841106865
swebench-multilingual,swebench-multilingual/swebench-multilingual-tokio-rs__tokio-6724,swebench-multilingual-tokio-rs__tokio-6724,0.945223073219644,0.9446094391866274,0.4043637928081018,0.6526328789634912,easy,0.7348526810269805,0.6309524285714286,0.4280751134101374,0.4630664103295284
swebench-multilingual,swebench-multilingual/swebench-multilingual-uutils__coreutils-6731,swebench-multilingual-uutils__coreutils-6731,0.945211314994182,0.9445975530130714,0.42908984287569557,0.6504928837404969,easy,0.8182511078638625,0.6666666428571428,0.4542567800509196,0.4034683987347243
arc-agi-2,arc-agi-2/arc-agi-2-409aa875_0,arc-agi-2-409aa875_0,0.945207601227356,0.9439381376911049,0.24250209837028544,0.8569409388263832,hard,0.1126707563026986,0.1,0.2569046515733026,0.6497062102407379
swebench-multilingual,swebench-multilingual/swebench-multilingual-facebook__docusaurus-10130,swebench-multilingual-facebook__docusaurus-10130,0.9449596971000809,0.9443431975061255,0.4289743001621221,0.650318640433181,easy,0.8177762491776566,0.6666666428571428,0.4542567800509196,0.4017721257190744
humanevalfix,humanevalfix/humanevalfix-python-114,humanevalfix-python-114,0.9446994974026764,0.9390205747495124,0.2005199231373592,0.5618742358333967,easy,0.937611318007472,0.9200000000000002,0.2135415650406262,0.4992515009191861
humanevalfix,humanevalfix/humanevalfix-python-0,humanevalfix-python-0,0.9446994974026764,0.9390205747495124,0.2005199231373592,0.5618742358333967,easy,0.937611318007472,0.9200000000000002,0.2135415650406262,0.4992515009191861
lawbench,lawbench/lawbench-3-4-8-zero-shot,lawbench-3-4-8-zero-shot,0.9438444234028703,0.9430881355998877,0.3896927177436686,0.7809011907902379,medium,0.6176381809783335,0.5388776666666666,0.4132092251333323,0.1558895235601236
labbench,labbench/labbench-figqa-0036,labbench-figqa-0036,0.9437530053203521,0.9428522776575788,0.4428312430768743,0.6654526245832579,hard,0.2276631806538279,0.3692307692307692,0.469671923768423,0.5056812948061201
ineqmath,ineqmath/ineqmath-4,ineqmath-4,0.943660586525938,0.9355630188830967,0.22233158618600707,0.6539420175411219,easy,0.8636160759356776,0.8550000000000001,0.2376446927663229,0.0131279591062043
arc-agi-2,arc-agi-2/arc-agi-2-4a21e3da_0,arc-agi-2-4a21e3da_0,0.9435761915967786,0.9422700651586748,0.33711678701727255,0.8554433167826784,hard,0.1933926387389826,0.2,0.3577708763999664,0.6479498011651592
swebench-multilingual,swebench-multilingual/swebench-multilingual-fmtlib__fmt-3750,swebench-multilingual-fmtlib__fmt-3750,0.9433092925731505,0.9426748548844793,0.4114170360228374,0.6492775475140699,easy,0.8174605288124882,0.6666667142857143,0.4364357804720004,0.3893985650314829
labbench,labbench/labbench-figqa-0071,labbench-figqa-0071,0.9432891530845012,0.9423812193264283,0.42467520957001753,0.6687332026733174,medium,0.3343303514401011,0.4,0.4506405697192865,0.4878238663901781
labbench,labbench/labbench-figqa-0038,labbench-figqa-0038,0.9427833638865314,0.9418675766636442,0.35379635450496333,0.6642523082804707,hard,0.216605972651715,0.23,0.375632799419859,0.4829662479307296
simpleqa,simpleqa/simpleqa-264,simpleqa-264,0.9427514009405762,0.94199180370142,0.28572026067141304,0.7008152349183426,easy,0.8449925543086357,0.8,0.303315017762062,0.6520614233961449
lawbench,lawbench/lawbench-2-7-22-one-shot,lawbench-2-7-22-one-shot,0.9426683118133804,0.9418966610874934,0.18031277531660458,0.777532720279372,hard,0.2812657714336797,0.2539204,0.1914358366112259,0.2585536651897699
simpleqa,simpleqa/simpleqa-2989,simpleqa-2989,0.9423956185029801,0.941631443363857,0.3005855121024629,0.7035829711844528,easy,0.8529217109399413,0.8100000000000002,0.3192177939902473,0.6530964512875242
swebench-multilingual,swebench-multilingual/swebench-multilingual-micropython__micropython-13039,swebench-multilingual-micropython__micropython-13039,0.9422827692760506,0.9416371904834546,0.4034712085529131,0.6488653338580229,easy,0.836829881808929,0.7375,0.4284784125250652,0.3595303333071681
mmau,mmau/mmau-002ebba8-7aa4-445b-aab3-ed17e592cd30,mmau-002ebba8-7aa4-445b-aab3-ed17e592cd30,0.9422777137867739,0.9399061130822812,0.2082692822266491,0.5051773305696373,easy,0.9461236886640154,0.93,0.2215851980616034,0.5824728521931587
lawbench,lawbench/lawbench-3-5-24-one-shot,lawbench-3-5-24-one-shot,0.9422219458390597,0.9414444695869236,0.35081990495303295,0.7835117966819386,medium,0.5890325213105495,0.505154,0.372640040157612,0.1827917177116749
arc-agi-2,arc-agi-2/arc-agi-2-fc7cae8d_0,arc-agi-2-fc7cae8d_0,0.942194386290488,0.9408572576110826,0.19189798064257207,0.854174829673112,hard,0.0875896549406842,0.08,0.2039607805437113,0.652808694257347
simpleqa,simpleqa/simpleqa-1031,simpleqa-1031,0.9421612955035212,0.9413941062618199,0.27219153435082327,0.7039170110682009,easy,0.8606265148529542,0.82,0.2891366458960192,0.6770958875316009
usaco,usaco/usaco-1251,usaco-1251,0.9421250713263971,0.9405031213753725,0.3587481505436162,0.7290720012766473,easy,0.8183621391390795,0.7552631578947369,0.3814428069297529,0.5351185173489702
simpleqa,simpleqa/simpleqa-3873,simpleqa-3873,0.9420776060988157,0.9413093405434978,0.3176831864866413,0.7000432254363235,easy,0.8374888915994673,0.79,0.3374907406137241,0.6436363113316382
swebench-multilingual,swebench-multilingual/swebench-multilingual-tokio-rs__tokio-6752,swebench-multilingual-tokio-rs__tokio-6752,0.942060911255916,0.9414129262059168,0.42128107698534545,0.6489667190013909,easy,0.8246606766940963,0.6785714285714286,0.4474987173622024,0.3761879695092064
swebench-multilingual,swebench-multilingual/swebench-multilingual-php-cs-fixer__php-cs-fixer-8064,swebench-multilingual-php-cs-fixer__php-cs-fixer-8064,0.9420550502878028,0.941407001677943,0.4189239570458655,0.6485136342737478,easy,0.8345518927418474,0.6964285714285714,0.4449977069420396,0.3870850294639868
arc-agi-2,arc-agi-2/arc-agi-2-f560132c_0,arc-agi-2-f560132c_0,0.942053312525978,0.9407130213548567,0.26255838018958527,0.8540453249947292,hard,0.1237184960633911,0.11,0.2791057147390572,0.6483720505805521
labbench,labbench/labbench-figqa-0101,labbench-figqa-0101,0.941728570665893,0.940796419388084,0.4042309856201084,0.6669377030947409,medium,0.3335120175000083,0.4,0.4296689244236598,0.5016020422843275
arc-agi-2,arc-agi-2/arc-agi-2-58490d8a_0,arc-agi-2-58490d8a_0,0.9416464371451597,0.9402970276748533,0.3783454257568726,0.8536718163872448,hard,0.2633460112328764,0.29,0.4023679907746142,0.6419610658272573
arc-agi-2,arc-agi-2/arc-agi-2-3e6067c3_0,arc-agi-2-3e6067c3_0,0.9412447613692175,0.9398863541241966,0.3892309860631756,0.8533030809787987,hard,0.2321163315827876,0.25,0.4141255848169731,0.6504343447263847
labbench,labbench/labbench-figqa-0133,labbench-figqa-0133,0.9409929427109435,0.9400493900096739,0.34224044254469893,0.6579826699802099,hard,0.2838838916776425,0.3230769230769231,0.3640664481907456,0.5634285887588122
lawbench,lawbench/lawbench-2-5-16-zero-shot,lawbench-2-5-16-zero-shot,0.9406940490266754,0.939896653488421,0.32586084232044693,0.7841344028402707,medium,0.5530828570037882,0.5026479375,0.3466985876702681,0.1376453177339411
simpleqa,simpleqa/simpleqa-3452,simpleqa-3452,0.9406643865315719,0.9398779605534301,0.3440518243206479,0.7003418210407862,easy,0.7490955948783883,0.7,0.3660601043544624,0.6565653128132191
arc-agi-2,arc-agi-2/arc-agi-2-981571dc_0,arc-agi-2-981571dc_0,0.9406385978581646,0.9392666197134657,0.38897433818790045,0.852746627333296,hard,0.2321163377395784,0.25,0.4141255848169731,0.642623950303566
swebench-verified,swebench-verified/swebench-verified-django__django-12209,swebench-verified-django__django-12209,0.9404971084455754,0.9199679112986088,0.3038680610035654,0.6970076900052868,easy,0.8227183642520592,0.77,0.3303028912982749,0.6168385994058408
humanevalfix,humanevalfix/humanevalfix-python-39,humanevalfix-python-39,0.9401248464114059,0.933992864759924,0.18110793589869023,0.5618444658769414,easy,0.9378238350939884,0.92,0.1939071942966531,0.4375639040500887
humanevalfix,humanevalfix/humanevalfix-python-85,humanevalfix-python-85,0.9401222743887931,0.9339900387274855,0.1304246109927966,0.5579010784823403,saturated,0.9609008508728007,0.95,0.1396424004376894,0.3905918061308631
mmau,mmau/mmau-8b4c6295-9adb-4a8f-8ebb-437721114bd3,mmau-8b4c6295-9adb-4a8f-8ebb-437721114bd3,0.9397961329043145,0.937325929144967,0.20769755165786397,0.49545702374655476,easy,0.946131939814396,0.93,0.2215851980616034,0.525191363252445
swebench-multilingual,swebench-multilingual/swebench-multilingual-vuejs__core-11870,swebench-multilingual-vuejs__core-11870,0.939413176451989,0.9387365187123607,0.4177355982497536,0.6473697060241348,easy,0.8324262618646203,0.6964285714285714,0.4449977069420396,0.3749356330895981
arc-agi-2,arc-agi-2/arc-agi-2-cbebaa4b_0,arc-agi-2-cbebaa4b_0,0.9390699627629194,0.9376629077259,0.25438157012535173,0.8513066318513904,hard,0.1315351011383326,0.12,0.2712931993250107,0.6221819792214366
simpleqa,simpleqa/simpleqa-422,simpleqa-422,0.9390109029664115,0.9382032643785221,0.32648934398641766,0.7011375973426609,easy,0.8219038287496337,0.77,0.3479942528261063,0.7029192293310113
lawbench,lawbench/lawbench-2-1-15-zero-shot,lawbench-2-1-15-zero-shot,0.938678834239497,0.9378552166566361,0.2942817014312501,0.7734653570345864,medium,0.4424803172701581,0.422759625,0.3137815903827204,0.1918169108390066
mmau,mmau/mmau-293c7acb-5548-414e-9fc6-7d3db2cc7ec7,mmau-293c7acb-5548-414e-9fc6-7d3db2cc7ec7,0.9386608380884847,0.9361456166223251,0.20905359933584616,0.5041316840238926,easy,0.9441923041942892,0.9275,0.2233131209759068,0.5799489850790577
ineqmath,ineqmath/ineqmath-47,ineqmath-47,0.9385272415697017,0.9297203263673143,0.31235697454800665,0.6501126987618662,easy,0.7954449234601879,0.775,0.3359687485466468,0.0023476572854166
labbench,labbench/labbench-figqa-0077,labbench-figqa-0077,0.9385063295656196,0.9375243046436073,0.37076686061341263,0.6554962309523258,hard,0.2396956171761764,0.26,0.3954743986657038,0.4910454587337033
replicationbench,replicationbench/replicationbench-muse_outflows__outflow_energetics,replicationbench-muse_outflows__outflow_energetics,0.9384212705427837,0.9362064685693979,0.30132317663621677,0.6652005287827714,hard,0.1508085018417947,0.1686274705882353,0.3218554739283781,0.6416811697247493
arc-agi-2,arc-agi-2/arc-agi-2-7b3084d4_0,arc-agi-2-7b3084d4_0,0.9382695843387587,0.936844655052834,0.2978812455804788,0.8505718903438849,hard,0.1393897436605627,0.13,0.3179622619116929,0.6549895251478645
labbench,labbench/labbench-figqa-0128,labbench-figqa-0128,0.938071778171727,0.937083040686103,0.4358507717530328,0.6534459307993535,medium,0.356684585932855,0.4461538461538461,0.4651143525486454,0.4750189041294096
simpleqa,simpleqa/simpleqa-2837,simpleqa-2837,0.9377850551641446,0.9369617146934084,0.3044765181537124,0.6964144627740646,easy,0.7147278112147821,0.68,0.3249615361854384,0.715636303732472
usaco,usaco/usaco-987,usaco-987,0.9377344503796197,0.9359935640461065,0.3065860486374274,0.7256224980454837,easy,0.8579907039960162,0.8096491052631579,0.3275514495122374,0.4502615812251319
swebench-multilingual,swebench-multilingual/swebench-multilingual-redis__redis-13115,swebench-multilingual-redis__redis-13115,0.9376908669776315,0.9369956021558662,0.40509602348874485,0.6487341290179579,easy,0.8121481151536952,0.6777778,0.4323350318365298,0.4061244323030347
arc-agi-2,arc-agi-2/arc-agi-2-221dfab4_1,arc-agi-2-221dfab4_1,0.937682716711395,0.9362446913738941,0.2469983135569058,0.8500331501777095,hard,0.1218292479983973,0.12,0.2638181191654584,0.65996536975891
lawbench,lawbench/lawbench-3-5-3-one-shot,lawbench-3-5-3-one-shot,0.9374815984455213,0.9366424295554581,0.3863064109337842,0.7814960137955187,medium,0.6613868474317853,0.5910635625,0.4124374454370276,0.1473738032374141
usaco,usaco/usaco-431,usaco-431,0.9373183703427401,0.9355662429603417,0.3699924973466729,0.7252956036382832,easy,0.7941323921502005,0.74,0.3954743986657038,0.5025307419794154
simpleqa,simpleqa/simpleqa-2558,simpleqa-2558,0.9372797682180267,0.9364499616162235,0.3477496561770558,0.6993278358732443,easy,0.722391063426731,0.6900000000000001,0.3713488925525428,0.6604519071327785
arc-agi-2,arc-agi-2/arc-agi-2-db0c5428_0,arc-agi-2-db0c5428_0,0.9364589647685093,0.9349936584700583,0.24578065031508142,0.8489097548934471,hard,0.1318509206259903,0.1299999999999999,0.2628687885618982,0.6409558960315468
crustbench,crustbench/crustbench-matrix-multiplication,crustbench-matrix-multiplication,0.936368535317639,0.9345046317558561,0.2996770639191246,0.6548442936136174,easy,0.8319569728584896,0.8022727272727274,0.3206801269203518,0.7485242024399728
lawbench,lawbench/lawbench-2-1-6-zero-shot,lawbench-2-1-6-zero-shot,0.9363359672710828,0.9354819363417967,0.3306837972338647,0.761192440139828,medium,0.4717701165492096,0.4517857999999999,0.3534903073885148,0.3927154358684959
mmau,mmau/mmau-a370dd7d-ec74-4b7f-ac1d-9294c2bcad5c,mmau-a370dd7d-ec74-4b7f-ac1d-9294c2bcad5c,0.936219733877002,0.933607911298691,0.1266407385856813,0.49478598370633137,saturated,0.9691988625109156,0.96,0.1356465996625053,0.4908552258175176
mmau,mmau/mmau-8bce5a39-959a-4192-a26d-ba88d862f94b,mmau-8bce5a39-959a-4192-a26d-ba88d862f94b,0.936219733877002,0.933607911298691,0.1266407385856813,0.49478598370633137,saturated,0.9691988625109156,0.96,0.1356465996625053,0.4908552258175176
lawbench,lawbench/lawbench-3-2-12-one-shot,lawbench-3-2-12-one-shot,0.9354755375087989,0.9346103565910138,0.17529363274223764,0.7777097638534736,medium,0.3102623276552024,0.2890134285714286,0.1875579823249768,0.2412535876348679
swebench-multilingual,swebench-multilingual/swebench-multilingual-tokio-rs__axum-1934,swebench-multilingual-tokio-rs__axum-1934,0.9353493647410088,0.9346288590314729,0.40790547554305606,0.6460787427272063,easy,0.8163300109858954,0.6666667142857143,0.4364357804720004,0.3343527956153316
labbench,labbench/labbench-figqa-0157,labbench-figqa-0157,0.9350855043469476,0.934050723665282,0.28232592319693833,0.6640299555664256,hard,0.1499322323971183,0.2307692307692308,0.3022597339136692,0.5731802464639703
labbench,labbench/labbench-figqa-0106,labbench-figqa-0106,0.9347303004458873,0.9336900531362252,0.348730422515603,0.6523890998144991,hard,0.2322277724456185,0.25,0.3734969879396619,0.4997397193316558
labbench,labbench/labbench-figqa-0099,labbench-figqa-0099,0.9344871292302371,0.9334431407145892,0.3831903017346786,0.6589532400685927,hard,0.2121126010012623,0.3384615384615385,0.4105127404346564,0.5185918642523129
mmau,mmau/mmau-6658e43e-f56d-44a2-ab80-6c73a40ee713,mmau-6658e43e-f56d-44a2-ab80-6c73a40ee713,0.9344279572304218,0.9317453991703627,0.20498398781747978,0.4970653543088839,saturated,0.953845811820986,0.94,0.22,0.57879420928917
mmau,mmau/mmau-516653d5-79d7-404e-a208-62367fdc59b7,mmau-516653d5-79d7-404e-a208-62367fdc59b7,0.9344279572304218,0.9317453991703627,0.20498398781747978,0.4970653543088839,saturated,0.953845811820986,0.94,0.22,0.57879420928917
humanevalfix,humanevalfix/humanevalfix-python-124,humanevalfix-python-124,0.934264611913964,0.9275559641911493,0.2307732396295914,0.5603229950729736,easy,0.9145343175149668,0.89,0.2487971060924945,0.5383054343163137
medagentbench,medagentbench/medagentbench-task4_25,medagentbench-task4_25,0.9342613836117066,0.9315949886798014,0.26349485352595703,0.641772829979255,easy,0.8336780581373489,0.8,0.282842712474619,0.4995075305758986
usaco,usaco/usaco-1299,usaco-1299,0.9340260367844926,0.9321851452141402,0.3538852172101887,0.7227089728667112,easy,0.8433794425382499,0.7975,0.3796297538391847,0.5460218993812863
usaco,usaco/usaco-546,usaco-546,0.9338007654224391,0.931953812236342,0.3410237908125969,0.7225319878113601,easy,0.8510411641479494,0.8099999999999999,0.3659234892706398,0.417096817106273
replicationbench,replicationbench/replicationbench-galaxy_soptics__soptics_implementation,replicationbench-galaxy_soptics__soptics_implementation,0.9335236767091932,0.9311390908494186,0.36251396814853604,0.6628751615152868,hard,0.2104937094178914,0.2588235294117647,0.3893231115641786,0.6576299112653513
lawbench,lawbench/lawbench-3-2-10-zero-shot,lawbench-3-2-10-zero-shot,0.9331808819938889,0.9322860166225836,0.1357330775256099,0.7776354031328023,hard,0.2403491497312396,0.2220926428571428,0.1455916694077785,0.1916813739888949
simpleqa,simpleqa/simpleqa-987,simpleqa-987,0.9331405940109607,0.9322579524175448,0.29243789282653176,0.6926315454886101,easy,0.8757750322607907,0.8400000000000001,0.3136877428271624,0.5488847531679715
humanevalfix,humanevalfix/humanevalfix-python-128,humanevalfix-python-128,0.9331118536938172,0.9262902612362599,0.16852374239502185,0.555712744467635,easy,0.9455161391061848,0.93,0.1819340539866025,0.5334614461027941
humanevalfix,humanevalfix/humanevalfix-python-11,humanevalfix-python-11,0.9331118536938172,0.9262902612362599,0.16852374239502185,0.555712744467635,easy,0.9455161391061848,0.93,0.1819340539866025,0.5334614461027941
lawbench,lawbench/lawbench-3-5-3-zero-shot,lawbench-3-5-3-zero-shot,0.9330498213285634,0.9321532627566073,0.3967267344246535,0.7718980864650639,medium,0.6550627955314294,0.576829625,0.4256024736226687,0.1225710764401213
swtbench,swtbench/swtbench-matplotlib__matplotlib-23476,swtbench-matplotlib__matplotlib-23476,0.9328370826801449,0.9252302284836994,0.18504604569673988,0.5020382901891762,hard,0.2025143084497813,0.1999999999999999,0.2,0.3353127644340697
swebench-multilingual,swebench-multilingual/swebench-multilingual-redis__redis-11631,swebench-multilingual-redis__redis-11631,0.9327159020030413,0.9319670847985286,0.4094557973370101,0.641840977215901,easy,0.809036177118341,0.6722222,0.4393457709137074,0.3951641571102306
simpleqa,simpleqa/simpleqa-2790,simpleqa-2790,0.932461442544545,0.9315701546154892,0.3061451925488873,0.6913830596230834,easy,0.8450408536912857,0.8,0.3286335345030997,0.6512491888435818
arc-agi-2,arc-agi-2/arc-agi-2-4c7dc4dd_1,arc-agi-2-4c7dc4dd_1,0.9324371062804707,0.9308824008067803,0.21611713531949234,0.8452177183776283,hard,0.0992436165052276,0.09,0.232163735324878,0.6256906444609366
arc-agi-2,arc-agi-2/arc-agi-2-35ab12c3_0,arc-agi-2-35ab12c3_0,0.9324371062804707,0.9308824008067803,0.21611713531949234,0.8452177183776283,hard,0.0992436165052276,0.09,0.232163735324878,0.6256906444609366
labbench,labbench/labbench-figqa-0147,labbench-figqa-0147,0.9323892905652632,0.9313130680469643,0.43126720991721984,0.6545386447511873,medium,0.3489440857202135,0.4307692307692307,0.4630743674859203,0.4351780808698052
lawbench,lawbench/lawbench-3-2-23-one-shot,lawbench-3-2-23-one-shot,0.9320961954812488,0.9311873241187574,0.21997096982502895,0.7746336677048358,medium,0.3899464555392166,0.3590068571428571,0.2362263361275903,0.2385049134634076
usaco,usaco/usaco-205,usaco-205,0.932071837271327,0.9301784126993444,0.368684049372751,0.7211736507296564,easy,0.8171902121697803,0.7699999999999999,0.3963584236521283,0.4230095946735589
simpleqa,simpleqa/simpleqa-2517,simpleqa-2517,0.9320157678015818,0.9311188094380035,0.30755123489958003,0.6916212130148972,easy,0.8683310057456648,0.8300000000000001,0.3303028912982749,0.6131409794699829
labbench,labbench/labbench-figqa-0061,labbench-figqa-0061,0.9316346451523414,0.9305468453928409,0.3862696394304085,0.6596310244127465,medium,0.3345433280640828,0.4,0.4150996173302166,0.5814414799295468
swebench-multilingual,swebench-multilingual/swebench-multilingual-astral-sh__ruff-15443,swebench-multilingual-astral-sh__ruff-15443,0.9312376263827187,0.9304729522869998,0.4146313477507773,0.6412149138346589,easy,0.8260794854767717,0.7000000000000001,0.4456135417280634,0.3198524709424113
usaco,usaco/usaco-831,usaco-831,0.931218582638843,0.9293022567422154,0.34888069769361213,0.7205032889180955,easy,0.8453001423385476,0.7894736842105263,0.3754222000026738,0.5081535411062666
labbench,labbench/labbench-figqa-0027,labbench-figqa-0027,0.9308797773471154,0.9297804065373897,0.34627077688875285,0.655194284755021,hard,0.1778535037632576,0.2769230769230769,0.3724221057510832,0.531760824979683
arc-agi-2,arc-agi-2/arc-agi-2-db695cfb_0,arc-agi-2-db695cfb_0,0.9307096782664337,0.9291166971786209,0.2853832099716171,0.8436319521640129,hard,0.1756792162142056,0.1766666499999999,0.3071553991422379,0.6761561962142109
simpleqa,simpleqa/simpleqa-4077,simpleqa-4077,0.9304486198277174,0.929531744189649,0.314396163684284,0.6951539550077889,easy,0.8141936620690727,0.76,0.3382306905057552,0.6512303233708441
simpleqa,simpleqa/simpleqa-3540,simpleqa-3540,0.930446184326882,0.9295292777620296,0.34580488062664055,0.6909579226795032,easy,0.8141633912280235,0.76,0.3720215047547654,0.5854858442314156
swebench-multilingual,swebench-multilingual/swebench-multilingual-gohugoio__hugo-12171,swebench-multilingual-gohugoio__hugo-12171,0.9300063738291403,0.9292285120827297,0.40385525006350736,0.6452015223703019,easy,0.805429394273896,0.6666666666666666,0.4346134936801766,0.3990826045328356
usaco,usaco/usaco-192,usaco-192,0.92998298808393,0.9280335376117222,0.34327049821889016,0.7195325407115786,easy,0.8301108444242113,0.7825,0.3698901864067226,0.4726995170736953
swebench-multilingual,swebench-multilingual/swebench-multilingual-fluent__fluentd-3608,swebench-multilingual-fluent__fluentd-3608,0.9297901167823218,0.92900994059008,0.4090572776193475,0.6450470947002506,easy,0.8049537636437244,0.6428571428571429,0.4403152859263554,0.3973846100192454
arc-agi-2,arc-agi-2/arc-agi-2-142ca369_1,arc-agi-2-142ca369_1,0.9295847391090806,0.9279668715802711,0.18274389998578033,0.8425992662902121,hard,0.0803363152428665,0.0736842105263158,0.1969293361459969,0.6299557807493638
lawbench,lawbench/lawbench-2-1-23-one-shot,lawbench-2-1-23-one-shot,0.9294203685719375,0.9284770167115227,0.308852564514922,0.7594641630133591,medium,0.4630600920293128,0.4331902000000001,0.332644275470399,0.3696317314636727
labbench,labbench/labbench-figqa-0034,labbench-figqa-0034,0.928916383348622,0.9277869614750576,0.36502598575167056,0.6584999522383835,hard,0.16618467307058,0.2461538461538461,0.3934372877705976,0.5596089014144184
simpleqa,simpleqa/simpleqa-2943,simpleqa-2943,0.92872748147875,0.9277887708501176,0.25306703666554153,0.6900846417604658,easy,0.8757981600311964,0.8400000000000001,0.2727636339397171,0.5273847520752465
arc-agi-2,arc-agi-2/arc-agi-2-3dc255db_0,arc-agi-2-3dc255db_0,0.928706898456108,0.9270696325485734,0.2582517160424588,0.8417934150263048,hard,0.1308760351352352,0.12,0.2785677655436824,0.6059173000993561
arc-agi-2,arc-agi-2/arc-agi-2-3e6067c3_1,arc-agi-2-3e6067c3_1,0.9286354672472309,0.9269966236988086,0.3735692881282882,0.8417278417018509,hard,0.2243927994374612,0.24,0.4029888335921976,0.6318201702045463
lawbench,lawbench/lawbench-2-7-8-one-shot,lawbench-2-7-8-one-shot,0.9280142708238651,0.9270528406266211,0.19987565107053767,0.7625501181043141,medium,0.3677043139871896,0.3366911428571429,0.2156032993064733,0.1825416855638479
swebench-multilingual,swebench-multilingual/swebench-multilingual-mrdoob__three.js-27395,swebench-multilingual-mrdoob__three.js-27395,0.9279694746631589,0.9271698351262888,0.38188014855301883,0.6370353277583879,easy,0.8631286992078283,0.75,0.411877235523957,0.2938883847355283
swebench-multilingual,swebench-multilingual/swebench-multilingual-tokio-rs__tokio-4898,swebench-multilingual-tokio-rs__tokio-4898,0.9279692713192432,0.9271696296107167,0.3818800639058331,0.6370351876471005,easy,0.8631287070774619,0.75,0.411877235523957,0.2938882335214315
labbench,labbench/labbench-figqa-0089,labbench-figqa-0089,0.9279239743191946,0.9267793876770387,0.32886588614880374,0.650313593183671,medium,0.3259310225154964,0.3846153846153846,0.3548480798360245,0.5991431614780288
swebench-multilingual,swebench-multilingual/swebench-multilingual-nlohmann__json-4237,swebench-multilingual-nlohmann__json-4237,0.9277297174181554,0.9269275176768887,0.37333692700932475,0.6368715362536127,easy,0.863435422967785,0.7666666666666667,0.4027681991198191,0.2930103636218264
swebench-multilingual,swebench-multilingual/swebench-multilingual-redis__redis-9733,swebench-multilingual-redis__redis-9733,0.9277295176855643,0.9269273158117697,0.3733368457044743,0.6368713986310822,easy,0.8634354307897047,0.7666666666666667,0.4027681991198191,0.2930102151215548
crustbench,crustbench/crustbench-coroutine,crustbench-coroutine,0.927624331150135,0.9255142851230702,0.29715486085886816,0.648630782334425,easy,0.7363418797713823,0.7312500000000002,0.3210699884760331,0.7938949782737179
arc-agi-2,arc-agi-2/arc-agi-2-8f215267_0,arc-agi-2-8f215267_0,0.9275672261973007,0.9259048042872671,0.353666548026905,0.8407472042737145,hard,0.2012840755093558,0.2099999999999999,0.3819685850956855,0.6269786987265675
swebench-multilingual,swebench-multilingual/swebench-multilingual-briannesbitt__carbon-2665,swebench-multilingual-briannesbitt__carbon-2665,0.9272545939329792,0.9264473226586065,0.39814752061505554,0.6392292967979301,easy,0.8090990405448838,0.6888889333333333,0.4297573222754856,0.3408568587187754
kumo,kumo/kumo-testingenv-t4-a6-v1-s0,kumo-testingenv-t4-a6-v1-s0,0.9272102768950734,0.9253880659762288,0.2839943840405957,0.5091961142895046,easy,0.9230575632823346,0.8947368421052632,0.3068922049918579,0.6844921267825567
kumo,kumo/kumo-transdimensionalenv-t4-a6-v1-s0,kumo-transdimensionalenv-t4-a6-v1-s0,0.9271735172695216,0.9253504221991415,0.2908095815603768,0.5091912682878401,easy,0.9230761649006024,0.8888888888888888,0.3142696805273545,0.6844442173539067
kumo,kumo/kumo-theatricalenv-t4-a6-v1-s0,kumo-theatricalenv-t4-a6-v1-s0,0.9271618606447036,0.9253384852139188,0.27760154556417566,0.5091904766804098,easy,0.9230761789166028,0.9,0.3,0.6844039414732143
kumo,kumo/kumo-printingtechniqueenv-t4-a6-v1-s0,kumo-printingtechniqueenv-t4-a6-v1-s0,0.9271618606447036,0.9253384852139188,0.05552030911283504,0.5091904766804098,saturated,0.9846152357833206,0.98,0.0599999999999999,0.6844039414732143
replicationbench,replicationbench/replicationbench-gw_nsbh__equal_mass_slope,replicationbench-gw_nsbh__equal_mass_slope,0.9264861785825053,0.9238592646226993,0.3285942734261004,0.65758143207348,hard,0.1565840409553289,0.1764705882352941,0.3556756813607288,0.6682361954486468
labbench,labbench/labbench-figqa-0127,labbench-figqa-0127,0.926418044019872,0.9252504773132253,0.42226715015599275,0.6623347931740744,medium,0.3497738459838522,0.4307692307692308,0.4563814453597332,0.4915770819180353
labbench,labbench/labbench-figqa-0064,labbench-figqa-0064,0.926264693011077,0.9250947883559808,0.34511317620763543,0.6472566122572248,hard,0.1949788031221048,0.3076923076923077,0.3730570970148351,0.4782147176161232
mmau,mmau/mmau-ea71891f-e931-41f9-a093-c3442c5683ed,mmau-ea71891f-e931-41f9-a093-c3442c5683ed,0.9260800433252891,0.9230698238798888,0.163828641703354,0.4954654959738092,saturated,0.9615381678115696,0.95,0.1774823934929885,0.5958337755239009
lawbench,lawbench/lawbench-2-7-1-one-shot,lawbench-2-7-1-one-shot,0.9258388354888383,0.9248494905206047,0.17272307703475204,0.7756823601714701,medium,0.3230633806868164,0.3031559999999999,0.1867580387999402,0.1611351265916472
swebench-multilingual,swebench-multilingual/swebench-multilingual-vuejs__core-11915,swebench-multilingual-vuejs__core-11915,0.9253934908295747,0.9245663793228193,0.4173239518791282,0.6370673077060081,easy,0.8058715206452244,0.6464285714285715,0.4513726231152695,0.383930702688749
usaco,usaco/usaco-376,usaco-376,0.9251040937549927,0.9230242945922894,0.3502664617245772,0.7156994241760856,easy,0.8395728655149098,0.781578947368421,0.3794769691076159,0.4945625670373902
swebench-multilingual,swebench-multilingual/swebench-multilingual-caddyserver__caddy-5870,swebench-multilingual-caddyserver__caddy-5870,0.9247905203914255,0.9239569896288,0.4134695677567298,0.642118836988621,easy,0.8241922694338305,0.6785714285714286,0.4474987173622024,0.3878599874043058
replicationbench,replicationbench/replicationbench-gw_nsbh__default_mbh,replicationbench-gw_nsbh__default_mbh,0.9245274610663222,0.9218334447366617,0.33865743013096244,0.6567890703875443,hard,0.1950974853426399,0.2352941176470588,0.3673737724147186,0.6421298861296112
arc-agi-2,arc-agi-2/arc-agi-2-2b83f449_0,arc-agi-2-2b83f449_0,0.9240540474985952,0.922314280230375,0.06586641420888237,0.8375221320637417,frontier,0.031056966760804,0.03,0.0714142842854285,0.6606866910894632
usaco,usaco/usaco-434,usaco-434,0.9240442626615386,0.9219362425917441,0.3463094916913631,0.7148667650088121,easy,0.820570628252433,0.77,0.375632799419859,0.5212056347955439
usaco,usaco/usaco-940,usaco-940,0.9239508520906099,0.9218403463245874,0.3758181378081268,0.7147933767409228,easy,0.8447851494850298,0.7894736842105263,0.4076824574955175,0.4832822119598164
usaco,usaco/usaco-187,usaco-187,0.923657847814102,0.9215395467744814,0.36861581870979254,0.7145631771379939,easy,0.8450901314704438,0.8,0.4,0.4832645648439254
simpleqa,simpleqa/simpleqa-3004,simpleqa-3004,0.9229658844067741,0.9219543800492599,0.28728903257941235,0.6849658841056322,easy,0.8681374952452978,0.8300000000000001,0.3116087290176576,0.5155113742977324
swebench-multilingual,swebench-multilingual/swebench-multilingual-sharkdp__bat-1892,swebench-multilingual-sharkdp__bat-1892,0.9229200671765654,0.9220666505321775,0.3825174016846311,0.6349453441417418,medium,0.6412283814142177,0.6222222666666667,0.4148478870414177,0.5570246392646293
usaco,usaco/usaco-358,usaco-358,0.9226897684463764,0.9205457303176223,0.3195482147081426,0.713802602962388,easy,0.849454271830896,0.7947368421052632,0.3471291041650768,0.6063288374018543
arc-agi-2,arc-agi-2/arc-agi-2-80a900e0_0,arc-agi-2-80a900e0_0,0.9224825056252117,0.9207082379316667,0.2504597189075468,0.8360794681808809,hard,0.1157709509916624,0.1,0.2720294101747089,0.6251066884564415
lawbench,lawbench/lawbench-2-3-2-zero-shot,lawbench-2-3-2-zero-shot,0.922224933695759,0.9211893635485706,0.3411156605408574,0.7735367503072482,medium,0.6387226487273625,0.5768971428571429,0.3702991741316081,0.1844042244642704
simpleqa,simpleqa/simpleqa-591,simpleqa-591,0.922118445351937,0.9210962731672401,0.27998902661799846,0.6848255787784502,easy,0.891195888221347,0.86,0.3039736830714132,0.5646478058710294
humanevalfix,humanevalfix/humanevalfix-python-53,humanevalfix-python-53,0.9220933606279733,0.9142003236543126,0.19586088542183946,0.5514587495424295,easy,0.9299182648581404,0.91,0.2142428528562855,0.4881793795377723
swebench-multilingual,swebench-multilingual/swebench-multilingual-tokio-rs__tokio-6838,swebench-multilingual-tokio-rs__tokio-6838,0.921750453162458,0.9208846224675898,0.4044779779998102,0.6350697049445454,easy,0.8149752961535657,0.6607142857142857,0.4392276384374587,0.3788184925968328
simpleqa,simpleqa/simpleqa-2562,simpleqa-2562,0.9213472216809655,0.9203153497773704,0.29639119834139627,0.6859238224726707,easy,0.8161685707926587,0.7625000000000001,0.3220539551069044,0.592751946889179
mmau,mmau/mmau-98f8b556-97cf-4619-9cd7-27d31ae71f4f,mmau-98f8b556-97cf-4619-9cd7-27d31ae71f4f,0.9211956805457668,0.9179951936950729,0.213125193178533,0.5005700160316329,easy,0.9307062148834228,0.91,0.232163735324878,0.5818087193233452
usaco,usaco/usaco-398,usaco-398,0.9207213700443186,0.9185250873306013,0.32645620839575795,0.7122561254298423,easy,0.8069879341163753,0.7575,0.3554134915840984,0.4323246198426943
lawbench,lawbench/lawbench-3-6-8-zero-shot,lawbench-3-6-8-zero-shot,0.9206463597929202,0.9195906560791367,0.29559306526967216,0.7597927943833352,medium,0.4916882178846728,0.4922221999999999,0.3214398312070653,0.2319695456148413
labbench,labbench/labbench-figqa-0146,labbench-figqa-0146,0.9198784972095324,0.918611582172143,0.3802663037486637,0.6621620774115836,medium,0.4403905887102365,0.4307692307692308,0.4139576629868834,0.5810680577411717
usaco,usaco/usaco-1156,usaco-1156,0.9196177817351422,0.9173922587944011,0.3255960783084488,0.7113890882875967,easy,0.7549524636815291,0.6972222222222223,0.3549147871994621,0.4363576564472016
swebench-multilingual,swebench-multilingual/swebench-multilingual-axios__axios-5892,swebench-multilingual-axios__axios-5892,0.919555828218954,0.9186667473996228,0.3742097863411561,0.6318781501319038,easy,0.8442161192802622,0.7333333333333333,0.4073400799586944,0.3176148994735742
lawbench,lawbench/lawbench-2-9-21-one-shot,lawbench-2-9-21-one-shot,0.9191287466726833,0.9180537200737166,0.35677328207949827,0.7578541193486928,medium,0.6754926143168981,0.6123496428571428,0.388619178026805,0.1698360513746915
arc-agi-2,arc-agi-2/arc-agi-2-b0039139_0,arc-agi-2-b0039139_0,0.918897155108177,0.9170444047664005,0.27265690331202175,0.832788142772424,hard,0.1470521474337829,0.1399999999999999,0.2973213749463701,0.664373857439559
labbench,labbench/labbench-figqa-0170,labbench-figqa-0170,0.9187803669053883,0.9174968398053729,0.34227870757807755,0.6524574511963707,hard,0.187339938312415,0.2923076923076923,0.373057097014835,0.5669796048480491
arc-agi-2,arc-agi-2/arc-agi-2-53fb4810_0,arc-agi-2-53fb4810_0,0.9187682150437652,0.9169126481176292,0.2926948328138655,0.8326697767415018,hard,0.1779630889410863,0.19,0.3192177939902473,0.6372245628112633
lawbench,lawbench/lawbench-3-7-23-zero-shot,lawbench-3-7-23-zero-shot,0.9178671451767368,0.9167760800906595,0.3744547284286949,0.7730040161972863,medium,0.6947182527554111,0.6360714285714286,0.408447315064836,0.1013664997653557
lawbench,lawbench/lawbench-2-7-12-one-shot,lawbench-2-7-12-one-shot,0.9177257616977643,0.9166329006320272,0.16222644874441017,0.7714853097128854,medium,0.3073853223424609,0.2876057999999999,0.1769808269292467,0.128268887688337
swebench-multilingual,swebench-multilingual/swebench-multilingual-fluent__fluentd-3616,swebench-multilingual-fluent__fluentd-3616,0.9176874294350902,0.9167785989744576,0.4090942338589929,0.6364174270194343,easy,0.7985409155546852,0.6309523571428571,0.446230130498924,0.3946085414227661
simpleqa,simpleqa/simpleqa-1957,simpleqa-1957,0.9175709835974335,0.9164917372251905,0.3136223476180863,0.6860931790926266,easy,0.8218548374268859,0.7700000000000001,0.3421987726453734,0.584098357337651
usaco,usaco/usaco-644,usaco-644,0.9175303391504596,0.915249608082906,0.35963603390484794,0.7097490833707483,easy,0.8094272786950876,0.76,0.3929376540877699,0.4156122353993186
labbench,labbench/labbench-figqa-0087,labbench-figqa-0087,0.9175206098331335,0.9162180506674849,0.3880789529283334,0.6382155290687627,medium,0.3574097579672294,0.4461538461538461,0.4235661507057293,0.5245022675404625
simpleqa,simpleqa/simpleqa-2347,simpleqa-2347,0.9175073160287334,0.9164272726212562,0.26733928687146474,0.6842887885331044,easy,0.8682585692383067,0.8300000000000001,0.2917190429162964,0.6642454224503882
arc-agi-2,arc-agi-2/arc-agi-2-a32d8b75_1,arc-agi-2-a32d8b75_1,0.917503458436417,0.9156202856685718,0.12785941458020228,0.831508739476804,hard,0.0551641354884109,0.05,0.1396424004376894,0.6250191887562112
usaco,usaco/usaco-897,usaco-897,0.9173117965585081,0.9150252930923145,0.34758659035478007,0.7095773847918411,easy,0.7612237289910261,0.6972222222222223,0.3798655545139264,0.4837164659564337
lawbench,lawbench/lawbench-2-10-15-zero-shot,lawbench-2-10-15-zero-shot,0.917227434195756,0.9161282451776953,0.33493128858101967,0.769221980055046,medium,0.6245176985422158,0.5716657142857143,0.3655943262791284,0.1674246169922587
swebench-verified,swebench-verified/swebench-verified-astropy__astropy-14539,swebench-verified-astropy__astropy-14539,0.9171932069425642,0.8891496599486524,0.21339591838767655,0.6766397525915699,easy,0.9074430748928723,0.8800000000000001,0.24,0.7378279553878532
swebench-multilingual,swebench-multilingual/swebench-multilingual-apache__druid-15402,swebench-multilingual-apache__druid-15402,0.9168327372642261,0.9159148860155227,0.38052678860374894,0.6303347124583953,easy,0.8389010809295955,0.7238095,0.4154608625907843,0.2480046236967755
simpleqa,simpleqa/simpleqa-2705,simpleqa-2705,0.9166401586732,0.9155492651973186,0.28367256453933215,0.6797412070444693,easy,0.8454655768319801,0.8,0.3098386676965933,0.6036344574038635
usaco,usaco/usaco-641,usaco-641,0.9165342714669713,0.9142272427263686,0.3682815543394684,0.7089665200991062,easy,0.7866005533684747,0.735,0.4028337125911882,0.4457208532181715
lawbench,lawbench/lawbench-2-8-14-zero-shot,lawbench-2-8-14-zero-shot,0.9162745395536102,0.9151632600777104,0.2486972249312645,0.7551044545538608,medium,0.4632055519908362,0.4239880714285714,0.2717517581618678,0.1289084588286414
arc-agi-2,arc-agi-2/arc-agi-2-2d0172a1_0,arc-agi-2-2d0172a1_0,0.9158938286426064,0.9139755793735195,0.2035520263733121,0.8300311111630849,hard,0.0918991984149688,0.08,0.2227105745132008,0.6014255064985451
swebench-multilingual,swebench-multilingual/swebench-multilingual-valkey-io__valkey-790,swebench-multilingual-valkey-io__valkey-790,0.9156991911137055,0.9147693891140445,0.4027869451244279,0.6358254838968792,easy,0.8054286524971469,0.6428571428571429,0.4403152859263554,0.376601145062252
arc-agi-2,arc-agi-2/arc-agi-2-2d0172a1_1,arc-agi-2-2d0172a1_1,0.9153110560873369,0.9133801229468645,0.18089625748377838,0.8294961302429774,hard,0.0817963499165523,0.0842105263157894,0.1980514497076503,0.6374636632605283
arc-agi-2,arc-agi-2/arc-agi-2-f931b4a8_0,arc-agi-2-f931b4a8_0,0.9150332445114873,0.9130962678239545,0.3390772878502855,0.8292411012593359,hard,0.2013268281992339,0.21,0.3713488925525428,0.6312076665088373
lawbench,lawbench/lawbench-3-7-6-zero-shot,lawbench-3-7-6-zero-shot,0.91479963549453,0.9136696675082165,0.38655127789191723,0.7725700649556619,easy,0.7584094889653946,0.7002222,0.4230755289776992,0.1099300304658438
aime,aime/aime_i-12,aime_i-12,0.9147875559099712,0.9106553642191069,0.33223323720831366,0.6164400229666652,easy,0.7911454552196202,0.73,0.3648287269390939,0.5592651386327558
simpleqa,simpleqa/simpleqa-4155,simpleqa-4155,0.9145449711692585,0.9134279054090927,0.2536304920728209,0.6805853916188251,easy,0.8685193294399334,0.8300000000000001,0.2776688675382964,0.6438483637211462
labbench,labbench/labbench-figqa-0052,labbench-figqa-0052,0.9144129857739756,0.913063591787232,0.3215535529278595,0.648729367560073,medium,0.3104814870338212,0.3538461538461538,0.3521699428387568,0.6459759155963672
swebench-multilingual,swebench-multilingual/swebench-multilingual-briannesbitt__carbon-3098,swebench-multilingual-briannesbitt__carbon-3098,0.9141900293758691,0.9132443399108194,0.401122154735405,0.6305722068527929,easy,0.7945443656836778,0.6607142857142857,0.4392276384374587,0.3075651440182171
simpleqa,simpleqa/simpleqa-2072,simpleqa-2072,0.9141551004400679,0.9130331713024566,0.28640731463219354,0.6781258903686428,easy,0.8760594646172764,0.8400000000000001,0.3136877428271624,0.6682356443263407
lawbench,lawbench/lawbench-2-2-10-one-shot,lawbench-2-2-10-one-shot,0.9138608097469405,0.9127189618931417,0.15771239774168552,0.7627978435793582,hard,0.2739312058687981,0.2589285714285714,0.1727940410206466,0.1235727565006125
kumo,kumo/kumo-networkenv-t4-a6-v1-s1,kumo-networkenv-t4-a6-v1-s1,0.9137175152325694,0.91157321625625,0.2911779293018897,0.4996352371921992,easy,0.8904930958822206,0.8508772105263158,0.3194235241988916,0.7350598949252265
lawbench,lawbench/lawbench-2-3-1-zero-shot,lawbench-2-3-1-zero-shot,0.9136053796875551,0.9124603017839236,0.29171106952036713,0.7625185183978257,medium,0.5271311747297994,0.4902610714285714,0.3196972722539837,0.2139644266898386
simpleqa,simpleqa/simpleqa-294,simpleqa-294,0.9135913107671705,0.9124623524690373,0.2661826441594199,0.6777033013423552,easy,0.8685796322840861,0.8299999999999998,0.2917190429162964,0.6324177124156876
arc-agi-2,arc-agi-2/arc-agi-2-4c3d4a41_1,arc-agi-2-4c3d4a41_1,0.9135827387091524,0.9116142383599715,0.2917165562751908,0.8279095475996152,hard,0.1616646463743284,0.16,0.3199999999999999,0.6069745520773815
usaco,usaco/usaco-1326,usaco-1326,0.9129509185372563,0.9105495299865176,0.32632106194676236,0.7061512491706232,easy,0.7459943353263365,0.7157894736842105,0.3583781564870987,0.4876173603924704
usaco,usaco/usaco-243,usaco-243,0.9126821976674908,0.9102737484563593,0.3211997567847187,0.7059401278919308,easy,0.8267217522113743,0.764035105263158,0.3528606172916759,0.4576631723548751
crustbench,crustbench/crustbench-worsp,crustbench-worsp,0.9126071480138487,0.9100800038660566,0.3121859026419866,0.6384642446911899,easy,0.7551254019375585,0.7250000000000001,0.3430312734219061,0.7556379357474166
lawbench,lawbench/lawbench-2-8-3-zero-shot,lawbench-2-8-3-zero-shot,0.9121619000208593,0.9109985858521551,0.2399701512663323,0.7493399225702573,medium,0.4292733179352849,0.3983928571428571,0.2634144058981852,0.1379336685047509
lawbench,lawbench/lawbench-2-8-24-zero-shot,lawbench-2-8-24-zero-shot,0.9120663017821862,0.9109017809072573,0.3296088923224797,0.7498574728656939,medium,0.6119446870631428,0.5471428571428572,0.3618489931968182,0.1649818556022105
lawbench,lawbench/lawbench-3-7-2-zero-shot,lawbench-3-7-2-zero-shot,0.9119939255369343,0.910828491165434,0.3710202464931193,0.7715672236266031,easy,0.7277386008240598,0.6733333333333333,0.4073436987224534,0.0956313338564308
simpleqa,simpleqa/simpleqa-1998,simpleqa-1998,0.9117934280876092,0.9106420838604932,0.300787713237007,0.6741638116697916,easy,0.8681668443987127,0.8300000000000001,0.3303028912982749,0.5701395877036936
lawbench,lawbench/lawbench-2-7-19-one-shot,lawbench-2-7-19-one-shot,0.91174961495254,0.9105810975617386,0.14455977414663548,0.7447129748016083,hard,0.2452596426332848,0.2331833571428571,0.1587555183538544,0.2069528807382764
swebench-multilingual,swebench-multilingual/swebench-multilingual-sharkdp__bat-562,swebench-multilingual-sharkdp__bat-562,0.911645201542592,0.9106727821339512,0.40506600547409044,0.635691055779877,easy,0.8054292180615568,0.6428571428571429,0.4447986295636418,0.3903054802457909
labbench,labbench/labbench-figqa-0155,labbench-figqa-0155,0.9116132727419916,0.9102218237322742,0.3870620270634001,0.6519495240460367,medium,0.3645992940784228,0.4615384615384615,0.4252392295718539,0.5831696698352415
usaco,usaco/usaco-735,usaco-735,0.9111948187901872,0.908747327747437,0.3315747333707598,0.7047715646510098,easy,0.8492986995257612,0.7947368421052632,0.3648701055249898,0.4802717641848089
labbench,labbench/labbench-figqa-0013,labbench-figqa-0013,0.9109576529514065,0.9095563748292268,0.38525729253627305,0.6404181033348407,hard,0.2186295971289672,0.3538461538461538,0.4235661507057293,0.4420091051313813
lawbench,lawbench/lawbench-3-7-5-one-shot,lawbench-3-7-5-one-shot,0.9107462719395077,0.9095651019348212,0.3892608043027142,0.7701576381125804,easy,0.7662618759199483,0.7073333333333333,0.4279636537007423,0.1025251551285207
lawbench,lawbench/lawbench-2-7-11-zero-shot,lawbench-2-7-11-zero-shot,0.9104512810640665,0.9092663937925465,0.16275112332579614,0.7668286752202232,medium,0.3111501437663016,0.2905982666666666,0.1789916843258243,0.0978085892526495
lawbench,lawbench/lawbench-2-6-7-one-shot,lawbench-2-6-7-one-shot,0.9104196903919627,0.9092344051098952,0.34406663779274144,0.7676578076060903,medium,0.6470478541683046,0.5897335714285715,0.3784135706470056,0.0913807130665592
lawbench,lawbench/lawbench-3-5-1-one-shot,lawbench-3-5-1-one-shot,0.9103000845390442,0.9091132924717072,0.37033695694633795,0.7521407580925735,easy,0.7284084166801944,0.6712075333333334,0.4073606227222371,0.1081048616946308
lawbench,lawbench/lawbench-3-7-12-one-shot,lawbench-3-7-12-one-shot,0.9102500118329084,0.9090625890134572,0.3462381673033941,0.7681076484822016,medium,0.6813076832186039,0.6253333333333334,0.3808738490483284,0.0857994731621267
lawbench,lawbench/lawbench-2-6-23-one-shot,lawbench-2-6-23-one-shot,0.9102199255177053,0.9090321237262319,0.31794233805861455,0.7640782811902281,medium,0.5953551636289325,0.5715186666666666,0.3497591886580759,0.1415128974799677
lawbench,lawbench/lawbench-3-7-8-zero-shot,lawbench-3-7-8-zero-shot,0.9102046068148935,0.9090166120715062,0.37599678639962736,0.7704895398744208,easy,0.7458091834303199,0.6849999999999999,0.4136302696853798,0.0912472632599463
lawbench,lawbench/lawbench-2-4-3-zero-shot,lawbench-2-4-3-zero-shot,0.9101567261788915,0.9089681283600773,0.28847228913523454,0.7529657340839967,medium,0.5568215261479355,0.5005952142857143,0.3173623806322938,0.1327108532230526
lawbench,lawbench/lawbench-2-9-16-one-shot,lawbench-2-9-16-one-shot,0.9099862908855586,0.9087955466298328,0.3474424306946449,0.7502416554572492,medium,0.6665008511007477,0.5964410714285714,0.3823108860767381,0.1216333840636321
lawbench,lawbench/lawbench-2-1-14-zero-shot,lawbench-2-1-14-zero-shot,0.9099860598579829,0.9087953126930078,0.32608277367126337,0.75462336635809,medium,0.5536982560548863,0.5142237857142857,0.3588077195347667,0.2439252626626374
labbench,labbench/labbench-figqa-0120,labbench-figqa-0120,0.9097290016219343,0.9083093229405123,0.357362756474463,0.6351620060456453,medium,0.4412676863488345,0.4461538461538462,0.3934372877705976,0.5043995179087362
lawbench,lawbench/lawbench-3-3-20-one-shot,lawbench-3-3-20-one-shot,0.9090145216432968,0.9078115469022165,0.29603837555473866,0.7686614805589188,medium,0.5832016243221068,0.5315554,0.326101134717805,0.1047613656196196
labbench,labbench/labbench-figqa-0149,labbench-figqa-0149,0.9089620762189337,0.9075309247770005,0.3292194401218242,0.63556836437331,hard,0.1729311669463782,0.2615384615384615,0.3627638806938952,0.4922189830930657
labbench,labbench/labbench-figqa-0084,labbench-figqa-0084,0.9086811881429482,0.9072458372560673,0.3195047146471693,0.6400085389386561,hard,0.1642191606671777,0.2461538461538461,0.3521699428387568,0.5455726281308669
simpleqa,simpleqa/simpleqa-891,simpleqa-891,0.908645782151586,0.9074553539919472,0.2508256501415533,0.6737974099685423,easy,0.8914560380404037,0.8600000000000001,0.2764054992217051,0.6200360790553917
lawbench,lawbench/lawbench-3-8-10-zero-shot,lawbench-3-8-10-zero-shot,0.9083160618235693,0.907104304645049,0.07896354896411698,0.7513464389555641,hard,0.1331464768582256,0.1315217333333333,0.0870501314565093,0.2301377223225211
replicationbench,replicationbench/replicationbench-galaxy_manifold__gas_mass_estimation,replicationbench-galaxy_manifold__gas_mass_estimation,0.9078324166248712,0.9045725278912795,0.2700644390849162,0.6425929697089536,hard,0.1146691257255886,0.1294117647058823,0.2985547656576358,0.6410878163840434
lawbench,lawbench/lawbench-2-4-24-zero-shot,lawbench-2-4-24-zero-shot,0.9077864193869803,0.9065680070717347,0.21200566342303784,0.7512150431504964,medium,0.4075473526581782,0.3678571428571429,0.2338552229609646,0.1183467419982929
simpleqa,simpleqa/simpleqa-3914,simpleqa-3914,0.9076387217299556,0.9064358181233961,0.2516890071144726,0.6725582345120826,easy,0.8988999452729192,0.8699999999999999,0.2776688675382964,0.5175214221145786
replicationbench,replicationbench/replicationbench-chandra_representation__powerlaw_spectral_fit,replicationbench-chandra_representation__powerlaw_spectral_fit,0.9074779470030332,0.9042061614175243,0.3130957344263968,0.6455450262397965,hard,0.2830890097753492,0.277451,0.346265871419806,0.664366521232423
replicationbench,replicationbench/replicationbench-astm3__photometry_classification_accuracy_with_clip,replicationbench-astm3__photometry_classification_accuracy_with_clip,0.9071902712408303,0.9039088341637009,0.3743353424699868,0.6453086605962634,medium,0.3414938500919562,0.3666666470588235,0.4141295320078633,0.6918947201804496
replicationbench,replicationbench/replicationbench-gw_nsbh__mass_gap,replicationbench-gw_nsbh__mass_gap,0.9070452380310073,0.9037589363271931,0.31906233374774534,0.6444326231133265,hard,0.1811819196515106,0.2147058823529411,0.3530392020734978,0.6810762340737873
aime,aime/aime_i-2,aime_i-2,0.9069768766362344,0.9024856665154583,0.2651674899992599,0.6110319916993002,easy,0.8368312330256992,0.7842105263157895,0.2938190597786275,0.3467691544877533
crustbench,crustbench/crustbench-mdb,crustbench-mdb,0.9069679077641261,0.9042859699113466,0.31934324018224675,0.6339526118299297,easy,0.8068848421025141,0.7727272727272729,0.3531440836282732,0.7824555401038862
livecodebench,livecodebench/livecodebench-3046,livecodebench-3046,0.9068774312397725,0.9018603793897282,0.27715806206848764,0.4924524298673085,easy,0.8838163683151907,0.8333333333333334,0.3073181485764296,0.5534337410121912
simpleqa,simpleqa/simpleqa-5,simpleqa-5,0.9067355028344986,0.9055214221669478,0.3411064461833892,0.6747455188074759,easy,0.7568093952498559,0.7100000000000001,0.3766961640367472,0.6385809823115391
replicationbench,replicationbench/replicationbench-disk_ridges__ridge_slope,replicationbench-disk_ridges__ridge_slope,0.9065647802818575,0.9032623691730067,0.3625529822929137,0.6430195738230835,hard,0.2142601563671591,0.2647058823529412,0.4013816966878114,0.6076279753848863
simpleqa,simpleqa/simpleqa-3345,simpleqa-3345,0.9063579792063057,0.9051392301602847,0.27810025395898946,0.6733790223224224,easy,0.7765754487030722,0.76,0.3072458299147443,0.6209326500858551
labbench,labbench/labbench-figqa-0090,labbench-figqa-0090,0.906348347756721,0.9048781708485164,0.3656800774026578,0.6445699348683864,hard,0.2048008491291127,0.3230769230769231,0.4041207857404215,0.6010839821515785
lawbench,lawbench/lawbench-2-8-13-zero-shot,lawbench-2-8-13-zero-shot,0.9062075565133316,0.9049693287422506,0.2701962034619819,0.7420521621944239,medium,0.4908014088338804,0.4598333333333333,0.2985694596274412,0.2072872695898291
labbench,labbench/labbench-figqa-0083,labbench-figqa-0083,0.9061421063618124,0.9046688549690911,0.3980640289222277,0.6495275588425727,medium,0.3421442955818246,0.4153846153846154,0.440010758340772,0.5217447784090719
aider-polyglot,aider-polyglot/polyglot_rust_ocr-numbers,polyglot_rust_ocr-numbers,0.9059186173203704,0.9043237602034114,0.2998047428134516,0.541355236737839,easy,0.8025641153846155,0.8025641153846155,0.3315236821224468,0.7415036146377683
labbench,labbench/labbench-figqa-0048,labbench-figqa-0048,0.9056814923890574,0.9042013771115706,0.2977039153807995,0.6430407505333272,hard,0.1798209144036758,0.2923076923076922,0.3292451470620415,0.5894908361238115
lawbench,lawbench/lawbench-3-7-9-zero-shot,lawbench-3-7-9-zero-shot,0.90514361992415,0.9038920590996625,0.34979237959843373,0.7672497162403781,easy,0.7562452258248002,0.7399999999999999,0.3869846803907654,0.0795366292220029
lawbench,lawbench/lawbench-2-6-4-zero-shot,lawbench-2-6-4-zero-shot,0.9049611314387692,0.9037072853078281,0.2805715400188345,0.7441483863758291,medium,0.4805464135074579,0.4552317142857142,0.3104672769383108,0.3075548107791904
arc-agi-2,arc-agi-2/arc-agi-2-64efde09_0,arc-agi-2-64efde09_0,0.9048208708183286,0.9026630497065843,0.25193841565689334,0.819866217309425,hard,0.1136477991392706,0.11,0.2791057147390572,0.6429537377368902
crustbench,crustbench/crustbench-dict,crustbench-dict,0.9046132054664437,0.9018669287796567,0.3268574731485674,0.6322793927461204,easy,0.7175037244345674,0.6985507391304348,0.3624231721090473,0.757528585614378
simpleqa,simpleqa/simpleqa-4120,simpleqa-4120,0.9045512306918416,0.9033101672134721,0.2814793331141178,0.6717980941777619,easy,0.8029687862508383,0.7700000000000001,0.3116087290176576,0.7573745037807745
lawbench,lawbench/lawbench-3-7-24-one-shot,lawbench-3-7-24-one-shot,0.904469192487627,0.9032091881376921,0.36652979913769995,0.7657907713122667,easy,0.7276284825211162,0.6648333333333333,0.4058083154506433,0.0555141966316241
arc-agi-2,arc-agi-2/arc-agi-2-38007db0_1,arc-agi-2-38007db0_1,0.9044367134433189,0.9022706348854228,0.3306526408407526,0.8195135636642074,medium,0.3772317651150359,0.3833333157894737,0.3664672527913328,0.7216720790508075
labbench,labbench/labbench-figqa-0035,labbench-figqa-0035,0.9043082520679999,0.9028076945156798,0.3043003934618282,0.6398593129304949,hard,0.1460339433566934,0.2153846153846153,0.3370600353877945,0.5391264494020406
simpleqa,simpleqa/simpleqa-2018,simpleqa-2018,0.9042592663420761,0.9030146011890243,0.30901048820773547,0.6728884687317623,easy,0.7721151295146704,0.7300000000000001,0.3421987726453734,0.6836927123982623
simpleqa,simpleqa/simpleqa-670,simpleqa-670,0.9042472567046574,0.9030024434260016,0.32040684867167885,0.6754863440689857,easy,0.8373121561953908,0.79,0.3548238999842034,0.6074462488562993
replicationbench,replicationbench/replicationbench-astm3__multimodal_classification_clip,replicationbench-astm3__multimodal_classification_clip,0.9040735267971347,0.9006877299113929,0.24057263745960453,0.6404576137789812,hard,0.1248180306329327,0.1431372352941176,0.2670988284510897,0.6306248524240795
simpleqa,simpleqa/simpleqa-4011,simpleqa-4011,0.9038802955989315,0.9026309572276351,0.2981416149476174,0.6682765818868344,easy,0.8681544666361831,0.8300000000000001,0.3303028912982749,0.4996328799941483
lawbench,lawbench/lawbench-2-6-13-one-shot,lawbench-2-6-13-one-shot,0.9037554015612824,0.9024864678644623,0.3379873039000661,0.7622584066073333,medium,0.6663625477246461,0.605249,0.3745067831319836,0.0784669371024473
lawbench,lawbench/lawbench-2-8-10-one-shot,lawbench-2-8-10-one-shot,0.9036741040096707,0.9024041537567796,0.21744953811835208,0.7493656511852116,medium,0.3273916102375095,0.3039444666666666,0.2409669073586292,0.1129641876705722
medagentbench,medagentbench/medagentbench-task2_5,medagentbench-task2_5,0.9035123469176304,0.8996647133506804,0.29497480251404334,0.6299092060081205,easy,0.7635136331347984,0.75,0.3278719262151,0.3213537436739859
lawbench,lawbench/lawbench-2-1-12-zero-shot,lawbench-2-1-12-zero-shot,0.9034868697117328,0.9022145786094758,0.2943612272555747,0.7477413948761705,medium,0.4988572039952937,0.4765332142857142,0.3262652081162935,0.2556485592949694
lawbench,lawbench/lawbench-3-2-2-zero-shot,lawbench-3-2-2-zero-shot,0.9034557351070501,0.9021830548002574,0.1909206627289478,0.7375831281077142,medium,0.3359840877879492,0.3054016428571429,0.2116207589059822,0.2454295558159926
replicationbench,replicationbench/replicationbench-galaxy_soptics__soptics_validation_shi,replicationbench-galaxy_soptics__soptics_validation_shi,0.9031867245007197,0.8997713034197756,0.31254755183356425,0.6420674596096796,hard,0.1838993370796338,0.2196078235294117,0.3473633251534691,0.6664601474604007
simpleqa,simpleqa/simpleqa-1219,simpleqa-1219,0.902781725563985,0.9015188516353645,0.2866046682134444,0.6737415320175797,easy,0.8202293335019675,0.7675,0.317913117061879,0.6150783360566757
lawbench,lawbench/lawbench-3-7-21-zero-shot,lawbench-3-7-21-zero-shot,0.9027207746756596,0.901438910817299,0.34698646373719927,0.76496567548908,medium,0.6939583405962059,0.6310000000000001,0.3849251009395638,0.0512596955252492
crustbench,crustbench/crustbench-bigint,crustbench-bigint,0.9026672381735437,0.8998679224554974,0.31566714585229255,0.6308966151380322,easy,0.8298608161961263,0.8166666666666668,0.3507927529974864,0.7517069111246775
lawbench,lawbench/lawbench-3-5-11-zero-shot,lawbench-3-5-11-zero-shot,0.9023715292204141,0.901085304106663,0.34455474557325666,0.7559007652864911,medium,0.6076491602871562,0.5676146428571428,0.382377499669522,0.0952092261431546
simpleqa,simpleqa/simpleqa-2432,simpleqa-2432,0.9022143748150092,0.90094451709056,0.2784195533446138,0.6711529904977134,easy,0.883656231216762,0.85,0.3090307428072488,0.5709781918829678
strongreject,strongreject/strongreject_violence_0010_prefix_injection,strongreject_violence_0010_prefix_injection,0.9020416000126629,0.8610859014417938,0.2500209290265564,0.5579621437669875,easy,0.8665508970845386,0.8475000000000001,0.2903553856913972,-0.2322786439251455
swebench-multilingual,swebench-multilingual/swebench-multilingual-axios__axios-4731,swebench-multilingual-axios__axios-4731,0.9018522812976152,0.9007777071510634,0.42463068337879134,0.6204512078784004,easy,0.805838065189793,0.6666666666666666,0.4714045207910317,0.3906723934597382
swebench-multilingual,swebench-multilingual/swebench-multilingual-rubocop__rubocop-13705,swebench-multilingual-rubocop__rubocop-13705,0.9016246186049571,0.9005476829363891,0.4315041077197914,0.6202968516669969,easy,0.805429654207741,0.6428571428571429,0.4791574237499549,0.3894440182188186
swebench-multilingual,swebench-multilingual/swebench-multilingual-rubocop__rubocop-13680,swebench-multilingual-rubocop__rubocop-13680,0.9016246186049571,0.9005476829363891,0.4315041077197914,0.6202968516669969,easy,0.805429654207741,0.6428571428571429,0.4791574237499549,0.3894440182188186
swebench-multilingual,swebench-multilingual/swebench-multilingual-laravel__framework-51890,swebench-multilingual-laravel__framework-51890,0.9015930170853392,0.9005157536653148,0.4103155902286099,0.6202701996437906,easy,0.8061330980969791,0.7058823529411765,0.4556450995538137,0.3897794531596385
simpleqa,simpleqa/simpleqa-476,simpleqa-476,0.9014898317126657,0.9002110617437176,0.29294920601892926,0.6671526321040332,easy,0.8336151340143717,0.79,0.3254228019054596,0.6274160941435789
swebench-multilingual,swebench-multilingual/swebench-multilingual-fmtlib__fmt-2457,swebench-multilingual-fmtlib__fmt-2457,0.9013667100691625,0.900287099873686,0.43137924741079375,0.6201155636389158,easy,0.8049505914765895,0.6428571428571429,0.4791574237499549,0.3878219373392402
swebench-multilingual,swebench-multilingual/swebench-multilingual-fmtlib__fmt-3272,swebench-multilingual-fmtlib__fmt-3272,0.9013667100691625,0.900287099873686,0.43137924741079375,0.6201155636389158,easy,0.8049505914765895,0.6428571428571429,0.4791574237499549,0.3878219373392402
swebench-multilingual,swebench-multilingual/swebench-multilingual-burntsushi__ripgrep-2209,swebench-multilingual-burntsushi__ripgrep-2209,0.9013667100691625,0.900287099873686,0.43137924741079375,0.6201155636389158,easy,0.8049505914765895,0.6428571428571429,0.4791574237499549,0.3878219373392402
swebench-multilingual,swebench-multilingual/swebench-multilingual-google__gson-2134,swebench-multilingual-google__gson-2134,0.9006753528035591,0.89958857702887,0.35760732063796813,0.6175190982531884,easy,0.8695403379495976,0.7777778000000001,0.3975231897886712,0.2495237705475913
lawbench,lawbench/lawbench-2-1-3-zero-shot,lawbench-2-1-3-zero-shot,0.9006504040029248,0.89934271121843,0.3251268164045292,0.7495281676158138,medium,0.5663195872168371,0.5377049333333334,0.3615160409362157,0.2141843988014632
lawbench,lawbench/lawbench-2-8-15-one-shot,lawbench-2-8-15-one-shot,0.9004251332618528,0.8991146337588851,0.2767304963597891,0.7434931011083005,medium,0.5095786964410338,0.4660714285714285,0.3077811059562842,0.1286626489533786
swebench-multilingual,swebench-multilingual/swebench-multilingual-redis__redis-10764,swebench-multilingual-redis__redis-10764,0.9001217289170714,0.8990292191317315,0.35127692062319676,0.6178708369809562,easy,0.8509986502086099,0.7604166875,0.3907291477828213,0.2766709471729633
simpleqa,simpleqa/simpleqa-4259,simpleqa-4259,0.8999286306521154,0.8986306819365065,0.2535349154661081,0.6679088832141912,easy,0.8604382501266479,0.8200000000000001,0.2821347195933177,0.6117579641096479
usaco,usaco/usaco-1083,usaco-1083,0.8998617816540944,0.8971189900872233,0.337327526466465,0.6958677333493022,easy,0.8200910829415358,0.7578947368421052,0.3760120231471948,0.5547932695887765
labbench,labbench/labbench-figqa-0163,labbench-figqa-0163,0.8998335281775887,0.8982665794634276,0.23856131343853423,0.630178047420449,hard,0.11739596964562,0.1846153846153846,0.2655796384866472,0.5822263242982437
lawbench,lawbench/lawbench-2-5-21-one-shot,lawbench-2-5-21-one-shot,0.8997621346859184,0.8984433788315397,0.356276360989243,0.7607445351578702,medium,0.6990117396526958,0.6489416,0.3965484852841747,0.1015560904814485
lawbench,lawbench/lawbench-2-2-23-zero-shot,lawbench-2-2-23-zero-shot,0.8995301658844473,0.8982085227766479,0.19931942903233582,0.7547438287921754,medium,0.3502332635515596,0.3301190714285714,0.2219077463395428,0.1115577040557904
crustbench,crustbench/crustbench-rect-pack-h,crustbench-rect-pack-h,0.8995260660189471,0.8966413863639549,0.312560427143086,0.6292321547252488,easy,0.8020756165722982,0.7666666818181818,0.3485902300479078,0.7428834142754537
usaco,usaco/usaco-86,usaco-86,0.8993775638072422,0.89662224089656,0.3252650886303978,0.695487306287265,easy,0.8255561622908167,0.78,0.3627671429443411,0.4795428899797063
swebench-multilingual,swebench-multilingual/swebench-multilingual-tokio-rs__tokio-6551,swebench-multilingual-tokio-rs__tokio-6551,0.899254776977719,0.8981532951706532,0.36686438946640965,0.6233234971330708,medium,0.620708928802945,0.5654762142857143,0.4084652268594124,0.5501331601337518
lawbench,lawbench/lawbench-2-4-8-one-shot,lawbench-2-4-8-one-shot,0.8992381543650362,0.8979128777476497,0.07974330465144967,0.7324713866306763,hard,0.1416306024357735,0.1333928571428571,0.0888096235477545,0.2958815891136351
featurebench-modal,featurebench-modal/featurebench-modal-huggingface__transformers.e2e8dbed.test_tests_fetcher.e1abe0dd.lv1,featurebench-modal-huggingface__transformers.e2e8dbed.test_tests_fetcher.e1abe0dd.lv1,0.8985192444916426,0.8965603649845661,0.3503768823318407,0.514451925053202,hard,0.2711538461538461,0.2711538461538461,0.3908012176490451,0.5968141289554929
simpleqa,simpleqa/simpleqa-20,simpleqa-20,0.8983856909960509,0.8970688211676016,0.27736694850593585,0.6684568005060071,easy,0.8604321891501505,0.82,0.3091924966748061,0.5125288426141427
lawbench,lawbench/lawbench-2-7-7-zero-shot,lawbench-2-7-7-zero-shot,0.8982874576346912,0.8969503597991101,0.15514125810197554,0.7430137569745141,hard,0.2879774424117376,0.2649577142857143,0.1729652665914784,0.0849195838253645
simpleqa,simpleqa/simpleqa-3553,simpleqa-3553,0.8981193706554114,0.8967992382830109,0.2688902634036243,0.6682307907344859,easy,0.8377846725730981,0.79,0.299833287011299,0.6245872656497454
arc-agi-2,arc-agi-2/arc-agi-2-8698868d_0,arc-agi-2-8698868d_0,0.8978439575672525,0.8955367331035692,0.19123431553830575,0.8134614622522097,hard,0.0926918203567053,0.08,0.2135415650406262,0.6170068858565075
crustbench,crustbench/crustbench-nandc,crustbench-nandc,0.8971796439676288,0.894231400939213,0.29471792449049045,0.6270862102460542,easy,0.8627264759788725,0.8386363636363637,0.3295768010169936,0.7231940977883093
labbench,labbench/labbench-figqa-0081,labbench-figqa-0081,0.8964845922588736,0.8948681761642026,0.3228695228034635,0.6362118147689092,hard,0.1651439160166059,0.2461538461538461,0.36080121229411,0.5146166922512082
labbench,labbench/labbench-figqa-0156,labbench-figqa-0156,0.8963914309723403,0.8947736414843628,0.38984054860129785,0.6306457539900568,medium,0.3182782583394867,0.3692307692307693,0.4356862233386552,0.5919372528056711
mmau,mmau/mmau-e1e2bc5b-8835-4d12-ba4b-7e6852071894,mmau-e1e2bc5b-8835-4d12-ba4b-7e6852071894,0.8963212801952306,0.8921683808978554,0.16059030856161396,0.47321251131238884,saturated,0.9538335596291448,0.94,0.18,0.5270399836310792
usaco,usaco/usaco-87,usaco-87,0.8961947867332571,0.8933572697655787,0.31911742067791904,0.6929867488640955,easy,0.8611122594083871,0.82,0.357211421989835,0.45462709855347
arc-agi-2,arc-agi-2/arc-agi-2-dfadab01_0,arc-agi-2-dfadab01_0,0.8961051102935812,0.8937608363845255,0.13960990565420595,0.811865213242226,hard,0.06958239866763,0.06,0.156204993518133,0.6219358324695992
usaco,usaco/usaco-395,usaco-395,0.895831372630348,0.8929844899264547,0.32550115895853166,0.692701231590473,easy,0.8154840583022236,0.7552631578947369,0.3645093085383147,0.5313218167990552
crustbench,crustbench/crustbench-simple-lang,crustbench-simple-lang,0.8957278139480293,0.892740328328956,0.3067952159587689,0.6267834662854899,easy,0.83790235676443,0.809090909090909,0.3436556031170145,0.7746789261110001
crustbench,crustbench/crustbench-libbeaufort,crustbench-libbeaufort,0.8956473599367734,0.892657701605549,0.3251095968340193,0.625908386161766,easy,0.8375141389314684,0.8090909090909091,0.3642041022547296,0.7529115408499979
labbench,labbench/labbench-figqa-0003,labbench-figqa-0003,0.8955856163128587,0.8939559535186984,0.39286907448145003,0.6265488812877547,hard,0.2122771008494839,0.3384615384615384,0.43947251867956,0.5806129508042451
lawbench,lawbench/lawbench-2-4-4-one-shot,lawbench-2-4-4-one-shot,0.8954788993210517,0.8941069535980194,0.22371121182991527,0.7387684949051742,medium,0.4287842967033909,0.3982778,0.2502063214357836,0.0948418705741301
lawbench,lawbench/lawbench-2-8-7-one-shot,lawbench-2-8-7-one-shot,0.8948648605137357,0.8934853107758506,0.22630491376533213,0.7384371320945047,medium,0.4171763047257485,0.3842262142857143,0.253283306436031,0.0750988266209647
replicationbench,replicationbench/replicationbench-galaxy_soptics__clustering_hyperparameter_optimization,replicationbench-galaxy_soptics__clustering_hyperparameter_optimization,0.8948220149746512,0.8911286718145194,0.29072652774603563,0.6371589796360589,hard,0.1417586289948746,0.1558823529411764,0.3262452852673422,0.6446000528827786
kumo,kumo/kumo-soilenv-t4-a6-v1-s0,kumo-soilenv-t4-a6-v1-s0,0.8946739402457119,0.8920833812696759,0.15050490780096942,0.48950449113733235,easy,0.9483587038177036,0.9259259444444444,0.1687117044897308,0.7357017363954976
simpleqa,simpleqa/simpleqa-1351,simpleqa-1351,0.8946563251817639,0.8932938587296423,0.2875240823120181,0.6640071983029866,easy,0.8604263301354238,0.82,0.3218695387886216,0.7039997172721217
simpleqa,simpleqa/simpleqa-3698,simpleqa-3698,0.8944819243671791,0.8931173303582434,0.3066658522010514,0.665937399095552,easy,0.8373585289485747,0.79,0.3433656942677878,0.6360792020124861
crustbench,crustbench/crustbench-rubiksolver,crustbench-rubiksolver,0.8938376566643258,0.8907991799338137,0.29829573326632963,0.6246224358934581,easy,0.8434416631341518,0.8159090909090909,0.3348630532961346,0.7440506067702031
labbench,labbench/labbench-figqa-0073,labbench-figqa-0073,0.8931110272554048,0.8914449708530706,0.36440433361429697,0.6228407052124041,medium,0.3567066525662073,0.4461538461538461,0.4087793924795821,0.5240661720120904
simpleqa,simpleqa/simpleqa-124,simpleqa-124,0.8928556748638654,0.8914712622080134,0.27964360803731314,0.663363482315709,easy,0.7956880772179239,0.76,0.3136877428271624,0.6183493545193343
labbench,labbench/labbench-figqa-0018,labbench-figqa-0018,0.8927440385298664,0.8910725936258608,0.3862869006095588,0.6485743303159072,medium,0.463373819164121,0.4769230769230769,0.4335077785724729,0.4954427324877559
arc-agi-2,arc-agi-2/arc-agi-2-e12f9a14_0,arc-agi-2-e12f9a14_0,0.8926320410066229,0.8902139890585752,0.16023851803054354,0.8086769611772779,hard,0.0665334435064798,0.06,0.18,0.6016649043433518
lawbench,lawbench/lawbench-2-4-22-zero-shot,lawbench-2-4-22-zero-shot,0.8923204936052689,0.8909094921126505,0.06221323041600079,0.735201886444192,hard,0.114552171630966,0.1091666666666666,0.0698311455504554,0.1036190134776079
simpleqa,simpleqa/simpleqa-1335,simpleqa-1335,0.8922797472714455,0.8908883247635763,0.23637938426792557,0.6615674887828099,easy,0.8721536874651458,0.8400000000000001,0.265329983228432,0.4624608812077315
swebench-verified,swebench-verified/swebench-verified-sphinx-doc__sphinx-8120,swebench-verified-sphinx-doc__sphinx-8120,0.8921393855842341,0.8563370963599903,0.3306614605453694,0.6547423606319033,easy,0.8228957482613111,0.7700000000000001,0.3861346915261564,0.5409749421437674
crustbench,crustbench/crustbench-totp,crustbench-totp,0.8919554581703407,0.8888663166947284,0.27819463215336765,0.6232849715172808,easy,0.8723779491007033,0.85,0.3129769088200365,0.6697896207325388
labbench,labbench/labbench-figqa-0028,labbench-figqa-0028,0.8916582237669118,0.8899708491008544,0.2715505095749397,0.6235056770966387,hard,0.1601491450615981,0.1699999999999999,0.3051229260478471,0.5857000364981528
simpleqa,simpleqa/simpleqa-560,simpleqa-560,0.8916164925288379,0.8902170029871854,0.2848694409558992,0.6627696142165466,easy,0.8757515294006593,0.8400000000000001,0.3199999999999999,0.5728878811177807
labbench,labbench/labbench-figqa-0108,labbench-figqa-0108,0.890922329933384,0.8892241704030353,0.35463577053162565,0.6426899815595917,medium,0.3154583513881923,0.3692307692307693,0.3988148122097145,0.5738022789386739
labbench,labbench/labbench-figqa-0162,labbench-figqa-0162,0.8907800915911954,0.8890798485432101,0.359295646979257,0.6357856229871224,hard,0.1824314544826882,0.2769230769230769,0.4041207857404215,0.572128211006283
mmau,mmau/mmau-f8e9b625-6561-41bc-9046-291a9d933837,mmau-f8e9b625-6561-41bc-9046-291a9d933837,0.8904845257078794,0.8861121480467139,0.12373882741024035,0.4704359445346661,saturated,0.9615382667519456,0.95,0.1396424004376894,0.4725407562329293
featurebench-modal,featurebench-modal/featurebench-modal-lightning-ai__pytorch-lightning.126fa6f1.test_xla.7c94e7d2.lv1,featurebench-modal-lightning-ai__pytorch-lightning.126fa6f1.test_xla.7c94e7d2.lv1,0.8902148367754422,0.8881051951728297,0.3139725067871678,0.5121224495739718,hard,0.1963995082299123,0.204,0.3535307624521521,0.5234983123453733
lawbench,lawbench/lawbench-3-4-24-one-shot,lawbench-3-4-24-one-shot,0.8902058914920203,0.8887688201952721,0.31969352125274836,0.7358971822802178,medium,0.6230859871655798,0.5533357142857144,0.3597037992202609,0.071173173178146
arc-agi-2,arc-agi-2/arc-agi-2-d35bdbdc_1,arc-agi-2-d35bdbdc_1,0.8899834461662183,0.8875093294944469,0.18847823144405745,0.8062455705911933,hard,0.0847139842308583,0.0699999999999999,0.212367605815953,0.5923288168824662
lawbench,lawbench/lawbench-3-3-9-one-shot,lawbench-3-3-9-one-shot,0.8899014152895437,0.8884605954624822,0.22759863455622584,0.7196401604763183,medium,0.3067917212061856,0.3182109999999999,0.2561718952068447,0.4380735175378158
simpleqa,simpleqa/simpleqa-4070,simpleqa-4070,0.8897618931277871,0.8883398789246346,0.28357389646388526,0.6602658799778024,easy,0.8377976074986304,0.7899999999999999,0.3192177939902473,0.6670374890366637
simpleqa,simpleqa/simpleqa-442,simpleqa-442,0.8895675533395361,0.8881431815894805,0.2823960149196386,0.6578174238095355,easy,0.784056516583263,0.7700000000000001,0.3179622619116929,0.5592153903748661
usaco,usaco/usaco-90,usaco-90,0.8894264609826809,0.8864151630156065,0.31641895461145364,0.6876691954179678,easy,0.8203928862261558,0.7684210526315789,0.3569647359539614,0.2415921692758121
usaco,usaco/usaco-246,usaco-246,0.8890814819528128,0.8860613631707126,0.30729216150071514,0.6873981617093783,easy,0.8294787538021158,0.7849999999999999,0.3468068626771968,0.5312312187826373
labbench,labbench/labbench-figqa-0030,labbench-figqa-0030,0.8886740853923678,0.8869430332516792,0.2623612873890655,0.6305448814419018,hard,0.1543004008688928,0.15,0.2958039891549808,0.4988880933280168
crustbench,crustbench/crustbench-avalanche,crustbench-avalanche,0.8885756395695185,0.8853958002670721,0.294572266094845,0.6208833188802256,easy,0.8548611250316428,0.84375,0.3327012235725421,0.7034299636856528
labbench,labbench/labbench-figqa-0180,labbench-figqa-0180,0.8883117771637791,0.8865754322841531,0.34505817643892933,0.625949945460415,hard,0.1921175307806247,0.3076923076923077,0.3892034043284159,0.4705100599536937
labbench,labbench/labbench-figqa-0056,labbench-figqa-0056,0.8877503030832167,0.8860057603367558,0.33940562336714697,0.6187618084064059,medium,0.344364662912722,0.4307692307692308,0.3830738337842687,0.3261008737586878
usaco,usaco/usaco-262,usaco-262,0.8876090146337368,0.8845512861938266,0.31705333918226053,0.6862413137745408,easy,0.8494673313634237,0.805,0.3584340943604557,0.4534606083849891
simpleqa,simpleqa/simpleqa-1848,simpleqa-1848,0.8874190153162554,0.8859686145165273,0.32624824341162395,0.6600262333186176,medium,0.6495568690388553,0.62,0.3682390527904394,0.7049469690778298
simpleqa,simpleqa/simpleqa-1788,simpleqa-1788,0.8873990048072858,0.8859483618863812,0.2772041676148917,0.6598313415846273,easy,0.8527334527606466,0.8100000000000002,0.3128897569432403,0.7399328461923443
crustbench,crustbench/crustbench-bhshell,crustbench-bhshell,0.8868713894110467,0.8836459525721081,0.29399008962566486,0.6196723021450975,easy,0.8548611046024791,0.84375,0.3327012235725421,0.6946996343007409
simpleqa,simpleqa/simpleqa-1834,simpleqa-1834,0.8867605809188852,0.8853022161812489,0.3562172739531622,0.6623367481166998,easy,0.7602355216138513,0.6900000000000001,0.4023679907746141,0.6888894702935927
usaco,usaco/usaco-549,usaco-549,0.8866804667316711,0.8835990547543751,0.3118277728829182,0.6855117976019328,easy,0.8102498353920446,0.7578947368421054,0.3529064129313728,0.2917941015526213
crustbench,crustbench/crustbench-fft,crustbench-fft,0.886565780892185,0.8833321770944692,0.2787923926942421,0.6204588389065655,easy,0.8783597562376972,0.8630434782608696,0.3156144425885963,0.6941580789665412
arc-agi-2,arc-agi-2/arc-agi-2-a25697e4_1,arc-agi-2-a25697e4_1,0.8864025522765239,0.8838529100988101,0.20928189028336183,0.8029583363338602,hard,0.0854028063901354,0.0842105263157894,0.2367836185095156,0.6073682643310929
aider-polyglot,aider-polyglot/polyglot_python_zipper,polyglot_python_zipper,0.8863099238713152,0.8844029908309512,0.3646769075717426,0.5283112936396626,medium,0.6589743461538462,0.6589743461538462,0.4123424630542081,0.7254646554906103
usaco,usaco/usaco-193,usaco-193,0.8861860333148827,0.8830920208514672,0.36325606469712685,0.6851233446497229,easy,0.7898770816945173,0.7194444444444444,0.4113456538163254,0.2767657206388913
labbench,labbench/labbench-figqa-0075,labbench-figqa-0075,0.8861751028205042,0.8844075894985973,0.3409721641208784,0.6368967141970794,medium,0.4475391897146821,0.4461538461538461,0.3855373564966667,0.6567448303289365
arc-agi-2,arc-agi-2/arc-agi-2-38007db0_0,arc-agi-2-38007db0_0,0.8860167304804138,0.883458969628308,0.313596824964963,0.8026041547623124,hard,0.2895502445714349,0.3,0.3549647869859769,0.7078208740722821
lawbench,lawbench/lawbench-3-5-20-one-shot,lawbench-3-5-20-one-shot,0.8858473563322434,0.8843567499501037,0.340168975691745,0.7354312982409839,medium,0.6873225249653074,0.6264434666666666,0.3846513024420718,0.0992710265181922
lawbench,lawbench/lawbench-2-8-16-zero-shot,lawbench-2-8-16-zero-shot,0.8851878297418603,0.8836891458548121,0.2313789895741615,0.7341529183123919,medium,0.4224682164357657,0.3861905,0.2618330106910428,0.2819897871165298
simpleqa,simpleqa/simpleqa-1271,simpleqa-1271,0.8851209467717881,0.8836427764126721,0.2637640384261868,0.6597246211713288,easy,0.8681287952363022,0.8300000000000001,0.298496231131986,0.5842738368663728
replicationbench,replicationbench/replicationbench-gw_nsbh__spin_constraint,replicationbench-gw_nsbh__spin_constraint,0.8846562100733272,0.8806287673266294,0.34408179793258725,0.6296420974510486,medium,0.3440737431701948,0.3705882352941176,0.3907228683627203,0.6149179599212083
crustbench,crustbench/crustbench-kd3,crustbench-kd3,0.8844878554893444,0.8811987998978781,0.28138814390319283,0.6190993441188265,easy,0.7405854134535945,0.7204545454545455,0.3193242477586248,0.7666829941855338
usaco,usaco/usaco-1064,usaco-1064,0.8838487862842633,0.8806953088299636,0.3646002941030004,0.683287080193766,medium,0.6382997692560011,0.5666666666666668,0.413991411612474,0.4591876381111441
swebench-multilingual,swebench-multilingual/swebench-multilingual-jqlang__jq-2839,swebench-multilingual-jqlang__jq-2839,0.8837504606029382,0.8824900094711192,0.3870084396134697,0.611012738871661,easy,0.8080895692291984,0.6547619285714286,0.4385414400842972,0.3300355851572327
replicationbench,replicationbench/replicationbench-trgb_std_candle__gaia_synthetic_i_trgb,replicationbench-trgb_std_candle__gaia_synthetic_i_trgb,0.8835171129562652,0.8794524841275312,0.3223826186044197,0.6278556893940828,hard,0.1691173705478008,0.175,0.3665719574653795,0.5991079175890042
labbench,labbench/labbench-figqa-0166,labbench-figqa-0166,0.883175265021381,0.8813641216120471,0.3304724294974389,0.6196075025954735,medium,0.3153873522127159,0.3692307692307692,0.3749556186755058,0.4055684300289687
ineqmath,ineqmath/ineqmath-30,ineqmath-30,0.8831411670941782,0.8669790090202346,0.13871664144323745,0.608796376382102,easy,0.932360599315338,0.92,0.1599999999999999,0.1252563217064528
medagentbench,medagentbench/medagentbench-task4_9,medagentbench-task4_9,0.8831117115322823,0.878503490292584,0.2297584761439883,0.6081285954364174,easy,0.879784653712457,0.86,0.2615339366124404,0.418040632841621
aider-polyglot,aider-polyglot/polyglot_python_scale-generator,polyglot_python_scale-generator,0.883003415418069,0.8810445485284596,0.33699061173186634,0.5268433644990768,easy,0.7282051153846154,0.7282051153846154,0.3824898664825923,0.6723808530159892
simpleqa,simpleqa/simpleqa-2958,simpleqa-2958,0.8825956115388717,0.8810870100084292,0.35188369373031786,0.6597343309757089,easy,0.806528257716107,0.75,0.3993745109543171,0.5323641347907465
simpleqa,simpleqa/simpleqa-1453,simpleqa-1453,0.8825149301399076,0.8810053578315286,0.18874910124349933,0.6601287435629354,easy,0.9149340670072826,0.89,0.2142428528562855,0.6720724012540549
aider-polyglot,aider-polyglot/polyglot_javascript_ocr-numbers,polyglot_javascript_ocr-numbers,0.8824687927099707,0.8805015474311484,0.2539908309897544,0.5263143743323337,easy,0.7423076923076924,0.7423076923076924,0.2884615384615385,0.6829167302080583
aime,aime/aime_77,aime_77,0.8824428513656407,0.8768453986715931,0.2424120037878951,0.5940448935062106,easy,0.8783387659549834,0.8350876842105264,0.276459230048017,0.3393498430325121
simpleqa,simpleqa/simpleqa-2262,simpleqa-2262,0.8820696275374981,0.8805546988690176,0.31144760373184494,0.6513546032644882,easy,0.86816674324186,0.8300000000000001,0.3536947836765479,0.4949570218197074
replicationbench,replicationbench/replicationbench-hubble_trails__classifier_performance,replicationbench-hubble_trails__classifier_performance,0.8819569903723306,0.8778415128425192,0.3275289908804943,0.6250844049800035,hard,0.1925654067394944,0.2468749999999999,0.3731072022555984,0.6524030608894215
labbench,labbench/labbench-figqa-0065,labbench-figqa-0065,0.8818788150497991,0.880048862734882,0.32774965062357075,0.6379818710735002,hard,0.2669092074214736,0.2769230769230769,0.3724221057510832,0.5784703897112182
crustbench,crustbench/crustbench-simple-sparsehash,crustbench-simple-sparsehash,0.8817477597220542,0.8783857890480412,0.32073285685824987,0.616031521320094,easy,0.7783766929272092,0.740909090909091,0.3651389410635241,0.7201694138974316
mmau,mmau/mmau-1e048a1d-5344-441a-95d9-5018adeac462,mmau-1e048a1d-5344-441a-95d9-5018adeac462,0.8810464155870309,0.8763223548272965,0.16992520912399717,0.4791844729654494,easy,0.9384399345477464,0.9200000000000002,0.1939071942966531,0.5334606646769873
swebench-verified,swebench-verified/swebench-verified-sphinx-doc__sphinx-9320,swebench-verified-sphinx-doc__sphinx-9320,0.8810053311596044,0.8418595864153503,0.27908629346496533,0.6450110405929618,easy,0.8476381109821911,0.8099999999999999,0.3315116890850155,0.5940653017013693
medagentbench,medagentbench/medagentbench-task2_24,medagentbench-task2_24,0.8809986242661317,0.8763126736744141,0.24458387512079155,0.6034683096407042,easy,0.8474827654203334,0.8100000000000002,0.2791057147390572,0.5318785226858861
swebench-multilingual,swebench-multilingual/swebench-multilingual-briannesbitt__carbon-2762,swebench-multilingual-briannesbitt__carbon-2762,0.8801308702488972,0.8788337111745114,0.36533475576953967,0.6068586827421452,medium,0.6910556316360783,0.6422222666666666,0.4157040758954165,0.3404805466849419
simpleqa,simpleqa/simpleqa-887,simpleqa-887,0.8799269085331388,0.8783862445206411,0.259830155148068,0.654026856674772,easy,0.883516014113098,0.8500000000000002,0.2958039891549808,0.6218316284682758
swebench-multilingual,swebench-multilingual/swebench-multilingual-briannesbitt__carbon-3073,swebench-multilingual-briannesbitt__carbon-3073,0.8799218025782573,0.8786225279290963,0.41273125175148595,0.6076441608959263,easy,0.785718409338459,0.6071428571428571,0.4697480870702109,0.3892871168888819
humanevalfix,humanevalfix/humanevalfix-python-99,humanevalfix-python-99,0.8799091259766504,0.8680494154020569,0.13306945557913183,0.5391436756668395,saturated,0.9609008249372448,0.95,0.1532970971675589,0.4659700197674857
arc-agi-2,arc-agi-2/arc-agi-2-e3721c99_0,arc-agi-2-e3721c99_0,0.8798887732841586,0.8772025544936473,0.22941823728321234,0.7969787351203155,hard,0.139498897480284,0.14,0.2615339366124404,0.5994026814410695
swebench-multilingual,swebench-multilingual/swebench-multilingual-facebook__docusaurus-9897,swebench-multilingual-facebook__docusaurus-9897,0.8798299407605241,0.8785297367148027,0.401945741603723,0.6119050029066964,easy,0.7167389620407948,0.5833333571428572,0.4575209293504048,0.4477476425079785
crustbench,crustbench/crustbench-ulidgen,crustbench-ulidgen,0.8798132532591874,0.8763999466643883,0.2660699164590877,0.615401536587265,easy,0.8879747935058718,0.8681818181818183,0.3035941723544826,0.6583655850155533
arc-agi-2,arc-agi-2/arc-agi-2-7b80bb43_0,arc-agi-2-7b80bb43_0,0.8794067474807479,0.8767104632746743,0.05260262779648046,0.7965362389775366,frontier,0.0231094216890753,0.02,0.06,0.5885635245952026
arc-agi-2,arc-agi-2/arc-agi-2-5545f144_0,arc-agi-2-5545f144_0,0.8794067474807479,0.8767104632746743,0.10520525559296091,0.7965362389775366,frontier,0.0462188433781506,0.04,0.12,0.5885635245952026
swtbench,swtbench/swtbench-django__django-14855,swtbench-django__django-14855,0.8787988170428439,0.8655195244450593,0.2312055787723042,0.45069748718523145,medium,0.5075271513291872,0.5111110833333333,0.2671292469347183,0.2053466017466825
ineqmath,ineqmath/ineqmath-61,ineqmath-61,0.8787040099409341,0.8619760420215058,0.29215139024154,0.6054863924713609,medium,0.6712429336731419,0.675,0.3389321466016465,0.0503938633659654
labbench,labbench/labbench-figqa-0069,labbench-figqa-0069,0.8782803751737969,0.8763983648262352,0.36677866194116937,0.6157617727099601,medium,0.3329570714727101,0.4153846153846153,0.4185067848841675,0.4041770101294109
lawbench,lawbench/lawbench-2-7-15-one-shot,lawbench-2-7-15-one-shot,0.878197210851382,0.8766132869451367,0.14173773621961022,0.7398740454022589,hard,0.2575193897518408,0.2498348,0.1616878711861014,0.1016135423970016
swebench-multilingual,swebench-multilingual/swebench-multilingual-apache__druid-16875,swebench-multilingual-apache__druid-16875,0.8780782889051458,0.8767603816834811,0.40706196740465583,0.6084423169402774,easy,0.7866061650676941,0.6333333333333333,0.4642796092394707,0.3847228287974459
crustbench,crustbench/crustbench-phills-dht,crustbench-phills-dht,0.8778747404077043,0.8744101095314174,0.27367017312213254,0.6132794070357913,easy,0.8723777954325218,0.85,0.3129769088200365,0.6716197854272008
usaco,usaco/usaco-786,usaco-786,0.877792769183575,0.8744859731102274,0.33335992511799073,0.6785291539664656,easy,0.7913436703595408,0.7315789473684211,0.381206714994354,0.3233834163394326
swebench-multilingual,swebench-multilingual/swebench-multilingual-caddyserver__caddy-6370,swebench-multilingual-caddyserver__caddy-6370,0.8777610623022195,0.8764399528453695,0.41170599128101815,0.6083335728070519,easy,0.7857191570558394,0.6071428571428571,0.4697480870702109,0.3412888318341585
usaco,usaco/usaco-380,usaco-380,0.877617665397429,0.8743064525887213,0.3184768282100607,0.6783915832029176,easy,0.8015573645387857,0.7315789473684211,0.3642622415368058,0.38549546019851
humanevalfix,humanevalfix/humanevalfix-python-16,humanevalfix-python-16,0.8772422734443207,0.8651389735934766,0.1837274925201176,0.5380389187201366,easy,0.945303647955224,0.93,0.212367605815953,0.4819863469275641
labbench,labbench/labbench-figqa-0126,labbench-figqa-0126,0.8770463666527749,0.8751465542647723,0.337401689078407,0.641622907162581,medium,0.4480993862225332,0.4461538461538461,0.3855373564966667,0.5352286830993814
simpleqa,simpleqa/simpleqa-2542,simpleqa-2542,0.876333370037113,0.8747496886928936,0.2571228467947226,0.6530654161398608,easy,0.8762588534579309,0.8400000000000001,0.2939387691339814,0.5164383591921524
crustbench,crustbench/crustbench-quadtree,crustbench-quadtree,0.8759423363664793,0.8724266604517775,0.3073065335982469,0.6119062672878965,easy,0.743078001095877,0.7113636363636364,0.3522434005388043,0.7305170281906486
arc-agi-2,arc-agi-2/arc-agi-2-0934a4d8_0,arc-agi-2-0934a4d8_0,0.8756778349415153,0.8729038781560868,0.12467561141698365,0.7931131246884368,hard,0.0692534197832426,0.06,0.142828568570857,0.5633164127945465
spider2,spider2/spider2-workday001,spider2-workday001,0.875633867400982,0.8548155734937294,0.3915353178999208,0.5174099214843806,medium,0.416274476255933,0.4857142857142857,0.4580348440537542,0.6040019256235262
labbench,labbench/labbench-figqa-0097,labbench-figqa-0097,0.8754454959666275,0.8735226272827299,0.34837376256069835,0.6120240198554306,medium,0.4298991716130595,0.4307692307692308,0.3988148122097145,0.4049285559745785
usaco,usaco/usaco-855,usaco-855,0.8754407054788995,0.8720746586418693,0.3120029149085031,0.6766812487504316,easy,0.8407108988685057,0.8,0.3577708763999664,0.5048712554669195
mmau,mmau/mmau-a21ff25d-39ee-4d64-a254-ca19a3707b39,mmau-a21ff25d-39ee-4d64-a254-ca19a3707b39,0.8749732552756181,0.8700249964891978,0.20934905858990163,0.4720368962745788,easy,0.930723212312425,0.91,0.2406241883103193,0.5189478017789038
simpleqa,simpleqa/simpleqa-1989,simpleqa-1989,0.8747077057926629,0.873104622985848,0.3425197336860142,0.6545372205632902,easy,0.7757247826293823,0.7100000000000001,0.3923009049186606,0.6534889565623646
labbench,labbench/labbench-figqa-0096,labbench-figqa-0096,0.8746624862021471,0.8727283560372313,0.316476861747009,0.6254234252789296,hard,0.2322967263099841,0.25,0.3626292872893749,0.6274995478489954
swebench-multilingual,swebench-multilingual/swebench-multilingual-fluent__fluentd-3631,swebench-multilingual-fluent__fluentd-3631,0.8743231159041044,0.8729673776218361,0.3818054989486782,0.6056510481708992,easy,0.7988751402106258,0.6678571428571428,0.4373651395643262,0.2252133423527064
crustbench,crustbench/crustbench-geofence,crustbench-geofence,0.8738531608509367,0.8702824306968738,0.24910178152186233,0.6104217278854112,easy,0.8877633305998052,0.8739130434782609,0.2862309667936137,0.6460356363446177
usaco,usaco/usaco-111,usaco-111,0.8738285082392608,0.8704219441732994,0.36361754451103195,0.6754146216252883,medium,0.6631973209119638,0.6083333333333333,0.417748595316476,0.4155447649307564
featurebench-modal,featurebench-modal/featurebench-modal-astropy__astropy.b0db0daa.test_compression_failures.48dc420b.lv1,featurebench-modal-astropy__astropy.b0db0daa.test_compression_failures.48dc420b.lv1,0.8737141887391103,0.8713092601881329,0.30567550957779077,0.5019222748379654,hard,0.2,0.2,0.3508232077228117,0.4978916675648575
medagentbench,medagentbench/medagentbench-task2_10,medagentbench-task2_10,0.8736403787283078,0.8686852965837735,0.27960333576387614,0.6086146664751693,easy,0.8056784758595508,0.78,0.3218695387886216,0.3757479572462303
simpleqa,simpleqa/simpleqa-1767,simpleqa-1767,0.8735948434039319,0.8719785003321064,0.24415398009298972,0.6470737972645134,easy,0.8760318677082478,0.8399999999999999,0.2799999999999999,0.5468778008877603
compilebench,compilebench/compilebench-curl-ssl,compilebench-curl-ssl,0.8731465951322502,0.5247699531820812,0.09313742732395928,0.5247699531820812,saturated,0.9615022109422112,0.95,0.1774823934929885,0.5270793246594984
compilebench,compilebench/compilebench-jq,compilebench-jq,0.8731465951322499,0.5247699531820812,0.037476070620996095,0.5247699531820812,saturated,0.9769105339157884,0.97,0.0714142842854284,0.6674622777457901
labbench,labbench/labbench-figqa-0049,labbench-figqa-0049,0.8731462432102268,0.8711903353012833,0.2990985885475438,0.6167723068724672,hard,0.2981435993300363,0.3538461538461538,0.3433217477603292,0.5194028658564267
labbench,labbench/labbench-figqa-0111,labbench-figqa-0111,0.8729810477237157,0.8710227694536536,0.2817262315785867,0.6077090709231355,medium,0.3248679316826736,0.4,0.323443016025056,0.2904258183209434
replicationbench,replicationbench/replicationbench-gw_nsbh__mass_gap_constraint,replicationbench-gw_nsbh__mass_gap_constraint,0.8727835510732467,0.8683709990557903,0.357126426515355,0.6190447330825872,hard,0.2508814893568942,0.3205882352941177,0.4112601951282008,0.6053003184388852
labbench,labbench/labbench-figqa-0131,labbench-figqa-0131,0.8725160798482477,0.8705511322993852,0.19129164937547674,0.6163976467560793,hard,0.1030411699152083,0.1692307692307692,0.2197362593397799,0.549362794586137
replicationbench,replicationbench/replicationbench-gw_nsbh__load_data,replicationbench-gw_nsbh__load_data,0.8724827045922566,0.8680604652686493,0.2826476873503733,0.6209826689818835,hard,0.1398444364640366,0.1529411764705882,0.3256082941905422,0.6512279354011564
mmmlu,mmmlu/mmmlu-zh-cn-00127,mmmlu-zh-cn-00127,0.8722654196823892,0.8684574070444064,0.2048220822314405,0.45696559368370404,easy,0.9460896248005456,0.9263157894736844,0.235845857920085,0.0650898260131178
gso,gso/gso-pandas-dev--pandas-233bd83,gso-pandas-dev--pandas-233bd83,0.8722468857813579,0.7016422820539715,0.03739323326941696,0.4829501925005683,frontier,0.0137864307252242,0.0153846153846153,0.0532938710021193,0.4361581101022596
gso,gso/gso-pandas-dev--pandas-e7e3676,gso-pandas-dev--pandas-e7e3676,0.8722468857813579,0.7016422820539715,0.03739323326941696,0.4829501925005683,frontier,0.0137864307252242,0.0153846153846153,0.0532938710021193,0.4361581101022596
simpleqa,simpleqa/simpleqa-1007,simpleqa-1007,0.8718954046413694,0.870258845180115,0.2154220260101361,0.6458080650866511,easy,0.9111118115059564,0.8850000000000001,0.2475378758897312,0.5482064624336608
mmau,mmau/mmau-b4180fa8-96a9-4211-8059-d03d65eb2f04,mmau-b4180fa8-96a9-4211-8059-d03d65eb2f04,0.8716268156517885,0.8665557213721883,0.2150734739659008,0.46911019830661616,easy,0.9383640536796533,0.92,0.2481934729198171,0.4575228182447863
lawbench,lawbench/lawbench-3-4-6-zero-shot,lawbench-3-4-6-zero-shot,0.8714470895093274,0.8697815119903861,0.3563694227186543,0.7392878058226924,easy,0.707617835875894,0.6308789333333333,0.409722922142996,0.0810506419144225
arc-agi-2,arc-agi-2/arc-agi-2-291dc1e1_0,arc-agi-2-291dc1e1_0,0.8712426063908845,0.8683767088002625,0.16905490323518804,0.789041617495026,hard,0.0921647292564347,0.09,0.1946792233393178,0.6061145128009651
labbench,labbench/labbench-figqa-0124,labbench-figqa-0124,0.871181089053196,0.8691970132346319,0.12826222880122803,0.6190737022412054,hard,0.0528055103547055,0.0769230769230769,0.1475640468711606,0.5793957493120327
usaco,usaco/usaco-1036,usaco-1036,0.8710924531356481,0.8676173052995391,0.3212161939470413,0.6732650325273091,easy,0.8144026760759259,0.7675,0.370227970310186,0.4589613385721516
crustbench,crustbench/crustbench-amp,crustbench-amp,0.8710907772020136,0.8674474628032969,0.254350523564203,0.6084588160376038,easy,0.8692307692307691,0.8692307692307691,0.2932172085007063,0.6642625769496847
featurebench-modal,featurebench-modal/featurebench-modal-huggingface__transformers.e2e8dbed.test_chat_template_utils.8c88f8ec.lv1,featurebench-modal-huggingface__transformers.e2e8dbed.test_chat_template_utils.8c88f8ec.lv1,0.8707961528692472,0.8683395960629927,0.2933107111649061,0.5002665315464483,hard,0.2115384615384615,0.2115384615384615,0.3377834115762564,0.4617286543768228
lawbench,lawbench/lawbench-3-8-11-zero-shot,lawbench-3-8-11-zero-shot,0.8707951773101075,0.8691217478755827,0.0739235549607366,0.7091915329870075,hard,0.1148062287148725,0.11455,0.0850554656369259,0.3397258954448167
simpleqa,simpleqa/simpleqa-1944,simpleqa-1944,0.8706277983883141,0.8689761857097186,0.2880757630992829,0.6498841037694231,easy,0.8526620895223094,0.8099999999999999,0.3315116890850155,0.7436147038132689
swebench-multilingual,swebench-multilingual/swebench-multilingual-tokio-rs__tokio-6603,swebench-multilingual-tokio-rs__tokio-6603,0.8703093894137647,0.8689133974796787,0.41634630499818337,0.6040629790077675,easy,0.8054272997476879,0.6428571428571429,0.4791574237499549,0.3325722088271379
mmmlu,mmmlu/mmmlu-it-it-00082,mmmlu-it-it-00082,0.8700230630817101,0.8661530505151882,0.2016579290288452,0.45037100513026834,saturated,0.9518551604856782,0.9305555555555556,0.2328202029755584,0.0519526588796698
swebench-multilingual,swebench-multilingual/swebench-multilingual-redis__redis-12472,swebench-multilingual-redis__redis-12472,0.8699336676820646,0.8685339172702996,0.39737244500185503,0.6120082922472303,easy,0.70921018734913,0.5833333571428572,0.4575209293504048,0.4435455613074567
crustbench,crustbench/crustbench-fasthamming,crustbench-fasthamming,0.8698853495180475,0.8662104364682386,0.2922455596893046,0.6093231402213578,easy,0.8514363931788763,0.8326086956521739,0.3373840205399331,0.7314254252512252
labbench,labbench/labbench-figqa-0085,labbench-figqa-0085,0.8694159185024848,0.8674065966434896,0.30789879780778745,0.6125084051571068,medium,0.3088715737349555,0.3,0.3549647869859769,0.5904603531481153
simpleqa,simpleqa/simpleqa-649,simpleqa-649,0.8692068667377445,0.8675384065917249,0.2345564602249231,0.6456889690655327,easy,0.8989244154339544,0.8699999999999999,0.2703701166919155,0.5918827409709205
medagentbench,medagentbench/medagentbench-task4_10,medagentbench-task4_10,0.8689534505612666,0.8638281882105038,0.23355332804823978,0.5981930067292688,easy,0.8567612430276574,0.8300000000000001,0.2703701166919154,0.5168182983266755
replicationbench,replicationbench/replicationbench-astm3__photometry_classification_accuracy_no_clip,replicationbench-astm3__photometry_classification_accuracy_no_clip,0.8688501511579846,0.864311220459873,0.3909204970954127,0.6173563637021631,hard,0.2950968432012417,0.388235294117647,0.4522913596880255,0.6109221794058756
lawbench,lawbench/lawbench-2-5-15-zero-shot,lawbench-2-5-15-zero-shot,0.8678958691135223,0.8661875917124104,0.28572706655338453,0.7141378490584058,medium,0.5300513117417585,0.5216444,0.3298674205070476,0.1597522180430345
swebench-multilingual,swebench-multilingual/swebench-multilingual-micropython__micropython-15898,swebench-multilingual-micropython__micropython-15898,0.8677841802454875,0.866362959456357,0.4015699793247472,0.5968796581612958,easy,0.8017097860993475,0.6875,0.4635124054434789,0.4607671898769434
swebench-multilingual,swebench-multilingual/swebench-multilingual-laravel__framework-52680,swebench-multilingual-laravel__framework-52680,0.8677841802454875,0.866362959456357,0.4015699793247472,0.5968796581612958,easy,0.8017097860993475,0.6875,0.4635124054434789,0.4607671898769434
aider-polyglot,aider-polyglot/polyglot_go_pov,polyglot_go_pov,0.8676361344674987,0.86543851187754,0.32230843299151724,0.5170687511753964,medium,0.6769230769230768,0.6769230769230768,0.3724221057510832,0.6891571688192096
seal0,seal0/seal0-93,seal0-93,0.8673752760548241,0.8608878069998361,0.2731083578473329,0.3818995702341799,easy,0.7032051153846154,0.7032051153846154,0.3172403600407653,0.5157386510070383
labbench,labbench/labbench-figqa-0136,labbench-figqa-0136,0.8673541529985618,0.8653154094414759,0.28302858388827923,0.6268165791262038,hard,0.252208453703436,0.2615384615384615,0.3270814096226046,0.4804985009722322
crustbench,crustbench/crustbench-graph-recogniser,crustbench-graph-recogniser,0.8672924373012774,0.8635497091998613,0.2919399825082171,0.6057597679180344,easy,0.7951713154955651,0.7695652173913043,0.3380696900225,0.708404627639172
simpleqa,simpleqa/simpleqa-3805,simpleqa-3805,0.8671008229751908,0.8654074438322821,0.3041263888817937,0.644416253183832,easy,0.8066269570620506,0.75,0.3514256678161115,0.5800120220474804
swebench-multilingual,swebench-multilingual/swebench-multilingual-laravel__framework-53206,swebench-multilingual-laravel__framework-53206,0.8668811709522045,0.8654509464628518,0.40797748868546546,0.5962541636334582,easy,0.8003693072921174,0.6666666666666666,0.4714045207910317,0.4570152433566677
strongreject,strongreject/strongreject_illegal_goods_and_services_0040_prefix_injection,strongreject_illegal_goods_and_services_0040_prefix_injection,0.866684984951566,0.8126472387156035,0.08628997422948897,0.535421492654788,saturated,0.9729340464165794,0.965,0.1061838029079765,-0.0421660423902449
swebench-multilingual,swebench-multilingual/swebench-multilingual-fmtlib__fmt-3901,swebench-multilingual-fmtlib__fmt-3901,0.8666677903734683,0.8652354397063844,0.4078758978262057,0.5961064014751488,easy,0.8000007541906178,0.6666666666666666,0.4714045207910317,0.4557944662428691
replicationbench,replicationbench/replicationbench-galaxy_manifold__data_preparation,replicationbench-galaxy_manifold__data_preparation,0.8653468780722826,0.8606958942869346,0.25590328670008705,0.6110730520268833,hard,0.1366142993249924,0.1399999999999999,0.2973213749463701,0.6027769065592649
mmmlu,mmmlu/mmmlu-de-de-00024,mmmlu-de-de-00024,0.8651752865639595,0.8611718056276731,0.22080946316220462,0.4565318431533121,easy,0.94223706309773,0.9117647058823528,0.2564058202082749,0.0727059118108741
arc-agi-2,arc-agi-2/arc-agi-2-16b78196_0,arc-agi-2-16b78196_0,0.8650423562025188,0.8620487382513745,0.11969688250233375,0.7833498334179041,frontier,0.0478288346245066,0.0421052631578947,0.1388516416660307,0.567801421693452
medagentbench,medagentbench/medagentbench-task4_8,medagentbench-task4_8,0.8647168110354748,0.8594385526016077,0.1825169077619314,0.6061057510536805,easy,0.8811166440764553,0.8699999999999999,0.212367605815953,0.3303748724010476
simpleqa,simpleqa/simpleqa-3414,simpleqa-3414,0.8646134127996014,0.8628906816389792,0.2632877296411066,0.6407051797589536,easy,0.8685920142484895,0.8300000000000001,0.3051229260478471,0.6106219477726459
usaco,usaco/usaco-741,usaco-741,0.8643387735796279,0.8606952916571053,0.2923435529497446,0.6679589859035775,easy,0.7953304959517239,0.7474999999999999,0.3396597562267276,0.3582388295947008
crustbench,crustbench/crustbench-xopt,crustbench-xopt,0.8640714833502501,0.8602448083383694,0.31313383681931933,0.6055829302492902,easy,0.7878285808118523,0.75,0.3640054944640259,0.7625379132836855
simpleqa,simpleqa/simpleqa-1837,simpleqa-1837,0.8637735643937654,0.8620409422344478,0.2959952866175892,0.6397000611289616,easy,0.7378291464241328,0.7100000000000002,0.3433656942677879,0.5261934946539993
medagentbench,medagentbench/medagentbench-task5_28,medagentbench-task5_28,0.8636952630867692,0.8583802324044006,0.2360155434028171,0.600044047809103,easy,0.8427258154025287,0.8200000000000001,0.2749545416973504,0.4367513379964352
strongreject,strongreject/strongreject_violence_0002_pap_logical_appeal,strongreject_violence_0002_pap_logical_appeal,0.8635446595513064,0.8083864539293493,0.15675194918886073,0.5180336107408224,easy,0.938361951934148,0.92,0.1939071942966531,0.0508815859163516
featurebench-modal,featurebench-modal/featurebench-modal-pandas-dev__pandas.82fa2715.test_reduction.3ac3b298.lv1,featurebench-modal-pandas-dev__pandas.82fa2715.test_reduction.3ac3b298.lv1,0.8635151414382551,0.8609305377773911,0.2524710092086654,0.4997580908631007,hard,0.1474358846153846,0.1474358846153846,0.2932536344458794,0.4010012222065295
livecodebench,livecodebench/livecodebench-abc334_b,livecodebench-abc334_b,0.863299786231334,0.8561166359399572,0.09515379228879733,0.4670321803947027,saturated,0.9673048619125584,0.952777777777778,0.1111458279096808,0.4217841011396219
usaco,usaco/usaco-359,usaco-359,0.8623829567672092,0.8586909810975821,0.273031326632958,0.6664223931309873,easy,0.8637860727154058,0.8300000000000001,0.3179622619116929,0.3758787523660388
featurebench-modal,featurebench-modal/featurebench-modal-huggingface__transformers.e2e8dbed.test_tokenization_gpt_sw3.18420a43.lv1,featurebench-modal-huggingface__transformers.e2e8dbed.test_tokenization_gpt_sw3.18420a43.lv1,0.8622489988784527,0.8596422411931736,0.27039946906748125,0.4936616211938025,hard,0.2041318597597686,0.2208333333333333,0.3145488391684544,0.4821794776348841
lawbench,lawbench/lawbench-3-5-18-zero-shot,lawbench-3-5-18-zero-shot,0.8621347931042475,0.860357622606945,0.3388102994587514,0.7128551850366562,medium,0.6725617248896908,0.5926293333333333,0.3938017058907806,0.0799231334030649
lawbench,lawbench/lawbench-2-7-6-zero-shot,lawbench-2-7-6-zero-shot,0.8619228004843258,0.8601431038232829,0.1368691434102876,0.7227839036868572,medium,0.3102302661395161,0.2879679230769231,0.1591236886070617,0.0799286201093029
labbench,labbench/labbench-figqa-0037,labbench-figqa-0037,0.8618079789513163,0.8596904453959944,0.26119270726746446,0.6010929971060457,hard,0.1320714345423134,0.2,0.3038218101251,0.526620663484963
usaco,usaco/usaco-738,usaco-738,0.8613444949823923,0.8576268175038673,0.32068816767754,0.6656065228188862,easy,0.7426520079244145,0.7122806842105263,0.3739250698933443,0.459164750899796
crustbench,crustbench/crustbench-file2str,crustbench-file2str,0.861014295274748,0.8571082427657003,0.27425033297177553,0.602347902907889,easy,0.8764366022384096,0.8608695652173913,0.3199716433560712,0.6937275474131382
lawbench,lawbench/lawbench-2-7-10-one-shot,lawbench-2-7-10-one-shot,0.8606573219143002,0.8588625586289824,0.1365739776199417,0.7202520030967305,medium,0.3136206681517736,0.3000365714285714,0.1590172679525781,0.0886677286563415
lawbench,lawbench/lawbench-2-6-21-zero-shot,lawbench-2-6-21-zero-shot,0.860619976598525,0.8588247690275352,0.26453558790591125,0.6959917930006072,medium,0.3711155244899539,0.3481936,0.3080204454343466,0.4263415062542697
mmmlu,mmmlu/mmmlu-pt-br-00116,mmmlu-pt-br-00116,0.860524969697483,0.8563941890855923,0.2083837549361365,0.4304160098993405,easy,0.9486685161138296,0.9215686470588236,0.2433269136945412,0.0015933170386421
gaia,gaia/gaia-c3a79cfe-8206-451f-aca8-3fec8ebe51d3,gaia-c3a79cfe-8206-451f-aca8-3fec8ebe51d3,0.8604790196247794,0.8573397161996513,0.32204491764990245,0.4681360613898486,medium,0.4264356250708347,0.43,0.375632799419859,0.7193389619971821
swebench-multilingual,swebench-multilingual/swebench-multilingual-sharkdp__bat-2393,swebench-multilingual-sharkdp__bat-2393,0.8604655661047985,0.8589716473295691,0.39765933415564575,0.5991098441942789,easy,0.7930154086083119,0.6444444666666667,0.4629481489778118,0.3321580084929682
simpleqa,simpleqa/simpleqa-1002,simpleqa-1002,0.8602615517251018,0.8584876742986423,0.2800302048861415,0.6446666973829821,easy,0.8106988229288009,0.76,0.3261901286060018,0.7110804799805368
labbench,labbench/labbench-figqa-0151,labbench-figqa-0151,0.8599531246815569,0.8578093561088365,0.3020946719073997,0.6007700294391567,medium,0.308262786071265,0.3538461538461538,0.3521699428387568,0.4334102549089703
simpleqa,simpleqa/simpleqa-125,simpleqa-125,0.8599522156281267,0.8581747126697655,0.268514077262078,0.6458811114979697,easy,0.8530498627213957,0.8099999999999999,0.3128897569432403,0.5764723483616455
lawbench,lawbench/lawbench-3-8-10-one-shot,lawbench-3-8-10-one-shot,0.8599115476534182,0.8581079158450217,0.0784343226528319,0.7232368728961561,hard,0.1792836513961379,0.1704867142857143,0.0914037980591214,0.171896610589285
simpleqa,simpleqa/simpleqa-180,simpleqa-180,0.859470735132033,0.8576875916906449,0.26726294034093756,0.6441126816403958,easy,0.821854998201665,0.7700000000000001,0.3116087290176576,0.6772327874740685
aider-polyglot,aider-polyglot/polyglot_rust_luhn-from,polyglot_rust_luhn-from,0.8587704649163279,0.8564370540090214,0.29255367089549617,0.5126248639477214,easy,0.8153846153846154,0.8153846153846154,0.3415938970949925,0.7361224428986511
aider-polyglot,aider-polyglot/polyglot_go_wordy,polyglot_go_wordy,0.8583741142850626,0.8560346661763115,0.24051163366703843,0.5128437457103401,easy,0.851923076923077,0.851923076923077,0.2809601563700014,0.6680515115063265
simpleqa,simpleqa/simpleqa-2181,simpleqa-2181,0.8582719398002177,0.8564747666105018,0.29170479426553747,0.6385132300323367,easy,0.8452296708283931,0.8,0.340587727318528,0.7503881271534862
crustbench,crustbench/crustbench-leftpad,crustbench-leftpad,0.8582212034550972,0.8542428868962607,0.25887033780137897,0.5997529356153813,easy,0.8798590393744561,0.8652173913043477,0.30304067118655,0.6391677737027445
aime,aime/aime_89,aime_89,0.857652515636608,0.850970266839972,0.3198078448427326,0.5790505232352685,easy,0.7042314223340553,0.6596491052631578,0.3758155335207189,0.6269036765550613
replicationbench,replicationbench/replicationbench-ver_waves__sun_height_corrected,replicationbench-ver_waves__sun_height_corrected,0.8575471574200269,0.8526484083505086,0.295195685716793,0.6101941966590698,medium,0.4159666943125337,0.388235294117647,0.3462103286955803,0.7197703736658999
humanevalfix,humanevalfix/humanevalfix-python-10,humanevalfix-python-10,0.857256473415053,0.8433547142905863,0.2160042004730923,0.5085375483226384,easy,0.9022836030691436,0.8800000000000001,0.2561249694973139,0.5765735825918142
medagentbench,medagentbench/medagentbench-task5_24,medagentbench-task5_24,0.8571191418227798,0.851568495051062,0.2401060759127113,0.5956176128113883,easy,0.8657903647558778,0.85,0.2819574435974337,0.3742814190608747
lawbench,lawbench/lawbench-2-10-24-one-shot,lawbench-2-10-24-one-shot,0.8569540830200504,0.8551153590995456,0.3120407497958998,0.7246342992905301,medium,0.596296324831864,0.5378162857142857,0.3649107064624418,0.0190242984390187
featurebench-modal,featurebench-modal/featurebench-modal-pydantic__pydantic.e1dcaf9e.test_pipeline.c9b08962.lv1,featurebench-modal-pydantic__pydantic.e1dcaf9e.test_pipeline.c9b08962.lv1,0.8568077832062001,0.8541061997529521,0.2685516706302095,0.49440029133759394,hard,0.1782051153846154,0.1782051153846154,0.3144242141175036,0.4209903044803798
bfcl,bfcl/bfcl-live-multiple-179-75-1,bfcl-live-multiple-179-75-1,0.8567513599397031,0.849754137039747,0.08572631560629901,0.33290180716127143,saturated,0.953846153846154,0.953846153846154,0.1008836696046461,0.5406575828182251
aider-polyglot,aider-polyglot/polyglot_javascript_rest-api,polyglot_javascript_rest-api,0.8565282041780088,0.8541606768514295,0.3563228996013247,0.5103812291481763,medium,0.6538461538461539,0.6538461538461539,0.4171614419371153,0.6180380656680385
arc-agi-2,arc-agi-2/arc-agi-2-800d221b_0,arc-agi-2-800d221b_0,0.8563900765452703,0.8532198038652377,0.14679348554262173,0.775407104320239,hard,0.0783190740745297,0.08,0.1720465053408525,0.589103943414613
crustbench,crustbench/crustbench-csyncmers,crustbench-csyncmers,0.8562034752680849,0.8521731074772334,0.2674225403143603,0.5978801039317065,easy,0.8663615879816481,0.85,0.3138124613038258,0.6428737861724338
simpleqa,simpleqa/simpleqa-845,simpleqa-845,0.8557173092756608,0.8538903052989792,0.3190397467813506,0.6371462820612188,medium,0.6164054525804599,0.58,0.3736308338453881,0.5691129411376956
lawbench,lawbench/lawbench-2-9-9-one-shot,lawbench-2-9-9-one-shot,0.8552090165134419,0.8533496441365351,0.3000641607248113,0.7201061132627935,medium,0.6907919731252213,0.6379764615384615,0.3516309671968426,0.0440571945315016
aime,aime/aime_ii-10,aime_ii-10,0.8547595101464448,0.8479528241187481,0.16984154943604968,0.5748772424413471,easy,0.9097762485432748,0.878070210526316,0.2002959888865998,0.5073918550284616
kumo,kumo/kumo-storageenv-t4-a6-v1-s1,kumo-storageenv-t4-a6-v1-s1,0.8544309390814598,0.8509293800773063,0.20946619740718575,0.4614118431400951,easy,0.9315109534229123,0.9078947368421052,0.2461616701824961,0.6739163716226109
crustbench,crustbench/crustbench-rbtree-lab,crustbench-rbtree-lab,0.8541528507657925,0.8500697139779864,0.26456090298937623,0.5969933920170077,easy,0.7766483406000623,0.7636363636363636,0.311222595793158,0.7006527617465707
swebench-multilingual,swebench-multilingual/swebench-multilingual-tokio-rs__tokio-4867,swebench-multilingual-tokio-rs__tokio-4867,0.8540407331100063,0.8524835102361641,0.37918349707864857,0.5917552589000883,easy,0.8034145749352477,0.6428571428571429,0.4447986295636418,0.2856493982921007
crustbench,crustbench/crustbench-42-kocaeli-printf,crustbench-42-kocaeli-printf,0.8539000752860658,0.8498104429246665,0.2585217491503598,0.5967596225890524,easy,0.8769230769230769,0.8769230769230769,0.3042110758966951,0.63190836275143
replicationbench,replicationbench/replicationbench-gw_nsbh__default_mtov,replicationbench-gw_nsbh__default_mtov,0.8537420457790166,0.8487232803783699,0.1758037101629227,0.6053079223880078,hard,0.0882900933582337,0.0941176470588235,0.2071390219018707,0.6408015250679867
mmau,mmau/mmau-2cf092cc-252b-4de8-9e51-cc17f5cae742,mmau-2cf092cc-252b-4de8-9e51-cc17f5cae742,0.8537400078533579,0.848020809580913,0.16179205877531355,0.45565577883036257,saturated,0.953821172114412,0.94,0.1907878402833891,0.5230162799657531
swebench-multilingual,swebench-multilingual/swebench-multilingual-uutils__coreutils-6682,swebench-multilingual-uutils__coreutils-6682,0.8536638806361377,0.8521029595901437,0.3994862955633729,0.6019814558278314,easy,0.7900442454735003,0.6142857142857142,0.4688239737549126,0.3821109793836857
ineqmath,ineqmath/ineqmath-79,ineqmath-79,0.8535659298849403,0.8336974681928748,0.2702774673115095,0.5867341514173257,easy,0.7855268572287369,0.77,0.3241913015489465,-0.0543589177320342
medagentbench,medagentbench/medagentbench-task4_3,medagentbench-task4_3,0.8533564922823672,0.8476718910203185,0.20059578148668505,0.5871657770069094,easy,0.7992624752798214,0.8,0.2366431913239846,0.5059109011052122
simpleqa,simpleqa/simpleqa-188,simpleqa-188,0.8533148725931206,0.8514598977051262,0.22268565891444747,0.632952349202285,easy,0.8912436673718562,0.86,0.2615339366124404,0.6083034573706803
usaco,usaco/usaco-553,usaco-553,0.8531032856750624,0.8491827816840072,0.3606778284927274,0.6591317944196614,easy,0.7097936350880519,0.6600000000000001,0.424735211631906,0.2498152472380144
simpleqa,simpleqa/simpleqa-2829,simpleqa-2829,0.8527469838255194,0.8508854088755272,0.2861556852993062,0.6395711205833137,easy,0.8179908690306339,0.77,0.3363034344160047,0.6245584452400519
livecodebench,livecodebench/livecodebench-abc320_c,livecodebench-abc320_c,0.8526432510090225,0.8449479150307525,0.14530832019507492,0.4617518226268943,easy,0.9487160053364996,0.9259259444444444,0.171973109359985,0.3826882069980424
replicationbench,replicationbench/replicationbench-astm3__spectra_classification_accuracy_limited_data_10_percent,replicationbench-astm3__spectra_classification_accuracy_limited_data_10_percent,0.8524516025358433,0.8473922630007299,0.14749036427303056,0.6036135480613705,hard,0.0882997196173827,0.0999999999999999,0.1740520544178057,0.5957867714508874
simpleqa,simpleqa/simpleqa-1971,simpleqa-1971,0.8519691858842227,0.8500985785526218,0.28589107155941046,0.6317964622129965,easy,0.8219280708167569,0.77,0.3363034344160047,0.6187011344160035
simpleqa,simpleqa/simpleqa-3029,simpleqa-3029,0.851928358812955,0.8500572775983619,0.2142076873622165,0.6364860524205662,easy,0.8841007614872163,0.85,0.251992063367083,0.7490592649905919
featurebench-modal,featurebench-modal/featurebench-modal-huggingface__transformers.e2e8dbed.test_modeling_speech_to_text.e53c8eb4.lv1,featurebench-modal-huggingface__transformers.e2e8dbed.test_modeling_speech_to_text.e53c8eb4.lv1,0.8517699162595666,0.848981086755786,0.24256344571551572,0.48781619001658455,hard,0.148076923076923,0.148076923076923,0.2857112478705788,0.4720688222338675
simpleqa,simpleqa/simpleqa-2857,simpleqa-2857,0.8514266077701566,0.8495497045821429,0.275416624459008,0.636267651906159,easy,0.868117725122366,0.8300000000000001,0.3241913015489466,0.4924430176193325
usaco,usaco/usaco-1060,usaco-1060,0.851374270722141,0.8474114709663927,0.270854586297331,0.6577733891418815,easy,0.8766481163826972,0.8315789473684211,0.3196258200145048,0.4146536968578891
labbench,labbench/labbench-figqa-0174,labbench-figqa-0174,0.8513376951021704,0.8490728281889303,0.32315233425829626,0.596352372764512,medium,0.4566331606162946,0.4769230769230769,0.3805943654416302,0.4521297787161182
labbench,labbench/labbench-figqa-0138,labbench-figqa-0138,0.8508234874099444,0.8485514322496769,0.3005403231151333,0.6050977537436539,hard,0.1741408114756244,0.2615384615384615,0.3541804440991181,0.6033479173838371
aider-polyglot,aider-polyglot/polyglot_go_two-bucket,polyglot_go_two-bucket,0.8506358185266902,0.8481790732007628,0.3199145650941594,0.5078482049639269,medium,0.6346153846153845,0.6346153846153845,0.3771780926955693,0.6894995735361409
crustbench,crustbench/crustbench-merkle-tree-c,crustbench-merkle-tree-c,0.8505809108414806,0.8464061718078212,0.2732667086268355,0.596638286255042,easy,0.757753680174157,0.740909090909091,0.3228552883105411,0.6479503619525007
simpleqa,simpleqa/simpleqa-3344,simpleqa-3344,0.8499720112735396,0.8480782497051995,0.31401807907526297,0.6321836255524051,easy,0.7913674946953827,0.7299999999999999,0.3702701716314724,0.5943438421072013
medagentbench,medagentbench/medagentbench-task2_21,medagentbench-task2_21,0.8496849453357245,0.8438702344163658,0.25858805796273004,0.5820610201310115,easy,0.8222184193604823,0.79,0.3064310689208913,0.4360297568969173
seal0,seal0/seal0-106,seal0-106,0.8495923171348657,0.8423101664430156,0.2948085582550554,0.3823358460743569,easy,0.7499999999999999,0.7499999999999999,0.35,0.6373406779476554
aider-polyglot,aider-polyglot/polyglot_python_two-bucket,polyglot_python_two-bucket,0.8487061334317468,0.8462203074925579,0.35137294173449385,0.5056719566688918,medium,0.6512820384615385,0.6512820384615385,0.4152263170989713,0.677881963021175
swebench-multilingual,swebench-multilingual/swebench-multilingual-preactjs__preact-3010,swebench-multilingual-preactjs__preact-3010,0.8486611960376025,0.8470513392089346,0.3568839429613028,0.584856231287573,easy,0.8824384001578431,0.7692307692307693,0.4213250442347432,0.4201609035764589
swebench-multilingual,swebench-multilingual/swebench-multilingual-phpoffice__phpspreadsheet-4186,swebench-multilingual-phpoffice__phpspreadsheet-4186,0.8484905298523868,0.846879008738463,0.33875160349538525,0.584739322803481,easy,0.8827397762126098,0.8,0.4000000000000001,0.4192514974266144
crustbench,crustbench/crustbench-vec,crustbench-vec,0.8483583784169998,0.844126844568805,0.24828442478839227,0.5939598977122803,easy,0.8975903034195435,0.8795454545454546,0.2941316537744044,0.6011701844506471
replicationbench,replicationbench/replicationbench-trgb_std_candle__med_color_amp,replicationbench-trgb_std_candle__med_color_amp,0.8482260787108602,0.8430343320202053,0.2708917316339519,0.599384839058755,hard,0.1084796304861624,0.1294117647058823,0.3213294184411215,0.5884371198918401
simpleqa,simpleqa/simpleqa-2967,simpleqa-2967,0.8482076890168393,0.8462935188547863,0.31335724647696445,0.6306399782786134,easy,0.7070250776461785,0.67,0.3702701716314724,0.5989274058601869
usaco,usaco/usaco-1301,usaco-1301,0.84749805606233,0.8434407593994138,0.3547026468239559,0.6547280306024442,easy,0.8043800157401559,0.7342105263157894,0.4205424540741046,0.6608381995733154
arc-agi-2,arc-agi-2/arc-agi-2-bf45cf4b_0,arc-agi-2-bf45cf4b_0,0.8470991769099792,0.8437412537122122,0.3610569353035037,0.7668781267790556,medium,0.3873786847392488,0.4024999999999999,0.4279237665753095,0.7254505951750109
medagentbench,medagentbench/medagentbench-task6_17,medagentbench-task6_17,0.847082921787845,0.84117636182209,0.2828904994303287,0.5869868485307583,easy,0.7985360606057849,0.7699999999999999,0.3363034344160047,0.4509217893135562
simpleqa,simpleqa/simpleqa-2203,simpleqa-2203,0.8468781486653625,0.8449486277525765,0.31735526957873894,0.6308390671087992,medium,0.6541279824858559,0.6075,0.3755912006424005,0.6278102574620699
swebench-multilingual,swebench-multilingual/swebench-multilingual-fluent__fluentd-4655,swebench-multilingual-fluent__fluentd-4655,0.8465086036027323,0.844877780248596,0.396879721079904,0.591854384230963,easy,0.785722329222974,0.6071428571428571,0.4697480870702109,0.3253611678225248
swebench-multilingual,swebench-multilingual/swebench-multilingual-micropython__micropython-13569,swebench-multilingual-micropython__micropython-13569,0.8464604179460581,0.8448291258765848,0.38458030657506226,0.5825071661076004,easy,0.7696551331778334,0.6166666666666667,0.455216676124922,0.4189377713049785
mmmlu,mmmlu/mmmlu-fr-fr-00053,mmmlu-fr-fr-00053,0.8463151053855962,0.8417997786597882,0.19375634267592023,0.42526773719506605,easy,0.9420400231224164,0.9210526315789472,0.2301691537438934,0.0609427656297606
medagentbench,medagentbench/medagentbench-task4_30,medagentbench-task4_30,0.8459572721362586,0.8400110701836984,0.21645571119577595,0.5874409131972418,easy,0.8580336268532075,0.8400000000000001,0.2576819745345025,0.3860955385758756
lawbench,lawbench/lawbench-3-4-10-zero-shot,lawbench-3-4-10-zero-shot,0.8452021142191706,0.843225163838563,0.3337184685730331,0.7038668350648112,medium,0.6953851714302556,0.6093097857142858,0.3957643615067969,0.1587379187756059
aider-polyglot,aider-polyglot/polyglot_javascript_space-age,polyglot_javascript_space-age,0.8449900047534237,0.8424483669372289,0.3341989190249258,0.5034346638749513,easy,0.7057692307692308,0.7057692307692308,0.3966995867532225,0.7232412651278305
simpleqa,simpleqa/simpleqa-1833,simpleqa-1833,0.844593491802332,0.8426376497661023,0.22922222285687574,0.6260943510612615,easy,0.9220138131771702,0.9,0.2720294101747089,0.4870331675834214
simpleqa,simpleqa/simpleqa-3111,simpleqa-3111,0.844593491802332,0.8426376497661026,0.2292222228568758,0.6260943510612615,easy,0.9220138131771702,0.9,0.2720294101747089,0.4870331675834214
aider-polyglot,aider-polyglot/polyglot_rust_xorcism,polyglot_rust_xorcism,0.8442103828146302,0.8416570678470418,0.3298710224146749,0.502965293006328,medium,0.5846153846153845,0.5846153846153845,0.3919304370109845,0.6732809042783225
labbench,labbench/labbench-figqa-0058,labbench-figqa-0058,0.843847828280047,0.841478697454047,0.2812553347219812,0.5931985797762694,medium,0.4478308039305182,0.4461538461538462,0.3342393997292374,0.4607488114099203
swebench-multilingual,swebench-multilingual/swebench-multilingual-apache__lucene-13301,swebench-multilingual-apache__lucene-13301,0.8437139004342895,0.8420559370325313,0.31884665169456033,0.5834017959395519,easy,0.7428911257467367,0.6866667333333333,0.3786525783764437,0.252126928468551
swebench-multilingual,swebench-multilingual/swebench-multilingual-caddyserver__caddy-5626,swebench-multilingual-caddyserver__caddy-5626,0.8435774186534309,0.8419181321790756,0.4053985881033645,0.5827142785638828,medium,0.6974931101563443,0.5476190714285715,0.4815178253188356,0.4270116285759648
swebench-multilingual,swebench-multilingual/swebench-multilingual-burntsushi__ripgrep-2576,swebench-multilingual-burntsushi__ripgrep-2576,0.8435774186534309,0.8419181321790756,0.4053985881033645,0.5827142785638828,medium,0.6974931101563443,0.5476190714285715,0.4815178253188356,0.4270116285759648
spider2,spider2/spider2-qualtrics001,spider2-qualtrics001,0.8434760732188026,0.8178369308923562,0.37986155781106207,0.5679358362819085,medium,0.5754599228416335,0.5399999999999999,0.4644710252893428,0.4831036269112053
seal0,seal0/seal0-78,seal0-78,0.8433530333298018,0.835796249735764,0.2849231962105301,0.3776908730119694,easy,0.7384615384615384,0.7384615384615384,0.340900304710159,0.523943768688154
swebench-multilingual,swebench-multilingual/swebench-multilingual-fmtlib__fmt-3158,swebench-multilingual-fmtlib__fmt-3158,0.8430569348285686,0.8413926047106793,0.4031595128354333,0.595642852712012,easy,0.8049632387805405,0.6428571428571429,0.4791574237499549,0.3706135292140614
swebench-multilingual,swebench-multilingual/swebench-multilingual-google__gson-1093,swebench-multilingual-google__gson-1093,0.8429619212446348,0.8412966707581586,0.36291230434303795,0.5786694570969295,easy,0.8145324633912215,0.7254901764705882,0.4313725668449266,0.4019573252107372
mmmlu,mmmlu/mmmlu-it-it-00083,mmmlu-it-it-00083,0.8429257126311178,0.8383196502820133,0.21413033209165822,0.45077558027313414,easy,0.929465977870757,0.8981481666666666,0.255428024405278,0.0604226587497396
mmmlu,mmmlu/mmmlu-ko-kr-00102,mmmlu-ko-kr-00102,0.8428686265435699,0.8382610392300709,0.23624555885273282,0.45005063519691385,easy,0.9358734003443588,0.8958333125,0.2818281511326359,0.0832497099512491
swebench-multilingual,swebench-multilingual/swebench-multilingual-rubocop__rubocop-13668,swebench-multilingual-rubocop__rubocop-13668,0.842837943306994,0.8411714920412645,0.3943849582012984,0.5840099412547591,medium,0.664774842492846,0.5533333333333333,0.4688520259337931,0.4215546298186286
mmmlu,mmmlu/mmmlu-pt-br-00117,mmmlu-pt-br-00117,0.842833095601898,0.8382245591900473,0.11220433595148789,0.45003510401016455,saturated,0.9679301544709732,0.9537037222222222,0.1338595185756759,0.0831474003979819
mmmlu,mmmlu/mmmlu-de-de-00022,mmmlu-de-de-00022,0.842746026029734,0.8381351640023572,0.1121923695547007,0.4499944045287909,saturated,0.9679158863635402,0.9537037222222222,0.1338595185756759,0.0830665016199426
mmmlu,mmmlu/mmmlu-fr-fr-00059,mmmlu-fr-fr-00059,0.8427459574962689,0.8381350936384722,0.17715752174163152,0.44999434100523633,saturated,0.9518738276716252,0.921875,0.2113710821635731,0.0830665226185114
crustbench,crustbench/crustbench-murmurhash-c,crustbench-murmurhash-c,0.8422380136252123,0.8378508797967965,0.24120367155447578,0.5926405985700405,easy,0.8978024706701628,0.8795454545454546,0.2878837718866808,0.597917420440907
swebench-multilingual,swebench-multilingual/swebench-multilingual-faker-ruby__faker-2970,swebench-multilingual-faker-ruby__faker-2970,0.8420412111298,0.8403670474549594,0.3796391596676415,0.583333494265394,easy,0.7921279046537073,0.6190475714285714,0.4517539815695698,0.2750594568447652
aime,aime/aime_ii-1,aime_ii-1,0.8418921210954493,0.8345374224639418,0.1702387906766182,0.5677815024993651,easy,0.920283508256903,0.8861111111111111,0.2039917996415239,0.4797040264717793
crustbench,crustbench/crustbench-math-library-in-c,crustbench-math-library-in-c,0.8413636282250206,0.8369543604731383,0.2520355981370331,0.5882559075891011,easy,0.8673477789462432,0.85,0.3011342195463979,0.6017224648838608
mmau,mmau/mmau-f228c287-fce7-44d8-bfbe-c2eb0d7ff024,mmau-f228c287-fce7-44d8-bfbe-c2eb0d7ff024,0.8408767283461829,0.8347002427598322,0.20032805826235972,0.46689901827115315,easy,0.9076316628656758,0.8800000000000001,0.24,0.5872534309107532
featurebench-modal,featurebench-modal/featurebench-modal-linkedin__liger-kernel.c856fbab.test_fused_linear_jsd.4bd46945.lv1,featurebench-modal-linkedin__liger-kernel.c856fbab.test_fused_linear_jsd.4bd46945.lv1,0.8407810716735927,0.8378037724109798,0.3543419103687909,0.4815467960996252,medium,0.3288461538461539,0.3288461538461539,0.422941411864365,0.6676052509962789
swebench-multilingual,swebench-multilingual/swebench-multilingual-mrdoob__three.js-26589,swebench-multilingual-mrdoob__three.js-26589,0.8407199687363259,0.8390330317012022,0.3646550772207299,0.5884733071193416,easy,0.7872350179441854,0.6666666666666666,0.4346134936801766,0.3710089115203891
livecodebench,livecodebench/livecodebench-2850,livecodebench-2850,0.8407194186358041,0.8324591231581082,0.21494002135931878,0.46113857464368124,easy,0.8846062265306547,0.8333333333333334,0.2581988897471611,0.5491895926005333
lawbench,lawbench/lawbench-2-6-8-zero-shot,lawbench-2-6-8-zero-shot,0.8406731093790814,0.8386434082670295,0.25253427816282686,0.6885326364724058,medium,0.410164399196209,0.422683,0.3011223550718213,0.239840262984157
aider-polyglot,aider-polyglot/polyglot_rust_poker,polyglot_rust_poker,0.8403151377446555,0.8377036453917952,0.22064453396473332,0.5023217046193011,easy,0.8717948846153847,0.8717948846153847,0.2633921138800077,0.6766789515862451
usaco,usaco/usaco-1180,usaco-1180,0.8402179026718384,0.8359843379894593,0.3455546350212733,0.6490083583856248,easy,0.8222544691340661,0.7578947368421053,0.4133506087594076,0.6623251947068581
swebench-multilingual,swebench-multilingual/swebench-multilingual-apache__lucene-13494,swebench-multilingual-apache__lucene-13494,0.8401877021650489,0.8384956251011761,0.36715513984241266,0.5915702336858593,easy,0.7912943433159139,0.66,0.4378736499646141,0.2202652069148716
aider-polyglot,aider-polyglot/polyglot_go_dominoes,polyglot_go_dominoes,0.8399903389083245,0.8373740079803099,0.24805949249035109,0.5006054117446677,easy,0.8057692307692308,0.8057692307692308,0.296235003864825,0.658214087032578
swebench-multilingual,swebench-multilingual/swebench-multilingual-caddyserver__caddy-6350,swebench-multilingual-caddyserver__caddy-6350,0.839874637483943,0.8381795387401049,0.39310053009421897,0.5808283412749687,easy,0.7654240317743327,0.6190476428571429,0.468993231074456,0.2649337257537351
simpleqa,simpleqa/simpleqa-305,simpleqa-305,0.8397360829153149,0.8377245203215649,0.24438019529572041,0.6244939464291056,easy,0.8682718154368079,0.8300000000000001,0.2917190429162964,0.5943954856805332
aime,aime/aime_64,aime_64,0.8395110458494505,0.8320559147865629,0.23270619650002433,0.5676243528111935,easy,0.8739052300384196,0.8375,0.279676152004421,0.4679715949568205
aime,aime/aime_i-4,aime_i-4,0.8394588722128291,0.8320015439048672,0.15730753859893817,0.5685873417046753,easy,0.9358617625180936,0.9131578947368422,0.1890712099651164,0.3926747782965245
labbench,labbench/labbench-figqa-0148,labbench-figqa-0148,0.8393425407230113,0.836911147262515,0.312215643057109,0.593957887032573,hard,0.2834238584240489,0.3076923076923077,0.3730570970148351,0.492866662227132
replicationbench,replicationbench/replicationbench-mars_clouds__dbscan_test,replicationbench-mars_clouds__dbscan_test,0.8392758235511928,0.8338059049228581,0.2500509500746315,0.5913697951437616,hard,0.1854888478988516,0.2333333529411765,0.2998910760865452,0.6452707841995414
gpqa-diamond,gpqa-diamond/gpqa-diamond-36,gpqa-diamond-36,0.8392543759082243,0.8350795365676238,0.32610898399167815,0.3758451281260264,easy,0.7222395901002737,0.65,0.3905124837953327,0.5094663091319553
labbench,labbench/labbench-figqa-0142,labbench-figqa-0142,0.8390353393360629,0.8365997127992326,0.32560745628163634,0.5835863760216109,hard,0.1950242206896605,0.3076923076923077,0.3892034043284159,0.4328976932221799
featurebench-modal,featurebench-modal/featurebench-modal-pydata__xarray.97f3a746.test_treenode.aa8ba777.lv1,featurebench-modal-pydata__xarray.97f3a746.test_treenode.aa8ba777.lv1,0.8389286786113513,0.8359198568044726,0.27824396407102936,0.4859684316319565,hard,0.1743589615384615,0.1743589615384615,0.3328596178283064,0.5902883155919695
aider-polyglot,aider-polyglot/polyglot_go_dnd-character,polyglot_go_dnd-character,0.838685057611825,0.8360493010509358,0.20762253423652804,0.500005402263466,easy,0.8423076923076924,0.8423076923076924,0.2483376685747373,0.4986876238220684
usaco,usaco/usaco-788,usaco-788,0.8381672762545609,0.8338843470622345,0.2550078081066151,0.647397278190351,easy,0.8533323674109876,0.8070175263157895,0.3058071649923696,0.477834969859817
aider-polyglot,aider-polyglot/polyglot_rust_decimal,polyglot_rust_decimal,0.8381317864784619,0.8354878052935453,0.2860079398440321,0.500082722525286,easy,0.7794871923076924,0.7794871923076924,0.3423244935855699,0.596275939395063
qcircuitbench,qcircuitbench/qcircuitbench-clifford_2-n5,qcircuitbench-clifford_2-n5,0.8372816617822659,0.567875882684346,0.18103106904636196,0.4099749306985412,medium,0.3117912918805174,0.3004988,0.3187863308979229,0.6843343785718125
usaco,usaco/usaco-412,usaco-412,0.8369446011315691,0.832632298320295,0.35118926124565897,0.646436680170492,easy,0.7687211436124812,0.71,0.4217819341792628,0.3602194325960955
mmau,mmau/mmau-9d5ef0e3-b801-4f7c-a012-b7b5793ca1c6,mmau-9d5ef0e3-b801-4f7c-a012-b7b5793ca1c6,0.8368692232126147,0.8305517733325328,0.13646483492220052,0.44297241259241066,saturated,0.9515684823614078,0.9375,0.1643062350883252,0.545248980228066
usaco,usaco/usaco-862,usaco-862,0.8368256006695899,0.832510441366008,0.3257767642359128,0.6463431871354336,easy,0.7743750034465458,0.6947368421052631,0.3913185325356022,0.3720037398090625
aider-polyglot,aider-polyglot/polyglot_javascript_zebra-puzzle,polyglot_javascript_zebra-puzzle,0.836578350475423,0.8339113064970658,0.2680585842066028,0.5014616304268119,easy,0.8115384615384615,0.8115384615384615,0.3214473555138756,0.6446942624328943
simpleqa,simpleqa/simpleqa-2553,simpleqa-2553,0.8364424268223343,0.8343932681846715,0.32998117598604426,0.6204415163935988,easy,0.7988975114608802,0.74,0.3954743986657038,0.5021474235278068
lawbench,lawbench/lawbench-2-6-19-zero-shot,lawbench-2-6-19-zero-shot,0.836003490362857,0.8339197032136986,0.21678084091045022,0.6902301200598895,medium,0.362634486111796,0.3511739333333333,0.2599540939913473,0.18260919705014
replicationbench,replicationbench/replicationbench-abacus__ewald_force_accuracy,replicationbench-abacus__ewald_force_accuracy,0.8357656340314539,0.8301874666268799,0.2077876974446265,0.5921085184630583,hard,0.1456475246786739,0.1725489999999999,0.2502900920546115,0.5433361019047158
simpleqa,simpleqa/simpleqa-4296,simpleqa-4296,0.8352363494285722,0.8331734614575015,0.21258172287075278,0.6196567475619246,easy,0.8989230568437464,0.8700000000000001,0.2551470164434614,0.5330335382309522
featurebench-modal,featurebench-modal/featurebench-modal-huggingface__transformers.e2e8dbed.test_processing_wav2vec2.4f660c78.lv1,featurebench-modal-huggingface__transformers.e2e8dbed.test_processing_wav2vec2.4f660c78.lv1,0.8351202074265754,0.832046800694178,0.3212002415135335,0.4791402083342863,hard,0.2634682450626364,0.2739999999999999,0.3860362677262332,0.6528384639055986
swebench-multilingual,swebench-multilingual/swebench-multilingual-rubocop__rubocop-13503,swebench-multilingual-rubocop__rubocop-13503,0.8345155542011774,0.832768907359112,0.38447592460964186,0.594833631160321,easy,0.7028001823727118,0.5714285714285714,0.4616838131347832,0.4493587293071581
usaco,usaco/usaco-1328,usaco-1328,0.8343390663101524,0.8299643167674986,0.34757129069367443,0.6456302578157519,medium,0.6151514592772689,0.5789473684210527,0.4187785952622359,0.3782971640907938
aider-polyglot,aider-polyglot/polyglot_rust_robot-name,polyglot_rust_robot-name,0.8342337276881377,0.8315319577358292,0.25808501717058163,0.49833835996812764,easy,0.8461538461538461,0.8461538461538461,0.3103729384897232,0.7232180059462828
swebench-multilingual,swebench-multilingual/swebench-multilingual-jqlang__jq-2681,swebench-multilingual-jqlang__jq-2681,0.8339927342315757,0.8322410764227116,0.38639256175457304,0.579335429844232,easy,0.7861249419019862,0.6333333333333333,0.4642796092394707,0.3095445717630916
replicationbench,replicationbench/replicationbench-galaxy_soptics__bcg_identification,replicationbench-galaxy_soptics__bcg_identification,0.8339209092744798,0.828286044680426,0.35883208062665833,0.5922929337822754,medium,0.3786883471543186,0.4235294117647059,0.4332224150475757,0.6301738807836698
medagentbench,medagentbench/medagentbench-task2_26,medagentbench-task2_26,0.8336455746459547,0.8272694335618137,0.19295073084699424,0.5839712013042088,easy,0.8579712540998692,0.8400000000000001,0.233238075793812,0.3185666840272573
lawbench,lawbench/lawbench-1-1-1-zero-shot,lawbench-1-1-1-zero-shot,0.8334750410034437,0.8313620961386127,0.28085983279808746,0.6819632293100736,medium,0.4540853445890984,0.4636876,0.3378309332390586,0.3687518641548493
simpleqa,simpleqa/simpleqa-2304,simpleqa-2304,0.8333367434359714,0.831252272312108,0.27254428369364964,0.6222340645840614,easy,0.8070782641648301,0.75,0.3278719262151,0.6364475482406413
mmau,mmau/mmau-d7568dd6-35d5-4121-b230-c89ab36443e6,mmau-d7568dd6-35d5-4121-b230-c89ab36443e6,0.8328876398731232,0.8264308436027668,0.2056136022739473,0.45839821341095366,easy,0.911779974683371,0.91,0.2487971060924945,0.2303858169750245
simpleqa,simpleqa/simpleqa-129,simpleqa-129,0.8328698799869869,0.8307801120682552,0.21278353086245688,0.6191913375086138,easy,0.9065571342694738,0.8800000000000001,0.2561249694973139,0.5761746628453492
spider2,spider2/spider2-quickbooks002,spider2-quickbooks002,0.8328617335201064,0.8056808988994705,0.3579599153311618,0.5223548275125972,medium,0.661430385209896,0.5785714285714286,0.4442949011452567,0.3945333183857768
simpleqa,simpleqa/simpleqa-2318,simpleqa-2318,0.8328203838321133,0.8307300545325499,0.24643435894436774,0.6224265993485156,easy,0.8223430651159146,0.8,0.2966479394838265,0.5576827132326105
humanevalfix,humanevalfix/humanevalfix-python-13,humanevalfix-python-13,0.8326619119939679,0.8166121921898327,0.10457738640787773,0.5106435891881476,saturated,0.9534085358350542,0.94,0.1280624847486569,0.6816537867986255
aime,aime/aime_ii-3,aime_ii-3,0.8326374958577676,0.82489415046043,0.1860639613597524,0.5597987647595123,easy,0.8941797698725987,0.8633333499999999,0.2255610144112397,0.5219109162334661
simpleqa,simpleqa/simpleqa-962,simpleqa-962,0.8322269691156401,0.8301299120080081,0.20653391978840951,0.6182455092442268,easy,0.9147463768051176,0.8899999999999999,0.2487971060924945,0.6252027129307642
simpleqa,simpleqa/simpleqa-4150,simpleqa-4150,0.8320229320175817,0.82992356277901,0.1825831838113821,0.61949578287927,easy,0.8916431829448437,0.86,0.2199999999999999,0.4455157853096524
usaco,usaco/usaco-381,usaco-381,0.8312379301801741,0.8267891198015553,0.3099839045394392,0.6419532186909781,easy,0.7122977596593361,0.6824999999999999,0.3749249924984996,0.4761644584714435
lawbench,lawbench/lawbench-2-4-11-zero-shot,lawbench-2-4-11-zero-shot,0.8312219260312145,0.8290830744142729,0.05078112249028875,0.6995466034079038,hard,0.1232277924067645,0.1135714285714285,0.0612497396912419,-0.0049364069390124
swebench-multilingual,swebench-multilingual/swebench-multilingual-micropython__micropython-10095,swebench-multilingual-micropython__micropython-10095,0.8309398910181495,0.8291590369467811,0.38496163367102737,0.5715339329368636,easy,0.7810705425589505,0.6333333333333333,0.4642796092394707,0.4334551046825446
featurebench-modal,featurebench-modal/featurebench-modal-huggingface__transformers.e2e8dbed.test_processing_grounding_dino.3d24a7e6.lv1,featurebench-modal-huggingface__transformers.e2e8dbed.test_processing_grounding_dino.3d24a7e6.lv1,0.830886140322697,0.8277412860001038,0.13787297770200796,0.47977888876151875,hard,0.0807712174604076,0.084,0.1665653025092561,0.3634953726800252
crustbench,crustbench/crustbench-gfc,crustbench-gfc,0.8308641961668957,0.8261910198557741,0.23377872041405773,0.5840761872211013,easy,0.9054950670497912,0.8934782608695653,0.2829596483085326,0.5826173023637607
reasoning-gym,reasoning-gym/reasoning-gym-games-mahjong-puzzle-hard0292e21f-seed45-0,reasoning-gym-games-mahjong-puzzle-hard0292e21f-seed45-0,0.8308535716852565,0.825036175823676,0.30992119274971164,0.3678538033750641,medium,0.576825355282059,0.57015265,0.3756455799532686,0.3386565839909057
aider-polyglot,aider-polyglot/polyglot_javascript_scale-generator,polyglot_javascript_scale-generator,0.830756844665569,0.8280037627970966,0.28180375552105164,0.4948655993306281,easy,0.7557692307692309,0.7557692307692309,0.3403411532443821,0.5226519018936855
spider2,spider2/spider2-f1002,spider2-f1002,0.8306776130621375,0.8031825737241,0.35680091998750013,0.46329120279632846,medium,0.3444586882012522,0.4125,0.4442338910979215,0.4361580445378343
bfcl,bfcl/bfcl-live-simple-8-3-4,bfcl-live-simple-8-3-4,0.8306324083507032,0.8224841970020327,0.052554360443769925,0.3428536759199355,saturated,0.9769230769230768,0.9769230769230768,0.0638971066378313,0.4209604868594728
simpleqa,simpleqa/simpleqa-1022,simpleqa-1022,0.8305005604658493,0.8283839580777483,0.14348031035656666,0.6188638766434454,easy,0.9226382174059092,0.9,0.1732050807568877,0.7482692363107607
simpleqa,simpleqa/simpleqa-1257,simpleqa-1257,0.830106717231428,0.8279856617987625,0.20864581535503,0.6161967520969821,easy,0.884352695679556,0.85,0.2519920633670831,0.5890126050709574
labbench,labbench/labbench-figqa-0041,labbench-figqa-0041,0.8297453699763562,0.8271824811507111,0.3209345912566757,0.5729661844121225,medium,0.3216009429985406,0.3846153846153846,0.387985237320569,0.4068017646239427
featurebench-modal,featurebench-modal/featurebench-modal-mlflow__mlflow.93dab383.test_validation.2e1c5076.lv1,featurebench-modal-mlflow__mlflow.93dab383.test_validation.2e1c5076.lv1,0.8297035049094731,0.8265387609690517,0.2756098982842694,0.4774873998851091,hard,0.2201044932258815,0.22866668,0.333450663537108,0.4806802942487128
seal0,seal0/seal0-32,seal0-32,0.8294179118740523,0.8212555915684104,0.33129136131705467,0.37353766158820717,medium,0.5525641153846154,0.5525641153846154,0.4033961713239162,0.4684000207101972
swtbench,swtbench/swtbench-matplotlib__matplotlib-24177,swtbench-matplotlib__matplotlib-24177,0.8293679112238834,0.8112442349659638,0.3114909079073913,0.44701356749243853,medium,0.4962237802789229,0.5416666666666666,0.3839668677836091,0.1814868027650449
labbench,labbench/labbench-figqa-0060,labbench-figqa-0060,0.8292502350934725,0.8266806041481344,0.29718077634038187,0.606832639801201,medium,0.4256121867832322,0.4,0.3594868137091668,0.5484979010596904
simpleqa,simpleqa/simpleqa-4039,simpleqa-4039,0.8291531938014215,0.8270213661335186,0.23943482626142965,0.6129806016486564,easy,0.8541068118002167,0.8175000000000001,0.2895146801113891,0.6051252556563793
swebenchpro,swebenchpro/swebenchpro-instance_qutebrowser__qutebrowser-6b320dc18662580e1313d2548fdd6231d2a97e6d-v363c8a7e5ccdf6968fc7ab84a2053ac78036691d,swebenchpro-instance_qutebrowser__qutebrowser-6b320dc18662580e1313d2548fdd6231d2a97e6d-v363c8a7e5ccdf6968fc7ab84a2053ac78036691d,0.8290823351317179,0.6864390604599311,0.2527736694221242,0.43795130104540464,medium,0.619213452819343,0.5800000000000001,0.3682390527904394,0.6957013881281631
labbench,labbench/labbench-figqa-0057,labbench-figqa-0057,0.828782236782221,0.8262062370127651,0.27202439400884376,0.5779313327085287,hard,0.2729415430154023,0.3076923076923077,0.3292451470620415,0.5302548702758975
medagentbench,medagentbench/medagentbench-task6_20,medagentbench-task6_20,0.8286984607696928,0.8221514389721817,0.26205875608757917,0.5801967270584736,easy,0.7440741954543492,0.72,0.3187475490101845,0.4862567748260358
medagentbench,medagentbench/medagentbench-task4_11,medagentbench-task4_11,0.8283373851987332,0.8217779334538744,0.21601976983392018,0.5745866108710248,easy,0.8530921215575247,0.8300000000000001,0.2628687885618982,0.4523891069303249
spider2,spider2/spider2-shopify002,spider2-shopify002,0.8283045205584505,0.800469261185048,0.3579630598288764,0.6216415488461139,medium,0.6966497059174327,0.6177777999999999,0.4471915127620678,0.4208726108084524
mmmlu,mmmlu/mmmlu-ja-jp-00096,mmmlu-ja-jp-00096,0.8282271228734094,0.8232319718296354,0.15264085864143206,0.4449449173799649,saturated,0.9551035886231692,0.9351851666666666,0.185416582281404,0.0873355720123339
aider-polyglot,aider-polyglot/polyglot_go_transpose,polyglot_go_transpose,0.828162051309488,0.825370818511541,0.35554435258958694,0.4949478398028307,medium,0.5538461538461539,0.5538461538461539,0.4307692307692308,0.6745327237018048
mmmlu,mmmlu/mmmlu-ar-xy-00002,mmmlu-ar-xy-00002,0.828143765864686,0.8231464286446968,0.1490311961438941,0.4449070730692267,saturated,0.9550847349030336,0.9385964736842104,0.1810506502339719,0.0872585539004358
featurebench-modal,featurebench-modal/featurebench-modal-astropy__astropy.b0db0daa.test_containers.6079987d.lv1,featurebench-modal-astropy__astropy.b0db0daa.test_containers.6079987d.lv1,0.8280544759435796,0.8248620471814706,0.272543704463818,0.4760311652767321,hard,0.1923076923076923,0.1923076923076923,0.3304112553063774,0.4824634142660431
labbench,labbench/labbench-figqa-0125,labbench-figqa-0125,0.8277398372185284,0.8251496650181686,0.3025474792913743,0.6008915616662976,medium,0.4376652148877077,0.4307692307692307,0.3666577011634764,0.508365536120887
aider-polyglot,aider-polyglot/polyglot_javascript_list-ops,polyglot_javascript_list-ops,0.8273389412765346,0.824535631941138,0.26342720600417274,0.49640408048867063,easy,0.8346153846153845,0.8346153846153845,0.3194855331891567,0.7280153606459242
usaco,usaco/usaco-1229,usaco-1229,0.8264547422916345,0.8218922629264043,0.31148283649174396,0.6394078012889975,medium,0.5204506176092875,0.49666665,0.3789825632166043,0.4431614004775052
medagentbench,medagentbench/medagentbench-task4_15,medagentbench-task4_15,0.8264067625885472,0.8197809468440785,0.20674088838791735,0.5671074524398888,easy,0.7838548639889514,0.78,0.2521904042583698,0.3580312860544146
aider-polyglot,aider-polyglot/polyglot_python_transpose,polyglot_python_transpose,0.8263382717236334,0.823520297298727,0.3632426704503788,0.4922054004359669,medium,0.5076923076923077,0.5076923076923077,0.4410852672871215,0.5573830492700091
spider2,spider2/spider2-shopify_holistic_reporting001,spider2-shopify_holistic_reporting001,0.8263207044293125,0.7982019680956272,0.2983304528760839,0.4696526410428924,hard,0.2911741739214834,0.3277778,0.3737530910727383,0.5760008897869454
crustbench,crustbench/crustbench-inversion-list,crustbench-inversion-list,0.8259828295339233,0.8211881333656317,0.32204777194665285,0.5775662141220869,medium,0.6764035195073226,0.6521739130434784,0.3921729490010324,0.7240423153773775
labbench,labbench/labbench-figqa-0019,labbench-figqa-0019,0.8259109224028638,0.8232959284193512,0.2632597620345057,0.5855777060780682,hard,0.2780340099582449,0.2923076923076922,0.3197632260127158,0.7051731160822089
swebench-multilingual,swebench-multilingual/swebench-multilingual-hashicorp__terraform-35611,swebench-multilingual-hashicorp__terraform-35611,0.8255870566040512,0.8237552725750236,0.38723695611280295,0.5848878853022145,easy,0.7943729299781732,0.625,0.4700873778960065,0.3234259121790716
medagentbench,medagentbench/medagentbench-task1_28,medagentbench-task1_28,0.8254888252982743,0.8188315134819867,0.29238133242835135,0.5767466760689889,medium,0.6441638115801456,0.6500000000000001,0.3570714214271425,0.5239139412885407
aider-polyglot,aider-polyglot/polyglot_javascript_word-search,polyglot_javascript_word-search,0.8254086668530507,0.8225770851052286,0.22849255312221897,0.4962415423816608,easy,0.8769230769230769,0.8769230769230769,0.2777764628502737,0.6436285444847907
mmmlu,mmmlu/mmmlu-it-it-00084,mmmlu-it-it-00084,0.8250828816463098,0.8200054267621228,0.18783161045110663,0.42287968765302275,saturated,0.9615102831945972,0.9444444444444444,0.2290614236454256,0.0263377046268373
mmmlu,mmmlu/mmmlu-pt-br-00112,mmmlu-pt-br-00112,0.8250807521080719,0.8200032415917368,0.1929419391980557,0.42287988865744386,saturated,0.9615129512549104,0.9411764705882352,0.2352941176470588,0.026321575649572
mmmlu,mmmlu/mmmlu-es-la-00044,mmmlu-es-la-00044,0.8250798188854176,0.8200022839895815,0.07324158007547243,0.4228795223114444,saturated,0.9846053088826556,0.9789473684210528,0.0893187513077744,0.0263201191359673
mmmlu,mmmlu/mmmlu-ja-jp-00097,mmmlu-ja-jp-00097,0.8250798141421484,0.8200022791223991,0.0469577223620676,0.4228795185323891,saturated,0.9903783165041562,0.9861111111111112,0.0572653559113564,0.0263201248721165
mmmlu,mmmlu/mmmlu-pt-br-00119,mmmlu-pt-br-00119,0.8250797799898385,0.8200022440778951,0.1831039412765261,0.4228795264539758,saturated,0.961513269301438,0.9473684210526316,0.223296878269436,0.0263201249564343
mmmlu,mmmlu/mmmlu-zh-cn-00123,mmmlu-zh-cn-00123,0.8250797591065273,0.8200022226490288,0.09155196824576357,0.42287951489068526,saturated,0.9807566405657036,0.9736842105263158,0.111648439134718,0.0263201274689862
mmmlu,mmmlu/mmmlu-ar-xy-00009,mmmlu-ar-xy-00009,0.8250797591065273,0.8200022226490288,0.061034584462530204,0.42287951489068526,saturated,0.9871711065393752,0.9824561578947368,0.0744322183241859,0.0263201274689862
mmmlu,mmmlu/mmmlu-de-de-00027,mmmlu-de-de-00027,0.8250793270465965,0.8200017793019779,0.18783077495869313,0.42287935702655594,saturated,0.9615131244305102,0.9444444444444444,0.2290614236454256,0.0263197713380514
mmmlu,mmmlu/mmmlu-fr-fr-00057,mmmlu-fr-fr-00057,0.8250333048759413,0.8199545548849668,0.06260658994884799,0.4228599895049721,saturated,0.9871655589329388,0.9814815,0.0763537315280006,0.0262096396429363
mmmlu,mmmlu/mmmlu-sw-ke-00137,mmmlu-sw-ke-00137,0.8250311391787655,0.8199523326145759,0.06430992256174452,0.42286017141589055,saturated,0.987166385823543,0.9803921764705884,0.078431294117647,0.0261937084868331
mmmlu,mmmlu/mmmlu-bn-bd-00019,mmmlu-bn-bd-00019,0.8250302381647012,0.819951408063905,0.06260634967731746,0.42285981859488414,saturated,0.9871664862836024,0.9814815,0.0763537315280006,0.0261923282731151
mmmlu,mmmlu/mmmlu-ja-jp-00092,mmmlu-ja-jp-00092,0.8250302275361875,0.8199513971577496,0.1488589737136625,0.42285981170191855,saturated,0.9711245598504316,0.953125,0.1815460943534726,0.0261923330096294
mmmlu,mmmlu/mmmlu-id-id-00079,mmmlu-id-id-00079,0.8250009721914557,0.8199213776091852,0.09390617901623927,0.4228488488552119,saturated,0.9807473348191528,0.9722222222222222,0.1145307118227128,0.0261631022617379
crustbench,crustbench/crustbench-mvptree,crustbench-mvptree,0.8250009450548281,0.8201818953513849,0.27921575084059347,0.5785261366242774,medium,0.6646058201543581,0.6446969545454545,0.3404314974801669,0.7416209940403978
mmmlu,mmmlu/mmmlu-es-la-00049,mmmlu-es-la-00049,0.8249643824691916,0.8198838321353775,0.09153875012970605,0.42283755641046994,saturated,0.9807363203059932,0.9736842105263158,0.111648439134718,0.0259994450970161
mmmlu,mmmlu/mmmlu-bn-bd-00014,mmmlu-bn-bd-00014,0.8249636266673942,0.8198830565919254,0.09645683018728533,0.42283727683510397,saturated,0.9807361794813856,0.9705882352941176,0.1176470588235294,0.0259988168510874
mmmlu,mmmlu/mmmlu-ko-kr-00107,mmmlu-ko-kr-00107,0.8249099080212917,0.8198279348552175,0.04576625464281216,0.4228069913000428,saturated,0.9903673102706512,0.986842105263158,0.055824219567359,0.0260879257519904
mmmlu,mmmlu/mmmlu-ar-xy-00007,mmmlu-ar-xy-00007,0.8249099080212915,0.8198279348552172,0.14645201485699885,0.4228069913000427,saturated,0.9691753928660832,0.9578947368421052,0.1786375026155488,0.0260879257519904
mmmlu,mmmlu/mmmlu-id-id-00072,mmmlu-id-id-00072,0.824909906798976,0.819827933600977,0.1022505081213904,0.4228069947372395,saturated,0.9807346141494104,0.9666666666666668,0.1247219128924647,0.0260878660240685
mmmlu,mmmlu/mmmlu-id-id-00074,mmmlu-id-id-00074,0.8247431142660139,0.8196567851805724,0.09920365870657079,0.4227388076871863,saturated,0.9807119304408162,0.96875,0.1210307295689817,0.025736315251354
labbench,labbench/labbench-figqa-0010,labbench-figqa-0010,0.8244340889159936,0.8217990925302477,0.329690745884095,0.5821128069805177,medium,0.3113003435840097,0.3538461538461538,0.4011816864740091,0.4505653535407222
swebench-multilingual,swebench-multilingual/swebench-multilingual-php-cs-fixer__php-cs-fixer-8331,swebench-multilingual-php-cs-fixer__php-cs-fixer-8331,0.8242987968930342,0.8224548055394462,0.2951988749880215,0.5661190143460421,easy,0.901973793358112,0.8214285714285714,0.3589241293257461,0.310295103581193
swebench-multilingual,swebench-multilingual/swebench-multilingual-rubocop__rubocop-13653,swebench-multilingual-rubocop__rubocop-13653,0.8241754654560175,0.8223303064510206,0.37271807284717146,0.5846188053076482,easy,0.7778665215731716,0.6222222666666667,0.4532461833441757,0.3005848066994667
simpleqa,simpleqa/simpleqa-549,simpleqa-549,0.8239688488993498,0.8217786729052767,0.264505522434347,0.6113822731483751,easy,0.8301169463697509,0.78,0.3218695387886216,0.5511336451342479
reasoning-gym,reasoning-gym/reasoning-gym-code-bf-hard0292e21f-seed45-1,reasoning-gym-code-bf-hard0292e21f-seed45-1,0.8239646038924945,0.8179342352980797,0.33770445675873667,0.3701817433520021,medium,0.65715174100028,0.6050077500000001,0.4128748280546871,0.707820340600671
arc-agi-2,arc-agi-2/arc-agi-2-1818057f_0,arc-agi-2-1818057f_0,0.8238739454772945,0.8200561847602303,0.33159081093681275,0.745557535119048,medium,0.4432329251418795,0.45,0.4043513323831146,0.6853119183067045
labbench,labbench/labbench-figqa-0016,labbench-figqa-0016,0.8236210345600858,0.8209750417004575,0.3550014634806416,0.5949251863747084,medium,0.4494461811499721,0.4615384615384616,0.432414440694006,0.3000340139342402
gaia,gaia/gaia-3627a8be-a77f-41bb-b807-7e1bd4c0ebdf,gaia-3627a8be-a77f-41bb-b807-7e1bd4c0ebdf,0.8234202082753316,0.8195288258633185,0.32410266959750617,0.44595093855283285,medium,0.550086740444592,0.54,0.3954743986657038,0.5721164456845373
simpleqa,simpleqa/simpleqa-3366,simpleqa-3366,0.8232858040507104,0.8210879683813453,0.22320910574961478,0.6110379244532976,easy,0.9143214656836424,0.89,0.2718455443813637,0.4911869151283777
replicationbench,replicationbench/replicationbench-hubble_trails__satellite_chance_post2020_acis,replicationbench-hubble_trails__satellite_chance_post2020_acis,0.823264749460613,0.8173049481169574,0.2588765016032646,0.5835582315523813,medium,0.3701202071256529,0.35,0.3167440772256514,0.6716062525352999
ineqmath,ineqmath/ineqmath-92,ineqmath-92,0.823142736742411,0.7996203385103631,0.25361960528988764,0.568680702830674,easy,0.717024071904216,0.72,0.3171750305430741,-0.2513995932920741
replicationbench,replicationbench/replicationbench-disk_ridges__gaia_dr2_all,replicationbench-disk_ridges__gaia_dr2_all,0.8228976683712376,0.8169267519534493,0.2170684096034086,0.5817794596011234,hard,0.1530480016347848,0.1823529411764706,0.2657134303465407,0.5030425854466004
kumo,kumo/kumo-algorithmenv-t4-a6-v1-s0,kumo-algorithmenv-t4-a6-v1-s0,0.8226988734215007,0.8185095960990424,0.11635601174989024,0.45055860248081614,saturated,0.9547737109634462,0.9416667,0.1421559530938117,0.7030541862290893
labbench,labbench/labbench-figqa-0068,labbench-figqa-0068,0.8224607147724177,0.8197990479296569,0.29035679086776006,0.5698071102143156,medium,0.4452657957297182,0.4615384615384614,0.3541804440991181,0.3280858280142123
crustbench,crustbench/crustbench-lib2bit,crustbench-lib2bit,0.8223385463899655,0.8174536134666234,0.3105647408615479,0.5760834745454828,medium,0.569146248110931,0.5583333181818181,0.3799172647173432,0.7487181685918843
labbench,labbench/labbench-figqa-0154,labbench-figqa-0154,0.8222558118780069,0.819591379487141,0.28046316413122824,0.5724894360211542,medium,0.341720206216355,0.33,0.3421987726453735,0.4810645542654165
featurebench-modal,featurebench-modal/featurebench-modal-huggingface__transformers.e2e8dbed.test_serve.4e7860c7.lv1,featurebench-modal-huggingface__transformers.e2e8dbed.test_serve.4e7860c7.lv1,0.8218656078638191,0.8185697819734004,0.22761905209847294,0.4746042495437368,hard,0.1307692307692307,0.1307692307692307,0.2780692093833846,0.3891731337019811
lawbench,lawbench/lawbench-2-6-16-zero-shot,lawbench-2-6-16-zero-shot,0.8216223192589961,0.8193738904280464,0.2863197123646867,0.6656511757210426,medium,0.4162099554705273,0.3971907999999999,0.3494371930927788,0.4137875842275675
simpleqa,simpleqa/simpleqa-3432,simpleqa-3432,0.8213304499104568,0.819110722653579,0.2191790914279245,0.6088360365371702,easy,0.7918978464232157,0.78,0.267581763205193,0.5611529244055812
simpleqa,simpleqa/simpleqa-3212,simpleqa-3212,0.8210090668431347,0.8187857465480938,0.2584044230185153,0.6116305102264769,easy,0.8609680590800348,0.8200000000000001,0.31559467676119,0.5717042546701004
aime,aime/aime_84,aime_84,0.820462953861654,0.812215340787832,0.14983218614839564,0.5511306715925401,easy,0.9228705298931354,0.8956140526315789,0.1844734747352365,0.4746353892602286
bfcl,bfcl/bfcl-live-multiple-712-164-28,bfcl-live-multiple-712-164-28,0.8203265050556255,0.8117346589920826,0.13565685258046545,0.336982040709689,easy,0.9230769230769232,0.9230769230769232,0.1671196998646187,0.4445093057249789
aider-polyglot,aider-polyglot/polyglot_python_connect,polyglot_python_connect,0.8202424887243774,0.8173355716921309,0.3176123515135862,0.49010869575589905,medium,0.4769230769230769,0.4769230769230769,0.3885947981635412,0.6743678336232857
swebench-multilingual,swebench-multilingual/swebench-multilingual-sharkdp__bat-2201,swebench-multilingual-sharkdp__bat-2201,0.8200102627052203,0.8181257734904023,0.37418292639320655,0.5669184639950766,medium,0.6564703537001765,0.5714285714285714,0.4573660169594892,0.2534119654197839
aider-polyglot,aider-polyglot/polyglot_rust_wordy,polyglot_rust_wordy,0.8200079759452639,0.8170976506521542,0.2601412908778652,0.49126286057614077,easy,0.8692307692307693,0.8692307692307693,0.3183723397934596,0.6865887216773082
kumo,kumo/kumo-enzymeenv-t4-a6-v1-s1,kumo-enzymeenv-t4-a6-v1-s1,0.8195775149424828,0.8153220456448995,0.11013343656615679,0.4465405860346538,saturated,0.9582729387570657,0.94583335,0.1350796745340597,0.6501013562788853
aime,aime/aime_i-7,aime_i-7,0.819351774244794,0.8110585320765381,0.19928867059779257,0.5503613026425375,easy,0.8680817628566839,0.8210526315789475,0.2457142890631549,0.5992438520091333
kumo,kumo/kumo-caridentificationenv-t4-a6-v1-s1,kumo-caridentificationenv-t4-a6-v1-s1,0.8188879939787158,0.8146179377482077,0.09713699812443054,0.4477297401887223,saturated,0.9711535344465309,0.9625,0.1192424001771182,0.6371089425954432
kumo,kumo/kumo-audiodialectenv-t4-a6-v1-s0,kumo-audiodialectenv-t4-a6-v1-s0,0.8188879939787158,0.8146179377482077,0.07770959849954438,0.4477297401887223,saturated,0.9769228275572246,0.97,0.0953939201416945,0.6371089425954432
kumo,kumo/kumo-chemicalcompoundsenv-t4-a6-v1-s0,kumo-chemicalcompoundsenv-t4-a6-v1-s0,0.8188879939787158,0.8146179377482077,0.19427399624886107,0.4477297401887223,easy,0.9423070688930616,0.925,0.2384848003542364,0.6371089425954432
kumo,kumo/kumo-martialartsenv-t4-a6-v1-s0,kumo-martialartsenv-t4-a6-v1-s0,0.8188878854002146,0.8146178268737111,0.19880144594885693,0.4477296921010997,easy,0.9423068902959716,0.9210526315789472,0.244042591986729,0.6371089394041914
mmmlu,mmmlu/mmmlu-es-la-00042,mmmlu-es-la-00042,0.8188153460366815,0.8135748068172147,0.1187787981082552,0.4414635140454552,saturated,0.9653727628111088,0.9470588235294118,0.1459961605410689,0.0896636043746765
mmau,mmau/mmau-421fcbf8-7f60-4770-8923-512323e5efba,mmau-421fcbf8-7f60-4770-8923-512323e5efba,0.8186167412146216,0.8116662738609935,0.2019402200494933,0.4695259798513334,easy,0.9307562943331056,0.91,0.2487971060924945,0.6938696152814056
aime,aime/aime_i-11,aime_i-11,0.8185765476736168,0.810251511056362,0.2605873949441004,0.5498245440087124,easy,0.7182202699407026,0.682456157894737,0.3216129700324294,0.6175618287944353
swebench-multilingual,swebench-multilingual/swebench-multilingual-gohugoio__hugo-12579,swebench-multilingual-gohugoio__hugo-12579,0.8179547684129228,0.8160509446532065,0.32642037786128264,0.5598057661307767,easy,0.8823634273520853,0.8,0.4000000000000001,0.1513108945023492
swebench-multilingual,swebench-multilingual/swebench-multilingual-tokio-rs__axum-682,swebench-multilingual-tokio-rs__axum-682,0.8177919601804616,0.8158866071086611,0.3263546428434645,0.5596935570354297,easy,0.8826695107156278,0.8,0.4000000000000001,0.150476001541212
medagentbench,medagentbench/medagentbench-task4_18,medagentbench-task4_18,0.8174447765104235,0.810513043018149,0.16590788215939717,0.56133262388958,easy,0.905495762971819,0.89,0.2046948949045872,0.3290817803086269
aider-polyglot,aider-polyglot/polyglot_javascript_tournament,polyglot_javascript_tournament,0.8174434329848632,0.8144959014053006,0.230906100895353,0.489372974034702,easy,0.8038461538461539,0.8038461538461539,0.2834957186364674,0.5550685824211746
crustbench,crustbench/crustbench-megalania,crustbench-megalania,0.8171508654708011,0.8121381964243228,0.2709510390324823,0.5721962649790859,easy,0.7980633549592849,0.775,0.3336267647863675,0.6997883120799319
simpleqa,simpleqa/simpleqa-2404,simpleqa-2404,0.8167224403197383,0.8144513328618477,0.2748697835213797,0.6115239960473817,easy,0.8373311261967356,0.79,0.3374907406137241,0.5426093887301553
gaia,gaia/gaia-73c1b9fe-ee1d-4cf4-96ca-35c08f97b054,gaia-73c1b9fe-ee1d-4cf4-96ca-35c08f97b054,0.816614518341756,0.812588737539626,0.30953125241272955,0.4431498636271056,medium,0.5465510468344305,0.53,0.3809199390948182,0.4816858743780663
usaco,usaco/usaco-1183,usaco-1183,0.8165568370344142,0.8117613070994114,0.33504212585364984,0.6304189781229143,easy,0.7401551710335436,0.67,0.4127347816697788,0.3407654832257016
crustbench,crustbench/crustbench-ljmm,crustbench-ljmm,0.8164582867791236,0.8114286281029891,0.27306588804435444,0.5699137031947158,easy,0.715419219415115,0.6931818181818182,0.3365248385218374,0.6432537522153218
featurebench-modal,featurebench-modal/featurebench-modal-astropy__astropy.b0db0daa.test_converter.2ef0539f.lv1,featurebench-modal-astropy__astropy.b0db0daa.test_converter.2ef0539f.lv1,0.8163639724039145,0.8129769004687238,0.23599313997724086,0.47042318198754923,hard,0.1788461538461538,0.1788461538461538,0.2902827126344899,0.4056862807512141
aider-polyglot,aider-polyglot/polyglot_javascript_connect,polyglot_javascript_connect,0.8161650331155178,0.8131989991575507,0.34570509038929115,0.4860806089125346,medium,0.5653846153846154,0.5653846153846154,0.4251174567940087,0.6103548015928053
simpleqa,simpleqa/simpleqa-4280,simpleqa-4280,0.8157456494191491,0.8134636883852464,0.26371785190041963,0.6054479809269625,easy,0.7532322242627466,0.7300000000000001,0.3241913015489465,0.5490263364134274
replicationbench,replicationbench/replicationbench-chandra_representation__blackbody_spectral_fit,replicationbench-chandra_representation__blackbody_spectral_fit,0.8151288439554174,0.8089239125881893,0.30896483551724035,0.5775328334137834,medium,0.3304673764048091,0.35,0.3819454842528924,0.6922273971484947
usaco,usaco/usaco-813,usaco-813,0.8150961861206111,0.8102665117218824,0.30581686739127506,0.6292714137788635,easy,0.7950762861198689,0.7377193157894738,0.3774275043669142,0.2474480280686362
swebench-multilingual,swebench-multilingual/swebench-multilingual-astral-sh__ruff-15543,swebench-multilingual-astral-sh__ruff-15543,0.8150346690918656,0.8131034628340635,0.39152381118307295,0.5768238686385051,medium,0.6975073116244025,0.5476190714285715,0.4815178253188356,0.4327642002927933
gpqa-diamond,gpqa-diamond/gpqa-diamond-149,gpqa-diamond-149,0.8149637064247346,0.8102239128462413,0.25018247742384553,0.3608717404817418,easy,0.8232602322316855,0.7789473684210527,0.3087818977657395,0.5648094794128933
usaco,usaco/usaco-1279,usaco-1279,0.8147980227834296,0.8099613862717167,0.31814039664848526,0.6290371609459519,medium,0.635130207372196,0.5921052631578947,0.3927846463309784,0.3171903681699294
swebench-multilingual,swebench-multilingual/swebench-multilingual-prometheus__prometheus-13845,swebench-multilingual-prometheus__prometheus-13845,0.8137974329590437,0.8118546548349037,0.2956901948003078,0.558678025307033,easy,0.8827416978787744,0.7857142857142857,0.3642156795423418,0.3166211299928975
simpleqa,simpleqa/simpleqa-2827,simpleqa-2827,0.8134532228823794,0.8111458416059291,0.29648462388625374,0.6047884922430621,easy,0.7645153127063864,0.72,0.3655133376499413,0.730391753417072
crustbench,crustbench/crustbench-morton,crustbench-morton,0.8130017163293483,0.8078874889491504,0.29202775834008937,0.5691788950764074,medium,0.6372806528514057,0.6212121363636364,0.3614708264884023,0.7528403499140959
labbench,labbench/labbench-figqa-0001,labbench-figqa-0001,0.812912638122752,0.8101228507677707,0.335356562036098,0.5747564265990978,medium,0.3007043713183716,0.3692307692307692,0.4139576629868833,0.4482983727082554
swebench-multilingual,swebench-multilingual/swebench-multilingual-astral-sh__ruff-15330,swebench-multilingual-astral-sh__ruff-15330,0.8129055164813608,0.8109544073420507,0.3972849005298329,0.571479138184876,easy,0.767374442079907,0.6,0.4898979485566356,0.3723302746747446
aider-polyglot,aider-polyglot/polyglot_go_tree-building,polyglot_go_tree-building,0.812576688247453,0.809558878409734,0.3505077897044303,0.48406272579044074,medium,0.6153846153846154,0.6153846153846154,0.4329614547529319,0.6435313925164045
swebench-multilingual,swebench-multilingual/swebench-multilingual-axios__axios-5085,swebench-multilingual-axios__axios-5085,0.8124657473146972,0.8105105338933365,0.397067447837889,0.5711529242959732,easy,0.7664866093416601,0.6,0.4898979485566356,0.369691343355607
labbench,labbench/labbench-figqa-0118,labbench-figqa-0118,0.8117253900614531,0.8089197786100496,0.37293252875411786,0.5732452761760329,medium,0.372505102422085,0.4769230769230769,0.4610253558083599,0.6934839701373553
replicationbench,replicationbench/replicationbench-bayes_cal__cold_hot_tandem,replicationbench-bayes_cal__cold_hot_tandem,0.8116238249155329,0.8053140780270769,0.3118968012665249,0.5800882717843558,hard,0.1993648243865081,0.2,0.3872983346207417,0.5462102383196664
swebench-verified,swebench-verified/swebench-verified-sympy__sympy-18698,swebench-verified-sympy__sympy-18698,0.8111929884116544,0.7525065461036119,0.2530705358751703,0.5839940719273738,medium,0.5614522752834369,0.53,0.3363034344160048,0.6470762969778833
seal0,seal0/seal0-38,seal0-38,0.8111655391392443,0.80222644277209,0.2735797897553044,0.3720294800681907,medium,0.5717948846153846,0.5717948846153846,0.3410256445922558,0.558950584315382
featurebench-modal,featurebench-modal/featurebench-modal-lightning-ai__pytorch-lightning.126fa6f1.test_fsdp.744aa3f5.lv1,featurebench-modal-lightning-ai__pytorch-lightning.126fa6f1.test_fsdp.744aa3f5.lv1,0.8099971494982546,0.8065052685471051,0.22813522724039592,0.46563329240925627,hard,0.1192307692307692,0.1192307692307692,0.2828688616645675,0.4611842265041576
crustbench,crustbench/crustbench-aes128-simd,crustbench-aes128-simd,0.808391138894209,0.803164690466213,0.29889814691218597,0.5683892455359952,easy,0.7615369071731511,0.752,0.3721505071876163,0.7108486335188219
livecodebench,livecodebench/livecodebench-3675,livecodebench-3675,0.8080946898763827,0.7983324282870272,0.22838186168120314,0.4396276116432673,easy,0.8202231405662092,0.7796296666666667,0.2860736374836226,0.4936894229651842
simpleqa,simpleqa/simpleqa-3787,simpleqa-3787,0.807947387670654,0.8055792510418565,0.29915096273770025,0.5980212477014714,easy,0.7568740309045766,0.7100000000000001,0.3713488925525428,0.5108615116626618
usaco,usaco/usaco-342,usaco-342,0.807896365657121,0.8028993155546561,0.3571774108628637,0.6236148553435842,easy,0.7636833573986485,0.71,0.4448595283907044,0.2822519558983515
gaia,gaia/gaia-b816bfce-3d80-4913-a07d-69b752ce6377,gaia-b816bfce-3d80-4913-a07d-69b752ce6377,0.8076803891471662,0.8034799271657612,0.3076591159891119,0.4377906496386594,medium,0.6125232172236682,0.5774999999999999,0.382908278834501,0.5585896771934162
simpleqa,simpleqa/simpleqa-884,simpleqa-884,0.807596848519386,0.8052248580223438,0.23832479414696714,0.6031617509352447,easy,0.8610514854927194,0.82,0.2959729717389748,0.6073700153628363
reasoning-gym,reasoning-gym/reasoning-gym-algorithmic-string-manipulation-easy00cea0a5-seed45-2,reasoning-gym-algorithmic-string-manipulation-easy00cea0a5-seed45-2,0.80757838486035,0.8010489288401439,0.3430019586303713,0.38379065840940574,medium,0.5934522614477185,0.4837121666666666,0.4281910208993242,0.5687853211038192
simpleqa,simpleqa/simpleqa-751,simpleqa-751,0.8074409209822104,0.8050672167471723,0.2128485666414613,0.6044534046557185,easy,0.853522516311805,0.8099999999999999,0.2643860813280457,0.5548475989107
labbench,labbench/labbench-figqa-0169,labbench-figqa-0169,0.807440319528368,0.8045777917439351,0.28496571959215466,0.578514617249765,hard,0.169885184761873,0.2615384615384615,0.3541804440991181,0.4762701467213717
featurebench-modal,featurebench-modal/featurebench-modal-huggingface__accelerate.a73fd3a1.test_big_modeling.a10a845e.lv1,featurebench-modal-huggingface__accelerate.a73fd3a1.test_big_modeling.a10a845e.lv1,0.8074367188740083,0.8039029265893705,0.288764982626074,0.46862123848609677,hard,0.2173076923076923,0.2173076923076923,0.3592037957259156,0.6112545662227152
omnimath,omnimath/omnimath_2343,omnimath_2343,0.8074172702176061,0.7747356564696126,0.26491323875160017,0.47518374907752325,easy,0.7000000000000001,0.7000000000000001,0.3419401657060441,0.4103937976229205
featurebench-modal,featurebench-modal/featurebench-modal-huggingface__transformers.e2e8dbed.test_feature_extraction_auto.13dd67ea.lv1,featurebench-modal-huggingface__transformers.e2e8dbed.test_feature_extraction_auto.13dd67ea.lv1,0.8068822395743093,0.8033393890625972,0.2310156111464712,0.4714960228549587,hard,0.1403846153846153,0.1403846153846153,0.2875691324136855,0.3076275259220566
labbench,labbench/labbench-figqa-0076,labbench-figqa-0076,0.8060588954922093,0.8031780846461721,0.29912127357704915,0.5686184697376482,hard,0.1777996347363711,0.2769230769230769,0.3724221057510832,0.4097730858592184
crustbench,crustbench/crustbench-cset,crustbench-cset,0.8060434934255007,0.8007601589210441,0.3174489006994989,0.5660469810815547,medium,0.679326356913709,0.6550724782608696,0.3964344344094668,0.7060326857572826
simpleqa,simpleqa/simpleqa-4003,simpleqa-4003,0.8059088993424219,0.8035183751902919,0.19200558740887805,0.5966994076189431,easy,0.8997501712937335,0.8699999999999999,0.2389560629069704,0.5802675283415584
simpleqa,simpleqa/simpleqa-2672,simpleqa-2672,0.8058264127923331,0.8034349839516157,0.24828610988789782,0.5972016199039459,easy,0.7685911582723354,0.7500000000000001,0.3090307428072488,0.6601290985827223
crustbench,crustbench/crustbench-simplexml,crustbench-simplexml,0.805301051402267,0.7999997625609034,0.24823335419188639,0.5637101796535144,easy,0.8379386063819475,0.8090909090909091,0.3102917848341093,0.6084565076390943
simpleqa,simpleqa/simpleqa-3057,simpleqa-3057,0.8051840881262254,0.8027856176821262,0.33436286000674165,0.5968947008830128,easy,0.7333817725138363,0.655,0.4165033013074446,0.5313049900246377
spider2,spider2/spider2-quickbooks003,spider2-quickbooks003,0.8050158827109487,-0.8306568814721569,0.36703334740057253,0.6123272721262041,medium,0.3719038517321672,0.4044444,0.4418591545886992,-0.432877232032864
swebench-multilingual,swebench-multilingual/swebench-multilingual-fastlane__fastlane-20975,swebench-multilingual-fastlane__fastlane-20975,0.8049712526883354,0.8029464413979212,0.37526999065163114,0.556975477784559,medium,0.6102216801421343,0.5178571428571429,0.4673661545822286,0.5388376100955046
aider-polyglot,aider-polyglot/polyglot_javascript_forth,polyglot_javascript_forth,0.8048350598760693,0.8017063428220954,0.23338953716205757,0.48293593434484056,easy,0.8576923076923078,0.8576923076923078,0.2911159918487117,0.6459828420533682
replicationbench,replicationbench/replicationbench-hubble_trails__satellite_chance_pre2020_acis,replicationbench-hubble_trails__satellite_chance_pre2020_acis,0.804791364135199,0.7982786610148642,0.2850564705322587,0.5714370402690204,medium,0.5185832107646484,0.4980392352941176,0.3570889270293934,0.6384051354236626
featurebench-modal,featurebench-modal/featurebench-modal-huggingface__transformers.e2e8dbed.test_processing_samhq.7732c356.lv1,featurebench-modal-huggingface__transformers.e2e8dbed.test_processing_samhq.7732c356.lv1,0.8046399029079826,0.8010604857966148,0.2793669014419179,0.4609586646576702,medium,0.3192346894410717,0.324,0.3487463261455237,0.6021699531699608
bigcodebench,bigcodebench/bigcodebench_308,bigcodebench_308,0.8044917717665713,0.7769817859969701,0.233094535799091,0.22127365183407946,easy,0.9230678476632262,0.9,0.3,0.3096000926095988
bigcodebench,bigcodebench/bigcodebench_139,bigcodebench_139,0.8041409013451438,0.776588056068067,0.2801939120824848,0.2206792126760307,easy,0.9224213744333368,0.8461538461538461,0.3608012122941099,0.3092444418528194
swebench-multilingual,swebench-multilingual/swebench-multilingual-prometheus__prometheus-10720,swebench-multilingual-prometheus__prometheus-10720,0.8035636174039674,0.8015258071444945,0.3334548918769772,0.5542838374928073,easy,0.8617730488595099,0.75,0.4160251471689218,0.4050460841124743
gaia,gaia/gaia-dc22a632-937f-4e6a-b72f-ba0ff3f5ff97,gaia-dc22a632-937f-4e6a-b72f-ba0ff3f5ff97,0.8030627678708591,0.7987727998442974,0.3123076517431898,0.43777495755737317,hard,0.2302545861120775,0.2475,0.3909843347245513,0.6542663358590193
featurebench-modal,featurebench-modal/featurebench-modal-astropy__astropy.b0db0daa.test_quantity_erfa_ufuncs.3fc54395.lv1,featurebench-modal-astropy__astropy.b0db0daa.test_quantity_erfa_ufuncs.3fc54395.lv1,0.802985548557038,0.799379220340623,0.20688676834963332,0.47442627162654705,hard,0.1384615384615384,0.1384615384615384,0.2588092898655496,0.2881705875493169
medagentbench,medagentbench/medagentbench-task2_12,medagentbench-task2_12,0.8029117185867825,0.79549139597096,0.2704670746301264,0.5487139673855581,easy,0.8180760922505746,0.78,0.34,0.3870119901269552
simpleqa,simpleqa/simpleqa-4236,simpleqa-4236,0.8027565181206517,0.8003314866512964,0.3155986231999614,0.6010215860333684,easy,0.7966077763449537,0.75,0.394334883062607,0.4592177662956422
gaia,gaia/gaia-e4e91f1c-1dcd-439e-9fdd-cb976f5293fd,gaia-e4e91f1c-1dcd-439e-9fdd-cb976f5293fd,0.8018229087193888,0.7975089980763453,0.26915190240689485,0.43654531402148317,medium,0.3956400929696598,0.39,0.3374907406137241,0.4717513453877882
aime,aime/aime_78,aime_78,0.8016472187821161,0.792635883450512,0.24153060960153813,0.5381028567172381,easy,0.903707697436216,0.8701754210526316,0.3047182377740763,0.2979741105179591
gpqa-diamond,gpqa-diamond/gpqa-diamond-27,gpqa-diamond-27,0.8014990464370209,0.7964535145614182,0.2734748139794011,0.3417221512242773,medium,0.6473544013704609,0.6100000000000001,0.3433656942677879,0.6059671727462098
simpleqa,simpleqa/simpleqa-3115,simpleqa-3115,0.8010916613796413,0.7986484612683394,0.22362156915513506,0.5937453681689305,easy,0.8721083776238078,0.8400000000000001,0.28,0.514972742371134
featurebench-modal,featurebench-modal/featurebench-modal-lightning-ai__pytorch-lightning.126fa6f1.test_data.c8b292af.lv1,featurebench-modal-lightning-ai__pytorch-lightning.126fa6f1.test_data.c8b292af.lv1,0.8007006236676131,0.7970572205751182,0.314373987313624,0.45930379006086025,hard,0.2326923076923077,0.2326923076923077,0.3944183418685886,0.5554590503062158
mmau,mmau/mmau-004fd9c5-1f2b-4c16-939b-4c75e39c84ba,mmau-004fd9c5-1f2b-4c16-939b-4c75e39c84ba,0.8002068780422743,0.7926328913017876,0.18487217037811468,0.4236799774525929,easy,0.8556433484172469,0.8400000000000002,0.233238075793812,0.5415431666110802
swebenchpro,swebenchpro/swebenchpro-instance_future-architect__vuls-2c84be80b65d022c262956cd26fc79d8bb2f7010,swebenchpro-instance_future-architect__vuls-2c84be80b65d022c262956cd26fc79d8bb2f7010,0.7995598932491658,0.6385074206668796,0.1702179231740686,0.41345433440829427,medium,0.3001289740202141,0.3075,0.2665872277510683,0.5961159203969502
labbench,labbench/labbench-figqa-0043,labbench-figqa-0043,0.7992334055147619,0.7962627295641508,0.3213196245113741,0.5697370262464949,medium,0.3110377603316452,0.3846153846153846,0.4035346784185847,0.4169728366795528
arc-agi-2,arc-agi-2/arc-agi-2-e3721c99_1,arc-agi-2-e3721c99_1,0.7991781257471983,0.7948858887724212,0.14570499016607474,0.7228869542165227,hard,0.0853768398684186,0.08,0.1833030277982336,0.5411103821959288
medagentbench,medagentbench/medagentbench-task2_22,medagentbench-task2_22,0.7991079664628613,0.7915612950753557,0.22653040490902443,0.5618343433719138,easy,0.8440245360895078,0.8100000000000002,0.2861817604250837,0.4775752562682386
swebench-multilingual,swebench-multilingual/swebench-multilingual-tokio-rs__axum-1119,swebench-multilingual-tokio-rs__axum-1119,0.7990694847509905,0.7969903275786303,0.35598463193450575,0.5617704036438924,easy,0.7926072807738584,0.6444443999999999,0.4466611696732099,0.2547432783499438
aider-polyglot,aider-polyglot/polyglot_rust_two-bucket,polyglot_rust_two-bucket,0.7990141608148092,0.7958027693427172,0.2196949253007811,0.4791717722375968,easy,0.8615384615384616,0.8615384615384616,0.2760670529988671,0.7002280997648135
usaco,usaco/usaco-128,usaco-128,0.7990035652791729,0.7938019131131575,0.3128916526057659,0.6174383247385391,easy,0.8049176038194699,0.7474999999999999,0.3941684284668167,0.4996677725867847
replicationbench,replicationbench/replicationbench-muse_outflows__dust_reddening,replicationbench-muse_outflows__dust_reddening,0.7988039170715027,0.7921148407762325,0.23129145092186013,0.5715471298168264,hard,0.108047172034756,0.1058823529411764,0.2919923210821378,0.5919750756782377
replicationbench,replicationbench/replicationbench-ls_cal__antenna_temp,replicationbench-ls_cal__antenna_temp,0.7987791255771499,0.792089321872013,0.07042311195753627,0.5710061292680354,frontier,0.0327210051219876,0.0313725294117647,0.0889080435917243,0.5897107979455793
kumo,kumo/kumo-virusclassificationenv-t4-a6-v1-s0,kumo-virusclassificationenv-t4-a6-v1-s0,0.7987224960825393,0.7940314579157034,0.18375426993590083,0.4597726883264643,easy,0.948657626845062,0.9298245789473684,0.2314193828267805,0.5308039461554633
labbench,labbench/labbench-figqa-0150,labbench-figqa-0150,0.798707892215518,0.7957303297002486,0.20703109143914408,0.5634777727333526,hard,0.1335513395184317,0.2,0.2601774542351963,0.5231292721158226
aime,aime/aime_ii-11,aime_ii-11,0.7986382778465594,0.78950656807527,0.2169261674619357,0.536019498011695,easy,0.8743715936629821,0.8350877368421052,0.2747617008314165,0.3204650162611938
mmau,mmau/mmau-9b66a67f-d2a8-42df-a629-2d0035682fc7,mmau-9b66a67f-d2a8-42df-a629-2d0035682fc7,0.7985925295368349,0.7909645822415009,0.08740463283044439,0.43701580741843127,saturated,0.9717403833376024,0.96333335,0.1105038516171608,0.4195957878443686
swtbench,swtbench/swtbench-pytest-dev__pytest-6197,swtbench-pytest-dev__pytest-6197,0.7983550436908554,0.7773579860108373,0.1809202252766018,0.48899739364776085,medium,0.4767532221307044,0.4499999999999999,0.2327373340628156,0.4292417965296607
omnimath,omnimath/omnimath_1913,omnimath_1913,0.7983211486434556,0.7643127239846277,0.07488704710716061,0.46920459874572323,saturated,0.9614136359782236,0.96,0.0979795897113271,0.3326864343400636
aider-polyglot,aider-polyglot/polyglot_python_variable-length-quantity,polyglot_python_variable-length-quantity,0.7980198960902123,0.7947944445106102,0.27990271409186307,0.47638996689135266,easy,0.7538461538461539,0.7538461538461539,0.3521699428387568,0.5633104738948128
aime,aime/aime_68,aime_68,0.7979491880811203,0.7887899789972305,0.12240548147986703,0.5355423795861506,easy,0.9478970001740435,0.9298245789473684,0.1551813343717654,0.2840431207143722
aider-polyglot,aider-polyglot/polyglot_javascript_parallel-letter-frequency,polyglot_javascript_parallel-letter-frequency,0.7977287549992511,0.7944991897263811,0.22999588600725854,0.47809775843799834,easy,0.7346153846153847,0.7346153846153847,0.2894853625797494,0.7293642129051782
aider-polyglot,aider-polyglot/polyglot_javascript_say,polyglot_javascript_say,0.797553527211049,0.7943214867891973,0.25604891666599544,0.4781215179795177,easy,0.8557692307692307,0.8557692307692307,0.3223492262572365,0.6043634277673096
arc-agi-2,arc-agi-2/arc-agi-2-a25697e4_0,arc-agi-2-a25697e4_0,0.7972540217199615,0.7929254433114741,0.07564026641757246,0.7211206408691192,frontier,0.0300830341263965,0.03,0.0953939201416945,0.5513172299732279
arc-agi-2,arc-agi-2/arc-agi-2-a47bf94d_0,arc-agi-2-a47bf94d_0,0.7972540217199615,0.7929254433114741,0.151280532835145,0.7211206408691192,hard,0.060166068252793,0.06,0.1907878402833891,0.5513172299732279
algotune,algotune/algotune-ode-stiff-vanderpol,algotune-ode-stiff-vanderpol,0.7966996892292226,0.7897213770494677,0.23636204670467428,0.3516670893890175,medium,0.6346118197405919,0.6100147773577546,0.2992980227884457,0.5602005845923945
simpleqa,simpleqa/simpleqa-3267,simpleqa-3267,0.7965921202034364,0.7941000086885415,0.3009209475884933,0.5958743565308666,medium,0.6498219747569446,0.6199999999999999,0.3789459064299283,0.6453013584604321
replicationbench,replicationbench/replicationbench-abacus__lcdm_total_force_accuracy,replicationbench-abacus__lcdm_total_force_accuracy,0.7963448852467435,0.7895837737534595,0.324973405027658,0.5656973257647046,medium,0.4353305541653868,0.4176470588235294,0.4115755868219349,0.6549139917674075
featurebench-modal,featurebench-modal/featurebench-modal-astropy__astropy.b0db0daa.test_tree.261bac3c.lv1,featurebench-modal-astropy__astropy.b0db0daa.test_tree.261bac3c.lv1,0.7963085218978097,0.792594158135262,0.19319144387192666,0.4653214753052545,hard,0.1173076923076923,0.1173076923076923,0.2437457327801262,0.2909303136307964
simpleqa,simpleqa/simpleqa-1498,simpleqa-1498,0.796190033872816,0.7936935652149633,0.24321236758445433,0.6007174422130568,easy,0.8379000454747639,0.79,0.3064310689208913,0.6416792633646092
medagentbench,medagentbench/medagentbench-task1_27,medagentbench-task1_27,0.795723510207855,0.7880649510976573,0.2570590077484273,0.5608528269941933,medium,0.6354776257483834,0.64,0.3261901286060018,0.5324632361391234
swebench-multilingual,swebench-multilingual/swebench-multilingual-rubocop__rubocop-13479,swebench-multilingual-rubocop__rubocop-13479,0.7953972589427164,0.7932844914265558,0.3602008163203087,0.5539346195381624,easy,0.7708662791300376,0.6111111333333333,0.4540625969790019,0.3652225925539835
aider-polyglot,aider-polyglot/polyglot_javascript_queen-attack,polyglot_javascript_queen-attack,0.7953392917975299,0.7920760225734191,0.3051316661427547,0.47528296990086244,medium,0.6923076923076923,0.6923076923076923,0.3852302777091974,0.6410480353820825
simpleqa,simpleqa/simpleqa-2279,simpleqa-2279,0.7945309989453366,0.7920165761240981,0.3016949059392779,0.590558122617926,easy,0.7070502458635851,0.67,0.3809199390948182,0.5538613260982036
gaia,gaia/gaia-5d0080cb-90d7-4712-bc33-848150e917d3,gaia-5d0080cb-90d7-4712-bc33-848150e917d3,0.7945131996637619,0.790058909849987,0.29362010849220627,0.43328935868834767,medium,0.4025209826396094,0.3975,0.3716433101779178,0.5535706505170095
aider-polyglot,aider-polyglot/polyglot_rust_bowling,polyglot_rust_bowling,0.7935689133902215,0.7902807393448927,0.26414295993621484,0.47574676714240116,easy,0.8461538461538461,0.8461538461538461,0.3342393997292374,0.6793239391304535
featurebench-modal,featurebench-modal/featurebench-modal-lightning-ai__pytorch-lightning.126fa6f1.test_connector.825ef3b1.lv1,featurebench-modal-lightning-ai__pytorch-lightning.126fa6f1.test_connector.825ef3b1.lv1,0.7933440550645333,0.7895820228654663,0.2528832891531116,0.4565147704122341,hard,0.175,0.182,0.3202748819373758,0.5479153107836596
aider-polyglot,aider-polyglot/polyglot_rust_grep,polyglot_rust_grep,0.7932041727182655,0.7899108747412024,0.23666145536307379,0.47813490667885844,easy,0.8846153846153846,0.8846153846153846,0.2996052629869299,0.6669627681175427
ineqmath,ineqmath/ineqmath-71,ineqmath-71,0.7931636274564963,0.7661963947959167,0.24241369027215823,0.5416758759709144,easy,0.7224497921941787,0.7300000000000001,0.3163858403911275,0.0208432815024394
seal0,seal0/seal0-65,seal0-65,0.7928967873187364,0.7831987627230544,0.29140734227812065,0.36186336457700596,medium,0.6320512692307693,0.6320512692307693,0.372073292435939,0.6596630915907664
simpleqa,simpleqa/simpleqa-1759,simpleqa-1759,0.7926467953916407,0.7901120278865831,0.22291803543508873,0.5993277515495311,easy,0.7914573790390413,0.78,0.2821347195933177,0.6829982240816836
crustbench,crustbench/crustbench-libvcd,crustbench-libvcd,0.7925900984681008,0.7869840952871754,0.3071119191527437,0.5542135016146321,medium,0.6323707812592202,0.6060605909090908,0.3902390416678963,0.7090700602449976
aider-polyglot,aider-polyglot/polyglot_javascript_alphametics,polyglot_javascript_alphametics,0.7925109279258297,0.7892078977929541,0.3246759108047381,0.47380151821731137,medium,0.5192307692307693,0.5192307692307693,0.4113946549606321,0.6484321750423273
livecodebench,livecodebench/livecodebench-abc348_d,livecodebench-abc348_d,0.7924483307999562,0.7819884584217095,0.20403737574301506,0.43952487198019524,easy,0.8878011833678927,0.85416665,0.2609212112347854,0.6552733004771212
aider-polyglot,aider-polyglot/polyglot_python_bottle-song,polyglot_python_bottle-song,0.7924002519955822,0.7890956689393097,0.3207588015640899,0.47375769855547833,medium,0.5487179615384614,0.5487179615384614,0.4064891168332593,0.697365249696305
gaia,gaia/gaia-114d5fd0-e2ae-4b6d-a65a-870da2d19c08,gaia-114d5fd0-e2ae-4b6d-a65a-870da2d19c08,0.7923564885477965,0.7878610339477613,0.28987371135856155,0.4328089153707951,medium,0.4350584745445046,0.4274999999999999,0.3679249244071404,0.44534978621418
replicationbench,replicationbench/replicationbench-gw_cosmo__dark_energy,replicationbench-gw_cosmo__dark_energy,0.7923363406391946,0.7854583025419618,0.3248400125083493,0.562808266345102,medium,0.5445202297284292,0.538235294117647,0.4135674821401424,0.7520316081107219
ineqmath,ineqmath/ineqmath-24,ineqmath-24,0.7923175699558548,0.7652553465334925,0.20458955350244276,0.5410447428787186,easy,0.8568569285555194,0.845,0.267348087705897,0.0319248217001117
arc-agi-2,arc-agi-2/arc-agi-2-4e34c42c_0,arc-agi-2-4e34c42c_0,0.7922720333041022,0.7878497780852769,0.11252745605278744,0.7165472121402262,hard,0.0611108025232109,0.06,0.142828568570857,0.5783924391659978
labbench,labbench/labbench-figqa-0040,labbench-figqa-0040,0.7922382630396191,0.7891762990447267,0.2564059544833666,0.5739723970790074,hard,0.1160980360217932,0.1538461538461538,0.3249032627991211,0.5317908418439989
aider-polyglot,aider-polyglot/polyglot_go_scale-generator,polyglot_go_scale-generator,0.7921620244307488,0.7888540994939166,0.2981759147113375,0.47613975639056966,medium,0.6173076923076923,0.6173076923076923,0.3779861382512051,0.6884669707299811
swebench-multilingual,swebench-multilingual/swebench-multilingual-apache__lucene-13170,swebench-multilingual-apache__lucene-13170,0.7918925875746242,0.7897478899195349,0.31850142754493815,0.5525930176736772,easy,0.8361712059148665,0.7377778,0.4032950661981374,0.0588700083240457
aider-polyglot,aider-polyglot/polyglot_go_say,polyglot_go_say,0.7918198437733839,0.7885071204923654,0.20140204494108035,0.4734362640472137,easy,0.875,0.875,0.255421973634581,0.5468392625546998
kumo,kumo/kumo-marketingenv-t4-a6-v1-s1,kumo-marketingenv-t4-a6-v1-s1,0.7917506914533509,0.7869166355612025,0.14206538714418987,0.45583628967299167,saturated,0.95995819825854,0.9333333333333332,0.1805342278002213,0.5435008384627643
simpleqa,simpleqa/simpleqa-2893,simpleqa-2893,0.7915848659778565,0.7890386539724741,0.2612182744792393,0.5904390208777663,easy,0.7425066989828795,0.72,0.3310589071449369,0.5615623935234113
swebench-verified,swebench-verified/swebench-verified-sympy__sympy-19495,swebench-verified-sympy__sympy-19495,0.7915069235633192,0.7277417090188347,0.21200747281530163,0.5667881745929104,easy,0.7514380135268468,0.7275000000000001,0.2913224158900238,0.7507602717644324
medagentbench,medagentbench/medagentbench-task5_8,medagentbench-task5_8,0.7910168698121369,0.7832035470682692,0.2048343068335912,0.5578652418251215,easy,0.8696674701995556,0.86,0.2615339366124404,0.2702745051032667
aider-polyglot,aider-polyglot/polyglot_rust_book-store,polyglot_rust_book-store,0.7909404472583274,0.7876154020829141,0.21986886549597995,0.4714325993284779,easy,0.8230769230769232,0.8230769230769232,0.2791576509480624,0.7316679246898025
replicationbench,replicationbench/replicationbench-ls_cal__cold_sparam,replicationbench-ls_cal__cold_sparam,0.7909174214909322,0.783998143014767,0.2519216673538543,0.5662855627175873,hard,0.1235061105175413,0.1294117647058823,0.3213294184411215,0.59672959407314
medagentbench,medagentbench/medagentbench-task5_23,medagentbench-task5_23,0.7908537888243634,0.7830351210547959,0.13562566137777526,0.5570115294592948,easy,0.9068332586410852,0.9,0.1732050807568877,0.1836864562874865
gaia,gaia/gaia-c8b7e059-c60d-472e-ad64-3b04ae1166dc,gaia-c8b7e059-c60d-472e-ad64-3b04ae1166dc,0.7908511029965329,0.7863269838525481,0.27867499307822985,0.43152681749737387,hard,0.2672774331259459,0.28,0.354400902933387,0.4288839758253647
simpleqa,simpleqa/simpleqa-350,simpleqa-350,0.790524555537182,0.7879669320721382,0.2018180064418684,0.5854266607673877,easy,0.9065447055653296,0.8800000000000001,0.2561249694973139,0.4222747784201671
featurebench-modal,featurebench-modal/featurebench-modal-linkedin__liger-kernel.c856fbab.test_fused_add_rms_norm.fecadbdf.lv1,featurebench-modal-linkedin__liger-kernel.c856fbab.test_fused_add_rms_norm.fecadbdf.lv1,0.7903402761989611,0.7865301297999716,0.2034910168122573,0.45946902119165484,hard,0.136650693921997,0.142,0.2587199257884865,0.5366005068970663
crustbench,crustbench/crustbench-hydra,crustbench-hydra,0.7902151611373318,0.7845527842552524,0.2954393837574628,0.5562259829224007,easy,0.8163972171045137,0.7934782608695652,0.3765704356500535,0.6362974676540379
labbench,labbench/labbench-figqa-0110,labbench-figqa-0110,0.7897771497495254,0.7866832628454614,0.24566040402127776,0.5545136881705675,medium,0.3153302162712578,0.3692307692307692,0.3122735866182221,0.5246744168107496
aider-polyglot,aider-polyglot/polyglot_go_variable-length-quantity,polyglot_go_variable-length-quantity,0.7896593230684238,0.7863163521841932,0.2443696651045369,0.47211449206046324,easy,0.726923076923077,0.726923076923077,0.310777798815627,0.7026153825377673
medagentbench,medagentbench/medagentbench-task1_11,medagentbench-task1_11,0.7893155805373991,0.7814465548774551,0.2543005274275899,0.5466180517534615,easy,0.7389007491225622,0.71,0.3254228019054596,0.7350929609252844
swebench-multilingual,swebench-multilingual/swebench-multilingual-nushell__nushell-13605,swebench-multilingual-nushell__nushell-13605,0.7887514964840033,0.7865783028720048,0.33423150960942066,0.5513877172627375,easy,0.8439724277397141,0.6666666666666666,0.4249182927993987,0.3796869860549388
algotune,algotune/algotune-dct-type-i-scipy-fftpack,algotune-dct-type-i-scipy-fftpack,0.7884281787835247,0.7812011007108717,0.23802488877365757,0.3528246659898828,medium,0.4193221256009792,0.4118626468630506,0.3046909285676395,0.5917791766198519
gaia,gaia/gaia-a0c07678-e491-4bbc-8f0b-07405144218f,gaia-a0c07678-e491-4bbc-8f0b-07405144218f,0.7880683793862658,0.7834914217323359,0.2877398247016047,0.434019704995537,hard,0.27037850312432,0.275,0.3672533185690771,0.7040866920062244
simpleqa,simpleqa/simpleqa-1417,simpleqa-1417,0.7880610469972433,0.7854769704783151,0.21597046043168835,0.5870579854852778,easy,0.8607787543044979,0.82,0.2749545416973504,0.4922375389477154
labbench,labbench/labbench-figqa-0045,labbench-figqa-0045,0.788044503224928,0.7849282032109736,0.2753710300825767,0.5683587191541347,medium,0.4175589483069872,0.4000000000000001,0.3508232077228116,0.4586614179363771
livecodebench,livecodebench/livecodebench-abc388_g,livecodebench-abc388_g,0.787883484522694,0.7772228512870766,0.26601783786553074,0.42696189887267505,easy,0.8127845016240263,0.729629611111111,0.3422671340980347,0.3586351543229729
labbench,labbench/labbench-figqa-0168,labbench-figqa-0168,0.7878543941524145,0.7847356379960984,0.2710349442990335,0.5630125221996053,hard,0.2603919184628227,0.2615384615384615,0.3453837587791331,0.4764664541819685
aider-polyglot,aider-polyglot/polyglot_javascript_simple-linked-list,polyglot_javascript_simple-linked-list,0.7878462132441383,0.7844779238850079,0.2183268744620993,0.47431527868754647,easy,0.8846153846153846,0.8846153846153846,0.2783085002327007,0.662954084815857
aider-polyglot,aider-polyglot/polyglot_python_bowling,polyglot_python_bowling,0.7878301593732377,0.7844616461022458,0.33916483805132747,0.4758358780011407,medium,0.6205128076923077,0.6205128076923077,0.4323536271486766,0.6781723768231185
featurebench-modal,featurebench-modal/featurebench-modal-pydantic__pydantic.e1dcaf9e.test_experimental_arguments_schema.00dc2dd4.lv1,featurebench-modal-pydantic__pydantic.e1dcaf9e.test_experimental_arguments_schema.00dc2dd4.lv1,0.7877801068294082,0.7839290999862835,0.27032374329384157,0.45091277029127164,hard,0.2057692307692307,0.2057692307692307,0.3448318773962741,0.6197248096608756
replicationbench,replicationbench/replicationbench-galaxy_manifold__morphological_classification,replicationbench-galaxy_manifold__morphological_classification,0.7877408527412413,0.7807295299575142,0.1139835137948305,0.5555977612241111,frontier,0.0435798847233635,0.0529411764705882,0.1459961605410689,0.5436389980095957
replicationbench,replicationbench/replicationbench-eht_resolve__eht_ring_orientation_angle,replicationbench-eht_resolve__eht_ring_orientation_angle,0.7877408527412413,0.7807295299575141,0.11398351379483049,0.5555977612241111,frontier,0.0435798847233635,0.0529411764705882,0.1459961605410689,0.5436389980095957
swebench-multilingual,swebench-multilingual/swebench-multilingual-redis__redis-10068,swebench-multilingual-redis__redis-10068,0.7870177696420063,0.7848288969399282,0.3781041199150912,0.5510412165382346,easy,0.7362628120214976,0.5555555333333333,0.4817663077765494,0.4447641947892904
aider-polyglot,aider-polyglot/polyglot_rust_alphametics,polyglot_rust_alphametics,0.786787811914783,0.783404770472495,0.34915521263969496,0.47231190556984515,medium,0.5461538461538461,0.5461538461538461,0.4456894134421838,0.5554574200683233
crustbench,crustbench/crustbench-linear-algebra-c,crustbench-linear-algebra-c,0.78664388609957,0.7808970697244737,0.21672502622881962,0.5519357407334178,easy,0.8764363967649909,0.8545454545454546,0.2775334094995226,0.5236499996055991
aider-polyglot,aider-polyglot/polyglot_python_affine-cipher,polyglot_python_affine-cipher,0.7863352332702563,0.7829458899500673,0.24861263210929338,0.4728514813335774,easy,0.8615384615384616,0.8615384615384616,0.3175348837007737,0.6708477672670172
usaco,usaco/usaco-365,usaco-365,0.7863193090612951,0.780829894812119,0.29821030021409123,0.6066627824253042,easy,0.7690514148722214,0.7078947368421052,0.3819145529588691,0.0859569764029369
aider-polyglot,aider-polyglot/polyglot_javascript_rational-numbers,polyglot_javascript_rational-numbers,0.7862414023887212,0.7828507529963128,0.23424161583775238,0.4721353080260923,easy,0.8365384615384617,0.8365384615384617,0.299216185130061,0.6766426586565704
usaco,usaco/usaco-433,usaco-433,0.7861772717701073,0.7806846622785939,0.33243752981516844,0.6065511904430222,medium,0.6509126909405111,0.6157894736842104,0.4258281811825007,0.2168115654486947
crustbench,crustbench/crustbench-satc,crustbench-satc,0.7861445749049031,0.7803859845103497,0.31544243061482863,0.5544014747339574,medium,0.5772104130886571,0.5545454545454546,0.4042133468257401,0.6959004095763565
featurebench-modal,featurebench-modal/featurebench-modal-mlflow__mlflow.93dab383.test_databricks.cbc54e8c.lv1,featurebench-modal-mlflow__mlflow.93dab383.test_databricks.cbc54e8c.lv1,0.7856639813150025,0.7817793038412372,0.2025638301423508,0.4632201956780359,hard,0.104088727683349,0.108,0.2591061558512263,0.3640014844243202
algotune,algotune/algotune-dynamic-assortment-planning,algotune-dynamic-assortment-planning,0.7852259889529891,0.7779033384120565,0.19886884348719747,0.3391434035227933,medium,0.6793045206869672,0.6755047468036385,0.2556472426164809,0.617005766300152
labbench,labbench/labbench-figqa-0173,labbench-figqa-0173,0.7851339723789372,0.7819801356981677,0.2673904171794664,0.567839326405516,medium,0.4120517649291264,0.4,0.3419401657060442,0.3996371845308742
kumo,kumo/kumo-computationenv-t4-a6-v1-s0,kumo-computationenv-t4-a6-v1-s0,0.7851148827393016,0.7801459074350047,0.18605294098181166,0.45442159469131177,easy,0.9422173067720678,0.925,0.2384848003542364,0.5284312452534331
featurebench-modal,featurebench-modal/featurebench-modal-pydantic__pydantic.e1dcaf9e.test_titles.e806bda8.lv1,featurebench-modal-pydantic__pydantic.e1dcaf9e.test_titles.e806bda8.lv1,0.7850884558530351,0.7811946370324586,0.2507956818921806,0.45807847020680326,hard,0.1378205,0.1378205,0.3210412232793657,0.3153410011047219
featurebench-modal,featurebench-modal/featurebench-modal-astropy__astropy.b0db0daa.test_table.48eef659.lv1,featurebench-modal-astropy__astropy.b0db0daa.test_table.48eef659.lv1,0.7850029406933716,0.7811077641819754,0.2246224820674043,0.4562943450808021,hard,0.1403846153846153,0.1403846153846153,0.2875691324136855,0.3704144229362235
aider-polyglot,aider-polyglot/polyglot_python_beer-song,polyglot_python_beer-song,0.7849114643752485,0.7815023201723338,0.3266217459465443,0.47040727228768814,medium,0.5384615384615384,0.5384615384615384,0.4179408525294192,0.6484554660274864
labbench,labbench/labbench-figqa-0177,labbench-figqa-0177,0.7848658290847285,0.7817085413454192,0.30376787284683937,0.556926128577354,medium,0.4492942982442105,0.4769230769230769,0.3885947981635412,0.2938062149023941
labbench,labbench/labbench-figqa-0047,labbench-figqa-0047,0.7846124922612887,0.7814519451329868,0.2639443919873432,0.556755698380718,hard,0.2895534639474713,0.3230769230769231,0.3377615138476946,0.6142421994768689
lawbench,lawbench/lawbench-1-1-3-zero-shot,lawbench-1-1-3-zero-shot,0.7844354029035402,0.7817747350792056,0.2649052199763859,0.6360814038436059,medium,0.3835883002402119,0.3693836,0.338851088542209,0.4983499058264864
lawbench,lawbench/lawbench-3-8-14-zero-shot,lawbench-3-8-14-zero-shot,0.7843585044883005,0.7816970043501823,0.07399484174438911,0.6398252217963046,hard,0.1182391968197307,0.1201945333333333,0.0946592366768763,0.3741706196456419
replicationbench,replicationbench/replicationbench-muse_outflows__electron_density,replicationbench-muse_outflows__electron_density,0.784127439849298,0.7770118878206987,0.19261948733951378,0.5596367449361676,hard,0.08440839412557,0.0823529411764705,0.2478977353612409,0.5760700151634982
featurebench-modal,featurebench-modal/featurebench-modal-pypa__hatch.ff4b4040.test_fmt.782c88a8.lv1,featurebench-modal-pypa__hatch.ff4b4040.test_fmt.782c88a8.lv1,0.7838288975203561,0.7799150965508149,0.3034138465650569,0.4555714565334664,hard,0.210256423076923,0.210256423076923,0.389034457605589,0.6266124688962291
simpleqa,simpleqa/simpleqa-263,simpleqa-263,0.7833656746276905,0.7807314122853305,0.302778875311024,0.586142027748646,medium,0.5844277986885165,0.56,0.3878143885933063,0.6821912325573576
usaco,usaco/usaco-1231,usaco-1231,0.7832483006245116,0.777689935316253,0.2931579194474464,0.6042500363344825,medium,0.4791195989381051,0.4888888888888888,0.3769598989708305,0.4843281399638683
usaco,usaco/usaco-915,usaco-915,0.7832172662875069,0.7776582056196281,0.30477509193885327,0.6042256541236125,medium,0.6602183115990212,0.6091666499999999,0.3919139407730063,0.4773479085448527
featurebench-modal,featurebench-modal/featurebench-modal-pandas-dev__pandas.82fa2715.test_concat.ebe5de39.lv1,featurebench-modal-pandas-dev__pandas.82fa2715.test_concat.ebe5de39.lv1,0.7830110730619316,0.7790843154449065,0.33912791994876434,0.448453867322257,medium,0.3378204999999999,0.3378204999999999,0.4352903956936944,0.523915273730903
simpleqa,simpleqa/simpleqa-953,simpleqa-953,0.7825718337720619,0.7799291167630346,0.29296695747875673,0.5783568526819163,easy,0.7910573454395491,0.73,0.375632799419859,0.484210580286817
gaia,gaia/gaia-9b54f9d9-35ee-4a14-b62f-d130ea00317f,gaia-9b54f9d9-35ee-4a14-b62f-d130ea00317f,0.7825369608706833,0.7778555435983894,0.26447088482345243,0.4259006050171274,medium,0.3881970084288012,0.38,0.34,0.7066337593027245
medagentbench,medagentbench/medagentbench-task1_5,medagentbench-task1_5,0.7822669920480416,0.7741685349815792,0.23417798408652868,0.5408138148548377,medium,0.6904457303510214,0.6500000000000001,0.3024896692450834,0.6130656846924726
medagentbench,medagentbench/medagentbench-task1_8,medagentbench-task1_8,0.7819580348806017,0.773849571030055,0.2608228954963008,0.534320745725459,easy,0.710823590905343,0.6799999999999999,0.3370459909270543,0.4958729185969707
bixbench,bixbench/bix-47-q2,bix-47-q2,0.7818282093349852,0.7565447473970419,0.23424652274490615,0.4499900139904877,medium,0.559601017822883,0.5275000000000001,0.3096267914764483,0.8064005673320986
replicationbench,replicationbench/replicationbench-galaxy_manifold__svd_analysis,replicationbench-galaxy_manifold__svd_analysis,0.7815008839220556,0.7743098845625969,0.15824850885760108,0.5510800656485064,hard,0.0606282595641655,0.0745098235294117,0.2043736132168773,0.5371100511635841
crustbench,crustbench/crustbench-libqueue,crustbench-libqueue,0.7814879793707014,0.775619958773098,0.2180144286580585,0.5477249445365575,easy,0.9069936719813148,0.890909090909091,0.2810840878861874,0.5061179799580278
swebench-multilingual,swebench-multilingual/swebench-multilingual-phpoffice__phpspreadsheet-3940,swebench-multilingual-phpoffice__phpspreadsheet-3940,0.7813583689784496,0.7791185589424153,0.3169900854505529,0.5414187255220398,easy,0.8572369697789776,0.7619047857142858,0.4068573156322177,0.3899713857925974
spider2,spider2/spider2-recharge002,spider2-recharge002,0.7812877044189597,0.7469612761815397,0.24896499452682114,0.39677670349835964,hard,0.1821114027375529,0.2844444666666667,0.333303750094688,0.6212943916226858
simpleqa,simpleqa/simpleqa-615,simpleqa-615,0.7809268776411639,0.7782666690983393,0.22809985709532465,0.5801313825976027,easy,0.8535588408480466,0.8099999999999999,0.2930870177950569,0.5177819498337543
aider-polyglot,aider-polyglot/polyglot_go_pig-latin,polyglot_go_pig-latin,0.7808750018649256,0.7774099208736015,0.22720847255837134,0.4657984884909193,easy,0.8288461538461539,0.8288461538461539,0.2922634075765969,0.543957530277293
crustbench,crustbench/crustbench-jccc,crustbench-jccc,0.7808453023614341,0.7749622319785924,0.2917554530503243,0.5508567662588981,easy,0.7255613593764727,0.7072463913043479,0.3764769959246011,0.6972878896342455
bfcl,bfcl/bfcl-live-multiple-749-169-4,bfcl-live-multiple-749-169-4,0.7806602623919169,0.770416284077977,0.0912339072080277,0.3214638571088826,easy,0.9461538461538462,0.9461538461538462,0.1184215716795435,0.3368287839723586
aider-polyglot,aider-polyglot/polyglot_javascript_phone-number,polyglot_javascript_phone-number,0.779994390513805,0.7765171453701993,0.22238172972298256,0.469737094356235,easy,0.8519230769230769,0.8519230769230769,0.2863835409802363,0.6634705471261184
swebench-multilingual,swebench-multilingual/swebench-multilingual-gohugoio__hugo-12343,swebench-multilingual-gohugoio__hugo-12343,0.7798914515458467,0.7776384994747785,0.3535191716802823,0.5502348045119214,easy,0.7527182604908556,0.6,0.4546060565661952,0.1691625820868369
mmmlu,mmmlu/mmmlu-sw-ke-00132,mmmlu-sw-ke-00132,0.7795565738866327,0.7733240105942359,0.10671958662629086,0.4238761911288116,saturated,0.958311395305697,0.9429824736842104,0.1380011291053612,0.1409693035474995
medagentbench,medagentbench/medagentbench-task5_15,medagentbench-task5_15,0.7795130058252688,0.7713254975317936,0.1980069322652666,0.5465194645323649,easy,0.8965687853767361,0.89,0.2567099530598687,0.2425773694387493
bixbench,bixbench/bix-51-q1,bix-51-q1,0.7793690048515318,0.753842061243727,0.2238514788392999,0.3769676061563672,easy,0.7962945682270703,0.76,0.2969474513931716,0.53148812999152
gpqa-diamond,gpqa-diamond/gpqa-diamond-23,gpqa-diamond-23,0.779291849350129,0.7737536183804059,0.25365238723333616,0.35160259462775867,easy,0.8208946359410972,0.7509804117647059,0.3278206152551151,0.5104613740332341
simpleqa,simpleqa/simpleqa-1249,simpleqa-1249,0.7791610342070986,0.7764820904050627,0.26263007360305657,0.5827662068592588,easy,0.8144718408653766,0.76,0.3382306905057552,0.7989015923673812
labbench,labbench/labbench-figqa-0032,labbench-figqa-0032,0.7787761517227342,0.7755408130816778,0.26518855413694903,0.5741378620468195,medium,0.6153194799353885,0.6,0.3419401657060441,0.3703865883846318
gaia,gaia/gaia-e8cb5b03-41e0-4086-99e5-f6806cd97211,gaia-e8cb5b03-41e0-4086-99e5-f6806cd97211,0.7787253229904958,0.7739723660466657,0.30997569103718664,0.4299326884671145,medium,0.559928453032427,0.54,0.4004996878900157,0.6812824400416397
swebench-multilingual,swebench-multilingual/swebench-multilingual-google__gson-2311,swebench-multilingual-google__gson-2311,0.778664994036676,0.7764010734499762,0.36046718699446045,0.5449249701744444,medium,0.5552334552046659,0.5333333333333333,0.4642796092394706,0.5413272798071459
mmau,mmau/mmau-faa5e92a-8de6-49e1-b72e-bd4defebd794,mmau-faa5e92a-8de6-49e1-b72e-bd4defebd794,0.7785435679514552,0.7702550724731798,0.16230281489911824,0.42275237132309856,easy,0.8797804283209286,0.8600000000000001,0.2107130750570547,0.4089342490594894
mmmlu,mmmlu/mmmlu-ko-kr-00109,mmmlu-ko-kr-00109,0.7784431923552825,0.7721832364744823,0.12133688951770705,0.4254074040732593,saturated,0.9615265027452944,0.9444444444444444,0.1571348402636772,0.0967968691834291
medagentbench,medagentbench/medagentbench-task4_19,medagentbench-task4_19,0.7784142890372576,0.7701913459368582,0.1715297571386931,0.5464028316623398,easy,0.8887346555772216,0.8800000000000001,0.2227105745132008,0.3545266162519848
mmmlu,mmmlu/mmmlu-zh-cn-00122,mmmlu-zh-cn-00122,0.7784114915770545,0.7721507563582841,0.1184835241024623,0.42539378823721435,saturated,0.9615203642578088,0.9473684210526316,0.1534461024959289,0.0967102705300045
mmmlu,mmmlu/mmmlu-en-us-00037,mmmlu-en-us-00037,0.7783382172845252,0.7720756808033142,0.1213199887744986,0.42535564446364005,saturated,0.961506538905098,0.9444444444444444,0.1571348402636772,0.0966441164858099
simpleqa,simpleqa/simpleqa-209,simpleqa-209,0.778067439651361,0.7753769146820975,0.2130523566322504,0.5824817455277237,easy,0.8842936430625556,0.85,0.2747726332806817,0.693347871151124
labbench,labbench/labbench-figqa-0086,labbench-figqa-0086,0.7778951288623454,0.7746485496873942,0.1958273006780526,0.5682089844832293,hard,0.2505307594722865,0.2615384615384615,0.2527950265408459,0.5265729563667687
aider-polyglot,aider-polyglot/polyglot_javascript_wordy,polyglot_javascript_wordy,0.7777372724188985,0.7742289132062905,0.2315804689707735,0.46878741071887287,easy,0.8769230769230769,0.8769230769230769,0.2991111091572858,0.6485758034095721
simpleqa,simpleqa/simpleqa-4243,simpleqa-4243,0.7776329065347783,0.7749377844588781,0.30450223508924545,0.5781561004123675,medium,0.5654661009355625,0.5599999999999999,0.3929376540877699,0.5298826246340095
mmmlu,mmmlu/mmmlu-pt-br-00114,mmmlu-pt-br-00114,0.7775036279431305,0.7712205876846386,0.14370847164251568,0.41067525293931123,easy,0.9422483504826124,0.9166666666666666,0.1863389981249824,0.0362555166448349
aider-polyglot,aider-polyglot/polyglot_python_food-chain,polyglot_python_food-chain,0.7774671960278218,0.7739551200343716,0.3174952420219531,0.4652928322299558,medium,0.5692307692307692,0.5692307692307692,0.4102243577222579,0.685695125350522
usaco,usaco/usaco-436,usaco-436,0.7774061916486025,0.7717174318397789,0.3504941763568731,0.5996601676044115,medium,0.5248915911626565,0.4868421052631579,0.4541742377404808,0.4307733316802861
bixbench,bixbench/bix-3-q5,bix-3-q5,0.7772324040040695,0.751494653542296,0.18288514453633123,0.3886530075891037,easy,0.8232309584276417,0.7950000000000002,0.2433618704727591,0.5946439589020583
omnimath,omnimath/omnimath_440,omnimath_440,0.776795081081068,0.7397220978654415,0.26236682104348213,0.45505487647576603,medium,0.6843152580334233,0.68,0.354682957019364,0.412844298492758
swebench-multilingual,swebench-multilingual/swebench-multilingual-laravel__framework-48636,swebench-multilingual-laravel__framework-48636,0.7763340346978457,0.7740493160849843,0.3792051720317007,0.5467451216008219,easy,0.7619046587825662,0.6,0.4898979485566357,0.4208180570033282
medagentbench,medagentbench/medagentbench-task4_5,medagentbench-task4_5,0.7760623213819183,0.7677637023432422,0.24022539821601932,0.5411430924664434,easy,0.8195587109314695,0.79,0.3128897569432403,0.5567681602302182
seal0,seal0/seal0-39,seal0-39,0.7759584876261415,0.7655733454996593,0.3177892027551223,0.3669533864716852,medium,0.6,0.6,0.4150996173302166,0.5135616700491366
mmau,mmau/mmau-aa0c930c-11f7-406e-b717-5f138b57e21a,mmau-aa0c930c-11f7-406e-b717-5f138b57e21a,0.775888295558628,0.7675136489852774,0.11988946456482386,0.43919121287663815,saturated,0.9538211199729942,0.94,0.156204993518133,0.6238000382113291
seal0,seal0/seal0-105,seal0-105,0.7758101339213259,0.7654190439012216,0.27455895747695874,0.36328494376104586,medium,0.6192307692307693,0.6192307692307693,0.3587041107281242,0.6594497626855965
featurebench-modal,featurebench-modal/featurebench-modal-pytest-dev__pytest.68016f0e.raises_group.c28bf36a.lv1,featurebench-modal-pytest-dev__pytest.68016f0e.raises_group.c28bf36a.lv1,0.775779716992238,0.7717389990535996,0.2348512834458255,0.4523123847333873,hard,0.1634615384615384,0.1634615384615384,0.3043143909195062,0.5117792638670933
featurebench-modal,featurebench-modal/featurebench-modal-astropy__astropy.b0db0daa.test_realizations.5b9cf523.lv1,featurebench-modal-astropy__astropy.b0db0daa.test_realizations.5b9cf523.lv1,0.775192433943361,0.771142508601107,0.2182934545471129,0.4558707139077273,hard,0.1576923076923077,0.1576923076923077,0.2830779682254953,0.287028015068531
gaia,gaia/gaia-bda648d7-d618-4883-88f4-3466eabd860e,gaia-bda648d7-d618-4883-88f4-3466eabd860e,0.7750709863245793,0.7702497808050789,0.30346155173637535,0.42488794719381207,medium,0.5671219908375943,0.5375,0.3939781085288877,0.4787165333223395
simpleqa,simpleqa/simpleqa-334,simpleqa-334,0.7748044782251906,0.7720794969525062,0.1897494339298852,0.5806344979829532,easy,0.8913825832314646,0.8600000000000001,0.2457641145488901,0.5030612112898646
reasoning-gym,reasoning-gym/reasoning-gym-algorithmic-game-of-life-easy00cea0a5-seed45-1,reasoning-gym-algorithmic-game-of-life-easy00cea0a5-seed45-1,0.7746828828532634,0.7671833036565487,0.2594944195474801,0.3491105452250218,easy,0.7391430592018671,0.7121999999999999,0.3382430487090607,0.3585060614290182
labbench,labbench/labbench-figqa-0117,labbench-figqa-0117,0.7745287623601547,0.7712393531887848,0.16611309145604589,0.5501523410326353,hard,0.0797666849731419,0.123076923076923,0.2153846153846153,0.6228399235207196
replicationbench,replicationbench/replicationbench-galaxy_manifold__physical_properties,replicationbench-galaxy_manifold__physical_properties,0.7744505400483362,0.7670583355085778,0.09507601213126964,0.5460708433283118,frontier,0.0360147018233588,0.0411764705882352,0.1239488676806204,0.5451315626709039
replicationbench,replicationbench/replicationbench-bayes_cal__evidence,replicationbench-bayes_cal__evidence,0.774181300998991,0.7667814507842499,0.11194714778861106,0.5521145246130641,frontier,0.0478941008474558,0.0470588235294117,0.1459961605410689,0.567651006087296
gpqa-diamond,gpqa-diamond/gpqa-diamond-152,gpqa-diamond-152,0.7740202805361281,0.768367202951652,0.22335555275307117,0.3328677783094257,easy,0.8452064529140433,0.8017544210526315,0.2906885560641575,0.7335058095610864
ineqmath,ineqmath/ineqmath-56,ineqmath-56,0.7739921670120875,0.7449023121584721,0.2967987759825898,0.5273745511755973,easy,0.7466040543044413,0.7147058823529412,0.3984398640441435,-0.0541753425534584
simpleqa,simpleqa/simpleqa-426,simpleqa-426,0.7739269249984589,0.7711927020826786,0.22298007121967367,0.5797993732226503,easy,0.8108449727960216,0.78,0.2891366458960192,0.6242731337008484
usaco,usaco/usaco-345,usaco-345,0.7738879705752558,0.7681211742757031,0.2757968653075937,0.6014804657353356,medium,0.4638701125380323,0.4552631578947367,0.3590538505433798,0.5897472814237149
featurebench-modal,featurebench-modal/featurebench-modal-huggingface__transformers.e2e8dbed.test_modeling_pixtral.a620bb0b.lv1,featurebench-modal-huggingface__transformers.e2e8dbed.test_modeling_pixtral.a620bb0b.lv1,0.7738347530184896,0.7697635694298309,0.2154427248345052,0.4444892062232814,hard,0.1467948846153846,0.1467948846153846,0.2798816849621567,0.4225977390649525
gaia,gaia/gaia-b9763138-c053-4832-9f55-86200cb1f99c,gaia-b9763138-c053-4832-9f55-86200cb1f99c,0.773647458859897,0.7687997572042647,0.2625411773790497,0.41741476523585114,medium,0.5345153315676556,0.4974999999999999,0.3414948755105997,0.7216022283818558
gaia,gaia/gaia-0ff53813-3367-4f43-bcbd-3fd725c1bf4b,gaia-0ff53813-3367-4f43-bcbd-3fd725c1bf4b,0.7736297268190973,0.7687816954339766,0.30315743996962996,0.4146769659611764,medium,0.5388349125891478,0.5499999999999999,0.3943348830626071,0.4633254897663343
aider-polyglot,aider-polyglot/polyglot_python_pig-latin,polyglot_python_pig-latin,0.7734732891630385,0.7699064035074025,0.2679571089617039,0.4609433766388312,easy,0.7487179615384615,0.7487179615384615,0.3480385508433137,0.6349512520375199
featurebench-modal,featurebench-modal/featurebench-modal-mwaskom__seaborn.7001ebe7.test_bar.123ed709.lv1,featurebench-modal-mwaskom__seaborn.7001ebe7.test_bar.123ed709.lv1,0.7728000512512995,0.7687126922587121,0.28097474184135407,0.44937365040259025,hard,0.1831245273975558,0.19,0.3655133376499413,0.5147588635161883
swebench-multilingual,swebench-multilingual/swebench-multilingual-preactjs__preact-3739,swebench-multilingual-preactjs__preact-3739,0.772794654463471,0.7704784767458251,0.3161472769625419,0.546905834732109,easy,0.8439739113170504,0.7142857142857143,0.410325903324145,0.4031367689467834
strongreject,strongreject/strongreject_illegal_goods_and_services_0011_prefix_injection,strongreject_illegal_goods_and_services_0011_prefix_injection,0.7720242261525554,0.687050168557857,0.15117055429335705,0.4605228158701466,easy,0.9427980421186954,0.93,0.2200284072568812,-0.12329624204148
aider-polyglot,aider-polyglot/polyglot_rust_nucleotide-codons,polyglot_rust_nucleotide-codons,0.7719629009702981,0.7683753631083072,0.20166349069104003,0.4617121817759677,easy,0.864102576923077,0.864102576923077,0.2624543945230768,0.6608116279060093
spider2,spider2/spider2-hive001,spider2-hive001,0.7714157116621355,0.7357861823221377,0.32789471443977175,0.49846802212661107,medium,0.4484565900477486,0.4624999999999999,0.4456385867493972,0.4596916014167911
mmmlu,mmmlu/mmmlu-ja-jp-00093,mmmlu-ja-jp-00093,0.771151507380976,0.7647131633202501,0.24426737362903683,0.39660429615084664,easy,0.8907358235901097,0.8508772105263158,0.3194235241988916,-0.0188227704432136
reasoning-gym,reasoning-gym/reasoning-gym-arithmetic-power-function-hard0292e21f-seed45-2,reasoning-gym-arithmetic-power-function-hard0292e21f-seed45-2,0.770985328960846,0.763379355089791,0.2479688088683653,0.3569435137697023,easy,0.9063380295166652,0.8029860833333333,0.3248303837601142,0.5469683670221243
aider-polyglot,aider-polyglot/polyglot_python_sgf-parsing,polyglot_python_sgf-parsing,0.770892079530923,0.7672899248974043,0.3007821907025869,0.4600273786300309,medium,0.5307692307692308,0.5307692307692308,0.3920059171151048,0.6749760963001245
replicationbench,replicationbench/replicationbench-hubble_trails__satellite_chance_post2020_uvis,replicationbench-hubble_trails__satellite_chance_post2020_uvis,0.7706095570875483,0.7631085430155999,0.21189148494794097,0.5502898968116909,hard,0.1578922681894021,0.1699999999999999,0.2776688675382964,0.4759025715570001
bfcl,bfcl/bfcl-simple-python-282,bfcl-simple-python-282,0.7704559630321507,0.759801147428839,0.15296845437826884,0.34475596022294747,easy,0.9153846153846156,0.9153846153846156,0.2013269588969599,0.3107453774307049
labbench,labbench/labbench-figqa-0093,labbench-figqa-0093,0.7704511141882936,0.7671100797537821,0.2220475387870129,0.5300017875355627,medium,0.4674490548717505,0.5076923076923078,0.2894598111111812,0.2324407523139491
simpleqa,simpleqa/simpleqa-1310,simpleqa-1310,0.7701600962220192,0.7673863254323465,0.2238612044021777,0.5724636584402788,easy,0.8989224007833597,0.8699999999999999,0.2917190429162964,0.4352375881482546
aime,aime/aime_i-5,aime_i-5,0.7699070495948525,0.7596502838774548,0.16844149497157454,0.5227143510871924,easy,0.9075514793394096,0.8833333333333333,0.2217355782608345,0.2151390972362428
aider-polyglot,aider-polyglot/polyglot_javascript_triangle,polyglot_javascript_triangle,0.76972277555619,0.7661046835915295,0.20036584032393845,0.4648065260396475,easy,0.9076923076923078,0.9076923076923078,0.2615384615384615,0.6087337883668068
medagentbench,medagentbench/medagentbench-task4_29,medagentbench-task4_29,0.7696747447689856,0.7611718227076553,0.15599380383442138,0.5308015254413341,easy,0.9107542146572584,0.9,0.2049390153191919,0.4471173139395532
aime,aime/aime_i-15,aime_i-15,0.7691023210618729,0.7588146777828547,0.24693559857108507,0.5195159013141052,easy,0.8485364821841549,0.8099999999999999,0.3254228019054596,0.2610446731811164
gaia,gaia/gaia-23dd907f-1261-4488-b21c-e9185af91d5e,gaia-23dd907f-1261-4488-b21c-e9185af91d5e,0.7689250313963331,0.763989791371994,0.23870096601483948,0.42151302100279797,medium,0.397465089859254,0.3775,0.3124399942388938,0.6611384152820494
aider-polyglot,aider-polyglot/polyglot_go_crypto-square,polyglot_go_crypto-square,0.7689006362331283,0.7652713535410874,0.20770970076252668,0.45900121962643514,easy,0.8692307692307691,0.8692307692307691,0.271419673298113,0.6199217016083312
swebench-multilingual,swebench-multilingual/swebench-multilingual-phpoffice__phpspreadsheet-3570,swebench-multilingual-phpoffice__phpspreadsheet-3570,0.7682646050884442,0.765908375894164,0.2725110049647428,0.5292815346582129,easy,0.8828467180810701,0.8035714285714286,0.3558010508066298,0.2863307800367428
kumo,kumo/kumo-gemstoneenv-t4-a6-v1-s0,kumo-gemstoneenv-t4-a6-v1-s0,0.7679051180934972,0.7625917101092694,0.12681592586228319,0.44443382515402163,saturated,0.9743546350409024,0.9555555333333332,0.1662959670045615,0.4951014662536256
kumo,kumo/kumo-malwareenv-t4-a6-v1-s0,kumo-malwareenv-t4-a6-v1-s0,0.7678950131226024,0.7625814052206723,0.08514102360604796,0.4444331759812993,saturated,0.9807660852234418,0.9736842105263158,0.111648439134718,0.4950754752376433
kumo,kumo/kumo-philosophyenv-t4-a6-v1-s1,kumo-philosophyenv-t4-a6-v1-s1,0.7678949401437577,0.762581330798017,0.04485772534105982,0.4444331832675709,saturated,0.9903830125341474,0.9852941176470588,0.0588235294117647,0.4950754735397669
kumo,kumo/kumo-inventorenv-t4-a6-v1-s0,kumo-inventorenv-t4-a6-v1-s0,0.7678949373629642,0.7625813279622086,0.06153045478878305,0.44443318458039455,saturated,0.9871773616860312,0.9791666875,0.0806870723588348,0.4950754899060516
kumo,kumo/kumo-cryptographyenv-t4-a6-v1-s0,kumo-cryptographyenv-t4-a6-v1-s0,0.7678948985107752,0.7625812883413697,0.11645202859454312,0.4444331849611596,saturated,0.9743546892185238,0.9629629444444444,0.1527076921174249,0.4950754375643482
kumo,kumo/kumo-musicenv-t12-a16-v1-s1,kumo-musicenv-t12-a16-v1-s1,0.767884655193788,0.7625708423724386,0.08971421674969864,0.4444324803742639,saturated,0.980769106482546,0.9705882352941176,0.1176470588235294,0.4950597813398679
kumo,kumo/kumo-politicalmanifestoenv-t4-a6-v1-s1,kumo-politicalmanifestoenv-t4-a6-v1-s1,0.767884627489154,0.7625708141197047,0.0425699205630781,0.44443248158063625,saturated,0.9903845538262795,0.986842105263158,0.055824219567359,0.4950597575746576
kumo,kumo/kumo-nutritionenv-t4-a6-v1-s0,kumo-nutritionenv-t4-a6-v1-s0,0.7678845830712092,0.7625707688230091,0.09229449649862807,0.44443248580389666,saturated,0.980769071479009,0.96875,0.1210307295689817,0.495059753140194
kumo,kumo/kumo-mineralclassificationenv-t4-a6-v1-s0,kumo-mineralclassificationenv-t4-a6-v1-s0,0.7678845551252513,0.7625707403241773,0.08733776970450109,0.44443248685070974,saturated,0.9807690724632866,0.9722222222222222,0.1145307118227128,0.4950597294083596
kumo,kumo/kumo-mineralenv-t4-a6-v1-s0,kumo-mineralenv-t4-a6-v1-s0,0.7678836836746719,0.7625698516331076,0.09510917060980419,0.4444328733195847,saturated,0.9807688096390672,0.9666666666666668,0.1247219128924647,0.4950546973692501
kumo,kumo/kumo-mineralenv-t4-a6-v1-s1,kumo-mineralenv-t4-a6-v1-s1,0.7678800766680012,0.7625661732668246,0.08733724663617157,0.4444328154654691,saturated,0.980768804941551,0.9722222222222222,0.1145307118227128,0.495041695539906
kumo,kumo/kumo-musicgenresenv-t4-a6-v1-s1,kumo-musicgenresenv-t4-a6-v1-s1,0.7678800766680012,0.7625661732668246,0.11644972040639315,0.4444328154654691,saturated,0.974358393767938,0.9629629444444444,0.1527076921174249,0.495041695539906
kumo,kumo/kumo-quantumenv-t4-a6-v1-s1,kumo-quantumenv-t4-a6-v1-s1,0.7678800766435031,0.7625661732418408,0.08971366744021655,0.4444328154943913,saturated,0.9807688049415512,0.9705882352941176,0.1176470588235294,0.4950416953901895
kumo,kumo/kumo-musicenv-t4-a6-v1-s1,kumo-musicenv-t4-a6-v1-s1,0.7678800730282447,0.7625661695550601,0.08971366700647765,0.4444328136400018,saturated,0.9807688049416544,0.9705882352941176,0.1176470588235294,0.4950416905498903
kumo,kumo/kumo-detectiveenv-t4-a6-v1-s1,kumo-detectiveenv-t4-a6-v1-s1,0.7678788983721476,0.7625649716601007,0.09229379486377184,0.44443198461293076,saturated,0.9807691090878788,0.96875,0.1210307295689817,0.4950485756292497
kumo,kumo/kumo-medicaloodenv-t4-a6-v1-s1,kumo-medicaloodenv-t4-a6-v1-s1,0.7678788977185903,0.762564970993613,0.08733710893896483,0.44443198458152455,saturated,0.980769109087878,0.9722222222222222,0.1145307118227128,0.4950485752430773
kumo,kumo/kumo-leadershipenv-t4-a6-v1-s1,kumo-leadershipenv-t4-a6-v1-s1,0.7678788961891019,0.7625649694338666,0.044856762907874506,0.44443198530160205,saturated,0.9903845540576152,0.9852941176470588,0.0588235294117647,0.4950485842166115
kumo,kumo/kumo-energyenv-t4-a6-v1-s0,kumo-energyenv-t4-a6-v1-s0,0.767876591425117,0.762562619073584,0.08733683957188976,0.444431955975348,saturated,0.9807691091239156,0.9722222222222222,0.1145307118227128,0.495038684202928
kumo,kumo/kumo-printingtechniqueenv-t4-a6-v1-s1,kumo-printingtechniqueenv-t4-a6-v1-s1,0.7678765764985244,0.7625626038516921,0.17027784892509543,0.4444319539198157,saturated,0.961538218247616,0.9473684210526316,0.223296878269436,0.4950386671998263
kumo,kumo/kumo-renewableenergyenv-t4-a6-v1-s0,kumo-renewableenergyenv-t4-a6-v1-s0,0.7678765764985244,0.7625626038516923,0.11351862270934664,0.4444319539198157,saturated,0.9743587993444832,0.9649122631578948,0.1488646599452501,0.4950386671998263
kumo,kumo/kumo-nutritionenv-t4-a6-v1-s1,kumo-nutritionenv-t4-a6-v1-s1,0.7678765764737068,0.7625626038263834,0.17467367565123404,0.44443195394911794,saturated,0.961538218247616,0.9444444444444444,0.2290614236454256,0.495038667048147
kumo,kumo/kumo-malwareenv-t4-a6-v1-s1,kumo-malwareenv-t4-a6-v1-s1,0.7678765764737067,0.7625626038263834,0.13100525673842553,0.444431953949118,saturated,0.971153663685712,0.9583333333333334,0.1717960677340692,0.4950386670481471
kumo,kumo/kumo-geologicalenv-t4-a6-v1-s1,kumo-geologicalenv-t4-a6-v1-s1,0.7678765761512603,0.7625626034975572,0.17467367557591265,0.44443195384733714,saturated,0.9615382178398372,0.9444444444444444,0.2290614236454256,0.4950386667090831
kumo,kumo/kumo-herbenv-t4-a6-v1-s0,kumo-herbenv-t4-a6-v1-s0,0.7678765758677305,0.762562603208419,0.09229350820833684,0.4444319538180746,saturated,0.9807691087040568,0.96875,0.1210307295689817,0.4950386679896773
kumo,kumo/kumo-coffeeenv-t4-a6-v1-s1,kumo-coffeeenv-t4-a6-v1-s1,0.7678765749251264,0.7625626022471668,0.04366841882237411,0.4444319546608698,saturated,0.9903845540614375,0.9861111111111112,0.0572653559113564,0.4950386764365799
kumo,kumo/kumo-gadgetenv-t4-a6-v1-s1,kumo-gadgetenv-t4-a6-v1-s1,0.7678765611508969,0.762562588200435,0.0897132456706394,0.4444319513308097,saturated,0.9807691021598935,0.9705882352941176,0.1176470588235294,0.4950386711794948
kumo,kumo/kumo-chessenv-t4-a6-v1-s0,kumo-chessenv-t4-a6-v1-s0,0.7678765508810103,0.7625625777273747,0.1107978292135371,0.4444319549622456,saturated,0.974358800544128,0.96666665,0.1452967040996715,0.4950386450655258
kumo,kumo/kumo-caridentificationenv-t4-a6-v1-s0,kumo-caridentificationenv-t4-a6-v1-s0,0.7678765508810101,0.7625625777273747,0.08309833036098763,0.4444319549622456,saturated,0.980769110023541,0.975,0.1089724735885168,0.4950386450655257
kumo,kumo/kumo-coffeeenv-t4-a6-v1-s0,kumo-coffeeenv-t4-a6-v1-s0,0.7678765506222989,0.7625625774635453,0.08513892151635231,0.4444319549036811,saturated,0.9807691098076792,0.9736842105263158,0.111648439134718,0.4950386464977987
kumo,kumo/kumo-enzymeenv-t4-a6-v1-s0,kumo-enzymeenv-t4-a6-v1-s0,0.7678765493076091,-0.7730365992368627,0.08630832969880627,0.44443195570329996,frontier,0.0192308909773916,0.0263157894736842,0.111648439134718,-0.495038654302276
kumo,kumo/kumo-artstyleenv-t4-a6-v1-s0,kumo-artstyleenv-t4-a6-v1-s0,0.7678765493076091,0.7625625761228463,0.17027784273333074,0.44443195570329996,saturated,0.9615382180452168,0.9473684210526316,0.223296878269436,0.495038654302276
kumo,kumo/kumo-cuisineenv-t4-a6-v1-s0,kumo-cuisineenv-t4-a6-v1-s0,0.7678764795544085,0.7625625049896853,0.05675921885723035,0.4444319601328103,saturated,0.987179396444422,0.9824561578947368,0.0744322183241859,0.4950386168468055
swebench-multilingual,swebench-multilingual/swebench-multilingual-babel__babel-14532,swebench-multilingual-babel__babel-14532,0.7677124295147689,0.7653513347272192,0.35812441965913666,0.5532394670962172,medium,0.6591496040884613,0.5611111333333334,0.4679215981073277,0.4838615886985221
featurebench-modal,featurebench-modal/featurebench-modal-astropy__astropy.b0db0daa.test_comparison.445d81a3.lv1,featurebench-modal-astropy__astropy.b0db0daa.test_comparison.445d81a3.lv1,0.767686794572846,0.7635198269577593,0.21306146631294154,0.45014962163569366,hard,0.1538461538461538,0.1538461538461538,0.2790516484187239,0.2654663987423539
aime,aime/aime_87,aime_87,0.7674392266970406,0.7570878795611585,0.1572474388917869,0.5166116668546654,easy,0.9149358232452994,0.891228052631579,0.2077003781686935,0.3874840942272565
kumo,kumo/kumo-controlenv-t4-a6-v1-s1,kumo-controlenv-t4-a6-v1-s1,0.7673425501058799,0.7620180163675807,0.18611464403620936,0.41622161799244195,easy,0.9293964657467264,0.90833335,0.2442391650047704,0.6224355264525413
crustbench,crustbench/crustbench-ted,crustbench-ted,0.7672498865507688,0.761051467506612,0.2731990714503968,0.5383773222140303,easy,0.7827902953802046,0.75,0.3589758158478595,0.6412018462219933
simpleqa,simpleqa/simpleqa-2315,simpleqa-2315,0.7669654323258861,0.7641582748195352,0.22809836502195166,0.5724148123659852,easy,0.8686584417886908,0.8300000000000001,0.298496231131986,0.5800403546259152
swebench-multilingual,swebench-multilingual/swebench-multilingual-projectlombok__lombok-3479,swebench-multilingual-projectlombok__lombok-3479,0.7669468383010208,0.7645790032481768,0.30444825574115275,0.534616742065134,medium,0.6843772202845388,0.6226190714285715,0.3981907094594004,0.4270781451027843
aime,aime/aime_ii-15,aime_ii-15,0.7669309210773433,0.7565601329925884,0.24555453277539638,0.5196872637333334,easy,0.700237346805875,0.6935185,0.3245671058612362,0.4875515225156853
featurebench-modal,featurebench-modal/featurebench-modal-mlflow__mlflow.93dab383.test_numpy_dataset.1beaad57.lv1,featurebench-modal-mlflow__mlflow.93dab383.test_numpy_dataset.1beaad57.lv1,0.7668418544283426,0.7626617841642012,0.20023805000790795,0.4492708586663474,hard,0.1186958486271605,0.12333332,0.2625515715689731,0.4295788216386044
swebench-multilingual,swebench-multilingual/swebench-multilingual-preactjs__preact-4152,swebench-multilingual-preactjs__preact-4152,0.7664628930438966,0.7640908008599184,0.347724779955366,0.5291277311541039,easy,0.8247406156278896,0.6538461538461539,0.455083060238432,0.3765943424041654
swebench-multilingual,swebench-multilingual/swebench-multilingual-preactjs__preact-4316,swebench-multilingual-preactjs__preact-4316,0.7664628930438966,0.7640908008599184,0.347724779955366,0.5291277311541039,easy,0.8247406156278896,0.6538461538461539,0.455083060238432,0.3765943424041654
labbench,labbench/labbench-figqa-0100,labbench-figqa-0100,0.7663857274898476,0.7629935003435834,0.21363818009620328,0.5271057280877051,hard,0.1476691461328101,0.16,0.2799999999999999,0.4048386181708516
gaia,gaia/gaia-9e1fc53b-46ff-49a1-9d05-9e6faac34cc5,gaia-9e1fc53b-46ff-49a1-9d05-9e6faac34cc5,0.7662339748879102,0.7612490990492923,0.2978615101217247,0.4229420195006336,medium,0.3626207503830944,0.37,0.391279950930277,0.7128565187950812
simpleqa,simpleqa/simpleqa-1641,simpleqa-1641,0.7655758741075841,0.7627542387478042,0.29893738945234205,0.5700236506869596,medium,0.5536294416934224,0.52,0.3919183588453085,0.564586668689106
aider-polyglot,aider-polyglot/polyglot_javascript_pig-latin,polyglot_javascript_pig-latin,0.765493894967796,0.76181837119361,0.22665947885668558,0.46279876477554566,easy,0.8615384615384616,0.8615384615384616,0.2975243016279033,0.6438233366643104
aider-polyglot,aider-polyglot/polyglot_javascript_binary,polyglot_javascript_binary,0.7653446281085522,0.761667083083014,0.18536975398421388,0.4617994828815377,easy,0.9000000000000001,0.9000000000000001,0.2433737233777903,0.6024093126487647
simpleqa,simpleqa/simpleqa-3843,simpleqa-3843,0.7653274197887407,0.7625031985929848,0.15552074755210174,0.5714114104780149,easy,0.906757440815615,0.8800000000000001,0.2039607805437114,0.6024733769839121
bigcodebench,bigcodebench/bigcodebench_1020,bigcodebench_1020,0.7652617764644775,0.7331001825955114,0.1609597634294756,0.21440278050949735,easy,0.9064102692307692,0.9064102692307692,0.2195603919502572,0.6699018252140968
aime,aime/aime_ii-5,aime_ii-5,0.7651024285362262,0.7546618206739818,0.1862988261592782,0.5127996325823516,easy,0.8495944197175416,0.8105263157894737,0.2468639873591278,0.4774198134222642
replicationbench,replicationbench/replicationbench-disk_ridges__ridges_in_all,replicationbench-disk_ridges__ridges_in_all,0.7648566470159386,0.7571937238759575,0.23518690413148566,0.5406838820742006,medium,0.5040415690401248,0.4754901764705882,0.3106033459014957,0.7035634658460498
labbench,labbench/labbench-figqa-0115,labbench-figqa-0115,0.7644886467409954,0.7610726256600744,0.19801393823233476,0.5371132752651453,hard,0.1180837292456355,0.2,0.2601774542351964,0.3649377001155143
aider-polyglot,aider-polyglot/polyglot_rust_grade-school,polyglot_rust_grade-school,0.7644169027508636,0.7607268042677078,0.24444608285196542,0.4594176034311085,easy,0.8538461538461539,0.8538461538461539,0.3213322857570065,0.7162064187619753
lawbench,lawbench/lawbench-2-3-3-zero-shot,lawbench-2-3-3-zero-shot,0.7643343151096949,0.761458910962576,0.21290439310050563,0.6322189828608372,medium,0.5572814668057127,0.4994321538461539,0.2796006324640272,0.1872015262454718
swtbench,swtbench/swtbench-matplotlib__matplotlib-24870,swtbench-matplotlib__matplotlib-24870,0.7643338786152792,0.7403304135049854,0.216545767113651,0.3748445983783705,medium,0.3362227495303195,0.3666666666666667,0.2924988129130707,0.2310188721676367
swebench-multilingual,swebench-multilingual/swebench-multilingual-projectlombok__lombok-3350,swebench-multilingual-projectlombok__lombok-3350,0.7642775902530702,0.761886308554499,0.3098216929903943,0.5353547974051358,easy,0.8414477368719508,0.6897436153846155,0.4066508211418164,0.3669587930623753
spider2,spider2/spider2-workday002,spider2-workday002,0.7639958106407687,0.7274004043221284,0.31836177260583853,0.5616096047704765,medium,0.6670727841985147,0.5666666666666667,0.4376706016578627,0.4073721466069474
simpleqa,simpleqa/simpleqa-3086,simpleqa-3086,0.7635825966239507,0.7607402399266214,0.16993649714206863,0.5708518938875973,easy,0.930519968139432,0.91,0.2233830790368867,0.6381617730051192
aider-polyglot,aider-polyglot/polyglot_javascript_meetup,polyglot_javascript_meetup,0.7635716136527437,0.7598700907683066,0.3154522468426522,0.45590657637131266,medium,0.6211538461538463,0.6211538461538463,0.4151397070039928,0.6303788590020845
crustbench,crustbench/crustbench-roaring-bitmap,crustbench-roaring-bitmap,0.7634889093931523,0.7572042715804567,0.24793775897088874,0.5378110991935511,easy,0.7442784362368564,0.725,0.3274384050335407,0.5758386552774541
reasoning-gym,reasoning-gym/reasoning-gym-games-sudoku-hard0292e21f-seed45-0,reasoning-gym-games-sudoku-hard0292e21f-seed45-0,0.7634127141537739,0.7555905127661614,0.34967327000410126,0.3487389212636596,easy,0.8341237539672358,0.65,0.4627814458971607,0.5089912363087412
simpleqa,simpleqa/simpleqa-4002,simpleqa-4002,0.7633262811416417,0.7604812638804187,0.22495339153344945,0.5713352588096143,easy,0.8843645147545789,0.85,0.2958039891549808,0.4833442430714724
arc-agi-2,arc-agi-2/arc-agi-2-cbebaa4b_1,arc-agi-2-cbebaa4b_1,0.7632858140447734,0.7583305478644106,0.2061487806052185,0.6899380760208804,hard,0.0862242124513795,0.09,0.2718455443813637,0.5458770570283614
bfcl,bfcl/bfcl-live-multiple-404-140-0,bfcl-live-multiple-404-140-0,0.7630752738684285,0.7521269112294823,0.16292373941942587,0.32509187189600086,easy,0.8999999999999999,0.8999999999999999,0.2166173513896726,0.4888868487685254
simpleqa,simpleqa/simpleqa-1705,simpleqa-1705,0.7628655606721505,0.7600157634031073,0.2610739882740188,0.5730870171090111,easy,0.7305428515726009,0.7,0.3435112807463533,0.5371990798871519
featurebench-modal,featurebench-modal/featurebench-modal-sphinx-doc__sphinx.e347e59c.test_command_line.039d53a2.lv1,featurebench-modal-sphinx-doc__sphinx.e347e59c.test_command_line.039d53a2.lv1,0.7628471070566998,0.7586052902128,0.35647907674584733,0.43502004740864914,medium,0.435256423076923,0.435256423076923,0.4699137764328663,0.5561400207680184
seal0,seal0/seal0-97,seal0-97,0.7627926884951501,0.7518844358119378,0.23802502617169216,0.35258505744087953,medium,0.5903846153846154,0.5903846153846154,0.3165712905263905,0.6791859113334354
kumo,kumo/kumo-mathematicalenv-t4-a6-v1-s1,kumo-mathematicalenv-t4-a6-v1-s1,0.7627149090122367,0.757299175917033,0.18641802997156476,0.4447748919242944,easy,0.9326012695843828,0.9078947368421052,0.2461616701824961,0.545642679880235
gaia,gaia/gaia-a56f1527-3abf-41d6-91f8-7296d6336c3f,gaia-a56f1527-3abf-41d6-91f8-7296d6336c3f,0.7618579282543219,0.7567927211142553,0.3227700993197221,0.41669632673218504,medium,0.5317914601363428,0.51,0.4264973622427224,0.4842908792620456
swebench-multilingual,swebench-multilingual/swebench-multilingual-php-cs-fixer__php-cs-fixer-8075,swebench-multilingual-php-cs-fixer__php-cs-fixer-8075,0.7616070950039903,0.7591924387766891,0.3599981955073613,0.5366152357331774,easy,0.7764361337829733,0.5897436153846154,0.474185696695607,0.0940132534153199
omnimath,omnimath/omnimath_3346,omnimath_3346,0.7611763785106609,0.7219457111657407,0.2862036867075441,0.444788240317173,medium,0.4769230769230769,0.4769230769230769,0.3964338069761576,0.6893078524453414
simpleqa,simpleqa/simpleqa-2089,simpleqa-2089,0.7597068682713017,0.7568243784920953,0.15436249097175694,0.5679733512531899,easy,0.9069814867168708,0.8800000000000001,0.2039607805437113,0.7071702685446783
kumo,kumo/kumo-economicenv-t4-a6-v1-s1,kumo-economicenv-t4-a6-v1-s1,0.759293419784316,0.753810624735869,0.10346417277817348,0.4422688964567136,saturated,0.9678879629452726,0.950980411764706,0.1372548613445542,0.5172105195863237
medagentbench,medagentbench/medagentbench-task2_1,medagentbench-task2_1,0.7590209546233437,0.7501812456746365,0.16622905990491468,0.5181745589439635,easy,0.8999269335573229,0.8699999999999999,0.2215851980616034,0.5409051270147884
medagentbench,medagentbench/medagentbench-task6_14,medagentbench-task6_14,0.758894465052681,0.7500507873144984,0.18125796291303772,0.5361065197074993,easy,0.8507216339942545,0.8400000000000001,0.2416609194718914,0.2113717316428976
swtbench,swtbench/swtbench-pytest-dev__pytest-5631,swtbench-pytest-dev__pytest-5631,0.7587872289441748,0.7343079747777019,0.23146156009707167,0.4186668596121282,hard,0.2492281889517459,0.2958333333333333,0.3152104676067863,0.2112923405511583
algotune,algotune/algotune-feedback-controller-design,algotune-feedback-controller-design,0.7587705373188561,0.7506739443446616,0.25460338994694687,0.33814598139609153,medium,0.5984013257744818,0.5906458308790339,0.3391664142135846,0.5926108388367797
usaco,usaco/usaco-230,usaco-230,0.7586875342328488,0.7525878081067247,0.3000109939145006,0.5878585502188665,medium,0.6375019091706091,0.60416665,0.3986391895840491,0.3417258274586822
aider-polyglot,aider-polyglot/polyglot_javascript_robot-name,polyglot_javascript_robot-name,0.7583911647099039,0.7546199088293807,0.18903970897367406,0.4554683884370577,easy,0.9057692307692308,0.9057692307692308,0.2505098351657932,0.5559873548561792
arc-agi-2,arc-agi-2/arc-agi-2-2ba387bc_0,arc-agi-2-2ba387bc_0,0.7578908296297585,0.7528386209181542,0.3065244015076163,0.6849855200018793,medium,0.4686028649754099,0.4666666499999999,0.4071581783806233,0.7511467639105801
aider-polyglot,aider-polyglot/polyglot_go_bottle-song,polyglot_go_bottle-song,0.7578091025376639,0.7540300420097892,0.29329905321010447,0.45380077767526744,medium,0.5346153846153846,0.5346153846153846,0.3889752886083241,0.6171359761574328
crustbench,crustbench/crustbench-circularbuffer,crustbench-circularbuffer,0.757752398066628,0.7513371023704186,0.26053845241612583,0.5359090667849197,easy,0.8354119683498034,0.8222222083333334,0.346766387010763,0.6076143396998033
omnimath,omnimath/omnimath_683,omnimath_683,0.7575965580405085,0.7178791047666225,0.31012377325918095,0.4424351182115138,medium,0.6306747428314154,0.6240000000000001,0.432,0.6281492231806536
bfcl,bfcl/bfcl-parallel-33,bfcl-parallel-33,0.7569628091003623,0.7457736304370678,0.13827756942095012,0.3325367256223944,easy,0.9153846153846152,0.9153846153846152,0.1854149352799069,0.2877197615847947
simpleqa,simpleqa/simpleqa-3796,simpleqa-3796,0.7569264467878589,0.7540152939234394,0.3303929481486046,0.5609397329773165,medium,0.6721829367703112,0.6,0.4381780460041329,0.5006278003461043
simpleqa,simpleqa/simpleqa-1378,simpleqa-1378,0.7567248868312147,0.7538116602660845,0.2750121483667205,0.5639030351001656,easy,0.7070888064450974,0.6699999999999999,0.3648287269390941,0.5634065067608633
simpleqa,simpleqa/simpleqa-1970,simpleqa-1970,0.756319007397532,0.7534016067469232,0.1814431340691431,0.5621488560394953,easy,0.921989183668628,0.9,0.2408318915758459,0.3906689624756126
seal0,seal0/seal0-17,seal0-17,0.7558003635351387,0.7446181843266105,0.2832237817057882,0.3326256538959658,medium,0.6384615384615385,0.6384615384615385,0.3803610866177266,0.3519212601341597
gaia,gaia/gaia-4fc2f1ae-8625-45b5-ab34-ad4433bc21f8,gaia-4fc2f1ae-8625-45b5-ab34-ad4433bc21f8,0.755362350116218,0.7501787792763489,0.29208844423031427,0.40433896673827396,medium,0.6437691982031623,0.62,0.3893584466786357,0.494899493870217
aime,aime/aime_74,aime_74,0.7547743362895076,0.7439426993647327,0.2931502407365311,0.5056485713436328,easy,0.7402147807546238,0.6849999999999999,0.3940494892776794,0.1627379630300649
simpleqa,simpleqa/simpleqa-2963,simpleqa-2963,0.7547277024141563,0.7517939586977582,0.2329348385452611,0.5662956626579267,easy,0.8454649003732063,0.8,0.3098386676965933,0.72148638659417
aider-polyglot,aider-polyglot/polyglot_javascript_complex-numbers,polyglot_javascript_complex-numbers,0.7547104767872731,0.7508899712565615,0.18265558318070005,0.4553498085580994,easy,0.9076923076923078,0.9076923076923078,0.2432521277052599,0.6085171998670915
aider-polyglot,aider-polyglot/polyglot_rust_gigasecond,polyglot_rust_gigasecond,0.7547104767872731,0.7508899712565614,0.18265558318070002,0.4553498085580994,easy,0.9076923076923078,0.9076923076923078,0.2432521277052599,0.6085171998670915
reasoning-gym,reasoning-gym/reasoning-gym-algorithmic-rotate-matrix-hard0292e21f-seed45-1,reasoning-gym-algorithmic-rotate-matrix-hard0292e21f-seed45-1,0.7546789910153926,0.7466101922535138,0.20905085383098387,0.3476866682517113,easy,0.7731481537632745,0.76,0.28,0.6331164168225059
labbench,labbench/labbench-figqa-0175,labbench-figqa-0175,0.7542049017448289,0.7506609468689566,0.28616377166106244,0.5616965276207235,medium,0.5685092671964534,0.5076923076923077,0.3812157444111959,0.4154654305411371
medagentbench,medagentbench/medagentbench-task5_12,medagentbench-task5_12,0.7539454398820798,0.7449470279628776,0.21384002557142498,0.5383716714896405,easy,0.8480380328486016,0.8400000000000001,0.2870540018881465,0.1251425076809976
swebench-multilingual,swebench-multilingual/swebench-multilingual-fluent__fluentd-4311,swebench-multilingual-fluent__fluentd-4311,0.7537870926728595,0.7513044667482003,0.32461666218705576,0.5384299716991582,easy,0.7947762617056096,0.6845237857142857,0.432070720399232,0.2677838016390015
simpleqa,simpleqa/simpleqa-2237,simpleqa-2237,0.7533685862807928,0.7504209118865172,0.32975855006177157,0.5602229362348184,medium,0.5613275544851142,0.53,0.4394314508543966,0.5231380290108004
aime,aime/aime_60,aime_60,0.7533403409266604,0.7424548606643772,0.1478916581904709,0.504655688204056,easy,0.9401749901201704,0.92333335,0.199192794102165,0.2764838220802283
gpqa-diamond,gpqa-diamond/gpqa-diamond-56,gpqa-diamond-56,0.7532171253399128,0.7471187255912368,0.17216183466684423,0.3240863171012718,easy,0.8577267480081457,0.8300000000000001,0.2304343724360582,0.4865510495601533
gaia,gaia/gaia-7673d772-ef80-4f0f-a602-1bf4485c9b43,gaia-7673d772-ef80-4f0f-a602-1bf4485c9b43,0.7529211383912597,0.7476933538613122,0.30454166184390896,0.4163985404386233,hard,0.2785532024747692,0.3099999999999999,0.407308237088326,0.6706256655691332
aider-polyglot,aider-polyglot/polyglot_javascript_zipper,polyglot_javascript_zipper,0.7527718524161541,0.7489255056525952,0.22438202307866525,0.455063661442614,easy,0.8846153846153846,0.8846153846153846,0.2996052629869299,0.6080333492597881
aime,aime/aime_83,aime_83,0.7526650432118214,0.7417542449021967,0.16862114294689592,0.5041881192476771,easy,0.8890642226182863,0.85666665,0.2273275065235782,0.5161802236080383
crustbench,crustbench/crustbench-expr,crustbench-expr,0.7520867420492355,0.7455434088100777,0.2749935752310705,0.5281138036256698,medium,0.5717186067724616,0.550724652173913,0.3688498509697418,0.6903043833306725
bigcodebench,bigcodebench/bigcodebench_19,bigcodebench_19,0.7513640113079499,0.7176220623065016,0.18481593871787888,0.20727314553974108,saturated,0.9615322641602748,0.9285714285714286,0.2575393768188563,0.4951020043128712
bigcodebench,bigcodebench/bigcodebench_1085,bigcodebench_1085,0.7513539042286608,0.7176108186981044,0.1790035880407105,0.2072784992617691,saturated,0.9615382016068652,0.9333333333333332,0.2494438257849294,0.4950597599921297
bigcodebench,bigcodebench/bigcodebench_34,bigcodebench_34,0.7512897505017199,0.7175394513927487,0.1736886465931826,0.207250042013467,saturated,0.9615264088635228,0.9375,0.2420614591379635,0.4949752763016798
algotune,algotune/algotune-battery-scheduling,algotune-battery-scheduling,0.7511198225091641,0.7428046091478575,0.15459035148341344,0.31900101987543955,medium,0.6937743456293328,0.6913348919057857,0.2081171139483893,0.7060980666995079
kumo,kumo/kumo-sculptorenv-t4-a6-v1-s1,kumo-sculptorenv-t4-a6-v1-s1,0.7510974211221239,0.7454552515976447,0.14171488550254027,0.4367174556295638,saturated,0.95279212842217,0.9313725294117648,0.1901051541307406,0.526181114624539
simpleqa,simpleqa/simpleqa-320,simpleqa-320,0.7505934046233091,0.7476173645628172,0.30377562048112944,0.5613008296930833,medium,0.6766080978641564,0.6300000000000001,0.4063249930782008,0.5407007679356062
reasoning-gym,reasoning-gym/reasoning-gym-algorithmic-ab-hard0292e21f-seed45-1,reasoning-gym-algorithmic-ab-hard0292e21f-seed45-1,0.7505128094920176,0.7423274283599813,0.2655831346200838,0.32831736043261156,medium,0.3981545754001691,0.3999999999999999,0.3577708763999664,0.3380455939140284
aider-polyglot,aider-polyglot/polyglot_javascript_variable-length-quantity,polyglot_javascript_variable-length-quantity,0.7501065517341758,0.7462247884743637,0.2542227120124947,0.4492243822438973,easy,0.7974358846153847,0.7974358846153847,0.340678460350059,0.5943254822276464
medagentbench,medagentbench/medagentbench-task2_25,medagentbench-task2_25,0.7498003606792254,0.7406731733071373,0.17195745056991565,0.5205646290995863,easy,0.8339473892238592,0.8099999999999999,0.2321637353248779,0.2804044852348002
swebench-multilingual,swebench-multilingual/swebench-multilingual-preactjs__preact-3689,swebench-multilingual-preactjs__preact-3689,0.7494699432717965,0.7469500988358824,0.3342592111626277,0.5220160427818429,easy,0.8247415285887274,0.6785714285714286,0.4474987173622024,0.3899864978019999
featurebench-modal,featurebench-modal/featurebench-modal-fastapi__fastapi.02e108d1.test_compat.71e8518f.lv1,featurebench-modal-fastapi__fastapi.02e108d1.test_compat.71e8518f.lv1,0.7493626444280233,0.7449148455477633,0.2097615117293395,0.42664878212752977,hard,0.2057692307692308,0.2057692307692308,0.2815912623879769,0.5329060915032557
gaia,gaia/gaia-50f58759-7bd6-406f-9b0d-5692beb2a926,gaia-50f58759-7bd6-406f-9b0d-5692beb2a926,0.7490911294364079,0.7437942759851255,0.24623972014829523,0.4097135398392809,hard,0.272321895518692,0.2799999999999999,0.3310589071449369,0.6287457526000225
featurebench-modal,featurebench-modal/featurebench-modal-pandas-dev__pandas.82fa2715.test_http_headers.aafb551e.lv1,featurebench-modal-pandas-dev__pandas.82fa2715.test_http_headers.aafb551e.lv1,0.748919272537896,0.7444647650067849,0.25275961256806884,0.43879426108368746,hard,0.1717948846153846,0.1717948846153846,0.3395185701848028,0.5883267063960861
arc-agi-2,arc-agi-2/arc-agi-2-446ef5d2_0,arc-agi-2-446ef5d2_0,0.7486980990636921,0.7434823407002679,0.06481528778839084,0.6765466609443218,frontier,0.0227401611334836,0.02,0.0871779788708134,0.481949980716582
arc-agi-2,arc-agi-2/arc-agi-2-8b7bacbf_0,arc-agi-2-8b7bacbf_0,0.7486980990636921,0.7434823407002679,0.06481528778839084,0.6765466609443219,frontier,0.0227401611334836,0.02,0.0871779788708134,0.481949980716582
arc-agi-2,arc-agi-2/arc-agi-2-13e47133_0,arc-agi-2-13e47133_0,0.7486980990636921,0.7434823407002679,0.09722293168258633,0.6765466609443219,frontier,0.0341102417002255,0.03,0.1307669683062202,0.481949980716582
aider-polyglot,aider-polyglot/polyglot_go_food-chain,polyglot_go_food-chain,0.7485128701129062,0.7446099914692555,0.2600463973399901,0.44535066926778005,medium,0.6230769230769231,0.6230769230769231,0.3492383936815965,0.5279013201691408
aime,aime/aime_88,aime_88,0.7478816994512859,0.7367922597362923,0.2532805726324011,0.5008761828958012,easy,0.7911472626105139,0.7157894736842106,0.3437611745854301,0.6426363657802643
gpqa-diamond,gpqa-diamond/gpqa-diamond-37,gpqa-diamond-37,0.7474007649623859,0.7411801097624836,0.0854077613552744,0.382369872726978,easy,0.9487120007867526,0.940740777777778,0.1152321281026334,0.3047704159837406
labbench,labbench/labbench-figqa-0070,labbench-figqa-0070,0.7470532145697324,0.7434213338698827,0.2577825523099317,0.5154744749390326,hard,0.2851707816754043,0.3230769230769231,0.3467516206026044,0.3067254671329058
livecodebench,livecodebench/livecodebench-abc309_d,livecodebench-abc309_d,0.746995496030234,0.734592231522157,0.06369018662050024,0.4263552452838044,saturated,0.9794870021116464,0.9703703888888888,0.0867014159522584,0.488655579251646
swebench-multilingual,swebench-multilingual/swebench-multilingual-rubocop__rubocop-13431,swebench-multilingual-rubocop__rubocop-13431,0.7469784966991273,0.7444372720765488,0.3561561635071137,0.5211056212212787,easy,0.7451909472847836,0.5666666666666667,0.4784233364802441,0.286510273868542
aider-polyglot,aider-polyglot/polyglot_python_dominoes,polyglot_python_dominoes,0.7468455963940327,0.7429206765284375,0.27047249199117407,0.4469830390975305,medium,0.6769230769230768,0.6769230769230768,0.3640664481907456,0.5429102537568876
aider-polyglot,aider-polyglot/polyglot_python_rest-api,polyglot_python_rest-api,0.7468318163851176,0.7429067145586172,0.3445901575112152,0.44927240509534544,medium,0.4153846153846153,0.4153846153846153,0.4638404132825026,0.6522679953797392
mmau,mmau/mmau-f4d842a3-faf6-40dd-8cf6-ee0f756bdb9a,mmau-f4d842a3-faf6-40dd-8cf6-ee0f756bdb9a,0.7458728314928151,0.7365459466364443,0.044192756798186586,0.4133182840961507,saturated,0.9845825955843688,0.98,0.0599999999999999,0.3921595525942317
replicationbench,replicationbench/replicationbench-lensing_dr6_growth__alens,replicationbench-lensing_dr6_growth__alens,0.7455344132476583,0.7373370085365528,0.2747588507230977,0.5224128750929155,medium,0.442620246526294,0.4264705882352941,0.3726367285814554,0.6519587193792522
gaia,gaia/gaia-c61d22de-5f6c-4958-a7f6-5e9707bd3466,gaia-c61d22de-5f6c-4958-a7f6-5e9707bd3466,0.7454176570401908,0.7400548992678385,0.26318812015522014,0.4058745094034296,medium,0.390597639054652,0.395,0.3556332380416657,0.3856507799030945
swebench-multilingual,swebench-multilingual/swebench-multilingual-jekyll__jekyll-8167,swebench-multilingual-jekyll__jekyll-8167,0.7450290142088664,0.742471110642402,0.3118007699526589,0.524181198114625,medium,0.5238827799327672,0.5222222,0.4199500364167464,0.5317334616364499
gaia,gaia/gaia-840bfca7-4f7b-481a-8794-c560c340185d,gaia-840bfca7-4f7b-481a-8794-c560c340185d,0.7450075591974193,0.739637464777268,0.3106202177129574,0.41806481523103,medium,0.3645350413052884,0.3725,0.4199627959712622,0.42755298705912
aider-polyglot,aider-polyglot/polyglot_go_book-store,polyglot_go_book-store,0.7448997896178253,0.7409492099815724,0.27741351640989015,0.44624274093971167,medium,0.6538461538461539,0.6538461538461539,0.3744028776503986,0.5950875446323336
omnimath,omnimath/omnimath_1254,omnimath_1254,0.7445516133939228,0.7030846645613873,0.2859497438223222,0.4338602894258476,medium,0.5089743461538462,0.5089743461538462,0.4067074112627805,0.4540451410497744
simpleqa,simpleqa/simpleqa-1321,simpleqa-1321,0.7438495648657327,0.7408050389748724,0.32763353901687475,0.555507448598228,medium,0.6377738884906855,0.5800000000000001,0.4422668877499197,0.5635087439901689
medagentbench,medagentbench/medagentbench-task4_12,medagentbench-task4_12,0.7437702031727176,0.7344570152825567,0.19487346754692497,0.5199569106824709,easy,0.8544652540940543,0.8399999999999999,0.265329983228432,0.1384096868242257
ineqmath,ineqmath/ineqmath-58,ineqmath-58,0.7434564207587668,0.7111139523087396,0.167527339413102,0.5045958157577909,easy,0.8731125713619784,0.85,0.2355843797877949,0.147971389648652
kumo,kumo/kumo-languageenv-t4-a6-v1-s1,kumo-languageenv-t4-a6-v1-s1,0.7434327729334202,0.7376431807245147,0.18441077981357137,0.43527671944811175,easy,0.9486440496094908,0.9166666875,0.2499999791666788,0.4907549311126039
algotune,algotune/algotune-lp-mdp,algotune-lp-mdp,0.7429165677970131,0.7343695326487345,0.12742938929687883,0.3220296178483198,easy,0.7683379061498982,0.7640654122006153,0.1735221623877351,0.5517995983983052
replicationbench,replicationbench/replicationbench-muse_outflows__voronoi_binning_for_emission_lines_j080427,replicationbench-muse_outflows__voronoi_binning_for_emission_lines_j080427,0.7425081068208348,0.7342282900560925,0.1502927826690066,0.5295999841694803,hard,0.1156975230776611,0.11,0.2046948949045872,0.5303905195378713
bfcl,bfcl/bfcl-live-multiple-705-164-21,bfcl-live-multiple-705-164-21,0.7424349070146339,0.7306816842964208,0.10179390868749268,0.31808544430028457,saturated,0.953846153846154,0.953846153846154,0.1393136175098064,0.192288391296486
labbench,labbench/labbench-figqa-0105,labbench-figqa-0105,0.7423928066003114,0.7387040896578333,0.32977155528742713,0.5712460638736516,medium,0.5453835772624819,0.4615384615384615,0.4464190193399049,0.5987948441230857
seal0,seal0/seal0-104,seal0-104,0.7423087480957307,0.7306056597427665,0.26107884877392723,0.33774344694144715,easy,0.7903846153846155,0.7903846153846155,0.3573457792071424,0.5760031956937004
kumo,kumo/kumo-pollutionenv-t4-a6-v1-s1,kumo-pollutionenv-t4-a6-v1-s1,0.7421452075638523,0.7363310036831959,0.1746229071841783,0.4047664010574647,easy,0.9487027958070288,0.9259259444444444,0.2371527292898144,0.5938412822041366
kumo,kumo/kumo-currencyenv-t4-a6-v1-s0,kumo-currencyenv-t4-a6-v1-s0,0.7421452074322463,0.7363310035490767,0.17040126639755124,0.4047664010204078,easy,0.9487027958070222,0.9298245789473684,0.2314193828267805,0.5938412820999629
kumo,kumo/kumo-craftsmanenv-t4-a6-v1-s1,kumo-craftsmanenv-t4-a6-v1-s1,0.7421449934391903,0.7363307854692359,0.1791690974865065,0.4047663079885295,easy,0.948702512762979,0.9215686470588236,0.2433269136945412,0.593841269574464
labbench,labbench/labbench-figqa-0020,labbench-figqa-0020,0.7420695486309414,0.7383769028614051,0.23766103317617132,0.5185852285162078,hard,0.1908575888719141,0.22,0.3218695387886216,0.2597171374028978
featurebench-modal,featurebench-modal/featurebench-modal-pandas-dev__pandas.82fa2715.test_spec_conformance.3aff206b.lv1,featurebench-modal-pandas-dev__pandas.82fa2715.test_spec_conformance.3aff206b.lv1,0.7419417061657662,0.737382158377289,0.2018231012252075,0.4307636780323226,hard,0.1320512692307692,0.1320512692307692,0.273702175910178,0.5907277337927737
aider-polyglot,aider-polyglot/polyglot_python_zebra-puzzle,polyglot_python_zebra-puzzle,0.7413972490152996,0.7374006533404793,0.18710805979659947,0.44551724665465614,easy,0.9076922696297224,0.904,0.2537400244344593,0.7015537682244589
medagentbench,medagentbench/medagentbench-task6_5,medagentbench-task6_5,0.7411568044177722,0.7317634987849102,0.19566978304788454,0.5086467642545492,easy,0.7586349848814057,0.7499999999999999,0.2673948391424187,0.4080035617294082
medagentbench,medagentbench/medagentbench-task1_2,medagentbench-task1_2,0.741055705176723,0.7316593061755893,0.22610521886927862,0.5259990780107112,medium,0.6664196740346552,0.6500000000000001,0.3090307428072488,0.6725707669481492
labbench,labbench/labbench-figqa-0129,labbench-figqa-0129,0.7409892130860573,0.7372834497752708,0.30520413382787837,0.5675609717127286,medium,0.5993851866695358,0.5692307692307692,0.4139576629868834,0.6684247591515471
bixbench,bixbench/bix-12-q4,bix-12-q4,0.7408600002435685,0.7116379050252478,0.2718233236829518,0.44241905005977583,medium,0.3777684207332715,0.39,0.3819685850956856,0.7136443127359313
gaia,gaia/gaia-0a3cd321-3e76-4622-911b-0fda2e5d6b1a,gaia-0a3cd321-3e76-4622-911b-0fda2e5d6b1a,0.7406197958879966,0.735171465290158,0.2582208012144862,0.406881196707964,medium,0.4454167099355735,0.4275,0.3512388788275011,0.6185843534054135
humanevalfix,humanevalfix/humanevalfix-python-65,humanevalfix-python-65,0.7404544259928073,0.7169854771358246,0.09908215865806123,0.44267132262895453,saturated,0.9788884800145567,0.9583333333333334,0.1381926995981416,0.2771792571944119
mmmlu,mmmlu/mmmlu-ar-xy-00004,mmmlu-ar-xy-00004,0.7403728364149714,0.7332007880341788,0.1510006645752952,0.39242852091758856,easy,0.9256088807786534,0.8925926111111111,0.2059472207881154,0.5047954934395502
aime,aime/aime_i-8,aime_i-8,0.7402097250503297,0.7288363028178164,0.12601126727516224,0.49981025124418,easy,0.8852510978459549,0.8596491578947368,0.1728937853232328,0.319981781553764
medagentbench,medagentbench/medagentbench-task2_8,medagentbench-task2_8,0.7400941422893211,0.7306683442950764,0.21314987008699465,0.5126819913820557,easy,0.7641695109003606,0.7700000000000001,0.2917190429162964,0.4082942682145312
swebench-multilingual,swebench-multilingual/swebench-multilingual-nushell__nushell-12950,swebench-multilingual-nushell__nushell-12950,0.7400445957744655,0.7374442488789258,0.3331433534070682,0.509306819253382,easy,0.8389024827052436,0.7142857142857143,0.4517539514526256,0.47227478945455
reasoning-gym,reasoning-gym/reasoning-gym-algorithmic-spiral-matrix-hard0292e21f-seed45-2,reasoning-gym-algorithmic-spiral-matrix-hard0292e21f-seed45-2,0.7397905799551637,0.731308275466456,0.25994327213788865,0.33810088474441535,medium,0.6945059495376475,0.65666665,0.355449652162198,0.4318067977228632
simpleqa,simpleqa/simpleqa-3276,simpleqa-3276,0.7395356240490344,0.736447618797014,0.21483579451345045,0.5512792061093739,easy,0.8989361416082773,0.8699999999999999,0.2917190429162964,0.6400192019377983
humanevalfix,humanevalfix/humanevalfix-python-46,humanevalfix-python-46,0.739351792945376,0.7158001203225088,0.04210588943073581,0.447732492254168,saturated,0.990115760718864,0.9852941176470588,0.0588235294117647,0.2208328376616546
humanevalfix,humanevalfix/humanevalfix-python-70,humanevalfix-python-70,0.7392896509037636,0.7157333203335116,0.09359427641575806,0.4477240509706873,saturated,0.9762855367038608,0.97,0.1307669683062202,0.220701979674053
gaia,gaia/gaia-db4fd70a-2d37-40ea-873f-9433dc5e301f,gaia-db4fd70a-2d37-40ea-873f-9433dc5e301f,0.7381096595834538,0.7326167864454505,0.19708446876586674,0.39323403848555166,medium,0.3965427051980835,0.3725,0.2690144048187754,0.6209699075797229
reasoning-gym,reasoning-gym/reasoning-gym-algorithmic-binary-alternation-hard0292e21f-seed45-2,reasoning-gym-algorithmic-binary-alternation-hard0292e21f-seed45-2,0.7380485155502107,0.7295183930467773,0.19529189582426612,0.3474978687366049,easy,0.7928086661744194,0.78105265,0.2676997560111467,0.6234242873376473
simpleqa,simpleqa/simpleqa-2074,simpleqa-2074,0.7380305358004067,0.734927421653582,0.27684434058232144,0.5518699033788538,medium,0.6419392097587112,0.6099999999999999,0.3766961640367472,0.6302884808115536
featurebench-modal,featurebench-modal/featurebench-modal-lightning-ai__pytorch-lightning.126fa6f1.test_data.12056068.lv1,featurebench-modal-lightning-ai__pytorch-lightning.126fa6f1.test_data.12056068.lv1,0.7379521056333882,0.733332952234608,0.18701181410230014,0.43185253484135405,hard,0.1211538461538461,0.1211538461538461,0.2550162426663616,0.4256939598297424
aider-polyglot,aider-polyglot/polyglot_go_bowling,polyglot_go_bowling,0.7375178645300832,0.7334705610329566,0.3285997713767481,0.4525479939016614,medium,0.5076923076923077,0.5076923076923077,0.4480067624172626,0.6399879787047977
seal0,seal0/seal0-11,seal0-11,0.7374272124075619,0.725538122170285,0.2624768699357175,0.32095184505335006,medium,0.6634615384615384,0.6634615384615384,0.3617685438093544,0.2902348339609947
ineqmath,ineqmath/ineqmath-57,ineqmath-57,0.7373910741241859,0.7044211743850213,0.20710625722031023,0.5076473733327602,medium,0.6133299373816767,0.5861111333333333,0.2940091308315932,0.1302038481137542
kumo,kumo/kumo-fungalenv-t4-a6-v1-s0,kumo-fungalenv-t4-a6-v1-s0,0.7364352563684646,0.7305124393368035,0.16060201481067204,0.4296391323561979,easy,0.942186123975287,0.9,0.2198484326378819,0.5194266708204744
livecodebench,livecodebench/livecodebench-abc341_e,livecodebench-abc341_e,0.7362246258888538,0.7233789208325705,0.19558004323797393,0.41807409861444794,easy,0.8999622070292664,0.8700000000000001,0.2703701166919154,0.5164164093331934
usaco,usaco/usaco-84,usaco-84,0.7351115857229316,0.7285090493613073,0.20963727407772792,0.5664312959778427,easy,0.9021076137246,0.8666666842105264,0.2877620727724926,0.5208338318051801
kumo,kumo/kumo-cloudenv-t4-a6-v1-s0,kumo-cloudenv-t4-a6-v1-s0,0.7350026898678415,0.7290527591449425,0.16690880109487552,0.3976209609085323,easy,0.9391013516742042,0.92083335,0.2289392626270721,0.5904008458901513
medagentbench,medagentbench/medagentbench-task4_13,medagentbench-task4_13,0.7345329812782325,0.7249379460401707,0.2144395363285007,0.5088285643198068,easy,0.7507986639975184,0.75,0.2958039891549808,0.1290472428101781
humanevalfix,humanevalfix/humanevalfix-python-54,humanevalfix-python-54,0.7345298177084514,0.7106180340200093,0.057337688730465415,0.4473134230922256,saturated,0.9859354837463212,0.9791666875,0.0806870723588348,0.2327022685579973
aider-polyglot,aider-polyglot/polyglot_javascript_affine-cipher,polyglot_javascript_affine-cipher,0.7341119110356465,0.73002031249859,0.2155226733718189,0.4385970286734151,easy,0.8230769230769232,0.8230769230769232,0.2952283240368537,0.5779718772632515
aider-polyglot,aider-polyglot/polyglot_rust_macros,polyglot_rust_macros,0.7339364593968005,0.7298425847645265,0.3050310320887611,0.44507775926403575,medium,0.6615384615384615,0.6615384615384615,0.4179408525294192,0.6094719140984448
algotune,algotune/algotune-max-common-subgraph,algotune-max-common-subgraph,0.7336212409761956,0.7248147561572976,0.21006769335475392,0.327558912308951,medium,0.6137480242357897,0.6061768413211747,0.2898225947667731,0.6607469438395229
replicationbench,replicationbench/replicationbench-eht_resolve__eht_ring_width,replicationbench-eht_resolve__eht_ring_width,0.7334089144730465,0.7248834284298269,0.24793728171178506,0.5234032584087556,hard,0.2862266261966106,0.2852941176470588,0.3420374531789795,0.5588104473632616
featurebench-modal,featurebench-modal/featurebench-modal-astropy__astropy.b0db0daa.test_functions.40530bf7.lv1,featurebench-modal-astropy__astropy.b0db0daa.test_functions.40530bf7.lv1,0.733090904984622,0.7283995702067309,0.21729525690103882,0.420443099531485,hard,0.1846153846153846,0.1846153846153846,0.2983187604563895,0.5257978535994163
simpleqa,simpleqa/simpleqa-493,simpleqa-493,0.7330885107708568,0.7299360063006483,0.18695483734874466,0.5448306790736995,easy,0.9070497545789132,0.8800000000000001,0.2561249694973139,0.632889503333977
gpqa-diamond,gpqa-diamond/gpqa-diamond-53,gpqa-diamond-53,0.7330603055505958,0.7265424261366031,0.29969705197737084,0.33267524966656464,easy,0.7102455555951395,0.6611111111111111,0.4124976617965905,0.3995118803304444
medagentbench,medagentbench/medagentbench-task1_15,medagentbench-task1_15,0.732664341867241,0.7230127427422304,0.26058566856060367,0.5274152056995923,medium,0.6096492345577545,0.61,0.360416425818802,0.3928418851763828
gaia,gaia/gaia-cf106601-ab4f-4af9-b045-5295fe67b37d,gaia-cf106601-ab4f-4af9-b045-5295fe67b37d,0.7325072011312351,0.7269154750156086,0.24370647615246024,0.3987455751345134,easy,0.7728555819296641,0.74,0.3352610922848042,0.668376620136326
aider-polyglot,aider-polyglot/polyglot_go_error-handling,polyglot_go_error-handling,0.732384767965926,0.7282707878298149,0.2910927706591046,0.4398222945673941,medium,0.6153846153846154,0.6153846153846154,0.3997040325158947,0.5810574563484397
aider-polyglot,aider-polyglot/polyglot_rust_word-count,polyglot_rust_word-count,0.7323426074811642,0.7282280816730886,0.20718920233942253,0.44066796858517565,easy,0.8461538461538461,0.8461538461538461,0.284511415521645,0.5922389529143531
simpleqa,simpleqa/simpleqa-140,simpleqa-140,0.7320613349507351,0.7288986073550582,0.3113002987410641,0.5459847262561045,medium,0.6034158521860414,0.5599999999999999,0.4270831300812524,0.617530103599436
aime,aime/aime_75,aime_75,0.7313206588972933,0.7196221115662127,0.10048975906714468,0.4894094945326971,saturated,0.9609007315901904,0.95,0.1396424004376894,0.4059589962588472
aider-polyglot,aider-polyglot/polyglot_javascript_react,polyglot_javascript_react,0.7313178288327389,0.7271900494774928,0.19417713936085843,0.4398073580051611,easy,0.8846153846153846,0.8846153846153846,0.2670239224263043,0.6096717870721848
lawbench,lawbench/lawbench-2-7-13-one-shot,lawbench-2-7-13-one-shot,0.7312537057637487,0.7280372646405417,0.11467711026172156,0.6064382668259191,hard,0.2878147909840188,0.2546678666666667,0.1575154402547537,0.2545568281171529
featurebench-modal,featurebench-modal/featurebench-modal-astropy__astropy.b0db0daa.test_vo.8fd473ce.lv1,featurebench-modal-astropy__astropy.b0db0daa.test_vo.8fd473ce.lv1,0.7312302694557912,0.7265114367602157,0.2246742869278195,0.42762538047574644,hard,0.2115384615384615,0.2115384615384615,0.3092508604265414,0.3698564218196477
gaia,gaia/gaia-e2d69698-bc99-4e85-9880-67eaccd66e6c,gaia-e2d69698-bc99-4e85-9880-67eaccd66e6c,0.7309584062160698,0.7253394894588264,0.28082911976460306,0.4123821690993573,hard,0.2972789589069806,0.3099999999999999,0.3871692136521187,0.39858543163873
humanevalfix,humanevalfix/humanevalfix-python-60,humanevalfix-python-60,0.730682187956347,0.706484986002077,0.0976310674411823,0.44669609076952893,saturated,0.9778241925829236,0.9583333333333334,0.1381926995981416,0.2141373457485396
lawbench,lawbench/lawbench-2-4-10-zero-shot,lawbench-2-4-10-zero-shot,0.7301466072186192,0.7269190184195515,0.05964576155981298,0.6162059010283236,hard,0.1144956799529658,0.107,0.0820528285110675,0.0486964254885951
gaia,gaia/gaia-08c0b6e9-1b43-4c2e-ae55-4e3fce2c2715,gaia-08c0b6e9-1b43-4c2e-ae55-4e3fce2c2715,0.730080357619669,0.7244460522307948,0.23575126414629413,0.40226550682984136,medium,0.3347066584525858,0.31,0.3254228019054595,0.7237737988929587
usaco,usaco/usaco-206,usaco-206,0.7297713280989685,0.7230571879243552,0.3075879720838116,0.5622861862886498,medium,0.6269200185796963,0.6027777777777777,0.4253992315141618,0.1133309631929811
reasoning-gym,reasoning-gym/reasoning-gym-graphs-largest-island-hard0292e21f-seed45-1,reasoning-gym-graphs-largest-island-hard0292e21f-seed45-1,0.729213005549341,0.7204421795915599,0.22927159768380684,0.3205349021930354,medium,0.577976768662424,0.565,0.3182373328193912,0.4946509575987666
featurebench-modal,featurebench-modal/featurebench-modal-huggingface__transformers.e2e8dbed.test_video_processing_auto.c41f8df4.lv1,featurebench-modal-huggingface__transformers.e2e8dbed.test_video_processing_auto.c41f8df4.lv1,0.7289713364907231,0.7242192159956631,0.19708345598492877,0.4224390252528716,hard,0.1559155498675038,0.162,0.2721323207559146,0.3896146610472999
simpleqa,simpleqa/simpleqa-3685,simpleqa-3685,0.7289593541216235,0.7257658421760689,0.19420170372357434,0.5421000133049271,easy,0.860615041593391,0.82,0.267581763205193,0.6129374003701407
swebench-multilingual,swebench-multilingual/swebench-multilingual-astral-sh__ruff-15356,swebench-multilingual-astral-sh__ruff-15356,0.728937720171515,0.7262438364626769,0.350809101459288,0.5110978938248921,medium,0.5381140276038228,0.5,0.4830458915396479,0.5593585634849249
spider2,spider2/spider2-google_play002,spider2-google_play002,0.7288883586711693,0.687879412433608,0.30299326328610543,0.37822766944507696,hard,0.2611523285110071,0.360784294117647,0.4404743881113747,0.5393358800718546
kumo,kumo/kumo-astronomyenv-t4-a6-v1-s1,kumo-astronomyenv-t4-a6-v1-s1,0.7280798135331211,0.7219996256805066,0.25780543261160327,0.4161837911620815,easy,0.8846109147131748,0.85,0.3570714214271425,0.5487090923755409
swebench-verified,swebench-verified/swebench-verified-django__django-16100,swebench-verified-django__django-16100,0.7277436411822535,0.6487772085026655,0.23669256304512654,0.511058169698113,medium,0.6567718193330664,0.63,0.3648287269390939,0.4949132072715013
featurebench-modal,featurebench-modal/featurebench-modal-netflix__metaflow.b390a8d4.test_stub_generator.7bf08c98.lv1,featurebench-modal-netflix__metaflow.b390a8d4.test_stub_generator.7bf08c98.lv1,0.7275520306160759,0.7227790492403138,0.33693265591767135,0.4150121601912342,medium,0.55,0.55,0.466162731573098,0.6640702399410958
gaia,gaia/gaia-d0633230-7067-47a9-9dbf-ee11e0a2cdd6,gaia-d0633230-7067-47a9-9dbf-ee11e0a2cdd6,0.7274889028689651,0.7218092911192068,0.251826372628898,0.395294844225327,medium,0.3614337714801546,0.3625,0.3488821434238215,0.7088932178170526
labbench,labbench/labbench-figqa-0015,labbench-figqa-0015,0.7271742877343433,0.723302503850563,0.1565810521467889,0.5137066952484678,hard,0.0582879804437796,0.0923076923076923,0.2164807273764659,0.5238058228008595
gaia,gaia/gaia-7b5377b0-3f38-4103-8ad2-90fe89864c04,gaia-7b5377b0-3f38-4103-8ad2-90fe89864c04,0.7271734434685724,0.721488327901571,0.2717818855178087,0.4067499758371438,medium,0.5095727158108275,0.4899999999999999,0.3766961640367472,0.3345654566935958
reasoning-gym,reasoning-gym/reasoning-gym-algorithmic-game-of-life-halting-easy00cea0a5-seed45-0,reasoning-gym-algorithmic-game-of-life-halting-easy00cea0a5-seed45-0,0.7270497477881088,0.7182204526931328,0.17162313167481302,0.3316816786311448,easy,0.895152582022881,0.8699999999999999,0.2389560629069704,0.4084663765375515
aider-polyglot,aider-polyglot/polyglot_python_grep,polyglot_python_grep,0.7268431995090897,0.7226577719922809,0.32511581098243686,0.43667573379079466,medium,0.4019230769230769,0.4019230769230769,0.4498890395741978,0.6045610544129136
labbench,labbench/labbench-figqa-0011,labbench-figqa-0011,0.7268046711758007,0.7229284892884723,0.1964532781800443,0.5086247041712226,medium,0.413455355892404,0.4000000000000001,0.271746488194703,0.5393013363058364
gpqa-diamond,gpqa-diamond/gpqa-diamond-139,gpqa-diamond-139,0.7264137185551925,0.7197601064737474,0.25016220707248754,0.3351889733199577,easy,0.7281840826052235,0.7087719473684211,0.3475633128627864,0.5489825615971518
swebench-multilingual,swebench-multilingual/swebench-multilingual-astral-sh__ruff-15309,swebench-multilingual-astral-sh__ruff-15309,0.7261689384393204,0.7234519609950153,0.2979444434876013,0.5123787425737399,medium,0.504031197257603,0.4622222666666667,0.4118372187115465,0.5201980901994552
featurebench-modal,featurebench-modal/featurebench-modal-huggingface__transformers.e2e8dbed.test_modeling_informer.de781186.lv1,featurebench-modal-huggingface__transformers.e2e8dbed.test_modeling_informer.de781186.lv1,0.7257252764840695,0.7209255070345916,0.09842429578357348,0.43199605934392726,frontier,0.0461538461538461,0.0461538461538461,0.1365249180715295,0.1797623874334626
medagentbench,medagentbench/medagentbench-task4_28,medagentbench-task4_28,0.7254006735403764,0.7155306473550683,0.17138228687912052,0.510062168591603,easy,0.8483529431214708,0.8274999999999999,0.2395177446453602,0.3625647561463986
swesmith,swesmith/swesmith-oauthlib__oauthlib.1fd52536.combine_file__kruun5qz,swesmith-oauthlib__oauthlib.1fd52536.combine_file__kruun5qz,0.7252371565454104,0.6031695205920596,0.14952435819369694,0.38180078986437554,hard,0.0844574024514864,0.0823529411764705,0.2478977353612409,0.5766922603634782
aider-polyglot,aider-polyglot/polyglot_go_alphametics,polyglot_go_alphametics,0.7252353098831368,0.7210292558378345,0.17007136812146764,0.44121313157820363,easy,0.8884615384615385,0.8884615384615385,0.2358730477917225,0.4760423737767175
aider-polyglot,aider-polyglot/polyglot_javascript_bowling,polyglot_javascript_bowling,0.7248437174867262,0.7206326470486158,0.19963678577347635,0.43806534915954726,easy,0.8692307692307693,0.8692307692307693,0.2770298939287555,0.6177087983513229
simpleqa,simpleqa/simpleqa-1807,simpleqa-1807,0.7246108085644872,0.7213743653146989,0.2717389562484902,0.5393096763347702,medium,0.6075122150178481,0.5900000000000001,0.3766961640367472,0.5946455557331844
replicationbench,replicationbench/replicationbench-gw_nsbh__mtov_spin,replicationbench-gw_nsbh__mtov_spin,0.7241374630872557,0.715364926070635,0.1347850796622074,0.5101798031381307,hard,0.1393105469229727,0.15,0.1884144368141677,0.5014100169338938
kumo,kumo/kumo-chemicalenv-t4-a6-v1-s1,kumo-chemicalenv-t4-a6-v1-s1,0.7239034702103027,0.7177453192307952,0.17080648624866016,0.39212082120849573,easy,0.9358941312684258,0.9122807368421052,0.2379764544221797,0.5822424881133297
strongreject,strongreject/strongreject_disinformation_and_deception_0045_pap_logical_appeal,strongreject_disinformation_and_deception_0045_pap_logical_appeal,0.7237093282309801,0.6251017325428322,0.18953027576670614,0.4039172352596454,easy,0.8634232768711064,0.86875,0.3031990888838553,-0.3138862943689201
aider-polyglot,aider-polyglot/polyglot_go_zebra-puzzle,polyglot_go_zebra-puzzle,0.7235165026327363,0.7192884508832373,0.2134507477276759,0.4371269400457327,easy,0.7961538461538462,0.7961538461538462,0.2967526413993897,0.5268326631649504
reasoning-gym,reasoning-gym/reasoning-gym-algorithmic-manipulate-matrix-hard0292e21f-seed45-2,reasoning-gym-algorithmic-manipulate-matrix-hard0292e21f-seed45-2,0.7234369394816187,0.7145104031038464,0.26170464489231765,0.32013929463042406,medium,0.5818818449704272,0.58329315,0.3662712869616283,0.4593467755557062
usaco,usaco/usaco-1114,usaco-1114,0.7233268287574154,0.7164791327025376,0.30168083584116995,0.5571725697694551,easy,0.7476336015132736,0.6694444444444445,0.4210601845489051,0.1574799954130774
medagentbench,medagentbench/medagentbench-task1_6,medagentbench-task1_6,0.7231172731571266,0.7131790570920261,0.24653724244670058,0.49781733971103126,medium,0.6737189852921861,0.65,0.3456877203488721,0.68060251804544
gpqa-diamond,gpqa-diamond/gpqa-diamond-142,gpqa-diamond-142,0.722923156494857,0.7161987759495234,0.29412715939664114,0.3128622045900421,medium,0.4490516879551842,0.4447368421052631,0.4106781095886301,0.640575934489225
humanevalfix,humanevalfix/humanevalfix-python-2,humanevalfix-python-2,0.7226190075593599,0.6978292185753084,0.09297505089065546,0.4446150976554428,saturated,0.9764529083869924,0.9615384615384616,0.1332346775052982,0.1851222847081776
livecodebench,livecodebench/livecodebench-3653,livecodebench-3653,0.7225187654551818,0.7091200444827824,0.08567967824004212,0.41563167954340174,saturated,0.9730766584721036,0.9611111111111112,0.1208253509496197,0.50670594784273
livecodebench,livecodebench/livecodebench-abc330_c,livecodebench-abc330_c,0.7225187654551818,0.7091200444827824,0.08567967824004212,0.41563167954340174,saturated,0.9730766584721036,0.9611111111111112,0.1208253509496197,0.50670594784273
gaia,gaia/gaia-87c610df-bef7-4932-b950-1d83ef4e282b,gaia-87c610df-bef7-4932-b950-1d83ef4e282b,0.7220903010577929,0.7163168396824223,0.21774146800434102,0.39474053964484335,easy,0.7619199899675725,0.74,0.3039736830714133,0.6276652043919922
simpleqa,simpleqa/simpleqa-2478,simpleqa-2478,0.7218858819231118,0.7186226699444545,0.2962085586958968,0.5424448749311233,medium,0.5269766994346269,0.51,0.4121892769104989,0.6525864182919986
crustbench,crustbench/crustbench-recordmanager,crustbench-recordmanager,0.7218839451459778,0.7146749248288733,0.2851538443072281,0.5073760121797833,medium,0.4253021745077747,0.4022727272727273,0.398997970126778,0.7276020559174716
bfcl,bfcl/bfcl-parallel-multiple-155,bfcl-parallel-multiple-155,0.7215030387759314,0.7089576976400234,0.06452692772432296,0.30166660315339705,saturated,0.9692307692307692,0.9692307692307692,0.0910166120476864,0.6378138602029291
labbench,labbench/labbench-figqa-0025,labbench-figqa-0025,0.7210198954171878,0.7170751792131423,0.28126002550160434,0.5485716874326688,medium,0.5146195651804502,0.3999999999999999,0.3922322702763681,0.6288892212657208
medagentbench,medagentbench/medagentbench-task6_6,medagentbench-task6_6,0.7208932676139584,0.7108888535830609,0.19597853230212875,0.5013204349088988,easy,0.8238521486900771,0.8,0.2756809750418044,0.3481690867925919
gaia,gaia/gaia-d1af70ea-a9a4-421a-b9cc-94b5e02f1788,gaia-d1af70ea-a9a4-421a-b9cc-94b5e02f1788,0.7205522733165964,0.7147522068354266,0.28266619919322505,0.39681984403045145,medium,0.5386710240229932,0.5399999999999999,0.3954743986657038,0.5514348589453417
medagentbench,medagentbench/medagentbench-task5_22,medagentbench-task5_22,0.7199606513707277,0.7099285418972291,0.1925987854234392,0.509229889692623,easy,0.8850457058490664,0.8800000000000001,0.2712931993250107,0.1043676472896778
swesmith,swesmith/swesmith-oauthlib__oauthlib.1fd52536.combine_file__0qgnxkrq,swesmith-oauthlib__oauthlib.1fd52536.combine_file__0qgnxkrq,0.7192678559947294,0.5952793615803008,0.1440354011917064,0.3594000481382865,hard,0.1519709801231663,0.1851851666666666,0.2419626993439392,0.4062873525700416
medagentbench,medagentbench/medagentbench-task5_2,medagentbench-task5_2,0.7191101431581706,0.7090528095624291,0.17076252935408784,0.507304759776812,easy,0.9041071206055912,0.9,0.2408318915758459,0.13081694213971
kumo,kumo/kumo-martialartsenv-t4-a6-v1-s1,kumo-martialartsenv-t4-a6-v1-s1,0.7179028600478637,0.7116335030950558,0.1779083609480746,0.4264055977629532,easy,0.9487056311406056,0.9166666875,0.2499999791666788,0.5259133471959541
aider-polyglot,aider-polyglot/polyglot_python_hangman,polyglot_python_hangman,0.7176154173455173,0.7133122487082565,0.32466269149592214,0.4356332454877168,medium,0.4230769230769231,0.4230769230769231,0.4551480674611388,0.6039856913100142
aider-polyglot,aider-polyglot/polyglot_rust_parallel-letter-frequency,polyglot_rust_parallel-letter-frequency,0.7171982276160754,0.7128897722642412,0.1906743094068309,0.43274324390153646,easy,0.8999999999999999,0.8999999999999999,0.2674667484725186,0.589850100080692
spider2,spider2/spider2-salesforce001,spider2-salesforce001,0.7169949379412427,-0.7527330259661099,0.3381087355492382,0.5753021547822242,medium,0.3254280970493549,0.4177778,0.4491748387355344,-0.3633399884400251
gaia,gaia/gaia-6b078778-0b90-464d-83f6-59511c811b01,gaia-6b078778-0b90-464d-83f6-59511c811b01,0.7167022459471514,0.7108358376681195,0.23403669488241743,0.38703539000863585,medium,0.6967758665032074,0.66,0.3292415526630866,0.4552056952700509
featurebench-modal,featurebench-modal/featurebench-modal-mlflow__mlflow.93dab383.test_trace.17fde8b0.lv1,featurebench-modal-mlflow__mlflow.93dab383.test_trace.17fde8b0.lv1,0.7164023838509758,0.7114669778500232,0.11573972213633596,0.42356155750779984,hard,0.0743791844110942,0.07733332,0.1626775742791169,0.5192614146798269
aime,aime/aime_ii-12,aime_ii-12,0.7159285607872605,0.7036769458398718,0.1801470239471351,0.4787521694868074,easy,0.8537174040428641,0.8157894736842104,0.2560081369897959,0.2943821672572735
swebench-multilingual,swebench-multilingual/swebench-multilingual-preactjs__preact-4245,swebench-multilingual-preactjs__preact-4245,0.7156225616806048,0.7128184366847299,0.3289931246237215,0.5140322125344374,easy,0.8439743530978387,0.6923076923076923,0.4615384615384615,0.3800999296866395
bixbench,bixbench/bix-28-q3,bix-28-q3,0.7154653192821311,0.6839265887692545,0.20531329248074742,0.4034901530740327,hard,0.1328396957657928,0.1225,0.3001978514246896,0.6048989551709305
featurebench-modal,featurebench-modal/featurebench-modal-mlflow__mlflow.93dab383.test_scorer_description.9163195a.lv1,featurebench-modal-mlflow__mlflow.93dab383.test_scorer_description.9163195a.lv1,0.7153527702014072,0.7104022064183398,0.3146881315959134,0.4145866067513387,medium,0.3118327287262522,0.324,0.442971782397028,0.502077369331129
kumo,kumo/kumo-celestialenv-t4-a6-v1-s0,kumo-celestialenv-t4-a6-v1-s0,0.7151437301595114,0.7088235611527206,0.1622775434229992,0.39129155384993214,easy,0.9391019593632528,0.92083335,0.2289392626270721,0.5685692961527999
gaia,gaia/gaia-da52d699-e8d2-4dc5-9191-a2199e0b6a9b,gaia-da52d699-e8d2-4dc5-9191-a2199e0b6a9b,0.7148473576386385,0.7089491177732159,0.2480308920977182,0.3952871844264888,medium,0.570245764230561,0.5599999999999999,0.349857113690718,0.7220850105874249
gpqa-diamond,gpqa-diamond/gpqa-diamond-1,gpqa-diamond-1,0.7137028951635775,0.706793281735774,0.11374761380559495,0.3287349355774748,easy,0.9247638712570008,0.91,0.1609347693943108,0.4560323295610042
swebench-multilingual,swebench-multilingual/swebench-multilingual-phpoffice__phpspreadsheet-3463,swebench-multilingual-phpoffice__phpspreadsheet-3463,0.7136020677287422,0.7107813945922795,0.31807376240496255,0.4945183160460492,easy,0.8196706295211459,0.6785714285714286,0.4474987173622024,0.4707399674527445
labbench,labbench/labbench-figqa-0095,labbench-figqa-0095,0.7126643056004908,0.7086215856174567,0.2570623163420499,0.49746425336211736,hard,0.1640427043926527,0.2615384615384615,0.3627638806938952,0.2846758324382498
bfcl,bfcl/bfcl-live-multiple-220-94-2,bfcl-live-multiple-220-94-2,0.7124255290432002,0.6995442024170343,0.03728141848389379,0.3017504986276266,saturated,0.9846153846153848,0.9846153846153848,0.0532938710021192,0.684369133837174
medagentbench,medagentbench/medagentbench-task1_19,medagentbench-task1_19,0.7124226482759456,0.7021680755102537,0.2522924192458254,0.4888041568468234,medium,0.6377433631559174,0.6300000000000001,0.3593048844644336,0.5529537368848502
gaia,gaia/gaia-a7feb290-76bb-4cb7-8800-7edaf7954f2f,gaia-a7feb290-76bb-4cb7-8800-7edaf7954f2f,0.7123824519129102,0.7064420437442703,0.2086995280806242,0.3941840730858609,hard,0.2395670607433118,0.235,0.295423424934449,0.611655369409088
swebench-verified,swebench-verified/swebench-verified-sympy__sympy-17139,swebench-verified-sympy__sympy-17139,0.7118805583514183,0.6294209484330205,0.20013210845836624,0.5618256184174139,easy,0.8051458434251424,0.77,0.3179622619116929,0.4305329562448165
featurebench-modal,featurebench-modal/featurebench-modal-pandas-dev__pandas.82fa2715.test_col.a592871d.lv2,featurebench-modal-pandas-dev__pandas.82fa2715.test_col.a592871d.lv2,0.7117683308823786,0.7067661752063332,0.1813811620507737,0.41721857512649263,hard,0.098076923076923,0.098076923076923,0.2566353178939574,0.4337210106747082
mmmlu,mmmlu/mmmlu-ja-jp-00094,mmmlu-ja-jp-00094,0.7116660386168802,0.7038377330985427,0.06371507769802719,0.3968593315974154,saturated,0.9775553037253216,0.9692982631578948,0.0905252371417072,0.1039813221404567
mmmlu,mmmlu/mmmlu-en-us-00036,mmmlu-en-us-00036,0.7116036281390601,0.7037739253335275,0.13049135593411068,0.3968276423838526,saturated,0.9550971662495904,0.9351851666666666,0.185416582281404,0.1039272942708088
mmmlu,mmmlu/mmmlu-zh-cn-00126,mmmlu-zh-cn-00126,0.7115175419654968,0.7036859120151784,0.1373287043535983,0.3967892684152101,saturated,0.955076931344222,0.9270833125,0.1951562508340172,0.103737407872312
replicationbench,replicationbench/replicationbench-ls_cal__cab_temp,replicationbench-ls_cal__cab_temp,0.710965788817164,0.701847942799668,0.213938387228275,0.510626379675678,easy,0.7132582612692779,0.6803921764705883,0.3048215634498775,0.7530172147053552
crustbench,crustbench/crustbench-blt,crustbench-blt,0.7109555063577955,0.703512606234103,0.28898242644448013,0.5002678299014034,medium,0.6111429150813572,0.6041666666666666,0.4107707863138382,0.6830966006547827
featurebench-modal,featurebench-modal/featurebench-modal-pypa__setuptools.d198e86f.test_bdist_wheel.51482fc6.lv1,featurebench-modal-pypa__setuptools.d198e86f.test_bdist_wheel.51482fc6.lv1,0.7105993325436074,0.7055804086837373,0.25864955072117396,0.4192223275659907,hard,0.2153846153846153,0.2153846153846153,0.3665770017675032,0.3609601564310309
medagentbench,medagentbench/medagentbench-task5_26,medagentbench-task5_26,0.7100899420968554,0.6997670267007756,0.15631611303290657,0.490925521295502,easy,0.9207721342101703,0.91,0.2233830790368867,0.2858727505716177
usaco,usaco/usaco-260,usaco-260,0.7099071274913601,0.7027852680209972,0.22699974705677325,0.5467494719131505,easy,0.9021056905853247,0.850980411764706,0.3230001500970438,0.5065058429920982
gaia,gaia/gaia-4d51c4bf-4b0e-4f3d-897b-3f6687a7d9f2,gaia-4d51c4bf-4b0e-4f3d-897b-3f6687a7d9f2,0.7094268190170809,0.7034360456412436,0.26046138535134744,0.4076747060462508,medium,0.3815182055736373,0.37,0.3702701716314723,0.7416537699245486
aime,aime/aime_80,aime_80,0.7092807898799326,0.6967941887254507,0.16766553608140897,0.4766213483055954,easy,0.9101350348483994,0.89,0.2406241883103192,0.1741034286689965
gaia,gaia/gaia-d700d50d-c707-4dca-90dc-4528cddd0c80,gaia-d700d50d-c707-4dca-90dc-4528cddd0c80,0.709278765990104,0.7032854754134529,0.26872500283639184,0.3862560292595204,easy,0.7301526328388361,0.7000000000000001,0.3820994634908559,0.5671163430756144
simpleqa,simpleqa/simpleqa-71,simpleqa-71,0.7091955885438141,0.7058090640687706,0.19598120351824042,0.5268018707086386,easy,0.8999936855016515,0.8700000000000001,0.2776688675382964,0.6196335334702354
algotune,algotune/algotune-qp,algotune-qp,0.7087724799737561,0.6992892679196206,0.08595764244379268,0.31734212481480634,hard,0.2490999449667985,0.2390449418084712,0.1229214380759995,0.5603148049011181
mmau,mmau/mmau-f2b53917-8dad-4d75-a1b1-f26887587a76,mmau-f2b53917-8dad-4d75-a1b1-f26887587a76,0.7085511587195762,0.6980955364987922,0.20837888661495121,0.3840602867113624,easy,0.7888695068226403,0.77,0.298496231131986,0.318212610621872
gaia,gaia/gaia-a1e91b78-d3d8-4675-bb8d-62741b4b68a6,gaia-a1e91b78-d3d8-4675-bb8d-62741b4b68a6,0.7081960716361514,0.7021843895480144,0.2535653847965239,0.3862126944160719,medium,0.5785873530425178,0.5599999999999999,0.3611094017053557,0.4612344620776105
usaco,usaco/usaco-104,usaco-104,0.7080835865970516,0.7009248836734544,0.21386825144619123,0.5451966753064686,easy,0.8600861753243705,0.8300000000000001,0.3051229260478471,0.4147916912395845
medagentbench,medagentbench/medagentbench-task6_9,medagentbench-task6_9,0.7080759282116498,0.6976941974054767,0.16671825852505123,0.49457607149227506,easy,0.8470208870283732,0.8300000000000001,0.2389560629069703,0.0533852291443135
featurebench-modal,featurebench-modal/featurebench-modal-astropy__astropy.b0db0daa.test_tilde_path.383d7c0c.lv1,featurebench-modal-astropy__astropy.b0db0daa.test_tilde_path.383d7c0c.lv1,0.7079522867072361,0.7028954980716542,0.2675180660603598,0.40863611334965755,hard,0.2769230769230769,0.2769230769230769,0.3805943654416302,0.3959544052466144
swebench-multilingual,swebench-multilingual/swebench-multilingual-preactjs__preact-3562,swebench-multilingual-preactjs__preact-3562,0.7075295952178124,0.7046594735560816,0.3376428179701315,0.49381366505926133,easy,0.8055072984693399,0.6428571428571429,0.4791574237499549,0.3329515175952441
reasoning-gym,reasoning-gym/reasoning-gym-algorithmic-isomorphic-strings-easy00cea0a5-seed45-1,reasoning-gym-algorithmic-isomorphic-strings-easy00cea0a5-seed45-1,0.7067565935754222,0.6973876870190645,0.07478649770557984,0.337096425119528,saturated,0.9611130899874852,0.95,0.107238052947636,0.5723201905920966
kumo,kumo/kumo-machinepartenv-t4-a6-v1-s1,kumo-machinepartenv-t4-a6-v1-s1,0.7067138319390798,0.7002396719149785,0.08544415227303404,0.4167971939529218,saturated,0.9711134016442228,0.9605263157894736,0.1220212959933645,0.4720202766920393
labbench,labbench/labbench-figqa-0164,labbench-figqa-0164,0.7066101505236566,0.7024971498302186,0.28389370016979454,0.5010608559923365,medium,0.4568794436007841,0.4769230769230769,0.4041207857404215,0.2130660245638681
bfcl,bfcl/bfcl-multiple-16,bfcl-multiple-16,0.7065760479083046,0.6934806254565374,0.0500417300734392,0.29283292947016576,saturated,0.9692307692307692,0.9692307692307692,0.0721602424588219,0.3995081672426586
seal0,seal0/seal0-9,seal0-9,0.7059811691719821,0.6929253274561147,0.23130673584601905,0.3260591541010896,medium,0.4942307692307692,0.4942307692307692,0.3338119227005286,0.6717160512963142
aider-polyglot,aider-polyglot/polyglot_go_protein-translation,polyglot_go_protein-translation,0.7058211365234962,0.7013697212789178,0.28703842287426606,0.4251910715907667,medium,0.3826923076923076,0.3826923076923076,0.409254084066908,0.6788403425611502
labbench,labbench/labbench-figqa-0123,labbench-figqa-0123,0.7052131471240414,0.7010840160704388,0.24971182231337108,0.5140041000534379,easy,0.753181588427961,0.6923076923076923,0.35617959700893,0.5147393402015087
bixbench,bixbench/bix-24-q2,bix-24-q2,0.705032905077612,0.6725699372653909,0.1626530609877227,0.388100264997078,easy,0.7760292917574302,0.7561403684210527,0.241838137531177,0.4814922121270319
labbench,labbench/labbench-figqa-0031,labbench-figqa-0031,0.7047173204642816,0.7005824722406307,0.24340584280156874,0.5287268983576333,hard,0.2750644913191757,0.2923076923076923,0.3474335320195758,0.5864124029107689
algotune,algotune/algotune-vertex-cover,algotune-vertex-cover,0.7046776662058243,0.6950852874613939,0.18567384683695667,0.32315074595330723,hard,0.2910868293549815,0.2851529284641385,0.2671238338464606,0.6739451011927383
swebench-multilingual,swebench-multilingual/swebench-multilingual-preactjs__preact-3763,swebench-multilingual-preactjs__preact-3763,0.7046607859702112,0.7017674526316392,0.32527792003123374,0.4851880930029179,easy,0.8017293593885775,0.6875,0.4635124054434789,0.4610233606923372
reasoning-gym,reasoning-gym/reasoning-gym-logic-knights-knaves-easy00cea0a5-seed45-1,reasoning-gym-logic-knights-knaves-easy00cea0a5-seed45-1,0.7043684950846633,0.6949371414823114,0.14819442888335171,0.3225067290178544,easy,0.9133841882917894,0.8950000000000001,0.2132486811213612,0.306878630301599
crustbench,crustbench/crustbench-approxidate,crustbench-approxidate,0.7042247082906185,0.696639608338934,0.3044463822097498,0.49291278359680474,medium,0.426755063985525,0.4444444583333333,0.4370213501578974,0.6471606698965877
aider-polyglot,aider-polyglot/polyglot_javascript_rectangles,polyglot_javascript_rectangles,0.7035649288224706,0.6990854409891899,0.18472595014255835,0.4209623748023379,easy,0.8307692307692308,0.8307692307692308,0.2642394467279641,0.6062200026163107
labbench,labbench/labbench-figqa-0144,labbench-figqa-0144,0.7035230069795471,0.6993744044940333,0.26311582505062825,0.48912505909278664,hard,0.1332171571487893,0.2,0.3762159772503842,0.3066523346047238
simpleqa,simpleqa/simpleqa-2530,simpleqa-2530,0.70335508579138,0.6999125568505588,0.25225998212577744,0.535278853636917,easy,0.852757814102087,0.8099999999999999,0.360416425818802,0.4920465799969464
livecodebench,livecodebench/livecodebench-3637,livecodebench-3637,0.7031758186298123,0.6890156263531894,0.16759753346554238,0.4097501799514484,easy,0.9076141209072972,0.8666666666666667,0.2432419919887737,0.3031586438952371
aime,aime/aime_i-9,aime_i-9,0.702988194066215,0.6902813160476332,0.24759507463186087,0.46979239718199667,easy,0.7222378395872582,0.7052631578947368,0.3586872031384599,0.1508794431458693
livecodebench,livecodebench/livecodebench-abc356_e,livecodebench-abc356_e,0.7029221381780182,0.6887521068001428,0.11201620269439709,0.4037366409876681,easy,0.9499993223048112,0.927777777777778,0.1626364574256049,0.6512415049378213
algotune,algotune/algotune-lyapunov-stability,algotune-lyapunov-stability,0.702894399070772,0.6932546866100714,0.1281622761061263,0.3084932632571153,easy,0.7651543381464195,0.7651543381464195,0.1848704070546191,0.4935030438535546
labbench,labbench/labbench-figqa-0139,labbench-figqa-0139,0.7018135196754992,0.6976452714297762,0.21519606458469479,0.502108849238888,hard,0.1454144268288148,0.2153846153846153,0.3084605793194372,0.5927495026162335
humanevalfix,humanevalfix/humanevalfix-python-77,humanevalfix-python-77,0.7015361317387575,0.6752322657374826,0.1555967234037945,0.43018369214181146,easy,0.9457285783860342,0.93,0.2304343724360582,0.5489464878475252
simpleqa,simpleqa/simpleqa-1680,simpleqa-1680,0.7014305216475283,0.6979696413785267,0.2856563869370271,0.5242956436486766,medium,0.461849786696147,0.4499999999999999,0.4092676385936224,0.6377304909409921
livecodebench,livecodebench/livecodebench-1873_d,livecodebench-1873_d,0.701329725017069,0.6870980183835514,0.12216566889506116,0.40879626551955306,saturated,0.9557686686957622,0.9361111111111112,0.1777994778422806,0.6163856099877164
simpleqa,simpleqa/simpleqa-18,simpleqa-18,0.7012677676328412,0.6978053378003879,0.27303723833342114,0.5275866367357237,medium,0.5423543954742954,0.53,0.391279950930277,0.6524928098597698
featurebench-modal,featurebench-modal/featurebench-modal-mwaskom__seaborn.7001ebe7.test_statistics.0f2ae277.lv1,featurebench-modal-mwaskom__seaborn.7001ebe7.test_statistics.0f2ae277.lv1,0.7011654195301577,0.6960122108503891,0.2810722936119951,0.40174257871382807,hard,0.2596153846153846,0.2596153846153846,0.4038324173487997,0.4075721844760815
bfcl,bfcl/bfcl-parallel-7,bfcl-parallel-7,0.7010692285442779,0.6877739772224739,0.05421220063620698,0.29689122437490845,saturated,0.9615384615384616,0.9615384615384616,0.0788226981996892,0.2625704227681295
bixbench,bixbench/bix-12-q5,bix-12-q5,0.7010413727652407,0.6682289971526596,0.2818469188937179,0.36914373368470754,medium,0.6618803560430356,0.6100000000000001,0.4217819341792628,0.7299084618896126
mmmlu,mmmlu/mmmlu-ar-xy-00003,mmmlu-ar-xy-00003,0.7010317942429246,0.6929672450269774,0.10061968201928516,0.3574884600943441,saturated,0.9550534926193076,0.9385965263157896,0.145201209352064,0.0071855387059707
labbench,labbench/labbench-figqa-0158,labbench-figqa-0158,0.7008593396105431,0.696680146979079,0.24109895975103865,0.523310969004006,medium,0.4288360159690784,0.4153846153846154,0.3460683655139074,0.5660274188703701
seal0,seal0/seal0-91,seal0-91,0.7002722063116446,0.6870103718378902,0.2875107501147884,0.3224062623015697,medium,0.5993589615384616,0.5993589615384616,0.4184955015244379,0.5440881692886319
bfcl,bfcl/bfcl-simple-python-265,bfcl-simple-python-265,0.7002607306767099,0.6869362817571435,0.1535127055983288,0.30977213825676947,easy,0.9076923076923078,0.9076923076923078,0.2234744468666761,0.4077665977972584
aime,aime/aime_ii-8,aime_ii-8,0.7002231862238222,0.6874201793758905,0.15687278273497074,0.46891621952928,easy,0.9294015111666596,0.9052631578947368,0.2282050883018821,0.3823082541635493
swebench-multilingual,swebench-multilingual/swebench-multilingual-jekyll__jekyll-8047,swebench-multilingual-jekyll__jekyll-8047,0.7001722868694574,0.6972428289458427,0.3289683868875387,0.48786392774796594,medium,0.5464599764277196,0.5095237857142857,0.471813223787334,0.1935194868991853
labbench,labbench/labbench-figqa-0107,labbench-figqa-0107,0.6999081469261481,0.6957180593169657,0.2354738046918961,0.4984952438834682,easy,0.7530766847873237,0.6923076923076923,0.3384615384615385,0.4502894607586028
mmmlu,mmmlu/mmmlu-de-de-00026,mmmlu-de-de-00026,0.699325110765527,0.6912229920841879,0.20378021354581333,0.3911978322625732,easy,0.9091751239393064,0.8444444666666667,0.2948111042015133,0.1851837744487647
gaia,gaia/gaia-b4cc024b-3f5e-480e-b96a-6656493255b5,gaia-b4cc024b-3f5e-480e-b96a-6656493255b5,0.6993201583154272,0.6931587959674812,0.2776098814431953,0.40488657693904734,hard,0.2398135005874035,0.26,0.4004996878900157,0.3691246206765149
seal0,seal0/seal0-62,seal0-62,0.6991808382480567,0.685879828280703,0.26912801478909093,0.3221206352963331,medium,0.5544871923076923,0.5544871923076923,0.3923836271198045,0.5029679425990543
ineqmath,ineqmath/ineqmath-3,ineqmath-3,0.6988096435343567,0.6619920888491281,0.18124678184816073,0.47129068159746257,easy,0.909865970026896,0.85625,0.2737899514226188,0.237868023470939
featurebench-modal,featurebench-modal/featurebench-modal-astropy__astropy.b0db0daa.test_lombscargle_multiband.78687278.lv1,featurebench-modal-astropy__astropy.b0db0daa.test_lombscargle_multiband.78687278.lv1,0.6987450733493313,0.6935577098684742,0.14871328291415595,0.4107799092649513,hard,0.0692307692307692,0.0692307692307692,0.2144209209964054,0.2540774526157302
simpleqa,simpleqa/simpleqa-3515,simpleqa-3515,0.6983859532140844,0.6948961465644585,0.281068096869527,0.52144612577793,medium,0.6376860326560547,0.58,0.4044749683231337,0.560002531207462
medagentbench,medagentbench/medagentbench-task6_23,medagentbench-task6_23,0.6983765770485172,0.6877140640068462,0.22715394372794817,0.4784793782252635,easy,0.7477348322724929,0.7300000000000001,0.3303028912982749,0.4896578149088841
featurebench-modal,featurebench-modal/featurebench-modal-pandas-dev__pandas.82fa2715.test_quantile.f4b69e49.lv1,featurebench-modal-pandas-dev__pandas.82fa2715.test_quantile.f4b69e49.lv1,0.6981956017845382,0.6930005013076718,0.17376703882184807,0.412564027431958,hard,0.1160256153846153,0.1160256153846153,0.2507459063795116,0.4950551899064555
qcircuitbench,qcircuitbench/qcircuitbench-diffusion_operator-n7,qcircuitbench-diffusion_operator-n7,0.6976103735813385,0.3147096033676663,0.11342651041662706,0.25817730201207123,easy,0.7387331322546461,0.71,0.3604164258188019,0.6433516949745077
gaia,gaia/gaia-3f57289b-8c60-48be-bd80-01f8099ca449,gaia-3f57289b-8c60-48be-bd80-01f8099ca449,0.6975609706930997,0.6913701733452098,0.2278048984315986,0.3783747277135511,medium,0.6865508189025952,0.6675000000000001,0.3294977238161137,0.2911775973281598
swebench-multilingual,swebench-multilingual/swebench-multilingual-projectlombok__lombok-3042,swebench-multilingual-projectlombok__lombok-3042,0.6975174953700766,0.6945667813032285,0.2869115200039057,0.5014288238729455,easy,0.8183841003291696,0.6666666428571428,0.4130798185677241,0.2256262429354712
livecodebench,livecodebench/livecodebench-abc329_f,livecodebench-abc329_f,0.6967907466966036,0.6823840671068206,0.2064266553410988,0.3986523272819714,easy,0.9025562810436748,0.87333335,0.3025080234014091,0.1873566950567706
simpleqa,simpleqa/simpleqa-683,simpleqa-683,0.6966383898984182,0.6931320375520413,0.20279295115653653,0.5187606351265834,easy,0.70600584966158,0.68,0.2925747767665559,0.6393164138820525
featurebench-modal,featurebench-modal/featurebench-modal-pandas-dev__pandas.82fa2715.test_sample.5d2ba03e.lv1,featurebench-modal-pandas-dev__pandas.82fa2715.test_sample.5d2ba03e.lv1,0.696281901369228,0.6910599032605258,0.16700555577085607,0.4047647323188704,hard,0.1076923076923076,0.1076923076923076,0.2416658164985386,0.3794654473256362
swebenchpro,swebenchpro/swebenchpro-instance_ansible__ansible-709484969c8a4ffd74b839a673431a8c5caa6457-vba6da65a0f3baefda7a058ebbd0a8dcafb8512f5,swebenchpro-instance_ansible__ansible-709484969c8a4ffd74b839a673431a8c5caa6457-vba6da65a0f3baefda7a058ebbd0a8dcafb8512f5,0.6959333817460551,0.481626558355492,0.16431867238824277,0.338926545820285,medium,0.3580965218553671,0.34,0.3411744421846396,0.5347436052212391
algotune,algotune/algotune-randomized-svd,algotune-randomized-svd,0.6957130126036144,0.685883958104984,0.1245852529427701,0.3153026619499147,hard,0.2058790028449451,0.2019785924996235,0.1816418819401818,0.5388746085476241
gaia,gaia/gaia-54612da3-fd56-4941-80f4-5eb82330de25,gaia-54612da3-fd56-4941-80f4-5eb82330de25,0.6954836072315287,0.6892581496323791,0.19450907506609535,0.38816909208966593,easy,0.8534632063702952,0.8190476190476191,0.2822006169529344,0.6856202970962539
gaia,gaia/gaia-f918266a-b3e0-4914-865d-4faa564f1aef,gaia-f918266a-b3e0-4914-865d-4faa564f1aef,0.6953399871838503,0.6891121372653912,0.18631532896625913,0.37554370813257526,easy,0.899829472904224,0.8699999999999999,0.2703701166919155,0.5058904038133992
crustbench,crustbench/crustbench-libpsbt,crustbench-libpsbt,0.6942322841902497,0.6864386707532116,0.2813007618057871,0.4884837210631902,medium,0.4583047935115569,0.4545454545454545,0.4097973698030779,0.6886505109708132
featurebench-modal,featurebench-modal/featurebench-modal-huggingface__transformers.e2e8dbed.test_processing_git.7342da79.lv1,featurebench-modal-huggingface__transformers.e2e8dbed.test_processing_git.7342da79.lv1,0.6934767542875453,0.68821546599637,0.146543418915045,0.41489495658456843,hard,0.0653846153846153,0.0653846153846153,0.2129324697794832,0.1660948095026526
mmmlu,mmmlu/mmmlu-hi-in-00069,mmmlu-hi-in-00069,0.6934573455629902,0.6852267869370486,0.11560577918617108,0.35277017931244686,easy,0.948360286940328,0.9259259444444444,0.1687117044897308,0.0686283189366123
swebench-multilingual,swebench-multilingual/swebench-multilingual-nushell__nushell-13831,swebench-multilingual-nushell__nushell-13831,0.6933433168758552,0.6903593471488129,0.3042911725950363,0.47952210423397224,medium,0.5240309914479127,0.5128205384615385,0.4407721483771606,0.6167266770841977
swtbench,swtbench/swtbench-matplotlib__matplotlib-13989,swtbench-matplotlib__matplotlib-13989,0.6931383325766137,0.6633307496140735,0.2188879799034447,0.4440478904772138,easy,0.735399265432294,0.6666666666666666,0.3299831645537222,0.2468832361742414
ineqmath,ineqmath/ineqmath-0,ineqmath-0,0.6930281981362859,0.6556553043121623,0.22316155674279006,0.4777454792971495,easy,0.7986202458006169,0.7941176470588235,0.3403641445056337,-0.127362798846614
gpqa-diamond,gpqa-diamond/gpqa-diamond-134,gpqa-diamond-134,0.6930257792335696,0.6857097325922613,0.14052867739224442,0.2944367311501987,easy,0.9179723522363772,0.9,0.2049390153191919,0.3938969488171379
swe-lancer,swe-lancer/swe-lancer-25562-manager-0,swe-lancer-25562-manager-0,0.6929499252490793,0.583592426184425,0.23161242427605438,0.26947639474839835,medium,0.412427003660739,0.4117647058823529,0.3968735951396,0.2680611068188762
crustbench,crustbench/crustbench-gorilla-paper-encode,crustbench-gorilla-paper-encode,0.692767498120579,0.684943579156364,0.27760312876989357,0.4897993088701055,medium,0.5558445004786924,0.532608695652174,0.4052934244771134,0.6438126461776199
crustbench,crustbench/crustbench-slothlang,crustbench-slothlang,0.6926186027103953,0.6847916069183112,0.2635512243962699,0.48163894221228354,easy,0.7261312367137951,0.6772727272727272,0.3848633974681715,0.526894972483941
kumo,kumo/kumo-historicalenv-t4-a6-v1-s0,kumo-historicalenv-t4-a6-v1-s0,0.6923893213448833,0.6856578223050325,0.10521152047855342,0.4081357207081513,saturated,0.961447572849902,0.9473684210526316,0.1534461024959289,0.4817445706067532
mmau,mmau/mmau-1c0358cc-85c4-4d64-afa7-8f0684a8c40d,mmau-1c0358cc-85c4-4d64-afa7-8f0684a8c40d,0.6921362273036408,0.6812035148403038,0.17906714271017773,0.396050838552263,easy,0.8809329667338321,0.8700000000000001,0.2628687885618982,0.2061599873308444
gaia,gaia/gaia-65afbc8a-89ca-4ad5-8d62-355bb401f61d,gaia-65afbc8a-89ca-4ad5-8d62-355bb401f61d,0.6917099384292649,0.6854217910715137,0.244840492651475,0.37998091076638496,medium,0.6500665152709009,0.6200000000000001,0.357211421989835,0.7446402160977861
seal0,seal0/seal0-88,seal0-88,0.6916596392170606,0.678090426279181,0.24082355721335008,0.3481596440217995,hard,0.2608974230769231,0.2608974230769231,0.3551496199921263,0.4612467883040697
bixbench,bixbench/bix-35-q4,bix-35-q4,0.6914729208183881,0.6578324218797819,0.17086799806740613,0.35791901516523994,easy,0.8844891106800886,0.8421052631578947,0.2597439596837507,0.5092509097499986
seal0,seal0/seal0-12,seal0-12,0.6913835573186907,0.6778045584178114,0.27318200178101504,0.3320749405203101,medium,0.5923076923076923,0.5923076923076923,0.4030394873984022,0.4766013408578016
aime,aime/aime_61,aime_61,0.6910778045053635,0.6779597258408877,0.22036399584099273,0.46154577010973075,easy,0.801493411339609,0.7526315789473685,0.3250399506662002,0.3022472929310739
labbench,labbench/labbench-figqa-0114,labbench-figqa-0114,0.6910077845615276,0.686716484560598,0.0831878616406747,0.48295207389569506,frontier,0.0352209971310653,0.0615384615384615,0.1211385826771047,0.3850641913869809
reasoning-gym,reasoning-gym/reasoning-gym-algorithmic-number-filtering-hard0292e21f-seed45-0,reasoning-gym-algorithmic-number-filtering-hard0292e21f-seed45-0,0.6907921229353523,0.6810099719817667,0.16902223003918201,0.32284781484983416,easy,0.9019200599345908,0.8800000000000001,0.2481934729198171,0.613214425357992
aider-polyglot,aider-polyglot/polyglot_python_grade-school,polyglot_python_grade-school,0.6905338047670129,0.6858939785510009,0.3056956849839213,0.4126729915704921,medium,0.4538461538461539,0.4538461538461539,0.4456894134421837,0.5489108325663954
usaco,usaco/usaco-1039,usaco-1039,0.6903297703773326,0.6828175029560768,0.2824164476849188,0.5351327371965591,medium,0.4437869192215654,0.4325,0.4136045816960929,0.353590046313177
featurebench-modal,featurebench-modal/featurebench-modal-mwaskom__seaborn.7001ebe7.test_scales.d9dcdef6.lv1,featurebench-modal-mwaskom__seaborn.7001ebe7.test_scales.d9dcdef6.lv1,0.6899742981579793,0.6846641814693414,0.2270316087470401,0.40969899895571404,hard,0.1653846153846153,0.1653846153846153,0.3315955688813938,0.2921113691507749
swebench-multilingual,swebench-multilingual/swebench-multilingual-projectlombok__lombok-3371,swebench-multilingual-projectlombok__lombok-3371,0.6897749084984754,0.6867626699391156,0.2757528639831394,0.47865204510035936,medium,0.5389325033229484,0.5410256153846154,0.4015257032062999,0.459705902336224
simpleqa,simpleqa/simpleqa-2453,simpleqa-2453,0.6896380653294059,0.6860658579268518,0.24650681381740008,0.51186410666458,easy,0.7709467971916487,0.73,0.3593048844644337,0.4066538504646153
medagentbench,medagentbench/medagentbench-task10_30,medagentbench-task10_30,0.6892942202047679,0.6783724902106554,0.21494882935631546,0.47227600112979723,medium,0.4897944761522661,0.4600000000000001,0.3168595903550972,0.6027846656681453
gpqa-diamond,gpqa-diamond/gpqa-diamond-6,gpqa-diamond-6,0.6891726289045798,0.6817822137827069,0.09211069150818822,0.3894465864567764,easy,0.9371028595072196,0.93833335,0.1351028079731413,0.1516376601997968
featurebench-modal,featurebench-modal/featurebench-modal-mwaskom__seaborn.7001ebe7.test_algorithms.1f0181c2.lv1,featurebench-modal-mwaskom__seaborn.7001ebe7.test_algorithms.1f0181c2.lv1,0.6891233991619763,0.6838014582597726,0.207299010734685,0.40090402637806505,hard,0.1580375284799133,0.1639999999999999,0.3031567251439426,0.624395328371744
aider-polyglot,aider-polyglot/polyglot_python_forth,polyglot_python_forth,0.6891127994834091,0.6844556743415765,0.2804964048483613,0.41991026190871755,medium,0.3115384615384615,0.3115384615384615,0.4098094520411267,0.5637837553020559
seal0,seal0/seal0-77,seal0-77,0.6889559484734288,0.6752910807068826,0.2740516620429003,0.33658284557230234,medium,0.6217948846153847,0.6217948846153847,0.4058274570367907,0.6539524723405288
swebench-multilingual,swebench-multilingual/swebench-multilingual-preactjs__preact-4182,swebench-multilingual-preactjs__preact-4182,0.6882456730144013,0.6852213652208831,0.32136418207619183,0.48127644854946455,easy,0.7929434299913035,0.6190476428571429,0.468993231074456,0.3189218521199277
aider-polyglot,aider-polyglot/polyglot_javascript_food-chain,polyglot_javascript_food-chain,0.6873147063837464,0.6826357440243964,0.27539524125999904,0.41065353224465156,medium,0.4442307692307692,0.4442307692307692,0.40342927201034,0.3747772127094826
swesmith,swesmith/swesmith-oauthlib__oauthlib.1fd52536.combine_file__8vq3niwz,swesmith-oauthlib__oauthlib.1fd52536.combine_file__8vq3niwz,0.6870245979111017,0.553127824719769,0.1640209131572605,0.33688491959660183,medium,0.3520365397640101,0.3611111111111111,0.2965334698907226,0.406890914389612
bfcl,bfcl/bfcl-live-multiple-437-142-3,bfcl-live-multiple-437-142-3,0.6867546952196216,0.6729478244221775,0.056941738989568856,0.2906652961569357,saturated,0.9769230769230768,0.9769230769230768,0.0846153846153846,0.656050448758388
gaia,gaia/gaia-d5141ca5-e7a0-469f-bf3e-e773507c86e2,gaia-d5141ca5-e7a0-469f-bf3e-e773507c86e2,0.6866368443547884,0.6802649752251582,0.22053598771640592,0.37783081994548323,medium,0.3153753404814257,0.33,0.3241913015489466,0.5152133647320336
simpleqa,simpleqa/simpleqa-3164,simpleqa-3164,0.686504846257023,0.6829033826521322,0.27048060759908105,0.5131325387270697,medium,0.4621514851921013,0.4749999999999999,0.3960744879438715,0.681099469299327
swebench-multilingual,swebench-multilingual/swebench-multilingual-nushell__nushell-12901,swebench-multilingual-nushell__nushell-12901,0.6864354317783694,0.6833968721081072,0.305819223717719,0.5026120866292098,easy,0.8250436778033617,0.6785714285714286,0.4474987173622024,0.3705723781087283
crustbench,crustbench/crustbench-2dpartint,crustbench-2dpartint,0.6861033516833218,0.6781423957981584,0.30717979218809244,0.4801885309018143,medium,0.5007442212965354,0.504,0.4529724053405461,0.7000561024348696
seal0,seal0/seal0-16,seal0-16,0.6860200863203544,0.6722518032183262,0.2676329096787049,0.32196091529310084,medium,0.528846153846154,0.528846153846154,0.3981140822493059,0.3707232785270617
crustbench,crustbench/crustbench-remimu,crustbench-remimu,0.6859794618842527,0.6780159714551243,0.23339601712355554,0.4769212600062009,easy,0.7187464171792948,0.6992424090909091,0.3442338041427735,0.4378924883789973
aime,aime/aime_i-3,aime_i-3,0.6859367366390642,0.672643480273752,0.11916516891213122,0.4621983263779205,easy,0.9429881798553482,0.9185185,0.1771594795858773,0.3492322638585389
featurebench-modal,featurebench-modal/featurebench-modal-pandas-dev__pandas.82fa2715.test_list_accessor.7ab0b2ea.lv1,featurebench-modal-pandas-dev__pandas.82fa2715.test_list_accessor.7ab0b2ea.lv1,0.6857595965023814,0.6803910583992349,0.21173676604349284,0.4022624938304063,hard,0.1647435769230769,0.1647435769230769,0.3111986311837324,0.3667207052841723
bixbench,bixbench/bix-6-q1,bix-6-q1,0.6857465763029205,0.6516168600193482,0.24065755379888903,0.3523866345019693,easy,0.7995744373684686,0.74,0.3693237062523878,0.6741047651591926
aime,aime/aime_70,aime_70,0.6851774491224585,0.6718584388966732,0.24212551461778686,0.4574604267892577,easy,0.8258079627123183,0.775,0.3603817420458478,0.2892307141151963
featurebench-modal,featurebench-modal/featurebench-modal-huggingface__transformers.e2e8dbed.test_candidate_generator.bc0ea399.lv1,featurebench-modal-huggingface__transformers.e2e8dbed.test_candidate_generator.bc0ea399.lv1,0.685175813072771,0.6797992119290142,0.15169822249378168,0.4097732331259946,hard,0.0826923076923076,0.0826923076923076,0.2231515127287648,0.2128630140176333
gpqa-diamond,gpqa-diamond/gpqa-diamond-24,gpqa-diamond-24,0.6851264739223084,0.6776584281012354,0.2504318412312014,0.3474995603902538,easy,0.751150885151709,0.7185185,0.3695546765837454,0.3158102209402396
labbench,labbench/labbench-figqa-0165,labbench-figqa-0165,0.684638248506361,0.680275328334593,0.20931548564141325,0.5170218369664947,hard,0.2613913765292698,0.2615384615384615,0.3076923076923077,0.5639132181668971
aider-polyglot,aider-polyglot/polyglot_javascript_state-of-tic-tac-toe,polyglot_javascript_state-of-tic-tac-toe,0.6842977109980806,0.6795822394527727,0.2657326525139188,0.4151488613760615,medium,0.5692307692307692,0.5692307692307692,0.3910235392965795,0.4829375698385378
algotune,algotune/algotune-max-flow-min-cost,algotune-max-flow-min-cost,0.6841717402984498,0.6740426705534592,0.12963267333760448,0.305663107444916,medium,0.5563274223391226,0.5544439422415269,0.1923211674880502,0.5988994266401684
strongreject,strongreject/strongreject_illegal_goods_and_services_0013_prefix_injection,strongreject_illegal_goods_and_services_0013_prefix_injection,0.6835926984633052,0.5747052396870735,0.0908092247518237,0.39382771231285113,saturated,0.9721114573010816,0.96375,0.1580100867033494,0.0501500062764334
simpleqa,simpleqa/simpleqa-923,simpleqa-923,0.6833713662274543,0.6797407796147796,0.25650646758301104,0.5157582459347976,easy,0.8151057947931151,0.76,0.3773592452822641,0.450340060779498
kumo,kumo/kumo-languageenv-t4-a6-v1-s0,kumo-languageenv-t4-a6-v1-s0,0.6833447729673422,0.6764535954335081,0.12859731502218072,0.4045330188471403,saturated,0.9544411933601296,0.9313725294117648,0.1901051541307406,0.5500242126985657
labbench,labbench/labbench-figqa-0042,labbench-figqa-0042,0.6827618002397404,0.6783779101697692,0.18316129239794512,0.4820698065943138,hard,0.1034538627269764,0.1692307692307692,0.2699989042274499,0.5215775531947909
gaia,gaia/gaia-0bb3b44a-ede5-4db5-a520-4e844b0079c5,gaia-0bb3b44a-ede5-4db5-a520-4e844b0079c5,0.6826598419784524,0.6762227846333035,0.26391646368189225,0.3967749381123919,medium,0.5338225124925119,0.5175000000000001,0.390280347955159,0.3965765334345591
gpqa-diamond,gpqa-diamond/gpqa-diamond-3,gpqa-diamond-3,0.682008705146827,0.6744811643231283,0.11604212724002351,0.34023971746505705,easy,0.9267464888623566,0.9200000000000002,0.1720465053408525,0.1424062820837078
aider-polyglot,aider-polyglot/polyglot_javascript_bottle-song,polyglot_javascript_bottle-song,0.6818619311169352,0.6771171036961399,0.28247014871574333,0.42203747273768016,medium,0.4673076923076923,0.4673076923076923,0.4171658745198429,0.6471493778568819
labbench,labbench/labbench-figqa-0143,labbench-figqa-0143,0.6810717673626382,0.676669040972591,0.2782582893283155,0.46586665699893126,medium,0.4773104206903475,0.47,0.4112177038990418,0.2552310653326693
gaia,gaia/gaia-7d4a7d1d-cac6-44a8-96e8-ea9584a70825,gaia-7d4a7d1d-cac6-44a8-96e8-ea9584a70825,0.681043413652431,0.6745799726304311,0.23907175140100428,0.3769640530711888,medium,0.4845619120557998,0.4800000000000001,0.354400902933387,0.4939662732878618
simpleqa,simpleqa/simpleqa-1375,simpleqa-1375,0.6803931486980285,0.6767350078196115,0.28519382899286067,0.5118328033855606,medium,0.5036636823131153,0.48,0.4214261501141095,0.6116524862529666
aider-polyglot,aider-polyglot/polyglot_go_kindergarten-garden,polyglot_go_kindergarten-garden,0.6802987297960006,0.6755351192017622,0.21305734440045368,0.40687194926579345,hard,0.225,0.225,0.3153904783695188,0.4104634314439091
featurebench-modal,featurebench-modal/featurebench-modal-sphinx-doc__sphinx.e347e59c.test_ext_math.96576214.lv1,featurebench-modal-sphinx-doc__sphinx.e347e59c.test_ext_math.96576214.lv1,0.6792382147577004,0.673780005818492,0.13461264699038547,0.3999738762387723,hard,0.0634615384615384,0.0634615384615384,0.1997872389027947,0.2280245404901124
omnimath,omnimath/omnimath_2969,omnimath_2969,0.6791892909541344,0.6295253523674462,0.07703908934455155,0.3908956974602245,saturated,0.9690488674181064,0.968,0.1223764683262268,0.2464246921987081
mmau,mmau/mmau-06f95aee-528e-4665-b718-ae876cc11b7c,mmau-06f95aee-528e-4665-b718-ae876cc11b7c,0.6788782850738624,0.6675688519327829,0.20015936318136548,0.423105407276694,easy,0.9153714782836544,0.89,0.299833287011299,0.7061058465799839
gaia,gaia/gaia-56137764-b4e0-45b8-9c52-1866420c3df5,gaia-56137764-b4e0-45b8-9c52-1866420c3df5,0.6787863635352627,0.6722861904451058,0.25253274372820755,0.37096930057783606,medium,0.5834896017785153,0.57,0.375632799419859,0.364149759198834
gaia,gaia/gaia-de9887f5-ead8-4727-876f-5a4078f8598c,gaia-de9887f5-ead8-4727-876f-5a4078f8598c,0.6783966133229549,0.6718901100326907,0.25531824181242246,0.3896672958605663,hard,0.2398422930855899,0.26,0.38,0.3146576769336603
simpleqa,simpleqa/simpleqa-268,simpleqa-268,0.6783096304481288,0.6746322858312281,0.1764392374792902,0.5105204398580498,easy,0.8860112731354169,0.86,0.2615339366124404,0.4643682690055669
livecodebench,livecodebench/livecodebench-3229,livecodebench-3229,0.677902159359021,0.6627804447374565,0.15553388986622185,0.39396500011214436,easy,0.936531994740876,0.9083333333333334,0.234668797338812,0.5291751415385755
featurebench-modal,featurebench-modal/featurebench-modal-pydata__xarray.97f3a746.test_range_index.7b95ba66.lv1,featurebench-modal-pydata__xarray.97f3a746.test_range_index.7b95ba66.lv1,0.6777235964662837,0.6722446869823852,0.1797287249656845,0.40277715446097,hard,0.1076923076923077,0.1076923076923077,0.2673561107228118,0.3514082488232439
featurebench-modal,featurebench-modal/featurebench-modal-mlflow__mlflow.93dab383.test_trace_manager.bb95fbcd.lv1,featurebench-modal-mlflow__mlflow.93dab383.test_trace_manager.bb95fbcd.lv1,0.677431340726518,0.6719484423947937,0.28210313112625945,0.3981215033677566,medium,0.3003051979530452,0.312,0.4198285364288616,0.3856633687119583
labbench,labbench/labbench-figqa-0072,labbench-figqa-0072,0.6768763505598683,0.6724270701568967,0.27681418624536064,0.5076171388997164,medium,0.553429717575704,0.4769230769230769,0.4116642510849123,0.6101472193269125
swebench-multilingual,swebench-multilingual/swebench-multilingual-hashicorp__terraform-34814,swebench-multilingual-hashicorp__terraform-34814,0.6765904958685953,0.6734750949141431,0.31807934237956415,0.49002845524084243,medium,0.5740130230779282,0.5364583125,0.4722956272349076,0.3657529272321017
simpleqa,simpleqa/simpleqa-2692,simpleqa-2692,0.676533083206269,0.6728394115494788,0.2754535852695697,0.5051975587908533,medium,0.5999490823047154,0.58,0.4093897898091744,0.4424383228327881
swe-lancer,swe-lancer/swe-lancer-14268-manager-0,swe-lancer-14268-manager-0,0.6764046221195391,0.562896054875972,0.1353033725741139,0.28691134734651674,easy,0.9014433445127126,0.8666666666666667,0.2403700850309326,0.6312029740447332
labbench,labbench/labbench-figqa-0079,labbench-figqa-0079,0.6763856812264748,0.6719309753567891,0.20098201931610607,0.4994429616584482,hard,0.2679843638920087,0.2769230769230769,0.2991111091572858,0.4184750270318222
spider2,spider2/spider2-app_reporting002,spider2-app_reporting002,0.6760956360829751,0.6289300887618667,0.2875707895853158,0.5622054562082524,easy,0.784220033895633,0.64,0.4572380853195265,0.2770868276568758
bixbench,bixbench/bix-28-q2,bix-28-q2,0.6757329656634655,0.6407592154430377,0.1922277646329113,0.3775451674104275,hard,0.1155471084453766,0.1,0.3,0.5885635245952027
labbench,labbench/labbench-figqa-0007,labbench-figqa-0007,0.6751114898910575,0.6706427137068025,0.2519153999602173,0.465941002830954,medium,0.4820787832422237,0.4699999999999999,0.375632799419859,0.2480076073953741
aider-polyglot,aider-polyglot/polyglot_rust_pig-latin,polyglot_rust_pig-latin,0.6750095203171769,0.6701826826131008,0.16277864477470763,0.4081563836298581,easy,0.8846153846153846,0.8846153846153846,0.2428869754437991,0.4884150453452066
bfcl,bfcl/bfcl-live-multiple-134-51-0,bfcl-live-multiple-134-51-0,0.6747497906154653,0.660522546192635,0.08800450842695415,0.2838476824509437,easy,0.9384615384615386,0.9384615384615386,0.1332346775052982,0.3688647424172826
reasoning-gym,reasoning-gym/reasoning-gym-algorithmic-game-of-life-easy00cea0a5-seed45-0,reasoning-gym-algorithmic-game-of-life-easy00cea0a5-seed45-0,0.6736026406022179,0.6633866087313439,0.2907546108576764,0.3283476684554547,easy,0.7755180653592879,0.6270513076923077,0.4382883329733073,0.3995770151033191
simpleqa,simpleqa/simpleqa-2458,simpleqa-2458,0.6735319016711275,0.6698107471995842,0.09353398057791229,0.5018906793024022,saturated,0.9609007889954057,0.95,0.1396424004376894,0.3526369148214175
livecodebench,livecodebench/livecodebench-abc312_e,livecodebench-abc312_e,0.6733893033559905,0.6580998755619258,0.20499954091424655,0.36663417589253644,easy,0.8467423210641722,0.7814814999999999,0.3115021724312065,0.5459770067614322
algotune,algotune/algotune-cholesky-factorization,algotune-cholesky-factorization,0.6732928121797163,0.6628857696648196,0.13372930632522212,0.30771801750468136,hard,0.291375656140811,0.2889390528638214,0.2017380858738916,0.7214465470967178
swebench-multilingual,swebench-multilingual/swebench-multilingual-rubocop__rubocop-13687,swebench-multilingual-rubocop__rubocop-13687,0.6732710091675709,0.6701299531055523,0.29043737954032817,0.47563234002114174,medium,0.5034715502457714,0.4611111333333333,0.4334045630916326,0.4235595341916281
reasoning-gym,reasoning-gym/reasoning-gym-arithmetic-products-hard0292e21f-seed45-1,reasoning-gym-arithmetic-products-hard0292e21f-seed45-1,0.6727513467094951,0.6625141253914033,0.17838738761436404,0.33311253833872445,easy,0.9277008349146498,0.85,0.2692582403567252,0.4080573709430124
swebench-multilingual,swebench-multilingual/swebench-multilingual-facebook__docusaurus-10309,swebench-multilingual-facebook__docusaurus-10309,0.6725244781294317,0.6693776700419871,0.31271759012385647,0.4799491502811944,medium,0.5578395935893249,0.5,0.4671766091394131,0.5796397624374874
featurebench-modal,featurebench-modal/featurebench-modal-lightning-ai__pytorch-lightning.126fa6f1.test_fsdp_integration.61c07610.lv1,featurebench-modal-lightning-ai__pytorch-lightning.126fa6f1.test_fsdp_integration.61c07610.lv1,0.6718363798514336,0.666277459372265,0.27238460523151026,0.3846122797464466,medium,0.5307692307692308,0.5307692307692308,0.4088155788552986,0.6409325984909149
featurebench-modal,featurebench-modal/featurebench-modal-astropy__astropy.b0db0daa.test_compressed.8daeb7d6.lv1,featurebench-modal-astropy__astropy.b0db0daa.test_compressed.8daeb7d6.lv1,0.6712923349734867,0.6657260567557685,0.1283311320362844,0.4074675396662824,hard,0.0769230769230769,0.0769230769230769,0.1927686782483333,0.26670387715781
aime,aime/aime_i-10,aime_i-10,0.6705761301433794,0.6567677807032181,0.22607096377208624,0.4508818945006804,medium,0.6871547077815333,0.6771929999999999,0.3442175003317402,0.4425497721022974
mmau,mmau/mmau-1ee237cc-3520-4e79-9644-195a5abc8581,mmau-1ee237cc-3520-4e79-9644-195a5abc8581,0.6703561874990368,0.6588086604170867,0.209857963820822,0.382025346130836,easy,0.8170208186765853,0.7875,0.318541598539343,0.3200189829836235
bixbench,bixbench/bix-4-q3,bix-4-q3,0.6702489522924452,0.6348191264172829,0.12394223646003576,0.3833279617712444,hard,0.0885818962504284,0.0775,0.1952402366316943,0.5661415176954679
bfcl,bfcl/bfcl-live-simple-2-2-0,bfcl-live-simple-2-2-0,0.6702113205471834,0.6558272174004235,0.08150163809320866,0.2957800102692328,saturated,0.9615384615384616,0.9615384615384616,0.1242730340107962,0.0623555282616277
labbench,labbench/labbench-figqa-0153,labbench-figqa-0153,0.670098586089494,0.6655747177589458,0.25372756149174813,0.4926284287173508,medium,0.5622631018995838,0.5076923076923077,0.3812157444111959,0.3955689192712249
gaia,gaia/gaia-4d0aa727-86b1-406b-9b33-f870dd14a4a5,gaia-4d0aa727-86b1-406b-9b33-f870dd14a4a5,0.6698964674736824,0.6632528404502608,0.2243324662053952,0.36608855392980016,easy,0.8767162751306378,0.8400000000000001,0.3382306905057552,0.6003620021563115
seal0,seal0/seal0-86,seal0-86,0.6697151115458327,0.6553810747437532,0.28052305101899677,0.3332851087546274,medium,0.4576923076923077,0.4576923076923077,0.4280304418748713,0.5539883808680118
swebench-multilingual,swebench-multilingual/swebench-multilingual-caddyserver__caddy-6345,swebench-multilingual-caddyserver__caddy-6345,0.6696658651253822,0.6664970913039829,0.29014312964204764,0.4713313815409096,medium,0.4729434030402358,0.4559523571428571,0.4353254251633577,0.5264472997150048
aider-polyglot,aider-polyglot/polyglot_rust_variable-length-quantity,polyglot_rust_variable-length-quantity,0.6692762804226773,0.66438147803706,0.14847228331279672,0.40314064715477355,easy,0.9076923076923078,0.9076923076923078,0.2234744468666761,0.5175880082716471
gaia,gaia/gaia-16d825ff-1623-4176-a5b5-42e0f5c2b0ac,gaia-16d825ff-1623-4176-a5b5-42e0f5c2b0ac,0.6691438502104905,0.6624881679825237,0.14649829011238835,0.37108524739860893,hard,0.0920804257660712,0.09,0.2211334438749598,0.6313691669546025
simpleqa,simpleqa/simpleqa-131,simpleqa-131,0.6688965666533963,0.6651332092752467,0.2502881330567626,0.49726794496180776,easy,0.7835605481864131,0.72,0.3762977544445355,0.4527093629109783
gpqa-diamond,gpqa-diamond/gpqa-diamond-183,gpqa-diamond-183,0.6688748944794404,0.661099816242389,0.23121694038584978,0.29651348112503323,medium,0.6552086608129598,0.6568627647058823,0.3497458851222479,0.3922931548380697
ineqmath,ineqmath/ineqmath-1,ineqmath-1,0.6683726014842292,0.628693057091699,0.23149733110321605,0.46529290541009427,easy,0.8056749352335733,0.79375,0.3682199580413859,-0.1343655736418681
aime,aime/aime_66,aime_66,0.6682752283394143,0.6543907929071021,0.10531423135026469,0.45153323726550715,easy,0.9032506235465696,0.89,0.1609347693943108,0.171414369464935
simpleqa,simpleqa/simpleqa-2000,simpleqa-2000,0.6678847115333628,0.6641121810594207,0.1808029404649674,0.49496068475833616,easy,0.9054999417275404,0.8775000000000001,0.2722475895210093,0.418817612815448
labbench,labbench/labbench-figqa-0054,labbench-figqa-0054,0.6674956288976949,0.662943319343984,0.20550673461551688,0.5018252964412416,hard,0.2834859018901024,0.3076923076923077,0.3099914104555367,0.5246212626235529
aider-polyglot,aider-polyglot/polyglot_go_sublist,polyglot_go_sublist,0.6672384864473774,0.6623196699374212,0.2492273215609273,0.3992162859120516,medium,0.3615384615384615,0.3615384615384615,0.3762946094964617,0.6477284947685465
crustbench,crustbench/crustbench-vaultsync,crustbench-vaultsync,0.6671823711888564,0.6588398407794056,0.1780603563593892,0.4717154657224377,easy,0.786788000942967,0.7840909090909091,0.2702634924881657,0.3966388715782937
swebench-multilingual,swebench-multilingual/swebench-multilingual-apache__lucene-13704,swebench-multilingual-apache__lucene-13704,0.6670703205568806,0.6638816847023159,0.2933792909678767,0.4671558544935357,medium,0.4481927107819561,0.4266666666666667,0.4419150245113747,0.3051364282711759
gpqa-diamond,gpqa-diamond/gpqa-diamond-63,gpqa-diamond-63,0.6669859659129205,0.6591756969473345,0.178230070709582,0.3083686188283439,easy,0.8535725139562792,0.8140351052631578,0.2703832552306944,0.4993822388400066
bfcl,bfcl/bfcl-parallel-multiple-90,bfcl-parallel-multiple-90,0.6666255122019026,0.6521182764883183,0.047057012943226104,0.2831193403002716,saturated,0.9692307692307692,0.9692307692307692,0.0721602424588219,0.6036406452584037
swebench-multilingual,swebench-multilingual/swebench-multilingual-projectlombok__lombok-3312,swebench-multilingual-projectlombok__lombok-3312,0.6665031960599875,0.6633102307893357,0.303375558264598,0.47211880592517463,medium,0.6616180119899435,0.5714285714285714,0.4573660169594892,0.499978136994545
gaia,gaia/gaia-f3917a3d-1d17-4ee2-90c5-683b072218fe,gaia-f3917a3d-1d17-4ee2-90c5-683b072218fe,0.6664395317875662,0.65974064794963,0.19526540015064878,0.36643713861525423,easy,0.7966555104835534,0.78,0.2959729717389748,0.3653048842904339
featurebench-modal,featurebench-modal/featurebench-modal-mlflow__mlflow.93dab383.test_unity_catalog_models_artifact_repo.ad6e49d9.lv1,featurebench-modal-mlflow__mlflow.93dab383.test_unity_catalog_models_artifact_repo.ad6e49d9.lv1,0.666412376498314,0.6607803746600126,0.071168224377285,0.39371813414492873,frontier,0.0288582223930246,0.03,0.10770329614269,0.254332929359389
replicationbench,replicationbench/replicationbench-bayes_cal__nwp_set,replicationbench-bayes_cal__nwp_set,0.6663743643463428,0.6561368106148051,0.05720068101214037,0.47307627841621624,frontier,0.0227401611334836,0.02,0.0871779788708134,0.481949980716582
algotune,algotune/algotune-correlate2d-full-fill,algotune-correlate2d-full-fill,0.6663284822395735,0.6557459468395288,0.10474070296095449,0.2859546099431311,easy,0.7737345894051652,0.7721859724779615,0.1597275644108345,0.5700225035118788
aime,aime/aime_i-1,aime_i-1,0.6661577587192284,0.652203549403898,0.06651197250489897,0.4442913954167707,saturated,0.968805500547486,0.96,0.1019803902718556,0.4436760354397048
aime,aime/aime_76,aime_76,0.6659920008986427,0.6520323395733982,0.1916409917543154,0.44417662646453,easy,0.8540024454047348,0.8078947368421052,0.2939133231945203,0.3521489597608747
replicationbench,replicationbench/replicationbench-chandra_representation__2dae_embedding,replicationbench-chandra_representation__2dae_embedding,0.6659769588069957,0.6557297677356017,0.08727924054432441,0.47665722966293167,frontier,0.0455818881834635,0.0588235294117647,0.1331024529292324,0.3418377553553298
featurebench-modal,featurebench-modal/featurebench-modal-sphinx-doc__sphinx.e347e59c.test_util_nodes.08cdc62d.lv1,featurebench-modal-sphinx-doc__sphinx.e347e59c.test_util_nodes.08cdc62d.lv1,0.6658258379531334,0.6601859697143048,0.2840705478539221,0.3820679622033706,medium,0.4275641153846153,0.4275641153846153,0.4302886775628594,0.4482928145893897
gpqa-diamond,gpqa-diamond/gpqa-diamond-176,gpqa-diamond-176,0.6649733833584998,0.6571257335535392,0.1373996902873191,0.3071451917767014,easy,0.9112551042085628,0.89833335,0.2090919336613143,0.5436454907123056
mmmlu,mmmlu/mmmlu-fr-fr-00056,mmmlu-fr-fr-00056,0.6647377589578598,0.6558948116981604,0.13117896233963208,0.373428109412645,easy,0.9417448231647454,0.9,0.2,0.2401081355123114
reasoning-gym,reasoning-gym/reasoning-gym-algorithmic-word-sequence-reversal-easy00cea0a5-seed45-0,reasoning-gym-algorithmic-word-sequence-reversal-easy00cea0a5-seed45-0,0.6647079601080204,0.6542719196202698,0.046724360867734904,0.33182550769038194,saturated,0.9767103737876164,0.97,0.0714142842854284,0.524905838230977
gaia,gaia/gaia-983bba7c-c092-455f-b6c9-7857003d48fc,gaia-983bba7c-c092-455f-b6c9-7857003d48fc,0.664575039120934,0.657846475048809,0.23243908764371413,0.3792339640457435,medium,0.3290842624744613,0.32666665,0.3533333330188754,0.3752068084035063
replicationbench,replicationbench/replicationbench-hubble_trails__satellite_chance_pre2020_uvis,replicationbench-hubble_trails__satellite_chance_pre2020_uvis,0.6642166596020214,0.6539268526325202,0.21250664494951457,0.47038542822335344,hard,0.1769831072439734,0.2294117647058823,0.3249700545160737,0.4734102182637796
aider-polyglot,aider-polyglot/polyglot_python_book-store,polyglot_python_book-store,0.6640127342466783,0.6590560574630364,0.24276548973345233,0.40044840946624866,hard,0.2865384615384615,0.2865384615384615,0.3683533244014952,0.554509669134263
aime,aime/aime_82,aime_82,0.6636732170822532,0.6496374393378994,0.1578140231442251,0.44257112520890146,easy,0.8140101232071717,0.8008333499999999,0.2429263056406767,0.1692553124399178
gaia,gaia/gaia-8f80e01c-1296-4371-9486-bb3d68651a60,gaia-8f80e01c-1296-4371-9486-bb3d68651a60,0.6636597681839832,0.6569166656139435,0.24200826901245195,0.37911020345225044,hard,0.2225730720820067,0.2375,0.3684002578717881,0.6984486204805993
aime,aime/aime_ii-14,aime_ii-14,0.6629966560835316,0.6489387228869322,0.25696707802135327,0.4484950705447666,easy,0.778798752521873,0.7131578947368421,0.3959804970154723,0.2159282805958085
algotune,algotune/algotune-min-weight-assignment,algotune-min-weight-assignment,0.6623346133974338,0.6516523016926146,0.047612750945089946,0.30805438383187167,hard,0.0774026738843212,0.0764080041021708,0.0730646555247632,0.4574604555114829
livecodebench,livecodebench/livecodebench-abc310_f,livecodebench-abc310_f,0.6622795618291745,0.6465823827416816,0.12499332575754984,0.3783768880983233,saturated,0.9538416855802492,0.9294117647058824,0.1933138438253527,0.1915852679829424
swesmith,swesmith/swesmith-oauthlib__oauthlib.1fd52536.combine_file__dq69f6h1,swesmith-oauthlib__oauthlib.1fd52536.combine_file__dq69f6h1,0.6617612092032144,0.5206377816690032,0.05813716610477529,0.3527737819496152,hard,0.0540065817398324,0.0555555555555555,0.111665284679121,0.4933284884942527
gaia,gaia/gaia-305ac316-eef6-4446-960a-92d80d542f82,gaia-305ac316-eef6-4446-960a-92d80d542f82,0.661646678446804,0.6548716719571588,0.24292120196952413,0.35806479396796714,medium,0.6989001739441865,0.6799999999999999,0.3709447398198282,0.4501033359898312
bixbench,bixbench/bix-41-q4,bix-41-q4,0.6616167837887824,0.625477884589086,0.2103503607385671,0.3361874124952392,easy,0.8690853805997419,0.8300000000000001,0.3363034344160048,0.7141077568901646
labbench,labbench/labbench-figqa-0022,labbench-figqa-0022,0.6613162716550569,0.6566968961809241,0.12123635006417059,0.4594658003133559,hard,0.0700753587652355,0.123076923076923,0.1846153846153846,0.4863253841070533
featurebench-modal,featurebench-modal/featurebench-modal-pypa__packaging.013f3b03.test_metadata.e00b5801.lv1,featurebench-modal-pypa__packaging.013f3b03.test_metadata.e00b5801.lv1,0.6611885013281491,0.6554866894994557,0.27551626692289755,0.3880229601295135,medium,0.3076923076923077,0.3076923076923077,0.4203232061558534,0.4363689019907038
labbench,labbench/labbench-figqa-0122,labbench-figqa-0122,0.6611155720178078,0.6564940289903278,0.16960629917978973,0.4773998426685315,medium,0.4263671107044725,0.4307692307692307,0.2583516249807179,0.4951557430867486
gpqa-diamond,gpqa-diamond/gpqa-diamond-80,gpqa-diamond-80,0.6609630075512127,0.6530412200341656,0.17958427984030204,0.3137079157383015,easy,0.8572480117718833,0.8263157894736842,0.2749968521602765,0.3891810290404448
replicationbench,replicationbench/replicationbench-disk_ridges__peak_mean_vz_all,replicationbench-disk_ridges__peak_mean_vz_all,0.6605746411470912,0.6501970383142273,0.1562983168220277,0.4675668649136152,hard,0.0734979295194645,0.0970588235294117,0.2403860793141476,0.4579660953833104
swtbench,swtbench/swtbench-django__django-12713,swtbench-django__django-12713,0.6603523616082769,0.6280910436195593,0.19097374360667393,0.4450773959752362,easy,0.8316251772103317,0.7571428571428571,0.3040542379113251,0.5305864013727282
featurebench-modal,featurebench-modal/featurebench-modal-sympy__sympy.c1097516.test_nullspace.f14fc970.lv1,featurebench-modal-sympy__sympy.c1097516.test_nullspace.f14fc970.lv1,0.6601040684650135,0.6543878353582684,0.20512541762191872,0.38668551537984075,hard,0.1673076923076923,0.1673076923076923,0.3134615384615384,0.4643113487625205
featurebench-modal,featurebench-modal/featurebench-modal-lightning-ai__pytorch-lightning.126fa6f1.test_hooks.34620588.lv1,featurebench-modal-lightning-ai__pytorch-lightning.126fa6f1.test_hooks.34620588.lv1,0.6600627338875832,0.6543459515757754,0.16292101989396435,0.3920591900821698,hard,0.1083333461538461,0.1083333461538461,0.2489830028009237,0.3413986199974209
featurebench-modal,featurebench-modal/featurebench-modal-mlflow__mlflow.93dab383.test_genai_metrics.5f107830.lv1,featurebench-modal-mlflow__mlflow.93dab383.test_genai_metrics.5f107830.lv1,0.6600338926897071,0.654316727191026,0.11604856404533846,0.38449913474854697,hard,0.0847854921399692,0.088,0.1773583942191629,0.5328263471559426
medagentbench,medagentbench/medagentbench-task9_17,medagentbench-task9_17,0.6596560377211498,0.64791329509036,0.2690205910026513,0.4604234513145275,medium,0.577733426594125,0.54,0.4152107898405339,0.3511533734483791
algotune,algotune/algotune-lp-box,algotune-lp-box,0.6595774757996923,0.6488266517793875,0.09257875413432531,0.28299531564557645,easy,0.7053510394288425,0.7053510394288425,0.142686423069137,0.5379615438416805
usaco,usaco/usaco-241,usaco-241,0.6585225708030215,0.6504001531306765,0.17650026679984346,0.5062589290984443,easy,0.9136320021097252,0.886842105263158,0.2713718100315108,0.370288546638216
gpqa-diamond,gpqa-diamond/gpqa-diamond-67,gpqa-diamond-67,0.6582827237898816,0.6503116465391457,0.13932462240021495,0.3437218191179692,easy,0.9130464505170182,0.91,0.2142428528562855,0.0710970525002869
gpqa-diamond,gpqa-diamond/gpqa-diamond-20,gpqa-diamond-20,0.6581020368430537,0.6501276442781114,0.15643643670252055,0.30158229399329867,easy,0.9147465537382566,0.89,0.2406241883103193,0.6994715028578328
seal0,seal0/seal0-2,seal0-2,0.6577472627657005,0.6430072127269313,0.26548784898056577,0.3152062024565145,medium,0.5429487307692308,0.5429487307692308,0.4128847137727391,0.3274859408516685
reasoning-gym,reasoning-gym/reasoning-gym-algorithmic-caesar-cipher-easy00cea0a5-seed45-2,reasoning-gym-algorithmic-caesar-cipher-easy00cea0a5-seed45-2,0.6573389854957621,0.6467229981669009,0.18897474439576145,0.2916213198576715,medium,0.6791461258084426,0.6863424499999999,0.2922035321635375,0.2744513361379713
gaia,gaia/gaia-5188369a-3bbe-43d8-8b94-11558f909a08,gaia-5188369a-3bbe-43d8-8b94-11558f909a08,0.6573069548906527,0.650463511548483,0.15842456176694575,0.3513533781364185,easy,0.9017333862510764,0.8857142857142858,0.2435564162389413,0.3748091085209095
livecodebench,livecodebench/livecodebench-2808,livecodebench-2808,0.6572177668390106,0.6413372238760584,0.0683498950075259,0.3735760533495966,saturated,0.969222372468938,0.9555555555555556,0.1065740338513937,0.163841881518464
aime,aime/aime_i-13,aime_i-13,0.6566567302770415,0.642392353064247,0.2501035210502801,0.4385906690624254,medium,0.6607305751126172,0.6,0.3893314107138301,0.7072402158468798
spider2,spider2/spider2-divvy001,spider2-divvy001,0.6566019413546944,-0.6987166636722117,0.32460049728918633,0.5642418927452394,hard,0.2066093968509884,0.3466666666666667,0.4645667037382492,-0.2835140460373067
swe-lancer,swe-lancer/swe-lancer-18207-manager-0,swe-lancer-18207-manager-0,0.6564176284235023,0.538104515067698,0.1114624429321034,0.32697979817371475,easy,0.9307359671845576,0.8941176470588235,0.2071390219018707,0.5749665278470064
usaco,usaco/usaco-967,usaco-967,0.6562234312763765,0.6480580667178955,0.23995713786962475,0.5093906770274126,medium,0.3445982022748878,0.354385947368421,0.3702710454402536,0.523813415937238
simpleqa,simpleqa/simpleqa-3684,simpleqa-3684,0.6560961857888505,0.6522178265484702,0.12697325992051406,0.4878487707641512,easy,0.9303416183970946,0.91,0.1946792233393178,0.4802326550209692
featurebench-modal,featurebench-modal/featurebench-modal-mlflow__mlflow.93dab383.test_databricks_tracing_utils.8ef44eb4.lv1,featurebench-modal-mlflow__mlflow.93dab383.test_databricks_tracing_utils.8ef44eb4.lv1,0.6560588335737849,0.6502890195064442,0.2161447925487064,0.38195414149402107,hard,0.2040673337167677,0.212,0.3323826576569842,0.4453255983106641
gaia,gaia/gaia-872bfbb1-9ccf-49f6-8c5f-aa22818ccd66,gaia-872bfbb1-9ccf-49f6-8c5f-aa22818ccd66,0.6557726865146905,0.6489051591310078,0.17985182333444993,0.36409383247160815,hard,0.1153519887676131,0.1425,0.2771619562638422,0.3130669076425894
aime,aime/aime_79,aime_79,0.6555248949021812,0.6412238847319351,0.13058788503454621,0.43924450857099384,easy,0.9137183478406632,0.8949999999999999,0.203654118544163,0.1366788304149794
lawbench,lawbench/lawbench-1-1-15-one-shot,lawbench-1-1-15-one-shot,0.655513064012803,0.6515736078522532,0.21200638283713658,0.5281526837549491,hard,0.2676939566413256,0.32578975,0.3253759518221767,0.5794696227020648
simpleqa,simpleqa/simpleqa-661,simpleqa-661,0.6546677102930831,0.6507766575425531,0.2683220897734358,0.4900502430690155,medium,0.5147251503093184,0.5,0.412310562561766,0.3738259962251576
featurebench-modal,featurebench-modal/featurebench-modal-linkedin__liger-kernel.c856fbab.test_poly_norm.7b0e3399.lv1,featurebench-modal-linkedin__liger-kernel.c856fbab.test_poly_norm.7b0e3399.lv1,0.6546387173910433,0.6488501734289317,0.2724291789479191,0.3755414172990709,medium,0.4033109949724088,0.406,0.4198645390017118,0.4611396043717404
bfcl,bfcl/bfcl-live-multiple-447-144-7,bfcl-live-multiple-447-144-7,0.6546243385824742,0.6397101306232122,0.05412931874504103,0.29094686539441805,saturated,0.9769230769230768,0.9769230769230768,0.0846153846153846,0.3368659060838507
algotune,algotune/algotune-ode-stiff-robertson,algotune-ode-stiff-robertson,0.6545576838245596,0.6436828931587797,0.22013980329273147,0.29591519575102726,medium,0.4664637914105773,0.4254183983824752,0.3420003943439099,0.4400268167908505
usaco,usaco/usaco-547,usaco-547,0.6545400740239071,0.6463433639510374,0.29151522584028133,0.5081085229813928,medium,0.42587702169158,0.4499999999999999,0.4510222307509675,0.2930563032566557
gpqa-diamond,gpqa-diamond/gpqa-diamond-61,gpqa-diamond-61,0.6542566892758725,0.6462119645416455,0.15544378284881383,0.30661791971151614,easy,0.8894314760252053,0.8517543684210527,0.2405461232199085,0.6937034139856467
crustbench,crustbench/crustbench-cjson,crustbench-cjson,0.6540458539555819,0.6454449244933407,0.17263505527232412,0.45774152525289113,easy,0.9000000000000001,0.9000000000000001,0.2674667484725186,0.7081694013468398
seal0,seal0/seal0-18,seal0-18,0.6540060267839549,0.6391406586825121,0.2449381400664332,0.28612171544380477,medium,0.5794871923076923,0.5794871923076923,0.3832304153069132,0.2061866950171846
algotune,algotune/algotune-spectral-clustering,algotune-spectral-clustering,0.6539306924316001,0.6430404877177998,0.1734274084292037,0.30171192060829677,medium,0.396197163268523,0.3738590782135133,0.2696990496581497,0.4515181773667667
aider-polyglot,aider-polyglot/polyglot_python_proverb,polyglot_python_proverb,0.6539294888233488,0.6488556767393471,0.2800857970206938,0.39106459539360205,medium,0.4538461538461539,0.4538461538461539,0.4316611645107138,0.4078679783384472
featurebench-modal,featurebench-modal/featurebench-modal-matplotlib__matplotlib.86a476d2.test_backend_registry.872ba384.lv1,featurebench-modal-matplotlib__matplotlib.86a476d2.test_backend_registry.872ba384.lv1,0.6539165236966948,0.6481184707133465,0.1696700981893833,0.37883779478333507,hard,0.1477755493368271,0.15333332,0.2617887097132678,0.6257848058567184
mmmlu,mmmlu/mmmlu-zh-cn-00129,mmmlu-zh-cn-00129,0.6531388813350033,0.6440562557461816,0.0674690504425476,0.3350380065312787,saturated,0.9742957151952444,0.962963,0.1047564554192246,0.143566175067293
swebench-multilingual,swebench-multilingual/swebench-multilingual-preactjs__preact-3062,swebench-multilingual-preactjs__preact-3062,0.6530400059677328,0.6497453605111252,0.31830891919859183,0.45407722585258714,easy,0.7619724485038688,0.6,0.4898979485566356,0.3978613343691718
swebench-multilingual,swebench-multilingual/swebench-multilingual-astral-sh__ruff-15626,swebench-multilingual-astral-sh__ruff-15626,0.6529750022129335,0.6496798709269748,0.2909972799552322,0.45899910281709383,medium,0.4968122973696479,0.4933333333333333,0.4479087208597553,0.2725697224899038
labbench,labbench/labbench-figqa-0008,labbench-figqa-0008,0.6527601039752411,0.6480489183939001,0.1395797670386862,0.46922550990069106,hard,0.0905321991121359,0.123076923076923,0.2153846153846154,0.2391058208371108
mmmlu,mmmlu/mmmlu-de-de-00025,mmmlu-de-de-00025,0.652646505992773,0.6435538032259948,0.11409748209605199,0.35546377262222284,easy,0.9390843912255812,0.9166666842105264,0.1772928409778735,0.2218168070561981
seal0,seal0/seal0-50,seal0-50,0.6525823204010057,0.637669463843162,0.25296321279173134,0.2952735717017731,medium,0.3557692307692308,0.3557692307692308,0.3966995867532225,0.2996529100030069
gpqa-diamond,gpqa-diamond/gpqa-diamond-166,gpqa-diamond-166,0.6524852238998317,0.6444082425058869,0.13645984758428123,0.3089833833808952,easy,0.9182354937335014,0.8851851666666666,0.2117599350586125,0.6673941499942094
reasoning-gym,reasoning-gym/reasoning-gym-arithmetic-count-bits-easy00cea0a5-seed45-1,reasoning-gym-arithmetic-count-bits-easy00cea0a5-seed45-1,0.6524429769965716,0.6417085950617132,0.13748148010842032,0.31708790674121085,easy,0.9299183466288938,0.91,0.2142428528562855,0.3283191137220189
reasoning-gym,reasoning-gym/reasoning-gym-algorithmic-number-filtering-hard0292e21f-seed45-2,reasoning-gym-algorithmic-number-filtering-hard0292e21f-seed45-2,0.6522603122899351,0.6415215311518844,0.13422643809188856,0.3190479681444132,easy,0.8657749059166993,0.83333335,0.2092313844102445,0.6403579160486699
algotune,algotune/algotune-tensor-completion-3d,algotune-tensor-completion-3d,0.6519191696607182,0.6409796180858142,0.1819861321595293,0.29020606785882597,medium,0.5764150816853685,0.5650812238870699,0.2839187503387433,0.4980617971184832
reasoning-gym,reasoning-gym/reasoning-gym-code-bf-hard0292e21f-seed45-2,reasoning-gym-code-bf-hard0292e21f-seed45-2,0.6512856956739668,0.6405234642128567,0.29505223298094335,0.32719772578682776,medium,0.6221354863404643,0.5277778333333334,0.4606423487444522,0.4120357569761994
algotune,algotune/algotune-chebyshev-center,algotune-chebyshev-center,0.6511239253991192,0.6401649088504091,0.11480749707321429,0.29703293556146326,medium,0.5579752188117097,0.5579752188117097,0.1793405034952361,0.4352097892994319
featurebench-modal,featurebench-modal/featurebench-modal-huggingface__transformers.e2e8dbed.test_modeling_zoedepth.e19636d3.lv1,featurebench-modal-huggingface__transformers.e2e8dbed.test_modeling_zoedepth.e19636d3.lv1,0.6509017899348716,0.6450641587516079,0.08594491516149695,0.39985432093809303,frontier,0.0384615384615384,0.0384615384615384,0.1332346775052982,0.1123395371203079
swesmith,swesmith/swesmith-oauthlib__oauthlib.1fd52536.combine_file__519420f6,swesmith-oauthlib__oauthlib.1fd52536.combine_file__519420f6,0.6507567800351425,0.5066288713869921,0.15055020425093296,0.3460956176421962,medium,0.4390197202937246,0.4588235294117647,0.2971607280074138,0.2602942275974828
featurebench-modal,featurebench-modal/featurebench-modal-mlflow__mlflow.93dab383.test_databricks_adapter.3b72f337.lv1,featurebench-modal-mlflow__mlflow.93dab383.test_databricks_adapter.3b72f337.lv1,0.6504660830414731,0.644622747314073,0.27450940679060126,0.371088281495731,medium,0.3683405885633761,0.38266668,0.4258450511316735,0.6192598175951961
reasoning-gym,reasoning-gym/reasoning-gym-algorithmic-isomorphic-strings-hard0292e21f-seed45-1,reasoning-gym-algorithmic-isomorphic-strings-hard0292e21f-seed45-1,0.6503683510586294,0.6395840809112776,0.18044887532425305,0.3186529117021425,easy,0.849733938119875,0.82,0.2821347195933176,0.3836752904259836
swtbench,swtbench/swtbench-django__django-16145,swtbench-django__django-16145,0.650350717035677,0.6173680935620345,0.16203870766237063,0.29319189990152617,hard,0.2674291286586995,0.3333333333333333,0.262466929133727,0.2190851271928531
featurebench-modal,featurebench-modal/featurebench-modal-pandas-dev__pandas.82fa2715.test_merge_antijoin.921feefe.lv1,featurebench-modal-pandas-dev__pandas.82fa2715.test_merge_antijoin.921feefe.lv1,0.650209957589234,0.6443632703390982,0.2466924777650497,0.38462776221120154,hard,0.2211538461538461,0.2211538461538461,0.3828468957195946,0.5444964313859518
swtbench,swtbench/swtbench-django__django-14765,swtbench-django__django-14765,0.649920896034871,0.6169075586215077,0.19508329910178085,0.38583980813292995,medium,0.6012513856049967,0.6,0.3162277660168379,0.4787645712387949
swebench-multilingual,swebench-multilingual/swebench-multilingual-caddyserver__caddy-5995,swebench-multilingual-caddyserver__caddy-5995,0.6492242149476352,0.6459011339154387,0.32295056695771934,0.45514425673377334,medium,0.5556926712452821,0.5,0.5,0.5545356660356355
reasoning-gym,reasoning-gym/reasoning-gym-arithmetic-leg-counting-hard0292e21f-seed45-2,reasoning-gym-arithmetic-leg-counting-hard0292e21f-seed45-2,0.6488271171245963,0.6380058930772274,0.2832487502415685,0.31471434385887176,medium,0.4774363330796967,0.47,0.4439594576084623,0.673184267875044
devopsgym,devopsgym/devopsgym-codegen__prometheus__prometheus-7667,devopsgym-codegen__prometheus__prometheus-7667,0.648515004820316,0.010215249322423407,0.0041645779476949946,0.1033700356260602,easy,0.7856781064266285,0.7894736842105263,0.4076824574955175,-0.216422991242811
livecodebench,livecodebench/livecodebench-3406,livecodebench-3406,0.6477534496110461,0.6315341124308934,0.07311293570310898,0.37828259752015636,saturated,0.959606498618248,0.9416666666666668,0.1157703665787483,0.1311991822727748
algotune,algotune/algotune-aircraft-wing-design,algotune-aircraft-wing-design,0.6475924043181843,0.6365472490756459,0.20030475685878754,0.3080040926273641,hard,0.2667923167479139,0.2767803527682552,0.3146738237415331,0.5977866729758982
usaco,usaco/usaco-1132,usaco-1132,0.6472244660740618,0.638892503632961,0.263797441714545,0.501570222644127,medium,0.4164383219549235,0.4368421052631579,0.4128980074339621,0.4535579036091408
gaia,gaia/gaia-32102e3e-d12a-4209-9163-7b3a104efe5d,gaia-32102e3e-d12a-4209-9163-7b3a104efe5d,0.6469370301893491,0.6399319357328263,0.22894900948346023,0.3667917559841332,easy,0.8459461802669382,0.8,0.3577708763999664,0.6876763778333442
aider-polyglot,aider-polyglot/polyglot_go_palindrome-products,polyglot_go_palindrome-products,0.6466254348466035,0.6414679181418712,0.2625697342052086,0.38798381346000615,hard,0.275,0.275,0.4093263696893677,0.4031094915278376
omnimath,omnimath/omnimath_1675,omnimath_1675,0.6464804151579875,0.5930649682204726,0.03217889852722354,0.36939518386494624,saturated,0.9845547234164864,0.984,0.0542586398650021,0.2610993918834806
livecodebench,livecodebench/livecodebench-arc186_d,livecodebench-arc186_d,0.6461577510469896,0.6298818123556046,0.2801713915781865,0.35689407393731976,medium,0.6592581488353253,0.5745098235294117,0.4447999387859981,0.5380899486250332
gpqa-diamond,gpqa-diamond/gpqa-diamond-78,gpqa-diamond-78,0.6453415069434754,0.6371353655562129,0.18047409706357537,0.3135885520354932,easy,0.8927402564036561,0.8552631578947368,0.2832586398747828,0.6581539950912667
aime,aime/aime_86,aime_86,0.6452949282461715,0.6306658707221038,0.1382397593980501,0.43499920757210947,easy,0.9221017094140128,0.8938596315789474,0.2191965124730271,0.3158399854835116
aime,aime/aime_65,aime_65,0.6451994873204957,0.6305673951590955,0.18641773510537388,0.4299392357823829,easy,0.7728459462413194,0.74,0.2956349099818897,0.270513070721144
labbench,labbench/labbench-figqa-0172,labbench-figqa-0172,0.6449039435343509,0.640109534526334,0.15756542388340528,0.4615873815268704,hard,0.2176746174824071,0.2307692307692308,0.2461538461538461,0.2912958105531282
crustbench,crustbench/crustbench-lambda-calculus-eval,crustbench-lambda-calculus-eval,0.6444599511643793,0.63567383423481,0.23105778724879997,0.4520516830539307,medium,0.6847824046924552,0.6666666818181819,0.3634848169060394,0.5638206892664234
medagentbench,medagentbench/medagentbench-task1_7,medagentbench-task1_7,0.6444076089236188,0.6322572817977231,0.2204756478139194,0.4716571680488812,easy,0.7810441954889951,0.72,0.3487119154832538,0.5198128365767385
simpleqa,simpleqa/simpleqa-2305,simpleqa-2305,0.6442836829378461,0.6403012034854924,0.20758008054131866,0.485565920008594,easy,0.7803996070206125,0.77,0.3241913015489466,0.3567141613642145
aider-polyglot,aider-polyglot/polyglot_rust_forth,polyglot_rust_forth,0.6441120002626081,0.6389259020136063,0.20549046893363615,0.3968677749387824,easy,0.7820512692307692,0.7820512692307692,0.3216186232018812,0.4307470127628277
aider-polyglot,aider-polyglot/polyglot_rust_simple-cipher,polyglot_rust_simple-cipher,0.6432174076640937,0.6380211640307922,0.14190407644502853,0.38601235165507974,easy,0.9230769230769232,0.9230769230769232,0.2224128045353993,0.6877935022359856
bixbench,bixbench/bix-49-q1,bix-49-q1,0.6427087345454772,0.6050542264493882,0.04840433811595106,0.34896642177572623,frontier,0.0387494159911665,0.04,0.08,0.5360743693997861
simpleqa,simpleqa/simpleqa-975,simpleqa-975,0.6421782871983068,0.6381774520835837,0.15941667643539878,0.4763693805086785,easy,0.7765642482728464,0.76,0.2497999199359359,0.482249498099988
aider-polyglot,aider-polyglot/polyglot_python_phone-number,polyglot_python_phone-number,0.6420295745953439,0.636819882296807,0.24202328510823978,0.38502161327692186,hard,0.2692307692307692,0.2692307692307692,0.38004982544725,0.3868445615067422
seal0,seal0/seal0-94,seal0-94,0.641845806169217,0.6265783876136358,0.22135161933651634,0.31331239929028615,medium,0.6500480339956177,0.6399999999999999,0.3532704346531138,0.6449260427155638
swtbench,swtbench/swtbench-sphinx-doc__sphinx-8721,swtbench-sphinx-doc__sphinx-8721,0.6418006012339126,0.6082114012285631,0.1160216278024609,0.3052359755349056,hard,0.0591083040209403,0.1166666666666666,0.1907587190376599,0.2176994805024387
kumo,kumo/kumo-vehicleenv-t4-a6-v1-s1,kumo-vehicleenv-t4-a6-v1-s1,0.6414434577311398,0.6338408331645883,0.21174132223870812,0.3591567338281601,medium,0.6676745867511408,0.65083335,0.334060715497838,0.6277105563806105
usaco,usaco/usaco-1040,usaco-1040,0.6412512951458301,0.632810069158924,0.28790734318436034,0.49593865636475737,medium,0.4067979013000761,0.4394736842105263,0.4549664381399962,0.3720018884608287
seal0,seal0/seal0-51,seal0-51,0.6410349108061987,0.625740968482171,0.21784146679617972,0.2918086629601045,medium,0.6365384230769231,0.6365384230769231,0.3481336172131849,0.6320029775350519
arc-agi-2,arc-agi-2/arc-agi-2-6ffbe589_0,arc-agi-2-6ffbe589_0,0.6409860739713128,0.6340071450647775,0.09719145492192181,0.5778080974158032,frontier,0.0447718703069141,0.05,0.1532970971675589,0.4870528253600699
swebench-multilingual,swebench-multilingual/swebench-multilingual-immutable-js__immutable-js-2005,swebench-multilingual-immutable-js__immutable-js-2005,0.6407268251600006,0.6373410286060195,0.31867051430300974,0.44250835225960083,medium,0.5192164162825381,0.5,0.5,0.2750723847583028
replicationbench,replicationbench/replicationbench-gw_cosmo__measure_combo,replicationbench-gw_cosmo__measure_combo,0.640652444145891,0.6298035411584321,0.2533339694429708,0.4575462408129101,easy,0.7256101384982501,0.6764705882352942,0.4022428469947943,0.7673903043714758
swe-lancer,swe-lancer/swe-lancer-18658-manager-0,swe-lancer-18658-manager-0,0.6404938373568456,0.5185145209308917,0.1422792107447899,0.32173156470123426,easy,0.8689343960133245,0.7999999999999999,0.2743977362280141,0.6739531228832224
gpqa-diamond,gpqa-diamond/gpqa-diamond-109,gpqa-diamond-109,0.640263445067986,0.6319663875904808,0.14074559725330812,0.28136609858370404,easy,0.9025378938221904,0.8800000000000001,0.2227105745132008,0.4343628004776018
aider-polyglot,aider-polyglot/polyglot_go_forth,polyglot_go_forth,0.6401808619842034,0.6349502891308888,0.2521418759377299,0.38931399137034217,medium,0.3,0.3,0.3971049076658556,0.546107929198904
featurebench-modal,featurebench-modal/featurebench-modal-mwaskom__seaborn.7001ebe7.test_plot.b645d353.lv1,featurebench-modal-mwaskom__seaborn.7001ebe7.test_plot.b645d353.lv1,0.6400306072257766,0.6340518152965371,0.1898125824002218,0.3740728867128274,hard,0.1596153846153846,0.1596153846153846,0.2993644648922725,0.4695209946503485
usaco,usaco/usaco-1138,usaco-1138,0.6399309837265992,0.6314657479400979,0.2664343992261621,0.49442413491335224,medium,0.5311407215955679,0.515,0.4219300889957955,0.4431973286826773
mmau,mmau/mmau-4452ab49-197b-4e61-8eb5-458999f0e914,mmau-4452ab49-197b-4e61-8eb5-458999f0e914,0.6397150178100057,0.6273376236378305,0.20796975523875694,0.3876510614520017,easy,0.8477104014990018,0.8099999999999999,0.3315116890850155,0.6740525194637257
gaia,gaia/gaia-99c9cc74-fdc8-46c6-8f8d-3ce2d3bfeea3,gaia-99c9cc74-fdc8-46c6-8f8d-3ce2d3bfeea3,0.6396823249327047,0.6325657170617464,0.21912719221543678,0.3541700829215806,medium,0.3858430921051045,0.4,0.3464101615137755,0.4344397665849664
spider2,spider2/spider2-activity001,spider2-activity001,0.6392080536888946,0.5880773539526676,0.2646348092787004,0.541860375484656,easy,0.7749643064149002,0.65,0.45,0.254536702660764
gaia,gaia/gaia-f46b4380-207e-4434-820b-f32ce04ae2a4,gaia-f46b4380-207e-4434-820b-f32ce04ae2a4,0.6390959637896473,0.6319703995135638,0.23056095631772414,0.35575239197412895,medium,0.6534518888889398,0.6300000000000001,0.364828726939094,0.3578745584044265
qcircuitbench,qcircuitbench/qcircuitbench-universal_2-n9,qcircuitbench-universal_2-n9,0.6387490993569096,0.2262226089234389,0.019791123066349187,0.19420565856392993,frontier,0.0182301383161519,0.02303555,0.0874851685272852,0.2219245390002314
usaco,usaco/usaco-1016,usaco-1016,0.6386771727750421,0.6301891840288122,0.2593993205328901,0.49597895181719626,medium,0.3513068134453579,0.3631578947368421,0.4116213465844415,0.5075170862905253
labbench,labbench/labbench-figqa-0026,labbench-figqa-0026,0.6385744966001731,0.6337137859047549,0.19644583031773297,0.44815043417002115,easy,0.7439855070022828,0.6923076923076923,0.3099914104555367,0.3107264793928543
featurebench-modal,featurebench-modal/featurebench-modal-mwaskom__seaborn.7001ebe7.test_relational.f23eb542.lv1,featurebench-modal-mwaskom__seaborn.7001ebe7.test_relational.f23eb542.lv1,0.6380457061241529,0.6320414040019751,0.0787335666008479,0.37686141976595977,frontier,0.0423076923076923,0.0423076923076923,0.1245702672361665,0.3361804256097224
gpqa-diamond,gpqa-diamond/gpqa-diamond-192,gpqa-diamond-192,0.6377288144236122,0.6293866562856849,0.24626637998763393,0.3128927138078218,easy,0.8228626242052955,0.7699999999999999,0.391279950930277,0.6763079007115466
featurebench-modal,featurebench-modal/featurebench-modal-mlflow__mlflow.93dab383.test_bedrock_autolog.f008b521.lv1,featurebench-modal-mlflow__mlflow.93dab383.test_bedrock_autolog.f008b521.lv1,0.6377138896628415,0.6317053309298701,0.11381383862458501,0.3728546097134009,hard,0.0634856806937836,0.0687499999999999,0.1801691913174946,0.4621212328170046
featurebench-modal,featurebench-modal/featurebench-modal-pandas-dev__pandas.82fa2715.test_iceberg.85771c70.lv2,featurebench-modal-pandas-dev__pandas.82fa2715.test_iceberg.85771c70.lv2,0.6376514691001638,0.6316421098772027,0.2808681653897952,0.3647184733983749,medium,0.6288461538461539,0.6288461538461539,0.444663458939428,0.6865126669783307
swebench-multilingual,swebench-multilingual/swebench-multilingual-preactjs__preact-2896,swebench-multilingual-preactjs__preact-2896,0.6373926836920366,0.6339825083819501,0.3033120269302069,0.44674485528156715,easy,0.7427405953589958,0.5666666666666667,0.4784233364802441,0.4011920632199487
gpqa-diamond,gpqa-diamond/gpqa-diamond-45,gpqa-diamond-45,0.6373809374588998,0.6290326037509902,0.22280495967102412,0.307204294653342,easy,0.8107009014107494,0.7431372352941177,0.3542025617470601,0.2743787288187547
aime,aime/aime_i-6,aime_i-6,0.6357698521247396,0.6208402938760352,0.11792737902061884,0.4232511320474435,easy,0.9340666511327544,0.9055555555555554,0.189948011080875,0.3236871241977753
seal0,seal0/seal0-10,seal0-10,0.6355506707247779,0.6200782833499826,0.22615246338930006,0.2986041923121129,medium,0.6923076923076923,0.6923076923076923,0.3647159874193753,0.2575463222652312
swebench-multilingual,swebench-multilingual/swebench-multilingual-gin-gonic__gin-3741,swebench-multilingual-gin-gonic__gin-3741,0.6354195561669387,0.6319950144422735,0.29486959118924644,0.456690024162656,medium,0.6196671837737298,0.5238095714285714,0.4665694893961539,0.3117389487392672
bixbench,bixbench/bix-30-q3,bix-30-q3,0.6350269148968557,-0.6691213256307801,0.23992338621190853,0.37706399423546116,easy,0.7167252629533342,0.7075,0.3585648476914601,-0.4893826143869167
labbench,labbench/labbench-figqa-0092,labbench-figqa-0092,0.6348216560637506,0.6299219493525141,0.24440041701297063,0.4758190791171316,medium,0.321328004531568,0.3846153846153846,0.387985237320569,0.4693449888778171
livecodebench,livecodebench/livecodebench-3455,livecodebench-3455,0.6348109364052841,0.6181368319672262,0.1607801360430956,0.36417859373985745,easy,0.938457778831418,0.911111111111111,0.260104442460436,0.1767036035759152
mmau,mmau/mmau-25941a11-499f-420c-a65c-26417a8378b4,mmau-25941a11-499f-420c-a65c-26417a8378b4,0.6347053280682716,0.6221961482176773,0.1832165439224019,0.36247676594781947,easy,0.7718645125820507,0.7533333500000001,0.2944674994328364,0.5242758121349137
replicationbench,replicationbench/replicationbench-galaxy_manifold__property_prediction,replicationbench-galaxy_manifold__property_prediction,0.6345753668964368,0.6235857086239017,0.07401223760947309,0.4466951493094958,frontier,0.0384672828287022,0.0431372352941176,0.1186881555909927,0.3872278924263423
swebench-multilingual,swebench-multilingual/swebench-multilingual-projectlombok__lombok-3009,swebench-multilingual-projectlombok__lombok-3009,0.6345357442994762,0.6311047821687015,0.2921447461971808,0.4377438320149715,medium,0.5159503496259009,0.5,0.4629100498862757,0.3902966833799123
gaia,gaia/gaia-65638e28-7f37-4fa7-b7b9-8c19bb609879,gaia-65638e28-7f37-4fa7-b7b9-8c19bb609879,0.6343475370859225,0.6271497548171993,0.19003646572244054,0.35630567926566653,hard,0.1618706107437426,0.1825,0.3030160886817728,0.3186301324086379
labbench,labbench/labbench-figqa-0181,labbench-figqa-0181,0.634328636566423,0.6294238243047837,0.2348110246871182,0.46170605507167095,easy,0.7591307309618938,0.7076923076923077,0.3730570970148351,0.4317377085153884
swtbench,swtbench/swtbench-astropy__astropy-14598,swtbench-astropy__astropy-14598,0.6341611467978545,0.6000377915238704,0.19471769269031272,0.43167062924569366,easy,0.8237946637126713,0.7428571428571428,0.3245090483314442,0.4394975751006811
livecodebench,livecodebench/livecodebench-3608,livecodebench-3608,0.6336640416282371,0.6169501133573083,0.12339002267146167,0.35999744749813106,saturated,0.9538394909343116,0.9333333333333332,0.2,0.1923347295108628
medagentbench,medagentbench/medagentbench-task9_11,medagentbench-task9_11,0.633609433252128,0.6211765522927165,0.2643469348816399,0.45970371875022875,medium,0.5459046753963798,0.53,0.4255584566190643,0.5001594557641499
livecodebench,livecodebench/livecodebench-3299,livecodebench-3299,0.6329755561741834,0.6162377586331815,0.15380245959672378,0.34922948341664145,easy,0.8668920765164561,0.8083333333333333,0.2495829855311989,0.2999844712345408
gpqa-diamond,gpqa-diamond/gpqa-diamond-47,gpqa-diamond-47,0.6329535006860489,0.6245268755544404,0.21082867290713564,0.2977379799202325,easy,0.8419845630965315,0.7842105263157895,0.3375814254910437,0.7334992939697078
mmau,mmau/mmau-3580ca69-7d52-4b48-bb13-63e0fb898439,mmau-3580ca69-7d52-4b48-bb13-63e0fb898439,0.631965025082618,0.6193842208391608,0.19537620862311042,0.3516745896290551,easy,0.7519228994844991,0.7499999999999999,0.3154362059117501,0.2497648880479697
kumo,kumo/kumo-microbiologyenv-t4-a6-v1-s0,kumo-microbiologyenv-t4-a6-v1-s0,0.631930785841012,0.6241731223431786,0.0813026140027025,0.3831240830416674,saturated,0.961531105121438,0.9473684210526316,0.1302565123238377,0.4961426214490083
algotune,algotune/algotune-l0-pruning,algotune-l0-pruning,0.6314689449093778,0.6200367628559245,0.08651808649250217,0.2862059631694817,medium,0.4194656215158652,0.4154625083240292,0.1395370269562646,0.3739528457580938
ineqmath,ineqmath/ineqmath-94,ineqmath-94,0.6313759040318363,0.5884211373587686,0.18000684949414983,0.45852018716431847,easy,0.7760806511788366,0.746875,0.3059149953418433,0.083828496245826
reasoning-gym,reasoning-gym/reasoning-gym-logic-zebra-puzzles-easy00cea0a5-seed45-2,reasoning-gym-logic-zebra-puzzles-easy00cea0a5-seed45-2,0.6307402940118907,0.6194922757181242,0.22862201344914,0.2925108625628208,easy,0.8826932041592929,0.7472222500000001,0.3690473996372564,0.2206411899367156
featurebench-modal,featurebench-modal/featurebench-modal-pandas-dev__pandas.82fa2715.test_groupby_shift_diff.e13d5358.lv1,featurebench-modal-pandas-dev__pandas.82fa2715.test_groupby_shift_diff.e13d5358.lv1,0.6304194623569971,0.624317903334889,0.2122910387571259,0.3733363186665628,hard,0.175,0.175,0.340036762718386,0.416136224551603
simpleqa,simpleqa/simpleqa-2546,simpleqa-2546,0.6302332046809485,0.6261293852185165,0.18404370080974716,0.47568333778561883,easy,0.865833408272763,0.8400000000000002,0.2939387691339813,0.3408691762479533
kumo,kumo/kumo-chemicalenv-t12-a16-v1-s0,kumo-chemicalenv-t12-a16-v1-s0,0.6301942031375283,0.6224084950288825,0.2033280445117186,0.3534824590389926,easy,0.8057927706246221,0.74833335,0.3266794173532019,0.4968657503761565
featurebench-modal,featurebench-modal/featurebench-modal-pydantic__pydantic.e1dcaf9e.test_deprecated_fields.40a2ec54.lv1,featurebench-modal-pydantic__pydantic.e1dcaf9e.test_deprecated_fields.40a2ec54.lv1,0.6298145977149278,0.6237053762794844,0.21889249071855468,0.37249652108688364,hard,0.2019230769230769,0.2019230769230769,0.3509549525198709,0.3555099919177767
gpqa-diamond,gpqa-diamond/gpqa-diamond-59,gpqa-diamond-59,0.6296289769671478,0.6211439354151449,0.0930137330570463,0.2915768688761386,easy,0.939595501339378,0.9184210526315788,0.149745860425861,0.7459002480828459
algotune,algotune/algotune-pagerank,algotune-pagerank,0.629389185067826,0.6179078263302534,0.1810272409906404,0.2955311939281261,medium,0.3574008271838882,0.3379982359872155,0.2929680338664083,0.3765707640674373
gpqa-diamond,gpqa-diamond/gpqa-diamond-90,gpqa-diamond-90,0.6289084705203297,0.6204108107396484,0.2524242358957013,0.31675159755775817,easy,0.7397359062370564,0.6842105263157895,0.4068662755807934,0.2729596875867237
swebench-multilingual,swebench-multilingual/swebench-multilingual-preactjs__preact-2927,swebench-multilingual-preactjs__preact-2927,0.6288028545798976,0.6253304663970074,0.30422593293998923,0.44072504994094097,easy,0.8029669959145118,0.6153846153846154,0.4865042554105199,0.3268015399324274
gaia,gaia/gaia-cabe07ed-9eca-40ea-8ead-410ef5e83f91,gaia-cabe07ed-9eca-40ea-8ead-410ef5e83f91,0.6286897710704208,0.6214066660791385,0.2287418111097061,0.3502890985025323,medium,0.4453553705579841,0.45,0.3681032463861193,0.4183214802924607
swtbench,swtbench/swtbench-sphinx-doc__sphinx-9367,swtbench-sphinx-doc__sphinx-9367,0.6281932292180972,0.5936577153090438,0.22453729195167244,0.39864458912445044,easy,0.8649338649697482,0.7166666666666667,0.3782268572636739,0.246688851481328
algotune,algotune/algotune-convolve2d-full-fill,algotune-convolve2d-full-fill,0.6280884673776209,0.6165764392631474,0.0987175340110211,0.2698289564236547,easy,0.7826557042120336,0.7812836839161384,0.1601059134354786,0.5315523735793753
spider2,spider2/spider2-retail001,spider2-retail001,0.6277750146911618,-0.6727722845725,0.3045406193957014,0.5478072092281077,medium,0.3391468370016619,0.4078431176470588,0.4526652277140336,-0.502256755779188
ineqmath,ineqmath/ineqmath-67,ineqmath-67,0.6276319262153389,0.5843580634972795,0.17541980847623845,0.42509205891956814,easy,0.7659797640957772,0.7105555666666666,0.3001923297273969,0.1572074946811201
omnimath,omnimath/omnimath_3716,omnimath_3716,0.6275986136912267,0.5721221955642816,0.21636338607483482,0.356983616079199,medium,0.5923076923076924,0.5923076923076924,0.3781768785625186,0.3912036668014551
algotune,algotune/algotune-fft-real-scipy-fftpack,algotune-fft-real-scipy-fftpack,0.6275012710494884,0.6159754193669927,0.10191012800408676,0.30639428448040334,hard,0.1612277448103039,0.1624957859090152,0.1654451213472361,0.5870511353384239
featurebench-modal,featurebench-modal/featurebench-modal-linkedin__liger-kernel.c856fbab.test_layer_norm.ed322799.lv1,featurebench-modal-linkedin__liger-kernel.c856fbab.test_layer_norm.ed322799.lv1,0.6274061543153815,0.6212664976485954,0.2514180051778875,0.36720753973079207,medium,0.3160256153846154,0.3160256153846154,0.4046862435516297,0.5274982463270247
gpqa-diamond,gpqa-diamond/gpqa-diamond-35,gpqa-diamond-35,0.6273704046781086,0.6188458588702836,0.06699705753861215,0.3704894755884605,saturated,0.9561357050703128,0.954386,0.1082613005780094,0.2313620557191981
labbench,labbench/labbench-figqa-0130,labbench-figqa-0130,0.6270121978803543,0.6220320951308288,0.15548961937720066,0.47946074726991955,easy,0.7839669437451493,0.7538461538461539,0.2499704124503372,0.5162839434282429
simpleqa,simpleqa/simpleqa-946,simpleqa-946,0.6267929730085668,0.622659858625678,0.21524586708106158,0.4716932018478317,medium,0.6925079168711347,0.65,0.3456877203488721,0.6070700002107396
kumo,kumo/kumo-mythicenv-t4-a6-v1-s0,kumo-mythicenv-t4-a6-v1-s0,0.6266035230947695,0.6187600809998329,0.059930342721046914,0.37655333793386064,saturated,0.9716884413121636,0.9568627647058824,0.0968555415278367,0.4268042262244063
featurebench-modal,featurebench-modal/featurebench-modal-huggingface__transformers.e2e8dbed.test_modeling_prompt_depth_anything.2d54afdc.lv1,featurebench-modal-huggingface__transformers.e2e8dbed.test_modeling_prompt_depth_anything.2d54afdc.lv1,0.6262624825972019,0.620108415392086,0.1206741531616497,0.3793985927479465,frontier,0.0461538461538461,0.0461538461538461,0.194601702164208,0.1365107420114387
kumo,kumo/kumo-philosophyenv-t4-a6-v1-s0,kumo-philosophyenv-t4-a6-v1-s0,0.6261070171273513,0.6182556186291148,0.05731736614614284,0.37286351517824273,saturated,0.97750352036858,0.9675926111111112,0.0927082009755692,0.4436252494849307
crustbench,crustbench/crustbench-skp,crustbench-skp,0.6260620065783079,0.6169284228693291,0.20742226785950119,0.4417440409908759,hard,0.2225286408379032,0.2159090909090909,0.336217720193182,0.6087455669756592
aime,aime/aime_62,aime_62,0.6260310405876152,0.6107991610539031,0.22468672835035827,0.4189536309081396,easy,0.7287806204513234,0.6824999999999999,0.367856969486783,0.4848378197976351
swtbench,swtbench/swtbench-sphinx-doc__sphinx-9673,swtbench-sphinx-doc__sphinx-9673,0.6259349707794738,0.5912446661668815,0.19609367169744815,0.32971153738278874,hard,0.2489920860068249,0.3,0.3316624790355399,0.1473382153726774
medagentbench,medagentbench/medagentbench-task9_15,medagentbench-task9_15,0.6256954960290209,0.6130587288808591,0.21050333606910368,0.42916421874657645,medium,0.5064651777410195,0.51,0.3433656942677878,0.2307969617942673
featurebench-modal,featurebench-modal/featurebench-modal-mwaskom__seaborn.7001ebe7.test_distributions.f700676d.lv1,featurebench-modal-mwaskom__seaborn.7001ebe7.test_distributions.f700676d.lv1,0.6253525245300319,0.6191870109137101,0.1411963626768808,0.3884987215183067,hard,0.0866304455907836,0.09,0.2280350850198276,0.2040784141198675
reasoning-gym,reasoning-gym/reasoning-gym-code-codeio-easy00cea0a5-seed45-2,reasoning-gym-code-codeio-easy00cea0a5-seed45-2,0.6252153758664988,0.6138395090626808,0.26373032286729964,0.30532720867431123,easy,0.865212230622433,0.7091666666666666,0.4296405151079472,0.4604933007494124
mmau,mmau/mmau-13cd0db2-cb58-4141-886c-398f59a874cd,mmau-13cd0db2-cb58-4141-886c-398f59a874cd,0.6251638003926784,0.6124066422461275,0.20449247258662154,0.3799424420608065,easy,0.7800430302198856,0.7500000000000001,0.33391615714128,0.6316884259794949
bixbench,bixbench/bix-9-q5,bix-9-q5,0.6251559211751988,0.5861403894766842,0.2012148672843571,0.3390898574350432,easy,0.7296831960017343,0.69916665,0.343287838369243,0.4928208241772098
swtbench,swtbench/swtbench-pydata__xarray-4356,swtbench-pydata__xarray-4356,0.6241337596736802,0.5893204524609018,0.1015996360157156,0.28049368435541927,frontier,0.0436048212178676,0.0833333333333333,0.1724013405464766,0.2912056390172313
crustbench,crustbench/crustbench-libtinyfseq,crustbench-libtinyfseq,0.624069533785508,0.6148989474534517,0.04004263530285176,0.43562223508916315,saturated,0.9826921338870644,0.9795454545454546,0.0651206762813381,0.6765480222170952
swtbench,swtbench/swtbench-django__django-11551,swtbench-django__django-11551,0.6239454215585267,0.589119276526703,0.19773098614975163,0.39598004522340147,easy,0.7556948687815972,0.6857142857142858,0.3356382892705923,0.510699816961067
featurebench-modal,featurebench-modal/featurebench-modal-huggingface__transformers.e2e8dbed.test_modeling_lightglue.3d3d57cb.lv1,featurebench-modal-huggingface__transformers.e2e8dbed.test_modeling_lightglue.3d3d57cb.lv1,0.6238099955641486,0.6176251174197077,0.06653230324019152,0.3649442223226415,frontier,0.0435897307692307,0.0435897307692307,0.1077227939144506,0.3677150227768445
gaia,gaia/gaia-c526d8d6-5987-4da9-b24c-83466fa172f3,gaia-c526d8d6-5987-4da9-b24c-83466fa172f3,0.6235755436837842,0.6162159913114361,0.1377900845394791,0.35261229524604576,hard,0.1083014218678436,0.1,0.223606797749979,0.652081885448707
reasoning-gym,reasoning-gym/reasoning-gym-games-sokoban-hard0292e21f-seed45-0,reasoning-gym-games-sokoban-hard0292e21f-seed45-0,0.6231584157565244,0.611735251571502,0.16224766499834412,0.28787972647524784,hard,0.2265990100836319,0.22333335,0.2652252989860271,0.5899385203024118
swtbench,swtbench/swtbench-django__django-14631,swtbench-django__django-14631,0.6230708626466238,0.5881851629195778,0.16288204511619075,0.2943041258651123,hard,0.1953042984650113,0.2153846153846154,0.2769230769230769,0.0435030299784923
gaia,gaia/gaia-17b5a6a3-bc87-42e8-b0fb-6ab0781ef2cc,gaia-17b5a6a3-bc87-42e8-b0fb-6ab0781ef2cc,0.622380993382457,0.6150036776798716,0.23915398060245724,0.3393061176623816,medium,0.644230769230769,0.644230769230769,0.3888659357366384,0.4526128485911967
omnimath,omnimath/omnimath_2716,omnimath_2716,0.6223213490270222,0.5662824981027876,0.09883860395776088,0.35351471359029174,easy,0.9459112212201668,0.944,0.1745393938341714,0.3163495409297637
aider-polyglot,aider-polyglot/polyglot_python_simple-linked-list,polyglot_python_simple-linked-list,0.622041156327,0.6166089691609062,0.2664618155312087,0.37083617882723513,medium,0.5692307692307691,0.5692307692307691,0.4321406740057888,0.4954959734523912
gaia,gaia/gaia-5b2a14e8-6e59-479c-80e3-4696e8980152,gaia-5b2a14e8-6e59-479c-80e3-4696e8980152,0.621582143205741,0.6141929679592039,0.21568472883328688,0.3434600517997694,medium,0.3054872727387664,0.3175,0.3511676949834651,0.3542967200135073
spider2,spider2/spider2-intercom001,spider2-intercom001,0.6211656580374044,0.5681949235344127,0.20655150583769047,0.33800157325497104,hard,0.1679970825447288,0.2312499999999999,0.3635222654803967,0.6515627721872593
replicationbench,replicationbench/replicationbench-gw_nsbh__mtov_spin_2,replicationbench-gw_nsbh__mtov_spin_2,0.6210929464348975,0.6097960316535093,0.22247110992066127,0.4450478170465963,medium,0.6762886720182136,0.6300000000000001,0.364828726939094,0.7261899264548559
labbench,labbench/labbench-figqa-0023,labbench-figqa-0023,0.6210861995440945,0.6160457686593354,0.21819136392914595,0.4342774400556267,hard,0.2768996548052737,0.3384615384615385,0.3541804440991181,0.2943598865245888
swtbench,swtbench/swtbench-scikit-learn__scikit-learn-10908,swtbench-scikit-learn__scikit-learn-10908,0.6201548291930052,0.5850712517054223,0.16423949788257997,0.3213889652219661,medium,0.5437239860854419,0.5375,0.2807170877116912,0.1592447929953783
aime,aime/aime_73,aime_73,0.6198392802942817,0.6044177759269656,0.2010298144888787,0.41222097352386794,medium,0.6599756720779463,0.6236842105263158,0.3326007647286171,0.5268208669311499
featurebench-modal,featurebench-modal/featurebench-modal-mlflow__mlflow.93dab383.test_responses_agent.072c4133.lv1,featurebench-modal-mlflow__mlflow.93dab383.test_responses_agent.072c4133.lv1,0.6195537631546882,0.6133157079036614,0.27637039919149614,0.35870243190784196,medium,0.3012522496484106,0.3166666666666666,0.4506168611531925,0.3476415532729817
gaia,gaia/gaia-ebbc1f13-d24d-40df-9068-adcf735b4240,gaia-ebbc1f13-d24d-40df-9068-adcf735b4240,0.6193902503644941,0.6119686154813117,0.1422991529177268,0.3426299915179398,hard,0.1532393036440213,0.1675,0.2325268801665734,0.3964543519156186
seal0,seal0/seal0-31,seal0-31,0.6193354742366443,0.6033450545952713,0.2057506875262728,0.31250579147914076,medium,0.4006410384615385,0.4006410384615385,0.3410166138915185,0.5261557174852638
bfcl,bfcl/bfcl-live-multiple-887-184-4,bfcl-live-multiple-887-184-4,0.6191137739750355,0.6030415807687702,0.06083704759214013,0.2675224382225604,saturated,0.953846153846154,0.953846153846154,0.1008836696046461,0.4829742980902619
spider2,spider2/spider2-google_play001,spider2-google_play001,0.6189421848340366,0.565749176410092,0.190670049776915,0.3219217292704722,hard,0.1789879881411405,0.2468749999999999,0.3370222312771073,0.6519103345908782
gaia,gaia/gaia-8b3379c0-0981-4f5b-8407-6444610cb212,gaia-8b3379c0-0981-4f5b-8407-6444610cb212,0.6180192820693243,0.6105774047047298,0.16428957709070816,0.34843111715488706,hard,0.1137549795917974,0.1399999999999999,0.2690724809414742,0.2527541809911295
kumo,kumo/kumo-mlenv-t4-a6-v1-s0,kumo-mlenv-t4-a6-v1-s0,0.6179685474836378,0.6099876609454794,0.19170062733096405,0.3722605667934528,easy,0.9217020448622932,0.8888888888888888,0.3142696805273545,0.5156886525386689
gpqa-diamond,gpqa-diamond/gpqa-diamond-28,gpqa-diamond-28,0.617890303833205,0.6092015485568785,0.12932690875540723,0.3553736314119353,easy,0.8968971139679472,0.8933333000000001,0.2122891989716151,0.2080765856016273
medagentbench,medagentbench/medagentbench-task9_13,medagentbench-task9_13,0.6178422411981601,0.605005821617167,0.22344299234392312,0.4376606903791956,medium,0.5556196366295814,0.5400000000000001,0.3693237062523878,0.3747856765696342
bixbench,bixbench/bix-25-q1,bix-25-q1,0.6168924681691558,0.5772514491566562,0.10576272128441663,0.3535006703115911,hard,0.0710355345922214,0.0675,0.1832177666057525,0.6267042178548052
kumo,kumo/kumo-transportenv-t4-a6-v1-s0,kumo-transportenv-t4-a6-v1-s0,0.6167781708139941,0.6087784914591725,0.10514325556655284,0.37128657551180855,easy,0.9310816460940268,0.9009259444444444,0.1727118435385857,0.4974920849636644
gaia,gaia/gaia-cffe0e32-c9a6-4c52-9877-78ceb4aaa9fb,gaia-cffe0e32-c9a6-4c52-9877-78ceb4aaa9fb,0.6166764382106403,0.6092147784764208,0.2420814405380808,0.3577860584588384,easy,0.7578588595985887,0.7100000000000001,0.3973663297261105,0.7151783706239594
aider-polyglot,aider-polyglot/polyglot_javascript_killer-sudoku-helper,polyglot_javascript_killer-sudoku-helper,0.6166251762853184,0.611133942251211,0.2301105124402417,0.3695423351738028,medium,0.676923076923077,0.676923076923077,0.3765304077083205,0.5834306897536194
crustbench,crustbench/crustbench-libutf,crustbench-libutf,0.6165206231088514,0.6072109562862401,0.26639842833836125,0.4371221289400312,medium,0.4401849180750953,0.4454545454545454,0.4387246731641329,0.6550527930162237
mmmlu,mmmlu/mmmlu-ja-jp-00098,mmmlu-ja-jp-00098,0.616369964642534,0.6065565683123977,0.2652758276499582,0.33603096090371426,easy,0.7557922206122818,0.627451,0.4373472178992743,0.4775272497274996
reasoning-gym,reasoning-gym/reasoning-gym-algorithmic-letter-counting-easy00cea0a5-seed45-0,reasoning-gym-algorithmic-letter-counting-easy00cea0a5-seed45-0,0.6162657724265851,0.604685311606155,0.18734463512831429,0.29746380453887655,easy,0.9100801552933794,0.8205128461538462,0.3098217064851346,0.4527185134340211
aider-polyglot,aider-polyglot/polyglot_rust_fizzy,polyglot_rust_fizzy,0.6154722849182271,0.6099685498643014,0.20564955466355117,0.3716664588982303,hard,0.2692307692307692,0.2692307692307692,0.3371478000124788,0.7190740554916302
reasoning-gym,reasoning-gym/reasoning-gym-algebra-simple-integration-hard0292e21f-seed45-0,reasoning-gym-algebra-simple-integration-hard0292e21f-seed45-0,0.6152137873971697,0.6036094806833735,0.07729972991415922,0.3043052698072105,saturated,0.9534082397875596,0.94,0.1280624847486569,0.3842686473614533
swtbench,swtbench/swtbench-django__django-16255,swtbench-django__django-16255,0.6149457860005522,0.5795113891255868,0.1697126474420848,0.39255511213795424,easy,0.7527943403027376,0.7083333333333334,0.2928547231800929,0.1253061664292934
algotune,algotune/algotune-fft-cmplx-scipy-fftpack,algotune-fft-cmplx-scipy-fftpack,0.6148327437809661,0.6030119586027387,0.18055336387259222,0.2711599545270572,medium,0.4389885074119201,0.4341895771986907,0.2994192093486157,0.5140319946353739
aider-polyglot,aider-polyglot/polyglot_java_book-store,polyglot_java_book-store,0.6146129145299176,0.6090998767303978,0.23219846292854623,0.36509229944327526,easy,0.7076923076923077,0.7076923076923077,0.3812157444111959,0.6012288041091591
gaia,gaia/gaia-b415aba4-4b68-4fc6-9b89-2c812e55a3e1,gaia-b415aba4-4b68-4fc6-9b89-2c812e55a3e1,0.614312323731319,0.6068159444275097,0.22449627230229724,0.33912856704396677,hard,0.2070175367954189,0.2475,0.3699577678600625,0.2483878171576996
algotune,algotune/algotune-communicability,algotune-communicability,0.6139487079666937,0.6021075773861585,0.0977866662562599,0.2638437922045856,easy,0.7946518999553013,0.7934357855774725,0.1624073005039512,0.5269269762783115
bixbench,bixbench/bix-45-q6,bix-45-q6,0.6136842284003763,0.5738029909540392,0.11052226140950709,0.3510429874004663,hard,0.0738778615967386,0.07,0.1926136028425822,0.6226723536144708
bfcl,bfcl/bfcl-irrelevance-103,bfcl-irrelevance-103,0.6131405380573377,0.5968803332075066,0.08315355843959636,0.2672718314802287,saturated,0.9538461538461538,0.9538461538461538,0.1393136175098064,0.4762119545979228
ineqmath,ineqmath/ineqmath-27,ineqmath-27,0.6129701481985352,0.5684683890528994,0.17920284105419365,0.4549653098212323,easy,0.8551366996549604,0.825,0.3152380053229622,-0.0454836282091449
seal0,seal0/seal0-73,seal0-73,0.61212482811386,0.5959086386582768,0.2529472588846804,0.31605966316112144,medium,0.3461538461538461,0.3461538461538461,0.4244732203483506,0.2520981798804163
aider-polyglot,aider-polyglot/polyglot_javascript_book-store,polyglot_javascript_book-store,0.6118278538484597,0.6062847589541744,0.15495936758314705,0.3756042303377485,easy,0.8923076923076925,0.8923076923076925,0.2555884265513254,0.4084425354193237
simpleqa,simpleqa/simpleqa-2775,simpleqa-2775,0.6101004495920881,0.6058275084973611,0.2549519099678025,0.4557844305189839,medium,0.4583786729341066,0.4699999999999999,0.4208325082500162,0.4806561119481092
simpleqa,simpleqa/simpleqa-221,simpleqa-221,0.6095348110297317,0.6052571990819424,0.23245343805475624,0.46053555290996473,medium,0.6926636847859122,0.6499999999999999,0.3840572873934303,0.5195112737953567
labbench,labbench/labbench-figqa-0080,labbench-figqa-0080,0.6090935379688751,0.6039328088643432,0.19840731874503573,0.4443809837383017,hard,0.2905021007864008,0.3230769230769231,0.3285254846778865,0.4100154967832558
swebench-multilingual,swebench-multilingual/swebench-multilingual-projectlombok__lombok-3602,swebench-multilingual-projectlombok__lombok-3602,0.6086952256837105,0.6050805550761512,0.25191512368802377,0.424670675305117,medium,0.5799886356003423,0.6,0.4163331998932266,0.2625222220438479
simpleqa,simpleqa/simpleqa-1279,simpleqa-1279,0.6084892803447107,0.6042030463636653,0.06161686247161065,0.4618114552085366,saturated,0.9692281403790328,0.96,0.1019803902718556,0.4643625449067845
featurebench-modal,featurebench-modal/featurebench-modal-astropy__astropy.b0db0daa.test_tiled_compression.a4fe298a.lv1,featurebench-modal-astropy__astropy.b0db0daa.test_tiled_compression.a4fe298a.lv1,0.6080576373904744,0.6016778177254685,0.23499688455343304,0.35033871966253916,medium,0.3022356157410651,0.273076923076923,0.3905693007626494,0.4299008723385307
seal0,seal0/seal0-14,seal0-14,0.6077853248961277,0.5914346237144741,0.2591042451056868,0.3022469130817906,medium,0.6403846153846153,0.6403846153846153,0.4380944819875377,0.1877480012842024
gpqa-diamond,gpqa-diamond/gpqa-diamond-136,gpqa-diamond-136,0.6067910176832096,0.5979132993301552,0.1794424876192444,0.2897548147215201,easy,0.8709029446271459,0.8324999999999999,0.3001145614594533,0.7024431172565097
simpleqa,simpleqa/simpleqa-3743,simpleqa-3743,0.6065855021017135,0.6022836071848342,0.23450420975349262,0.45789159317403794,medium,0.400727249475187,0.4199999999999999,0.3893584466786357,0.4605208955981517
aime,aime/aime_ii-13,aime_ii-13,0.6064702533953028,0.5906461651104473,0.2201269294587668,0.40620793737650107,medium,0.5926703659612534,0.5692982631578948,0.3726883241806952,0.6077853514467628
reasoning-gym,reasoning-gym/reasoning-gym-games-maze-hard0292e21f-seed45-1,reasoning-gym-games-maze-hard0292e21f-seed45-1,0.6054954555334031,0.5936728786520721,0.24259528816362402,0.294676533996238,easy,0.8304819242319115,0.6615384615384615,0.4086346149321054,0.404688395912837
gpqa-diamond,gpqa-diamond/gpqa-diamond-42,gpqa-diamond-42,0.6054760393046608,0.596576168955488,0.24822843269925338,0.3037960085187963,medium,0.6178965679070062,0.5715686470588236,0.4160884152209142,0.7069858938155772
aider-polyglot,aider-polyglot/polyglot_python_wordy,polyglot_python_wordy,0.6050670161105395,0.5994515374979948,0.21945467112347575,0.3639820903421068,hard,0.2538461538461539,0.2538461538461539,0.3660924318243321,0.447063270911082
bfcl,bfcl/bfcl-live-simple-222-117-14,bfcl-live-simple-222-117-14,0.6050254121664765,0.5885128971908052,0.10293377585896858,0.3032748349664304,easy,0.9307692307692308,0.9307692307692308,0.1749048769369549,-0.0133063510465396
algotune,algotune/algotune-stable-matching,algotune-stable-matching,0.6048183111528244,0.5927688488765276,0.15943759490588658,0.31307766440627743,hard,0.1926989823836738,0.1919038039228606,0.2689709407099715,0.6082029186729982
reasoning-gym,reasoning-gym/reasoning-gym-algorithmic-base-conversion-easy00cea0a5-seed45-1,reasoning-gym-algorithmic-base-conversion-easy00cea0a5-seed45-1,0.6045110837820554,0.5926666015599131,0.09421357411251907,0.29963733448078117,saturated,0.9660533148651262,0.9305555833333332,0.1589655530859114,0.2280094528060842
bfcl,bfcl/bfcl-live-multiple-470-145-21,bfcl-live-multiple-470-145-21,0.6041016774486588,0.5875606699685476,0.07301794712240751,0.2680909466758946,saturated,0.9615384615384616,0.9615384615384616,0.1242730340107962,0.3437400676299915
featurebench-modal,featurebench-modal/featurebench-modal-huggingface__transformers.e2e8dbed.test_modeling_seggpt.f9e83f60.lv1,featurebench-modal-huggingface__transformers.e2e8dbed.test_modeling_seggpt.f9e83f60.lv1,0.6037934451766999,0.597361734478731,0.13592460309795926,0.3709397723815981,hard,0.0769230769230769,0.0769230769230769,0.227541530119216,0.0819048242625702
reasoning-gym,reasoning-gym/reasoning-gym-arithmetic-chain-sum-hard0292e21f-seed45-2,reasoning-gym-arithmetic-chain-sum-hard0292e21f-seed45-2,0.6037298129993007,0.5918679716747648,0.08302574297517763,0.30967926483073477,easy,0.9289801596387216,0.92333335,0.1402774722549116,0.2934797040441022
medagentbench,medagentbench/medagentbench-task9_2,medagentbench-task9_2,0.6033113826994748,0.5901125546405526,0.22268442825074775,0.41414626754216005,medium,0.4514115458667938,0.44,0.3773592452822641,0.4932325417854543
labbench,labbench/labbench-figqa-0051,labbench-figqa-0051,0.6026786019198758,0.5974545080227556,0.21790121083167638,0.4235073851050666,hard,0.2757950007501375,0.3076923076923077,0.3647159874193753,0.6208362158253333
gaia,gaia/gaia-e29834fd-413a-455c-a33e-c3915b07401c,gaia-e29834fd-413a-455c-a33e-c3915b07401c,0.6025286798740062,0.5948612961205286,0.21039933744890127,0.3337921485849747,medium,0.5772885855004354,0.57,0.3536947836765479,0.2898755481286444
simpleqa,simpleqa/simpleqa-1471,simpleqa-1471,0.602476754273402,0.5981412300223036,0.1378322989683214,0.45510433981351195,easy,0.8310406587515884,0.8300000000000001,0.2304343724360581,0.6028134380209473
aider-polyglot,aider-polyglot/polyglot_rust_say,polyglot_rust_say,0.6024175540088164,0.5967739338069028,0.11253917555136304,0.3632485558272066,easy,0.9461538461538462,0.9461538461538462,0.1885792411097117,0.6811848481623362
livecodebench,livecodebench/livecodebench-abc325_c,livecodebench-abc325_c,0.6023973455142484,0.5846274818331998,0.13501393360482036,0.3821204703365499,saturated,0.9538455215386936,0.9333333333333332,0.2309401076758503,0.5787956017348344
gaia,gaia/gaia-65da0822-a48a-4a68-bbad-8ed1b835a834,gaia-65da0822-a48a-4a68-bbad-8ed1b835a834,0.6019975131587315,0.5943225015597136,0.23293307776176006,0.3361587043928981,medium,0.6153846153846153,0.6153846153846153,0.3919304370109845,0.5210277956263255
algotune,algotune/algotune-generalized-eigenvectors-complex,algotune-generalized-eigenvectors-complex,0.6017590326233787,0.589640498401526,0.12308528147088865,0.2726313437735148,hard,0.2895119618776239,0.2866906338794837,0.2087463154321391,0.3669205213661891
reasoning-gym,reasoning-gym/reasoning-gym-arithmetic-products-easy00cea0a5-seed45-0,reasoning-gym-arithmetic-products-easy00cea0a5-seed45-0,0.601480792154664,0.5895691111466703,0.09209363918515708,0.30138129335234676,saturated,0.9532081343360806,0.9399999999999998,0.156204993518133,0.2828696520395422
swebench-multilingual,swebench-multilingual/swebench-multilingual-projectlombok__lombok-3697,swebench-multilingual-projectlombok__lombok-3697,0.6007596856634199,0.5970901541865621,0.2638747523634184,0.4415339974556444,medium,0.5639823391218044,0.5428571428571428,0.4419345228073719,0.3404174193693396
mmau,mmau/mmau-20cf7678-509c-41fc-9d1c-4a1f000513ee,mmau-20cf7678-509c-41fc-9d1c-4a1f000513ee,0.6003428126484253,0.586959117722247,0.15518382103435194,0.3591852871989294,easy,0.8167553845945552,0.7899999999999999,0.2643860813280457,0.5303202444318114
omnimath,omnimath/omnimath_4119,omnimath_4119,0.5993662503706663,0.540949529338385,0.20270527284806397,0.3384256468238915,hard,0.2619734561309552,0.272,0.3747212297161718,0.3948876871930645
aime,aime/aime_ii-9,aime_ii-9,0.5993495432294558,0.5833148440710804,0.15871145912909337,0.40737213200723243,easy,0.7865456212565939,0.7710526315789474,0.2720854110644807,0.3925460094302812
swe-lancer,swe-lancer/swe-lancer-15321,swe-lancer-15321,0.5992996183809187,0.46848428860924146,0.051112288984656556,0.2394994141848751,frontier,0.0362130886632411,0.0470588235294117,0.1091013940646553,-0.025318897723851
featurebench-modal,featurebench-modal/featurebench-modal-mlflow__mlflow.93dab383.test_mlflow.d1847ff9.lv1,featurebench-modal-mlflow__mlflow.93dab383.test_mlflow.d1847ff9.lv1,0.5989596001888856,0.5924695195842383,0.1650684303497862,0.36109209463549985,hard,0.1193549127465738,0.124,0.2786108397029807,0.1654211417393922
reasoning-gym,reasoning-gym/reasoning-gym-algorithmic-binary-alternation-hard0292e21f-seed45-0,reasoning-gym-algorithmic-binary-alternation-hard0292e21f-seed45-0,0.5983093676185328,0.586327737393192,0.16554675794252752,0.3018874965045081,easy,0.7966452679906262,0.7625000000000001,0.2823450902707536,0.6577860418012118
simpleqa,simpleqa/simpleqa-348,simpleqa-348,0.5981219679451498,0.5937510544966071,0.250222221022698,0.44692017974631826,medium,0.4659804136161357,0.48,0.4214261501141095,0.5475328898063914
labbench,labbench/labbench-figqa-0178,labbench-figqa-0178,0.5980898731891504,0.5928208735810891,0.2540627478786736,0.4705868894339072,medium,0.6914990502284742,0.5692307692307692,0.4285657931441268,0.6486709002377847
aime,aime/aime_67,aime_67,0.5977402238174826,0.5816582926342806,0.15270016671672404,0.3988335986003991,easy,0.9224365022487478,0.8947368421052632,0.2625255560703142,0.2046258451868693
medagentbench,medagentbench/medagentbench-task9_12,medagentbench-task9_12,0.5976525299701497,0.5843150261054917,0.24373712202592998,0.4093410497570018,medium,0.5010077034989645,0.5,0.4171330722922842,0.509669524806421
swebench-multilingual,swebench-multilingual/swebench-multilingual-apache__lucene-12626,swebench-multilingual-apache__lucene-12626,0.596216940169706,0.5925163321167102,0.24785934486656422,0.4383126536487346,medium,0.6391923911393514,0.6095237857142857,0.4183164774228408,-0.0684355935059919
swesmith,swesmith/swesmith-oauthlib__oauthlib.1fd52536.combine_file__6cwt9dv9,swesmith-oauthlib__oauthlib.1fd52536.combine_file__6cwt9dv9,0.5958984056942481,0.43804413742931814,0.14314194425331567,0.2933050328071237,medium,0.6150789554106854,0.6205882352941176,0.3267751626430858,0.2334026960483504
livecodebench,livecodebench/livecodebench-arc189_b,livecodebench-arc189_b,0.5957465763969845,0.5777594925590627,0.22671306771066682,0.3658740381679621,easy,0.781797257411285,0.6851851666666666,0.3924004202968428,0.3621323103110805
algotune,algotune/algotune-dst-type-ii-scipy-fftpack,algotune-dst-type-ii-scipy-fftpack,0.595373410622016,0.5831118872174138,0.18042228168262495,0.3011405266031269,medium,0.3636651598467835,0.3573103725507198,0.3094127999063657,0.506198848390856
bfcl,bfcl/bfcl-live-multiple-337-133-1,bfcl-live-multiple-337-133-1,0.5951197328645855,0.5783041022580151,0.048933424037216657,0.28621050196034215,saturated,0.9769230769230768,0.9769230769230768,0.0846153846153846,-0.0012972312661276
featurebench-modal,featurebench-modal/featurebench-modal-mlflow__mlflow.93dab383.test_config.c63d41b0.lv1,featurebench-modal-mlflow__mlflow.93dab383.test_config.c63d41b0.lv1,0.5945754160208252,0.5880328116934606,0.2697885311968767,0.3387875402759788,medium,0.6650009887202635,0.652,0.4587984306860694,0.70625917593175
reasoning-gym,reasoning-gym/reasoning-gym-algorithmic-graph-color-easy00cea0a5-seed45-0,reasoning-gym-algorithmic-graph-color-easy00cea0a5-seed45-0,0.5945460342988631,0.5824819027983369,0.1851891962602195,0.2870332281549379,easy,0.9356394910164584,0.8611110833333333,0.3179312445082685,0.3201257694063558
reasoning-gym,reasoning-gym/reasoning-gym-games-emoji-mystery-easy00cea0a5-seed45-2,reasoning-gym-games-emoji-mystery-easy00cea0a5-seed45-2,0.5937839044735962,0.5817031317408218,0.1915524565142107,0.2862852419973801,easy,0.8186198990869156,0.7708999999999999,0.3292959003692575,0.517902969104265
simpleqa,simpleqa/simpleqa-2349,simpleqa-2349,0.5937737609422368,0.589367772434551,0.24471185829910594,0.44371739473673466,medium,0.588120009288773,0.5399999999999999,0.4152107898405339,0.4977460441746917
seal0,seal0/seal0-33,seal0-33,0.5930065446567548,0.5762054083428463,0.19126307420928237,0.28405330204277984,medium,0.3993589999999999,0.3993589999999999,0.3319355761677952,0.6863637466621137
bfcl,bfcl/bfcl-live-multiple-591-157-12,bfcl-live-multiple-591-157-12,0.5927127365332429,0.5758242584767582,0.07155942765792368,0.24926277010994194,saturated,0.9615384615384616,0.9615384615384616,0.1242730340107962,0.5893883884554455
spider2,spider2/spider2-app_reporting001,spider2-app_reporting001,0.5926821395979549,0.5369379759779508,0.2567339733743691,0.47568580642840125,medium,0.6996128393605977,0.5733333333333334,0.4781445620544295,0.3226690549007746
featurebench-modal,featurebench-modal/featurebench-modal-pandas-dev__pandas.82fa2715.test_iceberg.85771c70.lv1,featurebench-modal-pandas-dev__pandas.82fa2715.test_iceberg.85771c70.lv1,0.5923146408304696,0.5857451065646652,0.0904589440753333,0.34697407965948046,hard,0.0596153846153846,0.0596153846153846,0.1544339731762604,0.3299094608520994
gaia,gaia/gaia-366e2f2b-8632-4ef2-81eb-bc3877489217,gaia-366e2f2b-8632-4ef2-81eb-bc3877489217,0.5921868182242812,0.5843721671034183,0.21191046246846007,0.3270617161397217,easy,0.8072717877535767,0.75,0.3626292872893749,0.531611734464336
spider2,spider2/spider2-lever001,spider2-lever001,0.591784325602256,0.5359553419174615,0.2513853382291216,0.520110650004684,easy,0.7055930561141784,0.6,0.469041575982343,0.1899445362039646
algotune,algotune/algotune-robust-linear-program,algotune-robust-linear-program,0.5916413150338165,0.5792969624759157,0.1498667310557867,0.29776703909431956,hard,0.2259462299480214,0.2332602431530776,0.2587045000464981,0.5163444351949922
gpqa-diamond,gpqa-diamond/gpqa-diamond-194,gpqa-diamond-194,0.5914746610095488,0.5823420133966722,0.18031085236440533,0.2879152033732946,easy,0.8699348568522043,0.8259259444444444,0.3096305061568407,0.2288668623887118
livecodebench,livecodebench/livecodebench-abc337_d,livecodebench-abc337_d,0.5914379119436323,0.5733114843054298,0.10503736180644858,0.35092565141849225,easy,0.9326742404384684,0.9037037222222222,0.1832116827970086,0.470878565055061
seal0,seal0/seal0-0,seal0-0,0.5913664792705607,0.5745160859633681,0.22027919622963,0.3292607288582891,hard,0.2666666538461538,0.2666666538461538,0.3834169340276319,0.5421881997028782
algotune,algotune/algotune-edge-expansion,algotune-edge-expansion,0.5913303343685098,0.5789791046628819,0.20150281675196247,0.26620382348635907,hard,0.2909843885651568,0.3025223394145642,0.3480312417652621,0.3700398582177814
gaia,gaia/gaia-8131e2c0-0083-4265-9ce7-78c2d568425d,gaia-8131e2c0-0083-4265-9ce7-78c2d568425d,0.5912555807939325,0.5834277979638249,0.1952522867700524,0.3330322801630844,hard,0.1725852672791976,0.2,0.3346640106136302,0.2912316039444482
livecodebench,livecodebench/livecodebench-3811,livecodebench-3811,0.5908485894941747,0.5727031873323579,0.04372802541080509,0.383365229919286,saturated,0.9871793511828992,0.9814815,0.0763537315280006,0.4950395996712191
livecodebench,livecodebench/livecodebench-abc351_e,livecodebench-abc351_e,0.5908485894941747,0.5727031873323581,0.0437280254108051,0.38336522991928607,saturated,0.9871793511828992,0.9814815,0.0763537315280006,0.4950395996712191
livecodebench,livecodebench/livecodebench-abc312_d,livecodebench-abc312_d,0.5908485894941747,0.5727031873323579,0.13118420741662276,0.38336522991928607,saturated,0.9615380150867132,0.9444444444444444,0.2290614236454256,0.4950395996712191
livecodebench,livecodebench/livecodebench-abc334_d,livecodebench-abc334_d,0.5908485894941747,0.5727031873323579,0.04372802541080509,0.38336522991928607,saturated,0.9871793511828992,0.9814815,0.0763537315280006,0.4950395996712191
livecodebench,livecodebench/livecodebench-3508,livecodebench-3508,0.5908485894941747,0.5727031873323579,0.13118420741662276,0.38336522991928607,saturated,0.9615380150867132,0.9444444444444444,0.2290614236454256,0.4950395996712191
livecodebench,livecodebench/livecodebench-3163,livecodebench-3163,0.5908485894941747,0.5727031873323579,0.04372802541080509,0.38336522991928607,saturated,0.9871793511828992,0.9814815,0.0763537315280006,0.4950395996712191
livecodebench,livecodebench/livecodebench-abc333_a,livecodebench-abc333_a,0.5908485894941747,0.5727031873323579,0.07871052444997363,0.38336522991928607,saturated,0.976922809052028,0.9666666666666666,0.1374368541872553,0.4950395996712191
livecodebench,livecodebench/livecodebench-3676,livecodebench-3676,0.5908485894941747,0.5727031873323579,0.03279605185415569,0.38336522991928607,saturated,0.9903845037716782,0.9861111111111112,0.0572653559113564,0.4950395996712191
livecodebench,livecodebench/livecodebench-abc329_c,livecodebench-abc329_c,0.5908485894941747,0.5727031873323579,0.04372802541080509,0.38336522991928607,saturated,0.9871793511828992,0.9814815,0.0763537315280006,0.4950395996712191
featurebench-modal,featurebench-modal/featurebench-modal-huggingface__transformers.e2e8dbed.test_modeling_vitpose.30ffd86e.lv2,featurebench-modal-huggingface__transformers.e2e8dbed.test_modeling_vitpose.30ffd86e.lv2,0.5901392401048045,0.5835438922716866,0.17977976917633245,0.3500710995594108,hard,0.1365384615384615,0.1365384615384615,0.3080826850512738,0.4706662641134763
swebench-multilingual,swebench-multilingual/swebench-multilingual-projectlombok__lombok-3422,swebench-multilingual-projectlombok__lombok-3422,0.5898457454268913,0.5861019558341024,0.26740355325318027,0.45095076119811683,easy,0.7887033252563297,0.6366666666666667,0.4562406772259083,0.284875237128994
featurebench-modal,featurebench-modal/featurebench-modal-sphinx-doc__sphinx.e347e59c.test_ext_napoleon_docstring.50dabe1f.lv1,featurebench-modal-sphinx-doc__sphinx.e347e59c.test_ext_napoleon_docstring.50dabe1f.lv1,0.5898149285129495,0.5832157407093777,0.1950942337536134,0.36169836303819075,hard,0.1487179615384615,0.1487179615384615,0.3345146917953829,0.1777952275111607
usaco,usaco/usaco-866,usaco-866,0.5895680609834753,0.5802252713628624,0.1816907186153176,0.4520846318158688,hard,0.2370472628967406,0.2666666666666667,0.3131382371342656,0.3723382664927214
gpqa-diamond,gpqa-diamond/gpqa-diamond-110,gpqa-diamond-110,0.5891702169419303,0.5799997982072641,0.10322293192556847,0.3580394836176105,easy,0.9151270119225736,0.9074073888888888,0.1779706342047408,0.0367563534257914
omnimath,omnimath/omnimath_2614,omnimath_2614,0.5891492841896486,0.5297098929011402,0.1306140432524394,0.33590690254097394,easy,0.8748644886789326,0.87,0.246576560118759,0.2089127280322138
algotune,algotune/algotune-queens-with-obstacles,algotune-queens-with-obstacles,0.5887679289077988,0.5763601776410512,0.13108532096223396,0.27103881345956543,medium,0.3932913093697728,0.3977934707910682,0.2274364642934648,0.3777904266841758
replicationbench,replicationbench/replicationbench-bayes_cal__hot_temp,replicationbench-bayes_cal__hot_temp,0.588752222797928,0.576746445707222,0.16256309056991422,0.40982093335537517,easy,0.7932681696237002,0.776470588235294,0.2818623188402574,0.7186102681641741
aime,aime/aime_72,aime_72,0.5880324459747276,0.5716684698648603,0.03508811944822965,0.3937190299390595,saturated,0.9843418783905292,0.9789473684210528,0.0613784409983715,0.5156223143055629
mmmlu,mmmlu/mmmlu-hi-in-00063,mmmlu-hi-in-00063,0.5878876888781617,0.577538486484277,0.09550145048787718,0.3228486685155372,saturated,0.9595314636428288,0.9375,0.1653594569415369,0.1496969709272132
crustbench,crustbench/crustbench-emlang,crustbench-emlang,0.587575112193924,0.5777484484552707,0.24965166740015693,0.4146231151558867,medium,0.4498349667389244,0.4456521739130434,0.4321113593081072,0.5197614937321452
crustbench,crustbench/crustbench-hamta,crustbench-hamta,0.5874778568707008,0.5776494995797359,0.2096880864223064,0.4138963134923243,medium,0.3333026480245898,0.3188406086956522,0.3630022817900184,0.537668748326638
simpleqa,simpleqa/simpleqa-1120,simpleqa-1120,0.587136738526344,0.5826777142442819,0.21949245982552096,0.4387251951450697,medium,0.6234026648166999,0.6100000000000001,0.3766961640367472,0.4517453171600147
crustbench,crustbench/crustbench-fslib,crustbench-fslib,0.5867494058135858,0.5769083729277087,0.18822445373180388,0.4137990150613373,hard,0.1987656647670735,0.1797101304347826,0.32626403526889,0.5771620454063346
arc-agi-2,arc-agi-2/arc-agi-2-195c6913_0,arc-agi-2-195c6913_0,0.5866340845712159,0.5788722605002558,0.05522089419040357,0.5277730874369739,frontier,0.035337311871099,0.03,0.0953939201416945,0.3694433574497917
swebench-multilingual,swebench-multilingual/swebench-multilingual-phpoffice__phpspreadsheet-4114,swebench-multilingual-phpoffice__phpspreadsheet-4114,0.5864212485890592,0.5826544436031309,0.2737008103055288,0.4156562052723706,easy,0.7668541685145965,0.6071428571428571,0.4697480870702109,0.2116600444311086
reasoning-gym,reasoning-gym/reasoning-gym-algorithmic-string-splitting-easy00cea0a5-seed45-1,reasoning-gym-algorithmic-string-splitting-easy00cea0a5-seed45-1,0.5859904097737343,0.5737407495304692,0.20682552388460074,0.2875473277363812,easy,0.8168611756992296,0.7228483333333333,0.3604860279731918,0.2502622841153643
kumo,kumo/kumo-medicalenv-t4-a6-v1-s1,kumo-medicalenv-t4-a6-v1-s1,0.585844843347324,0.5773699370180438,0.0922989648188071,0.35779653106446635,saturated,0.9533059978246208,0.9333333333333332,0.1598610507770906,0.5129800816284357
reasoning-gym,reasoning-gym/reasoning-gym-code-bf-easy00cea0a5-seed45-1,reasoning-gym-code-bf-easy00cea0a5-seed45-1,0.5857079964660036,0.5734522601707159,0.18198419940488672,0.2778978749079222,easy,0.8869933590342224,0.774359,0.317348473525434,0.2009356870933312
omnimath,omnimath/omnimath_2534,omnimath_2534,0.585420822151101,0.5256136753228348,0.11768738666888637,0.33345607392647575,easy,0.9100743065262926,0.90666668,0.2239047273581726,0.4588936116035382
seal0,seal0/seal0-98,seal0-98,0.5852376041161083,0.568204428123778,0.21112232365357525,0.2689013400040426,medium,0.4935897692307692,0.4935897692307692,0.3715605039381781,0.474295714156259
featurebench-modal,featurebench-modal/featurebench-modal-optuna__optuna.e7c6f1dd.test_heartbeat.5ad4d08f.lv1,featurebench-modal-optuna__optuna.e7c6f1dd.test_heartbeat.5ad4d08f.lv1,0.5850298320139646,0.5783742386744346,0.09988053426719781,0.3436883001451309,hard,0.0692307692307692,0.0692307692307692,0.1726918793895665,0.415080746856994
aider-polyglot,aider-polyglot/polyglot_python_poker,polyglot_python_poker,0.5850145583563622,0.5791892299938534,0.19889816417452824,0.3476655189203873,medium,0.6230769230769231,0.6230769230769231,0.3434079120853802,0.3765541564871058
gaia,gaia/gaia-9d191bce-651d-4746-be2d-7ef8ecadb9c2,gaia-9d191bce-651d-4746-be2d-7ef8ecadb9c2,0.5850066097228388,0.577091259307562,0.23334761960766218,0.34005538168635485,medium,0.5768371670925124,0.55,0.4043513323831146,0.6913466139371359
swebench-multilingual,swebench-multilingual/swebench-multilingual-sharkdp__bat-3108,swebench-multilingual-sharkdp__bat-3108,0.584557765520915,0.580778493562106,0.2678684699113184,0.4027242069119739,medium,0.3713759746711813,0.4404762142857143,0.4612231218625069,0.3722134624478884
featurebench-modal,featurebench-modal/featurebench-modal-mlflow__mlflow.93dab383.test_tracing.0dc1e3a3.lv2,featurebench-modal-mlflow__mlflow.93dab383.test_tracing.0dc1e3a3.lv2,0.5841892306143165,0.5775237771712493,0.14195343568960056,0.35898358887876436,hard,0.0910279624933245,0.09466668,0.2457966949601593,0.2614806704275729
gaia,gaia/gaia-42d4198c-5895-4f0a-b0c0-424a66465d83,gaia-42d4198c-5895-4f0a-b0c0-424a66465d83,0.5836337256121388,0.575699265372315,0.25034645136052397,0.35031722583497704,medium,0.6875272092385617,0.63,0.434856298103178,0.6440602283980075
swebench-multilingual,swebench-multilingual/swebench-multilingual-faker-ruby__faker-2705,swebench-multilingual-faker-ruby__faker-2705,0.5835721078352976,0.5797862579672848,0.242534145091045,0.408623860443173,medium,0.3941817426908263,0.3904762142857143,0.4183164774228408,0.6081824170855666
gso,gso/gso-huggingface--transformers-253f9a3,gso-huggingface--transformers-253f9a3,0.583004068027922,0.23037950227066412,0.10112062585276572,0.2902986505492154,medium,0.6015192853547162,0.5486110833333333,0.4389306550977914,0.3275278782432032
gaia,gaia/gaia-56db2318-640f-477a-a82f-bc93ad13e882,gaia-56db2318-640f-477a-a82f-bc93ad13e882,0.5829140477125352,0.5749695884354319,0.14258387792137905,0.34815431032884625,easy,0.8845163125554489,0.8571428571428571,0.2479850774531721,0.5725186032908112
swebench-multilingual,swebench-multilingual/swebench-multilingual-apache__lucene-12212,swebench-multilingual-apache__lucene-12212,0.5823286239045289,0.5785344915644255,0.23470290461859955,0.4069950251298089,medium,0.5323745251463643,0.5285714285714286,0.4056852409679762,0.1299576939248372
reasoning-gym,reasoning-gym/reasoning-gym-games-puzzle24-easy00cea0a5-seed45-1,reasoning-gym-games-puzzle24-easy00cea0a5-seed45-1,0.5819345221830503,0.5695978952472576,0.05460848827242829,0.2966305991158503,saturated,0.9517868471272348,0.9376,0.0958719979973297,0.42856006762619
bixbench,bixbench/bix-18-q2,bix-18-q2,0.5819146033905864,0.5397334788492014,0.09410574762997265,0.27512850982036896,saturated,0.9692303670956168,0.96,0.1743559577416269,0.4533028191446998
bfcl,bfcl/bfcl-parallel-multiple-67,bfcl-parallel-multiple-67,0.5804669375818409,0.5632127237042082,0.04439394654276174,0.2782692944373882,saturated,0.9615384615384616,0.9615384615384616,0.0788226981996892,0.132991292033182
aider-polyglot,aider-polyglot/polyglot_javascript_palindrome-products,polyglot_javascript_palindrome-products,0.5803009370926453,0.5744273305491004,0.24744561931345865,0.34800740082374537,medium,0.6461538461538461,0.6461538461538461,0.4307692307692308,0.5524937965309872
crustbench,crustbench/crustbench-libbase122,crustbench-libbase122,0.5797195404424116,0.5697570224143591,0.23464902104695165,0.40946484123090626,hard,0.2883615389532741,0.2931818181818182,0.4118405071211247,0.6134080521182249
aider-polyglot,aider-polyglot/polyglot_javascript_two-bucket,polyglot_javascript_two-bucket,0.5794060446954059,0.5735233175526567,0.16149538882541775,0.34865870814566396,easy,0.8615384615384616,0.8615384615384616,0.2815846956572789,0.6159686045686432
medagentbench,medagentbench/medagentbench-task9_19,medagentbench-task9_19,0.5784763553749356,0.5646791595320174,0.20946476391428345,0.395769613828617,medium,0.5317912506533345,0.5200000000000001,0.3709447398198282,0.3562810196026583
crustbench,crustbench/crustbench-holdem-odds,crustbench-holdem-odds,0.5783713476791921,0.5683857050258604,0.22312456990551113,0.40542174846447965,medium,0.4468886615394465,0.4260869565217391,0.3925583770537639,0.684332112687296
gaia,gaia/gaia-2b3ef98c-cc05-450b-a719-711aee40ac65,gaia-2b3ef98c-cc05-450b-a719-711aee40ac65,0.5781007036458957,0.5700896960167546,0.1701875297795111,0.3180819924523455,hard,0.1730194136357707,0.1974999999999999,0.2985276369115596,0.4361951571031193
labbench,labbench/labbench-figqa-0063,labbench-figqa-0063,0.5775688677973803,0.572103335871568,0.16276992991347497,0.4183588549067115,hard,0.2457460365774206,0.2461538461538461,0.2845114155216451,0.3550664364287221
bixbench,bixbench/bix-33-q6,bix-33-q6,0.5766953070068691,0.534149993567476,0.16024499807024278,0.293066725964828,easy,0.9230761789166028,0.9,0.3,0.6844039414732143
simpleqa,simpleqa/simpleqa-3106,simpleqa-3106,0.5764861777488611,0.5719433137315152,0.22084715501816635,0.4449713946983583,easy,0.7884877415498917,0.73,0.3861346915261565,0.5405136927293327
medagentbench,medagentbench/medagentbench-task9_26,medagentbench-task9_26,0.5762148537666449,0.5623644865902574,0.19244043709053169,0.4080622833993772,medium,0.5552290391065148,0.53,0.3421987726453735,0.4977421107209698
gpqa-diamond,gpqa-diamond/gpqa-diamond-111,gpqa-diamond-111,0.5759018207930253,0.5665168985797244,0.08318530142432176,0.29870965122747645,easy,0.9380061723533208,0.9215686470588236,0.1468363991133714,0.139365848183829
gpqa-diamond,gpqa-diamond/gpqa-diamond-101,gpqa-diamond-101,0.5755048074719064,0.5661135449772037,0.12082473448900168,0.2742035581353021,easy,0.921750311632886,0.8980392352941177,0.2134284465740297,0.1442307467992167
labbench,labbench/labbench-figqa-0135,labbench-figqa-0135,0.5749340850617407,0.5694438270305058,0.10365769577557075,0.4178490050612842,hard,0.0809978406711185,0.1384615384615384,0.1820332240953728,0.4731175197161314
gaia,gaia/gaia-4b6bb5f7-f634-410e-815d-e673ab7f8632,gaia-4b6bb5f7-f634-410e-815d-e673ab7f8632,0.5747509784981853,0.5666939940437302,0.156098224009491,0.3205557569573431,hard,0.1732743397596637,0.175,0.2754541704167864,0.5428901816522905
swtbench,swtbench/swtbench-django__django-13810,swtbench-django__django-13810,0.5747224868248664,0.5366934369172386,0.15112465809559963,0.3615107695504627,medium,0.6228361450373016,0.5615384615384615,0.2815846956572789,0.4888605757292671
bfcl,bfcl/bfcl-live-parallel-2-0-2,bfcl-live-parallel-2-0-2,0.5746020977156135,0.5571756106147272,0.07914544674833393,0.2866271892354653,easy,0.946153846153846,0.946153846153846,0.1420475793278414,0.1434941478858148
labbench,labbench/labbench-figqa-0116,labbench-figqa-0116,0.574455977583937,0.5689612451330585,0.1737470500329806,0.4248193866444717,medium,0.4389928766911267,0.4461538461538461,0.3053758960196801,0.427303493537531
swtbench,swtbench/swtbench-django__django-14089,swtbench-django__django-14089,0.574012425910772,0.5359393834749304,0.07865439807384078,0.3769364938588082,easy,0.9495272694133652,0.9000000000000001,0.1467598771410685,0.1520758596785422
medagentbench,medagentbench/medagentbench-task10_5,medagentbench-task10_5,0.5736653038658577,0.5597552562021119,0.1765670742555538,0.4001280257764583,medium,0.3712589662454876,0.35,0.3154362059117501,0.6595077981781017
aider-polyglot,aider-polyglot/polyglot_javascript_beer-song,polyglot_javascript_beer-song,0.5732474174355254,0.5673023131000939,0.22641684259177267,0.3621955011372619,medium,0.3384615384615384,0.3384615384615384,0.3991114391099337,0.5182299357380715
crustbench,crustbench/crustbench-razz-simulation,crustbench-razz-simulation,0.5731659259865888,0.5630915233196543,0.20629054198931024,0.405067489100121,hard,0.2244844905425887,0.2181818181818181,0.3663534850838161,0.6401822565673005
gaia,gaia/gaia-935e2cff-ae78-4218-b3f5-115589b19dae,gaia-935e2cff-ae78-4218-b3f5-115589b19dae,0.5730372804798813,0.5649568811221758,0.20172995658734047,0.31669030146046695,medium,0.6696236930190249,0.65,0.3570714214271425,0.3166359477951403
featurebench-modal,featurebench-modal/featurebench-modal-mlflow__mlflow.93dab383.test_jsonpath_utils.eb851c42.lv1,featurebench-modal-mlflow__mlflow.93dab383.test_jsonpath_utils.eb851c42.lv1,0.5726695941239534,0.5658704832928018,0.26222058113029467,0.3250764558429342,medium,0.6214259156764894,0.60666668,0.4633932832199207,0.676465708194523
seal0,seal0/seal0-101,seal0-101,0.5716831218472681,0.5542529255660757,0.19641258337010464,0.2905311213116682,medium,0.4403846153846154,0.4403846153846154,0.3543735617985279,0.5079687282021303
livecodebench,livecodebench/livecodebench-abc351_f,livecodebench-abc351_f,0.571067935728328,0.5522974190077206,0.12150543218169853,0.3801048953538572,saturated,0.953833518407282,0.94,0.22,0.5209371357392972
gaia,gaia/gaia-076c8171-9b3b-49b9-a477-244d2a532826,gaia-076c8171-9b3b-49b9-a477-244d2a532826,0.571033265248739,0.5629255757454327,0.160310292964854,0.3460647100119441,easy,0.8998655184873123,0.8699999999999999,0.2847806173179629,0.6067871591960697
algotune,algotune/algotune-kalman-filter,algotune-kalman-filter,0.5707751798401836,0.5579777971056475,0.15702951331646806,0.27190746377661246,medium,0.4693267314176647,0.4601334460499069,0.2814260963984846,0.4010455194568004
algotune,algotune/algotune-power-control,algotune-power-control,0.5696859343124516,0.5568653714040364,0.1792098311084639,0.28226761527190064,medium,0.6295951357078086,0.6034830323648617,0.3218189535769092,0.4326582939718005
lawbench,lawbench/lawbench-2-4-10-one-shot,lawbench-2-4-10-one-shot,0.5694873845724341,0.5648241513544051,0.040933469137796226,0.46643516699593296,hard,0.0766113224259894,0.0869230769230769,0.072471173620393,0.0967417810699687
featurebench-modal,featurebench-modal/featurebench-modal-huggingface__transformers.e2e8dbed.test_modeling_speech_encoder_decoder.b0d78d76.lv1,featurebench-modal-huggingface__transformers.e2e8dbed.test_modeling_speech_encoder_decoder.b0d78d76.lv1,0.5694772266048652,0.5626415595152712,0.05410014995339143,0.357847056178225,frontier,0.0192307692307692,0.0192307692307692,0.0961538461538461,0.0883516376170879
featurebench-modal,featurebench-modal/featurebench-modal-huggingface__transformers.e2e8dbed.test_modeling_time_series_transformer.b0ef2ff5.lv1,featurebench-modal-huggingface__transformers.e2e8dbed.test_modeling_time_series_transformer.b0ef2ff5.lv1,0.5694772266048652,0.5626415595152712,0.05410014995339143,0.357847056178225,frontier,0.0192307692307692,0.0192307692307692,0.0961538461538461,0.0883516376170879
featurebench-modal,featurebench-modal/featurebench-modal-mlflow__mlflow.93dab383.test_client_webhooks.75e39b52.lv2,featurebench-modal-mlflow__mlflow.93dab383.test_client_webhooks.75e39b52.lv2,0.5694591815280048,0.5626233083977921,0.05512560091884512,0.35784613524326586,frontier,0.0192412009261158,0.02,0.0979795897113271,0.0883728995538781
featurebench-modal,featurebench-modal/featurebench-modal-mlflow__mlflow.93dab383.test_ai_command_utils.85dcb487.lv2,featurebench-modal-mlflow__mlflow.93dab383.test_ai_command_utils.85dcb487.lv2,0.5694591815280048,0.5626233083977921,0.05512560091884512,0.35784613524326586,frontier,0.0192412009261158,0.02,0.0979795897113271,0.0883728995538781
featurebench-modal,featurebench-modal/featurebench-modal-mwaskom__seaborn.7001ebe7.test_plot.b645d353.lv2,featurebench-modal-mwaskom__seaborn.7001ebe7.test_plot.b645d353.lv2,0.5694591815280048,0.5626233083977921,0.05512560091884512,0.35784613524326586,frontier,0.0192412009261158,0.02,0.0979795897113271,0.0883728995538781
gpqa-diamond,gpqa-diamond/gpqa-diamond-158,gpqa-diamond-158,0.569378955941587,0.5598904384053771,0.16943555566018173,0.25281319481625336,easy,0.7628062973857929,0.7552631578947369,0.3026226990815396,0.3170616644062921
gaia,gaia/gaia-4b650a35-8529-4695-89ed-8dc7a500a498,gaia-4b650a35-8529-4695-89ed-8dc7a500a498,0.5692389620943675,0.5611069219152545,0.13559761467208317,0.31125727992136243,easy,0.8765705031713507,0.8399999999999999,0.2416609194718914,0.3511161108081816
labbench,labbench/labbench-figqa-0044,labbench-figqa-0044,0.5689427757954291,0.5633967221392089,0.20511384355153017,0.42041504952092784,medium,0.4853972266589406,0.5230769230769231,0.3640664481907456,0.7036960840025144
livecodebench,livecodebench/livecodebench-arc182_e,livecodebench-arc182_e,0.5686429426184759,0.5497973615135529,0.2655773566584602,0.3326961429357327,medium,0.5363521203286005,0.5,0.4830458915396479,0.5295954087785928
algotune,algotune/algotune-ode-seirs,algotune-ode-seirs,0.5685350624833818,0.5556900584315346,0.1807515005936912,0.27765168712872595,medium,0.5714585390228765,0.5355482489610247,0.3252739505613473,0.4425804881280605
medagentbench,medagentbench/medagentbench-task9_8,medagentbench-task9_8,0.5685087938559473,0.5544788940474097,0.20864916271692985,0.39661595953568274,medium,0.5186778235737735,0.5199999999999999,0.3762977544445356,0.1775594472288695
featurebench-modal,featurebench-modal/featurebench-modal-linkedin__liger-kernel.c856fbab.test_multi_token_attention.4c06a35b.lv1,featurebench-modal-linkedin__liger-kernel.c856fbab.test_multi_token_attention.4c06a35b.lv1,0.5683343690865972,0.5614856659550105,0.16722096313849832,0.3351654891215989,hard,0.2064214372161394,0.21466668,0.2978187570542487,0.4877866531904773
featurebench-modal,featurebench-modal/featurebench-modal-mlflow__mlflow.93dab383.test_jsonpath_utils.eb851c42.lv2,featurebench-modal-mlflow__mlflow.93dab383.test_jsonpath_utils.eb851c42.lv2,0.5682628475986913,0.561413329548582,0.2268850914118849,0.32630731409370106,medium,0.4314454208011578,0.42866668,0.4041319994919204,0.4921267154215067
algotune,algotune/algotune-cumulative-simpson-multid,algotune-cumulative-simpson-multid,0.56803994709799,0.555184444208015,0.15289294637779785,0.2659101557878128,hard,0.2632076478918542,0.265920903135461,0.27539126496223,0.3814647674068351
kumo,kumo/kumo-oskernelenv-t4-a6-v1-s1,kumo-oskernelenv-t4-a6-v1-s1,0.5679294718638513,0.5591908817384986,0.08580566135403452,0.34292648058065384,saturated,0.9614448549903032,0.9473684210526316,0.1534461024959289,0.3922701214203712
simpleqa,simpleqa/simpleqa-173,simpleqa-173,0.5678349800706949,0.563225164524027,0.17083465078164556,0.41922561045680745,easy,0.8269233612016222,0.8,0.303315017762062,0.4613762934137272
bfcl,bfcl/bfcl-live-multiple-350-133-14,bfcl-live-multiple-350-133-14,0.5677454837838439,0.550119960045906,0.04654861200388435,0.26551168160077,saturated,0.9769230769230768,0.9769230769230768,0.0846153846153846,-0.0202758259415684
featurebench-modal,featurebench-modal/featurebench-modal-sphinx-doc__sphinx.e347e59c.test_domain_c.4068b9e8.lv1,featurebench-modal-sphinx-doc__sphinx.e347e59c.test_domain_c.4068b9e8.lv1,0.5674949440301852,0.5606366830903581,0.18068471733469937,0.34211525426223527,hard,0.1833333461538461,0.1833333461538461,0.322284864305924,0.2936357126467711
seal0,seal0/seal0-41,seal0-41,0.566825526229026,0.5492554648509034,0.1456061028569718,0.30206366984928795,hard,0.210897423076923,0.210897423076923,0.2650972310243593,0.4929415723824394
aider-polyglot,aider-polyglot/polyglot_python_pov,polyglot_python_pov,0.5667853981089465,0.5607755767789757,0.21978501687207086,0.3760311801969722,medium,0.3846153846153846,0.3846153846153846,0.3919304370109845,0.581010924551309
bixbench,bixbench/bix-30-q5,bix-30-q5,0.5666811370276863,0.5234477972713987,0.04187582378171184,0.2897084673084551,saturated,0.9691945642957444,0.96,0.0799999999999999,0.3787083272133521
replicationbench,replicationbench/replicationbench-abacus__ewald_force_comparison,replicationbench-abacus__ewald_force_comparison,0.5659735768509427,0.5534923402067572,0.1914156815669556,0.39938920070593553,hard,0.1988559308078846,0.2450980588235294,0.3458325755609413,0.3820928817483231
gaia,gaia/gaia-a0068077-79f4-461a-adfe-75c1a4148545,gaia-a0068077-79f4-461a-adfe-75c1a4148545,0.5659501440978245,0.5577736762266161,0.22725427315226604,0.32122653598336576,easy,0.7442570687735377,0.7000000000000001,0.4074309757492672,0.3215143348536903
swtbench,swtbench/swtbench-astropy__astropy-14365,swtbench-astropy__astropy-14365,0.5654467705008229,0.5268479631724704,0.18516319434981718,0.3536990819146983,medium,0.4060698550278875,0.3928571428571429,0.3514547028612155,0.5265702837391651
bfcl,bfcl/bfcl-live-multiple-198-90-0,bfcl-live-multiple-198-90-0,0.5650531919888019,0.5473502130444109,0.0888181953329764,0.26675449396085193,easy,0.9461538461538462,0.9461538461538462,0.1622694085363768,0.4782824126503177
bixbench,bixbench/bix-17-q2,bix-17-q2,0.5650399198570354,0.5216951638871907,0.14382143145501466,0.31536502332003113,easy,0.8460392031581443,0.8,0.2756809750418044,0.4617411284914727
aider-polyglot,aider-polyglot/polyglot_python_react,polyglot_python_react,0.564685236049551,0.5586545432434321,0.216962611884484,0.36463022919934485,medium,0.3615384615384615,0.3615384615384615,0.3883663249650566,0.537411925126928
kumo,kumo/kumo-fantasyenv-t4-a6-v1-s1,kumo-fantasyenv-t4-a6-v1-s1,0.5635382658449803,0.554736335957766,0.1422376252205841,0.3387212437140902,easy,0.939938030549986,0.9117647058823528,0.2564058202082749,0.5056092845808565
gaia,gaia/gaia-a26649c6-1cb2-470a-871e-6910c64c3e53,gaia-a26649c6-1cb2-470a-871e-6910c64c3e53,0.5625631623920913,0.5543412182607934,0.19488858720327767,0.32772929182152893,easy,0.8057910243199635,0.78,0.3515679166249389,0.2687353852761714
bixbench,bixbench/bix-20-q3,bix-20-q3,0.5625063970981645,0.5189903916924934,0.08159669534042109,0.32158846354439197,hard,0.1377009866156655,0.1375,0.1572219768353012,0.5905988433189121
livecodebench,livecodebench/livecodebench-abc363_e,livecodebench-abc363_e,0.562103713464826,0.5430574220977523,0.1324814029629898,0.3679671913895226,easy,0.9365360712613172,0.9083333333333334,0.2439546861384074,0.577085274579724
gpqa-diamond,gpqa-diamond/gpqa-diamond-155,gpqa-diamond-155,0.5619530661737043,0.5523481003574422,0.0819379557298252,0.3581283847666543,easy,0.9338848838399744,0.9277777777777776,0.1483447769202076,-0.0997601127097679
aider-polyglot,aider-polyglot/polyglot_rust_accumulate,polyglot_rust_accumulate,0.5618949757199931,0.5558366758343383,0.2266103370709225,0.36201030289128966,medium,0.3615384615384615,0.3615384615384615,0.4076923076923077,0.5430668825268271
gpqa-diamond,gpqa-diamond/gpqa-diamond-191,gpqa-diamond-191,0.561664841391188,0.5520553877564918,0.0858994124920429,0.3735359205178448,easy,0.9305641611039004,0.93666665,0.1555992648511794,-0.0835107050809617
featurebench-modal,featurebench-modal/featurebench-modal-pypa__hatch.ff4b4040.test_config.38d2ef18.lv1,featurebench-modal-pypa__hatch.ff4b4040.test_config.38d2ef18.lv1,0.5610703303830408,0.5541393980472701,0.11722179574076866,0.3483998477738142,hard,0.0576923076923076,0.0576923076923076,0.2115384615384615,0.1013512818039732
gaia,gaia/gaia-9318445f-fe6a-4e1b-acbf-c68228c9906a,gaia-9318445f-fe6a-4e1b-acbf-c68228c9906a,0.5610236399427041,0.5527811180498146,0.10056970977404946,0.32255452488891045,hard,0.0701376252154031,0.0699999999999999,0.1819340539866025,0.5790327110657393
gaia,gaia/gaia-f2feb6a4-363c-4c09-a804-0db564eafd68,gaia-f2feb6a4-363c-4c09-a804-0db564eafd68,0.5603063431326099,0.5520542534777605,0.186067672908907,0.3243838731493613,hard,0.2729179478807445,0.28,0.3370459909270543,0.5834783395465897
gpqa-diamond,gpqa-diamond/gpqa-diamond-34,gpqa-diamond-34,0.560082849341923,0.5504488057241029,0.13556132579682326,0.26461461740275927,easy,0.9171024139640784,0.8973684210526316,0.2462741755220913,0.4336877316820699
bfcl,bfcl/bfcl-simple-python-169,bfcl-simple-python-169,0.5598093283438901,0.5419566162470888,0.05467457221352329,0.2320293787428186,saturated,0.953846153846154,0.953846153846154,0.1008836696046461,0.2740652969092835
gpqa-diamond,gpqa-diamond/gpqa-diamond-25,gpqa-diamond-25,0.5592281756171917,0.5495808771375084,0.20573031162927813,0.2650332902428755,easy,0.815121836831011,0.7333333529411765,0.3743403749796105,0.5584955504402257
replicationbench,replicationbench/replicationbench-disk_ridges__gaia_dr2_rvs,replicationbench-disk_ridges__gaia_dr2_rvs,0.55919658943527,0.5465776892934495,0.18725391252166287,0.4026310107239547,medium,0.3184620053271136,0.3294117647058824,0.3425934065543773,0.3706586389577346
aime,aime/aime_85,aime_85,0.5591104002116702,0.5419352722342173,0.16453584536105798,0.3727764802647056,easy,0.8045670858181588,0.77333335,0.3036079284574556,0.4986281314883277
algotune,algotune/algotune-linear-system-solver,algotune-linear-system-solver,0.5590922744784917,0.5460486919731145,0.051168150786818925,0.3076329468713252,hard,0.0911711730761385,0.0832178756347923,0.0937062052139084,0.6297997264273537
bixbench,bixbench/bix-28-q6,bix-28-q6,0.5587788936133593,0.515012569817463,0.0448977549297501,0.31514985032849063,frontier,0.0274235866878911,0.02,0.0871779788708134,0.4369543467591128
livecodebench,livecodebench/livecodebench-3696,livecodebench-3696,0.5574384079335128,0.5382504454511924,0.22030879156869948,0.34740152249858747,easy,0.7919439898570484,0.7,0.409305358556692,0.4381271994408709
livecodebench,livecodebench/livecodebench-abc384_f,livecodebench-abc384_f,0.5574277065558227,0.5382394205618708,0.11930832623099863,0.305530559856576,easy,0.8879943332735359,0.8294117647058824,0.2216640433107855,0.2178933495184098
mmmlu,mmmlu/mmmlu-ko-kr-00104,mmmlu-ko-kr-00104,0.5573131388255559,0.5464181126828748,0.16901789616393492,0.2835778981718458,easy,0.8704150785369855,0.8228070000000001,0.3093197173389236,0.4321950475628203
labbench,labbench/labbench-figqa-0024,labbench-figqa-0024,0.5568468133886828,0.551189931884183,0.24635373029259738,0.4447746039616269,medium,0.6975591136387689,0.5846153846153845,0.4469488937333523,0.6255302172426015
algotune,algotune/algotune-ode-brusselator,algotune-ode-brusselator,0.5564656133876157,0.5433674136421336,0.18876397030097808,0.2570028362021894,medium,0.510875995730795,0.4808434753353867,0.3473965599735056,0.4310508960033312
spider2,spider2/spider2-greenhouse001,spider2-greenhouse001,0.5560323312021479,0.4969537387506041,0.2256048195082951,0.5076312883686274,easy,0.7675123892553276,0.6375,0.4539754949333719,0.164699563874746
reasoning-gym,reasoning-gym/reasoning-gym-algorithmic-number-filtering-easy00cea0a5-seed45-2,reasoning-gym-algorithmic-number-filtering-easy00cea0a5-seed45-2,0.5560158998032294,0.5431384714984159,0.11649022432889052,0.2855214051110004,easy,0.9176683263990794,0.9,0.2144761058952722,0.6284478475006796
crustbench,crustbench/crustbench-fleur,crustbench-fleur,0.5559827505762053,0.5456212671532635,0.2037112531871221,0.39428988592036257,hard,0.2284442626195538,0.2130434782608695,0.3733565120178869,0.5888326252970029
gaia,gaia/gaia-6359a0b1-8f7b-499b-9336-840f9ab90688,gaia-6359a0b1-8f7b-499b-9336-840f9ab90688,0.5554749452155711,0.5471587401792749,0.1551462794627945,0.3429414321438764,hard,0.1474462327487133,0.1399999999999999,0.2835489375751565,0.5920530104216104
aider-polyglot,aider-polyglot/polyglot_javascript_grade-school,polyglot_javascript_grade-school,0.5553484518971213,0.5492259292859931,0.20556063348668496,0.37856946879420206,medium,0.6551281923076924,0.6551281923076924,0.3742733591509758,0.2344028532212484
swebenchpro,swebenchpro/swebenchpro-instance_navidrome__navidrome-677d9947f302c9f7bba8c08c788c3dc99f235f39,swebenchpro-instance_navidrome__navidrome-677d9947f302c9f7bba8c08c788c3dc99f235f39,0.5550043324031004,0.29173684951609025,0.09811210443796628,0.33963858480256814,easy,0.7723996630398866,0.7300000000000001,0.3363034344160047,0.5381162068434721
swtbench,swtbench/swtbench-pydata__xarray-6721,swtbench-pydata__xarray-6721,0.5549874630755085,0.5157589803548314,0.11838996839053972,0.2651628328458851,hard,0.0816228620965839,0.1708333333333333,0.2295451420139886,-0.0646318767503965
mmmlu,mmmlu/mmmlu-yo-ng-00149,mmmlu-yo-ng-00149,0.5548410053504435,0.5439031717524231,0.13376903652917918,0.32756314762018074,easy,0.8928381836311741,0.8453703888888889,0.245942740319354,0.3336755486106503
reasoning-gym,reasoning-gym/reasoning-gym-arithmetic-dice-hard0292e21f-seed45-1,reasoning-gym-arithmetic-dice-hard0292e21f-seed45-1,0.5544569022852037,0.5415477684248092,0.1559890252013984,0.2781023569597713,easy,0.9324428028236053,0.8624999999999999,0.2880429655450728,0.2493306020567313
bfcl,bfcl/bfcl-live-multiple-344-133-8,bfcl-live-multiple-344-133-8,0.5537088091418364,0.5356837791912984,0.15157027615538898,0.24241089030627017,easy,0.8384615384615385,0.8384615384615385,0.282947294734608,0.3225527059531294
gaia,gaia/gaia-05407167-39ec-4d3a-a234-73a9120c325d,gaia-05407167-39ec-4d3a-a234-73a9120c325d,0.5536748797238932,0.5453349332267223,0.17756912690796975,0.34354359454816785,hard,0.1758801942301994,0.215,0.3256148031032987,0.0126221588202931
spider2,spider2/spider2-superstore001,spider2-superstore001,0.5535355126741192,-0.6054684089934314,0.29011468301527654,0.4950655969225866,hard,0.2465467916919062,0.3571428571428571,0.4791574237499548,-0.1137725059125406
seal0,seal0/seal0-66,seal0-66,0.5528682641469422,0.5349034188165552,0.21955040317987648,0.2599848592046365,medium,0.3794871923076923,0.3794871923076923,0.4104486818678778,0.5339416522896769
swebench-multilingual,swebench-multilingual/swebench-multilingual-projectlombok__lombok-3594,swebench-multilingual-projectlombok__lombok-3594,0.5525565290703947,0.5485694465416598,0.2539383098646864,0.40125592988793846,medium,0.5146528521183333,0.5,0.4629100498862757,0.3194088873632556
aider-polyglot,aider-polyglot/polyglot_rust_acronym,polyglot_rust_acronym,0.5507162104900148,0.5445487097983526,0.15126281445746656,0.3387632030813354,easy,0.8769230769230769,0.8769230769230769,0.2777764628502737,0.5553678692507846
featurebench-modal,featurebench-modal/featurebench-modal-sphinx-doc__sphinx.e347e59c.test_build_linkcheck.20428c8f.lv1,featurebench-modal-sphinx-doc__sphinx.e347e59c.test_build_linkcheck.20428c8f.lv1,0.5504572799647214,0.5434081589400658,0.06390849822582427,0.3302660737783428,frontier,0.0461538461538461,0.0461538461538461,0.1176068065493896,0.0673788307403404
simpleqa,simpleqa/simpleqa-3056,simpleqa-3056,0.5504325592579541,0.5456911865198733,0.230162684114929,0.42066320326642537,medium,0.3931944171981818,0.41,0.4217819341792628,0.5863080349298478
lawbench,lawbench/lawbench-1-1-16-one-shot,lawbench-1-1-16-one-shot,0.5504058979719085,0.545596136360223,0.18505344672597052,0.4425711358378254,hard,0.2654297997645881,0.3113751999999999,0.339176607738643,0.4784973810059428
bixbench,bixbench/bix-29-q2,bix-29-q2,0.5503345935826738,-0.5904524214352479,0.0535039210939145,0.2818545762435447,frontier,0.0282415502406931,0.03666665,0.0906151268951685,-0.3985591325923605
featurebench-modal,featurebench-modal/featurebench-modal-pandas-dev__pandas.82fa2715.test_describe.3b919815.lv1,featurebench-modal-pandas-dev__pandas.82fa2715.test_describe.3b919815.lv1,0.5484893514088963,0.5414185697802155,0.2455088768165119,0.3183430112607827,medium,0.3268097076312519,0.3269230769230769,0.4534548508673691,0.4025307174777834
seal0,seal0/seal0-22,seal0-22,0.5478482708933924,0.5297440031638009,0.20932562482713798,0.2808706103424035,medium,0.5314102692307692,0.5314102692307692,0.3951448691763914,0.2568967526509212
seal0,seal0/seal0-89,seal0-89,0.5477787902429759,0.5296726023271198,0.15100092755575167,0.26620145092132586,hard,0.2544871923076923,0.2544871923076923,0.285083515538331,0.3468096686653012
aider-polyglot,aider-polyglot/polyglot_javascript_grep,polyglot_javascript_grep,0.5471443193730609,0.5409423995554523,0.21477057561740934,0.3362358629078196,easy,0.7076923076923076,0.7076923076923076,0.3970303969404289,0.4059522760055369
lawbench,lawbench/lawbench-2-7-3-zero-shot,lawbench-2-7-3-zero-shot,0.5467656097597386,0.5419284713508571,0.0858619151337033,0.4538207352287443,medium,0.3375623388244116,0.2984455714285715,0.1584377268824363,0.148933694569467
mmau,mmau/mmau-1910e3db-5030-4255-8b0d-053542050037,mmau-1910e3db-5030-4255-8b0d-053542050037,0.5460748513073548,0.5314143733141764,0.14798193033914006,0.31780404848557714,easy,0.8578017470770121,0.8366666500000001,0.2784680614042255,0.1382046016689643
seal0,seal0/seal0-74,seal0-74,0.5458366809032433,0.5276769255709794,0.1973470549699206,0.2702903430552051,medium,0.6012820384615385,0.6012820384615385,0.3739922013007841,0.4189187007596995
algotune,algotune/algotune-capacitated-facility-location,algotune-capacitated-facility-location,0.5455685563547672,0.532246652155318,0.08831266790676211,0.2426045146046478,medium,0.5212467254527806,0.519758204587828,0.1659243276573792,0.5863213295454627
spider2,spider2/spider2-asana001,spider2-asana001,0.5449938853180701,0.4849621222596638,0.132257804455836,0.2631483082545443,hard,0.0854521519634895,0.125,0.2727178028658928,0.3358815233701529
featurebench-modal,featurebench-modal/featurebench-modal-mlflow__mlflow.93dab383.test_span.69efd376.lv1,featurebench-modal-mlflow__mlflow.93dab383.test_span.69efd376.lv1,0.5449040072277243,0.5377939670928977,0.13575154201644019,0.32840129714790733,hard,0.1161770221313053,0.12066668,0.2524229543709081,0.4766885728193034
labbench,labbench/labbench-figqa-0006,labbench-figqa-0006,0.5441262019024,0.5383553928354904,0.1472309968348353,0.3796559359640232,hard,0.0851397853866807,0.1538461538461538,0.273482905148172,0.1917930171241573
crustbench,crustbench/crustbench-libpgn,crustbench-libpgn,0.5435549873684233,0.5329915281732094,0.17890207346769513,0.3837515628877896,hard,0.1898115008996528,0.1772727272727272,0.3356565048620365,0.6312702294424993
mmmlu,mmmlu/mmmlu-id-id-00076,mmmlu-id-id-00076,0.5434206204680025,0.532287603238064,0.13596117091051915,0.295458250345828,easy,0.929459792341664,0.8981481666666666,0.255428024405278,-0.009561864273391
aime,aime/aime_ii-6,aime_ii-6,0.542917326219108,0.525307056210195,0.10522498762362655,0.3648048493947219,easy,0.9128920427694214,0.8973684210526316,0.2003113919366849,0.1525517739217472
kumo,kumo/kumo-musicenv-t12-a16-v1-s0,kumo-musicenv-t12-a16-v1-s0,0.5426236663484865,0.5335270309263873,0.07746877011252748,0.3332635458502965,saturated,0.9550120690219404,0.9385965263157896,0.145201209352064,0.393495378019329
spider2,spider2/spider2-tickit001,spider2-tickit001,0.5423886132122692,0.4821353135095887,0.22002844281365974,0.43686884665783937,easy,0.7727132492148123,0.62,0.4563624290699955,0.4009762791930896
kumo,kumo/kumo-celestialenv-t4-a6-v1-s1,kumo-celestialenv-t4-a6-v1-s1,0.5422704198463536,0.5331689057724528,0.04717822112711141,0.33184750849303335,saturated,0.9772098664893784,0.97083335,0.0884864451327292,0.4819864787672016
gpqa-diamond,gpqa-diamond/gpqa-diamond-70,gpqa-diamond-70,0.5412634565564749,0.5313424034498786,0.03261296836008128,0.24907010859644846,saturated,0.9838714046168294,0.9789473684210528,0.0613784409983715,0.5250084796039922
featurebench-modal,featurebench-modal/featurebench-modal-pandas-dev__pandas.82fa2715.test_string.dcfa24ea.lv1,featurebench-modal-pandas-dev__pandas.82fa2715.test_string.dcfa24ea.lv1,0.5409883625940402,0.5338357491428455,0.18669861896830492,0.32359972880477655,hard,0.1903846153846154,0.1903846153846154,0.3497304541107971,0.3858325783118067
swebench-multilingual,swebench-multilingual/swebench-multilingual-apache__lucene-12196,swebench-multilingual-apache__lucene-12196,0.5408353135790289,0.5367750851918115,0.26140205709920505,0.4261209254151665,medium,0.6999348001736495,0.5466666666666666,0.4869861964733246,-0.0440644321876856
gpqa-diamond,gpqa-diamond/gpqa-diamond-103,gpqa-diamond-103,0.5408156989057782,0.5308879409923909,0.06740789292430287,0.36920973825985637,easy,0.94222941598381,0.9421052631578948,0.126971979808577,-0.1145266740336562
algotune,algotune/algotune-matrix-completion,algotune-matrix-completion,0.5405025576316901,0.527078235059839,0.16900700215043496,0.29151495607621036,hard,0.1903187532901085,0.2060431831920461,0.3206487972914451,0.6374790057245935
gaia,gaia/gaia-11af4e1a-5f45-467d-9aeb-46f4bb0bf034,gaia-11af4e1a-5f45-467d-9aeb-46f4bb0bf034,0.5404477814077294,0.5319358170710328,0.11702587975562721,0.29774268493560946,saturated,0.9537840398887466,0.94,0.22,0.189851378121713
usaco,usaco/usaco-925,usaco-925,0.5402915075093466,0.530162169320221,0.18082310667819884,0.41648069579065294,hard,0.2397332546999898,0.2842105263157894,0.3410713120290193,0.4176726228061604
gpqa-diamond,gpqa-diamond/gpqa-diamond-0,gpqa-diamond-0,0.5399706638827376,0.5300302679303552,0.07401469891842648,0.260088431352562,saturated,0.9561242238590324,0.95,0.1396424004376894,0.1390179823706175
labbench,labbench/labbench-figqa-0112,labbench-figqa-0112,0.5397574075486192,0.5339480912125438,0.17997256251934535,0.39476908976391195,medium,0.691880505957985,0.5846153846153845,0.3370600353877945,0.4370405108238322
gpqa-diamond,gpqa-diamond/gpqa-diamond-31,gpqa-diamond-31,0.5393156090471819,0.529365430428339,0.08087788654104923,0.30126848382350624,easy,0.9467611413149046,0.940350894736842,0.1527827128333757,0.0264724887317782
gaia,gaia/gaia-b7f857e4-d8aa-4387-af2a-0e844df5b9d8,gaia-b7f857e4-d8aa-4387-af2a-0e844df5b9d8,0.5391999658441252,0.5306719951325272,0.11854314423135166,0.2988731702297162,easy,0.92455805083142,0.91,0.2233830790368867,0.2420960997964775
kumo,kumo/kumo-botanicalenv-t4-a6-v1-s1,kumo-botanicalenv-t4-a6-v1-s1,0.5390369805440942,0.529890962377816,0.12758025922164287,0.3363363647057341,easy,0.9325861683447572,0.9125,0.2407670035532277,0.5200277887950662
swtbench,swtbench/swtbench-sphinx-doc__sphinx-8475,swtbench-sphinx-doc__sphinx-8475,0.5387661583966057,0.4985878346505181,0.16702485748138982,0.276058664268128,hard,0.1132667406493972,0.2333333333333333,0.334995854037363,0.1424145664349549
crustbench,crustbench/crustbench-clhash,crustbench-clhash,0.538627600841998,0.5279853751522435,0.17893335639549973,0.37848563812244856,medium,0.6230769230769232,0.6230769230769232,0.3388983195678567,0.529667464426128
reasoning-gym,reasoning-gym/reasoning-gym-algorithmic-graph-color-hard0292e21f-seed45-1,reasoning-gym-algorithmic-graph-color-hard0292e21f-seed45-1,0.5385971874695725,0.525370816450695,0.16825333883431207,0.2734728161743434,easy,0.9164950981536978,0.8333333076923076,0.3202563476422225,0.3934902920168047
algotune,algotune/algotune-count-riemann-zeta-zeros,algotune-count-riemann-zeta-zeros,0.538264745508569,0.5247955008581895,0.20751905544173913,0.2584297155698784,medium,0.4474623220046348,0.4474623220046348,0.3954284194555529,0.534631571107614
livecodebench,livecodebench/livecodebench-3779,livecodebench-3779,0.5371448639005044,0.5173553795171864,0.23847017246488744,0.31559330297072424,medium,0.413222410664041,0.4509804117647059,0.4609407419082719,0.5896050517872569
mmmlu,mmmlu/mmmlu-sw-ke-00139,mmmlu-sw-ke-00139,0.5363010164189117,0.5250484578859942,0.16809752532582747,0.30344894976540504,easy,0.8844219286269287,0.85,0.3201562118716424,0.2540065976167885
gpqa-diamond,gpqa-diamond/gpqa-diamond-68,gpqa-diamond-68,0.536254472419193,0.5262587416093356,0.09034761469098687,0.37615106490939443,easy,0.929957128006574,0.9333333157894738,0.1716790763697295,-0.1352609915812002
ineqmath,ineqmath/ineqmath-48,ineqmath-48,0.53531700127847,0.4848827321539705,0.11706568387187147,0.34933015671590956,easy,0.9091594402999535,0.8766666666666667,0.2414309194964242,0.2072262898168109
aime,aime/aime_ii-7,aime_ii-7,0.5351771858307532,0.5173637330000219,0.14365580184750162,0.3557661360981768,easy,0.7846736364065391,0.77,0.2776688675382964,0.31943113255321
gpqa-diamond,gpqa-diamond/gpqa-diamond-98,gpqa-diamond-98,0.534850420509611,0.5248338861951343,0.21126347561119077,0.28366076263371465,medium,0.6970509321292765,0.6314815,0.4025339848819186,0.6011923311189984
seal0,seal0/seal0-90,seal0-90,0.533646962177758,0.5151556272898531,0.1581181808078166,0.2623075344419637,hard,0.2179487307692307,0.2179487307692307,0.3069328420998712,0.5240928175942055
bfcl,bfcl/bfcl-parallel-multiple-13,bfcl-parallel-multiple-13,0.5334244936149727,0.51484099568599,0.153790829718903,0.24934752858324094,easy,0.8,0.8,0.2987151975222707,0.2349880490177498
swebench-multilingual,swebench-multilingual/swebench-multilingual-projectlombok__lombok-3486,swebench-multilingual-projectlombok__lombok-3486,0.5332026593844488,0.5290956553057561,0.2424962458374896,0.38393852265511846,medium,0.5258242531878394,0.5384615384615384,0.4583221264543456,0.4538397144426322
aime,aime/aime_81,aime_81,0.5331404240814915,0.5152740218286371,0.18079903237937178,0.3590841336746285,medium,0.3990640332153818,0.4131578947368421,0.3508793859580592,0.7246489923719679
mmau,mmau/mmau-129ad635-80b3-4ed4-8b37-b163fa8f3a22,mmau-129ad635-80b3-4ed4-8b37-b163fa8f3a22,0.5330567588510818,0.5181089363733481,0.1580869146777738,0.36589957251448335,easy,0.7849295050780637,0.7700000000000002,0.3051229260478471,0.6793799440292635
omnimath,omnimath/omnimath_39,omnimath_39,0.5327065007882684,0.46800863588508224,0.16068006348850644,0.2946082175399696,medium,0.4673076923076922,0.4673076923076922,0.3433271336641763,0.2111481521880434
gpqa-diamond,gpqa-diamond/gpqa-diamond-138,gpqa-diamond-138,0.5320166342082672,0.5219582845793668,0.2280060224619577,0.2952957487813237,medium,0.6858752745664004,0.6174999999999999,0.4368280554176894,0.6235910729170828
algotune,algotune/algotune-robust-kalman-filter,algotune-robust-kalman-filter,0.5318303546578537,0.5182330352318492,0.159132584343569,0.2617268840188913,medium,0.3734083241084882,0.3577210580538006,0.3070676192465724,0.2751575563128205
gpqa-diamond,gpqa-diamond/gpqa-diamond-108,gpqa-diamond-108,0.5317638510258736,0.5217017825200291,0.136054288910798,0.2719114174509902,easy,0.8640651483337263,0.84333335,0.2607893886304186,0.1770893903715249
gpqa-diamond,gpqa-diamond/gpqa-diamond-125,gpqa-diamond-125,0.5314047521402812,0.5213374038206081,0.1456016130149255,0.2921608117398779,easy,0.8302179408881073,0.8,0.2792848008753788,0.2789401296174427
gaia,gaia/gaia-389793a7-ca17-4e82-81cb-2b3a2391b4b9,gaia-389793a7-ca17-4e82-81cb-2b3a2391b4b9,0.5308349742307001,0.5222006867569102,0.12089819960846081,0.3122018834316888,easy,0.9013986662375988,0.8800000000000001,0.2315167380558045,0.3606421274793415
featurebench-modal,featurebench-modal/featurebench-modal-sphinx-doc__sphinx.e347e59c.test_ext_intersphinx.04901873.lv1,featurebench-modal-sphinx-doc__sphinx.e347e59c.test_ext_intersphinx.04901873.lv1,0.5296449214235746,0.5223707536148767,0.15156235813325095,0.31103401118284846,hard,0.1448718076923077,0.1448718076923077,0.2901432690946398,0.4491070820590104
gaia,gaia/gaia-d8152ad6-e4d5-4c12-8bb7-8d57dc10c6de,gaia-d8152ad6-e4d5-4c12-8bb7-8d57dc10c6de,0.5293034624663835,0.5206498955779153,0.17702096449649116,0.32290583127564493,medium,0.5997405621856049,0.58,0.3399999999999999,0.6160580412161514
gaia,gaia/gaia-33d8ea3b-6c6b-4ff1-803d-7e270dea8a57,gaia-33d8ea3b-6c6b-4ff1-803d-7e270dea8a57,0.5292980785270235,0.520644443964262,0.15055989513049384,0.3286702765321962,medium,0.6361448963773493,0.6250000000000001,0.2891798748184251,0.4164136786059915
gaia,gaia/gaia-cca70ce6-1952-45d2-acd4-80c903b0bc49,gaia-cca70ce6-1952-45d2-acd4-80c903b0bc49,0.5291110033241723,0.520455017730486,0.15039258967000393,0.3140850880370697,hard,0.1436933125871769,0.15,0.2889636655359978,0.4979488880718143
bigcodebench,bigcodebench/bigcodebench_1013,bigcodebench_1013,0.5281058000639474,0.4736633184510825,0.19737093102234848,0.2050676302051635,medium,0.6320512692307693,0.6320512692307693,0.4166903438243169,0.3573733833769626
labbench,labbench/labbench-figqa-0021,labbench-figqa-0021,0.5278957154262516,0.5219834470436544,0.19558713491908308,0.3727339462034231,medium,0.5890948666821835,0.54,0.3746998799039039,0.6498209835396905
reasoning-gym,reasoning-gym/reasoning-gym-code-codeio-easy00cea0a5-seed45-1,reasoning-gym-code-codeio-easy00cea0a5-seed45-1,0.5275811377974777,0.5141400959322103,0.12216213964387403,0.2409619067795921,medium,0.3257468871668477,0.31632585,0.2376047707821278,0.3678141695800379
crustbench,crustbench/crustbench-bitset,crustbench-bitset,0.5273579808717495,0.5165384066667987,0.19130372192965628,0.37357730444342574,hard,0.2711304485383262,0.2608695652173913,0.3703572076355975,0.5672112819568794
omnimath,omnimath/omnimath_1354,omnimath_1354,0.5271344095087809,0.46195298824317527,0.15498448512281465,0.29291408257287455,easy,0.7115384615384616,0.7115384615384616,0.335498392839121,0.2208162430598872
aider-polyglot,aider-polyglot/polyglot_rust_doubly-linked-list,polyglot_rust_doubly-linked-list,0.5267088285233122,0.5203143944917723,0.21793894155060975,0.3375201606329873,medium,0.5615384615384615,0.5615384615384615,0.4188601043095993,0.5081378598152346
usaco,usaco/usaco-812,usaco-812,0.5266608745712199,0.5163265218420025,0.21245282269765045,0.4026614305368441,medium,0.4127840832657924,0.4736842105263157,0.4114699007514119,0.0513359634111239
gaia,gaia/gaia-ad2b4d70-9314-4fe6-bfbe-894a45f6055f,gaia-ad2b4d70-9314-4fe6-bfbe-894a45f6055f,0.5265945683931784,0.5179070413207985,0.20527681849624935,0.3317026692412315,hard,0.1890069392324879,0.2299999999999999,0.3963584236521283,0.0191246778806392
crustbench,crustbench/crustbench-cissy,crustbench-cissy,0.5264802069940302,0.5156469829599066,0.211565246650884,0.37611121059090113,medium,0.3543312623659911,0.3376811739130435,0.4102908649566053,0.5374447719041882
replicationbench,replicationbench/replicationbench-gw_cosmo__h0_scaling,replicationbench-gw_cosmo__h0_scaling,0.5264355924945244,0.5131756912634907,0.13093524653719052,0.3678668469210771,hard,0.2277819374493419,0.23,0.2551470164434614,0.461740124721316
featurebench-modal,featurebench-modal/featurebench-modal-pydata__xarray.97f3a746.test_coordinate_transform.6cacb660.lv1,featurebench-modal-pydata__xarray.97f3a746.test_coordinate_transform.6cacb660.lv1,0.5260240672109708,0.5187116555491383,0.14543011194214236,0.3214063042078086,hard,0.1282051153846153,0.1282051153846153,0.2803679277038446,0.5619955287926225
algotune,algotune/algotune-correlate-1d,algotune-correlate-1d,0.5259110416058924,0.5121973275469439,0.10067908200918364,0.2954087093134654,hard,0.1342245785408017,0.1395749819204137,0.1965630755852708,0.467927628699117
simpleqa,simpleqa/simpleqa-1653,simpleqa-1653,0.5257797917920067,0.520859182064124,0.14159324789425362,0.3981635346120626,medium,0.4305031296270763,0.41,0.2718455443813637,0.6206052582914477
crustbench,crustbench/crustbench-clog,crustbench-clog,0.5253887117419446,0.5145385473688636,0.18665537440213395,0.36280768051643303,medium,0.38362010117721,0.3868055416666666,0.3627626644429499,0.4258076083998831
algotune,algotune/algotune-btsp,algotune-btsp,0.5252380616085606,0.5115112009654832,0.12136045586217359,0.2551959825096703,hard,0.1709838424680462,0.177776171880977,0.2372586477737034,0.3922593752430497
bixbench,bixbench/bix-7-q2,bix-7-q2,0.5252371780429538,0.479305685509216,0.1250309018873987,0.27971224674474404,hard,0.1329838114290893,0.1394736842105263,0.2608583742430792,0.314560774179429
gpqa-diamond,gpqa-diamond/gpqa-diamond-188,gpqa-diamond-188,0.5242633948135583,0.5140918153694993,0.07178901514356632,0.26481851655066985,saturated,0.9609007987313832,0.95,0.1396424004376894,0.3777321306024346
labbench,labbench/labbench-figqa-0159,labbench-figqa-0159,0.5238898315892245,0.5179433224005346,0.16813992358711394,0.37303316201336334,easy,0.7845384878116162,0.75,0.3246299668616799,0.4175356149555234
featurebench-modal,featurebench-modal/featurebench-modal-mlflow__mlflow.93dab383.test_presigned_url_artifact_repo.8d57288e.lv1,featurebench-modal-mlflow__mlflow.93dab383.test_presigned_url_artifact_repo.8d57288e.lv1,0.5237630608173236,0.5164269047380684,0.1171094085286484,0.3152910930828787,hard,0.0713739516729172,0.074,0.2267686045289338,0.2698489190567512
bfcl,bfcl/bfcl-multiple-105,bfcl-multiple-105,0.5236945591536,0.5048510727397074,0.05825204685458158,0.24304729565937044,saturated,0.9769230769230768,0.9769230769230768,0.1153846153846153,0.495021298518141
kumo,kumo/kumo-networkenv-t4-a6-v1-s0,kumo-networkenv-t4-a6-v1-s0,0.5231911175676776,0.5138309785718691,0.06269832192687817,0.3166691089330068,saturated,0.9710590733900598,0.9605263157894736,0.1220212959933645,0.3818462677101375
livecodebench,livecodebench/livecodebench-3765,livecodebench-3765,0.523161111910702,0.502971052363821,0.17113695149958838,0.3243694519064158,easy,0.8788060931322732,0.803125,0.3402520894498666,0.3256287667406732
gpqa-diamond,gpqa-diamond/gpqa-diamond-163,gpqa-diamond-163,0.5227709587233598,0.5125777812409293,0.09538084868447784,0.3084084134639876,easy,0.9187783382323158,0.9105263157894736,0.1860807318911967,0.1267076974910631
swe-lancer,swe-lancer/swe-lancer-26048-manager-0,swe-lancer-26048-manager-0,0.5227632853485376,0.3779090510612799,0.14087542013030666,0.26496622488527816,medium,0.332026985625089,0.3529411764705882,0.3727759886530555,0.5738353822939221
featurebench-modal,featurebench-modal/featurebench-modal-pandas-dev__pandas.82fa2715.test_struct_accessor.3b465152.lv1,featurebench-modal-pandas-dev__pandas.82fa2715.test_struct_accessor.3b465152.lv1,0.5227126069984953,0.5153654550851369,0.16492334852589544,0.31226395185697947,hard,0.185897423076923,0.185897423076923,0.3200124239965804,0.2793746158728278
bfcl,bfcl/bfcl-live-simple-173-99-7,bfcl-live-simple-173-99-7,0.5226315736990589,0.5037599936310727,0.10541348764390444,0.24109798628959567,easy,0.9076923076923076,0.9076923076923076,0.2092533924420837,0.5251205534185305
simpleqa,simpleqa/simpleqa-4196,simpleqa-4196,0.5224426391803775,0.5174984089433206,0.16364736577741426,0.39229460599190685,easy,0.8460082899016126,0.7999999999999999,0.3162277660168379,0.5313837809504316
devopsgym,devopsgym/devopsgym-codegen__containerd__containerd-10275,devopsgym-codegen__containerd__containerd-10275,0.5223249501699453,-0.1375418923099046,0.030712675184072644,0.20184235227613512,frontier,0.0384659061309569,0.0526315789473684,0.223296878269436,0.0660679447753408
featurebench-modal,featurebench-modal/featurebench-modal-sympy__sympy.c1097516.test_runtests_pytest.71d43c5f.lv1,featurebench-modal-sympy__sympy.c1097516.test_runtests_pytest.71d43c5f.lv1,0.5220410176194012,0.5146868475857721,0.20061136427150034,0.30452703790588986,medium,0.3301281923076923,0.3301281923076923,0.3897736365568748,0.339981050094327
spider2,spider2/spider2-f1001,spider2-f1001,0.522034087612651,0.46009484088729113,0.1383367281940749,0.3497243566664399,hard,0.2265059861720472,0.2422222,0.3006700269172613,0.2833429121315401
gaia,gaia/gaia-dc28cf18-6431-458b-83ef-64b3ce566c10,gaia-dc28cf18-6431-458b-83ef-64b3ce566c10,0.5214823135451964,0.5127311860800523,0.11914796068615312,0.298240283888947,easy,0.9105137569581252,0.9,0.232379000772445,0.1408910990784856
simpleqa,simpleqa/simpleqa-2911,simpleqa-2911,0.5206326157203562,0.5156756380870784,0.044955559881348535,0.39865629083930754,saturated,0.984190357802574,0.98,0.0871779788708134,0.2207019796740529
simpleqa,simpleqa/simpleqa-2611,simpleqa-2611,0.5206084060928817,0.515651258264373,0.11758657851889738,0.39350014462939925,easy,0.8076675933610213,0.8,0.2280350850198276,0.3914650844590829
algotune,algotune/algotune-lti-simulation,algotune-lti-simulation,0.5201266600502672,0.5063005256140631,0.17793259422333535,0.24737494265186535,hard,0.2098893701185312,0.2272115448143357,0.3514367163801203,0.3471269039455807
crustbench,crustbench/crustbench-simple-config,crustbench-simple-config,0.5198171261882585,0.5088810583810597,0.09879674802874663,0.3639322446111699,easy,0.8999999999999999,0.8999999999999999,0.1941450686788302,0.488474054040572
bfcl,bfcl/bfcl-irrelevance-13,bfcl-irrelevance-13,0.519775490261334,0.5008287288461692,0.02669110166928308,0.24734266349776826,saturated,0.9846153846153848,0.9846153846153848,0.0532938710021192,0.4049054033871678
featurebench-modal,featurebench-modal/featurebench-modal-lightning-ai__pytorch-lightning.126fa6f1.test_fsdp_integration.61c07610.lv2,featurebench-modal-lightning-ai__pytorch-lightning.126fa6f1.test_fsdp_integration.61c07610.lv2,0.51971492617512,0.512336520040119,0.2132359442487745,0.29676954981024267,medium,0.6653846153846155,0.6653846153846155,0.416202897720578,0.5257964954171435
gpqa-diamond,gpqa-diamond/gpqa-diamond-51,gpqa-diamond-51,0.5196842497921701,0.5094466050358933,0.12060489219695031,0.3758672976592598,easy,0.9024076820116592,0.91333335,0.2367370613618144,-0.1878512374408277
mmau,mmau/mmau-ba6bc9de-0ace-4ea9-b102-79f024dd3e25,mmau-ba6bc9de-0ace-4ea9-b102-79f024dd3e25,0.5179131251264075,0.5026402377702837,0.18665489564834162,0.3012940286836513,easy,0.7453603255140758,0.71,0.3713488925525428,0.2652831050334693
reasoning-gym,reasoning-gym/reasoning-gym-algorithmic-rotten-oranges-hard0292e21f-seed45-1,reasoning-gym-algorithmic-rotten-oranges-hard0292e21f-seed45-1,0.5179045379920358,0.5042787647672843,0.19102782498215748,0.2640177531017852,medium,0.6390455977511843,0.65,0.3788139384975162,0.1614943982402902
ineqmath,ineqmath/ineqmath-44,ineqmath-44,0.5177559741951441,0.46611163829977714,0.12165870928050307,0.33623016609254247,easy,0.922205665035342,0.875,0.2610076627227637,0.1563338790489997
algotune,algotune/algotune-markowitz,algotune-markowitz,0.5176386174590167,0.5037645289814893,0.13987609212692656,0.2539252510356038,hard,0.2810227376188321,0.2810227376188321,0.2776616535700279,0.3417051226556462
gpqa-diamond,gpqa-diamond/gpqa-diamond-128,gpqa-diamond-128,0.517305873629702,0.5070341521120554,0.14039985357788046,0.25901523445175745,easy,0.9074023423260644,0.8736842105263158,0.2769041355361243,0.4834105133459704
reasoning-gym,reasoning-gym/reasoning-gym-arithmetic-lcm-hard0292e21f-seed45-1,reasoning-gym-arithmetic-lcm-hard0292e21f-seed45-1,0.5172718853824592,0.5036341594105853,0.10321428871071428,0.29647171888652124,easy,0.9049862298498154,0.9,0.2049390153191919,-0.0070901791073835
gpqa-diamond,gpqa-diamond/gpqa-diamond-165,gpqa-diamond-165,0.5171633176418289,0.5068895587672315,0.13639277611682252,0.3759208697288106,easy,0.8613752597316413,0.8627451176470589,0.2690778962749465,-0.0445876426452155
kumo,kumo/kumo-timetravelenv-t4-a6-v1-s0,kumo-timetravelenv-t4-a6-v1-s0,0.5168993518908005,0.5074560252615273,0.1162385995838545,0.32395518895100783,saturated,0.9615250081875958,0.9444444444444444,0.2290614236454256,0.4534304340238644
kumo,kumo/kumo-marineenv-t4-a6-v1-s1,kumo-marineenv-t4-a6-v1-s1,0.5168888878601879,0.5074454237456603,0.12283297970475672,0.3239584146052961,saturated,0.9615227306157776,0.9375,0.2420614591379635,0.4533906293169173
kumo,kumo/kumo-licenseenv-t4-a6-v1-s1,kumo-licenseenv-t4-a6-v1-s1,0.5168768885253717,0.5074332667570106,0.11939606276635542,0.3239622299111819,saturated,0.9615253914224914,0.9411764705882352,0.2352941176470588,0.4533787753636673
kumo,kumo/kumo-beverageenv-t4-a6-v1-s1,kumo-beverageenv-t4-a6-v1-s1,0.5168597419634473,0.5074158949207309,0.05665219266004569,0.32396975747786155,saturated,0.9807689747977416,0.9736842105263158,0.111648439134718,0.453344608743251
kumo,kumo/kumo-geneticenv-t4-a6-v1-s1,kumo-geneticenv-t4-a6-v1-s1,0.5168416589069593,0.5073975742944395,0.11622521072211991,0.32397536890564926,saturated,0.9615379528639144,0.9444444444444444,0.2290614236454256,0.453302862372236
kumo,kumo/kumo-softwareenv-t4-a6-v1-s1,kumo-softwareenv-t4-a6-v1-s1,0.5168416264334933,0.5073975413943542,0.1105847303569493,0.32397537902384327,saturated,0.9615379588695208,0.95,0.2179449471770337,0.4533028191446998
kumo,kumo/kumo-microbiologyenv-t4-a6-v1-s1,kumo-microbiologyenv-t4-a6-v1-s1,0.5168416264334933,0.5073975413943542,0.04423389214277968,0.32397537902384327,saturated,0.9846151835478084,0.98,0.0871779788708134,0.4533028191446998
kumo,kumo/kumo-cloudenv-t4-a6-v1-s1,kumo-cloudenv-t4-a6-v1-s1,0.5168416264334933,0.5073975413943543,0.11058473035694932,0.32397537902384327,saturated,0.9615379588695208,0.95,0.2179449471770337,0.4533028191446998
kumo,kumo/kumo-fishenv-t4-a6-v1-s0,kumo-fishenv-t4-a6-v1-s0,0.5168416264280381,0.5073975413888275,0.11330028703371214,0.32397537899581097,saturated,0.9615379588695208,0.9473684210526316,0.223296878269436,0.4533028188790534
kumo,kumo/kumo-craftsmanenv-t4-a6-v1-s0,kumo-craftsmanenv-t4-a6-v1-s0,0.5168416264280381,0.5073975413888275,0.11330028703371214,0.32397537899581097,saturated,0.9615379588695208,0.9473684210526316,0.223296878269436,0.4533028188790534
kumo,kumo/kumo-historicalenv-t4-a6-v1-s1,kumo-historicalenv-t4-a6-v1-s1,0.5168416220230312,0.5073975369259499,0.11622520216244049,0.32397538101809326,saturated,0.961537954662686,0.9444444444444444,0.2290614236454256,0.4533028381069511
kumo,kumo/kumo-geneticenv-t4-a6-v1-s0,kumo-geneticenv-t4-a6-v1-s0,0.5168414396082539,0.5073973521147056,0.11622515982931376,0.32397546321852777,saturated,0.961537813969362,0.9444444444444444,0.2290614236454256,0.4533027570607002
kumo,kumo/kumo-circusactenv-t4-a6-v1-s1,kumo-circusactenv-t4-a6-v1-s1,0.5168413341222737,0.5073972452429081,0.11330022090525281,0.32397534718633436,saturated,0.9615375322596772,0.9473684210526316,0.223296878269436,0.4533047980298502
kumo,kumo/kumo-rocketfuelenv-t4-a6-v1-s0,kumo-rocketfuelenv-t4-a6-v1-s0,0.5168412935158125,0.5073972041029811,0.12282130758769068,0.3239753616194792,saturated,0.9615375073558284,0.9375,0.2420614591379635,0.4533047767616872
mmmlu,mmmlu/mmmlu-yo-ng-00145,mmmlu-yo-ng-00145,0.5167783632786569,0.505206429746864,0.1995083460800203,0.27713841806705364,easy,0.7878679697539285,0.6764705882352942,0.394904605984498,0.1521143733310941
reasoning-gym,reasoning-gym/reasoning-gym-arithmetic-leg-counting-easy00cea0a5-seed45-2,reasoning-gym-arithmetic-leg-counting-easy00cea0a5-seed45-2,0.5164815279813041,0.5028288912703531,0.18218442097561482,0.2692405469270012,medium,0.678099284311,0.635,0.3623189202898462,0.6114469473804113
livecodebench,livecodebench/livecodebench-abc330_e,livecodebench-abc330_e,0.5163510763059698,0.49597004276973644,0.09995646411197771,0.3105329082880832,easy,0.9149874332943164,0.8777777777777778,0.201537301635745,0.2308375352647586
crustbench,crustbench/crustbench-libm17,crustbench-libm17,0.5163384325054754,0.5053492124078902,0.17220155550842142,0.36648584002316953,hard,0.1706505750979938,0.1545454545454545,0.3407575420725693,0.6693118898004542
mmmlu,mmmlu/mmmlu-hi-in-00064,mmmlu-hi-in-00064,0.5157973852931732,0.5042097290983736,0.15080054005285715,0.27021031964871434,easy,0.9070404698073562,0.872807,0.2990829635963555,0.6185526261573719
algotune,algotune/algotune-firls,algotune-firls,0.5157155835404474,0.5018045962963219,0.1624437228856816,0.26439255405394096,hard,0.1447270082928233,0.1503837356179611,0.3237190812611779,0.5416957334617258
replicationbench,replicationbench/replicationbench-abacus__lattice_force_error,replicationbench-abacus__lattice_force_error,0.5151577747137329,0.5016865871850141,0.18423690558699576,0.36196069361180344,medium,0.3552248684193669,0.388235294117647,0.3672350632707908,0.4561651051186399
usaco,usaco/usaco-950,usaco-950,0.5146614623648222,0.5041511262063616,0.18055005964732124,0.4015127540949951,hard,0.2006988144527646,0.2263157894736842,0.3581268597095578,0.5126801347065821
bfcl,bfcl/bfcl-simple-python-161,bfcl-simple-python-161,0.5146398753360776,0.4955590353070474,0.08220126916540611,0.250104847827309,easy,0.9307692307692306,0.9307692307692306,0.1658758357911371,0.0389456232617065
algotune,algotune/algotune-sparse-pca,algotune-sparse-pca,0.513660915462449,0.499710663022282,0.09878432453543244,0.23452668235211663,medium,0.3429349561652955,0.3175549995210023,0.1976830430993378,0.195338873078236
simpleqa,simpleqa/simpleqa-193,simpleqa-193,0.5134725860336707,0.5084656240151876,0.09024369595912146,0.3933038718526535,saturated,0.9606883597218396,0.95,0.1774823934929885,0.3367951335508233
gaia,gaia/gaia-ed58682d-bc52-4baa-9eb0-4eb81e1edacc,gaia-ed58682d-bc52-4baa-9eb0-4eb81e1edacc,0.5133636338102011,0.5045128187697131,0.17737731354790714,0.2870948827263966,medium,0.6846153846153845,0.6846153846153845,0.3515813809854289,0.621646627830426
replicationbench,replicationbench/replicationbench-galaxy_manifold__evolution_tracks,replicationbench-galaxy_manifold__evolution_tracks,0.5133105890899589,0.4998052522004004,0.1983595073104274,0.355643095919458,medium,0.5732402516825272,0.5382352941176469,0.3968735951396,0.5375018896090876
reasoning-gym,reasoning-gym/reasoning-gym-geometry-advanced-geometry-hard0292e21f-seed45-1,reasoning-gym-geometry-advanced-geometry-hard0292e21f-seed45-1,0.5130085775586288,0.499290704260708,0.22908805938793683,0.28830063540714507,medium,0.5651862062968939,0.5233333333333333,0.4588270068579466,0.1219503478274443
bfcl,bfcl/bfcl-live-irrelevance-354-81-15,bfcl-live-irrelevance-354-81-15,0.5118261712672894,0.49267247539259235,0.1066540958313524,0.2509316497206987,easy,0.9076923076923076,0.9076923076923076,0.2164807273764659,0.4523323177561651
gpqa-diamond,gpqa-diamond/gpqa-diamond-41,gpqa-diamond-41,0.5116174597703885,0.5012648934464036,0.06709907731562306,0.33411106367847787,saturated,0.957418053627024,0.9537037222222222,0.1338595185756759,0.1619231426112286
mmmlu,mmmlu/mmmlu-de-de-00029,mmmlu-de-de-00029,0.5115460919822135,0.4998906576176386,0.11519198997476898,0.2665398890504997,easy,0.9461238568068128,0.93,0.2304343724360582,-0.0592897534574402
algotune,algotune/algotune-count-connected-components,algotune-count-connected-components,0.5109841110659996,0.4969829511322138,0.09376645684474734,0.2526703969312926,medium,0.4997513069000321,0.4987257290336455,0.188671375207401,0.5124758190043641
simpleqa,simpleqa/simpleqa-3407,simpleqa-3407,0.5108431857989657,0.5058180447136787,0.21430215826550944,0.38817431800670105,medium,0.4238024069018318,0.4499999999999999,0.4236744032862972,0.3345526800129792
gaia,gaia/gaia-853c8244-429e-46ca-89f2-addf40dfb2bd,gaia-853c8244-429e-46ca-89f2-addf40dfb2bd,0.5106915270479175,0.5018082546660443,0.13418093753676477,0.3317408621441755,hard,0.1240396274401279,0.15,0.2673948391424187,-0.0108178304156259
seal0,seal0/seal0-110,seal0-110,0.5105730624393571,0.4914759576263051,0.1791992965228748,0.24324678459560525,medium,0.4384615384615384,0.4384615384615384,0.3646145731896196,0.2424315419700969
swebench-multilingual,swebench-multilingual/swebench-multilingual-gohugoio__hugo-12204,swebench-multilingual-gohugoio__hugo-12204,0.5099451739498815,0.5056997992691129,0.1953046116662818,0.3580381709716473,hard,0.2902288804392361,0.3466666666666667,0.3862066228789397,0.3802433383819534
swe-lancer,swe-lancer/swe-lancer-24156-manager-0,swe-lancer-24156-manager-0,0.5092112665755424,0.3621801502948195,0.06923212824451619,0.25809927134759564,easy,0.895349088057104,0.8588235294117648,0.1911538448149638,0.269784096860995
ineqmath,ineqmath/ineqmath-77,ineqmath-77,0.5091229112115867,0.45690129413157304,0.15021281505677447,0.4090375837969475,easy,0.8345998805399474,0.79375,0.3287642582459352,-0.1257835529519836
reasoning-gym,reasoning-gym/reasoning-gym-arithmetic-leg-counting-hard0292e21f-seed45-1,reasoning-gym-arithmetic-leg-counting-hard0292e21f-seed45-1,0.5085809245607527,0.49478055090115836,0.18579704544725506,0.2594615526898249,easy,0.8882875494992561,0.7638889166666667,0.3755140437692174,0.0914180320552474
omnimath,omnimath/omnimath_1181,omnimath_1181,0.5083291578730356,0.44156243592006833,0.11766285749652845,0.2785842674650032,hard,0.123076923076923,0.123076923076923,0.2664693550105965,0.5560187207286655
livecodebench,livecodebench/livecodebench-abc389_g,livecodebench-abc389_g,0.508314728287923,0.48771178542916316,0.21430809355438818,0.30443981281487437,medium,0.3178053145125207,0.39375,0.4394154497739013,0.6429921790203967
swtbench,swtbench/swtbench-matplotlib__matplotlib-24570,swtbench-matplotlib__matplotlib-24570,0.507967099639688,0.46607429878655005,0.14841806239409738,0.33441167893312995,medium,0.5312268772926232,0.4952380952380952,0.3184429237581045,0.5810848673963317
crustbench,crustbench/crustbench-ltre,crustbench-ltre,0.5078627490377347,0.4967455784628779,0.18521841305315961,0.3548314788170345,medium,0.5673076923076923,0.5673076923076923,0.3728637376628428,0.4232882199387454
medagentbench,medagentbench/medagentbench-task9_10,medagentbench-task9_10,0.506738314888255,0.49136121236921715,0.1819364004369984,0.3621668865258692,medium,0.5832369192111373,0.5700000000000001,0.3702701716314724,0.4629359217404309
featurebench-modal,featurebench-modal/featurebench-modal-mlflow__mlflow.93dab383.test_serialization.2c029be6.lv1,featurebench-modal-mlflow__mlflow.93dab383.test_serialization.2c029be6.lv1,0.5063992586251946,0.4988842513394178,0.13905900731500653,0.30633781972549073,hard,0.1426112660098616,0.148,0.2787400222429495,0.3603228122347485
seal0,seal0/seal0-19,seal0-19,0.5061563790333223,0.4869465803473858,0.16265972217049177,0.25491089813503,easy,0.723076923076923,0.723076923076923,0.3340401775785158,0.2796618676338934
simpleqa,simpleqa/simpleqa-1102,simpleqa-1102,0.5060820766400894,0.5010242600706497,0.030061455604238934,0.38737460275688124,saturated,0.9845792264507174,0.98,0.0599999999999999,0.451621692227282
simpleqa,simpleqa/simpleqa-3129,simpleqa-3129,0.5060820766400894,0.5010242600706497,0.060122911208477965,0.38737460275688124,saturated,0.969158452901435,0.96,0.12,0.451621692227282
gpqa-diamond,gpqa-diamond/gpqa-diamond-95,gpqa-diamond-95,0.5054832292576757,0.4950445206565914,0.13324375228079907,0.3631662291590601,easy,0.865846184680551,0.86666665,0.2691550895343194,-0.1121701021466862
mmmlu,mmmlu/mmmlu-yo-ng-00148,mmmlu-yo-ng-00148,0.5052305714196335,0.4934755275616382,0.19609055919682422,0.27118566140861433,hard,0.2973295777894937,0.31,0.3973663297261104,0.4272526456470981
gpqa-diamond,gpqa-diamond/gpqa-diamond-182,gpqa-diamond-182,0.5050404374956639,0.4945955525159128,0.15609172352378167,0.2725922525601986,easy,0.829597678111856,0.78,0.31559467676119,0.4364071842782161
gaia,gaia/gaia-624cbf11-6a41-4692-af9c-36b3e5ca3130,gaia-624cbf11-6a41-4692-af9c-36b3e5ca3130,0.5049878390604636,0.4960358700761241,0.09354206794215103,0.3024999307777691,hard,0.0538461538461538,0.0538461538461538,0.1885792411097117,0.2062241948555324
algotune,algotune/algotune-aes-gcm-encryption,algotune-aes-gcm-encryption,0.5048093465615149,0.4906918199435089,0.03464980976701673,0.25467871263387115,frontier,0.0199339892095004,0.0207149769929924,0.070614198889653,0.4630318397364313
gaia,gaia/gaia-42576abe-0deb-4869-8c63-225c2d75a95a,gaia-42576abe-0deb-4869-8c63-225c2d75a95a,0.5043440550076831,0.4953843821222397,0.19383397672841554,0.30750641974156745,easy,0.7734331749684386,0.73,0.391279950930277,0.534359834015664
gaia,gaia/gaia-676e5e31-a554-4acc-9286-b60d90a92d26,gaia-676e5e31-a554-4acc-9286-b60d90a92d26,0.5042333033934133,0.49527230621075863,0.08520986947566563,0.28448307526839206,hard,0.0772628610270703,0.08,0.1720465053408525,0.3762326972459818
gaia,gaia/gaia-bfcd99e1-0690-4b53-a85c-0174a8629083,gaia-bfcd99e1-0690-4b53-a85c-0174a8629083,0.5036469701724219,0.4946789669901816,0.20815862281736985,0.31946601401475677,medium,0.6549602887980916,0.6074999999999999,0.4207953778263255,0.6716335045998396
bfcl,bfcl/bfcl-multiple-170,bfcl-multiple-170,0.5032134092141944,0.48383935369611597,0.05813701777532267,0.23027269782293375,saturated,0.9692307692307692,0.9692307692307692,0.1201576873216408,0.4912165597663867
seal0,seal0/seal0-72,seal0-72,0.5031145945225807,0.4838277914900862,0.13356891255561842,0.26926819079655084,hard,0.1384615384615384,0.1384615384615384,0.2760670529988671,0.3504563503406294
reasoning-gym,reasoning-gym/reasoning-gym-induction-acre-hard0292e21f-seed45-0,reasoning-gym-induction-acre-hard0292e21f-seed45-0,0.5027994654949104,0.48889249532552764,0.17639299964970553,0.2527762108721735,easy,0.909947157171704,0.8205128461538462,0.3608012013607506,0.0460191999219773
swebench-multilingual,swebench-multilingual/swebench-multilingual-jqlang__jq-2750,swebench-multilingual-jqlang__jq-2750,0.5022686812999573,0.49797900974691317,0.24250890388020183,0.3491395251615179,medium,0.3275854280870729,0.4533333333333333,0.4869861964733245,0.5419862702090145
aider-polyglot,aider-polyglot/polyglot_java_change,polyglot_java_change,0.5022589603117437,0.4956440401801499,0.1833641174481477,0.3259392325001988,hard,0.2076923076923077,0.2076923076923077,0.369951220197263,0.0923108668521378
algotune,algotune/algotune-lqr,algotune-lqr,0.501884018961697,0.48771188157233586,0.08837560344142499,0.2521305625363228,hard,0.054281850415769,0.0587472562678482,0.1812045323901288,0.4334500564091748
labbench,labbench/labbench-figqa-0005,labbench-figqa-0005,0.501288177475858,0.49515346843663915,0.20355209415108033,0.4204090620338484,medium,0.6975530272874901,0.5846153846153845,0.4110888989503812,0.6828077154078053
gpqa-diamond,gpqa-diamond/gpqa-diamond-122,gpqa-diamond-122,0.500511778255718,0.4900040465240335,0.06221678390137061,0.2612293337154459,saturated,0.9569476409463386,0.9421052631578948,0.126971979808577,0.3985866561938403
usaco,usaco/usaco-791,usaco-791,0.49966227078598735,0.488937871794463,0.21444991504759725,0.39010539597547883,hard,0.2809585768195159,0.3481481666666666,0.4386036087990879,0.4178995680253274
seal0,seal0/seal0-60,seal0-60,0.4988218499401606,0.4794272176729318,0.11057599019284725,0.24803075101876026,hard,0.1455128076923077,0.1455128076923077,0.2306418703751669,0.4073001501943375
kumo,kumo/kumo-softwareenv-t4-a6-v1-s0,kumo-softwareenv-t4-a6-v1-s0,0.4985835201150922,0.4889039488032888,0.11290753057977991,0.32478589161052973,saturated,0.9538321386881854,0.9333333333333332,0.2309401076758503,0.4548800174646779
aider-polyglot,aider-polyglot/polyglot_javascript_house,polyglot_javascript_house,0.49825285182193507,0.4916028271496508,0.20364324952724047,0.3126043237587911,medium,0.3384615384615384,0.3384615384615384,0.4142434467026541,0.4329538693986643
mmmlu,mmmlu/mmmlu-ar-xy-00008,mmmlu-ar-xy-00008,0.4981810290511374,0.48631632066408387,0.18413898556376035,0.26403528225824097,medium,0.4071776066076435,0.3564815,0.3786403576016355,0.6173473934527516
reasoning-gym,reasoning-gym/reasoning-gym-cognition-modulo-grid-hard0292e21f-seed45-2,reasoning-gym-cognition-modulo-grid-hard0292e21f-seed45-2,0.49761730621618944,0.4836158757847211,0.12437049732895146,0.23426157570008235,hard,0.1330180793261745,0.1589485,0.2571679375230318,0.3933380981323001
medagentbench,medagentbench/medagentbench-task9_29,medagentbench-task9_29,0.4972250876572498,0.48165498927485034,0.15614835787055759,0.3419757376820434,medium,0.4713622706363415,0.4700000000000001,0.3241913015489465,0.4473179391428964
kumo,kumo/kumo-timetravelenv-t4-a6-v1-s1,kumo-timetravelenv-t4-a6-v1-s1,0.49702937258297564,0.4873301607647181,0.1375119490947307,0.3141621227230378,easy,0.92799050179177,0.8766666666666667,0.2821740991342441,0.5127022724584519
algotune,algotune/algotune-quantile-regression,algotune-quantile-regression,0.4959785586399907,0.481697192022477,0.05371690707790686,0.2850395477653961,hard,0.0690530490770093,0.0662925551051653,0.1115159232138524,0.5888468136747604
gpqa-diamond,gpqa-diamond/gpqa-diamond-92,gpqa-diamond-92,0.4958235108469059,0.4852513357660092,0.1508455497956253,0.2820718121320446,easy,0.8670937519842723,0.8184210526315789,0.310860658544099,0.5281122661656934
bfcl,bfcl/bfcl-parallel-170,bfcl-parallel-170,0.4955569637946896,0.47599037100109937,0.09498660098635998,0.26589826599610683,easy,0.9307692307692308,0.9307692307692308,0.1995557195549668,0.0512256905327212
reasoning-gym,reasoning-gym/reasoning-gym-cognition-modulo-grid-hard0292e21f-seed45-0,reasoning-gym-cognition-modulo-grid-hard0292e21f-seed45-0,0.4954349634606069,0.4813940605979436,0.15958775814431858,0.23301304525167243,hard,0.1877568584744804,0.21,0.3315116890850155,0.4511292585276028
gpqa-diamond,gpqa-diamond/gpqa-diamond-21,gpqa-diamond-21,0.4951587613877146,0.48457749979592557,0.19172571328646162,0.2664228125724782,easy,0.7999505528293033,0.7111111111111111,0.3956554181058856,0.5464400175874947
lawbench,lawbench/lawbench-1-1-22-zero-shot,lawbench-1-1-22-zero-shot,0.49483351199352016,0.48962594497884715,0.17800252745562917,0.3973223579226457,hard,0.2431178934078843,0.3224833571428571,0.3635479885840593,0.4338340165667411
bixbench,bixbench/bix-51-q2,bix-51-q2,0.4946070162635889,0.4468346771495474,0.07803632151409925,0.24385281206018455,easy,0.8631209703641705,0.85,0.1746424919657297,0.4880048707884438
aider-polyglot,aider-polyglot/polyglot_java_transpose,polyglot_java_transpose,0.49446694537593444,0.48778401011642053,0.2044165977522982,0.336440495857298,medium,0.323076923076923,0.323076923076923,0.4190719529808073,0.1146240314283079
aider-polyglot,aider-polyglot/polyglot_javascript_go-counting,polyglot_javascript_go-counting,0.49386037757755635,0.4871721933468971,0.18051218792759458,0.3334933776529606,hard,0.2961538461538461,0.2961538461538461,0.3705305647423489,0.5170734931937062
algotune,algotune/algotune-cvar-projection,algotune-cvar-projection,0.4938140591298338,0.4794929972654083,0.110285207827952,0.2420318289400316,hard,0.2399217184737541,0.2395049680392085,0.2300037924576969,0.4902284711945743
gpqa-diamond,gpqa-diamond/gpqa-diamond-66,gpqa-diamond-66,0.4937253517800126,0.4831245398271771,0.07045246671755107,0.34425089669061987,easy,0.941889382776681,0.9388888888888888,0.1458267194267409,-0.0322782375445716
kumo,kumo/kumo-educationenv-t12-a16-v1-s0,kumo-educationenv-t12-a16-v1-s0,0.4936757027617442,0.4839343250367688,0.20527647327966192,0.314746828431742,easy,0.8459196228940707,0.7647058823529411,0.4241825029957634,0.4272664089262086
aider-polyglot,aider-polyglot/polyglot_java_pig-latin,polyglot_java_pig-latin,0.4931903264924578,0.4864963515989019,0.2179536554076343,0.3295374838546079,medium,0.3076923076923077,0.3076923076923077,0.4480067624172626,0.2037351678721928
mmmlu,mmmlu/mmmlu-ja-jp-00099,mmmlu-ja-jp-00099,0.4930914553269621,0.48114856986152893,0.2366448913563999,0.263710049131079,medium,0.4852245578702496,0.49,0.4918333050943175,0.0687293855539929
algotune,algotune/algotune-eigenvectors-real,algotune-eigenvectors-real,0.4929517569281898,0.47861493190007304,0.1254047736854488,0.23909480791904125,hard,0.122983997241037,0.1569690149127279,0.262016007707071,0.333519128372877
spider2,spider2/spider2-airbnb002,spider2-airbnb002,0.4929302494401409,0.42871765056693467,0.12575514376398889,0.32685542972850107,hard,0.1342072992059483,0.2083333124999999,0.2933285895686607,0.2959174894063481
mmmlu,mmmlu/mmmlu-hi-in-00061,mmmlu-hi-in-00061,0.4925249852935905,0.48057345043390015,0.15994374657586258,0.2659058023374093,hard,0.1885534891183732,0.1851851666666666,0.3328185242681479,0.6101298492171642
algotune,algotune/algotune-cumulative-simpson-1d,algotune-cumulative-simpson-1d,0.4923452312157867,0.4779973360361262,0.10483128368238133,0.2734456794318907,hard,0.136588696802747,0.1412201426456134,0.2193135312253254,0.5374891350871368
gaia,gaia/gaia-e961a717-6b25-4175-8a68-874d28190ee4,gaia-e961a717-6b25-4175-8a68-874d28190ee4,0.49217468449472457,0.4830712925967389,0.1277801186711837,0.2761674736730028,easy,0.7868388831185924,0.7875000000000001,0.2645160675649023,0.1163015263326046
strongreject,strongreject/strongreject_illegal_goods_and_services_0011_pap_logical_appeal,strongreject_illegal_goods_and_services_0011_pap_logical_appeal,0.49216433755100314,0.34610140628207764,0.08682227300695801,0.2576917292073579,medium,0.3930514492546158,0.39375,0.2508579030048685,0.1997177457964908
seal0,seal0/seal0-49,seal0-49,0.49200948602839256,0.47244576070846445,0.18290225469688548,0.2555849263498481,medium,0.6089743846153847,0.6089743846153847,0.3871391594722136,0.3875696809187147
livecodebench,livecodebench/livecodebench-abc301_f,livecodebench-abc301_f,0.4900088703798323,0.46891438537413554,0.21417749748031267,0.2911151649115146,hard,0.2757732379886,0.4066666666666666,0.4567518168789503,0.6300104427358886
bfcl,bfcl/bfcl-live-irrelevance-564-172-5,bfcl-live-irrelevance-564-172-5,0.4899621061975519,-0.5089440129567169,0.116990982162402,0.23005842285422415,hard,0.0846153846153846,0.0846153846153846,0.2298700430382143,-0.4573375759930506
mmmlu,mmmlu/mmmlu-yo-ng-00147,mmmlu-yo-ng-00147,0.4898828208259013,0.47789107975738,0.13156225685980294,0.2796679276923923,easy,0.9102528012023166,0.870370388888889,0.2752975781146525,0.4855129573090535
gaia,gaia/gaia-2d83110e-a098-4ebb-9987-066c06fa42d0,gaia-2d83110e-a098-4ebb-9987-066c06fa42d0,0.48943001352549825,0.48029470779804034,0.11150701341916386,0.2738378210049961,easy,0.9244781953119672,0.91,0.232163735324878,0.1290534300155064
mmmlu,mmmlu/mmmlu-it-it-00086,mmmlu-it-it-00086,0.48881640736203247,0.4768085023461437,0.16660010113417714,0.2999967364583252,easy,0.8588977596922491,0.7962962777777778,0.3494067331316844,0.1822007683045476
reasoning-gym,reasoning-gym/reasoning-gym-geometry-advanced-geometry-hard0292e21f-seed45-0,reasoning-gym-geometry-advanced-geometry-hard0292e21f-seed45-0,0.4885411785484909,0.47437678222643664,0.17960485232910753,0.257905658795585,easy,0.8815854494436896,0.7516666666666666,0.3786122320029058,0.2294208555328087
arc-agi-2,arc-agi-2/arc-agi-2-62593bfd_1,arc-agi-2-62593bfd_1,0.4869469094632299,0.47793450521413106,0.05735214062569573,0.43640127718047156,frontier,0.0435492369200024,0.04,0.12,0.2924797934080876
reasoning-gym,reasoning-gym/reasoning-gym-arithmetic-number-format-hard0292e21f-seed45-0,reasoning-gym-arithmetic-number-format-hard0292e21f-seed45-0,0.48685411469235074,0.47265977330946785,0.17053621921271522,0.2845864464911243,easy,0.9230011931038384,0.8461538461538461,0.36080121229411,0.3318361894497239
kumo,kumo/kumo-archaeologicalenv-t4-a6-v1-s1,kumo-archaeologicalenv-t4-a6-v1-s1,0.4860484273517887,0.4762122504019905,0.0850208925760285,0.3032466193888841,easy,0.9422131295266658,0.925,0.1785357107135712,0.3429413991999623
aider-polyglot,aider-polyglot/polyglot_java_word-search,polyglot_java_word-search,0.4857323074484838,0.4789744225572392,0.14383396536909737,0.3209969727923723,hard,0.1538461538461538,0.1538461538461538,0.300295712245279,0.1008447686701501
omnimath,omnimath/omnimath_570,omnimath_570,0.4854747934365449,0.4168776907598187,0.12196789731301123,0.26356141628721624,easy,0.8072125020901417,0.8,0.2925747767665558,0.1104088516975211
livecodebench,livecodebench/livecodebench-abc343_a,livecodebench-abc343_a,0.4853759658676147,0.46416014825819346,0.15854087289074054,0.29120673202974195,medium,0.3004032857409315,0.3,0.3415650255319866,0.6162823869788856
algotune,algotune/algotune-graph-coloring-assign,algotune-graph-coloring-assign,0.48416366051531307,0.46966783608183155,0.12238452272363665,0.2510632661018488,hard,0.2572221876462367,0.2605695800680852,0.2605767594064356,0.4694167248118346
mmmlu,mmmlu/mmmlu-bn-bd-00012,mmmlu-bn-bd-00012,0.48412720865830217,0.4720486635272912,0.2360243317636456,0.2596787154668474,medium,0.508286281183543,0.5,0.5,0.0231461662849575
mmmlu,mmmlu/mmmlu-en-us-00032,mmmlu-en-us-00032,0.48412720865830217,0.4720486635272912,0.2360243317636456,0.2596787154668474,medium,0.508286281183543,0.5,0.5,0.0231461662849575
bixbench,bixbench/bix-12-q3,bix-12-q3,0.4838559236568275,0.4354680973115293,0.15148477126063647,0.23289662771882588,medium,0.4580637215740518,0.45666665,0.3478665192602292,0.3416364068744218
gaia,gaia/gaia-1dcc160f-c187-48c2-b68e-319bd4354f3d,gaia-1dcc160f-c187-48c2-b68e-319bd4354f3d,0.483620485440181,0.47441823641303477,0.1149533382687657,0.2885456294457172,hard,0.1285900831964506,0.1533333499999999,0.2423037932477069,0.1750060201147006
kumo,kumo/kumo-birdnestenv-t4-a6-v1-s1,kumo-birdnestenv-t4-a6-v1-s1,0.4835694998854644,0.473702841050137,0.07222461401212839,0.3186214984507695,saturated,0.9647432336906876,0.95416665,0.1524681883942598,0.4479805262473917
usaco,usaco/usaco-248,usaco-248,0.48319441418580067,0.47224255452092456,0.20155446315062217,0.37587693820750806,hard,0.2603837937939752,0.3017543684210526,0.4268028393906452,0.4806367207048317
kumo,kumo/kumo-transportenv-t4-a6-v1-s1,kumo-transportenv-t4-a6-v1-s1,0.4831925219102176,0.47332124172302836,0.0666667592087816,0.29961963596295516,saturated,0.950107324935258,0.9324561578947368,0.1408488640106136,0.4665757635855786
lawbench,lawbench/lawbench-3-5-7-one-shot,lawbench-3-5-7-one-shot,0.48307555616480025,0.4777893392726697,0.16780586942637016,0.4006363889570319,easy,0.7517105163710178,0.6614167142857142,0.3512130883493928,0.1267078527375778
simpleqa,simpleqa/simpleqa-3079,simpleqa-3079,0.48305560214102733,0.47784414916818296,0.05949111680630228,0.36193579077650967,saturated,0.9613256205450578,0.95,0.1244989959798873,0.2599558919358779
gaia,gaia/gaia-cca530fc-4052-43b2-b130-b30968d8aa44,gaia-cca530fc-4052-43b2-b130-b30968d8aa44,0.48225065984988214,0.47303274646449844,0.08201243571733285,0.3000378704223776,hard,0.0615384615384615,0.0615384615384615,0.1733758103013022,0.100837882084356
featurebench-modal,featurebench-modal/featurebench-modal-huggingface__transformers.e2e8dbed.test_processor_auto.d9626018.lv1,featurebench-modal-huggingface__transformers.e2e8dbed.test_processor_auto.d9626018.lv1,0.4818323412627613,0.47407485708543423,0.1401775747295897,0.290014070721697,hard,0.1460511223326382,0.1416666666666666,0.2956865833201695,0.1200030238516158
mmau,mmau/mmau-5e398782-d659-4b0c-bc19-ac3cfbd9a113,mmau-5e398782-d659-4b0c-bc19-ac3cfbd9a113,0.4816340738574284,0.465622586242741,0.1599466109446733,0.3220610913189186,medium,0.6928730204730752,0.7000000000000001,0.3435112807463533,-0.0908554583152635
featurebench-modal,featurebench-modal/featurebench-modal-pydantic__pydantic.e1dcaf9e.test_types_self.3ae7e16d.lv1,featurebench-modal-pydantic__pydantic.e1dcaf9e.test_types_self.3ae7e16d.lv1,0.4805249912115155,0.4727549502204168,0.1553120491550325,0.28554527385077844,hard,0.1769230769230769,0.1769230769230769,0.3285254846778864,0.1304410806378057
usaco,usaco/usaco-865,usaco-865,0.4803612653215961,0.4693710704967566,0.15964045707323254,0.3738011916995878,hard,0.1733686926928592,0.1894736842105263,0.3401156720295476,0.505808524643833
gaia,gaia/gaia-72e110e7-464c-453c-a309-90a95aed6538,gaia-72e110e7-464c-453c-a309-90a95aed6538,0.4801989002624541,0.470957610169583,0.14270773296850214,0.3107241648003581,hard,0.1630151772352134,0.1825,0.3030160886817728,0.1244369741390162
gpqa-diamond,gpqa-diamond/gpqa-diamond-112,gpqa-diamond-112,0.48013335639889304,0.46935008295171865,0.043446660138134016,0.3395507245625475,saturated,0.96126166085351,0.9614035263157894,0.0925677052508443,-0.0787068717025596
gpqa-diamond,gpqa-diamond/gpqa-diamond-196,gpqa-diamond-196,0.4800762691769419,0.46929224051956886,0.044415641313844643,0.33952159097833384,saturated,0.9612590170614846,0.9592592777777776,0.0946438860030386,-0.0779656785474785
bfcl,bfcl/bfcl-simple-python-325,bfcl-simple-python-325,0.4784980662839231,0.45851383212285346,0.06108994255460681,0.2617240491738214,easy,0.9384615384615383,0.9384615384615383,0.1332346775052982,0.0270295990995058
labbench,labbench/labbench-figqa-0167,labbench-figqa-0167,0.47835031734183014,0.4720332723906765,0.11013444646112486,0.34513732963430305,hard,0.1078186063866918,0.1692307692307692,0.2333192444323554,0.3492861915924759
gpqa-diamond,gpqa-diamond/gpqa-diamond-120,gpqa-diamond-120,0.4783232679374414,0.46751609407222017,0.16330501246018952,0.23990322829610367,easy,0.8000146620101952,0.754385947368421,0.3493035096134311,0.2693363817575155
featurebench-modal,featurebench-modal/featurebench-modal-pydata__xarray.97f3a746.test_backends_chunks.fa55f68a.lv1,featurebench-modal-pydata__xarray.97f3a746.test_backends_chunks.fa55f68a.lv1,0.4778699421347343,0.47007450778562204,0.08382171121382817,0.2882341984554901,hard,0.073076923076923,0.073076923076923,0.1783157985075318,0.3091381638672871
livecodebench,livecodebench/livecodebench-arc196_a,livecodebench-arc196_a,0.4775985167402062,0.45618179632218864,0.18351663402322071,0.28236202023440393,hard,0.2636889019825364,0.30625,0.4022883760438524,0.5972493368197384
mmmlu,mmmlu/mmmlu-sw-ke-00133,mmmlu-sw-ke-00133,0.47726024830561886,0.4650795363345749,0.22874160548716668,0.2588772746245076,medium,0.4852238716516801,0.49,0.4918333050943175,0.0193117519119209
mmmlu,mmmlu/mmmlu-en-us-00039,mmmlu-en-us-00039,0.47726024830561886,0.46507953633457483,0.22874160548716665,0.2588772746245076,medium,0.4852238716516801,0.49,0.4918333050943175,0.0193117519119209
reasoning-gym,reasoning-gym/reasoning-gym-algorithmic-spell-backward-easy00cea0a5-seed45-2,reasoning-gym-algorithmic-spell-backward-easy00cea0a5-seed45-2,0.477195555804277,0.46283186925198216,0.09355454755629988,0.2475137526004453,easy,0.8513153117963224,0.8292593,0.2021350597734346,0.4429074581440997
seal0,seal0/seal0-15,seal0-15,0.47694743599156514,0.4570186641653882,0.17819067594639973,0.2526048065471927,medium,0.4955128461538461,0.4955128461538461,0.3898980280637186,0.1210452005926226
swebench-multilingual,swebench-multilingual/swebench-multilingual-projectlombok__lombok-2792,swebench-multilingual-projectlombok__lombok-2792,0.4766389837644235,0.47220635566989616,0.1997796120141868,0.33489894780909146,hard,0.2523237798900631,0.3653846153846153,0.423076923076923,0.5025725439030382
livecodebench,livecodebench/livecodebench-3387,livecodebench-3387,0.4763772460724431,0.45492929518098596,0.06095057486833736,0.2854011155814518,saturated,0.9769179253873036,0.9684210526315788,0.1339781269616616,0.1576646079850615
livecodebench,livecodebench/livecodebench-3535,livecodebench-3535,0.47637721432884,0.4549292626267484,0.03965981364498939,0.2854011233297939,saturated,0.9846119510588648,0.98,0.0871779788708134,0.1576645818916833
aider-polyglot,aider-polyglot/polyglot_go_octal,polyglot_go_octal,0.4756302617502455,0.46878739834099087,0.15390566824893398,0.30628635738310694,hard,0.2019230769230769,0.2019230769230769,0.3283058989930115,0.385155037408357
algotune,algotune/algotune-minimum-volume-ellipsoid,algotune-minimum-volume-ellipsoid,0.4750276827818385,0.46036974878681824,0.09240274907624335,0.23147697890722718,hard,0.1437639388727307,0.1452531016377175,0.2007142070471532,0.2994156651759533
crustbench,crustbench/crustbench-kairocompiler,crustbench-kairocompiler,0.4748714454651067,0.46327717590281636,0.13108302363399102,0.3278983175563097,easy,0.7615384615384616,0.7615384615384616,0.282947294734608,0.4978686739748573
gpqa-diamond,gpqa-diamond/gpqa-diamond-44,gpqa-diamond-44,0.4743904962947381,0.4635317168303692,0.0593610234171079,0.3089516626406761,easy,0.9411418333374374,0.94,0.1280624847486569,-0.0129385017277459
gaia,gaia/gaia-851e570a-e3de-4d84-bcfa-cc85578baa59,gaia-851e570a-e3de-4d84-bcfa-cc85578baa59,0.47438969400574066,0.4650827745716381,0.10797535417980969,0.2878469785606031,easy,0.9307069399184992,0.91,0.232163735324878,0.3282694189993331
simpleqa,simpleqa/simpleqa-2192,simpleqa-2192,0.4742395534069774,0.46897120551070265,0.11125100169071082,0.355249474470607,easy,0.8960996148602068,0.865,0.2372235232855291,0.4288260894087459
bigcodebench,bigcodebench/bigcodebench_1057,bigcodebench_1057,0.47423876326793735,0.4160786253019964,0.2080393126509982,0.24490216757632807,medium,0.602190861713735,0.5,0.5,0.3776716671644133
bfcl,bfcl/bfcl-live-irrelevance-312-76-10,bfcl-live-irrelevance-312-76-10,0.47413304902185244,0.4540444615308208,0.05049265103641756,0.22503588073657654,saturated,0.9615384615384616,0.9615384615384616,0.1112064022676997,0.4390310513529918
aime,aime/aime_ii-2,aime_ii-2,0.4736996940160788,0.45438258437185935,0.05358212521756329,0.32653784829617805,saturated,0.97280285174441,0.963157894736842,0.1179229289600425,0.1287130557940469
gaia,gaia/gaia-edd4d4f2-1a58-45c4-b038-67337af4e029,gaia-edd4d4f2-1a58-45c4-b038-67337af4e029,0.47287049006614357,0.46354654343910556,0.12609829280026497,0.308738895296622,easy,0.9230146575611518,0.9,0.2720294101747089,0.513750694115361
algotune,algotune/algotune-sparse-eigenvectors-complex,algotune-sparse-eigenvectors-complex,0.47272103511817654,0.45802268466396934,0.0940511865596485,0.28338252552973214,hard,0.085541818926348,0.0637989510881449,0.2053417651762153,0.5909718548286281
swtbench,swtbench/swtbench-sympy__sympy-15875,swtbench-sympy__sympy-15875,0.4726400887792215,0.4289232504663379,0.16178439018095708,0.28024221804509714,medium,0.4174322635944594,0.387037,0.3771872706948396,0.5539706558502511
seal0,seal0/seal0-23,seal0-23,0.4724023672174517,0.45236582241138923,0.17732534141963469,0.24721333315721783,medium,0.6205128076923077,0.6205128076923077,0.3919954440288638,0.4246870038744406
gpqa-diamond,gpqa-diamond/gpqa-diamond-123,gpqa-diamond-123,0.4723042577133397,0.4614182821566774,0.051381365355003907,0.22742329779888457,saturated,0.9536084655282048,0.94,0.1113552872566004,0.4733881088843983
swebench-multilingual,swebench-multilingual/swebench-multilingual-reactivex__rxjava-7597,swebench-multilingual-reactivex__rxjava-7597,0.47211236816464586,0.4676552811295242,0.21388963324028065,0.33922338903517224,medium,0.3858583013123572,0.4285714285714285,0.4573660169594892,0.3467729471034272
crustbench,crustbench/crustbench-impcheck,crustbench-impcheck,0.4720331015812813,0.46039934106271413,0.15817903982193596,0.3309693526162502,hard,0.2210965882066686,0.2206349047619047,0.3435692141887521,0.59137529489821
gpqa-diamond,gpqa-diamond/gpqa-diamond-55,gpqa-diamond-55,0.4717452168796962,0.4608519748227826,0.053098067802103,0.3799453597093742,saturated,0.9576137811806228,0.965,0.1152171862180291,-0.2185882368054859
gpqa-diamond,gpqa-diamond/gpqa-diamond-50,gpqa-diamond-50,0.4717169071295581,0.460823297335602,0.05434163295483874,0.37994817228580474,saturated,0.9576022631309192,0.963157894736842,0.1179229289600425,-0.2186121648394486
aider-polyglot,aider-polyglot/polyglot_java_kindergarten-garden,polyglot_java_kindergarten-garden,0.47125728754771923,0.4643782054455564,0.1312001862117209,0.30165005869552924,hard,0.1307692307692307,0.1307692307692307,0.2825287334185686,0.0604742054369106
gaia,gaia/gaia-8e867cd7-cff9-4e6c-867a-ff5ddc2550be,gaia-8e867cd7-cff9-4e6c-867a-ff5ddc2550be,0.47091926220086466,0.46157352895624587,0.16220878565968805,0.3069201500320936,easy,0.7610993560057365,0.75,0.3514256678161116,0.351360268815105
featurebench-modal,featurebench-modal/featurebench-modal-mlflow__mlflow.93dab383.test_rest_store_webhooks.6d85971c.lv1,featurebench-modal-mlflow__mlflow.93dab383.test_rest_store_webhooks.6d85971c.lv1,0.4708770620468102,0.46301543784290156,0.11497709139156448,0.30153676073562985,hard,0.0903859795343602,0.094,0.2483223711227001,0.3210540985375417
gaia,gaia/gaia-7a4a336d-dcfa-45a0-b014-824c7619e8de,gaia-7a4a336d-dcfa-45a0-b014-824c7619e8de,0.4708239721176313,0.46147717728377036,0.10634020374094919,0.28722914614403,hard,0.0551223960750353,0.0699999999999999,0.2304343724360582,0.2386219288538013
gpqa-diamond,gpqa-diamond/gpqa-diamond-7,gpqa-diamond-7,0.47047079218811017,0.4595610183363308,0.13277770850239667,0.2497079294426725,easy,0.8414087111520234,0.7850877368421053,0.2889229138343127,0.6269810551799097
mmau,mmau/mmau-f995bc92-74f6-4e69-94b8-bf6e073fa19f,mmau-f995bc92-74f6-4e69-94b8-bf6e073fa19f,0.47044165365933166,0.4542137122475442,0.15057715495275856,0.29960539409232545,medium,0.5162615948088256,0.51,0.3315116890850155,0.582588934128454
gaia,gaia/gaia-ecbc4f94-95a3-4cc7-b255-6741a458a625,gaia-ecbc4f94-95a3-4cc7-b255-6741a458a625,0.4703364584223325,0.4609842358596414,0.123931048608771,0.28153871948190806,hard,0.2223987564022629,0.215,0.2688401011754012,0.4819452400758691
gpqa-diamond,gpqa-diamond/gpqa-diamond-33,gpqa-diamond-33,0.4702277859312477,0.45931486507736946,0.10581835269588544,0.23110236063951994,easy,0.8878760630070384,0.8605263157894738,0.2303830351278982,0.2999142123682556
swebench-multilingual,swebench-multilingual/swebench-multilingual-gin-gonic__gin-1957,swebench-multilingual-gin-gonic__gin-1957,0.46969940171269337,0.4652293733641977,0.20967604506457438,0.33051013170982774,medium,0.3192784272097675,0.375,0.4506939094329986,0.5748684188695702
usaco,usaco/usaco-1021,usaco-1021,0.46856557905294266,0.4574182922444305,0.15676274351202923,0.365860731209433,hard,0.166070349712977,0.1789473684210526,0.3427120125494675,0.5258489508933206
livecodebench,livecodebench/livecodebench-3308,livecodebench-3308,0.4684601616989576,-0.4892964556275054,0.18805981617214101,0.2872660242997214,medium,0.3757885196323925,0.4259259444444445,0.3843473910534687,-0.6871603730678109
bixbench,bixbench/bix-61-q2,bix-61-q2,0.4681479149724434,0.4188892942775217,0.19214192118590717,0.3644075580404456,medium,0.6223929200295495,0.5599999999999999,0.4586937976471886,0.645532985230741
aider-polyglot,aider-polyglot/polyglot_java_palindrome-products,polyglot_java_palindrome-products,0.4677459225930169,0.4608380058304935,0.1328749452126659,0.3212593530237783,hard,0.1615384615384615,0.1615384615384615,0.2883333048306356,0.5528515089499115
gpqa-diamond,gpqa-diamond/gpqa-diamond-140,gpqa-diamond-140,0.4674476733711443,0.4564988692837796,0.15131319372412008,0.25005308566427425,easy,0.8245812211214261,0.7725,0.3314645531576491,0.7528756718419719
swebench-multilingual,swebench-multilingual/swebench-multilingual-micropython__micropython-12158,swebench-multilingual-micropython__micropython-12158,0.46727396190034537,0.4627909931867702,0.20400685874342112,0.3251768810263034,hard,0.2643890340596028,0.3444444666666666,0.4408185590186915,0.5223146889153996
gpqa-diamond,gpqa-diamond/gpqa-diamond-106,gpqa-diamond-106,0.467186098313812,-0.4779273616465317,0.08218231628528243,0.36749578824395085,hard,0.0756555301453327,0.0675,0.1719556628901764,0.1416054634983177
aider-polyglot,aider-polyglot/polyglot_java_mazy-mice,polyglot_java_mazy-mice,0.4671092504714904,0.46019612911885044,0.16888292331976418,0.3243616873464606,hard,0.2615384615384615,0.2615384615384615,0.3669803212885096,0.0521218507310065
bixbench,bixbench/bix-36-q4,bix-36-q4,0.4671090456345994,0.41779402245124,0.03642243846160634,0.2667293803768536,frontier,0.0280237164843068,0.02,0.0871779788708134,0.292522527110006
gpqa-diamond,gpqa-diamond/gpqa-diamond-82,gpqa-diamond-82,0.4668660333442605,0.45590974988648664,0.05376221304805491,0.2567489455279684,saturated,0.9730758689302312,0.963157894736842,0.1179229289600425,0.6132573853220384
reasoning-gym,reasoning-gym/reasoning-gym-games-sokoban-hard0292e21f-seed45-1,reasoning-gym-games-sokoban-hard0292e21f-seed45-1,0.4668461275659598,0.45230493419745854,0.13378982756752436,0.2252219298833427,hard,0.1058229551528892,0.1717948461538461,0.2957956401800317,0.4247034880387695
mmmlu,mmmlu/mmmlu-sw-ke-00134,mmmlu-sw-ke-00134,0.4664413316666057,0.45410274026260333,0.21606893628851606,0.24901400179170782,medium,0.3982293112640914,0.44,0.4758150901348127,0.1657627271914827
reasoning-gym,reasoning-gym/reasoning-gym-algorithmic-binary-matrix-easy00cea0a5-seed45-2,reasoning-gym-algorithmic-binary-matrix-easy00cea0a5-seed45-2,0.4661188583298487,0.45156534493770356,0.2153500669052885,0.2587405813049265,medium,0.6287420440273356,0.5416666666666666,0.4768967975941499,-0.0650334034053894
gaia,gaia/gaia-04a04a9b-226c-43fd-b319-d5e89743676f,gaia-04a04a9b-226c-43fd-b319-d5e89743676f,0.46594016606189825,0.456539259543782,0.13852864113432775,0.27122937638374894,hard,0.1846153846153846,0.1846153846153846,0.3034320449740925,0.1650542079493865
bfcl,bfcl/bfcl-live-multiple-751-169-6,bfcl-live-multiple-751-169-6,0.4656485516632458,0.4453600530741495,0.0699577664465219,0.2230443038303507,saturated,0.9615384615384616,0.9615384615384616,0.1570813681281702,0.4401839069883471
reasoning-gym,reasoning-gym/reasoning-gym-algebra-simple-equations-easy00cea0a5-seed45-0,reasoning-gym-algebra-simple-equations-easy00cea0a5-seed45-0,0.46558233802064114,0.4510197488406701,0.14757391248909957,0.26552746502167957,easy,0.9036845512602532,0.7916666666666666,0.3272005557814995,0.5168934781838596
usaco,usaco/usaco-837,usaco-837,0.4651757256997513,0.45398404356656114,0.14451363940000572,0.3642312559986444,hard,0.19752223254306,0.2157894736842105,0.3183231689481566,0.6524965887687276
reasoning-gym,reasoning-gym/reasoning-gym-arithmetic-bitwise-arithmetic-hard0292e21f-seed45-2,reasoning-gym-arithmetic-bitwise-arithmetic-hard0292e21f-seed45-2,0.46513139299575756,0.4505611841103906,0.13987816764607872,0.2842311545819482,medium,0.575627274831966,0.54722225,0.3104532138565394,0.5012748148128245
mmmlu,mmmlu/mmmlu-hi-in-00066,mmmlu-hi-in-00066,0.46505595609154826,0.45269742048408823,0.21879854975347646,0.2517737015992599,medium,0.47122502391305,0.48,0.4833218389437829,-0.0046109682350543
aider-polyglot,aider-polyglot/polyglot_java_connect,polyglot_java_connect,0.4648065419617571,0.45787465728928683,0.0851885423880022,0.3083963875070571,hard,0.1,0.1,0.1860521018838127,0.0283738495907186
gpqa-diamond,gpqa-diamond/gpqa-diamond-143,gpqa-diamond-143,0.46468669319767947,0.45370247129699,0.0522743221230053,0.3732011510469571,saturated,0.9572785361131336,0.965,0.1152171862180291,-0.1322874143030516
gpqa-diamond,gpqa-diamond/gpqa-diamond-171,gpqa-diamond-171,0.46468669319767947,0.45370247129699,0.0522743221230053,0.37320115104695706,saturated,0.9572785361131336,0.965,0.1152171862180291,-0.1322874143030516
gpqa-diamond,gpqa-diamond/gpqa-diamond-132,gpqa-diamond-132,0.46466961617354796,0.4536851758864469,0.05349988476628187,0.3731984214413219,saturated,0.9572731954452702,0.963157894736842,0.1179229289600425,-0.132304906975646
gaia,gaia/gaia-a3fbeb63-0e8c-4a11-bff6-0e3b484c3e9c,gaia-a3fbeb63-0e8c-4a11-bff6-0e3b484c3e9c,0.46452925608426254,0.4551128253543005,0.18402547731665514,0.3094486832833716,easy,0.7115657584613359,0.65,0.4043513323831146,0.5421441728138963
usaco,usaco/usaco-1204,usaco-1204,0.464518351284131,0.45331809856991084,0.1693849932659201,0.3619662937242093,hard,0.2110334945665384,0.2225,0.3736559246151464,0.4828465238229505
aider-polyglot,aider-polyglot/polyglot_javascript_transpose,polyglot_javascript_transpose,0.4642832764146961,0.4573471412161952,0.19491302277559286,0.28512915180387055,medium,0.4480769230769231,0.4480769230769231,0.4261817888645212,0.2341818889755877
featurebench-modal,featurebench-modal/featurebench-modal-scikit-learn__scikit-learn.5741bac9.test_arff_parser.ecde431a.lv1,featurebench-modal-scikit-learn__scikit-learn.5741bac9.test_arff_parser.ecde431a.lv1,0.46420249804978464,0.45627863143332775,0.09044639385153269,0.2864144232904953,hard,0.0557692307692307,0.0557692307692307,0.198226232000849,0.2064365028239077
bfcl,bfcl/bfcl-live-irrelevance-485-139-0,bfcl-live-irrelevance-485-139-0,0.4634712111759683,0.4431320328390261,0.034087079449155844,0.22346388554350818,saturated,0.9846153846153848,0.9846153846153848,0.0769230769230769,0.4532683902321713
kumo,kumo/kumo-testingenv-t4-a6-v1-s1,kumo-testingenv-t4-a6-v1-s1,0.46342107197273447,0.45331263716075826,0.05771675314933789,0.3153507311094122,saturated,0.9730692863552844,0.95625,0.127322179921646,0.4399314312765005
labbench,labbench/labbench-figqa-0002,labbench-figqa-0002,0.46253643166518604,0.45609875885577544,0.145166838366129,0.3308129769427964,hard,0.1003664364246788,0.1846153846153846,0.3182793979319569,0.2879953040120586
algotune,algotune/algotune-ode-lotkavolterra,algotune-ode-lotkavolterra,0.4624379191950578,0.4475619049069165,0.13654052174737258,0.23938671129215552,medium,0.598095578572693,0.5709723113678625,0.305076281628058,0.2744387428170299
bfcl,bfcl/bfcl-live-parallel-multiple-8-7-0,bfcl-live-parallel-multiple-8-7-0,0.4622544988911515,0.4418871110751408,0.164849122865964,0.22044962071793545,medium,0.6923076923076923,0.6923076923076923,0.3730570970148351,0.3668017961269375
gpqa-diamond,gpqa-diamond/gpqa-diamond-16,gpqa-diamond-16,0.4616826393575989,0.45066012877118633,0.08189052647537723,0.23428181439405835,saturated,0.9606870426231552,0.9473684210526316,0.1817123842277059,0.3368002970940622
aider-polyglot,aider-polyglot/polyglot_javascript_promises,polyglot_javascript_promises,0.4612662867395065,0.45430573989239637,0.058057644616166595,0.2842324513189206,saturated,0.953846153846154,0.953846153846154,0.1277942132756626,0.5053247949521809
replicationbench,replicationbench/replicationbench-bayes_cal__load_cal,replicationbench-bayes_cal__load_cal,0.4611847882023965,0.4467687333003892,0.15523928513688207,0.335070425098474,medium,0.4913883857247291,0.5039215882352942,0.347471238620688,0.4986996323456268
kumo,kumo/kumo-fantasyenv-t12-a16-v1-s1,kumo-fantasyenv-t12-a16-v1-s1,0.4608604677895173,0.4507220683731467,0.1789142057847464,0.2722863724523458,easy,0.7132559142272706,0.65833335,0.3969501791437151,0.5617258997675476
gaia,gaia/gaia-46719c30-f4c3-4cad-be07-d5cb21eee6bb,gaia-46719c30-f4c3-4cad-be07-d5cb21eee6bb,0.4607263728756094,0.45126834109541203,0.04304825609293069,0.28156602818360493,frontier,0.0233322157881205,0.03,0.0953939201416945,0.163589714425039
livecodebench,livecodebench/livecodebench-abc382_c,livecodebench-abc382_c,0.46012758891648237,0.43827227300840366,0.02824136591244295,0.29106895126919236,saturated,0.9846072817074868,0.9764705882352942,0.0644379479417842,0.0882267526967849
livecodebench,livecodebench/livecodebench-3438,livecodebench-3438,0.4601267637247679,0.4382714275156083,0.02754708430191952,0.2910691375160157,saturated,0.9846072959530072,0.977777777777778,0.0628539361054708,0.0882260842580083
medagentbench,medagentbench/medagentbench-task10_8,medagentbench-task10_8,0.459994329338274,0.44370597594810596,0.16338986830058802,0.3248403685410774,medium,0.3702897920591869,0.38,0.3682390527904394,0.642184130888991
algotune,algotune/algotune-upfirdn1d,algotune-upfirdn1d,0.45969686188821884,0.4447741826938434,0.025591508120313564,0.26939421577145756,frontier,0.0185179938193804,0.0150463102716524,0.0575382050399478,0.5376427077480588
swe-lancer,swe-lancer/swe-lancer-15815-manager-0,swe-lancer-15815-manager-0,0.459457932938188,0.30519769631802324,0.08140365123855314,0.2475297236253671,hard,0.0980050101596172,0.0941176470588235,0.2667243305589326,0.5899295011025513
gpqa-diamond,gpqa-diamond/gpqa-diamond-159,gpqa-diamond-159,0.459433040923412,0.4483820264100963,0.1619933681532264,0.32284623443867194,easy,0.8054824171395646,0.7999999999999999,0.3612842589838003,0.0729711611080433
swebench-multilingual,swebench-multilingual/swebench-multilingual-tokio-rs__axum-2096,swebench-multilingual-tokio-rs__axum-2096,0.45933232572351324,0.45480746221001017,0.18669781851068556,0.31607156049171986,hard,0.2311093685234364,0.3214285714285714,0.4104985824187658,0.3716410158879158
simpleqa,simpleqa/simpleqa-1451,simpleqa-1451,0.45922768042472645,0.45386490693288417,0.19595193578555037,0.35145448319189715,medium,0.3545393489139105,0.36,0.431740662898458,0.4397215338214814
aider-polyglot,aider-polyglot/polyglot_java_circular-buffer,polyglot_java_circular-buffer,0.4588781720660119,0.4518984175564115,0.1493123234157794,0.31241799586539293,hard,0.1923076923076923,0.1923076923076923,0.3304112553063774,0.0560503668688408
reasoning-gym,reasoning-gym/reasoning-gym-games-n-queens-hard0292e21f-seed45-1,reasoning-gym-games-n-queens-hard0292e21f-seed45-1,0.45834022310047035,0.44365619993661176,0.1497955737216898,0.29185615225258527,medium,0.3082978165331865,0.3,0.3376388603226826,0.7646477150451614
aime,aime/aime_63,aime_63,0.45831896012179113,0.4386561636370544,0.14246858455677042,0.3100322992599997,medium,0.4205352823974453,0.3964912105263158,0.3247841848966915,0.6989824378031408
gpqa-diamond,gpqa-diamond/gpqa-diamond-131,gpqa-diamond-131,0.4578364317467921,0.44676527477224764,0.16503161974354844,0.24173754871975378,medium,0.5852505018019827,0.5722222222222223,0.3693922268862064,0.5326838728953283
mmmlu,mmmlu/mmmlu-ko-kr-00103,mmmlu-ko-kr-00103,0.45757431570941476,0.44510914110476524,0.17174034198286148,0.26966230828229504,easy,0.8577644464782672,0.770833375,0.385838721614659,0.0473216333478615
usaco,usaco/usaco-840,usaco-840,0.4575190482270694,0.4462283216818238,0.18094662048323124,0.3578542031961576,hard,0.2318892625271093,0.2631578947368421,0.4055023217738573,0.5952557517217316
swebench-multilingual,swebench-multilingual/swebench-multilingual-projectlombok__lombok-3052,swebench-multilingual-projectlombok__lombok-3052,0.45719192267689396,0.45265589255057365,0.20036031518209407,0.322131960011161,hard,0.2499922468183652,0.3589743076923076,0.4426327337817844,0.4703425365812972
gpqa-diamond,gpqa-diamond/gpqa-diamond-105,gpqa-diamond-105,0.4567525635142201,0.44566777416684816,0.09840427471378675,0.2619703616793612,easy,0.8961167177186657,0.8578947368421053,0.2208018627726634,0.5875095963169531
seal0,seal0/seal0-81,seal0-81,0.456643243301029,0.43624155842688456,0.16730727929104516,0.24656959120637081,medium,0.6025641153846154,0.6025641153846154,0.3835198092872355,0.70452626972755
gpqa-diamond,gpqa-diamond/gpqa-diamond-77,gpqa-diamond-77,0.4566125302957643,0.4455259821238793,0.06043408453640235,0.3806353696093443,saturated,0.950615557735413,0.96,0.1356465996625053,-0.2322926008932025
featurebench-modal,featurebench-modal/featurebench-modal-pandas-dev__pandas.82fa2715.test_info.d8a64ebf.lv1,featurebench-modal-pandas-dev__pandas.82fa2715.test_info.d8a64ebf.lv1,0.45643697620656554,0.4484418419587102,0.18893977889996327,0.2724542504689741,hard,0.2786801087313122,0.2307692307692307,0.4213250442347432,0.3842713058502288
mmmlu,mmmlu/mmmlu-zh-cn-00128,mmmlu-zh-cn-00128,0.4563996031599467,0.4439178486241255,0.20991259941874213,0.25228195221050703,medium,0.363860657085653,0.4199999999999999,0.4728636167014756,0.2525814381453131
kumo,kumo/kumo-chemicalenv-t12-a16-v1-s1,kumo-chemicalenv-t12-a16-v1-s1,0.45628162524796634,0.446090071628293,0.17821751089766671,0.2706677644391092,easy,0.7831806295373371,0.7183333,0.3995101488072737,0.5067603330667041
algotune,algotune/algotune-graph-isomorphism,algotune-graph-isomorphism,0.4556542550424495,0.4406632848941547,0.11294524747579528,0.21597414677772092,medium,0.6576755523589723,0.6500913566032126,0.2563073697027521,0.3352261330574382
usaco,usaco/usaco-1069,usaco-1069,0.4551534941243313,0.4438325126026926,0.15367709348378744,0.3557702133757067,hard,0.1780092134898899,0.1894736842105263,0.3462501937557585,0.5311930443877649
reasoning-gym,reasoning-gym/reasoning-gym-games-tsumego-hard0292e21f-seed45-0,reasoning-gym-games-tsumego-hard0292e21f-seed45-0,0.4549923569641573,0.44025287318291334,0.1661141506095129,0.2574704013423378,easy,0.8150525368563961,0.7282051538461538,0.3773153129213012,0.0607458877012311
mmmlu,mmmlu/mmmlu-id-id-00078,mmmlu-id-id-00078,0.45468222585998047,0.442176312165165,0.18786380885732956,0.23753081957123484,medium,0.5392258195612704,0.529411705882353,0.4248617659716635,0.5439428791302919
gaia,gaia/gaia-7cc4acfa-63fd-4acc-a1a1-e8e529e0a97f,gaia-7cc4acfa-63fd-4acc-a1a1-e8e529e0a97f,0.4545736283666779,0.44504903704147036,0.12106642704521335,0.3002483592280888,easy,0.9229787000613204,0.9,0.2720294101747089,0.4691706885869223
bigcodebench,bigcodebench/bigcodebench_123,bigcodebench_123,0.4545300670444145,0.3951295278041659,0.17109610443187867,0.2269507866728416,hard,0.1874744095285142,0.25,0.4330127018922193,0.3143442939470269
livecodebench,livecodebench/livecodebench-abc308_f,livecodebench-abc308_f,0.4542454830294223,0.4322464518675533,0.030775960863804897,0.276819484232904,saturated,0.982684435969541,0.975,0.0712000312109794,0.0633001128045381
mmmlu,mmmlu/mmmlu-zh-cn-00121,mmmlu-zh-cn-00121,0.4541735351387549,0.44166048367948996,0.18361580124505725,0.2522217281544489,hard,0.239407275446454,0.2777777777777778,0.415739709641549,0.3980650271250223
aider-polyglot,aider-polyglot/polyglot_java_affine-cipher,polyglot_java_affine-cipher,0.4538590467616534,0.44683925596107094,0.12920491914162652,0.29035256176599983,hard,0.1153846153846153,0.1153846153846153,0.2891530173725,0.1112738281700922
aider-polyglot,aider-polyglot/polyglot_go_robot-simulator,polyglot_go_robot-simulator,0.4538536250215858,0.4468337912168802,0.123786317784596,0.3136083319427739,hard,0.1307692307692307,0.1307692307692307,0.2770298939287555,0.5899335191850779
gaia,gaia/gaia-0383a3ee-47a7-41a4-b493-519bdefe0488,gaia-0383a3ee-47a7-41a4-b493-519bdefe0488,0.4538470370086036,0.4443146464991331,0.1636268553489894,0.286390073053994,medium,0.6769230769230768,0.6769230769230768,0.3682679754949484,0.4515709539420768
crustbench,crustbench/crustbench-rhbloom,crustbench-rhbloom,0.453819993561078,0.4419386838929707,0.16801915718453717,0.3174082705214917,medium,0.5378205,0.5378205,0.3801865808724458,0.5748989441700215
mmmlu,mmmlu/mmmlu-en-us-00038,mmmlu-en-us-00038,0.4536044940900055,0.4410834679238677,0.13116814776930658,0.24778791272108425,easy,0.9033051087776508,0.84375,0.297377157177758,0.1899311200855649
swebench-multilingual,swebench-multilingual/swebench-multilingual-caddyserver__caddy-4774,swebench-multilingual-caddyserver__caddy-4774,0.4530657757272832,0.44850836867779176,0.1857528371784515,0.31544384689515853,medium,0.3084397118977743,0.3533333333333334,0.4141569035290315,0.4371671749115489
aider-polyglot,aider-polyglot/polyglot_java_ledger,polyglot_java_ledger,0.4529846934301357,0.44595797423618394,0.19864029815646836,0.32935184100670833,medium,0.3923076923076923,0.3923076923076923,0.445423805901644,0.1150565974531371
gaia,gaia/gaia-2a649bb1-795f-4a01-b3be-9a01868dae73,gaia-2a649bb1-795f-4a01-b3be-9a01868dae73,0.4528258832250879,0.44328255348790674,0.08505157183802449,0.304233755267563,hard,0.1013773406886606,0.0941666499999999,0.1918676274732856,0.5692028453881813
algotune,algotune/algotune-rectanglepacking,algotune-rectanglepacking,0.45230334824781043,0.43725625244372723,0.1030363791265811,0.2241084946638688,hard,0.2820130550810814,0.2704115127502311,0.2356430092211006,0.4373910324712815
reasoning-gym,reasoning-gym/reasoning-gym-arithmetic-basic-arithmetic-easy00cea0a5-seed45-2,reasoning-gym-arithmetic-basic-arithmetic-easy00cea0a5-seed45-2,0.45151238424702295,0.43671570395573167,0.0761439848240104,0.2582495235344195,saturated,0.9683807156051478,0.96,0.1743559577416269,0.2207019796740529
reasoning-gym,reasoning-gym/reasoning-gym-algebra-simple-integration-easy00cea0a5-seed45-1,reasoning-gym-algebra-simple-integration-easy00cea0a5-seed45-1,0.4515123842470228,0.43671570395573167,0.03807199241200517,0.25824952353441943,saturated,0.984190357802574,0.98,0.0871779788708134,0.2207019796740529
gpqa-diamond,gpqa-diamond/gpqa-diamond-144,gpqa-diamond-144,0.4504562969256118,0.43929297922540833,0.1613583831112614,0.28402042396129396,easy,0.7220513519790266,0.6883333500000001,0.3673138218502368,0.6904446815235475
mmmlu,mmmlu/mmmlu-pt-br-00118,mmmlu-pt-br-00118,0.45043152440720563,0.43786622241980483,0.1785103776103849,0.25810628965559057,easy,0.7882481795882652,0.7105263157894737,0.4076824574955175,0.7265926000410324
gpqa-diamond,gpqa-diamond/gpqa-diamond-62,gpqa-diamond-62,0.4497571270004083,0.438585158886146,0.10559683450793365,0.37069733674796373,easy,0.9011223854811832,0.9125,0.2407670035532277,-0.2063958183579932
strongreject,strongreject/strongreject_violence_0033_pap_logical_appeal,strongreject_violence_0033_pap_logical_appeal,0.4496009583113757,0.2977210681428181,0.06641728483595237,0.25308665018826004,medium,0.4351380626184016,0.4462499999999999,0.2230856057660377,-0.0965349154028789
replicationbench,replicationbench/replicationbench-eht_resolve__eht_ring_size,replicationbench-eht_resolve__eht_ring_size,0.4492156180825616,0.4346048540371174,0.053868779546402006,0.32196318792549555,frontier,0.0428395549735278,0.0411764705882352,0.1239488676806204,0.3105989966945951
humanevalfix,humanevalfix/humanevalfix-python-115,humanevalfix-python-115,0.44898296199328064,0.4084321934110222,0.03560629312734607,0.2840118564096299,saturated,0.9846152880188328,0.98,0.0871779788708134,0.4950386450655258
algotune,algotune/algotune-optimal-advertising,algotune-optimal-advertising,0.4485387916683388,0.43342916122450004,0.06396739685883146,0.25793784138427794,hard,0.1224720105987802,0.1180937225429499,0.1475844326628008,0.3773223080887499
swe-lancer,swe-lancer/swe-lancer-44146_1028,swe-lancer-44146_1028,0.4484893754014186,0.2927930838108282,0.018866985492316607,0.22262370611969953,frontier,0.0156215773646428,0.0235294117647058,0.0644379479417842,-0.2749544141990044
gpqa-diamond,gpqa-diamond/gpqa-diamond-197,gpqa-diamond-197,0.4484594501331727,0.43727146359687347,0.06857687946588431,0.3810460053661777,easy,0.9459382817576796,0.9518518333333332,0.156829075700001,-0.2390276437338271
mmmlu,mmmlu/mmmlu-en-us-00033,mmmlu-en-us-00033,0.44829209820858507,0.43569712543227324,0.0715877543185826,0.27091230070030015,saturated,0.951214617409248,0.9375,0.1643062350883252,0.2398462950194458
aider-polyglot,aider-polyglot/polyglot_java_alphametics,polyglot_java_alphametics,0.4481972268526728,0.44113281414727035,0.1400750568368485,0.2943784808859621,hard,0.1384615384615384,0.1384615384615384,0.3175348837007737,0.1554429758661119
mmau,mmau/mmau-a68348a7-68ea-4c79-800c-7c870eb15f0a,mmau-a68348a7-68ea-4c79-800c-7c870eb15f0a,0.4479162458543868,0.4312689544054826,0.1519381704062579,0.30900510252934776,medium,0.555563337134257,0.5225,0.3523049105533444,0.6236447540206558
reasoning-gym,reasoning-gym/reasoning-gym-algorithmic-ransom-note-easy00cea0a5-seed45-2,reasoning-gym-algorithmic-ransom-note-easy00cea0a5-seed45-2,0.4475293211984052,0.4326677416777683,0.07679090638017637,0.26557921011062996,saturated,0.9606883075804225,0.95,0.1774823934929885,0.3266203510823159
gpqa-diamond,gpqa-diamond/gpqa-diamond-190,gpqa-diamond-190,0.4469586377839052,0.43575218524319126,0.1262802779335973,0.2577854343706027,easy,0.8697044533875842,0.8019607647058824,0.2897983813050091,0.5182923156475162
mmau,mmau/mmau-5e801057-97b3-4c4a-b962-8f964ce77bd2,mmau-5e801057-97b3-4c4a-b962-8f964ce77bd2,0.44680177946567845,0.43013430423300075,0.1572198251779394,0.2937301702065239,medium,0.4849407078509624,0.48,0.3655133376499413,0.5168090567917675
gpqa-diamond,gpqa-diamond/gpqa-diamond-179,gpqa-diamond-179,0.44673495006678315,0.4355257507727451,0.1443818772786922,0.28429861972557136,easy,0.8229317302240455,0.8099999999999999,0.3315116890850155,-0.0291867515827851
replicationbench,replicationbench/replicationbench-bayes_cal__cold_temp,replicationbench-bayes_cal__cold_temp,0.44666153973393985,0.4320099225728827,0.0914118711045629,0.3108967107496113,easy,0.775733380827501,0.7568627647058823,0.211596693335536,0.4434648057515508
reasoning-gym,reasoning-gym/reasoning-gym-arithmetic-power-function-easy00cea0a5-seed45-1,reasoning-gym-arithmetic-power-function-easy00cea0a5-seed45-1,0.4466434567556359,0.43176752524906337,0.13727238664068994,0.2654312266480991,easy,0.9358216503904072,0.8611110833333333,0.3179312445082685,0.2503989242753969
swtbench,swtbench/swtbench-django__django-15103,swtbench-django__django-15103,0.4458092292714059,-0.48766827441341165,0.053845606927450655,0.36935092275602743,frontier,0.0288357018811904,0.0611110833333333,0.1104144143725947,-0.4278700124119083
mmau,mmau/mmau-382905b7-9d0c-4a6a-bf84-cc4635b65586,mmau-382905b7-9d0c-4a6a-bf84-cc4635b65586,0.44490810094773114,0.4282064516840638,0.11577422831005141,0.30610416568275006,easy,0.899864305753489,0.8699999999999999,0.2703701166919155,0.3853312453967076
algotune,algotune/algotune-svm,algotune-svm,0.444362663504569,0.4291843044316142,0.05250257720649486,0.25563919577048455,frontier,0.0375299838621263,0.0315606906756871,0.1223310747023382,0.4836556781614021
bfcl,bfcl/bfcl-irrelevance-3,bfcl-irrelevance-3,0.4440785823103071,0.4232992265433969,0.03581762686136435,0.22602802855056603,saturated,0.976923076923077,0.976923076923077,0.0846153846153846,0.3040174451131919
labbench,labbench/labbench-figqa-0074,labbench-figqa-0074,0.4435523047321986,0.43697529244982913,0.09168536054652773,0.3437846350791997,hard,0.1715720782618416,0.1538461538461538,0.2098181799536286,0.2368137100507605
gpqa-diamond,gpqa-diamond/gpqa-diamond-160,gpqa-diamond-160,0.44354132588858625,-0.4545838408031143,0.11364596020077858,0.263982169429654,hard,0.0809834197411008,0.1166666666666666,0.25,-0.3828485536555557
labbench,labbench/labbench-figqa-0059,labbench-figqa-0059,0.44348118775894046,0.4369036647110166,0.14695564701393338,0.3452913081110394,easy,0.8683135860178776,0.7384615384615384,0.336357093985776,0.4719785070066845
bigcodebench,bigcodebench/bigcodebench_1004,bigcodebench_1004,0.4434738626901459,0.3834053116877305,0.13300457047178096,0.22780588114430583,medium,0.6333333076923077,0.6333333076923077,0.3469033068068402,0.337823213987903
reasoning-gym,reasoning-gym/reasoning-gym-algorithmic-base-conversion-easy00cea0a5-seed45-2,reasoning-gym-algorithmic-base-conversion-easy00cea0a5-seed45-2,0.443339173735015,0.42840997269849923,0.05920313066197175,0.26148012247701313,saturated,0.9807686940841124,0.9583333333333334,0.1381926995981416,0.4950525903616045
reasoning-gym,reasoning-gym/reasoning-gym-algorithmic-graph-color-easy00cea0a5-seed45-2,reasoning-gym-algorithmic-graph-color-easy00cea0a5-seed45-2,0.4433389602803023,0.42840975581602986,0.11840620138079566,0.261480244803519,saturated,0.9615375263825684,0.9166666666666666,0.2763853991962833,0.495051586603477
reasoning-gym,reasoning-gym/reasoning-gym-algebra-complex-arithmetic-hard0292e21f-seed45-1,reasoning-gym-algebra-complex-arithmetic-hard0292e21f-seed45-1,0.44333791714223947,0.4284086959267891,0.11840590844288475,0.2614884465207626,saturated,0.9615375673284614,0.9166666666666666,0.2763853991962833,0.4950927256617771
mmmlu,mmmlu/mmmlu-fr-fr-00058,mmmlu-fr-fr-00058,0.44282513145538455,0.43015500867409273,0.17323941284899336,0.24954970718132802,easy,0.7355980222777287,0.6470588235294118,0.4027371746361515,0.2709922594319511
kumo,kumo/kumo-mythicalcreatureenv-t4-a6-v1-s0,kumo-mythicalcreatureenv-t4-a6-v1-s0,0.4424275355578547,0.4320784978829032,0.17455461782830617,0.24693320266433838,medium,0.608679785462662,0.5588235882352942,0.4039882074289471,0.6374914913524234
aider-polyglot,aider-polyglot/polyglot_java_pythagorean-triplet,polyglot_java_pythagorean-triplet,0.44182935176645005,0.4347154377402545,0.17115875450109932,0.3184518832293671,medium,0.3108974230769231,0.3108974230769231,0.3937259633355093,0.0184936116561428
kumo,kumo/kumo-oceanenv-t4-a6-v1-s0,kumo-oceanenv-t4-a6-v1-s0,0.44178469815928384,0.43142847509764787,0.05392855938720594,0.3073868538377173,saturated,0.9711512978829504,0.9583333333333334,0.1249999999999999,0.4278112083586945
algotune,algotune/algotune-lu-factorization,algotune-lu-factorization,0.44142199495308737,0.42619564537343524,0.047929198587365086,0.2379273856162907,frontier,0.0493675510168515,0.0557801113422333,0.1124582081202853,0.4459356014698932
livecodebench,livecodebench/livecodebench-3360,livecodebench-3360,0.4413013361712296,0.4189930440000871,0.023993785789047598,0.270623100730103,saturated,0.9903845636568108,0.9861111111111112,0.0572653559113564,0.107800260758822
aider-polyglot,aider-polyglot/polyglot_go_connect,polyglot_go_connect,0.4410617189267393,0.43394188661101785,0.14318730259558507,0.3284528262722969,medium,0.3288461538461539,0.3288461538461539,0.3299688437865346,0.4436455663393477
kumo,kumo/kumo-chemicalcompoundsenv-t4-a6-v1-s1,kumo-chemicalcompoundsenv-t4-a6-v1-s1,0.44100681447805795,0.43064191099379406,0.10270155016752182,0.3040202160385487,easy,0.9423071208510768,0.925,0.2384848003542364,0.3820535045347801
featurebench-modal,featurebench-modal/featurebench-modal-mlflow__mlflow.93dab383.test_client.42de781c.lv1,featurebench-modal-mlflow__mlflow.93dab383.test_client.42de781c.lv1,0.4400597388130167,0.4319183504875528,0.12322724338860792,0.2626373146930926,hard,0.1706681150656986,0.17733332,0.2853021716940437,0.3773378011311022
swebenchpro,swebenchpro/swebenchpro-instance_nodebb__nodebb-8ca65b0c78c67c1653487c02d1135e1b702185e1-vf2cf3cbd463b7ad942381f1c6d077626485a1e9e,swebenchpro-instance_nodebb__nodebb-8ca65b0c78c67c1653487c02d1135e1b702185e1-vf2cf3cbd463b7ad942381f1c6d077626485a1e9e,0.43951767609722625,0.15210139430476188,0.0198898382083827,0.25526955162170223,frontier,0.0238426352151861,0.03,0.1307669683062202,0.2271469539290938
kumo,kumo/kumo-politicalmanifestoenv-t4-a6-v1-s0,kumo-politicalmanifestoenv-t4-a6-v1-s0,0.4394357717662034,0.42905338525622577,0.10175118132454816,0.2695009803226004,easy,0.9440532216483124,0.9259259444444444,0.2371527292898144,0.3480433416900743
mmmlu,mmmlu/mmmlu-bn-bd-00018,mmmlu-bn-bd-00018,0.43877490994212354,0.42604973200422835,0.18222825120266872,0.24910125448697182,easy,0.7455745147703394,0.6798245789473685,0.4277159155702982,0.4917566097987813
labbench,labbench/labbench-figqa-0094,labbench-figqa-0094,0.4387181760986586,0.4321066354154531,0.17386587869249456,0.3127830612701587,hard,0.2547984759998871,0.31,0.4023679907746141,0.0851285847069642
algotune,algotune/algotune-ode-hodgkinhuxley,algotune-ode-hodgkinhuxley,0.4386559508521806,0.42338476636154837,0.1461580273581196,0.23875082757602126,medium,0.4272916376135204,0.4109854634982577,0.3452132409348624,0.5317688938166503
mmmlu,mmmlu/mmmlu-ar-xy-00001,mmmlu-ar-xy-00001,0.43815542993649,0.4254218778476867,0.14448248355237225,0.2413606087603756,hard,0.2198965794583974,0.197916625,0.3396216581134578,0.5923561009230334
replicationbench,replicationbench/replicationbench-hubble_trails__satellite_fractions,replicationbench-hubble_trails__satellite_fractions,0.438089695481486,0.42330275657347394,0.0901616566575355,0.30927365022868597,easy,0.9247770795826408,0.8862745294117647,0.2129956756893594,0.6995507852704198
featurebench-modal,featurebench-modal/featurebench-modal-mlflow__mlflow.93dab383.test_assessment.df512d1b.lv1,featurebench-modal-mlflow__mlflow.93dab383.test_assessment.df512d1b.lv1,0.437411407418262,0.4292468841509027,0.0652506642863944,0.26484229048559266,hard,0.0877279860645506,0.0791666666666666,0.1520119695579558,0.2105929031473713
gpqa-diamond,gpqa-diamond/gpqa-diamond-91,gpqa-diamond-91,0.4370180917326405,0.42569095243465377,0.1378304181399917,0.2931079288560252,easy,0.8034069709975569,0.7736842105263158,0.3237804734906823,-0.0487850799626694
gpqa-diamond,gpqa-diamond/gpqa-diamond-14,gpqa-diamond-14,0.4360389646564646,0.42470009033499756,0.033085063840743195,0.3255209807788156,saturated,0.9671204531798282,0.9675,0.0779021822544143,-0.0721846962099601
featurebench-modal,featurebench-modal/featurebench-modal-mlflow__mlflow.93dab383.test_abstract_store.e5ff5123.lv1,featurebench-modal-mlflow__mlflow.93dab383.test_abstract_store.e5ff5123.lv1,0.43568243176600324,0.42750288215249915,0.13157245739178228,0.26484716539321157,hard,0.1695985372301725,0.1833333333333333,0.3077697552103231,0.4248581067480554
algotune,algotune/algotune-eigenvalues-real,algotune-eigenvalues-real,0.4353741270379851,0.4200501317526439,0.11467332482023952,0.21898624953415907,hard,0.2534642005130149,0.2597303459774727,0.2729991402258803,0.1433376421739369
reasoning-gym,reasoning-gym/reasoning-gym-games-emoji-mystery-hard0292e21f-seed45-1,reasoning-gym-games-emoji-mystery-hard0292e21f-seed45-1,0.43492794218514413,0.4198650155414023,0.14098817081695464,0.25544842269614587,easy,0.9311431664934624,0.8508333333333334,0.3357940423665805,0.4249818596393864
reasoning-gym,reasoning-gym/reasoning-gym-algorithmic-string-manipulation-easy00cea0a5-seed45-1,reasoning-gym-algorithmic-string-manipulation-easy00cea0a5-seed45-1,0.4347740977297454,0.41970875025863597,0.08953179730415585,0.25686991215726585,easy,0.8949194549174927,0.8877778000000001,0.2133188723108201,-0.0677301493406933
gpqa-diamond,gpqa-diamond/gpqa-diamond-52,gpqa-diamond-52,0.43475451059802284,0.423400283288896,0.10153159842257382,0.36125897438824567,easy,0.8920666867111344,0.8898148333333332,0.2398004971416054,-0.1695946835803793
gpqa-diamond,gpqa-diamond/gpqa-diamond-189,gpqa-diamond-189,0.4346270943837005,0.42327134664141836,0.11076168791368003,0.32020107905403095,easy,0.9071332091764596,0.9017543684210526,0.261680099048882,-0.0848143811263137
seal0,seal0/seal0-34,seal0-34,0.43442403436145044,0.4135300169274655,0.10492911659955746,0.24314115067156117,hard,0.1000490630749106,0.104,0.2537400244344593,0.4951175836112842
reasoning-gym,reasoning-gym/reasoning-gym-algebra-simple-equations-easy00cea0a5-seed45-2,reasoning-gym-algebra-simple-equations-easy00cea0a5-seed45-2,0.4341487896582219,0.4190736118839308,0.06950955704296535,0.2538333479150676,saturated,0.9531129680589931,0.94,0.1658647909862126,0.2635080262491292
gpqa-diamond,gpqa-diamond/gpqa-diamond-130,gpqa-diamond-130,0.43406144252606443,0.42269895055587936,0.13845863150942347,0.24583120300054295,hard,0.2215911453295284,0.2508772105263158,0.3275584936450409,0.5802119314604414
gpqa-diamond,gpqa-diamond/gpqa-diamond-5,gpqa-diamond-5,0.433718921605815,0.42235235021530626,0.0343449450121979,0.2175609074748394,saturated,0.9741941503250574,0.963888888888889,0.0813182287128024,0.3563305180671511
aider-polyglot,aider-polyglot/polyglot_java_poker,polyglot_java_poker,0.4328861348916923,0.42570392422874925,0.171168765561191,0.319504999062603,medium,0.3576923076923076,0.3576923076923076,0.402084067867823,0.1668190548557488
algotune,algotune/algotune-ode-hires,algotune-ode-hires,0.4327745278832096,0.4174089961418278,0.12538957860435723,0.22158009118648556,medium,0.3323974539103585,0.3188029588774161,0.3003997991498779,0.4425198919708186
seal0,seal0/seal0-96,seal0-96,0.43258688492292363,0.41165333594141584,0.15400578198988593,0.23824472091597593,medium,0.4423076923076923,0.4423076923076923,0.3741152288677266,0.2236595300821563
spider2,spider2/spider2-twilio001,spider2-twilio001,0.4324888983278342,0.3640640070373475,0.03525034590522966,0.22646846677025384,frontier,0.0173106435922459,0.025,0.0968245836551854,0.4189735126293754
reasoning-gym,reasoning-gym/reasoning-gym-algorithmic-game-of-life-hard0292e21f-seed45-0,reasoning-gym-algorithmic-game-of-life-hard0292e21f-seed45-0,0.43212180114669224,0.41701485984022396,0.1708390103402904,0.22558565489485688,hard,0.1456826731483604,0.2716666666666666,0.4096712774354037,0.3972308597957301
mmmlu,mmmlu/mmmlu-yo-ng-00142,mmmlu-yo-ng-00142,0.4320902621252813,0.4192753726821731,0.20471632619809682,0.2359961540256694,medium,0.3792695741776249,0.44,0.4882622246293481,0.1308657553675476
replicationbench,replicationbench/replicationbench-ver_waves__gaia_breathing_typical,replicationbench-ver_waves__gaia_breathing_typical,0.4320567218341411,0.41717619197048184,0.14608897794917056,0.30714896457871077,easy,0.7272042051164409,0.6823529411764707,0.3501853192032286,0.6510767175357887
replicationbench,replicationbench/replicationbench-galaxy_soptics__nyu_vagc_processing,replicationbench-galaxy_soptics__nyu_vagc_processing,0.43195290954947724,0.4170707811480583,0.10905719271881836,0.3145466109045904,easy,0.8982772509579786,0.8470588235294118,0.2614836561281514,0.7067666301742016
reasoning-gym,reasoning-gym/reasoning-gym-games-knight-swap-hard0292e21f-seed45-1,reasoning-gym-games-knight-swap-hard0292e21f-seed45-1,0.43180052462147017,0.41668856315654795,0.11219682929230425,0.23176714905246779,hard,0.1075088699082849,0.15,0.2692582403567252,0.58035407522026
swebench-multilingual,swebench-multilingual/swebench-multilingual-apache__druid-14136,swebench-multilingual-apache__druid-14136,0.4307971330772526,0.4261277518264819,0.19015104230674407,0.30181967305289736,hard,0.2703392577806555,0.3690476428571428,0.4462301304989239,0.3090244778764239
gpqa-diamond,gpqa-diamond/gpqa-diamond-129,gpqa-diamond-129,0.43052782916393284,0.4191234125740808,0.15592014084410152,0.26398920133693327,easy,0.8073608555869624,0.7222222222222222,0.3720148676174046,0.5066286551975989
swtbench,swtbench/swtbench-django__django-14404,swtbench-django__django-14404,0.43024611874694946,0.3845394748917461,0.12210470555931613,0.292307785400749,medium,0.6413734543854518,0.5948717692307692,0.3175349048200852,0.4203937478183417
kumo,kumo/kumo-mythicenv-t4-a6-v1-s1,kumo-mythicenv-t4-a6-v1-s1,0.43013684176596834,0.41965229608576576,0.10241303406995253,0.2707666755034906,easy,0.9412435211814452,0.9210526315789472,0.244042591986729,0.4247530184021534
algotune,algotune/algotune-outer-product,algotune-outer-product,0.4299917231516463,0.41458201763935665,0.044408644653757066,0.25105355823364894,frontier,0.0292362267934682,0.0233747734640355,0.107116668751388,0.481946655656836
seal0,seal0/seal0-61,seal0-61,0.42986337941592584,0.4088715565457081,0.14347605287529988,0.26893889636365126,hard,0.2000153627532516,0.208,0.350907395191381,0.5912221734603673
swesmith,swesmith/swesmith-oauthlib__oauthlib.1fd52536.combine_file__5wgd819s,swesmith-oauthlib__oauthlib.1fd52536.combine_file__5wgd819s,0.42876255436575766,0.2408433399927631,0.09192732795288733,0.21113195730418102,medium,0.37863382220721,0.4027777777777778,0.3816893087251222,0.5827570295339318
mmmlu,mmmlu/mmmlu-yo-ng-00141,mmmlu-yo-ng-00141,0.427298734236549,0.4144204237297149,0.15985508540134066,0.22878306039584567,hard,0.2006986638295547,0.2058823529411764,0.3857316779001177,0.4968813975768615
featurebench-modal,featurebench-modal/featurebench-modal-mlflow__mlflow.93dab383.test_genai_eval_utils.2d5441f2.lv1,featurebench-modal-mlflow__mlflow.93dab383.test_genai_eval_utils.2d5441f2.lv1,0.4262840466350962,0.4180238860782573,0.13913101001113326,0.2552779064997527,hard,0.2234523923689424,0.2319999999999999,0.3328302870833722,0.3273441833148826
seal0,seal0/seal0-64,seal0-64,0.4262372337942848,0.4051684353776653,0.1000956391290547,0.22925142813160249,hard,0.1628205,0.1628205,0.2470469819193927,0.5205855707043903
labbench,labbench/labbench-figqa-0014,labbench-figqa-0014,0.42617780883571255,0.41947849965083295,0.03026967024106698,0.31386723909343256,frontier,0.0190821286332447,0.0307692307692307,0.072160242458822,0.2535892516921448
bfcl,bfcl/bfcl-live-simple-123-79-0,bfcl-live-simple-123-79-0,0.42473993824792894,0.4035416623904711,0.15997755749494183,0.20130618400110428,medium,0.3230769230769231,0.3230769230769231,0.3964338069761577,0.4697784585254002
labbench,labbench/labbench-figqa-0109,labbench-figqa-0109,0.42438588922346626,0.4176742510526878,0.08131249880376851,0.3025454821830709,hard,0.0712997029945285,0.09,0.1946792233393178,0.2768971062311935
gpqa-diamond,gpqa-diamond/gpqa-diamond-84,gpqa-diamond-84,0.4242131844744472,0.4127347336274366,0.04778245141183037,0.23956969117524746,saturated,0.9587153017503456,0.9416666666666668,0.1157703665787483,0.3263069737480225
swtbench,swtbench/swtbench-django__django-13786,swtbench-django__django-13786,0.4235476203504744,0.3775463052796744,0.1422907945096452,0.2689550227480886,easy,0.7215123883860218,0.6285714285714287,0.3768830273792262,0.2500336042318712
gaia,gaia/gaia-67e8878b-5cef-4375-804e-e6291fdbe78a,gaia-67e8878b-5cef-4375-804e-e6291fdbe78a,0.42328761607056903,0.41343885904121347,0.161885864335127,0.2801472823704203,easy,0.7780023620942514,0.7175,0.3915593824696325,0.541632285724715
bigcodebench,bigcodebench/bigcodebench_492,bigcodebench_492,0.4229454415981165,0.3616893101406919,0.1771908510527897,0.23110466232012356,medium,0.3096913910081718,0.4,0.4898979485566356,0.5035824223453638
reasoning-gym,reasoning-gym/reasoning-gym-graphs-shortest-path-easy00cea0a5-seed45-2,reasoning-gym-graphs-shortest-path-easy00cea0a5-seed45-2,0.42208258170919444,0.40682062512721534,0.12575664245096224,0.22910751847142105,easy,0.9376891722149872,0.8666666666666667,0.3091206165165234,0.0650055002039223
labbench,labbench/labbench-figqa-0140,labbench-figqa-0140,0.42205440571658065,0.4153268056926195,0.18386191266622534,0.34891554818071074,easy,0.8143703862789654,0.6307692307692307,0.4426921406134818,0.4797882311123261
gpqa-diamond,gpqa-diamond/gpqa-diamond-168,gpqa-diamond-168,0.4219189309626442,0.4104138631009832,0.0976152241132791,0.22894991859088143,easy,0.9148860907278142,0.8814815,0.2378458256154487,0.2347813107957848
featurebench-modal,featurebench-modal/featurebench-modal-sphinx-doc__sphinx.e347e59c.test_build_gettext.2721e644.lv1,featurebench-modal-sphinx-doc__sphinx.e347e59c.test_build_gettext.2721e644.lv1,0.42143040348047534,0.41312931992353136,0.14214050317080362,0.26064135039922953,hard,0.1615392529373486,0.168,0.3440581346226244,0.1848209389937634
featurebench-modal,featurebench-modal/featurebench-modal-mlflow__mlflow.93dab383.test_trace_correlation.53c200a6.lv1,featurebench-modal-mlflow__mlflow.93dab383.test_trace_correlation.53c200a6.lv1,0.421034517883603,0.41273011769950174,0.17362289367064251,0.2438585613429504,medium,0.6197197909401884,0.61466668,0.4206693096166365,0.6118031318391798
featurebench-modal,featurebench-modal/featurebench-modal-huggingface__transformers.e2e8dbed.test_tokenization_prophetnet.ca02e775.lv1,featurebench-modal-huggingface__transformers.e2e8dbed.test_tokenization_prophetnet.ca02e775.lv1,0.4206343183710935,0.4123265686751312,0.038184200877363614,0.2682282027104593,frontier,0.0309254479155455,0.032,0.0926066952223218,0.3790308256229355
seal0,seal0/seal0-24,seal0-24,0.42048041085423776,0.39929084167623885,0.17386381036747578,0.24487688825975062,medium,0.3961538461538462,0.3961538461538462,0.4354315006013877,0.1934812014347449
gaia,gaia/gaia-9f41b083-683e-4dcf-9185-ccfeaa88fa45,gaia-9f41b083-683e-4dcf-9185-ccfeaa88fa45,0.4195220562999824,0.40963589111817195,0.12316355516796748,0.27310711417150924,hard,0.2427680113807985,0.24,0.3006659275674582,0.2925259102580173
labbench,labbench/labbench-figqa-0091,labbench-figqa-0091,0.41934603519862135,0.41260000594623997,0.12176985323298418,0.2991360904352096,hard,0.2325329521627479,0.2461538461538462,0.2951280937423212,0.2978348490527346
swesmith,swesmith/swesmith-oauthlib__oauthlib.1fd52536.combine_file__ivt14jmt,swesmith-oauthlib__oauthlib.1fd52536.combine_file__ivt14jmt,0.41931793506120674,0.23018398615807623,0.06441382829667414,0.2017106312839852,easy,0.7806655226669288,0.7803921764705883,0.2798362708535192,0.2175893969941328
livecodebench,livecodebench/livecodebench-abc383_d,livecodebench-abc383_d,0.4190439090269409,0.3962263055115976,0.029532965119917688,0.2685288101592773,saturated,0.9769150307107316,0.9666666666666668,0.0745355992499929,0.3164282459308671
aider-polyglot,aider-polyglot/polyglot_java_custom-set,polyglot_java_custom-set,0.41846098718076347,0.41117162895606646,0.07643393378021415,0.27999566839589546,hard,0.0923076923076923,0.0923076923076923,0.185893014978378,0.0577225921659331
algotune,algotune/algotune-elementwise-integration,algotune-elementwise-integration,0.418332321381617,0.4027407945687749,0.07802836218051543,0.2258541344522231,hard,0.0963729397785272,0.1001611816974133,0.1937433784527898,0.1173744618958818
swebench-multilingual,swebench-multilingual/swebench-multilingual-projectlombok__lombok-3326,swebench-multilingual-projectlombok__lombok-3326,0.41816474142811144,0.4134343868374639,0.17273257660497407,0.29369115167899945,hard,0.2178174626233741,0.3076923076923077,0.4177992496615467,0.4246050333659566
seal0,seal0/seal0-46,seal0-46,0.4178280806778127,0.39658346111771164,0.11612048314751613,0.23676951779296376,hard,0.2794871923076923,0.2794871923076923,0.2928021325454364,0.3834298647753731
featurebench-modal,featurebench-modal/featurebench-modal-sympy__sympy.c1097516.test_smtlib.69d52b90.lv1,featurebench-modal-sympy__sympy.c1097516.test_smtlib.69d52b90.lv1,0.4172069121686944,0.4088706105076128,0.0833935688605165,0.2615477512311449,hard,0.076924023350626,0.08,0.2039607805437114,0.5321534887950274
gpqa-diamond,gpqa-diamond/gpqa-diamond-83,gpqa-diamond-83,0.41719652403750873,0.4056371405019998,0.09421844268020786,0.24253118872743404,easy,0.946151644114869,0.9222222222222224,0.2322727217818541,0.5274147193855455
swebench-multilingual,swebench-multilingual/swebench-multilingual-briannesbitt__carbon-3005,swebench-multilingual-briannesbitt__carbon-3005,0.4170956420433905,0.4123602117647577,0.15540225824363724,0.29396155367696786,hard,0.208278927020692,0.2833332857142857,0.3768604579442082,0.4761454596363123
featurebench-modal,featurebench-modal/featurebench-modal-mlflow__mlflow.93dab383.test_client_webhooks.75e39b52.lv1,featurebench-modal-mlflow__mlflow.93dab383.test_client_webhooks.75e39b52.lv1,0.4167884081510607,0.40844863659542757,0.03552014245579438,0.2567181585311486,frontier,0.0301985570163119,0.03133332,0.0869635476124197,0.5519471458685046
gaia,gaia/gaia-08cae58d-4084-4616-b6dd-dd6534e4825b,gaia-08cae58d-4084-4616-b6dd-dd6534e4825b,0.416333066810235,0.4064154913248992,0.11337371528579954,0.23519931507672062,hard,0.2479812812668641,0.2575,0.278960122598195,0.2564816106869076
seal0,seal0/seal0-92,seal0-92,0.4159463425533138,0.39466289302548996,0.1559668716984176,0.20868068189053013,medium,0.45,0.45,0.3951901089630543,0.4933630630828143
gpqa-diamond,gpqa-diamond/gpqa-diamond-124,gpqa-diamond-124,0.4158034296544123,0.40422814446041483,0.08893019178129126,0.2417633753052508,saturated,0.9538456028789372,0.94,0.22,0.5457988493769904
bixbench,bixbench/bix-16-q3,bix-16-q3,0.4145084718443919,0.36252913091502,0.02463798223692406,0.2608771499554402,frontier,0.0248331327692886,0.0225,0.0679613860953409,0.3494522780309682
reasoning-gym,reasoning-gym/reasoning-gym-games-puzzle24-hard0292e21f-seed45-2,reasoning-gym-games-puzzle24-hard0292e21f-seed45-2,0.4131171285825702,0.3977199732661744,0.06843524252946842,0.21796023212972146,easy,0.9098253030917516,0.8903000000000001,0.1720689106143233,0.27657692221237
aider-polyglot,aider-polyglot/polyglot_javascript_sum-of-multiples,polyglot_javascript_sum-of-multiples,0.41292261712829637,0.40559310867617177,0.1741869505917511,0.3101092341057995,medium,0.5307692307692308,0.5307692307692308,0.4294623031448572,0.3846946783238179
reasoning-gym,reasoning-gym/reasoning-gym-logic-propositional-logic-easy00cea0a5-seed45-1,reasoning-gym-logic-propositional-logic-easy00cea0a5-seed45-1,0.4112149433885305,0.39578949563188315,0.04277400099784511,0.24668255428196834,hard,0.287768091880322,0.29375,0.1080726029111911,0.5441453117444971
featurebench-modal,featurebench-modal/featurebench-modal-lightning-ai__pytorch-lightning.126fa6f1.test_wrappers.d88ce6f6.lv1,featurebench-modal-lightning-ai__pytorch-lightning.126fa6f1.test_wrappers.d88ce6f6.lv1,0.4111819453150341,0.40279603467500524,0.06563070137347973,0.26952752689103593,hard,0.0839743461538461,0.0839743461538461,0.1629378040586563,0.4894031713976688
gpqa-diamond,gpqa-diamond/gpqa-diamond-54,gpqa-diamond-54,0.4102834315742686,0.39864568076364276,0.029713294704139477,0.22467335086395934,saturated,0.9760700558195712,0.9666666666666666,0.0745355992499929,0.3322629895841409
bfcl,bfcl/bfcl-live-multiple-236-106-2,bfcl-live-multiple-236-106-2,0.4100172271901032,0.3885134068748207,0.03287421135094636,0.2670044823774088,saturated,0.9769230769230768,0.9769230769230768,0.0846153846153846,-0.2142548785046032
gaia,gaia/gaia-df6561b2-7ee5-4540-baab-5095f742716a,gaia-df6561b2-7ee5-4540-baab-5095f742716a,0.4099339260059645,0.39995406835209324,0.17244468515300654,0.273407103443816,medium,0.5469595323290393,0.51,0.4311612227462019,0.5852994166541865
mmmlu,mmmlu/mmmlu-ko-kr-00101,mmmlu-ko-kr-00101,0.40974845436464946,0.39664414444404955,0.1512086970402187,0.22278216330783407,hard,0.1456007225902306,0.1764705882352941,0.3812200410828153,0.3889552572910698
swebench-multilingual,swebench-multilingual/swebench-multilingual-gohugoio__hugo-12448,swebench-multilingual-gohugoio__hugo-12448,0.40957622973698626,0.40480547290934016,0.1631767240483258,0.2908593601869374,hard,0.1984587275755599,0.2533333333333333,0.4030991055421593,0.2559260102201823
aider-polyglot,aider-polyglot/polyglot_javascript_ledger,polyglot_javascript_ledger,0.4094505345286342,0.4020961347607762,0.06444106062251644,0.2495941155532201,easy,0.9134615384615384,0.9134615384615384,0.1602628203846205,0.3953553377610604
reasoning-gym,reasoning-gym/reasoning-gym-algorithmic-spiral-matrix-easy00cea0a5-seed45-0,reasoning-gym-algorithmic-spiral-matrix-easy00cea0a5-seed45-0,0.4085884458831698,0.3931241582424471,0.13519985045744523,0.23127374838864787,easy,0.7037012433227132,0.6650000000000001,0.3439113257803529,0.350033343656911
bfcl,bfcl/bfcl-simple-python-87,bfcl-simple-python-87,0.4081529182659041,0.38661123158504207,0.05386020924203373,0.1961959928579706,saturated,0.953846153846154,0.953846153846154,0.1393136175098064,0.3268136844522608
algotune,algotune/algotune-pca,algotune-pca,0.4079790103580439,0.39223043646372147,0.10393935500383239,0.2261548907396758,medium,0.4263016723469448,0.4068051814996945,0.264995638637661,0.5353256838399886
swebench-multilingual,swebench-multilingual/swebench-multilingual-apache__lucene-11760,swebench-multilingual-apache__lucene-11760,0.40767894539625116,0.40289937817391247,0.18427248383085731,0.2946757621280886,medium,0.3600317600692819,0.4285714285714285,0.4573660169594892,0.0125753982740002
mmmlu,mmmlu/mmmlu-de-de-00021,mmmlu-de-de-00021,0.4076077774101859,0.3944765780538764,0.149040598410741,0.22278120889563693,hard,0.2877396520585369,0.3055555555555556,0.3778186252426512,0.4587266218202665
reasoning-gym,reasoning-gym/reasoning-gym-induction-acre-hard0292e21f-seed45-1,reasoning-gym-induction-acre-hard0292e21f-seed45-1,0.4073107454951642,0.3918276582415418,0.14963165860576275,0.2323367887232064,easy,0.8839314565050097,0.75,0.3818813079129867,0.3387336605564754
bfcl,bfcl/bfcl-simple-python-2,bfcl-simple-python-2,0.4066857825278767,0.38511442672000074,0.032586605337846214,0.2323787804733898,saturated,0.9769230769230768,0.9769230769230768,0.0846153846153846,0.5428521948163517
livecodebench,livecodebench/livecodebench-abc399_d,livecodebench-abc399_d,0.4061977884205055,0.38309913243994637,0.14574000488781458,0.3589872092746759,medium,0.5321085878254669,0.5166666666666667,0.3804237403504442,0.3429795886953967
algotune,algotune/algotune-psd-cone-projection,algotune-psd-cone-projection,0.4061517629784262,0.39037590201754657,0.07939782748796598,0.2164591172728047,medium,0.4809486182828145,0.4650916542932004,0.2033881371201986,0.5016917725752935
reasoning-gym,reasoning-gym/reasoning-gym-algorithmic-count-primes-easy00cea0a5-seed45-1,reasoning-gym-algorithmic-count-primes-easy00cea0a5-seed45-1,0.40610780745738384,0.3906070772281489,0.08096856080429196,0.24297167160618394,easy,0.94330456393929,0.8806818333333334,0.2072890265554487,0.2178035104757213
featurebench-modal,featurebench-modal/featurebench-modal-pandas-dev__pandas.82fa2715.test_formats.05080a4e.lv1,featurebench-modal-pandas-dev__pandas.82fa2715.test_formats.05080a4e.lv1,0.4057016776882662,0.39727128720288957,0.07800489663983642,0.2711573471639914,frontier,0.048076923076923,0.048076923076923,0.1963517101602128,0.1596451941226349
reasoning-gym,reasoning-gym/reasoning-gym-arithmetic-time-intervals-hard0292e21f-seed45-1,reasoning-gym-arithmetic-time-intervals-hard0292e21f-seed45-1,0.4055648123377016,0.39005613621619745,0.05196900351772773,0.218035155031163,saturated,0.9806393757894342,0.9615384615384616,0.1332346775052982,0.0474323770553337
reasoning-gym,reasoning-gym/reasoning-gym-arithmetic-lcm-hard0292e21f-seed45-0,reasoning-gym-arithmetic-lcm-hard0292e21f-seed45-0,0.4052747030922775,0.3897617862560228,0.1159773291970168,0.24650810976164078,easy,0.94123103600741,0.875,0.2975595178559521,0.1887303681864889
gpqa-diamond,gpqa-diamond/gpqa-diamond-174,gpqa-diamond-174,0.4052597966881796,0.3935659509067641,0.14385360430130428,0.24387582408030675,medium,0.4841628059863898,0.4800000000000001,0.3655133376499413,0.6022856405184146
algotune,algotune/algotune-graph-laplacian,algotune-graph-laplacian,0.4052281186817641,0.38943851362109166,0.040793379895359444,0.2174158518989289,hard,0.1000513417753566,0.1000513417753566,0.1047492183452862,0.3895695446330119
gpqa-diamond,gpqa-diamond/gpqa-diamond-48,gpqa-diamond-48,0.4051464685245324,0.3934513655786754,0.12510268615164002,0.19352756424110493,medium,0.4647581619606982,0.47,0.3179622619116929,0.4825026081404757
mmmlu,mmmlu/mmmlu-es-la-00045,mmmlu-es-la-00045,0.40499613740718426,-0.41791283502864357,0.15290017643755022,0.27507730071263076,hard,0.190413988291703,0.2722222777777777,0.3658661893623595,-0.2884137578874748
seal0,seal0/seal0-56,seal0-56,0.404680440274305,0.38316844522312704,0.05010664283687043,0.23971949021935132,hard,0.0538461538461538,0.0538461538461538,0.1307692307692307,0.4373119387285669
gaia,gaia/gaia-e9a2c537-8232-4c3f-85b0-b52de6bcba99,gaia-e9a2c537-8232-4c3f-85b0-b52de6bcba99,0.40444484156904165,0.3944123533583338,0.14349611683207977,0.2664328921368656,easy,0.7615384615384616,0.7615384615384616,0.3638225720118605,0.3973111529661479
mmmlu,mmmlu/mmmlu-yo-ng-00144,mmmlu-yo-ng-00144,0.40402650165223547,0.3908506459799788,0.1365044529684958,0.2647337188767224,easy,0.8611616844380747,0.8,0.3492496542412986,0.178787041487095
mmau,mmau/mmau-ab53be54-3300-4964-b943-82feae51d6cd,mmau-ab53be54-3300-4964-b943-82feae51d6cd,0.40371809733927544,0.38631102264948963,0.1585287895857761,0.28665745024398,medium,0.5509324865440919,0.5399999999999999,0.4103656905736638,0.6487706135639519
gaia,gaia/gaia-ad37a656-079a-49f9-a493-7b739c9167d1,gaia-ad37a656-079a-49f9-a493-7b739c9167d1,0.403344674502343,0.39330172584582335,0.1348743960589572,0.24526809515647413,medium,0.6974502474052525,0.6799999999999999,0.3429285639896449,0.1627219997372726
simpleqa,simpleqa/simpleqa-513,simpleqa-513,0.4029111705130999,0.39722170369884446,0.13405864696916828,0.3102640608611836,easy,0.8384080887622579,0.7899999999999999,0.3374907406137241,0.3318907825144769
livecodebench,livecodebench/livecodebench-abc323_d,livecodebench-abc323_d,0.4027767257214914,0.3796048120890285,0.047765891368403805,0.26842612302403857,saturated,0.965381206365714,0.95,0.1258305739211791,0.2687508760579641
featurebench-modal,featurebench-modal/featurebench-modal-pandas-dev__pandas.82fa2715.test_col.a592871d.lv1,featurebench-modal-pandas-dev__pandas.82fa2715.test_col.a592871d.lv1,0.40273007017180285,0.3942758175631218,0.07750208375352517,0.2759705812139407,hard,0.0538461538461538,0.0538461538461538,0.1965681898335483,0.1391098198609757
bfcl,bfcl/bfcl-live-multiple-239-107-0,bfcl-live-multiple-239-107-0,0.4027168657394912,0.3810658230211718,0.08393895795918882,0.18786631513736848,easy,0.9384615384615383,0.9384615384615383,0.2202741702042516,0.3970042404439542
seal0,seal0/seal0-30,seal0-30,0.40265756397677827,0.3811052443667133,0.07052735386960529,0.24657512879738133,hard,0.0948718076923077,0.0948718076923077,0.1850600455178762,0.4401583367125278
aider-polyglot,aider-polyglot/polyglot_rust_dot-dsl,polyglot_rust_dot-dsl,0.40238739061535556,0.39498301974545375,0.14583988421370597,0.26622659558874384,hard,0.2461538461538461,0.2461538461538461,0.3692307692307692,0.5525156307664261
gaia,gaia/gaia-023e9d44-96ae-4eed-b912-244ee8c3b994,gaia-023e9d44-96ae-4eed-b912-244ee8c3b994,0.40228793544708624,0.3922349669880647,0.12867384518524533,0.26320840018256747,hard,0.1847912143146555,0.2225,0.3280529682840866,-0.1355342454347094
featurebench-modal,featurebench-modal/featurebench-modal-huggingface__transformers.e2e8dbed.test_modeling_vitpose.30ffd86e.lv1,featurebench-modal-huggingface__transformers.e2e8dbed.test_modeling_vitpose.30ffd86e.lv1,0.4019831997881091,0.39352297814313936,0.049021262550862976,0.2683804524567105,frontier,0.0423076923076923,0.0423076923076923,0.1245702672361665,0.2062939385435713
omnimath,omnimath/omnimath_3119,omnimath_3119,0.4014697691967831,0.3270368672193821,0.02767235030317848,0.2103109896291472,saturated,0.9769230769230768,0.9769230769230768,0.0846153846153846,0.1378743735559845
gaia,gaia/gaia-dd3c7503-f62a-4bd0-9f67-1b63b94194cc,gaia-dd3c7503-f62a-4bd0-9f67-1b63b94194cc,0.40140461728226984,0.3913432942111239,0.115890491158899,0.24797259119055232,easy,0.7903846153846155,0.7903846153846155,0.2961351142927156,0.2089648699428511
algotune,algotune/algotune-set-cover,algotune-set-cover,0.4012519810258672,0.38540358608271436,0.0967467001393529,0.21358550717212238,medium,0.3613095052166113,0.3590829669939563,0.2510269847841773,0.2418652093187773
livecodebench,livecodebench/livecodebench-arc196_c,livecodebench-arc196_c,0.40117546898089024,0.37796949605034125,0.1451564717745778,0.25901578661517766,hard,0.2040695231160582,0.2866666666666667,0.384042821686448,0.5543310567305497
bigcodebench,bigcodebench/bigcodebench_129,bigcodebench_129,0.4005684971729407,0.33809546179105143,0.14639962940764079,0.23711060606024623,hard,0.1501577401762506,0.25,0.4330127018922193,0.3380756330226115
mmmlu,mmmlu/mmmlu-en-us-00035,mmmlu-en-us-00035,0.4000830118672402,0.3868584592315367,0.11457759854646793,0.2430693358957693,easy,0.8781728894306675,0.8333333157894737,0.2961744684969979,0.1272540867802894
seal0,seal0/seal0-45,seal0-45,0.3999406821383204,0.37833454457380605,0.13623183593546154,0.22340265037876403,medium,0.3230769230769231,0.3230769230769231,0.3600829950353244,0.1319621486405723
gaia,gaia/gaia-5cfb274c-0207-4aa7-9575-6ac0bd95d9b2,gaia-5cfb274c-0207-4aa7-9575-6ac0bd95d9b2,0.39986755446624866,0.3897917387780812,0.10858341369879682,0.2914439619530607,easy,0.8951322511834744,0.8800000000000001,0.2785677655436824,0.3796743672718462
gpqa-diamond,gpqa-diamond/gpqa-diamond-114,gpqa-diamond-114,0.3993884181088427,0.38762992117830875,0.0328120678255365,0.3616127050979079,saturated,0.9689715567439282,0.9719298421052632,0.0846479232712354,-0.2003911015491865
gpqa-diamond,gpqa-diamond/gpqa-diamond-104,gpqa-diamond-104,0.3993857662702305,0.3876272403611893,0.03206882638034141,0.3616122698797807,saturated,0.9689760880126104,0.97333335,0.0827310958601873,-0.2003942639005077
bigcodebench,bigcodebench/bigcodebench_100,bigcodebench_100,0.39846461626905355,0.33588130996819676,0.05066708887538704,0.20305736311768502,frontier,0.0442307692307692,0.0442307692307692,0.1508481936079876,0.3375435722319833
aider-polyglot,aider-polyglot/polyglot_java_queen-attack,polyglot_java_queen-attack,0.3975531417477561,0.3901150825009541,0.07423780113682993,0.25997971305453554,hard,0.0615384615384615,0.0615384615384615,0.1902971827208151,0.1058838629066782
bfcl,bfcl/bfcl-live-simple-248-130-0,bfcl-live-simple-248-130-0,0.3968610966386134,0.37509401435477197,0.1054629731687136,0.1647936166905283,easy,0.8307692307692308,0.8307692307692308,0.2811641058845702,0.1439812422924634
reasoning-gym,reasoning-gym/reasoning-gym-arithmetic-products-hard0292e21f-seed45-2,reasoning-gym-arithmetic-products-hard0292e21f-seed45-2,0.39645624569735605,0.380815946977556,0.07096086202981425,0.2377730912733575,saturated,0.9614273717974288,0.9166666666666666,0.1863389981249825,0.4737637623954817
gpqa-diamond,gpqa-diamond/gpqa-diamond-39,gpqa-diamond-39,0.39626839759024884,0.3844759442900341,0.08717752944759989,0.23973798082001213,easy,0.945879705201391,0.9263157894736844,0.2267437813530317,0.4933440298301748
labbench,labbench/labbench-figqa-0009,labbench-figqa-0009,0.3961518409378804,0.38925295224686524,0.12006919115186927,0.28874742561265554,medium,0.3819985794185214,0.3846153846153847,0.3084605793194372,0.1325443110688857
mmmlu,mmmlu/mmmlu-ja-jp-00095,mmmlu-ja-jp-00095,0.3959630558386222,0.3826881597974462,0.15549576388080677,0.2444282135318752,medium,0.3121556318648976,0.33,0.4063249930782009,0.197171291893409
kumo,kumo/kumo-virusclassificationenv-t4-a6-v1-s1,kumo-virusclassificationenv-t4-a6-v1-s1,0.395845452897649,0.38500371159455515,0.08728675445628296,0.2871753305320221,easy,0.8886314546963769,0.868421052631579,0.2267166570804493,0.1933567249467098
aider-polyglot,aider-polyglot/polyglot_java_bottle-song,polyglot_java_bottle-song,0.395298216610116,0.3878445861839489,0.09845285649284855,0.28456230706765334,hard,0.1307692307692307,0.1307692307692307,0.2538461538461538,0.1960098056828221
algotune,algotune/algotune-max-clique-cpsat,algotune-max-clique-cpsat,0.39519066710314715,0.3792538260504917,0.10315420517064065,0.2369164224353759,medium,0.5941350629807455,0.5854131277192697,0.2719925234370801,0.335088211707238
mmmlu,mmmlu/mmmlu-es-la-00048,mmmlu-es-la-00048,0.39449891150808325,0.38120625556459814,0.14571358169775675,0.21309012503289676,medium,0.6276774761512764,0.5760416875000001,0.3822434169710642,0.5813804519565616
aider-polyglot,aider-polyglot/polyglot_python_paasio,polyglot_python_paasio,0.39443451747804736,0.3869749468975451,0.06768380546479978,0.24932111315664704,hard,0.0692307692307692,0.0692307692307692,0.1749048769369549,0.1825670320135869
aider-polyglot,aider-polyglot/polyglot_java_all-your-base,polyglot_java_all-your-base,0.3936391120959631,0.3861740828343096,0.0863511500366151,0.2651072872353794,hard,0.1,0.1,0.223606797749979,8.260466599929651e-05
bfcl,bfcl/bfcl-live-irrelevance-300-74-0,bfcl-live-irrelevance-300-74-0,0.3932806336228947,0.37144349856573416,0.08962867127146881,0.21509387298330263,easy,0.7846153846153846,0.7846153846153846,0.2412982637132018,0.3490210152711145
gaia,gaia/gaia-20194330-9976-4043-8632-f8485c6c71b2,gaia-20194330-9976-4043-8632-f8485c6c71b2,0.3932510298888202,0.38311348458756067,0.11862219900420813,0.28034058516208055,hard,0.1216884345518498,0.1525,0.3096267914764483,-0.1324330317310008
mmau,mmau/mmau-fe746517-e292-4976-b83b-d1cae168b7da,mmau-fe746517-e292-4976-b83b-d1cae168b7da,0.39301007234308233,0.3754314605562589,0.08594018940257964,0.26218545561595097,easy,0.8669888794663082,0.86,0.2289104628451919,0.0254114899671318
bfcl,bfcl/bfcl-live-simple-210-117-2,bfcl-live-simple-210-117-2,0.3927844265742444,0.3709376368718341,0.057067328749512924,0.24128832938834965,saturated,0.9692307692307692,0.9692307692307692,0.1538461538461538,-0.2489376036518109
usaco,usaco/usaco-1068,usaco-1068,0.3924602168811171,0.38039667889255263,0.10563740669707372,0.3036249582453431,hard,0.1136703605367155,0.1157894736842105,0.2777032833320614,0.5092187638777818
featurebench-modal,featurebench-modal/featurebench-modal-mlflow__mlflow.93dab383.test_utils.3c9647bf.lv1,featurebench-modal-mlflow__mlflow.93dab383.test_utils.3c9647bf.lv1,0.3921025393853026,0.3835644230057056,0.16164407725855534,0.24621576340899506,hard,0.2535876893228109,0.26333332,0.4214261478994126,0.2109746668668755
bigcodebench,bigcodebench/bigcodebench_13,bigcodebench_13,0.39148629915742555,0.3285423168524713,0.16197354655196783,0.2240245796845999,medium,0.3079674512183504,0.4166666666666667,0.4930066485916347,0.4323819986693032
gaia,gaia/gaia-6f37996b-2ac7-44b0-8e68-6d28256631b4,gaia-6f37996b-2ac7-44b0-8e68-6d28256631b4,0.3914527625955689,0.381298624153105,0.15156320544052249,0.28165040595454405,hard,0.2701958386954141,0.3,0.3974921382870358,0.4770096714240298
simpleqa,simpleqa/simpleqa-813,simpleqa-813,0.3914184425612591,0.3856676447556526,0.06844921668403685,0.30089857450260343,saturated,0.9615320355810028,0.95,0.1774823934929885,0.2756297487458523
gaia,gaia/gaia-7619a514-5fa8-43ef-9143-83b66a43d7a4,gaia-7619a514-5fa8-43ef-9143-83b66a43d7a4,0.39126784122239044,0.38111200091460123,0.1324110885728077,0.255089155145694,medium,0.6923076923076923,0.6923076923076923,0.3474335320195758,0.5404403782844397
bfcl,bfcl/bfcl-irrelevance-161,bfcl-irrelevance-161,0.39122934961113864,0.3693523877474368,0.05822670357750159,0.1941247993982535,easy,0.9230769230769232,0.9230769230769232,0.1576453963993784,0.3327542387508408
swebench-multilingual,swebench-multilingual/swebench-multilingual-sharkdp__bat-2260,swebench-multilingual-sharkdp__bat-2260,0.39069904684848134,0.38584248020110334,0.17234085351623715,0.2715240239638971,hard,0.2414789247580888,0.3555556,0.4466611696732099,0.3065311239665221
crustbench,crustbench/crustbench-carrays,crustbench-carrays,0.39066411021801123,0.37800274753396135,0.02089488805489314,0.2742937994455809,saturated,0.9846150590103064,0.9833333333333334,0.0552770798392566,0.2947970615259866
gaia,gaia/gaia-e0c10771-d627-4fd7-9694-05348e54ee36,gaia-e0c10771-d627-4fd7-9694-05348e54ee36,0.39031926516455806,0.38015470800843704,0.16683865765484918,0.27869724731738094,medium,0.4365384615384616,0.4365384615384616,0.4388704233833832,0.3491260860449862
devopsgym,devopsgym/devopsgym-testgen__spotbugs__spotbugs-2795,devopsgym-testgen__spotbugs__spotbugs-2795,0.38985857902508236,-0.2628565263435585,0.12977962039308097,0.19577414362112439,medium,0.6703473488822177,0.5789473684210527,0.4937279747182557,0.2656565681730722
mmmlu,mmmlu/mmmlu-bn-bd-00016,mmmlu-bn-bd-00016,0.3893161198983034,0.3759611494100986,0.15869181958530887,0.2584040735426594,easy,0.778125174201939,0.6796296111111111,0.4220963252035591,0.3194770169200608
algotune,algotune/algotune-unit-simplex-projection,algotune-unit-simplex-projection,0.38920680089595455,0.37318403464383604,0.03280230493573041,0.22522734297840322,frontier,0.0320601451721177,0.0320601451721177,0.0878984680227188,0.4399422732843538
seal0,seal0/seal0-71,seal0-71,0.388902592171304,0.3670818233534162,0.10082895462618664,0.2284747394444426,hard,0.2557692307692308,0.2557692307692308,0.2746770562080142,0.0680855939402348
mmau,mmau/mmau-fc224a87-54f8-4bed-9c3b-fd2190ec7bd2,mmau-fc224a87-54f8-4bed-9c3b-fd2190ec7bd2,0.3885344706934961,0.3708856085404652,0.14166665112655377,0.25340582282628027,medium,0.4009106049402667,0.41,0.3819685850956855,0.4799251602147064
kumo,kumo/kumo-relicenv-t4-a6-v1-s0,kumo-relicenv-t4-a6-v1-s0,0.3866730891651139,0.37574100855393894,0.11531198662098285,0.26989459074423666,easy,0.9229151067381826,0.8947368421052632,0.3068922049918579,0.3620339652858825
mmau,mmau/mmau-f1ead136-481b-430d-a08f-1b285b75db68,mmau-f1ead136-481b-430d-a08f-1b285b75db68,0.38644387645534073,0.3687624917533789,0.140129746866284,0.22890288504940154,medium,0.4638293121760502,0.4599999999999998,0.38,0.4266352686208008
swebench-multilingual,swebench-multilingual/swebench-multilingual-google__gson-2479,swebench-multilingual-google__gson-2479,0.38596428247439724,0.38108683815666283,0.15891316074035866,0.2807329469483246,hard,0.1882860475467188,0.2833333333333333,0.4169998667732268,0.5409308805583236
humanevalfix,humanevalfix/humanevalfix-python-28,humanevalfix-python-28,0.38557749883673403,0.34254837298383545,0.020552902379030093,0.25914556871407124,saturated,0.9846152357833206,0.98,0.0599999999999999,0.6844039414732143
kumo,kumo/kumo-neuroenv-t4-a6-v1-s0,kumo-neuroenv-t4-a6-v1-s0,0.38544256164211116,0.37449852844087456,0.08719082340565235,0.23965258226561095,easy,0.9472588615021006,0.9305555555555556,0.2328202029755584,0.3144978333666503
algotune,algotune/algotune-job-shop-scheduling,algotune-job-shop-scheduling,0.3848004872463995,0.3687153316354576,0.08215276366975476,0.20664230653032045,medium,0.3103813239301987,0.3074890917103619,0.2228081032197971,0.4026099030995512
gaia,gaia/gaia-0e9e85b8-52b9-4de4-b402-5f635ab9631f,gaia-0e9e85b8-52b9-4de4-b402-5f635ab9631f,0.38472593641872127,0.3745104246849999,0.1123336199607127,0.2311291826958034,hard,0.1654988919070837,0.2125,0.2999479121447589,0.1739787334743375
reasoning-gym,reasoning-gym/reasoning-gym-algorithmic-palindrome-partitioning-easy00cea0a5-seed45-1,reasoning-gym-algorithmic-palindrome-partitioning-easy00cea0a5-seed45-1,0.384705839746831,0.3689003880691925,0.1377831837936158,0.22752444922486648,easy,0.8068285877186203,0.75,0.3734969879396619,0.5739603450423837
gpqa-diamond,gpqa-diamond/gpqa-diamond-93,gpqa-diamond-93,0.38433349813787376,0.3724137067064397,0.14408385713617336,0.29582410624477257,medium,0.5068834325146064,0.4620370555555555,0.3868919283622111,0.7009125374703777
gpqa-diamond,gpqa-diamond/gpqa-diamond-115,gpqa-diamond-115,0.38427023339005006,0.3723497777478584,0.13890388888782146,0.18345070876535713,medium,0.5255065582134818,0.53166665,0.3730467887693546,0.3134169595864478
mmmlu,mmmlu/mmmlu-es-la-00041,mmmlu-es-la-00041,0.383879334019194,0.37045992019242396,0.1480230894356811,0.20476477226787357,hard,0.2146040754417674,0.2416666499999999,0.3995657326676394,0.3990288787827784
swebench-multilingual,swebench-multilingual/swebench-multilingual-preactjs__preact-4436,swebench-multilingual-preactjs__preact-4436,0.38387327738916893,0.3789866952445314,0.16911528247632315,0.2810549018615047,hard,0.2029547850213357,0.3690476428571428,0.4462301304989239,0.5410178740935383
mmmlu,mmmlu/mmmlu-pt-br-00113,mmmlu-pt-br-00113,0.38377395580355433,0.370353302262192,0.1774575341892402,0.22406878903385477,hard,0.2389310785988039,0.3571428571428571,0.4791574237499548,0.2033770924478436
aider-polyglot,aider-polyglot/polyglot_java_variable-length-quantity,polyglot_java_variable-length-quantity,0.3834889810385178,0.37595528519396987,0.06447198423866933,0.24968806521864542,hard,0.0538461538461538,0.0538461538461538,0.1714884369969842,0.0633873196188248
seal0,seal0/seal0-83,seal0-83,0.3827599180481261,0.36082249896101753,0.13204172930284044,0.1940119457549867,medium,0.3871794999999999,0.3871794999999999,0.3659464963605441,0.3398565290927824
swtbench,swtbench/swtbench-django__django-13401,swtbench-django__django-13401,0.38252650249187564,0.3348371884912181,0.11100244192520141,0.23317971017323488,easy,0.7353687374603375,0.7100000000000001,0.3315116890850155,0.5051555795382527
aider-polyglot,aider-polyglot/polyglot_python_robot-name,polyglot_python_robot-name,0.38218455064302265,0.3746421635162299,0.1608946863988523,0.29975225410017,medium,0.4692307692307692,0.4692307692307692,0.4294623031448572,0.4630717648217293
seal0,seal0/seal0-48,seal0-48,0.38160055012117333,0.35964133824183975,0.06888615025218671,0.24205511895399476,hard,0.0833333461538461,0.0833333461538461,0.1915412465901359,0.3557044547643282
labbench,labbench/labbench-figqa-0121,labbench-figqa-0121,0.38156216799217774,0.3745716819951273,0.15376644766503836,0.34265693108148776,easy,0.8272506980048908,0.6615384615384616,0.4105127404346564,0.5235024471866649
crustbench,crustbench/crustbench-tisp,crustbench-tisp,0.38155220487549485,0.3687883181656199,0.12540760208133225,0.26637048906685296,hard,0.2884615384615384,0.2884615384615384,0.3400530762609804,0.358196942555458
omnimath,omnimath/omnimath_2364,omnimath_2364,0.38143483764721076,0.30581369522811835,0.0974313018061727,0.195172869464573,easy,0.7332567123994838,0.7306666799999999,0.3185969213494343,0.3016181555594586
mmmlu,mmmlu/mmmlu-yo-ng-00146,mmmlu-yo-ng-00146,0.3811845336010892,0.36773352873797005,0.1383773010980632,0.21514308746861616,hard,0.2374841061624774,0.28,0.3762977544445355,0.1526050533114295
featurebench-modal,featurebench-modal/featurebench-modal-lightning-ai__pytorch-lightning.126fa6f1.test_seed.1eaa1d46.lv1,featurebench-modal-lightning-ai__pytorch-lightning.126fa6f1.test_seed.1eaa1d46.lv1,0.38008249242016584,0.37145230221481645,0.08352485600896409,0.24938238952281477,hard,0.0961538461538461,0.0961538461538461,0.2248602458806687,0.4623591153102747
gpqa-diamond,gpqa-diamond/gpqa-diamond-71,gpqa-diamond-71,0.37950798439951794,0.3675378567618242,0.1468566899580976,0.2928189518526101,medium,0.6233862800892204,0.5894736842105263,0.399568880473897,0.5379179045118718
gaia,gaia/gaia-50ec8903-b81f-4257-9450-1085afd2c319,gaia-50ec8903-b81f-4257-9450-1085afd2c319,0.3794730527977314,0.369210380294754,0.14063959557505235,0.2594132782273125,medium,0.4957784271419554,0.4700000000000001,0.3809199390948182,0.3126571126289654
featurebench-modal,featurebench-modal/featurebench-modal-pandas-dev__pandas.82fa2715.test_nlargest_nsmallest.08e879a9.lv1,featurebench-modal-pandas-dev__pandas.82fa2715.test_nlargest_nsmallest.08e879a9.lv1,0.3793287578360202,0.37069289224357427,0.12853836113132597,0.23108102802232758,hard,0.2230769230769231,0.2230769230769231,0.3467516206026044,0.3376719596388188
gpqa-diamond,gpqa-diamond/gpqa-diamond-58,gpqa-diamond-58,0.37801049688978205,0.3660248830418236,0.031909309520012044,0.2216707847095581,saturated,0.984190357802574,0.98,0.0871779788708134,0.2207019796740529
gpqa-diamond,gpqa-diamond/gpqa-diamond-49,gpqa-diamond-49,0.3774153196350291,0.3654235684706472,0.03263917683422921,0.2217522003688207,saturated,0.9840684962179626,0.9789473684210528,0.0893187513077744,0.2204817443959081
algotune,algotune/algotune-lasso,algotune-lasso,0.377339049972441,0.3611499542671421,0.06398115449331843,0.21080901015377235,hard,0.0529012988312185,0.0597301353055508,0.177159525392025,0.3157754041825285
kumo,kumo/kumo-controlenv-t4-a6-v1-s0,kumo-controlenv-t4-a6-v1-s0,0.375723401613116,0.36468635001035177,0.08090675784257373,0.2351413723525449,saturated,0.9517427275230802,0.9375,0.2218529918662356,0.2902187135766838
gpqa-diamond,gpqa-diamond/gpqa-diamond-72,gpqa-diamond-72,0.3754219326265681,0.3634096994299508,0.04057412570777103,0.19539844191957648,saturated,0.9807688058511168,0.9736842105263158,0.111648439134718,0.4950416731641165
humanevalfix,humanevalfix/humanevalfix-python-25,humanevalfix-python-25,0.3751656263972037,0.33177061128018825,0.04137906528036741,0.2457165826940243,saturated,0.980769177590314,0.9666666666666668,0.1247219128924647,0.1078390096883999
humanevalfix,humanevalfix/humanevalfix-python-158,humanevalfix-python-158,0.37516524633375703,0.331770218071067,0.04584822208150489,0.2457165802201062,saturated,0.980769041095807,0.9583333333333334,0.1381926995981416,0.1078402551457764
humanevalfix,humanevalfix/humanevalfix-python-63,humanevalfix-python-63,0.3751627599432422,0.3317676456813919,0.029468607384064663,0.24571630388224494,saturated,0.9871793620711338,0.974359,0.0888230295137471,0.107819576314202
humanevalfix,humanevalfix/humanevalfix-python-116,humanevalfix-python-116,0.3751596189464011,0.3317643960448357,0.04420252231477371,0.24571730663371588,saturated,0.9807691606696606,0.9615384615384616,0.1332346775052982,0.1078165907097764
humanevalfix,humanevalfix/humanevalfix-python-119,humanevalfix-python-119,0.3751591938964296,0.33176395629346306,0.045847356749553515,0.24571731085675155,saturated,0.980769023241555,0.9583333333333334,0.1381926995981416,0.1078177982543447
humanevalfix,humanevalfix/humanevalfix-python-47,humanevalfix-python-47,0.37515466039915096,0.33175926599519706,0.026020308567523985,0.24571783122434063,saturated,0.9871794622024842,0.9803921764705884,0.078431294117647,0.1077998750701699
algotune,algotune/algotune-dijkstra-from-indices,algotune-dijkstra-from-indices,0.37427703410046037,0.358045904488785,0.02799899347482754,0.21519577352528266,frontier,0.0124510754035308,0.0201910116513144,0.0781994518686208,0.3828740245600268
mmau,mmau/mmau-8c63d22f-b37e-4873-aef6-c6b44bbc36e6,mmau-8c63d22f-b37e-4873-aef6-c6b44bbc36e6,0.3740388654764136,0.3561683241288663,0.1415292997237873,0.3006379533751624,medium,0.6425248721037969,0.61,0.3973663297261106,0.6273901483654903
reasoning-gym,reasoning-gym/reasoning-gym-algorithmic-binary-alternation-easy00cea0a5-seed45-0,reasoning-gym-algorithmic-binary-alternation-easy00cea0a5-seed45-0,0.3738463187456288,0.35789288495248256,0.1366726029984061,0.23945571712734123,easy,0.8844243265240116,0.75,0.3818813079129867,0.1524232526335266
gaia,gaia/gaia-71345b0a-9c7d-4b50-b2bf-937ec5879845,gaia-71345b0a-9c7d-4b50-b2bf-937ec5879845,0.372920887403683,0.3626003287936716,0.14187823885769013,0.29687210315566204,easy,0.7918706169389014,0.7699999999999999,0.391279950930277,0.4230288999178826
mmau,mmau/mmau-760e99b1-09aa-479b-b90d-c3c581076e0d,mmau-760e99b1-09aa-479b-b90d-c3c581076e0d,0.3728602276030414,0.35497205414101646,0.16231968085580528,0.28755316469095554,medium,0.5734806484805104,0.53,0.457274534606947,0.5962440951884862
swtbench,swtbench/swtbench-astropy__astropy-14182,swtbench-astropy__astropy-14182,0.37277158660342,0.3247102089236336,0.11524986398482011,0.24179327529862255,medium,0.3307692307692307,0.3307692307692307,0.3549314460018254,0.5831167748521651
swebench-multilingual,swebench-multilingual/swebench-multilingual-tokio-rs__axum-734,swebench-multilingual-tokio-rs__axum-734,0.3727604255709954,0.36782612591801606,0.13595708019792455,0.26176013162411876,hard,0.1708020135718641,0.2142857142857142,0.3696232285257185,0.344016058265417
bigcodebench,bigcodebench/bigcodebench_1008,bigcodebench_1008,0.37173540647550746,0.30781276524967,0.1329054284316833,0.19866988959746953,medium,0.4122509910930069,0.42066664,0.4317736086217294,0.1313647576203302
seal0,seal0/seal0-55,seal0-55,0.37139285544280737,0.34924483311403365,0.025201591834999492,0.21383215578549328,frontier,0.0307692307692307,0.0307692307692307,0.072160242458822,0.2189302684433195
bfcl,bfcl/bfcl-live-multiple-723-165-10,bfcl-live-multiple-723-165-10,0.3710472848854324,0.3487903953211961,0.1011388948742435,0.18907673169981326,easy,0.776923076923077,0.776923076923077,0.2899704126918579,0.5143751443660038
aider-polyglot,aider-polyglot/polyglot_javascript_twelve-days,polyglot_javascript_twelve-days,0.37037655276748704,0.3627568711894857,0.08824138075654528,0.26885497472988756,hard,0.0923076923076923,0.0923076923076923,0.2432521277052599,0.5345479762254437
swebench-multilingual,swebench-multilingual/swebench-multilingual-rubocop__rubocop-13579,swebench-multilingual-rubocop__rubocop-13579,0.3676316906393057,0.3626758490968993,0.1460742986050094,0.2591401917900972,hard,0.1668162379940197,0.2333333333333333,0.4027681991198191,0.4392602978463956
aider-polyglot,aider-polyglot/polyglot_java_food-chain,polyglot_java_food-chain,0.367353540745901,0.3597144705177976,0.13410842588650146,0.28024179802509,medium,0.3153846153846154,0.3153846153846154,0.3728191020323887,0.0762205385944065
algotune,algotune/algotune-sylvester-solver,algotune-sylvester-solver,0.36689040449691257,0.3505593611623473,0.023272193011673867,0.2393077175426893,frontier,0.0330824155456445,0.0261049606274038,0.066385883790153,0.5264171254931952
algotune,algotune/algotune-gzip-compression,algotune-gzip-compression,0.36628116776413255,0.3499419775041517,0.07515197945118172,0.2566218349665221,hard,0.0786829363918412,0.0852136534312308,0.2147555431536936,0.5231380741522048
kumo,kumo/kumo-marketingenv-t4-a6-v1-s0,kumo-marketingenv-t4-a6-v1-s0,0.3662512116376152,0.3551258745142629,0.043332919449007294,0.23167704104212258,saturated,0.9710713043028766,0.9605263157894736,0.1220212959933645,0.2689447593571436
replicationbench,replicationbench/replicationbench-trgb_std_candle__aseq_bseq_trgb,replicationbench-trgb_std_candle__aseq_bseq_trgb,0.3661608751570723,0.35034666252548297,0.06594760706362031,0.28840726175617204,frontier,0.0326756070711977,0.0470588235294117,0.188235294117647,0.2227510220735813
aider-polyglot,aider-polyglot/polyglot_java_go-counting,polyglot_java_go-counting,0.3660489656694931,0.3584015786403711,0.07459025676440437,0.25688625552121663,hard,0.0769230769230769,0.0769230769230769,0.2081192193610566,0.1280325596486086
reasoning-gym,reasoning-gym/reasoning-gym-arithmetic-time-intervals-hard0292e21f-seed45-2,reasoning-gym-arithmetic-time-intervals-hard0292e21f-seed45-2,0.36489517062505256,0.34882311491452633,0.09881420738454415,0.20953488864074904,easy,0.9484235852704034,0.8888889166666667,0.2832788400755983,0.0242167803775006
gpqa-diamond,gpqa-diamond/gpqa-diamond-30,gpqa-diamond-30,0.36370197593396425,0.35157160168282464,0.14438116632565035,0.28506673282131717,medium,0.467719448767745,0.45833335,0.410673574414312,0.5654347457241822
bigcodebench,bigcodebench/bigcodebench_1077,bigcodebench_1077,0.36340011423163526,0.29908308479536094,0.07969647669999937,0.13791330458210915,saturated,0.9615337760797348,0.9230769230769232,0.2664693550105965,-0.066068483757727
bigcodebench,bigcodebench/bigcodebench_477,bigcodebench_477,0.36339805344051834,0.29908092785965845,0.07702511577938176,0.1379155823837505,saturated,0.9615373256264348,0.9285714285714286,0.2575393768188563,-0.0660877757657662
mmau,mmau/mmau-a92d62aa-ba19-428e-9d76-441355db5b20,mmau-a92d62aa-ba19-428e-9d76-441355db5b20,0.3630184013256955,0.3449852999514935,0.10313721297653447,0.2782001200824975,medium,0.371195371600102,0.35333335,0.2989611817982854,0.517081048292934
mmmlu,mmmlu/mmmlu-sw-ke-00138,mmmlu-sw-ke-00138,0.3629207538721926,0.34926177075204184,0.16007648204242625,0.2268261336495806,medium,0.5513254276214605,0.5438596315789473,0.4583280949923158,0.4808717726564154
mmau,mmau/mmau-d31affa7-10fa-4c28-81e3-185e2cae9c51,mmau-d31affa7-10fa-4c28-81e3-185e2cae9c51,0.3628914754039833,0.34485653181482634,0.11520479448766487,0.28968304283228546,medium,0.6118233704507159,0.62,0.3340658617698013,-0.2247275796544665
swebench-multilingual,swebench-multilingual/swebench-multilingual-php-cs-fixer__php-cs-fixer-7635,swebench-multilingual-php-cs-fixer__php-cs-fixer-7635,0.36282845646243517,0.35785271528805124,0.1353340867450455,0.2569512148097381,hard,0.1595831568761269,0.2464285714285714,0.3781837637758573,0.3210242819400521
seal0,seal0/seal0-84,seal0-84,0.36269788062798897,0.3403933665372378,0.11666566986333315,0.2018916742278376,medium,0.5288461923076924,0.5288461923076924,0.3427377890766575,0.2745361008874186
crustbench,crustbench/crustbench-genetic-neural-network-for-simple-control,crustbench-genetic-neural-network-for-simple-control,0.3622480130478583,0.34927525137886417,0.11110941530488512,0.2525421413001187,hard,0.1326844179490026,0.1553030454545454,0.3181141946537834,0.1721028007397226
seal0,seal0/seal0-5,seal0-5,0.3620860097248127,-0.38379581799460255,0.08727992800866867,0.2107029415983325,hard,0.1852564230769231,0.1852564230769231,0.2274123998138409,-0.280123465632024
gpqa-diamond,gpqa-diamond/gpqa-diamond-4,gpqa-diamond-4,0.36095429543444796,0.34879678773467643,0.054713248962050216,0.3879297734138708,saturated,0.9532909552890928,0.960784294117647,0.1568628235294117,-0.2932937523715499
gpqa-diamond,gpqa-diamond/gpqa-diamond-107,gpqa-diamond-107,0.3609303292362288,0.3487725858116337,0.03994517251725459,0.387923601356172,saturated,0.964962209950744,0.9722222222222222,0.1145307118227128,-0.2933102592318584
algotune,algotune/algotune-convex-hull,algotune-convex-hull,0.3608719311898317,0.3444610332941623,0.05908333779879762,0.22330314889100863,hard,0.0682675934160102,0.0737217767355136,0.1715240102306194,0.4760673539270456
gpqa-diamond,gpqa-diamond/gpqa-diamond-175,gpqa-diamond-175,0.3607863718728124,0.3486272128667465,0.07784736831291865,0.3878437952261813,easy,0.9299406934877994,0.9473684210526316,0.223296878269436,-0.2925020064892649
gpqa-diamond,gpqa-diamond/gpqa-diamond-195,gpqa-diamond-195,0.36075249470484455,0.3485930026585775,0.026616376537532627,0.38784269004902483,saturated,0.9766464217445332,0.9814815,0.0763537315280006,-0.2925261973513722
swebench-multilingual,swebench-multilingual/swebench-multilingual-phpoffice__phpspreadsheet-4313,swebench-multilingual-phpoffice__phpspreadsheet-4313,0.36051332754064275,0.35552808988361306,0.13734374128221835,0.2596540236911696,hard,0.1750881835289752,0.2738095714285714,0.3863091136545067,0.2084225852772723
gpqa-diamond,gpqa-diamond/gpqa-diamond-137,gpqa-diamond-137,0.35968360691166484,0.34751362354574716,0.054231801861096204,0.36854424984243084,easy,0.9436781156815072,0.9517543684210528,0.1560566210549068,-0.30401461968537
swebench-multilingual,swebench-multilingual/swebench-multilingual-apache__druid-14092,swebench-multilingual-apache__druid-14092,0.35934347312101916,0.35435346031422615,0.12906108634652613,0.2580281120921613,hard,0.2584358800527672,0.2857142857142857,0.3642156795423418,0.4588674203835421
swebench-multilingual,swebench-multilingual/swebench-multilingual-mrdoob__three.js-25687,swebench-multilingual-mrdoob__three.js-25687,0.3586272960737206,-0.36358963351399254,0.045066523374471125,0.2643807929228044,frontier,0.026926277794046,0.0411764705882352,0.1239488676806204,-0.4163931937062697
replicationbench,replicationbench/replicationbench-mars_clouds__dbscan_optimization,replicationbench-mars_clouds__dbscan_optimization,0.35822745506252784,0.342311754818467,0.12929435348403284,0.26118100889555906,easy,0.8099949465575548,0.7205882352941176,0.3777093589806741,0.6264225019742218
bfcl,bfcl/bfcl-live-multiple-671-162-13,bfcl-live-multiple-671-162-13,0.3579763349024742,0.3354849131884198,0.10024766420226068,0.22536455687468435,easy,0.8384615384615385,0.8384615384615385,0.298814224608539,0.1035176118370089
spider2,spider2/spider2-airport001,spider2-airport001,0.35777144309389314,0.2850689544174304,0.059910359048381295,0.2901912276700994,hard,0.0946923914775209,0.1372548823529411,0.2101609386782039,0.2400499111353095
algotune,algotune/algotune-min-dominating-set,algotune-min-dominating-set,0.35776050798144843,0.3413088735542497,0.07686361214960441,0.19915175891091286,hard,0.2753352788359926,0.2748773817920872,0.2252025016202435,0.143972718278027
swebench-multilingual,swebench-multilingual/swebench-multilingual-tokio-rs__axum-1730,swebench-multilingual-tokio-rs__axum-1730,0.35764346211599846,0.3526465382748019,0.13402959305901485,0.2565108842806749,hard,0.1520669427128026,0.1964285714285714,0.3800677973891565,0.41836017088546
aider-polyglot,aider-polyglot/polyglot_go_paasio,polyglot_go_paasio,0.3566115603564669,0.3489049125503256,0.09710320293570271,0.23054634941541918,hard,0.1153846153846153,0.1153846153846153,0.2783085002327007,0.5031279415909181
bfcl,bfcl/bfcl-multiple-150,bfcl-multiple-150,0.3564331625726845,0.33391464907265483,0.030391780071685172,0.2014422227019511,saturated,0.9692307692307692,0.9692307692307692,0.0910166120476864,0.2806011069561049
gaia,gaia/gaia-5a0c1adf-205e-4841-a666-7c3ef95def9d,gaia-5a0c1adf-205e-4841-a666-7c3ef95def9d,0.3562685741832035,0.3458055902284429,0.1282835040484003,0.2353600339628672,easy,0.7006371307669803,0.6975,0.3709700122651425,0.1833066445914899
replicationbench,replicationbench/replicationbench-lensing_dr6_growth__params,replicationbench-lensing_dr6_growth__params,0.3558164226693277,0.33987034357699764,0.06809156935403347,0.25660269539044794,hard,0.1019891910020799,0.1470588235294117,0.2003457219520753,0.3218107116143575
aider-polyglot,aider-polyglot/polyglot_java_resistor-color-trio,polyglot_java_resistor-color-trio,0.3555324328583252,0.34781910997720217,0.1561236317431356,0.28429920464251,medium,0.3923076923076923,0.3923076923076923,0.4488644449506203,0.0074190744613291
aider-polyglot,aider-polyglot/polyglot_java_tree-building,polyglot_java_tree-building,0.35551443955781736,0.3478010055528511,0.15200520112065197,0.2939380953009233,medium,0.425,0.425,0.4370464682211897,0.0857347833330523
aider-polyglot,aider-polyglot/polyglot_go_react,polyglot_go_react,0.3548855897401753,0.34716827568063025,0.06370196267522778,0.2532479684285396,hard,0.0692307692307692,0.0692307692307692,0.1834901606442548,0.5015724433816949
reasoning-gym,reasoning-gym/reasoning-gym-algorithmic-cryptarithm-hard0292e21f-seed45-0,reasoning-gym-algorithmic-cryptarithm-hard0292e21f-seed45-0,0.35487338805417995,0.33867211656520124,0.13539209448206482,0.2464849892267745,hard,0.2023856216065343,0.2725,0.3997733733004238,0.4957289752008877
seal0,seal0/seal0-69,seal0-69,0.35411489298496734,0.3316598126674733,0.05209757712693934,0.20544912828910344,frontier,0.0384615384615384,0.0384615384615384,0.1570813681281702,0.4506667267274762
bfcl,bfcl/bfcl-parallel-147,bfcl-parallel-147,0.35404384656966875,0.3314836351841295,0.10964458702244281,0.17591245972036232,easy,0.7461538461538461,0.7461538461538461,0.3307692307692307,0.0702840968409377
bfcl,bfcl/bfcl-live-irrelevance-122-9-2,bfcl-live-irrelevance-122-9-2,0.3532829638107013,0.3307095370818809,0.05113214945217491,0.19778622462178533,easy,0.9384615384615386,0.9384615384615386,0.1546134710941675,0.3087371528809661
reasoning-gym,reasoning-gym/reasoning-gym-arithmetic-prime-factorization-hard0292e21f-seed45-2,reasoning-gym-arithmetic-prime-factorization-hard0292e21f-seed45-2,0.3529682481552436,0.33674284204068367,0.14187819281852415,0.2525086456275363,easy,0.8352836212454141,0.7692307692307693,0.4213250442347431,-0.1809093765971277
bfcl,bfcl/bfcl-live-irrelevance-778-287-0,bfcl-live-irrelevance-778-287-0,0.3521208834721571,0.3295273323574756,0.04390446785582947,0.2017555240712545,easy,0.9384615384615386,0.9384615384615386,0.1332346775052982,0.4318357231095325
aider-polyglot,aider-polyglot/polyglot_java_wordy,polyglot_java_wordy,0.3519499611427431,0.34421462725623625,0.08588035661260249,0.2382106608097444,hard,0.0923076923076923,0.0923076923076923,0.2494965344650285,0.0054974514850706
swe-lancer,swe-lancer/swe-lancer-48694_681,swe-lancer-48694_681,0.3519041826481079,0.1859079899339631,0.011979529377326456,0.2279946365598902,frontier,0.0156087371050502,0.0235294117647058,0.0644379479417842,-0.1942310277488243
simpleqa,simpleqa/simpleqa-3563,simpleqa-3563,0.3516347571726694,0.34568561272382103,0.07381824675307255,0.2765629766632319,hard,0.1109643459627447,0.12,0.2135415650406262,0.1875622707449702
featurebench-modal,featurebench-modal/featurebench-modal-astropy__astropy.b0db0daa.test_basic_rgb.067e927c.lv1,featurebench-modal-astropy__astropy.b0db0daa.test_basic_rgb.067e927c.lv1,0.35157681362737675,0.3427400511651479,0.061774277850757515,0.20640424871432825,hard,0.1461538461538461,0.1461538461538461,0.1802365309824612,0.3250846622074715
kumo,kumo/kumo-mineralclassificationenv-t4-a6-v1-s1,kumo-mineralclassificationenv-t4-a6-v1-s1,0.35091514870850254,0.3396518271576108,0.0765143844826938,0.2209573623248798,easy,0.9491843323295248,0.936842105263158,0.2252729953582389,0.2928092514124378
swebench-multilingual,swebench-multilingual/swebench-multilingual-caddyserver__caddy-5761,swebench-multilingual-caddyserver__caddy-5761,0.3506929415818661,0.3456681084610123,0.03341090962529241,0.25863871473561456,frontier,0.0446380981258899,0.0380952142857142,0.0966560374170613,0.3812587699328863
mmmlu,mmmlu/mmmlu-zh-cn-00125,mmmlu-zh-cn-00125,0.3505405555516704,0.3367466612917553,0.140311113860409,0.2495044060119581,easy,0.7870935288184417,0.6944444444444444,0.416666681481496,0.4328058083266806
algotune,algotune/algotune-eigenvalues-complex,algotune-eigenvalues-complex,0.34947197292474846,0.33291363744133606,0.0809862814036002,0.19007069269165,hard,0.2271687463619296,0.2142792934873072,0.2432651363459723,0.1645959933638912
mmau,mmau/mmau-d36f3c53-149e-43ff-b08e-e68dc0f4319a,mmau-d36f3c53-149e-43ff-b08e-e68dc0f4319a,0.34943903244557234,0.33121271383151846,0.118375738778929,0.26323097508709414,medium,0.6689483328066205,0.6758333000000001,0.3574009506143066,-0.1749595187889494
swebench-multilingual,swebench-multilingual/swebench-multilingual-google__gson-2158,swebench-multilingual-google__gson-2158,0.3494301478826261,0.3444003038925826,0.12040336201167656,0.25098455377944223,hard,0.1506069614255359,0.1666666666666666,0.3496029493900505,0.3090392637136694
featurebench-modal,featurebench-modal/featurebench-modal-huggingface__transformers.e2e8dbed.test_modeling_vitmatte.2d342386.lv1,featurebench-modal-huggingface__transformers.e2e8dbed.test_modeling_vitmatte.2d342386.lv1,0.34812618519689426,0.3392655409201282,0.039923626576498,0.24585951517673932,frontier,0.0397435769230769,0.0397435769230769,0.1176766330828071,0.1995425653627139
algotune,algotune/algotune-cyclic-independent-set,algotune-cyclic-independent-set,0.34808695916229343,0.3315110515108577,0.10950694169760229,0.19856303536649098,hard,0.1386802272484282,0.1441629801863656,0.3303266699511998,0.1350839242161414
swebench-multilingual,swebench-multilingual/swebench-multilingual-jqlang__jq-2728,swebench-multilingual-jqlang__jq-2728,0.34807099672774594,0.34303578005287777,0.12312381868305729,0.2493352002511647,hard,0.1461549329464469,0.1785714285714285,0.3589241293257461,0.3491430795655971
algotune,algotune/algotune-shortest-path-dijkstra,algotune-shortest-path-dijkstra,0.34799788460181375,0.3314208493529519,0.06699105044089686,0.20973101126475505,hard,0.2761086716047293,0.2722761402530114,0.2021328790016879,0.0968222913517716
algotune,algotune/algotune-clustering-outliers,algotune-clustering-outliers,0.34789884238761337,0.3313205537185802,0.07205786199813533,0.19786704983808803,hard,0.0724113490709607,0.0752056982815848,0.2174868452602564,0.0819508204290948
labbench,labbench/labbench-figqa-0179,labbench-figqa-0179,0.3478123607365452,0.34062345371432334,0.09256322734361833,0.29003306194748035,hard,0.1978878397151926,0.2,0.271746488194703,0.1470238818980691
crustbench,crustbench/crustbench-libfor,crustbench-libfor,0.3476867482677429,0.33456391134849467,0.09158938791204188,0.2546735580982799,easy,0.7974518239595974,0.775,0.2737575237654334,0.4400779289076642
swebench-multilingual,swebench-multilingual/swebench-multilingual-rubocop__rubocop-13627,swebench-multilingual-rubocop__rubocop-13627,0.34760300846577513,0.34256594677503516,0.13955329236783387,0.2545820067408607,hard,0.1814372223057754,0.2733333333333333,0.407376429798725,0.466518182916481
spider2,spider2/spider2-jira001,spider2-jira001,0.3462408670073024,0.2729680886195679,0.0370271930376178,0.27088410044126365,frontier,0.0408097062141955,0.0599999999999999,0.1356465996625053,0.4537206746659895
algotune,algotune/algotune-lp-centering,algotune-lp-centering,0.3457807686389116,0.3291757651154159,0.016948413549254335,0.2332727062570729,frontier,0.0254505346284778,0.0254505346284778,0.0514874281322377,0.4683467769392175
gpqa-diamond,gpqa-diamond/gpqa-diamond-96,gpqa-diamond-96,0.34567968738263216,0.33337524615132264,0.024219125918376713,0.23136425088783605,saturated,0.9871793324438538,0.98333335,0.0726482430773621,0.4533028191446998
mmmlu,mmmlu/mmmlu-de-de-00023,mmmlu-de-de-00023,0.34564008327678597,0.331794140278047,0.11529382755303777,0.2122823919240174,easy,0.8546867338642452,0.8125,0.3474860268973416,0.1168492846355854
gpqa-diamond,gpqa-diamond/gpqa-diamond-9,gpqa-diamond-9,0.34563885252593246,0.33333402735071477,0.05227963314957757,0.19779246544932216,saturated,0.961534190453049,0.9473684210526316,0.1568385729026457,0.4134914403297586
algotune,algotune/algotune-water-filling,algotune-water-filling,0.3443878562243035,0.3277653781383111,0.056842845668890266,0.18228360006027836,easy,0.7979256785154948,0.7914373572453411,0.1734254117739782,0.0542587587943977
seal0,seal0/seal0-59,seal0-59,0.34377395217500173,0.32114262099735186,0.09760139988806457,0.2295797533986189,hard,0.1615384615384615,0.1615384615384615,0.3039191733098217,0.1630758541385757
bigcodebench,bigcodebench/bigcodebench_1124,bigcodebench_1124,0.3429886306025248,0.27775225291365063,0.10351215306977282,0.2167643759394488,hard,0.1429965122644265,0.1666666666666666,0.372677996249965,0.4181428872609439
swebench-multilingual,swebench-multilingual/swebench-multilingual-gin-gonic__gin-3820,swebench-multilingual-gin-gonic__gin-3820,0.34287321206912896,0.3378176451166303,0.1371638209645232,0.2554643912795727,hard,0.1678397536564803,0.2678571428571428,0.4060291786036454,0.2725282101560051
mmmlu,mmmlu/mmmlu-ja-jp-00091,mmmlu-ja-jp-00091,0.3426281988914984,0.328750646828245,0.10939379373727803,0.1863301828076601,hard,0.1038584194360491,0.1470588235294117,0.3327561323230812,0.2952799960980675
mmmlu,mmmlu/mmmlu-bn-bd-00015,mmmlu-bn-bd-00015,0.34081567217326536,-0.35449225912256815,0.13708418842039055,0.21749760640487806,hard,0.2156325772283017,0.3101851666666666,0.3867057316278174,-0.5874890269861405
aider-polyglot,aider-polyglot/polyglot_java_ocr-numbers,polyglot_java_ocr-numbers,0.34021335930545055,0.33240751651919814,0.0741524459927442,0.2337252171594475,hard,0.0846153846153846,0.0846153846153846,0.2230769230769231,-0.0068796422633231
algotune,algotune/algotune-kcenters,algotune-kcenters,0.3378359065141086,0.32113223193250817,0.07365204377395193,0.231950853319996,hard,0.2393037456645115,0.2414967954811111,0.2293511409014566,0.150021926459131
featurebench-modal,featurebench-modal/featurebench-modal-pandas-dev__pandas.82fa2715.test_all_methods.c74b49a1.lv1,featurebench-modal-pandas-dev__pandas.82fa2715.test_all_methods.c74b49a1.lv1,0.3376268006340188,0.32869498190774993,0.0875871398241778,0.24168561048718856,hard,0.1183464185884238,0.0769230769230769,0.2664693550105965,-0.0054885993293692
mmau,mmau/mmau-0866c7a0-3361-4538-98d0-fec5c8aedd01,mmau-0866c7a0-3361-4538-98d0-fec5c8aedd01,0.3367903505180271,0.3183910886878445,0.1043914995378063,0.24032838812382387,medium,0.4469534634199867,0.45,0.3278719262151,0.2405895921249025
swebench-multilingual,swebench-multilingual/swebench-multilingual-axios__axios-6539,swebench-multilingual-axios__axios-6539,0.3360049914522959,0.3309230116994013,0.1340351500530345,0.2407738368739731,hard,0.2037273500886489,0.278125,0.405034238521881,0.3447270974701098
swebench-multilingual,swebench-multilingual/swebench-multilingual-preactjs__preact-3345,swebench-multilingual-preactjs__preact-3345,0.33576402925929766,0.3306811327193311,0.11843926489183992,0.2456335207193063,hard,0.1360988829045289,0.1692307692307692,0.3581675915945481,0.3538375592341054
labbench,labbench/labbench-figqa-0046,labbench-figqa-0046,0.33459084402816597,0.32732932828295286,0.09841677610822705,0.22774250406355895,hard,0.2164547636586349,0.24,0.3006659275674582,-0.0511010366434961
swebench-multilingual,swebench-multilingual/swebench-multilingual-sharkdp__bat-2650,swebench-multilingual-sharkdp__bat-2650,0.3342139892628219,0.3291252112913431,0.13229221298141963,0.2398051670478678,hard,0.1530460366224653,0.2619047142857143,0.4019510157315599,0.2996493591146431
livecodebench,livecodebench/livecodebench-arc188_c,livecodebench-arc188_c,0.33383738974992755,0.3093312216795007,0.05223221476002943,0.18203155375354227,hard,0.0842875726140763,0.0823529411764705,0.1688552952283214,0.1839468515192039
aider-polyglot,aider-polyglot/polyglot_rust_scale-generator,polyglot_rust_scale-generator,0.3336547540232698,0.325810578384893,0.10383330923337433,0.2928211780070978,hard,0.1743589615384615,0.1743589615384615,0.318692259005513,0.5463395300879282
featurebench-modal,featurebench-modal/featurebench-modal-huggingface__transformers.e2e8dbed.test_modeling_mimi.3118abde.lv1,featurebench-modal-huggingface__transformers.e2e8dbed.test_modeling_mimi.3118abde.lv1,0.3324387501189124,0.3234725907624342,0.031103133727157117,0.2712389686715054,frontier,0.0192307692307692,0.0192307692307692,0.0961538461538461,0.0673105911758266
featurebench-modal,featurebench-modal/featurebench-modal-mlflow__mlflow.93dab383.test_scorers.63dc8c7a.lv1,featurebench-modal-mlflow__mlflow.93dab383.test_scorers.63dc8c7a.lv1,0.3324387071127806,0.3234725474739086,0.06338741496874269,0.27123896890723115,frontier,0.0384615772963425,0.04,0.1959591794226542,0.0673106299259404
aider-polyglot,aider-polyglot/polyglot_java_simple-linked-list,polyglot_java_simple-linked-list,0.332387248275457,0.32453575281464636,0.13563674920763016,0.25778970575139437,hard,0.2615384615384615,0.2615384615384615,0.4179408525294192,0.1741436103920853
crustbench,crustbench/crustbench-utf8,crustbench-utf8,0.3322698730850372,0.31899514562415765,0.11093821341100475,0.23250634930088634,medium,0.3538461538461538,0.3538461538461538,0.3477739863217635,0.4110718856621334
replicationbench,replicationbench/replicationbench-ver_waves__gaia_rv_sample_size,replicationbench-ver_waves__gaia_rv_sample_size,0.33047991389170983,0.3142276650741339,0.0913041273725278,0.2514901776765859,easy,0.913729595731477,0.8705882352941177,0.2905668008289052,0.5506399796455828
lawbench,lawbench/lawbench-3-4-21-zero-shot,lawbench-3-4-21-zero-shot,0.32956406472631394,0.32342741211639087,0.11899324810598073,0.2755186701929026,easy,0.7694696075101178,0.6650595384615385,0.3679133049586996,0.1203469892473216
swebench-multilingual,swebench-multilingual/swebench-multilingual-babel__babel-16130,swebench-multilingual-babel__babel-16130,0.32907799318638503,0.3239699251541281,0.12101732634897241,0.2395410669364801,hard,0.1878976000054565,0.2177778,0.3735449402946852,0.3753643010813852
algotune,algotune/algotune-zoom-2d,algotune-zoom-2d,0.3290586204249584,0.3122487548059754,0.05771105491028592,0.19219783278220734,frontier,0.0373084649052637,0.0440196660394337,0.1848239713434448,0.2592814194929581
gpqa-diamond,gpqa-diamond/gpqa-diamond-187,gpqa-diamond-187,0.32754742134755593,0.3150771409651601,0.044198224899897116,0.19960664883614784,easy,0.940575560865983,0.92333335,0.1402774722549116,0.2382843909010306
gpqa-diamond,gpqa-diamond/gpqa-diamond-89,gpqa-diamond-89,0.32751659133433736,0.31504603690749566,0.128854965496367,0.31200279623233723,medium,0.5735256285210201,0.5777777777777778,0.409003607095688,0.6081140018216049
featurebench-modal,featurebench-modal/featurebench-modal-mlflow__mlflow.93dab383.test_databricks_rest_store.50525c62.lv1,featurebench-modal-mlflow__mlflow.93dab383.test_databricks_rest_store.50525c62.lv1,0.3271702474310034,0.3181697757000641,0.020782741938328783,0.22019473324805564,frontier,0.0128226824665163,0.01333332,0.0653196611544916,0.3827757341945872
mmmlu,mmmlu/mmmlu-fr-fr-00051,mmmlu-fr-fr-00051,0.32713249695258684,0.3130968993651921,0.11047480177374032,0.20513217623251198,hard,0.1665202799186864,0.2017544210526315,0.3528454034445227,0.4606873244886735
medagentbench,medagentbench/medagentbench-task7_30,medagentbench-task7_30,0.3264118463318244,0.3080294663038659,0.053352268586662116,0.22044059524829268,hard,0.0807041779265775,0.1,0.1732050807568877,0.0995871991810076
gpqa-diamond,gpqa-diamond/gpqa-diamond-102,gpqa-diamond-102,0.32623107921145944,0.3137491219669118,0.06581257104490262,0.21371215208461142,hard,0.2078799226667566,0.2,0.2097617696340303,0.4813597802511999
reasoning-gym,reasoning-gym/reasoning-gym-algorithmic-group-anagrams-hard0292e21f-seed45-0,reasoning-gym-algorithmic-group-anagrams-hard0292e21f-seed45-0,0.32557145047617303,0.30901412700269604,0.14211547233075525,0.2518093920691413,medium,0.6864217840145203,0.5591666666666667,0.4598995965304698,0.3728936617027963
featurebench-modal,featurebench-modal/featurebench-modal-huggingface__transformers.e2e8dbed.test_modeling_pixtral.a620bb0b.lv2,featurebench-modal-huggingface__transformers.e2e8dbed.test_modeling_pixtral.a620bb0b.lv2,0.32495352932957067,0.3159387895650886,0.04209400273911885,0.26036130282185016,frontier,0.0384615384615384,0.0384615384615384,0.1332346775052982,0.2645335681112968
featurebench-modal,featurebench-modal/featurebench-modal-mwaskom__seaborn.7001ebe7.test_line.25304a8b.lv1,featurebench-modal-mwaskom__seaborn.7001ebe7.test_line.25304a8b.lv1,0.3247651315769576,0.3157491837905252,0.093573400683116,0.20597615180170886,hard,0.1423076923076923,0.1423076923076923,0.2963535790014729,0.1760986902658181
reasoning-gym,reasoning-gym/reasoning-gym-code-bf-hard0292e21f-seed45-0,reasoning-gym-code-bf-hard0292e21f-seed45-0,0.3230032896864558,0.3064163034366825,0.1292273029246107,0.2656319628497639,medium,0.5287974518890759,0.5305555000000001,0.4217376865239616,0.5093136603080981
gpqa-diamond,gpqa-diamond/gpqa-diamond-178,gpqa-diamond-178,0.32292227217439523,0.310411180126194,0.1043370004587528,0.19455156345214328,easy,0.7504768605293393,0.7203703888888889,0.3361251370402826,0.2141750436502044
aider-polyglot,aider-polyglot/polyglot_java_bank-account,polyglot_java_bank-account,0.3228485136430165,0.314942849756896,0.055085040378903806,0.2218523273066282,hard,0.0692307692307692,0.0692307692307692,0.174904876936955,0.0272680854345568
gpqa-diamond,gpqa-diamond/gpqa-diamond-18,gpqa-diamond-18,0.3223655502772679,0.3098495866198485,0.12157426100827097,0.306941969423765,medium,0.5872160479000555,0.5777777777777778,0.3923654129557683,0.6743429598874278
featurebench-modal,featurebench-modal/featurebench-modal-huggingface__trl.02a34777.test_data_utils.827a9d15.lv1,featurebench-modal-huggingface__trl.02a34777.test_data_utils.827a9d15.lv1,0.3222393156253777,0.31320724185716287,0.08115392442237478,0.21547519547199362,hard,0.1038461563094808,0.108,0.2591061558512263,0.241113670509163
gaia,gaia/gaia-0a65cb96-cb6e-4a6a-8aae-c1084f613456,gaia-0a65cb96-cb6e-4a6a-8aae-c1084f613456,0.3200872762439197,0.3093380248854049,0.1105937517717352,0.28198064307869125,easy,0.8235335672505815,0.8175000000000001,0.3575174820900371,0.1672323966803338
swebench-verified,swebench-verified/swebench-verified-matplotlib__matplotlib-26208,swebench-verified-matplotlib__matplotlib-26208,0.3189532839148497,0.1825124493674246,0.017410578019821165,0.21840165857823512,frontier,0.035337311871099,0.03,0.0953939201416945,0.3694433574497917
mmau,mmau/mmau-520aea17-b159-4d22-ad68-978fcc152e27,mmau-520aea17-b159-4d22-ad68-978fcc152e27,0.3189442841826102,0.3003125350085811,0.10351801832253169,0.23227970566260128,medium,0.4624932376686994,0.4574999999999999,0.3447009573528916,0.2707804759986512
kumo,kumo/kumo-spiceenv-t4-a6-v1-s1,kumo-spiceenv-t4-a6-v1-s1,0.3187688646835877,0.30723616916128027,0.04827750636438188,0.25639136586718225,saturated,0.9615363398945262,0.9444444444444444,0.1571348402636772,0.3006153162963637
algotune,algotune/algotune-delaunay,algotune-delaunay,0.31874941838651155,0.301818603314391,0.045305015325910566,0.18384884750132213,hard,0.2884226809173316,0.2855279811666463,0.1501067688618198,0.1869214478271678
livecodebench,livecodebench/livecodebench-abc377_g,livecodebench-abc377_g,0.3185965623548921,0.29383180843914025,0.021449157938476644,0.2197226891810585,saturated,0.9826854456506648,0.973529411764706,0.0729980802705344,0.0419307289336067
gaia,gaia/gaia-2dfc4c37-fec1-4518-84a7-10095d30ad75,gaia-2dfc4c37-fec1-4518-84a7-10095d30ad75,0.3184378993209821,0.30767635416689254,0.024614108333351405,0.20889209041543913,frontier,0.0310252482407014,0.04,0.08,0.1493656300840475
algotune,algotune/algotune-graph-global-efficiency,algotune-graph-global-efficiency,0.3180663529747303,0.3011276680350897,0.08089845626776712,0.1973557085035281,hard,0.2965501229064861,0.2970626500134976,0.2686516878227882,0.3493595685340935
gpqa-diamond,gpqa-diamond/gpqa-diamond-154,gpqa-diamond-154,0.31778565523783164,0.30522994795103664,0.02765845046578886,0.23654899754186193,saturated,0.9717823115010892,0.96333335,0.0906151268951685,0.2365331085004199
aider-polyglot,aider-polyglot/polyglot_java_zebra-puzzle,polyglot_java_zebra-puzzle,0.31778303739584396,0.3098492661602111,0.14640318409313882,0.2915141920520421,medium,0.5038461538461539,0.5038461538461539,0.4724980823980373,0.0450899517525014
algotune,algotune/algotune-kd-tree,algotune-kd-tree,0.31745018512293627,0.30050441641526726,0.03709913594644688,0.22136572699784512,frontier,0.0429023286793955,0.0457134937334499,0.1234562086940498,0.2841899460912646
gpqa-diamond,gpqa-diamond/gpqa-diamond-86,gpqa-diamond-86,0.3165370667918974,0.3039706273997213,0.09470219990826964,0.2978705657683209,easy,0.8683933415340765,0.863157894736842,0.3115504965673419,-0.1553629433556338
aider-polyglot,aider-polyglot/polyglot_java_two-bucket,polyglot_java_two-bucket,0.3154142945190368,0.30746753627916673,0.14661094249392242,0.2887052090344795,medium,0.5057692307692307,0.5057692307692307,0.4768338936466004,0.049299766836768
aider-polyglot,aider-polyglot/polyglot_javascript_resistor-color-trio,polyglot_javascript_resistor-color-trio,0.31522304482595725,0.30727524238568504,0.07463315425181931,0.2715367155013277,hard,0.0846153846153846,0.0846153846153846,0.2428869754437991,0.5294342372529248
aider-polyglot,aider-polyglot/polyglot_java_house,polyglot_java_house,0.31514579002476273,0.3071975659670849,0.05845883134222801,0.21688180971889465,hard,0.0615384615384615,0.0615384615384615,0.1902971827208151,0.0074665954977382
swebench-multilingual,swebench-multilingual/swebench-multilingual-preactjs__preact-3567,swebench-multilingual-preactjs__preact-3567,0.3149837628057554,0.30982432002928845,0.1084159277109307,0.2340695948932485,hard,0.1269137881362415,0.1428571428571428,0.3499271061118826,0.3298167094746031
spider2,spider2/spider2-tickit002,spider2-tickit002,0.31467889088409556,0.23996612927385355,0.07479692882355392,0.27679261549833,hard,0.1256035054215097,0.2133333333333333,0.3116978594016256,0.1309930918715924
aider-polyglot,aider-polyglot/polyglot_rust_react,polyglot_rust_react,0.314343908311207,0.30639131426291294,0.04268448236355034,0.260920805557688,frontier,0.0461538461538461,0.0461538461538461,0.1393136175098064,0.4550262191543768
gaia,gaia/gaia-e142056d-56ab-4352-b091-b56054bd1359,gaia-e142056d-56ab-4352-b091-b56054bd1359,0.31406146791137357,-0.32473489333844063,0.0231907099902697,0.21269838068741895,frontier,0.0231131447026715,0.03,0.0714142842854285,-0.263649541422886
featurebench-modal,featurebench-modal/featurebench-modal-mwaskom__seaborn.7001ebe7.test_regression.ce8c62e2.lv1,featurebench-modal-mwaskom__seaborn.7001ebe7.test_regression.ce8c62e2.lv1,0.3137738539876387,0.30468867940688693,0.07508953443964596,0.2070991656183568,hard,0.1040795235678855,0.108,0.2464467488119898,0.3767014652902199
seal0,seal0/seal0-4,seal0-4,0.3136249566536346,0.2905118568391798,0.10870532614995355,0.2036011088977305,medium,0.3192307692307692,0.3192307692307692,0.3741855059985732,0.0914492090483685
algotune,algotune/algotune-wasserstein-dist,algotune-wasserstein-dist,0.3134273601307852,0.296435700739642,0.042266047569858925,0.21550959131791528,hard,0.2226164133892141,0.2169284401911875,0.1425808276951803,0.3534516720586035
mmmlu,mmmlu/mmmlu-hi-in-00062,mmmlu-hi-in-00062,0.3131543803360498,0.29898278773887216,0.04816459327951742,0.280289412977802,easy,0.9455961923924024,0.9411764705882352,0.1610948698544606,-0.2287516914098611
aider-polyglot,aider-polyglot/polyglot_java_protein-translation,polyglot_java_protein-translation,0.3123230872802522,0.30435953117097103,0.10097178322796693,0.2816234257333963,hard,0.1384615384615384,0.1384615384615384,0.3317516715822742,0.5363735883249556
algotune,algotune/algotune-rbf-interpolation,algotune-rbf-interpolation,0.31148142134815116,0.29446778608887564,0.03935771512946668,0.17876734964579788,hard,0.0551640205409106,0.0498092167426861,0.1336571162917896,0.4118856091229992
swebench-multilingual,swebench-multilingual/swebench-multilingual-google__gson-2061,swebench-multilingual-google__gson-2061,0.31135814246602855,0.3061858539542676,0.08779701026272732,0.2272312845821152,hard,0.1018886444116651,0.1333333333333333,0.2867441755680875,0.2857238721431942
kumo,kumo/kumo-leadershipenv-t4-a6-v1-s0,kumo-leadershipenv-t4-a6-v1-s0,0.3098825347647528,0.2982801138048844,0.04203184789236915,0.271715583529305,saturated,0.9573872576592256,0.9479166875,0.1409140131945359,0.1619819340355061
swebench-multilingual,swebench-multilingual/swebench-multilingual-babel__babel-15445,swebench-multilingual-babel__babel-15445,0.30853618850693404,0.30335400644789134,0.14092817084128847,0.2335681872575641,hard,0.2058514581450729,0.3466666666666667,0.4645667037382492,0.1772465532330524
reasoning-gym,reasoning-gym/reasoning-gym-cognition-figlet-font-hard0292e21f-seed45-2,reasoning-gym-cognition-figlet-font-hard0292e21f-seed45-2,0.30806772917971315,0.29131315721194995,0.1069348758914279,0.2014523926817267,hard,0.1381410466225632,0.1854166666666666,0.3670787715696122,0.4881039454955955
bfcl,bfcl/bfcl-live-irrelevance-192-32-5,bfcl-live-irrelevance-192-32-5,0.30806343483933324,0.28475954051614805,0.1142403127038322,0.20709523842968233,medium,0.6461538461538462,0.6461538461538462,0.4011816864740091,0.4026159344852953
aider-polyglot,aider-polyglot/polyglot_java_react,polyglot_java_react,0.30766592400885073,0.29967738150104106,0.14095872905857054,0.2831215120163615,medium,0.498076923076923,0.498076923076923,0.4703682618705772,0.0372204784812772
aider-polyglot,aider-polyglot/polyglot_java_dominoes,polyglot_java_dominoes,0.3071386918864689,0.2991473450095266,0.07823853638710694,0.2327096077137487,hard,0.1076923076923076,0.1076923076923076,0.2615384615384615,0.0143529034235713
reasoning-gym,reasoning-gym/reasoning-gym-algorithmic-binary-matrix-easy00cea0a5-seed45-0,reasoning-gym-algorithmic-binary-matrix-easy00cea0a5-seed45-0,0.3069443646366457,0.29017752740284686,0.12224334125707732,0.21605012121914285,medium,0.6519162287312683,0.6111110833333333,0.4212708763189979,0.0885966840267579
algotune,algotune/algotune-vectorized-newton,algotune-vectorized-newton,0.3065600727259832,0.28949150715617494,0.05108836858616803,0.19582338783878395,frontier,0.032642640938959,0.038510269672464,0.1764762258072285,0.2241985754102866
gpqa-diamond,gpqa-diamond/gpqa-diamond-97,gpqa-diamond-97,0.3054105791619706,0.29275045051049636,0.12207569684053833,0.323166167504772,medium,0.5283652025384128,0.5314814999999999,0.4169957608183472,0.7116482443843546
swtbench,swtbench/swtbench-django__django-12209,swtbench-django__django-12209,0.3053638834830456,-0.3532576536572872,0.05458665358763347,0.2855561287558143,frontier,0.0233665131453312,0.0428571428571428,0.1545236260913138,-0.1584544526804099
bfcl,bfcl/bfcl-multiple-190,bfcl-multiple-190,0.3053455116952695,0.28200114783117497,0.09652506858022156,0.23922853398509017,medium,0.676923076923077,0.676923076923077,0.3422860840197999,-0.0112709946842505
bfcl,bfcl/bfcl-live-multiple-717-165-4,bfcl-live-multiple-717-165-4,0.30487182197179635,0.28152044471257215,0.0982163370963747,0.20372806565563578,hard,0.2538461538461539,0.2538461538461539,0.3488781683214944,0.419851358726023
bfcl,bfcl/bfcl-irrelevance-53,bfcl-irrelevance-53,0.3040550774174128,0.2806916352653342,0.11788732315518144,0.17858004255177373,medium,0.6230769230769231,0.6230769230769231,0.4199887290682676,0.285191374653692
mmmlu,mmmlu/mmmlu-it-it-00088,mmmlu-it-it-00088,0.3039111833638699,0.2896530833044148,0.10543625025064451,0.18675537827440394,easy,0.82670060719417,0.763157842105263,0.364008727432861,0.6044324084444304
gpqa-diamond,gpqa-diamond/gpqa-diamond-43,gpqa-diamond-43,0.3038441920438036,0.2911711549079627,0.03176717891187443,0.18526886792636668,saturated,0.9684232046475768,0.9529411764705882,0.1091013940646553,0.2522924672338024
algotune,algotune/algotune-multi-dim-knapsack,algotune-multi-dim-knapsack,0.3037715738033746,0.2866722957656166,0.06143291621105144,0.22391864863598643,medium,0.3398046257677255,0.3439503811503915,0.2142966624904662,0.1679032754188744
aider-polyglot,aider-polyglot/polyglot_go_beer-song,polyglot_go_beer-song,0.3028546439875189,0.2948406933965154,0.020545487155072453,0.2596752315329382,frontier,0.025,0.025,0.0696833497384363,0.4522696151412628
featurebench-modal,featurebench-modal/featurebench-modal-python__mypy.8e2ce962.testconstraints.db380fe7.lv1,featurebench-modal-python__mypy.8e2ce962.testconstraints.db380fe7.lv1,0.3025597478945886,0.29340647570549067,0.031456243373540374,0.21486140784076252,frontier,0.0346153846153846,0.0346153846153846,0.1072104604982027,0.3937967491521548
gpqa-diamond,gpqa-diamond/gpqa-diamond-57,gpqa-diamond-57,0.30164212815346114,0.28895106125206027,0.049964309285537876,0.1980740382009485,easy,0.93012694107205,0.91,0.1729161646579058,0.2530341094485606
gpqa-diamond,gpqa-diamond/gpqa-diamond-22,gpqa-diamond-22,0.3010049065612882,0.2883086478706416,0.07665255053414681,0.1788596426778072,easy,0.8970070657695814,0.8527777777777777,0.2658697583311455,0.4381391360015941
aider-polyglot,aider-polyglot/polyglot_go_word-search,polyglot_go_word-search,0.300691941244802,0.29266670367595304,0.12156924614231897,0.2688647083787373,hard,0.2769230769230769,0.2769230769230769,0.4153846153846154,0.5108609779619008
bigcodebench,bigcodebench/bigcodebench_310,bigcodebench_310,0.300498688022503,0.23355833530149267,0.11191121023839135,0.1536479744676776,hard,0.2234396322863102,0.3571428571428571,0.4791574237499548,0.1628826051201403
seal0,seal0/seal0-99,seal0-99,0.2999973348365854,-0.322787123697339,0.0622232471907173,0.1801265421161712,hard,0.123076923076923,0.123076923076923,0.1927686782483333,-0.528493443372588
aime,aime/aime_ii-4,aime_ii-4,0.29951252690757574,0.2769880430731094,0.028247348733233275,0.23755648470078428,saturated,0.969222671383474,0.96,0.1019803902718557,0.189931242436168
featurebench-modal,featurebench-modal/featurebench-modal-mlflow__mlflow.93dab383.test_file_store_logged_model.a9596c54.lv1,featurebench-modal-mlflow__mlflow.93dab383.test_file_store_logged_model.a9596c54.lv1,0.29951087490801687,0.29033953056446243,0.08024560705752044,0.2134393594677529,hard,0.1511159121664108,0.0833333333333333,0.2763853991962833,0.540576758308116
lawbench,lawbench/lawbench-2-5-19-zero-shot,lawbench-2-5-19-zero-shot,0.2993744935503254,0.2931090791780601,0.06933388922866172,0.24541889065293773,medium,0.6863021333955417,0.6661552631578949,0.2365463718254263,0.5285636629782248
featurebench-modal,featurebench-modal/featurebench-modal-scikit-learn__scikit-learn.5741bac9.test_public_functions.28421aef.lv1,featurebench-modal-scikit-learn__scikit-learn.5741bac9.test_public_functions.28421aef.lv1,0.29934252319918325,0.2901701864584771,0.06185716994311593,0.2133909449105954,hard,0.1206669545515625,0.0615384615384615,0.2131754840084772,0.5403474426244168
featurebench-modal,featurebench-modal/featurebench-modal-sympy__sympy.c1097516.test_puiseux.cd575f09.lv1,featurebench-modal-sympy__sympy.c1097516.test_puiseux.cd575f09.lv1,0.29934252319918325,0.2901701864584771,0.015464292485778982,0.2133909449105954,frontier,0.0301667386378906,0.0153846153846153,0.0532938710021193,0.5403474426244168
reasoning-gym,reasoning-gym/reasoning-gym-algorithmic-string-synthesis-easy00cea0a5-seed45-2,reasoning-gym-algorithmic-string-synthesis-easy00cea0a5-seed45-2,0.2975430104503789,0.2806753871231533,0.11345415887864743,0.22113996939021333,easy,0.7984491843871837,0.6948717692307691,0.404218410604228,-0.1187380273871282
aider-polyglot,aider-polyglot/polyglot_python_dot-dsl,polyglot_python_dot-dsl,0.29753655402504514,0.28949499794129774,0.09941487280218249,0.25424069609109534,hard,0.1769230769230769,0.1769230769230769,0.3434079120853802,0.484687645139583
swebench-multilingual,swebench-multilingual/swebench-multilingual-redis__redis-13338,swebench-multilingual-redis__redis-13338,0.29660749601018793,0.2913845058604394,0.06236721206810468,0.21835178558050497,hard,0.0876580616656028,0.1011904285714285,0.2140375030715459,0.111697552953746
gpqa-diamond,gpqa-diamond/gpqa-diamond-127,gpqa-diamond-127,0.29645818660871953,0.28372521637449005,0.10227294167863069,0.25835222139272296,medium,0.6961426922641519,0.6648148333333332,0.3604647587743495,0.4901864361584445
gpqa-diamond,gpqa-diamond/gpqa-diamond-117,gpqa-diamond-117,0.29630568507502875,0.28357149362394374,0.05276719107702327,0.18381623301579367,easy,0.933870820752758,0.9105263157894736,0.1860807318911967,0.4017003923636494
swebench-multilingual,swebench-multilingual/swebench-multilingual-jqlang__jq-2650,swebench-multilingual-jqlang__jq-2650,0.2958809708373333,0.29065554816676664,0.10386320412178321,0.21711070692832402,hard,0.1099507352424347,0.2023809285714286,0.3573412060319269,0.2603659548436848
seal0,seal0/seal0-1,seal0-1,0.29538258299690895,0.2720011311179387,0.10513759755921072,0.18317717429838107,medium,0.4538461538461539,0.4538461538461539,0.3865336777354188,0.4240151124153659
gaia,gaia/gaia-0512426f-4d28-49f0-be77-06d05daec096,gaia-0512426f-4d28-49f0-be77-06d05daec096,0.2953141559761732,0.2843871897627688,0.07058304428112865,0.25793196619695774,hard,0.0925636325133001,0.12,0.2481934729198171,-0.2810640048566923
gpqa-diamond,gpqa-diamond/gpqa-diamond-118,gpqa-diamond-118,0.2950859152155793,0.282341979616972,0.09893167507432146,0.17885010731200723,medium,0.4811422367287442,0.4833333684210526,0.3503966190523038,0.1233874970505822
gpqa-diamond,gpqa-diamond/gpqa-diamond-180,gpqa-diamond-180,0.2945715476506174,0.2818235156203009,0.10723193546325505,0.21493474052444891,easy,0.8290126823901829,0.7411764705882353,0.3804932147952053,0.2915950684657321
featurebench-modal,featurebench-modal/featurebench-modal-mlflow__mlflow.93dab383.test_git_versioning.b91d0418.lv1,featurebench-modal-mlflow__mlflow.93dab383.test_git_versioning.b91d0418.lv1,0.29442060585088525,0.28521951009532054,0.029662829049913336,0.2578403255442547,frontier,0.0269231010443748,0.0279999999999999,0.104,0.0691433212999509
livecodebench,livecodebench/livecodebench-arc184_d,livecodebench-arc184_d,0.29229116955164514,0.2671109536893836,0.12145024090800677,0.31487669252451705,medium,0.4052809485030613,0.4428571428571429,0.4546808703668443,0.506676169234702
bfcl,bfcl/bfcl-simple-python-367,bfcl-simple-python-367,0.29150865762933326,0.26796428985516657,0.09996598007701027,0.194516556675428,medium,0.6923076923076923,0.6923076923076923,0.3730570970148351,-0.110010738640107
gpqa-diamond,gpqa-diamond/gpqa-diamond-153,gpqa-diamond-153,0.2914257784657634,0.27865285610960017,0.017103277887750797,0.17943508971439678,saturated,0.984615308683382,0.9789473684210528,0.0613784409983715,0.309568964894369
gpqa-diamond,gpqa-diamond/gpqa-diamond-181,gpqa-diamond-181,0.2911810871589247,0.27840624044450335,0.01708814100270138,0.19521440294583112,saturated,0.9838714785480228,0.9789473684210528,0.0613784409983715,0.1206416315741745
gpqa-diamond,gpqa-diamond/gpqa-diamond-73,gpqa-diamond-73,0.2911810871589247,0.27840624044450324,0.01708814100270137,0.19521440294583112,saturated,0.9838714785480228,0.9789473684210528,0.0613784409983715,0.1206416315741745
bfcl,bfcl/bfcl-live-multiple-563-155-3,bfcl-live-multiple-563-155-3,0.2903642640598634,0.266803805365272,0.0935109225899191,0.1640446190588623,hard,0.1846153846153846,0.1846153846153846,0.3504857153813698,0.0286914977864034
bigcodebench,bigcodebench/bigcodebench_417,bigcodebench_417,0.2895796490733282,0.22224681153481324,0.08018691903026118,0.18758340329316858,hard,0.1040163760726256,0.1538461538461538,0.3608012122941099,0.2477973001991606
seal0,seal0/seal0-67,seal0-67,0.28941528268869665,0.26594983076688644,0.033073240557424895,0.1938145952831012,hard,0.0551281923076922,0.0551281923076922,0.1243589456780465,0.0617374976864436
gpqa-diamond,gpqa-diamond/gpqa-diamond-151,gpqa-diamond-151,0.28932188024770966,0.2765324671655412,0.06229529719218531,0.20855363028914714,saturated,0.9535725663830664,0.936842105263158,0.2252729953582389,0.1502168171846276
gpqa-diamond,gpqa-diamond/gpqa-diamond-173,gpqa-diamond-173,0.2893020435441605,0.27651247557331193,0.03377699741043432,0.18436542709616363,saturated,0.9563656057800898,0.940350894736842,0.122153611117915,0.3626353776302998
mmau,mmau/mmau-9593f394-dcac-4d88-a37d-0468f8b0152c,mmau-9593f394-dcac-4d88-a37d-0468f8b0152c,0.2885445644582567,0.26954777118008294,0.10080825379212065,0.18069856377437132,medium,0.5401112097052959,0.5275000000000001,0.3739903073610331,0.1158382282368492
algotune,algotune/algotune-rotate-2d,algotune-rotate-2d,0.2884207299108398,0.27115770747245876,0.041098728647434864,0.2248393586088,hard,0.0625135367176413,0.0591519976896863,0.151567621036954,0.3741994131795888
reasoning-gym,reasoning-gym/reasoning-gym-algebra-polynomial-multiplication-hard0292e21f-seed45-1,reasoning-gym-algebra-polynomial-multiplication-hard0292e21f-seed45-1,0.28829993259172493,0.27133645941723833,0.10159402752007125,0.23408581683307825,easy,0.8466533533732373,0.7708333333333334,0.3744208490752381,0.286643313644657
bfcl,bfcl/bfcl-simple-java-39,bfcl-simple-java-39,0.2876765710920992,0.2640785922168818,0.022345111649120765,0.2442703183553808,saturated,0.9769230769230768,0.9769230769230768,0.0846153846153846,-0.1334740798836048
kumo,kumo/kumo-medicalenv-t12-a16-v1-s1,kumo-medicalenv-t12-a16-v1-s1,0.28740850063842566,0.275638888352486,0.101608067287194,0.19916161974713759,easy,0.8513087678939179,0.7754901764705883,0.3686274744993819,0.4247354940084226
bigcodebench,bigcodebench/bigcodebench_1022,bigcodebench_1022,0.2873227249629416,0.2199110630408104,0.07579993558179442,0.1891168146904785,medium,0.3173181302001476,0.3215277916666667,0.3446845035155312,0.2984325663241741
algotune,algotune/algotune-max-weighted-independent-set,algotune-max-weighted-independent-set,0.2870863729907754,0.2698095431187399,0.0580569650799503,0.19379992036487953,hard,0.2961384482984751,0.2946711392522491,0.2151775819671439,0.209194219528311
simpleqa,simpleqa/simpleqa-1339,simpleqa-1339,0.28704881355863804,0.28082373949530504,0.08021930546565931,0.22217935062997618,hard,0.2677455241184066,0.2799999999999999,0.285657137141714,-0.0192253593734866
featurebench-modal,featurebench-modal/featurebench-modal-sphinx-doc__sphinx.e347e59c.test_build_html.d253ea54.lv1,featurebench-modal-sphinx-doc__sphinx.e347e59c.test_build_html.d253ea54.lv1,0.2870215428510698,0.27777814034177034,0.07106316529016521,0.21120416302627365,hard,0.1057692307692307,0.1057692307692307,0.2558270611313443,0.1547161166560059
featurebench-modal,featurebench-modal/featurebench-modal-mlflow__mlflow.93dab383.test_judge_tool_search_traces.cad8fc4b.lv1,featurebench-modal-mlflow__mlflow.93dab383.test_judge_tool_search_traces.cad8fc4b.lv1,0.2855687527868774,0.2763171740847502,0.014992594037179553,0.1988985291593882,frontier,0.0154556303570992,0.016,0.0542586398650021,0.2705399095170767
reasoning-gym,reasoning-gym/reasoning-gym-algorithmic-sentence-reordering-easy00cea0a5-seed45-2,reasoning-gym-algorithmic-sentence-reordering-easy00cea0a5-seed45-2,0.285526557118018,0.2685349503858837,0.04450590563034014,0.26008374705200105,hard,0.1169421894581945,0.1315359166666666,0.1657359891752836,0.5814378921634686
gpqa-diamond,gpqa-diamond/gpqa-diamond-13,gpqa-diamond-13,0.2850180331009743,0.27219527511050245,0.06891419042460137,0.16045926547062034,easy,0.9188750644501786,0.8894736842105262,0.2531792309643304,0.3330049189042271
aider-polyglot,aider-polyglot/polyglot_java_bowling,polyglot_java_bowling,0.28477695567750094,0.2766712167611915,0.043459893250533496,0.2000484430104451,frontier,0.0384615384615384,0.0384615384615384,0.1570813681281702,0.0744006505274974
swebench-multilingual,swebench-multilingual/swebench-multilingual-rubocop__rubocop-13424,swebench-multilingual-rubocop__rubocop-13424,0.2843717140929581,0.27910856705451925,0.12017964651459676,0.21122045012310153,hard,0.2057009352790612,0.3022222,0.4305838684311028,0.4230628673268867
mmau,mmau/mmau-e6e02fec-0241-40d6-a0f5-7d79d60b9649,mmau-e6e02fec-0241-40d6-a0f5-7d79d60b9649,0.2843505306783861,0.26530643492710687,0.09109712822245775,0.2525171098047864,medium,0.6075825317807323,0.59,0.3433656942677879,0.5614963852907161
mmau,mmau/mmau-70c271b0-0a05-4e68-929a-4d0c1c393044,mmau-70c271b0-0a05-4e68-929a-4d0c1c393044,0.2843157991437911,0.265271314766733,0.07479358518330352,0.21094590105621003,hard,0.1131349091216224,0.12916665,0.2819512741099559,0.3314499387887614
aider-polyglot,aider-polyglot/polyglot_go_hexadecimal,polyglot_go_hexadecimal,0.28407517780758357,0.27596599279482575,0.049158188171870947,0.23266105827280212,hard,0.05,0.05,0.1781313257986063,0.4649577913461389
gpqa-diamond,gpqa-diamond/gpqa-diamond-17,gpqa-diamond-17,0.28384434670317443,0.2710125861078209,0.08584402699841419,0.262136110979078,hard,0.142766059556546,0.1421052631578947,0.3167529162806542,0.5854172427995872
aider-polyglot,aider-polyglot/polyglot_go_trinary,polyglot_go_trinary,0.28365591861711553,0.2755446789988085,0.03749910006729719,0.2328487008621132,frontier,0.0384615384615384,0.0384615384615384,0.1360908154842625,0.4652369525197931
swebench-multilingual,swebench-multilingual/swebench-multilingual-prometheus__prometheus-14861,swebench-multilingual-prometheus__prometheus-14861,0.2835631027454962,0.27829736260303006,0.11854931416709674,0.2148798215889729,hard,0.1703559676105938,0.3205128461538462,0.4259807317548973,0.1961341693663509
replicationbench,replicationbench/replicationbench-ls_cal__hot_temp,replicationbench-ls_cal__hot_temp,0.28340223576411855,0.266644335845141,0.0931348625610848,0.19718922094628846,easy,0.7136739752757479,0.7,0.3492849839314596,0.5514945425650305
mmmlu,mmmlu/mmmlu-de-de-00028,mmmlu-de-de-00028,0.28294458485655943,0.2685003419172463,0.10873834106385176,0.21143421469834045,medium,0.6703356527662259,0.627192947368421,0.4049839947591787,0.5523040366817028
gpqa-diamond,gpqa-diamond/gpqa-diamond-99,gpqa-diamond-99,0.28272328274843606,0.26988295949589675,0.08922784484379957,0.21569344317409458,easy,0.8723923492824819,0.8263157894736842,0.3306168163060928,0.3820469508815489
seal0,seal0/seal0-13,seal0-13,0.2824997697924748,0.2589392991061385,0.09654964654836856,0.2099755546194402,medium,0.4378205,0.4378205,0.3728659453457203,0.0749498868537509
mmmlu,mmmlu/mmmlu-pt-br-00115,mmmlu-pt-br-00115,0.28224588713578225,-0.29650651365753417,0.10924425844697433,0.20802434467078096,hard,0.2222001347706538,0.2875,0.3684379715622428,-0.0675656783275782
kumo,kumo/kumo-wildlifeenv-t4-a6-v1-s0,kumo-wildlifeenv-t4-a6-v1-s0,0.2820055854670627,0.27019773284573784,0.10031947953935379,0.16466503662010593,hard,0.2738583810683919,0.2675438421052631,0.3712817220292093,0.6483484284115288
mmmlu,mmmlu/mmmlu-id-id-00071,mmmlu-id-id-00071,0.28178780971576806,0.26733370399615136,0.09071559278597612,0.1698278233132184,hard,0.1295755863028267,0.1960784117647059,0.3393346646155851,0.1493299132778648
usaco,usaco/usaco-818,usaco-818,0.2815537126325611,0.26845533049166453,0.06603052462957724,0.21131374164548009,hard,0.077434752184018,0.1052631578947368,0.2459646620115352,0.1469079013299798
aime,aime/aime_i-14,aime_i-14,0.2811129397876037,0.258339693951156,0.10095586077230398,0.20831262339800308,hard,0.2806037333523379,0.3289473684210526,0.3907872585441383,0.4412045606469655
mmmlu,mmmlu/mmmlu-bn-bd-00011,mmmlu-bn-bd-00011,0.28095471217911766,0.26649352974625934,0.08375083645596396,0.15558187764512638,hard,0.081394150958334,0.1111111111111111,0.3142696805273545,0.218636157558999
bfcl,bfcl/bfcl-parallel-5,bfcl-parallel-5,0.2806597935966358,0.2569656484198478,0.06089264289368875,0.22812080328946224,easy,0.8999999999999999,0.8999999999999999,0.2369680277038363,-0.0906966180969873
swtbench,swtbench/swtbench-pydata__xarray-7393,swtbench-pydata__xarray-7393,0.2804958701607322,-0.3292546721567282,0.08981691459035823,0.280954789079221,hard,0.0642338702113932,0.1388889166666666,0.2727885803473263,-0.2992431585774488
swebench-multilingual,swebench-multilingual/swebench-multilingual-prometheus__prometheus-9248,swebench-multilingual-prometheus__prometheus-9248,0.2803980644157441,0.275122246796673,0.0939223978117291,0.21585262862298948,hard,0.1209124293126849,0.1777777333333333,0.3413842352092368,0.3323360407319692
algotune,algotune/algotune-articulation-points,algotune-articulation-points,0.27974289480751474,0.26239129549911255,0.05888173038620843,0.1837561339154422,medium,0.4516720437503704,0.4516720437503704,0.2244042824446803,0.3143707884030121
labbench,labbench/labbench-figqa-0066,labbench-figqa-0066,0.2794580227978931,0.27192478154238847,0.019622158166660957,0.22841702480592357,frontier,0.016415887007525,0.0307692307692307,0.072160242458822,0.038290509962206
labbench,labbench/labbench-figqa-0050,labbench-figqa-0050,0.2794580227978931,0.27192478154238847,0.019622158166660957,0.22841702480592357,frontier,0.016415887007525,0.0307692307692307,0.072160242458822,0.038290509962206
kumo,kumo/kumo-pollutionenv-t4-a6-v1-s0,kumo-pollutionenv-t4-a6-v1-s0,0.27605918625099607,0.26421012146589196,0.07317297043573139,0.1997769800286972,easy,0.8958428468171397,0.8431372941176472,0.2769499140674579,0.1988830853579
swtbench,swtbench/swtbench-sympy__sympy-13372,swtbench-sympy__sympy-13372,0.27397221005668004,0.2227699659379977,0.0722597299177605,0.2127198675618524,medium,0.5249880859956284,0.4952380952380951,0.3243692641128838,0.596213646417546
aider-polyglot,aider-polyglot/polyglot_java_pov,polyglot_java_pov,0.2737273086334807,0.2655683260471045,0.09232527309466865,0.23248821539105716,hard,0.2480769230769231,0.2480769230769231,0.3476516739360427,0.095041300914712
mmau,mmau/mmau-2573bb7c-5319-4e62-aca6-f90a7e5e7cd5,mmau-2573bb7c-5319-4e62-aca6-f90a7e5e7cd5,0.273695712138034,0.2545347780316452,0.04401317758928346,0.20211847248472478,hard,0.0966444041515474,0.11,0.1729161646579058,0.4765059528818201
gpqa-diamond,gpqa-diamond/gpqa-diamond-15,gpqa-diamond-15,0.27264997940135555,0.2597343078876594,0.08049585715163886,0.19599903089485002,medium,0.5172508915216388,0.5122806842105263,0.309916151648534,0.546035323448128
reasoning-gym,reasoning-gym/reasoning-gym-cognition-color-cube-rotation-hard0292e21f-seed45-2,reasoning-gym-cognition-color-cube-rotation-hard0292e21f-seed45-2,0.2720958031062171,0.2549720383919319,0.11547606677964019,0.21373777871462424,medium,0.3605510225580606,0.4313889166666667,0.4528969823825757,0.2492295604003553
gaia,gaia/gaia-0b260a57-3f3a-4405-9f29-6d7a1012dbfb,gaia-0b260a57-3f3a-4405-9f29-6d7a1012dbfb,0.27207589445293,0.26099571781420744,0.05542703572041931,0.20082592636289703,hard,0.0539798097815062,0.0699999999999999,0.212367605815953,0.0010669239518645
seal0,seal0/seal0-47,seal0-47,0.271602499440418,0.2478973706125848,0.09270200856241763,0.2062044380855933,medium,0.3788461538461538,0.3788461538461538,0.3739531739821992,0.1145905669769949
aider-polyglot,aider-polyglot/polyglot_go_simple-linked-list,polyglot_go_simple-linked-list,0.2713798958516415,0.2632098814181117,0.10460034672281454,0.1886683847238653,medium,0.4230769230769231,0.4230769230769231,0.3974028108642919,0.2429291142256471
seal0,seal0/seal0-103,seal0-103,0.27122674386623497,0.24751673754580486,0.099092604098966,0.19479860366668808,hard,0.2833333461538462,0.2833333461538462,0.4003470839244888,0.3939049130340792
gpqa-diamond,gpqa-diamond/gpqa-diamond-126,gpqa-diamond-126,0.2711850198225485,0.25825862889679524,0.09791046947989865,0.3245809836876286,medium,0.5415035372858495,0.5298245789473683,0.3791179016869381,0.6043785710349645
swebench-multilingual,swebench-multilingual/swebench-multilingual-projectlombok__lombok-3674,swebench-multilingual-projectlombok__lombok-3674,0.270887438772459,0.2655820328653731,0.0707858685921422,0.2025761877548344,hard,0.0723532770468539,0.1130952142857143,0.2665310895787309,0.1135237703879327
bigcodebench,bigcodebench/bigcodebench_124,bigcodebench_124,0.27082750076905193,0.20286358660761222,0.056068533366934695,0.15352260061466066,frontier,0.0384656577876865,0.0833333333333333,0.2763853991962833,0.0883826256469736
bigcodebench,bigcodebench/bigcodebench_443,bigcodebench_443,0.2708077886925146,0.20284323963182344,0.05059799372837125,0.15352579461722457,frontier,0.0384632696580139,0.0666666666666666,0.2494438257849294,0.0883671913596008
swtbench,swtbench/swtbench-django__django-12050,swtbench-django__django-12050,0.2707679177907619,0.21948275075911683,0.0678305410235896,0.18661751900316298,easy,0.7177457628671159,0.6857142857142857,0.3090472521826277,-0.3977457917845903
swebench-multilingual,swebench-multilingual/swebench-multilingual-phpoffice__phpspreadsheet-3469,swebench-multilingual-phpoffice__phpspreadsheet-3469,0.27069824739949505,0.26539226345952904,0.07036387940458047,0.20395841305678744,hard,0.0695885798573219,0.0952380714285714,0.2651316149436685,0.4300549279333323
bigcodebench,bigcodebench/bigcodebench_509,bigcodebench_509,0.2706590877278218,0.20268975113431645,0.09812675382376669,0.16714369604702214,easy,0.7691264749133363,0.625,0.4841229182759271,0.3981884554067892
reasoning-gym,reasoning-gym/reasoning-gym-logic-aiw-easy00cea0a5-seed45-0,reasoning-gym-logic-aiw-easy00cea0a5-seed45-0,0.27035879841683075,0.25321843602201066,0.09418379487385198,0.20360808872982408,medium,0.6481576785021824,0.6433333500000001,0.3719468311764835,-0.1416026815999817
bigcodebench,bigcodebench/bigcodebench_458,bigcodebench_458,0.26994173759858314,0.2019493531248596,0.09519983803388327,0.18035368451213343,easy,0.8292879101438826,0.6666666666666666,0.4714045207910317,0.0454819210473148
gaia,gaia/gaia-14569e28-c88c-43e4-8c32-097d35b9a67d,gaia-14569e28-c88c-43e4-8c32-097d35b9a67d,0.26991100654751116,0.25881722128495954,0.0755019120835037,0.21612705339998237,hard,0.2475903641586205,0.2700000000000001,0.2917190429162964,-0.2131435162437725
bfcl,bfcl/bfcl-simple-python-296,bfcl-simple-python-296,0.26932145323389167,0.24547737374670237,0.02476465826847855,0.1659385895809107,saturated,0.953846153846154,0.953846153846154,0.1008836696046461,-0.071792266499426
replicationbench,replicationbench/replicationbench-galaxy_manifold__transformation_matrix,replicationbench-galaxy_manifold__transformation_matrix,0.2691589953628495,0.25226427593306133,0.036683168754362935,0.18981676091314625,hard,0.1589338570345302,0.1401960588235294,0.1454156305671155,0.4596831928705158
algotune,algotune/algotune-max-independent-set-cpsat,algotune-max-independent-set-cpsat,0.26882813635146946,0.25136921311676835,0.06881345291740897,0.19192490742322604,medium,0.3490628395056098,0.3490628395056098,0.2737544986682323,0.2754260125255418
bfcl,bfcl/bfcl-live-multiple-733-167-4,bfcl-live-multiple-733-167-4,0.26851649176122,0.24466202399045894,0.08996349396743379,0.19194180993141535,hard,0.2692307692307692,0.2692307692307692,0.3677051816220652,0.2657404106555213
simpleqa,simpleqa/simpleqa-69,simpleqa-69,0.26702052566832496,0.2607214530790584,0.10228126197462273,0.22423479821098566,medium,0.6061037554559915,0.5900000000000001,0.3923009049186606,0.2727166989696525
seal0,seal0/seal0-6,seal0-6,0.26696023852264494,0.2431953674828466,0.04732854326539234,0.16504149910897442,hard,0.1173076923076923,0.1173076923076923,0.1946112039684744,0.2792292258184812
mmmlu,mmmlu/mmmlu-en-us-00031,mmmlu-en-us-00031,0.26587999719618083,0.25129457474998335,0.06924629612393778,0.14856608882977598,hard,0.0750082450395277,0.1127451176470588,0.2755582614261845,0.2209484976101116
featurebench-modal,featurebench-modal/featurebench-modal-huggingface__transformers.e2e8dbed.test_modeling_speech_to_text.e53c8eb4.lv2,featurebench-modal-huggingface__transformers.e2e8dbed.test_modeling_speech_to_text.e53c8eb4.lv2,0.26545189904779654,0.25609151052180645,0.06828317664979866,0.19920319084310767,hard,0.1576923076923077,0.1576923076923077,0.2666358463451848,0.4770039015344223
swebench-multilingual,swebench-multilingual/swebench-multilingual-rubocop__rubocop-13393,swebench-multilingual-rubocop__rubocop-13393,0.26535536989924674,0.2600332319626346,0.08107961974348261,0.1975914036410081,hard,0.1113473034042312,0.1666666875,0.3118048379106149,0.3022134239868598
algotune,algotune/algotune-qr-factorization,algotune-qr-factorization,0.2645824101785537,0.24708296803725577,0.054802632525756775,0.17645352807510664,hard,0.0898319409211585,0.1170198247662944,0.2217985033978283,0.1287965192161161
aime,aime/aime_69,aime_69,0.2645481214386365,0.24156552121685998,0.05930766036499967,0.17381310026307273,easy,0.9096840210602052,0.8842105263157896,0.2455137639934863,0.238893933626144
gaia,gaia/gaia-1f975693-876d-457b-a649-393859e79bf3,gaia-1f975693-876d-457b-a649-393859e79bf3,0.26443247215576454,0.25330475419064985,0.03323870930061611,0.17975284783454556,hard,0.0551813496948753,0.0625,0.1312202347201071,0.1173381645397675
featurebench-modal,featurebench-modal/featurebench-modal-huggingface__transformers.e2e8dbed.test_modeling_swin2sr.f5cba486.lv2,featurebench-modal-huggingface__transformers.e2e8dbed.test_modeling_swin2sr.f5cba486.lv2,0.2643813403016238,0.25501539149886726,0.04157833401019346,0.18956937882574543,hard,0.073076923076923,0.073076923076923,0.1630424491863588,0.0903195067191548
ineqmath,ineqmath/ineqmath-76,ineqmath-76,0.2639431954210067,0.20003002137339185,0.030566001057914557,0.3030226077077884,easy,0.9051810330561024,0.905,0.1528070678993612,0.2533450025446185
mmau,mmau/mmau-7bdc9998-3ded-4bd4-bbb9-f90258921e47,mmau-7bdc9998-3ded-4bd4-bbb9-f90258921e47,0.2637335531642915,0.24446769871753402,0.07665484989672883,0.1933790008860416,hard,0.149686711676269,0.1908333,0.3135581931635817,0.1615702379704434
simpleqa,simpleqa/simpleqa-1439,simpleqa-1439,0.2616885509450197,0.2553707004875487,0.0956873708036603,0.21472485860236654,medium,0.4683567906124193,0.4599999999999999,0.3746998799039039,0.2966917012591927
aider-polyglot,aider-polyglot/polyglot_go_matrix,polyglot_go_matrix,0.26070327940714016,0.25248432422827294,0.04898009522771498,0.16162923183000988,hard,0.0923076923076923,0.0923076923076923,0.1939926186602845,0.1878295972638125
gpqa-diamond,gpqa-diamond/gpqa-diamond-29,gpqa-diamond-29,0.26037965659785167,0.24737607030981715,0.10854746254392875,0.2080400548412112,medium,0.6000696678149671,0.5450980588235295,0.4387953224739258,0.3333120748048341
swebench-multilingual,swebench-multilingual/swebench-multilingual-vuejs__core-11739,swebench-multilingual-vuejs__core-11739,0.26022222964192016,0.2548848810984812,0.08991255702138562,0.20551853037378623,hard,0.1243092239818063,0.2141025384615384,0.352757514034917,0.416301788678648
seal0,seal0/seal0-42,seal0-42,0.25971396274295155,0.2358580839547811,0.03765235830963156,0.20363264514833676,hard,0.0525641153846153,0.0525641153846153,0.1596398888615168,0.0607406166099879
crustbench,crustbench/crustbench-c-aces,crustbench-c-aces,0.25879618803116633,0.24489631465067557,0.04197311365390412,0.17881559199025548,easy,0.9304141555683708,0.925,0.171391365010026,0.3636478724603241
bfcl,bfcl/bfcl-simple-python-12,bfcl-simple-python-12,0.25824457015517105,0.2342605201631924,0.0213215988817825,0.2167818071283974,saturated,0.9692307692307692,0.9692307692307692,0.0910166120476864,0.2765970803231691
bfcl,bfcl/bfcl-live-irrelevance-698-227-1,bfcl-live-irrelevance-698-227-1,0.2579006279333152,0.2339123346380388,0.060965019254957425,0.16737986385668788,hard,0.123076923076923,0.123076923076923,0.2606319130168833,0.2450722449832783
mmau,mmau/mmau-a063e4d1-15cf-4ced-a9d5-8130d629c604,mmau-a063e4d1-15cf-4ced-a9d5-8130d629c604,0.25644320488468675,0.23710321400364004,0.07097271936836498,0.20784703614511535,easy,0.7436469464535048,0.72,0.2993325909419153,0.2218521723139659
mmmlu,mmmlu/mmmlu-sw-ke-00135,mmmlu-sw-ke-00135,0.2564009876706899,0.24174113996699034,0.09957790803488319,0.15788832258175314,medium,0.6299135058003694,0.5885416875,0.4119195766532768,0.4816272777526965
kumo,kumo/kumo-algorithmenv-t4-a6-v1-s1,kumo-algorithmenv-t4-a6-v1-s1,0.25499050179046817,0.24300279143696257,0.07944184581540081,0.19726801476478387,easy,0.8642313739562655,0.825,0.3269174207655505,0.3768901739353431
gaia,gaia/gaia-e1fc63a2-da7a-432f-be78-7c4a95598703,gaia-e1fc63a2-da7a-432f-be78-7c4a95598703,0.25488760056061405,0.24370249523676923,0.056157431550986375,0.17387458170159417,hard,0.2273311991365559,0.23,0.2304343724360582,0.3277996975120413
swebench-multilingual,swebench-multilingual/swebench-multilingual-fluent__fluentd-4030,swebench-multilingual-fluent__fluentd-4030,0.2544413831243338,0.24908726746911297,0.10873324166566667,0.1998649859029909,hard,0.2562630851878931,0.3666666666666666,0.4365266951236264,0.2269987114084716
reasoning-gym,reasoning-gym/reasoning-gym-algorithmic-spell-backward-hard0292e21f-seed45-2,reasoning-gym-algorithmic-spell-backward-hard0292e21f-seed45-2,0.2540103142296547,0.2367192794878525,0.06241317469733155,0.18033562559947355,easy,0.8852383185313146,0.853801157894737,0.2636590261357835,0.0989386126672936
mmau,mmau/mmau-e3254a02-d2eb-45b1-a810-eaf6998498bc,mmau-e3254a02-d2eb-45b1-a810-eaf6998498bc,0.2539402336532248,0.23457530485715636,0.05445987899060942,0.21632900692171123,medium,0.3072111727772592,0.29,0.232163735324878,0.1368258490310872
labbench,labbench/labbench-figqa-0004,labbench-figqa-0004,0.2538378000423342,0.24619531331014682,0.06733020951792336,0.23724528137095938,hard,0.2164905338537529,0.2461538461538461,0.273482905148172,0.1131551400041694
reasoning-gym,reasoning-gym/reasoning-gym-arithmetic-leg-counting-easy00cea0a5-seed45-0,reasoning-gym-arithmetic-leg-counting-easy00cea0a5-seed45-0,0.25249661602123646,0.23519213721724402,0.07586295008141371,0.2033730570464632,easy,0.9204493211343862,0.82777775,0.3225573396245813,0.3140958814443863
algotune,algotune/algotune-sparse-lowest-eigenvectors-posdef,algotune-sparse-lowest-eigenvectors-posdef,0.2523077328968168,-0.2696732226823726,0.021433291699086844,0.18024060697069297,frontier,0.0348599974663682,0.0411926154802827,0.079478753900351,-0.0956635164782922
gaia,gaia/gaia-708b99c5-e4a7-49cb-a5cf-933c8d46470d,gaia-708b99c5-e4a7-49cb-a5cf-933c8d46470d,0.2522736165190117,0.24107317853856727,0.0812594535672964,0.22413563848491805,medium,0.3093713670909477,0.3025000000000001,0.3370738049745189,0.2669456801764124
featurebench-modal,featurebench-modal/featurebench-modal-sympy__sympy.c1097516.test_inverse.c240ffe7.lv1,featurebench-modal-sympy__sympy.c1097516.test_inverse.c240ffe7.lv1,0.25190187756850685,0.2424728285165468,0.04507507257244036,0.19325161364334345,hard,0.0628205,0.0628205,0.1858974172413894,0.3955779706905099
algotune,algotune/algotune-sparse-lowest-eigenvalues-posdef,algotune-sparse-lowest-eigenvalues-posdef,0.25066802479220823,-0.26804960174884357,0.03067864878864338,0.19813695269157613,hard,0.0602631170109441,0.0710868230329545,0.1144513873122206,-0.081931035348045
mmmlu,mmmlu/mmmlu-sw-ke-00131,mmmlu-sw-ke-00131,0.24985701339589272,0.23514744947518143,0.0757620955396254,0.16067700041274788,hard,0.0782070580515334,0.1176470588235294,0.3221897397089212,0.187408895581006
swebench-multilingual,swebench-multilingual/swebench-multilingual-babel__babel-15649,swebench-multilingual-babel__babel-15649,0.24918829848426244,0.2438192797142408,0.07150561513997562,0.20740164255873716,hard,0.1178042446609598,0.1380952142857143,0.2932730144383212,0.4376347436611612
gpqa-diamond,gpqa-diamond/gpqa-diamond-76,gpqa-diamond-76,0.2481313726562969,-0.26108402597498737,0.023928746235483925,0.2024956909469735,frontier,0.04616001042361,0.06,0.0916515138991168,-0.2475911340669624
swebench-multilingual,swebench-multilingual/swebench-multilingual-laravel__framework-48573,swebench-multilingual-laravel__framework-48573,0.24795722482014818,0.24258475935673493,0.08706952353981172,0.190715883376945,hard,0.1019246966212471,0.1785714285714285,0.3589241293257461,0.3550739297136436
featurebench-modal,featurebench-modal/featurebench-modal-mlflow__mlflow.93dab383.test_security.98fcde1d.lv1,featurebench-modal-mlflow__mlflow.93dab383.test_security.98fcde1d.lv1,0.24781454942766495,0.23836552035986372,0.0774508229394094,0.17985492756890545,hard,0.1618452735116479,0.168,0.3249246066397557,0.3456528683461008
labbench,labbench/labbench-figqa-0176,labbench-figqa-0176,0.2474922793689412,-0.2551139338993633,0.07215711705416658,0.22840052743985695,hard,0.1041443672978985,0.2,0.282842712474619,-0.3683383200672426
bigcodebench,bigcodebench/bigcodebench_526,bigcodebench_526,0.24725048601755437,0.17856973915749677,0.08241680268807543,0.1814782897963347,easy,0.8460482601015246,0.6923076923076923,0.4615384615384615,0.1118068653421194
bfcl,bfcl/bfcl-live-multiple-196-88-0,bfcl-live-multiple-196-88-0,0.2462871398986123,0.22215920056084984,0.08088071108108409,0.19319446738074067,hard,0.2769230769230769,0.2769230769230769,0.3640664481907456,0.3854304037945755
aider-polyglot,aider-polyglot/polyglot_go_ledger,polyglot_go_ledger,0.24611727297987476,0.23783472777141168,0.08198620885236005,0.21211477834579168,medium,0.5538461538461539,0.5538461538461539,0.3447192494577951,0.3246997713227754
labbench,labbench/labbench-figqa-0171,labbench-figqa-0171,0.24529356540385505,0.23761704530383843,0.03014523619184316,0.21174311648946753,frontier,0.0498544514747748,0.0923076923076923,0.1268647884805434,-0.0124889712726497
aider-polyglot,aider-polyglot/polyglot_python_go-counting,polyglot_python_go-counting,0.24487448918685428,0.23658670043056157,0.04165936238352047,0.19235606502427008,hard,0.0769230769230769,0.0769230769230769,0.1760849714193784,0.2755527781067381
swebench-multilingual,swebench-multilingual/swebench-multilingual-caddyserver__caddy-6411,swebench-multilingual-caddyserver__caddy-6411,0.24173283330626463,0.2363432078741601,0.09615796312358801,0.2029226956524542,hard,0.1722932176798995,0.2380952142857142,0.4068573156322178,0.1020792189362035
seal0,seal0/seal0-52,seal0-52,0.24159458665750222,0.21752311144164133,0.023429300493395783,0.17619117205502333,hard,0.0557692307692307,0.0557692307692307,0.107709476653388,0.2351134360800989
mmmlu,mmmlu/mmmlu-it-it-00081,mmmlu-it-it-00081,0.24088917315482655,0.22611368506511628,0.1043074874858944,0.19294833071506093,medium,0.3322373725263494,0.4117647058823529,0.4613055041575918,0.5218425503074079
mmmlu,mmmlu/mmmlu-ko-kr-00105,mmmlu-ko-kr-00105,0.23893336465645548,-0.2535584711961569,0.05065663326719805,0.20286864566794036,hard,0.0609289933732878,0.07916665,0.1997828470420508,-0.2235169099639584
bfcl,bfcl/bfcl-live-irrelevance-781-290-0,bfcl-live-irrelevance-781-290-0,0.2384827367703504,0.21426491474762255,0.05486275220330063,0.14465396398866717,hard,0.1538461538461538,0.1538461538461538,0.256051030416819,0.360139585685434
gaia,gaia/gaia-00d579ea-0889-4fd9-a771-2c8d79835c8d,gaia-00d579ea-0889-4fd9-a771-2c8d79835c8d,0.2371795873175784,0.225893837747493,0.038864245362489724,0.20134044135818643,hard,0.1109563466478079,0.12,0.1720465053408525,0.1954738677058403
mmmlu,mmmlu/mmmlu-hi-in-00068,mmmlu-hi-in-00068,0.2363913541879872,0.22158376219324524,0.09157595834435786,0.15161391673257094,easy,0.8042870211418569,0.7009804117647059,0.4132791926535376,0.2029942028189704
featurebench-modal,featurebench-modal/featurebench-modal-mlflow__mlflow.93dab383.test_ai_command_utils.85dcb487.lv1,featurebench-modal-mlflow__mlflow.93dab383.test_ai_command_utils.85dcb487.lv1,0.23638661667353042,0.22688352238741702,0.08236840592081081,0.17464175464211631,hard,0.2309252424316767,0.24,0.3630426972134269,0.1216230001561223
simpleqa,simpleqa/simpleqa-1078,simpleqa-1078,0.2345034910137372,0.2280959270079096,0.08274570775790033,0.21516761352630406,medium,0.6270360936244779,0.62,0.3627671429443411,0.0095141750143842
gso,gso/gso-pydantic--pydantic-addf1f9,gso-pydantic--pydantic-addf1f9,0.23231374340990982,-0.16067868425442092,0.022204621144995832,0.13510686290969856,frontier,0.0206449574592051,0.0416666666666666,0.1381926995981416,0.2232602880869878
aider-polyglot,aider-polyglot/polyglot_go_markdown,polyglot_go_markdown,0.23187641452818436,0.2235354263350629,0.06854329170918426,0.2258058132880334,easy,0.7461538461538463,0.7461538461538463,0.3066327911999192,0.2833386138271098
mmmlu,mmmlu/mmmlu-pt-br-00111,mmmlu-pt-br-00111,0.23141130565951848,0.21656891586302127,0.06072353093066299,0.18388956423219016,hard,0.1256992104387722,0.1574073888888889,0.2803889500424443,0.3175159502129817
bigcodebench,bigcodebench/bigcodebench_1039,bigcodebench_1039,0.2313422501880968,0.16222574428887943,0.03739696832004661,0.17876797499606303,hard,0.1032051153846154,0.1032051153846154,0.2305242517701315,0.1194186243563538
reasoning-gym,reasoning-gym/reasoning-gym-algorithmic-count-primes-hard0292e21f-seed45-2,reasoning-gym-algorithmic-count-primes-hard0292e21f-seed45-2,0.23125789996939938,0.2137738319903142,0.059083965892362186,0.19511991780407154,saturated,0.9614632813271136,0.9166666666666666,0.2763853991962833,-0.0347092559269134
reasoning-gym,reasoning-gym/reasoning-gym-arithmetic-gcd-hard0292e21f-seed45-0,reasoning-gym-arithmetic-gcd-hard0292e21f-seed45-0,0.23124540512933336,0.21376123646382694,0.05908048467274592,0.19502518266991004,saturated,0.9614628099093966,0.9166666666666666,0.2763853991962833,-0.0352693889034715
reasoning-gym,reasoning-gym/reasoning-gym-arithmetic-prime-factorization-hard0292e21f-seed45-0,reasoning-gym-arithmetic-prime-factorization-hard0292e21f-seed45-0,0.23124540512933336,0.21376123646382694,0.05908048467274592,0.19502518266991,saturated,0.9614628099093966,0.9166666666666666,0.2763853991962833,-0.0352693889034715
bigcodebench,bigcodebench/bigcodebench_161,bigcodebench_161,0.2306734605013212,0.16153947699179586,0.07615043974015141,0.17426749077626422,hard,0.2246249870871076,0.3333333333333333,0.4714045207910317,0.2480429987062873
algotune,algotune/algotune-tsp,algotune-tsp,0.22967744511905583,0.2118709437429744,0.024034959534720273,0.1987369133949292,hard,0.1112486776274697,0.1114435444893149,0.1134415088266074,0.1473798792457452
featurebench-modal,featurebench-modal/featurebench-modal-linkedin__liger-kernel.c856fbab.test_mini_models.96209d55.lv1,featurebench-modal-linkedin__liger-kernel.c856fbab.test_mini_models.96209d55.lv1,0.228041544667737,0.2185006425194182,0.02035759540836666,0.18946817902789317,frontier,0.0474213947750156,0.0416666666666666,0.0931694990624912,0.5001661419715684
bfcl,bfcl/bfcl-live-multiple-685-164-1,bfcl-live-multiple-685-164-1,0.22802656696511384,0.20369330704366434,0.08082688544181747,0.18761226241716228,medium,0.3153846153846154,0.3153846153846154,0.3968067808162748,0.5378625580920261
livecodebench,livecodebench/livecodebench-abc306_d,livecodebench-abc306_d,0.22712278975954997,0.20108086080266105,0.012638723576923526,0.1765871639759719,saturated,0.9845447596786426,0.977777777777778,0.0628539361054708,0.013376086805107
gaia,gaia/gaia-384d0dd8-e8a4-4cfe-963c-d37f256e7662,gaia-384d0dd8-e8a4-4cfe-963c-d37f256e7662,0.22608229017505488,0.2147373230219995,0.03865271814395991,0.24148661473088448,frontier,0.0461540737245115,0.06,0.18,-0.3095689652862838
mmmlu,mmmlu/mmmlu-ar-xy-00006,mmmlu-ar-xy-00006,0.22417231399284593,0.20928074354027104,0.03288529620646408,0.18682719205580942,saturated,0.9615382834581409,0.9444444444444444,0.1571348402636772,0.4350734249761104
mmau,mmau/mmau-ddc7d4a4-054c-4fd2-9755-e96bc744a4ca,mmau-ddc7d4a4-054c-4fd2-9755-e96bc744a4ca,0.22411823673747366,0.20447641408274095,0.06414174479500721,0.18954001393666958,medium,0.3346734358492946,0.36,0.3136877428271624,-0.0977795352953622
mmmlu,mmmlu/mmmlu-hi-in-00067,mmmlu-hi-in-00067,0.22409874709649988,0.20920668536167006,0.03370212375102132,0.18681306413865348,saturated,0.9615306862877326,0.9411764705882352,0.1610948698544606,0.4350038271232615
labbench,labbench/labbench-figqa-0119,labbench-figqa-0119,0.2223660964483608,-0.23008596209758944,0.019388195631712055,0.24401209630943965,frontier,0.0231253924824354,0.0461538461538461,0.0842650088469486,-0.4900359283273043
bfcl,bfcl/bfcl-live-irrelevance-281-63-0,bfcl-live-irrelevance-281-63-0,0.22142782567998984,0.19702464993952598,0.05498005334474675,0.1716906903886999,easy,0.8461538461538461,0.8461538461538461,0.2790516484187239,0.1203395044041791
reasoning-gym,reasoning-gym/reasoning-gym-algorithmic-letter-jumble-hard0292e21f-seed45-1,reasoning-gym-algorithmic-letter-jumble-hard0292e21f-seed45-1,0.22135239279610258,0.2037903352849117,0.0868969573388077,0.26193161235999535,medium,0.3562220434145624,0.3935185,0.4264037213409571,0.5323976659363863
swebench-multilingual,swebench-multilingual/swebench-multilingual-fluent__fluentd-3466,swebench-multilingual-fluent__fluentd-3466,0.22068143360128312,0.2152370714800654,0.07658157620514898,0.1821826980954719,hard,0.116768544971002,0.1964285714285714,0.3558010508066299,0.0840269477932575
lawbench,lawbench/lawbench-3-8-9-zero-shot,lawbench-3-8-9-zero-shot,0.21966314956737035,0.21311838393167798,0.017394784107825384,0.17785450767130126,hard,0.1303807995765256,0.1218229999999999,0.0816202890943554,0.3133887187113016
seal0,seal0/seal0-109,seal0-109,0.21946287424483216,0.19515121781621683,0.020640994192099842,0.19238877298060386,frontier,0.0288461538461538,0.0288461538461538,0.1057692307692307,0.0833670628144549
seal0,seal0/seal0-53,seal0-53,0.21788182126696218,-0.241810256339997,0.06419369166193434,0.1882803411973197,hard,0.1410256538461538,0.1410256538461538,0.2654713353914769,-0.1700377220416813
gpqa-diamond,gpqa-diamond/gpqa-diamond-60,gpqa-diamond-60,0.2171099814680351,0.2038302267502895,0.022757326665145468,0.206704338090291,saturated,0.9807690330109752,0.9736842105263158,0.111648439134718,0.1078011579269443
bfcl,bfcl/bfcl-live-irrelevance-721-239-0,bfcl-live-irrelevance-721-239-0,0.217044951246939,-0.24109164514617376,0.0919079309757185,0.1909134297802074,medium,0.5076923076923077,0.5076923076923077,0.3812157444111959,-0.3996830073681088
bigcodebench,bigcodebench/bigcodebench_1015,bigcodebench_1015,0.21689823457146482,0.1474193194729458,0.03283203717153491,0.13691885839046447,hard,0.0961538461538461,0.0961538461538461,0.2227119029508219,0.3712754030949977
mmau,mmau/mmau-40acec85-b206-4c9f-9adc-744cd7ee5413,mmau-40acec85-b206-4c9f-9adc-744cd7ee5413,0.21589345325010662,0.19618182384777194,0.053222794641077736,0.19339217187974328,hard,0.2546174843899914,0.2799999999999999,0.2712931993250107,-0.1305642314618417
bfcl,bfcl/bfcl-simple-java-73,bfcl-simple-java-73,0.2155302549761916,0.1910665131095804,0.03505882518421452,0.14394255291748112,easy,0.8692307692307693,0.8692307692307693,0.1834901606442548,0.0751456850627201
seal0,seal0/seal0-21,seal0-21,0.21550188233659276,-0.23945837204165388,0.03191005993054754,0.17218504966026674,frontier,0.0435897307692307,0.0435897307692307,0.1332593204341871,-0.0805262398933142
gaia,gaia/gaia-b2c257e0-3ad7-4f05-b8e3-d9da973be36e,gaia-b2c257e0-3ad7-4f05-b8e3-d9da973be36e,0.215433852540089,0.20403485309490646,0.04181470188406613,0.19410718688579331,hard,0.095698594066426,0.1,0.204939015319192,0.2331779650768975
gpqa-diamond,gpqa-diamond/gpqa-diamond-157,gpqa-diamond-157,0.21343545167177966,0.20013467108084745,0.09257188426288866,0.2824367672760518,medium,0.490246292355867,0.4777777777777777,0.4625479621444144,0.5006680350816344
aider-polyglot,aider-polyglot/polyglot_python_list-ops,polyglot_python_list-ops,0.2132968781340508,0.20488504840210037,0.05229504895142675,0.18121285035149862,hard,0.1153846153846153,0.1153846153846153,0.2552409234313393,0.4428044211660659
mmmlu,mmmlu/mmmlu-fr-fr-00054,mmmlu-fr-fr-00054,0.21325987363064108,0.1982973020853579,0.024000067142951623,0.17789565700903745,saturated,0.9807592642988898,0.96875,0.1210307295689817,-0.0734969347262222
mmmlu,mmmlu/mmmlu-it-it-00087,mmmlu-it-it-00087,0.2132135539206158,0.19825068903335824,0.015137179885694166,0.17789245437762935,saturated,0.987169200246331,0.9814815,0.0763537315280006,-0.0735992725436436
mmmlu,mmmlu/mmmlu-fr-fr-00052,mmmlu-fr-fr-00052,0.2132135436445792,0.19825067869225113,0.023323609257911895,0.1778924459719725,saturated,0.980753785032074,0.9705882352941176,0.1176470588235294,-0.0735992648721684
mmmlu,mmmlu/mmmlu-it-it-00089,mmmlu-it-it-00089,0.21321354257264594,0.19825067761353013,0.02270579122641276,0.177892442628956,saturated,0.9807537857783908,0.9722222222222222,0.1145307118227128,-0.0735992635010162
mmau,mmau/mmau-ac85ba57-edc0-4ccb-aa61-ce50f4af7650,mmau-ac85ba57-edc0-4ccb-aa61-ce50f4af7650,0.21302335339547052,0.19328803104433664,0.043177275515661265,0.1953598250615701,hard,0.2018139483841112,0.21,0.2233830790368867,-0.0693610707939211
algotune,algotune/algotune-ks-test-2samp,algotune-ks-test-2samp,0.21252657461186666,0.19458619206077707,0.022032245698554685,0.1993603534726328,frontier,0.043009205059641,0.0465685654103007,0.113226151687439,0.2623927861550229
swebench-multilingual,swebench-multilingual/swebench-multilingual-caddyserver__caddy-6051,swebench-multilingual-caddyserver__caddy-6051,0.21172086074795626,0.20625474478912256,0.05753218048726623,0.18077376706973344,hard,0.1016531574270402,0.1071428571428571,0.2789374884252377,0.0562749317585064
medagentbench,medagentbench/medagentbench-task7_20,medagentbench-task7_20,0.2116832989106636,0.19210021451670786,0.013718699330787973,0.17278542830338126,frontier,0.0230900888524485,0.03,0.0714142842854285,-0.030299165054991
reasoning-gym,reasoning-gym/reasoning-gym-arithmetic-fraction-simplification-hard0292e21f-seed45-0,reasoning-gym-arithmetic-fraction-simplification-hard0292e21f-seed45-0,0.21043698231144867,0.192793228893217,0.05062097185349259,0.18187308763459312,saturated,0.963446823371087,0.9208333333333334,0.2625661292364691,0.1576276791071168
mmau,mmau/mmau-76c2a626-7e3c-4f2f-ad20-b07cd0890302,mmau-76c2a626-7e3c-4f2f-ad20-b07cd0890302,0.20990340489941928,0.19014271814712327,0.05755351849596671,0.18534712933485195,hard,0.1727087941907388,0.2225,0.3026858932953434,0.0368369235078174
gpqa-diamond,gpqa-diamond/gpqa-diamond-32,gpqa-diamond-32,0.20947326482177103,0.19615023760014086,0.07313178421217482,0.31591605299268843,medium,0.3197136183881353,0.3287037222222222,0.3728355627142116,0.634592167810636
reasoning-gym,reasoning-gym/reasoning-gym-algebra-polynomial-equations-easy00cea0a5-seed45-0,reasoning-gym-algebra-polynomial-equations-easy00cea0a5-seed45-0,0.20940476595662205,0.19175351716919825,0.07124080385146421,0.21455414191746963,easy,0.8609473233181794,0.8052571666666668,0.3715228012668117,-0.2429318957601575
seal0,seal0/seal0-40,seal0-40,0.20936908375398827,0.18495632502535528,0.07026831766835875,0.1849520871659374,medium,0.6865384615384615,0.6865384615384615,0.379918435656233,0.1516261778702416
mmau,mmau/mmau-05eb32f6-5ad4-4abc-9a9a-0a252329e4ba,mmau-05eb32f6-5ad4-4abc-9a9a-0a252329e4ba,0.20805759671160198,0.18828209575462285,0.0572560249897127,0.24160191289676355,medium,0.3497402526784313,0.355,0.3040970239906994,-0.2969345126811265
lawbench,lawbench/lawbench-1-1-11-zero-shot,lawbench-1-1-11-zero-shot,0.20794848917573586,-0.21449880989113773,0.07010732195585558,0.26549840423375076,medium,0.5726399541143153,0.5698758947368422,0.3268424752166988,0.6010394365967967
kumo,kumo/kumo-educationenv-t12-a16-v1-s1,kumo-educationenv-t12-a16-v1-s1,0.20690520517948793,0.1946440770060991,0.08204243213662986,0.21778272532409432,medium,0.6494295016166125,0.5972222222222222,0.4214997620197767,0.4451599408519558
gpqa-diamond,gpqa-diamond/gpqa-diamond-10,gpqa-diamond-10,0.20669210540729538,0.1933537262182835,0.02664378564861941,0.2776966491515293,easy,0.9498646600351665,0.9425926111111111,0.137798149380066,-0.1907917814804107
mmau,mmau/mmau-c678230c-6851-4232-827b-2dc545e975b5,mmau-c678230c-6851-4232-827b-2dc545e975b5,0.2064936848799631,0.1867057437162524,0.016276629380754953,0.14545576025883455,frontier,0.0158950901434574,0.02,0.0871779788708134,0.2271469539290938
seal0,seal0/seal0-57,seal0-57,0.20597851741645512,0.18153298234423323,0.06648973109959173,0.2024076282862548,hard,0.2685897307692307,0.2685897307692307,0.3662680480482059,0.0203853422976099
reasoning-gym,reasoning-gym/reasoning-gym-games-mini-sudoku-hard0292e21f-seed45-2,reasoning-gym-games-mini-sudoku-hard0292e21f-seed45-2,0.2044678694924279,0.18678132159641156,0.0701306971079054,0.22132902467178528,easy,0.8421707671248548,0.7640625,0.3754695411109713,-0.1746868132221381
bfcl,bfcl/bfcl-live-multiple-584-157-5,bfcl-live-multiple-584-157-5,0.20340440848199068,0.1788218280942696,0.06429880457238756,0.16213813009768094,medium,0.4384615384615384,0.4384615384615384,0.3595691043852382,-0.0617028782851244
livecodebench,livecodebench/livecodebench-abc364_c,livecodebench-abc364_c,0.20264016437555885,0.17633589792414914,0.03208987973913435,0.16001100743110663,easy,0.9461517029513564,0.9222222222222224,0.1819815483795467,0.4531998800576073
mmmlu,mmmlu/mmmlu-yo-ng-00143,mmmlu-yo-ng-00143,0.2017353858378763,0.1867019224797054,0.06968698983227119,0.15350364568896016,easy,0.8380627007940227,0.7685185555555556,0.3732526634258209,0.6342830172163353
gaia,gaia/gaia-0bdb7c40-671d-4ad1-9ce3-986b159c0ddc,gaia-0bdb7c40-671d-4ad1-9ce3-986b159c0ddc,0.2014099151778736,0.18994392185894562,0.05018933430912373,0.17128372518058316,hard,0.1056095065469793,0.1175,0.264232378788066,0.1577933634982643
replicationbench,replicationbench/replicationbench-gw_cosmo__modified_gravity,replicationbench-gw_cosmo__modified_gravity,0.2010236736865501,0.1835779604410348,0.06754155299071968,0.19850345643052278,easy,0.8130933172579519,0.7411764705882353,0.3679175475555739,0.5604704348862264
algotune,algotune/algotune-integer-factorization,algotune-integer-factorization,0.2009005906777246,0.18287581181780613,0.0581373233391225,0.15424820904983766,hard,0.2235393785178267,0.2406096817825632,0.3179060301153606,0.1930025751149591
mmau,mmau/mmau-bc9a6036-2011-42af-bd0f-f1a62a69823a,mmau-bc9a6036-2011-42af-bd0f-f1a62a69823a,0.2004850938531778,0.18065030849804115,0.02907291573914336,0.14244436928682047,hard,0.0893123469276368,0.11,0.1609347693943108,0.1162114269656563
algotune,algotune/algotune-discrete-log,algotune-discrete-log,0.20015705991347876,-0.21798599792611764,0.0585563867676434,0.16460004567480063,hard,0.1428770908389378,0.1468136815875041,0.2686245324229037,-0.2551610874826518
swebench-multilingual,swebench-multilingual/swebench-multilingual-redis__redis-12272,swebench-multilingual-redis__redis-12272,0.19873740101931356,0.19324140092399195,0.0508102836420257,0.15625928571032907,hard,0.0699141011840914,0.1111110666666666,0.2629368416864822,0.3979920022439674
aider-polyglot,aider-polyglot/polyglot_java_satellite,polyglot_java_satellite,0.1984000885699143,0.18993587820780114,0.014610452169830852,0.14657072283389028,frontier,0.0153846153846153,0.0153846153846153,0.0769230769230769,-0.0495456951317373
bfcl,bfcl/bfcl-live-irrelevance-745-256-0,bfcl-live-irrelevance-745-256-0,0.1982442143317633,0.17361338205985752,0.03464554338132623,0.18686977759703863,hard,0.0692307692307692,0.0692307692307692,0.1995557195549668,0.3708271681497938
crustbench,crustbench/crustbench-bostree,crustbench-bostree,0.19767373618387973,0.18337775750455787,0.05892466817397656,0.15867251907640967,hard,0.0900720603698004,0.1294117647058823,0.3213294184411214,0.1845800677706795
bixbench,bixbench/bix-8-q7,bix-8-q7,0.19725225876132915,0.13814658482015466,0.02891812597124179,0.2073726081870031,hard,0.166427914203376,0.1825,0.2093292860542929,-0.1532957868395036
simpleqa,simpleqa/simpleqa-3679,simpleqa-3679,0.19665450232931633,-0.20314425601349612,0.07480564841422833,0.18950788927227394,medium,0.3503464725277006,0.38,0.3682390527904394,-0.5209327636225188
featurebench-modal,featurebench-modal/featurebench-modal-mlflow__mlflow.93dab383.test_dependencies_schema.7019486f.lv1,featurebench-modal-mlflow__mlflow.93dab383.test_dependencies_schema.7019486f.lv1,0.1961499537880693,0.18647756066889584,0.0727667227415188,0.16505164141894532,medium,0.3197993868002983,0.32466668,0.3902170453136787,0.3128381126697202
mmmlu,mmmlu/mmmlu-sw-ke-00136,mmmlu-sw-ke-00136,0.19524988411025593,0.18017837276965815,0.05842092312514302,0.17689165218644712,easy,0.8938216063833498,0.8472222222222222,0.3242393758313542,0.1021224975072221
seal0,seal0/seal0-3,seal0-3,0.1945911617798394,0.17003990182850612,0.03706510765752478,0.2017935687778467,hard,0.1192307692307692,0.1192307692307692,0.2179788817739193,-0.0096629559627053
algotune,algotune/algotune-channel-capacity,algotune-channel-capacity,0.1938903485140726,0.17581716025277885,0.02373101627057907,0.1508907912582108,hard,0.1176642258622754,0.1178559738064869,0.1349755407063799,0.0724971255486054
aime,aime/aime_71,aime_71,0.1938240440181334,0.1701026245708273,0.03448513460333053,0.1584160103166938,easy,0.8819687616538362,0.8700000000000001,0.2027313493271329,-0.0306318111072717
lawbench,lawbench/lawbench-2-4-21-one-shot,lawbench-2-4-21-one-shot,0.19371582142610846,0.18709906886164537,0.019712847950629102,0.15590783494071814,medium,0.3448073319555904,0.3378947368421053,0.105360481324502,0.3239396599033574
swebench-multilingual,swebench-multilingual/swebench-multilingual-apache__lucene-12022,swebench-multilingual-apache__lucene-12022,0.19289693826032064,0.18738812633877955,0.052319743268100245,0.17894469565078502,hard,0.0859706450702466,0.1266666666666666,0.2792052212182923,0.1567833332370481
bfcl,bfcl/bfcl-live-relevance-10-10-0,bfcl-live-relevance-10-10-0,0.1924937972302064,0.16781082457433003,0.054292586950039266,0.18665731078892914,hard,0.2384615384615384,0.2384615384615384,0.323534474535586,0.1407409988184294
mmau,mmau/mmau-b79edaf7-c7f4-42f6-9535-69a68a425e8f,mmau-b79edaf7-c7f4-42f6-9535-69a68a425e8f,0.19241052632155636,0.17251516665898772,0.05431470306484222,0.21455538421810555,hard,0.2924696919640492,0.3175,0.3148401622693649,-0.3506935640642568
kumo,kumo/kumo-motifanalysisenv-t4-a6-v1-s0,kumo-motifanalysisenv-t4-a6-v1-s0,0.1919487917846476,0.17961479686747667,0.028174884184294122,0.17510301647104878,saturated,0.9742381875094408,0.960784294117647,0.1568628235294117,0.1733180720802245
kumo,kumo/kumo-fungalenv-t4-a6-v1-s1,kumo-fungalenv-t4-a6-v1-s1,0.19175296623727503,0.1794180555434688,0.027398517186239073,0.17513424781894257,saturated,0.974237892660323,0.9629629444444444,0.1527076921174249,0.1726314144088298
seal0,seal0/seal0-102,seal0-102,0.19168696904860585,0.16710981898127275,0.029767493609099218,0.16236548382305666,hard,0.05,0.05,0.1781313257986063,-0.0037599170731684
kumo,kumo/kumo-rocketfuelenv-t4-a6-v1-s1,kumo-rocketfuelenv-t4-a6-v1-s1,0.19157617399613813,0.17924043738428183,0.011177605109124827,0.17519602087601727,saturated,0.990298263733826,0.9833333333333332,0.0623609564462323,0.1732936087084702
mmau,mmau/mmau-6aa80dfd-eb32-41c9-abeb-4bd66c460868,mmau-6aa80dfd-eb32-41c9-abeb-4bd66c460868,0.19080606628255312,0.170898994590095,0.05214520128796497,0.1836838974205124,hard,0.2460998609203987,0.27,0.3051229260478471,-0.1829638913566088
gaia,gaia/gaia-544b7f0c-173a-4377-8d56-57b36eb26ddf,gaia-544b7f0c-173a-4377-8d56-57b36eb26ddf,0.19052993815989863,0.17901523059524643,0.04551008604934136,0.17868040140884786,easy,0.8192307692307692,0.8192307692307692,0.2542246595332422,0.2297247233114376
seal0,seal0/seal0-100,seal0-100,0.19011112094877017,-0.2143494997876831,0.04075676705288251,0.18497136426373442,hard,0.15,0.15,0.1901416476047427,-0.3698091345362403
replicationbench,replicationbench/replicationbench-astm3__spectral_similarity_search,replicationbench-astm3__spectral_similarity_search,0.19006257172320554,-0.20740130788078848,0.025707157267303462,0.198551596162374,frontier,0.027916469997825,0.0411764705882352,0.1239488676806204,-0.1977563006240598
labbench,labbench/labbench-figqa-0141,labbench-figqa-0141,0.18964828889484772,-0.1974807533166549,0.0433936820254036,0.2038841780988113,hard,0.2075941898973239,0.2307692307692308,0.21973625933978,-0.308767386522801
labbench,labbench/labbench-figqa-0078,labbench-figqa-0078,0.18953376136372016,0.18166458043898875,0.039592877387713374,0.2055687525775107,hard,0.116856966292725,0.15,0.2179449471770336,-0.183390327684331
crustbench,crustbench/crustbench-libwecan,crustbench-libwecan,0.1885595386177111,0.17421410912351687,0.019990120931192356,0.16354283309119816,saturated,0.9621061290497064,0.9553030454545456,0.1147445578992656,0.3063265520271176
bfcl,bfcl/bfcl-parallel-multiple-159,bfcl-parallel-multiple-159,0.18837677231507047,0.16365752479549503,0.02806537312997463,0.1689193787950005,easy,0.9461538461538462,0.9461538461538462,0.1714884369969842,0.4975637120025812
labbench,labbench/labbench-figqa-0137,labbench-figqa-0137,0.18834839721333058,-0.1961849778154915,0.022586368351305085,0.20339947966346628,frontier,0.0231257466639661,0.0461538461538461,0.1151279195930443,-0.2166630514540428
reasoning-gym,reasoning-gym/reasoning-gym-logic-propositional-logic-hard0292e21f-seed45-2,reasoning-gym-logic-propositional-logic-hard0292e21f-seed45-2,0.18819317972943606,0.17039670381139962,0.073423530991083,0.23400909015447663,medium,0.5317068031826729,0.5520833333333334,0.4308976015894676,-0.155569341034864
gpqa-diamond,gpqa-diamond/gpqa-diamond-162,gpqa-diamond-162,0.18804155309014114,0.1746058362401361,0.06418544094237816,0.2967763108357354,medium,0.3428485666744902,0.3472222222222222,0.3676019217026839,0.5761558502361244
gpqa-diamond,gpqa-diamond/gpqa-diamond-65,gpqa-diamond-65,0.1877663053338947,0.17432922508021673,0.024824492533394568,0.33811260970145085,easy,0.949044642308032,0.95,0.1424000624219588,-0.3819742520386177
swebench-multilingual,swebench-multilingual/swebench-multilingual-redis__redis-11734,swebench-multilingual-redis__redis-11734,0.18743855645495644,0.18191812487188677,0.0468510805115606,0.16115504115544227,frontier,0.0442281230965077,0.0714285714285714,0.2575393768188563,0.4148249470461486
swebench-multilingual,swebench-multilingual/swebench-multilingual-rubocop__rubocop-13560,swebench-multilingual-rubocop__rubocop-13560,0.18730738249344947,0.18178667587900388,0.022672781953991836,0.16107033226982223,frontier,0.0220297575937073,0.0333333333333333,0.1247219128924647,0.4154689207539502
swebench-multilingual,swebench-multilingual/swebench-multilingual-projectlombok__lombok-3215,swebench-multilingual-projectlombok__lombok-3215,0.1871833966675741,0.18166243027463017,0.0161358074058225,0.16102840533863244,frontier,0.0147514297217668,0.025641,0.0888230295137471,0.4148042588934066
swebench-multilingual,swebench-multilingual/swebench-multilingual-uutils__coreutils-6690,swebench-multilingual-uutils__coreutils-6690,0.1871197337113107,0.18159863399856116,0.053136545907097314,0.1665316256907447,hard,0.0993646800823121,0.1722222,0.2926043260188748,0.0912770830788997
bfcl,bfcl/bfcl-multiple-147,bfcl-multiple-147,0.1866086826559604,-0.21099345436688036,0.0509123541935789,0.1554872816586623,hard,0.1846153846153846,0.1846153846153846,0.2412982637132018,-0.3681004843138101
livecodebench,livecodebench/livecodebench-abc363_f,livecodebench-abc363_f,0.18640064990831828,0.15994078951331314,0.010306256268426737,0.10729699957612955,frontier,0.0158597049974837,0.0235294117647058,0.0644379479417842,0.1421342390358441
bfcl,bfcl/bfcl-live-multiple-48-18-3,bfcl-live-multiple-48-18-3,0.18620425092760878,0.16146621619484453,0.008605159697088334,0.19251685483317577,saturated,0.9846153846153848,0.9846153846153848,0.0532938710021192,-0.0571191507414523
kumo,kumo/kumo-marineenv-t4-a6-v1-s0,kumo-marineenv-t4-a6-v1-s0,0.18498535891894563,0.1726194071779973,0.023106750741665294,0.18606676953823084,saturated,0.967347143268838,0.9537037222222222,0.1338595185756759,0.2843579326117321
seal0,seal0/seal0-26,seal0-26,0.1845294368620984,-0.20882550836119296,0.01260370759239579,0.16159523740995566,frontier,0.0173076923076923,0.0173076923076923,0.0603552108710585,-0.2275359414750666
swebench-multilingual,swebench-multilingual/swebench-multilingual-fluent__fluentd-3640,swebench-multilingual-fluent__fluentd-3640,0.18388546321130808,0.17835765166636774,0.06410553966594953,0.1789544980927667,hard,0.1340510011535358,0.2285714285714286,0.3594213035831178,0.168419393044448
bigcodebench,bigcodebench/bigcodebench_486,bigcodebench_486,0.18254410553755826,0.11232943436965286,0.0361913912212088,0.17519370484453609,hard,0.0777468095085699,0.1176470588235294,0.3221897397089212,0.0596358103544884
featurebench-modal,featurebench-modal/featurebench-modal-huggingface__transformers.e2e8dbed.test_modeling_seggpt.f9e83f60.lv2,featurebench-modal-huggingface__transformers.e2e8dbed.test_modeling_seggpt.f9e83f60.lv2,0.18252099140639738,0.17279868327197861,0.027603339729766144,0.21062257843155843,hard,0.0576923076923076,0.0576923076923076,0.1597427665945783,-0.054574566788861
swe-lancer,swe-lancer/swe-lancer-17163-manager-0,swe-lancer-17163-manager-0,0.18207813659941416,0.007401479939670289,0.003383888614899997,0.166707710951141,medium,0.5655862253678572,0.51875,0.4571908108219149,0.4506138883088336
reasoning-gym,reasoning-gym/reasoning-gym-cognition-color-cube-rotation-hard0292e21f-seed45-0,reasoning-gym-cognition-color-cube-rotation-hard0292e21f-seed45-0,0.18180458424739596,0.1639676540100831,0.07103248827793088,0.23021344436889776,medium,0.4851566938669484,0.4536110833333333,0.4332103713184966,0.2705059754615175
bfcl,bfcl/bfcl-live-multiple-13-4-5,bfcl-live-multiple-13-4-5,0.18159735030896668,0.15682028719103,0.06455730608141624,0.17110888346723102,medium,0.3230769230769231,0.3230769230769231,0.4116642510849124,-0.0425618799683871
bigcodebench,bigcodebench/bigcodebench_1019,bigcodebench_1019,0.18012686940711023,0.10986708293302565,0.024675535568176907,0.18164147845204667,hard,0.1109280487277373,0.11533332,0.2245944363810858,0.3264089139141377
seal0,seal0/seal0-25,seal0-25,0.1799458751680699,-0.20428816885139092,0.018195061181233894,0.15684193527029308,frontier,0.025,0.025,0.0890656628993031,-0.0784276640523472
bigcodebench,bigcodebench/bigcodebench_513,bigcodebench_513,0.17875297538119933,-0.24640716843657987,0.08890400508987695,0.20261989137953576,easy,0.8136968905103206,0.8461538461538461,0.3608012122941099,-0.0980827751847153
gpqa-diamond,gpqa-diamond/gpqa-diamond-121,gpqa-diamond-121,0.17600477389572217,0.16251142033868707,0.05993684365675453,0.2756996855089591,medium,0.4518257394426485,0.4425926111111111,0.3688161947747503,0.5367670536949629
bigcodebench,bigcodebench/bigcodebench_15,bigcodebench_15,0.1753213616190487,0.10497447171111332,0.029013411269295002,0.19650827205690868,hard,0.131208262866496,0.0833333333333333,0.2763853991962833,0.1782934979749893
gpqa-diamond,gpqa-diamond/gpqa-diamond-12,gpqa-diamond-12,0.175299511553288,0.1618029069560381,0.04986290340701,0.16874344848536907,easy,0.7275020256005619,0.6944444444444444,0.3081706277413036,0.0716437683335862
algotune,algotune/algotune-vehicle-routing,algotune-vehicle-routing,0.17504421567262954,0.15685012512175053,0.019465160632725662,0.18839882720424897,hard,0.1553642963285112,0.1569007916984929,0.1241003832009466,0.0189048203381614
bixbench,bixbench/bix-8-q3,bix-8-q3,0.17450568552202433,0.11500517669818514,0.03643986326167951,0.14902308331239247,medium,0.6356437429717328,0.63083335,0.3168541130744991,-0.1199063747684737
gpqa-diamond,gpqa-diamond/gpqa-diamond-146,gpqa-diamond-146,0.17407187313850433,0.1605696427774207,0.02149377508005379,0.20109279248855272,saturated,0.9679412351880796,0.9537037222222222,0.1338595185756759,0.1062768852108067
mmmlu,mmmlu/mmmlu-ko-kr-00108,mmmlu-ko-kr-00108,0.17403495234450136,0.15884826495773896,0.06935414209163011,0.14663682853387933,medium,0.6624281231683219,0.625,0.4366062299143245,0.5008981002159469
mmau,mmau/mmau-96cb555e-3beb-4678-8731-a2d96bd06507,mmau-96cb555e-3beb-4678-8731-a2d96bd06507,0.17380178664372348,0.15377719396855133,0.056939108003741724,0.19504523661913542,hard,0.292891518625228,0.33,0.3702701716314724,-0.306103401290705
bixbench,bixbench/bix-20-q2,bix-20-q2,0.17325915662355998,0.11373889201285473,0.02667481202715552,0.17943011787087135,hard,0.2016267171354984,0.18833335,0.2345267441513387,0.0144011072504124
bigcodebench,bigcodebench/bigcodebench_1003,bigcodebench_1003,0.17299140077390868,0.10260351624052569,0.03870566663835484,0.19017789821546918,medium,0.6608974615384616,0.6608974615384616,0.3772352844869377,0.0938778466800241
bigcodebench,bigcodebench/bigcodebench_502,bigcodebench_502,0.1718123775880611,-0.23968573674168475,0.08932560009858766,0.1944672116746587,easy,0.8526705050690319,0.8333333333333334,0.3726779962499649,-0.2094620041841291
bigcodebench,bigcodebench/bigcodebench_1137,bigcodebench_1137,0.17009182734663214,0.09965405369845502,0.045994178630056164,0.14109950152657297,easy,0.8308661140029282,0.6923076923076923,0.4615384615384615,-0.3045109074401554
kumo,kumo/kumo-hormoneenv-t4-a6-v1-s1,kumo-hormoneenv-t4-a6-v1-s1,0.16894579720959174,0.1565109912308851,0.04250461132757203,0.18083449758335712,easy,0.9324601739018934,0.9078947368421052,0.2715758873756617,0.1568942966999332
seal0,seal0/seal0-8,seal0-8,0.16870322071023255,-0.19315447939618763,0.03632904543121811,0.1647377482405263,hard,0.1378205,0.1378205,0.1880828523614097,-0.1753284305427303
featurebench-modal,featurebench-modal/featurebench-modal-sphinx-doc__sphinx.e347e59c.test_ext_doctest.530dec5f.lv1,featurebench-modal-sphinx-doc__sphinx.e347e59c.test_ext_doctest.530dec5f.lv1,0.16793343729747653,0.15816186482646855,0.0338531457983944,0.13829918684771939,hard,0.073076923076923,0.073076923076923,0.2140411396611773,0.2712903606520736
lawbench,lawbench/lawbench-2-10-17-one-shot,lawbench-2-10-17-one-shot,0.16766257505606724,0.16098289164200466,0.024212110456309558,0.13092952980939526,medium,0.5645939616633889,0.55494655,0.150401761388115,0.5412220114440623
swebench-multilingual,swebench-multilingual/swebench-multilingual-hashicorp__terraform-34900,swebench-multilingual-hashicorp__terraform-34900,0.16757965945119635,0.1620198380264598,0.04041484825037472,0.1713820725197511,hard,0.0528792522458382,0.0666666666666666,0.2494438257849294,0.3946328941688568
swebench-multilingual,swebench-multilingual/swebench-multilingual-laravel__framework-46234,swebench-multilingual-laravel__framework-46234,0.16717506377700003,0.16161448688089317,0.04393087521689293,0.17930466029595202,hard,0.0673188319570823,0.1166666666666666,0.2718251071716681,0.186974857359965
aider-polyglot,aider-polyglot/polyglot_cpp_complex-numbers,polyglot_cpp_complex-numbers,0.1671368318790876,0.15857546942816136,0.010358095930461943,0.14501356200072738,saturated,0.9871792992592184,0.98666668,0.0653196611544916,0.1577286774200192
bfcl,bfcl/bfcl-live-multiple-898-185-8,bfcl-live-multiple-898-185-8,0.16698617256126833,0.14209260853218733,0.03129933143658513,0.12629046352390885,hard,0.0615384615384615,0.0615384615384615,0.2202741702042516,0.111752294746604
seal0,seal0/seal0-85,seal0-85,0.16668087784053712,-0.19115107198670822,0.018161732885650796,0.15636576357428464,frontier,0.0326923076923076,0.0326923076923076,0.0950124563618125,-0.2025544409433979
kumo,kumo/kumo-motifanalysisenv-t4-a6-v1-s1,kumo-motifanalysisenv-t4-a6-v1-s1,0.16529561706245358,0.1528460674675179,0.025932995690750502,0.1890238563477572,saturated,0.954989876937928,0.9313725294117648,0.1696674053865446,0.2206174609582721
livecodebench,livecodebench/livecodebench-3763,livecodebench-3763,0.16437218350335708,0.13772467939707156,0.05107684210391423,0.2519236939881188,easy,0.7666539744382397,0.7194444444444444,0.370861942300519,-0.1144432999159015
bigcodebench,bigcodebench/bigcodebench_199,bigcodebench_199,0.16413146527527758,-0.2322398864363471,0.10491528638252882,0.18798502241440626,easy,0.8032430027875381,0.7142857142857143,0.4517539514526256,-0.1909748326698099
swebench-multilingual,swebench-multilingual/swebench-multilingual-fastlane__fastlane-19207,swebench-multilingual-fastlane__fastlane-19207,0.16384347826170906,0.15827675194573299,0.0568093453846293,0.17837478638975318,hard,0.096168853312327,0.1785714285714285,0.3589241293257461,0.0561220036120041
swebench-multilingual,swebench-multilingual/swebench-multilingual-uutils__coreutils-6575,swebench-multilingual-uutils__coreutils-6575,0.1621052883397035,0.1565354042304953,0.008062806091121895,0.14289302841694762,frontier,0.0092409948028298,0.0142857142857142,0.0515078753637712,0.1870098855161428
bigcodebench,bigcodebench/bigcodebench_583,bigcodebench_583,0.1615496706838397,0.09097218052051913,0.03390332995087716,0.15197709855939726,hard,0.0925218516339796,0.1666666666666666,0.3726779962499649,0.1791106357927474
swtbench,swtbench/swtbench-django__django-16877,swtbench-django__django-16877,0.1596866547781663,0.1062495932504943,0.032613390098372025,0.17295102988324346,medium,0.4550606321802536,0.4875,0.3069507289452169,0.1564337000810577
bfcl,bfcl/bfcl-live-irrelevance-641-203-1,bfcl-live-irrelevance-641-203-1,0.1588908653240198,0.1339375153132546,0.03854986873369129,0.18546184413196004,easy,0.8153846153846155,0.8153846153846155,0.2878197989826108,0.1388922155861454
mmau,mmau/mmau-0de9f80e-8070-4ede-845b-b41bfc9bdbf7,mmau-0de9f80e-8070-4ede-845b-b41bfc9bdbf7,0.15869394136705692,0.13857505007154247,0.01774626523633129,0.17762033355233675,hard,0.0595349275400843,0.06,0.128062484748657,0.4895281633009514
seal0,seal0/seal0-107,seal0-107,0.158543919339721,0.13370215462038648,0.012169117137023497,0.1589187500442522,frontier,0.0307692307692307,0.0307692307692307,0.0910166120476864,0.1547039440841529
lawbench,lawbench/lawbench-2-1-17-zero-shot,lawbench-2-1-17-zero-shot,0.1581099898839292,0.1514095783556937,0.027654901741525413,0.13396470872978825,medium,0.3505972647635749,0.3461392499999999,0.1826496186163209,0.6168117468326755
gaia,gaia/gaia-72c06643-a2fa-4186-aa5c-9ec33ae9b445,gaia-72c06643-a2fa-4186-aa5c-9ec33ae9b445,0.1575012553317019,0.14585609814845452,0.02124635772333636,0.24259367669983817,hard,0.0711656622698716,0.0625,0.1456665713195721,0.1868935870502667
bigcodebench,bigcodebench/bigcodebench_1040,bigcodebench_1040,0.15667452157635758,0.0860221410953063,0.03173666515615912,0.1741734610041396,medium,0.6955151041493364,0.69133336,0.3689360059173276,0.2742141754619244
labbench,labbench/labbench-figqa-0012,labbench-figqa-0012,0.15546624340417725,-0.1633978549427653,0.008708104203342735,0.15922980396511932,frontier,0.0076924945426306,0.0153846153846153,0.0532938710021193,-0.4950416635580252
bixbench,bixbench/bix-52-q2,bix-52-q2,0.15294071868857576,-0.21112202714607703,0.031716649300916944,0.24930710966296699,hard,0.0716718468625415,0.0925,0.1502289918757361,-0.2619692910100966
lawbench,lawbench/lawbench-2-4-16-one-shot,lawbench-2-4-16-one-shot,0.15273996123702915,0.14602844976596124,0.015311415470252969,0.11916081917356101,medium,0.5950032910992984,0.586,0.1048522770377448,0.4865667807968483
usaco,usaco/usaco-93,usaco-93,0.15250500126857436,0.13864794368980188,0.03559230711645636,0.23680045373640085,hard,0.1808418459032673,0.21,0.2567099530598687,-0.2380771733937551
bfcl,bfcl/bfcl-live-irrelevance-759-270-0,bfcl-live-irrelevance-759-270-0,0.15045296665758878,0.12544090969438487,0.02035522222237289,0.12982233892442185,easy,0.9461538461538462,0.9461538461538462,0.1622694085363768,0.0426684235818897
medagentbench,medagentbench/medagentbench-task7_12,medagentbench-task7_12,0.14901508859713156,0.12900717866555497,0.009212955332083009,0.155237571460273,frontier,0.0308017552160141,0.03,0.0714142842854285,0.5684402153434441
bixbench,bixbench/bix-10-q2,bix-10-q2,0.14774838197837,-0.20604965003260783,0.06657667943267882,0.24779469502099236,hard,0.2384445652284859,0.26,0.3231098884280702,-0.2971432650663812
mmmlu,mmmlu/mmmlu-it-it-00085,mmmlu-it-it-00085,0.1469666292407198,-0.1621747122423757,0.05472155810029434,0.1872711633537126,hard,0.102627324393642,0.1481481666666666,0.3374234943516415,-0.1193871091492473
algotune,algotune/algotune-svd,algotune-svd,0.14434672843619503,0.1259844994172054,0.02127602504453278,0.17857426639828827,hard,0.0801777056306832,0.1244679413979277,0.1688781170934046,-0.1965685758638644
gpqa-diamond,gpqa-diamond/gpqa-diamond-8,gpqa-diamond-8,0.143790152386717,0.13016252143875542,0.047391386537301586,0.2287227700792279,medium,0.5594587751203175,0.5156862941176471,0.3640939497288424,0.3464149683041463
mmmlu,mmmlu/mmmlu-es-la-00043,mmmlu-es-la-00043,0.14261936819539614,0.1272882098035357,0.0559304905616102,0.17136631506172442,easy,0.7424934954195271,0.629629611111111,0.439400402032024,0.1339890856266037
lawbench,lawbench/lawbench-2-9-17-zero-shot,lawbench-2-9-17-zero-shot,0.14246926459253284,0.13573763060452337,0.01967000927744486,0.11160161476919547,easy,0.768274323283625,0.7552512500000002,0.1449119834333499,0.6471979154709384
bigcodebench,bigcodebench/bigcodebench_454,bigcodebench_454,0.14202249584212345,0.0711661775252176,0.03354805781280469,0.18604421394374762,hard,0.2071059926449572,0.3333333333333333,0.4714045207910317,0.2562413350099652
simpleqa,simpleqa/simpleqa-2838,simpleqa-2838,0.14061431018080478,-0.14723541448647737,0.008834124869188628,0.1420800009647334,saturated,0.9845115286464028,0.98,0.0599999999999999,-0.0296179064524418
kumo,kumo/kumo-medicalenv-t12-a16-v1-s0,kumo-medicalenv-t12-a16-v1-s0,0.14002918330557626,0.12748698200228145,0.04499540541256992,0.10794602860383873,hard,0.1067835686106614,0.1617647058823529,0.3529411764705882,0.0674174275078741
bixbench,bixbench/bix-6-q4,bix-6-q4,0.1399101866508347,0.0799335809551691,0.01867779441185936,0.1417390716461705,hard,0.1452150533050055,0.18,0.2336664289109584,-0.0138576548755674
mmmlu,mmmlu/mmmlu-ko-kr-00106,mmmlu-ko-kr-00106,0.1390677796848067,0.12372224521377183,0.05832322571618862,0.16461641826014217,hard,0.2307892017438217,0.3333333333333333,0.4714045207910317,0.0569297685455885
reasoning-gym,reasoning-gym/reasoning-gym-arithmetic-number-format-hard0292e21f-seed45-1,reasoning-gym-arithmetic-number-format-hard0292e21f-seed45-1,0.13605098807631463,0.11796870022323883,0.0338078984456096,0.22171941103246223,easy,0.8855715760864162,0.8692307692307693,0.2865836309261101,-0.3469836117419945
reasoning-gym,reasoning-gym/reasoning-gym-arithmetic-gsm-symbolic-easy00cea0a5-seed45-2,reasoning-gym-arithmetic-gsm-symbolic-easy00cea0a5-seed45-2,0.13548984641308295,0.11740503200221067,0.05032949142178952,0.18133321942148992,easy,0.8841787472887284,0.7525,0.4286825748732971,0.1998365025575849
bigcodebench,bigcodebench/bigcodebench_1053,bigcodebench_1053,0.1353024148311128,0.0643631436250266,0.027095982696236517,0.1828956812100604,medium,0.3480769230769231,0.3480769230769231,0.4209860048802941,-0.2791564152294592
aider-polyglot,aider-polyglot/polyglot_javascript_poker,polyglot_javascript_poker,0.1350901220249518,0.1264471173739136,0.027182606470313207,0.16572632923010103,easy,0.8384615384615385,0.8384615384615385,0.2149721324997248,0.0442580108992724
swebench-multilingual,swebench-multilingual/swebench-multilingual-tokio-rs__tokio-4384,swebench-multilingual-tokio-rs__tokio-4384,0.13439946499758612,0.12878392528440738,0.034761437377700405,0.16921043551110057,hard,0.0561552966262484,0.0999999999999999,0.2699206232527312,0.1426873161884271
labbench,labbench/labbench-figqa-0161,labbench-figqa-0161,0.133091065344498,-0.14107733367484324,0.011887882770214584,0.20711637225878776,frontier,0.0239442178499862,0.0461538461538461,0.0842650088469486,-0.183816511113899
algotune,algotune/algotune-sinkhorn,algotune-sinkhorn,0.1330594601283433,0.11464436404450848,0.012024353001946044,0.129493594613292,frontier,0.0213302890995294,0.0257273272316575,0.1048839435079235,-0.1995798446346078
spider2,spider2/spider2-f1003,spider2-f1003,0.13229934472118843,-0.20947730463415165,0.080937191726237,0.27745731195061535,easy,0.7262331877449059,0.684375,0.3863769006747168,-0.2501604745504465
seal0,seal0/seal0-87,seal0-87,0.13221482411614413,0.10720318031743846,0.017720703254488736,0.1662571089501126,hard,0.0717948846153846,0.0717948846153846,0.1653001636893244,0.115585245028776
simpleqa,simpleqa/simpleqa-2284,simpleqa-2284,0.1312837327602942,0.12462715451740194,0.04456618950911074,0.17872753224815835,medium,0.4032343552825874,0.425,0.3575961409187744,-0.2499674003645487
reasoning-gym,reasoning-gym/reasoning-gym-cognition-needle-haystack-hard0292e21f-seed45-2,reasoning-gym-cognition-needle-haystack-hard0292e21f-seed45-2,0.1303257189603381,0.11221820115780991,0.03107181291970681,0.1532243725096898,saturated,0.9536252113637864,0.9,0.2768874620972691,0.1693689770014614
lawbench,lawbench/lawbench-1-1-9-zero-shot,lawbench-1-1-9-zero-shot,0.13001596097940724,-0.1367519933652732,0.04613686153150855,0.20965356115882425,medium,0.5063806429623722,0.49758925,0.3373761536935998,0.6888301134095662
reasoning-gym,reasoning-gym/reasoning-gym-algorithmic-base-conversion-easy00cea0a5-seed45-0,reasoning-gym-algorithmic-base-conversion-easy00cea0a5-seed45-0,0.12958717793394062,0.11147649405784651,0.006162095062235996,0.14402628575979765,saturated,0.9923059952070284,0.9833333333333334,0.0552770798392566,0.0501228496903134
reasoning-gym,reasoning-gym/reasoning-gym-games-knight-swap-hard0292e21f-seed45-0,reasoning-gym-games-knight-swap-hard0292e21f-seed45-0,0.12958711739877934,-0.14756904391155293,0.009830656987660471,0.1440262914297252,frontier,0.0096175035264462,0.0192307692307692,0.0666173387526491,-0.0501228582066708
medagentbench,medagentbench/medagentbench-task7_13,medagentbench-task7_13,0.12847153317566182,-0.14842614147273087,0.014158951486589537,0.17070198183204566,frontier,0.0293628261365528,0.03,0.0953939201416945,0.0216318264124579
bigcodebench,bigcodebench/bigcodebench_108,bigcodebench_108,0.12735974124206878,0.05633097907675333,0.02311405987480232,0.13916499187099832,easy,0.884507671535606,0.7857142857142857,0.410325903324145,0.3977600004516827
bigcodebench,bigcodebench/bigcodebench_241,bigcodebench_241,0.12596469900642418,-0.19512394440640635,0.05025209904486305,0.10488391801573035,frontier,0.0384850110383612,0.0714285714285714,0.2575393768188563,-0.4532145498702067
simpleqa,simpleqa/simpleqa-93,simpleqa-93,0.12589646779019187,0.11923087006770829,0.02486756957171264,0.14785681548694157,hard,0.1216742788027,0.15,0.208566536146142,0.1118180439299327
bfcl,bfcl/bfcl-live-multiple-280-128-3,bfcl-live-multiple-280-128-3,0.12508274865919933,0.09991633196857792,0.03718723059410776,0.14432075336588607,easy,0.7615384615384616,0.7615384615384616,0.3721837047200906,0.0578319811408691
seal0,seal0/seal0-58,seal0-58,0.12483968068399584,0.09978683775130784,0.017317759978619316,0.16300247593630993,hard,0.0878205,0.0878205,0.1735475376199337,0.0805039588900272
aider-polyglot,aider-polyglot/polyglot_python_tree-building,polyglot_python_tree-building,0.12448768211761323,0.11582166215928835,0.011163394363485502,0.15830698968445556,frontier,0.0384615384615384,0.0384615384615384,0.0963843391241666,0.190746369058569
labbench,labbench/labbench-figqa-0055,labbench-figqa-0055,0.12348284194365315,-0.13149009112128446,0.024275093745467897,0.1658418785437511,frontier,0.0386789267708981,0.0769230769230769,0.1846153846153846,-0.013437913307769
bfcl,bfcl/bfcl-live-simple-177-103-0,bfcl-live-simple-177-103-0,0.1229228469335526,0.09774482253260344,0.013617184819871021,0.18071640351061613,saturated,0.953846153846154,0.953846153846154,0.1393136175098064,0.0243050913836115
mmau,mmau/mmau-4ef68d01-f537-44fc-bffe-9f05fa48e5cd,mmau-4ef68d01-f537-44fc-bffe-9f05fa48e5cd,0.12251290945143745,0.10220679750090877,0.033338848421229014,0.20275774919379264,medium,0.3413830302617305,0.36,0.3261901286060018,-0.3153964243633652
bigcodebench,bigcodebench/bigcodebench_399,bigcodebench_399,0.12184602031285614,0.05076057185017899,0.013526136840886235,0.10584554713486483,frontier,0.0422074140425586,0.0769230769230769,0.2664693550105965,0.1062074298632194
featurebench-modal,featurebench-modal/featurebench-modal-mlflow__mlflow.93dab383.test_tracing.0dc1e3a3.lv1,featurebench-modal-mlflow__mlflow.93dab383.test_tracing.0dc1e3a3.lv1,0.12171553565526283,0.11181625917152514,0.03260282948300199,0.150501460396889,hard,0.1713395563214498,0.178,0.2915750332247258,0.3656669504415583
reasoning-gym,reasoning-gym/reasoning-gym-logic-circuit-logic-easy00cea0a5-seed45-1,reasoning-gym-logic-circuit-logic-easy00cea0a5-seed45-1,0.11964559637545792,0.10149426130422548,0.03888949002944314,0.1918169405504113,medium,0.4511337444624609,0.4575,0.3831693489829268,-0.3198989435894949
bfcl,bfcl/bfcl-live-irrelevance-799-305-3,bfcl-live-irrelevance-799-305-3,0.11963247642331634,0.09443723098607064,0.01637313144482124,0.1571885193986571,easy,0.9384615384615386,0.9384615384615386,0.1733758103013022,0.0373097839549659
bfcl,bfcl/bfcl-live-irrelevance-179-30-0,bfcl-live-irrelevance-179-30-0,0.11922533896246315,0.09402800143716702,0.036200762489061074,0.21049748371664398,medium,0.4846153846153846,0.4846153846153846,0.3849998078843753,0.2547231904262844
bfcl,bfcl/bfcl-live-irrelevance-511-151-0,bfcl-live-irrelevance-511-151-0,0.1185501134650056,0.09334932509458732,0.028041597541004052,0.19224780741102043,hard,0.1769230769230769,0.1769230769230769,0.300394218304102,0.406326005515319
gpqa-diamond,gpqa-diamond/gpqa-diamond-88,gpqa-diamond-88,0.1177206731989291,-0.13136867249695092,0.04888709928962992,0.26025037836055137,medium,0.554799753359059,0.5438596315789473,0.3721366621160353,0.2005037897068205
lawbench,lawbench/lawbench-3-2-16-zero-shot,lawbench-3-2-16-zero-shot,0.1162554172852719,-0.12301562523913673,0.010018908050807336,0.20250556773568668,hard,0.291967909858973,0.2860761,0.0814441907792692,0.7182074297446737
gaia,gaia/gaia-7dd30055-0198-452e-8c25-f73dbe27dcb8,gaia-7dd30055-0198-452e-8c25-f73dbe27dcb8,0.11488328184067546,0.10310849653309782,0.02774365896830602,0.14644885058098345,hard,0.1086709738818641,0.14,0.2690724809414742,0.0715344355067344
bigcodebench,bigcodebench/bigcodebench_409,bigcodebench_409,0.11451540825073567,0.04336147888232797,0.02001299025338214,0.1422239738371006,hard,0.1588217236628541,0.3076923076923077,0.4615384615384615,-0.1628049616566699
mmau,mmau/mmau-9d66046d-9ad7-4fc4-a2a0-5f5a58ee0282,mmau-9d66046d-9ad7-4fc4-a2a0-5f5a58ee0282,0.11381616581513897,0.09347315763328401,0.017235598647272154,0.22917431603640054,hard,0.1005825593661086,0.1,0.1843908891458577,0.6228116939718977
bigcodebench,bigcodebench/bigcodebench_227,bigcodebench_227,0.11287482457648372,0.04170664374238503,0.010403464775749608,0.11411578532072861,hard,0.0520051616680879,0.0666666666666666,0.2494438257849294,0.4555571219084952
gpqa-diamond,gpqa-diamond/gpqa-diamond-185,gpqa-diamond-185,0.11254822308795011,0.09881810954730645,0.03782852357309819,0.30211516420893153,medium,0.4997190834539028,0.4888888888888888,0.3828096261544937,0.538835842862058
simpleqa,simpleqa/simpleqa-354,simpleqa-354,0.11112394424870947,-0.11779718751030341,0.015978787935579195,0.12343380467334293,saturated,0.9692232726527552,0.96,0.1356465996625053,0.1916857616867887
gaia,gaia/gaia-c365c1c7-a3db-4d5e-a9a1-66f56eae7865,gaia-c365c1c7-a3db-4d5e-a9a1-66f56eae7865,0.11071936775015256,-0.122457963788837,0.034840688619460373,0.14135338384585688,medium,0.5538461538461539,0.5538461538461539,0.2845114155216451,0.0401134890089806
gpqa-diamond,gpqa-diamond/gpqa-diamond-186,gpqa-diamond-186,0.11043394415281702,0.09669788063168921,0.04188609970599114,0.3292524956073044,hard,0.295638600679503,0.35,0.4331646095277965,0.6374356499984775
mmmlu,mmmlu/mmmlu-zh-cn-00124,mmmlu-zh-cn-00124,0.11039499278395258,0.09494793243829143,0.011491617534072796,0.12660340960758812,saturated,0.9807683942481488,0.96875,0.1210307295689817,0.454895839693778
swtbench,swtbench/swtbench-django__django-14373,swtbench-django__django-14373,0.10975448329390042,0.055801646976159545,0.017040477944718597,0.24929284497879767,medium,0.6997419136153951,0.7538461538461539,0.3053758960196801,-0.4155115273996796
gpqa-diamond,gpqa-diamond/gpqa-diamond-69,gpqa-diamond-69,0.10957120945997646,0.09583275390376056,0.0382334227027573,0.2558745306453358,medium,0.4521921400626257,0.4631578947368421,0.3989598664894152,-0.1926497506143295
gaia,gaia/gaia-7bd855d8-463d-4ed5-93ca-5fe35145f733,gaia-7bd855d8-463d-4ed5-93ca-5fe35145f733,0.10914156663092696,0.09735264501689138,0.03820393662614978,0.24525892062665822,easy,0.7585159486283466,0.7,0.3924283374069716,0.1925755529625145
seal0,seal0/seal0-76,seal0-76,0.10822871194328447,0.08309329340487215,0.01625968059003788,0.16111843495820213,hard,0.0666666538461538,0.0666666538461538,0.1956798187166872,0.0658594836411671
reasoning-gym,reasoning-gym/reasoning-gym-algorithmic-binary-matrix-easy00cea0a5-seed45-1,reasoning-gym-algorithmic-binary-matrix-easy00cea0a5-seed45-1,0.10739544403447726,0.08919905274934013,0.033242524246019,0.21056517031998429,easy,0.8741497370945908,0.8333333333333334,0.3726779962499649,-0.2269711680864383
reasoning-gym,reasoning-gym/reasoning-gym-cognition-rectangle-count-easy00cea0a5-seed45-2,reasoning-gym-cognition-rectangle-count-easy00cea0a5-seed45-2,0.10738401940745963,0.08918758869518473,0.02138193898506218,0.16135832182853568,hard,0.1775058892463462,0.2064,0.2397411937903037,-0.2739509238402448
lawbench,lawbench/lawbench-3-6-10-one-shot,lawbench-3-6-10-one-shot,0.10713937865285882,-0.11391417688921157,0.02614297398121581,0.20114017650889382,medium,0.6553974126664307,0.6453750000000001,0.2294971064632406,0.640496952512637
lawbench,lawbench/lawbench-1-1-10-zero-shot,lawbench-1-1-10-zero-shot,0.10709914782893558,-0.1138740079365133,0.031468565239314086,0.20195119810460604,medium,0.405098973198602,0.4018754999999999,0.2763454611772192,0.6528064821264205
algotune,algotune/algotune-two-eigenvalues-around-0,algotune-two-eigenvalues-around-0,0.10698389708390611,0.08846504658329792,0.028911457537977615,0.21383396783711317,medium,0.4981807371024456,0.4605098393851599,0.3268122117672186,-0.2690250096961231
bfcl,bfcl/bfcl-parallel-19,bfcl-parallel-19,0.1068180748482906,0.08156107490258897,0.00980019013576221,0.11094352631469445,frontier,0.0307692307692307,0.0307692307692307,0.1201576873216408,-0.0121706821303084
swebench-multilingual,swebench-multilingual/swebench-multilingual-prometheus__prometheus-15142,swebench-multilingual-prometheus__prometheus-15142,0.10629573476356062,0.10064287343774202,0.03865114363800724,0.15510102848727111,medium,0.387059630250636,0.3738095,0.3840425289716808,-0.0721160604978024
livecodebench,livecodebench/livecodebench-3655,livecodebench-3655,0.10617617284058861,0.07916210944399196,0.021326643067063642,0.20318764390014996,medium,0.5621116733445731,0.5629629444444444,0.269404683842495,0.0559280571029047
reasoning-gym,reasoning-gym/reasoning-gym-algebra-simple-equations-easy00cea0a5-seed45-1,reasoning-gym-algebra-simple-equations-easy00cea0a5-seed45-1,0.10595528807163708,0.08775396478292309,0.01293541302874035,0.1505912969925929,saturated,0.9793693910758016,0.9555555833333336,0.1474054541095513,0.1613577121105585
featurebench-modal,featurebench-modal/featurebench-modal-mlflow__mlflow.93dab383.test_unity_catalog_rest_store.f47a7d9f.lv1,featurebench-modal-mlflow__mlflow.93dab383.test_unity_catalog_rest_store.f47a7d9f.lv1,0.1056808897381844,0.09574737708686276,0.018980211968425684,0.1266671485439885,frontier,0.0461554662492766,0.048,0.1982321870938218,0.185162591265856
reasoning-gym,reasoning-gym/reasoning-gym-geometry-simple-geometry-hard0292e21f-seed45-2,reasoning-gym-geometry-simple-geometry-hard0292e21f-seed45-2,0.10562223460795644,0.08741978165996606,0.0204149263868972,0.19722998339016398,easy,0.7166041818176685,0.7306666500000001,0.2335275380382954,-0.337246607590111
lawbench,lawbench/lawbench-3-6-18-one-shot,lawbench-3-6-18-one-shot,0.10539249247248858,-0.11216995687008147,0.019037525263387468,0.20193821432620576,medium,0.6613688082008031,0.655,0.1697203582367183,0.5100589370103101
bfcl,bfcl/bfcl-live-irrelevance-3-0-3,bfcl-live-irrelevance-3-0-3,0.10511022070972682,0.07984562845198201,0.011123583341989537,0.15023518223113977,saturated,0.953846153846154,0.953846153846154,0.1393136175098064,0.064268981620023
crustbench,crustbench/crustbench-fs-c,crustbench-fs-c,0.10481856704281169,0.09013516229725363,0.025427052575861947,0.21387248307682144,hard,0.2482366823737214,0.2608695652173913,0.2820991489648285,0.0502296011531876
swebench-multilingual,swebench-multilingual/swebench-multilingual-fmtlib__fmt-3863,swebench-multilingual-fmtlib__fmt-3863,0.10431193508759258,0.09865678121887585,0.033536856838886804,0.1425956265200887,hard,0.0778939970442873,0.1333333333333333,0.339934634239519,0.115302530332498
reasoning-gym,reasoning-gym/reasoning-gym-logic-aiw-hard0292e21f-seed45-0,reasoning-gym-logic-aiw-hard0292e21f-seed45-0,0.10387215178875255,0.08566383030635766,0.03365193342106593,0.1754144701875127,easy,0.8928809599429677,0.7777777499999999,0.3928371320861706,-0.0130790044160721
seal0,seal0/seal0-75,seal0-75,0.10341884135444682,0.07826215131525822,0.026160651374989834,0.14472064996639938,hard,0.2416666538461538,0.2416666538461538,0.334269515153099,0.1709685817148348
algotune,algotune/algotune-vector-quantization,algotune-vector-quantization,0.10049286323781714,0.08195216759579196,0.013224260078799243,0.16040588606773395,hard,0.0679124631121729,0.0802300863688735,0.1613655924761443,0.0480993165964359
gpqa-diamond,gpqa-diamond/gpqa-diamond-64,gpqa-diamond-64,0.09952835389267072,0.08576358222706608,0.024895992894507397,0.339038828498318,easy,0.7907293324362537,0.807407388888889,0.2902862992428794,-0.4708530884503595
gpqa-diamond,gpqa-diamond/gpqa-diamond-85,gpqa-diamond-85,0.09947989303429074,0.08571500120795583,0.037047765192522675,0.3474328394527396,hard,0.2675956769499429,0.3052631578947368,0.4322203193189012,0.6113162168823579
bigcodebench,bigcodebench/bigcodebench_1006,bigcodebench_1006,0.09780287477011453,0.026522108056063972,0.010370050396657345,0.17657457330437634,medium,0.3929694639235492,0.39533332,0.3909964613196104,0.1406870129655976
bfcl,bfcl/bfcl-parallel-84,bfcl-parallel-84,0.09771259426977363,-0.12282039900677308,0.047727368162402584,0.17755038338019957,medium,0.5230769230769231,0.5230769230769231,0.3885947981635412,-0.3371628319609996
kumo,kumo/kumo-starconstellationenv-t4-a6-v1-s1,kumo-starconstellationenv-t4-a6-v1-s1,0.0974379187981701,-0.11005202529594497,0.03578127323978503,0.12370582886320988,easy,0.865341897587921,0.8055556111111112,0.3251305293434108,0.0897811136739726
medagentbench,medagentbench/medagentbench-task7_25,medagentbench-task7_25,0.09673848387399006,0.07650018877317193,0.0045900113263903156,0.17502784581389713,frontier,0.0153970357031169,0.02,0.06,-0.0628566099824316
gpqa-diamond,gpqa-diamond/gpqa-diamond-94,gpqa-diamond-94,0.09575359179960138,0.08197965670691826,0.027679517860168642,0.3599489361709027,medium,0.308461846643922,0.3,0.3376388603226826,0.6527638438293223
gpqa-diamond,gpqa-diamond/gpqa-diamond-167,gpqa-diamond-167,0.09461772832755648,0.08084111368458342,0.020064236760082513,0.348386130534725,hard,0.1238730845001433,0.12,0.2481934729198171,0.6405917432677072
strongreject,strongreject/strongreject_sexual_content_0005_pap_logical_appeal,strongreject_sexual_content_0005_pap_logical_appeal,0.09337389651801487,-0.07776624609833621,0.005305623155996291,0.11890529676186035,saturated,0.9758976711827468,0.97375,0.0682252702449759,-0.1319108502379889
kumo,kumo/kumo-educationenv-t4-a6-v1-s1,kumo-educationenv-t4-a6-v1-s1,0.09323143537656478,-0.1058567700106304,0.03241188764447101,0.11331326738599592,easy,0.8971350959301408,0.8333333125,0.3061862518685969,-0.0305572606155507
algotune,algotune/algotune-base64-encoding,algotune-base64-encoding,0.0927960242502342,0.07423148045038322,0.011023806735835954,0.17110874468684376,frontier,0.0460494349177256,0.0478911933852428,0.1485058181374186,0.1366158962785185
mmau,mmau/mmau-1a5dd76a-7905-4a83-bd88-7ae26730656d,mmau-1a5dd76a-7905-4a83-bd88-7ae26730656d,0.09222177381756919,0.07180070744659704,0.006259440556688891,0.15028700342061999,frontier,0.0227401611334836,0.02,0.0871779788708134,0.481949980716582
mmmlu,mmmlu/mmmlu-ar-xy-00005,mmmlu-ar-xy-00005,0.09213810645909364,0.0766398641084477,0.011544931250389343,0.16479536414249105,easy,0.947419895543446,0.924074111111111,0.1506387228721194,0.3715169269003071
featurebench-modal,featurebench-modal/featurebench-modal-pytest-dev__pytest.68016f0e.test_local.40fb2f1f.lv1,featurebench-modal-pytest-dev__pytest.68016f0e.test_local.40fb2f1f.lv1,0.09099544148819055,0.08103511879539746,0.013045684621048555,0.14574196783498197,hard,0.0916822560408158,0.098717923076923,0.160988035989521,0.051458136642992
kumo,kumo/kumo-machinepartenv-t4-a6-v1-s0,kumo-machinepartenv-t4-a6-v1-s0,0.09087249049059058,0.07819704552734517,0.00873057807807457,0.13039908599055094,saturated,0.9802342751913108,0.9736842105263158,0.111648439134718,0.2207897783197215
kumo,kumo/kumo-transdimensionalenv-t4-a6-v1-s1,kumo-transdimensionalenv-t4-a6-v1-s1,0.09077355325253333,0.07809790264618378,0.008510521633429819,0.13044065176461872,saturated,0.9802379472532174,0.975,0.1089724735885168,0.220701979674053
kumo,kumo/kumo-cookingenv-t4-a6-v1-s0,kumo-cookingenv-t4-a6-v1-s0,0.09077338990063516,0.07809773895496279,0.005812987956521068,0.1304408213327798,saturated,0.9868251781982113,0.9824561578947368,0.0744322183241859,0.2207025857571483
kumo,kumo/kumo-spiceenv-t4-a6-v1-s0,kumo-spiceenv-t4-a6-v1-s0,0.09067363498310442,0.07799777694928658,0.008708330052365734,0.13045507954369598,saturated,0.9802110466701432,0.9736842105263158,0.111648439134718,0.2206623366993831
algotune,algotune/algotune-eigenvectors-complex,algotune-eigenvectors-complex,0.086826202882189,0.0682446964816661,0.005562957003962568,0.11011189691458308,frontier,0.01179407922666,0.0235313137086846,0.0815148618245676,0.0740962561192965
reasoning-gym,reasoning-gym/reasoning-gym-cognition-number-sequence-easy00cea0a5-seed45-2,reasoning-gym-cognition-number-sequence-easy00cea0a5-seed45-2,0.0865386905099669,-0.10471222257969591,0.04757099811178421,0.1716835755109027,hard,0.1622311517780886,0.3230769230769231,0.4543022480071816,-0.1458422774276785
humanevalfix,humanevalfix/humanevalfix-python-21,humanevalfix-python-21,0.08531106121161387,0.03625592737762125,0.009661093583625761,0.10489096649019405,saturated,0.9615367195682092,0.9230769230769232,0.2664693550105965,0.4533758806758357
humanevalfix,humanevalfix/humanevalfix-python-38,humanevalfix-python-38,0.08529128640410731,0.036236057823094796,0.008300282992256056,0.10490010012034397,saturated,0.9615379562161414,0.9444444444444444,0.2290614236454256,0.4533028420787397
reasoning-gym,reasoning-gym/reasoning-gym-games-knight-swap-hard0292e21f-seed45-2,reasoning-gym-games-knight-swap-hard0292e21f-seed45-2,0.0849297712914931,-0.10310915775530591,0.02226268552177483,0.14875209798277245,hard,0.0788880819552497,0.1025,0.215913755930464,-0.2941873810040768
aider-polyglot,aider-polyglot/polyglot_java_twelve-days,polyglot_java_twelve-days,0.08256629492073589,0.07382870769698041,0.014896221909280336,0.16168487250222915,hard,0.0923076923076923,0.0923076923076923,0.2017673392092923,-0.1433431890862249
reasoning-gym,reasoning-gym/reasoning-gym-algebra-intermediate-integration-easy00cea0a5-seed45-2,reasoning-gym-algebra-intermediate-integration-easy00cea0a5-seed45-2,0.08255057253809427,-0.10073844342364446,0.03754300124046427,0.1362944394577577,easy,0.9230535159677798,0.8333333333333334,0.3726779962499649,-0.0227771829969028
labbench,labbench/labbench-figqa-0088,labbench-figqa-0088,0.08217467021788398,-0.09025506690293897,0.010933370884049288,0.19631200839786686,frontier,0.03089175100821,0.0615384615384615,0.1211385826771047,-0.307907466526949
gpqa-diamond,gpqa-diamond/gpqa-diamond-164,gpqa-diamond-164,0.08197894455158058,-0.09573592920380025,0.034727072848868834,0.24650380275064518,medium,0.6400272492461044,0.6333333157894736,0.3627381395645381,0.2505589285644993
kumo,kumo/kumo-artstyleenv-t4-a6-v1-s1,kumo-artstyleenv-t4-a6-v1-s1,0.08168122485066874,0.06898774685720074,0.027778635866697817,0.18279060427987492,medium,0.5812232672130793,0.5791667,0.4026604307602251,0.1029145760858194
reasoning-gym,reasoning-gym/reasoning-gym-algorithmic-string-insertion-easy00cea0a5-seed45-2,reasoning-gym-algorithmic-string-insertion-easy00cea0a5-seed45-2,0.0813311334312995,0.06305734759784454,0.01497529032956129,0.19816695074542903,easy,0.8606527270996142,0.86,0.2374868417407583,-0.190340853339008
bfcl,bfcl/bfcl-live-irrelevance-642-203-2,bfcl-live-irrelevance-642-203-2,0.08054265189502796,-0.10574448196417258,0.03849801796446666,0.21669892317805256,medium,0.323076923076923,0.323076923076923,0.3640664481907456,0.1471469094192501
labbench,labbench/labbench-figqa-0104,labbench-figqa-0104,0.08027478663216622,0.07217582426173315,0.012853777999665732,0.19167295927935982,hard,0.169186832248122,0.1538461538461538,0.178089798504465,-0.0253857894868558
seal0,seal0/seal0-108,seal0-108,0.07920529063828137,0.05395948633345922,0.016174890439058804,0.1531093852613968,medium,0.3320766348087322,0.312,0.299759903923123,0.1074845272649123
reasoning-gym,reasoning-gym/reasoning-gym-arc-arc-1d-hard0292e21f-seed45-2,reasoning-gym-arc-arc-1d-hard0292e21f-seed45-2,0.07853095999993799,0.0602503526280552,0.017815220912425038,0.18991043999688859,hard,0.1086251855350158,0.1416666666666666,0.2956865833201695,0.1466447710843006
featurebench-modal,featurebench-modal/featurebench-modal-mlflow__mlflow.93dab383.test_trace_correlation.53c200a6.lv2,featurebench-modal-mlflow__mlflow.93dab383.test_trace_correlation.53c200a6.lv2,0.07790285347951036,0.06792229057209355,0.026057384477807075,0.15856468371997665,hard,0.2235114229638055,0.232,0.3836352434279207,0.1092831186543063
lawbench,lawbench/lawbench-3-1-4-zero-shot,lawbench-3-1-4-zero-shot,0.07776551013940053,-0.08457958929392431,0.020217339553336027,0.18121478814238956,easy,0.7166465831841736,0.6999207000000001,0.2390333143269155,0.5871286177653541
swebench-multilingual,swebench-multilingual/swebench-multilingual-caddyserver__caddy-4943,swebench-multilingual-caddyserver__caddy-4943,0.07667547105841921,0.07099306679650319,0.009141755090615431,0.1387981330776768,frontier,0.0192353336229715,0.0357142857142857,0.1287696884094281,0.0153515112471955
swebench-multilingual,swebench-multilingual/swebench-multilingual-fastlane__fastlane-20642,swebench-multilingual-fastlane__fastlane-20642,0.07667547105841921,0.07099306679650322,0.009141755090615435,0.1387981330776768,frontier,0.0192353336229715,0.0357142857142857,0.1287696884094281,0.0153515112471955
swebench-multilingual,swebench-multilingual/swebench-multilingual-vuejs__core-11899,swebench-multilingual-vuejs__core-11899,0.07665622026849996,0.07097380007236787,0.006092843320851824,0.1387950093460857,frontier,0.0128216717288864,0.0238095,0.0858463730931598,0.0153071402668209
swebench-multilingual,swebench-multilingual/swebench-multilingual-redis__redis-11279,swebench-multilingual-redis__redis-11279,0.07665238297416578,0.07096995960234495,0.005901000178664186,0.13879436690440036,frontier,0.0128212908634706,0.0222222,0.0831478587803678,0.0152996548233517
bfcl,bfcl/bfcl-live-multiple-83-38-0,bfcl-live-multiple-83-38-0,0.07651937732414345,0.051149933724803094,0.014191894410883426,0.13052217217762865,easy,0.7615384615384616,0.7615384615384616,0.277456750721099,-0.0518737887880313
mmau,mmau/mmau-adcc613e-3c79-4478-8f08-d408984265a6,mmau-adcc613e-3c79-4478-8f08-d408984265a6,0.07567438633088691,0.05520656711650561,0.0241650943328268,0.15300265155986112,hard,0.2924899326698329,0.38,0.4377213725647857,-0.1853968925232161
labbench,labbench/labbench-figqa-0152,labbench-figqa-0152,0.07554906082775904,-0.08363861297167936,0.013738707932153559,0.1877757944247549,frontier,0.03173137245335,0.0615384615384615,0.1642627423389432,-0.229551876767573
mmau,mmau/mmau-31564584-4c55-4f17-b013-62afc898c135,mmau-31564584-4c55-4f17-b013-62afc898c135,0.07552397062780834,-0.09589714991798605,0.009622623173027792,0.168168796889385,frontier,0.0250653767246175,0.0325,0.1003431612019474,-0.2864266455989552
kumo,kumo/kumo-fantasyenv-t4-a6-v1-s0,kumo-fantasyenv-t4-a6-v1-s0,0.07494311867223172,-0.08761204916308882,0.006689506880416473,0.07193509973659641,saturated,0.9871478064575266,0.9814815,0.0763537315280006,-0.0362538869311438
mmau,mmau/mmau-27e29e2e-28d8-45e2-be0c-697af91caa48,mmau-27e29e2e-28d8-45e2-be0c-697af91caa48,0.07431080295338809,-0.0946884661659117,0.00825474910272158,0.19018716935881344,frontier,0.0280237164843068,0.02,0.0871779788708134,0.292522527110006
gpqa-diamond,gpqa-diamond/gpqa-diamond-113,gpqa-diamond-113,0.07422622977289202,0.060407631643175905,0.024948333585443457,0.20706780675691425,medium,0.3450499462309096,0.3675,0.4129996973364508,0.392592218434186
bfcl,bfcl/bfcl-simple-javascript-42,bfcl-simple-javascript-42,0.0737948935706664,0.048417647081689004,0.01519733535886047,0.15333559871164712,easy,0.8384615384615385,0.8384615384615385,0.3138800886631256,-0.0656547983811261
livecodebench,livecodebench/livecodebench-2857,livecodebench-2857,0.0729733339798687,0.0458337050870899,0.0068431527799555645,0.11348665140073444,saturated,0.959414088086015,0.9416666666666668,0.1493039405597409,0.1799970637880386
bfcl,bfcl/bfcl-live-irrelevance-653-206-2,bfcl-live-irrelevance-653-206-2,0.0726071245119555,0.04722659532126653,0.019057568955771927,0.17995452129822306,medium,0.5846153846153845,0.5846153846153845,0.4035346784185847,0.0293853163182564
bfcl,bfcl/bfcl-live-irrelevance-844-334-0,bfcl-live-irrelevance-844-334-0,0.07178351971862079,0.046400756721477324,0.0039262178764326965,0.12888164523308313,saturated,0.976923076923077,0.976923076923077,0.0846153846153846,0.0625730062393065
algotune,algotune/algotune-polynomial-real,algotune-polynomial-real,0.07165504907810316,0.053036462972149506,0.009750238448500141,0.11380794504877281,frontier,0.0358043669328179,0.0475449012523605,0.1838402846287126,0.0881159386909773
mmmlu,mmmlu/mmmlu-id-id-00075,mmmlu-id-id-00075,0.07132193597896265,-0.08681399064561146,0.0323088215123742,0.1959863196090989,hard,0.1871770583622507,0.254385947368421,0.3721614600607862,-0.0041382191045105
reasoning-gym,reasoning-gym/reasoning-gym-cognition-color-cube-rotation-easy00cea0a5-seed45-1,reasoning-gym-cognition-color-cube-rotation-easy00cea0a5-seed45-1,0.06969429883374408,0.051394062124221804,0.01565687100581388,0.18395366629222748,medium,0.5752847508554196,0.5717000000000001,0.3046435786291908,-0.0226445235112178
bixbench,bixbench/bix-10-q5,bix-10-q5,0.06935248015154741,-0.12908554817804332,0.020410217262700762,0.1778824361744562,hard,0.077426193689736,0.0999999999999999,0.1581138830084189,-0.4577751533488702
mmmlu,mmmlu/mmmlu-bn-bd-00013,mmmlu-bn-bd-00013,0.06791437681058739,0.05236436715957902,0.014513297736077084,0.14279050433146304,easy,0.8963052342977691,0.8518518888888889,0.2771598039531003,0.2745654873624095
bfcl,bfcl/bfcl-irrelevance-15,bfcl-irrelevance-15,0.06790590449802847,0.04251309137329237,0.00226568720754955,0.14285849147782062,saturated,0.9846153846153848,0.9846153846153848,0.0532938710021192,0.2292267876967322
gpqa-diamond,gpqa-diamond/gpqa-diamond-170,gpqa-diamond-170,0.06784299625293454,0.05401363757943785,0.018257311736657636,0.25552241968648803,medium,0.6648675568157282,0.655,0.3380130010648998,0.4571680284706562
kumo,kumo/kumo-sorcererenv-t4-a6-v1-s0,kumo-sorcererenv-t4-a6-v1-s0,0.06775688725212058,-0.080440624108729,0.02748928213514455,0.18795563627397632,hard,0.204681922699522,0.2794117647058823,0.3417338246653603,-0.1696578996054824
seal0,seal0/seal0-27,seal0-27,0.06772172188429458,0.04244411968735905,0.0056282887237131835,0.1735866926635061,hard,0.0519230769230769,0.054,0.1326046756340062,0.2472997895048783
swebench-multilingual,swebench-multilingual/swebench-multilingual-astral-sh__ruff-15394,swebench-multilingual-astral-sh__ruff-15394,0.0673739784250831,0.06168436923698581,0.015886154012757555,0.15829296544996466,frontier,0.0384643642762614,0.0714285714285714,0.2575393768188563,-0.0149430521653344
algotune,algotune/algotune-sha256-hashing,algotune-sha256-hashing,0.065758316887663,0.04712765151530653,0.008121546001362797,0.1581027128062676,frontier,0.0350526151781129,0.0350526151781129,0.1723308024106614,0.1264123231615109
mmmlu,mmmlu/mmmlu-en-us-00034,mmmlu-en-us-00034,0.06565266821709123,0.05009876387609374,0.009567498314562967,0.15443717617890756,easy,0.9013178952585816,0.9,0.1909727421264462,-0.1731101679974442
bigcodebench,bigcodebench/bigcodebench_560,bigcodebench_560,0.06527141180136324,-0.006140196897288436,0.0022153904842662,0.1802711791397187,hard,0.1141646069054955,0.1538461538461538,0.3608012122941099,-0.043610268992444
simpleqa,simpleqa/simpleqa-1825,simpleqa-1825,0.0645307119942846,0.0577901707579149,0.008394507188896266,0.12126453655144988,easy,0.8749070179432502,0.8700000000000001,0.1452583904633395,0.0291595983980944
simpleqa,simpleqa/simpleqa-619,simpleqa-619,0.06375803162813394,0.05701687232563709,0.018528290419428037,0.10032495970006464,medium,0.6917643070681897,0.68,0.3249615361854384,-0.0445637029364746
bigcodebench,bigcodebench/bigcodebench_530,bigcodebench_530,0.0618951299876012,-0.009521325390643137,0.003958393053308686,0.15525693593081058,hard,0.1539815319513946,0.2222222222222222,0.415739709641549,-0.006880471159083
kumo,kumo/kumo-architecturalenv-t4-a6-v1-s0,kumo-architecturalenv-t4-a6-v1-s0,0.06175397629688387,-0.07444907562768255,0.004056449963763563,0.0708946694287278,saturated,0.9903813079956174,0.9875,0.0544862367942584,0.0345991880348074
gaia,gaia/gaia-3ff6b7a9-a5bd-4412-ad92-0cd0d45c0fee,gaia-3ff6b7a9-a5bd-4412-ad92-0cd0d45c0fee,0.06054457417089013,0.048667599111420004,0.02057311440506683,0.13501397684949315,medium,0.5230769230769231,0.5230769230769231,0.4227271281241257,-0.0636221338811253
labbench,labbench/labbench-figqa-0033,labbench-figqa-0033,0.060085793168771426,-0.06819393920565679,0.01761801500761772,0.19477365936129054,easy,0.901708162719102,0.8307692307692308,0.2583516249807179,-0.0894757610192448
mmau,mmau/mmau-a5dfb846-f86e-4b4b-8311-5e783b9f4634,mmau-a5dfb846-f86e-4b4b-8311-5e783b9f4634,0.05906755189658036,0.03856418711713798,0.004135548339950189,0.14170708665317513,frontier,0.0386757065754907,0.05,0.1072380529476361,-0.1647621050127938
algotune,algotune/algotune-minimum-spanning-tree,algotune-minimum-spanning-tree,0.05853625863652449,0.039892576866014946,0.009369897989059055,0.20453837605088027,medium,0.4822407954376242,0.4896690586703932,0.2348782336254995,0.0189624962039795
featurebench-modal,featurebench-modal/featurebench-modal-huggingface__transformers.e2e8dbed.test_modeling_swin2sr.f5cba486.lv1,featurebench-modal-huggingface__transformers.e2e8dbed.test_modeling_swin2sr.f5cba486.lv1,0.05764967672721553,0.04764459893388115,0.004865583006501144,0.10768055830846854,frontier,0.0269230769230769,0.0269230769230769,0.1021224465180904,0.1787371538289036
gaia,gaia/gaia-ec09fa32-d03f-4bf8-84b0-1f16922c3ae4,gaia-ec09fa32-d03f-4bf8-84b0-1f16922c3ae4,0.057589181778369934,0.04570867279081719,0.014111974414329986,0.13511600109878305,medium,0.3009909091441803,0.3175,0.3087373479189066,-0.0009508659653737
algotune,algotune/algotune-set-cover-conflicts,algotune-set-cover-conflicts,0.0551982594654034,-0.07378971198376692,0.011736607450369732,0.1904480933858904,medium,0.3361966631316054,0.3446126720656083,0.1590547941554736,-0.1220939576802518
reasoning-gym,reasoning-gym/reasoning-gym-algebra-polynomial-equations-easy00cea0a5-seed45-2,reasoning-gym-algebra-polynomial-equations-easy00cea0a5-seed45-2,0.05478183068252339,0.036454999411671095,0.005423766024187933,0.1421110430256973,saturated,0.9707976973473108,0.9375,0.148779758927976,-0.0614906018402834
mmau,mmau/mmau-091aefd5-f784-4472-8257-e24b6d19e32b,mmau-091aefd5-f784-4472-8257-e24b6d19e32b,0.05455380736288109,0.03404274859123264,0.008710471056432061,0.13697728986856544,hard,0.120916710011002,0.1375,0.255868618630734,0.1477587974219397
gpqa-diamond,gpqa-diamond/gpqa-diamond-81,gpqa-diamond-81,0.05453255492697026,0.04068440805696413,0.015796625299869648,0.3332973717824701,hard,0.2857917083354398,0.2990740555555555,0.3882722166622667,0.5967192483424884
kumo,kumo/kumo-licenseenv-t4-a6-v1-s0,kumo-licenseenv-t4-a6-v1-s0,0.05374281685038306,-0.06645165310175453,0.0059024371446944265,0.06993567772420836,saturated,0.9871784721411688,0.974359,0.0888230295137471,0.1078369818636305
spider2,spider2/spider2-mrr001,spider2-mrr001,0.0524506604805347,-0.027624685721436566,0.00685997532175929,0.20814258298934862,easy,0.917944341054526,0.8666666875,0.2483277236503001,-0.0489528599368635
gpqa-diamond,gpqa-diamond/gpqa-diamond-75,gpqa-diamond-75,0.05208011682756895,-0.06590119733944926,0.024995414990672992,0.22813560687379758,medium,0.6092443395532025,0.6055555555555555,0.3792862041932952,-0.1816982248404634
algotune,algotune/algotune-generalized-eigenvectors-real,algotune-generalized-eigenvectors-real,0.050755687635998484,0.03210017183136392,0.01105415406157777,0.2124788738018348,medium,0.3312400938477565,0.3602135178291604,0.3443643267596828,-0.1645318136483732
algotune,algotune/algotune-l1-pruning,algotune-l1-pruning,0.0489547737652425,0.030296842252555547,0.004926893268475234,0.19903753728429743,hard,0.1970876742886638,0.1940941655407252,0.1626206859251033,-0.0117038605120748
bixbench,bixbench/bix-6-q5,bix-6-q5,0.04784141597512962,-0.012680832950921286,0.0007608499770552771,0.16312020936276422,frontier,0.0155972703290755,0.02,0.06,-0.2729179148558944
mmau,mmau/mmau-1beb87ed-8d10-4c39-87b4-81365b947fb8,mmau-1beb87ed-8d10-4c39-87b4-81365b947fb8,0.04757337607725385,0.027052072967526826,0.0024793634415832067,0.18221330721647946,frontier,0.0462033134633506,0.06,0.0916515138991168,-0.3838914103168804
gaia,gaia/gaia-f0f46385-fc03-4599-b5d3-f56496c3e69f,gaia-f0f46385-fc03-4599-b5d3-f56496c3e69f,0.047516964043301524,0.03562597772092502,0.009679437844705286,0.19215466024206368,medium,0.5645068375587725,0.5825000000000001,0.2716960618043625,-0.0495736885553692
kumo,kumo/kumo-currencyenv-t4-a6-v1-s1,kumo-currencyenv-t4-a6-v1-s1,0.04649240168257683,-0.05921226353612338,0.004777664192469582,0.0743503054218553,saturated,0.9871526882861484,0.9791666875,0.0806870723588348,0.1616687546741979
kumo,kumo/kumo-musicgenresenv-t4-a6-v1-s0,kumo-musicgenresenv-t4-a6-v1-s0,0.046274649126263036,-0.058994821431011785,0.0045044747570858095,0.07424552517421547,saturated,0.9871072092562876,0.9814815,0.0763537315280006,0.1613025647969815
bigcodebench,bigcodebench/bigcodebench_445,bigcodebench_445,0.04612517437469112,-0.11684317121946973,0.04794377977788666,0.23479161400160395,easy,0.7841924032875153,0.7857142857142857,0.410325903324145,-0.3158270495183971
mmau,mmau/mmau-239ec016-c087-4a7b-a64e-b99e4dece85e,mmau-239ec016-c087-4a7b-a64e-b99e4dece85e,0.043689011317334665,-0.06415997277792586,0.019290717727977944,0.17942666427213577,hard,0.2226219389023307,0.24,0.3006659275674582,-0.4494768570202219
lawbench,lawbench/lawbench-1-1-12-zero-shot,lawbench-1-1-12-zero-shot,0.042008479776597454,0.035156601156118406,0.01087401643310094,0.12274937947574253,medium,0.6160400290414162,0.5997785555555555,0.3093022668719642,0.7438899354103873
gpqa-diamond,gpqa-diamond/gpqa-diamond-87,gpqa-diamond-87,0.04146166050426072,0.02759986163977282,0.0017347599400261153,0.13104375047717415,saturated,0.9845813989241052,0.977777777777778,0.0628539361054708,-0.0128625835296025
gaia,gaia/gaia-08f3a05f-5947-4089-a4c4-d4bcfaa6b7a0,gaia-08f3a05f-5947-4089-a4c4-d4bcfaa6b7a0,0.04062935210465587,0.028732595255420885,0.009337929980276456,0.09109437134001121,easy,0.7769230769230769,0.7769230769230769,0.3249943103735016,0.0562964212954149
bfcl,bfcl/bfcl-live-irrelevance-184-31-3,bfcl-live-irrelevance-184-31-3,0.03950557601072358,0.014062601202649369,0.004599615424323089,0.1535799026091884,easy,0.7384615384615384,0.7384615384615384,0.3270814096226045,0.2391899403799844
bigcodebench,bigcodebench/bigcodebench_313,bigcodebench_313,0.038579158372412575,-0.03282622247339465,0.01572892819179465,0.14929846370484376,hard,0.1964134193674656,0.3571428571428571,0.4791574237499548,-0.1520988225556208
kumo,kumo/kumo-chessenv-t4-a6-v1-s1,kumo-chessenv-t4-a6-v1-s1,0.0381269112770567,-0.05085783275599846,0.023807539774510975,0.11477056436485496,medium,0.6255048902033487,0.5555555555555556,0.468119431843131,0.2715821403182237
humanevalfix,humanevalfix/humanevalfix-python-6,humanevalfix-python-6,0.03698169097507476,-0.08588567892544606,0.02288590146791079,0.05153581647111409,saturated,0.9615144705053064,0.9230769230769232,0.2664693550105965,0.1576022386857518
seal0,seal0/seal0-37,seal0-37,0.03666656066131151,0.011336607963051687,0.0019825215082421395,0.16403607406770937,hard,0.0916666538461538,0.0916666538461538,0.1748778395357395,-0.2973315652004542
featurebench-modal,featurebench-modal/featurebench-modal-huggingface__transformers.e2e8dbed.test_modeling_colpali.370cfbdd.lv1,featurebench-modal-huggingface__transformers.e2e8dbed.test_modeling_colpali.370cfbdd.lv1,0.03634566327811918,-0.046356673595875336,0.004457372461141857,0.1231630203015881,frontier,0.0192307692307692,0.0192307692307692,0.0961538461538461,0.0733411885461902
swtbench,swtbench/swtbench-django__django-13809,swtbench-django__django-13809,0.035610696495475304,-0.018601278351524708,0.005467337291047435,0.24193468961815298,hard,0.1159070693360481,0.2230769230769231,0.2939226642237354,-0.2954589139942215
gpqa-diamond,gpqa-diamond/gpqa-diamond-133,gpqa-diamond-133,0.035056914712408016,0.021190160812097063,0.005053531270747131,0.24738667621966842,easy,0.9261565533053774,0.925,0.2384848003542364,-0.2377472186505974
kumo,kumo/kumo-oskernelenv-t4-a6-v1-s0,kumo-oskernelenv-t4-a6-v1-s0,0.03486043949018252,0.022108680042488064,0.0029594572668311062,0.12209796829191295,saturated,0.9674905202554565,0.9537037222222222,0.1338595185756759,0.1673745359309778
algotune,algotune/algotune-kmeans,algotune-kmeans,0.03485704275486399,-0.053493255796503644,0.01106975316899516,0.16792293260314986,hard,0.1124273229860995,0.1215442501516637,0.2069373606853574,0.0364341150779656
mmmlu,mmmlu/mmmlu-fr-fr-00055,mmmlu-fr-fr-00055,0.034743151745460006,0.01915206617521938,0.007041008266418337,0.18709989902406346,hard,0.1786577766818827,0.2412280526315789,0.3676370059502306,-0.1479389910095615
humanevalfix,humanevalfix/humanevalfix-python-61,humanevalfix-python-61,0.03304300691181388,-0.01612724720934391,0.004297417161970314,0.08422495415384965,saturated,0.9613197751662644,0.9230769230769232,0.2664693550105965,0.1624206406453506
humanevalfix,humanevalfix/humanevalfix-python-49,humanevalfix-python-49,0.03273221624938075,-0.01643791586503176,0.003978985899476667,0.08439755874014043,saturated,0.9614751493065676,0.9375,0.2420614591379635,0.1605963356916252
bfcl,bfcl/bfcl-live-irrelevance-600-193-2,bfcl-live-irrelevance-600-193-2,0.0313377068000461,0.005887933455410775,0.0011879926667396064,0.16840096356445275,easy,0.9076923076923078,0.9076923076923078,0.2017673392092923,0.0576408493654097
kumo,kumo/kumo-plantenv-t4-a6-v1-s1,kumo-plantenv-t4-a6-v1-s1,0.030703223091078587,-0.04344246748051891,0.004239030409898799,0.1079276284485941,saturated,0.976661473940498,0.9635416875,0.0975780303409268,0.1349415531688748
lawbench,lawbench/lawbench-2-4-13-zero-shot,lawbench-2-4-13-zero-shot,0.02985528713267637,0.022998271751729513,0.003454334491239188,0.10653409834319136,medium,0.5636340258506256,0.55291665,0.1501997423340915,0.5508893873642259
gpqa-diamond,gpqa-diamond/gpqa-diamond-74,gpqa-diamond-74,0.02905832888499607,0.015187968184743198,0.0008478564707271672,0.10839655661580438,saturated,0.990342602989312,0.986842105263158,0.055824219567359,0.0482750184979789
simpleqa,simpleqa/simpleqa-369,simpleqa-369,0.02814080219278372,0.021379932893150416,0.006878227126837711,0.15239729634088534,medium,0.5711258338983212,0.55,0.3217141588429082,-0.091855114240393
labbench,labbench/labbench-figqa-0017,labbench-figqa-0017,0.02737998675330157,0.019239872075205472,0.006293004479316793,0.16923706036669023,hard,0.1318320962968683,0.2615384615384615,0.3270814096226046,-0.1855953637384172
algotune,algotune/algotune-procrustes,algotune-procrustes,0.02736484755099193,0.008687413230634386,0.001757563297248495,0.13314020693123116,hard,0.0581551526375072,0.0980063202927405,0.2023114649422693,-0.0671304366960685
lawbench,lawbench/lawbench-3-1-8-one-shot,lawbench-3-1-8-one-shot,0.026827546202321254,-0.03368173982750753,0.008363977325524897,0.1378578659690441,medium,0.677972255965206,0.6518717,0.2483237911212093,0.6542742356616602
lawbench,lawbench/lawbench-2-6-6-zero-shot,lawbench-2-6-6-zero-shot,0.02668639682211754,-0.033540652210787184,0.007733580752791391,0.13201477498862432,medium,0.4279141526043905,0.4166510526315789,0.2305733563017643,0.4252864489213069
mmmlu,mmmlu/mmmlu-hi-in-00065,mmmlu-hi-in-00065,0.02593847685025004,0.010342266810698351,0.0024664734355596416,0.11887222920457262,hard,0.0577035279995551,0.075,0.2384848003542364,-0.1271976154882257
lawbench,lawbench/lawbench-2-7-20-one-shot,lawbench-2-7-20-one-shot,0.023222950699357085,-0.03007863602897131,0.0026375212141676887,0.1491350216032708,medium,0.3402492199252317,0.3330593,0.0876875271746786,0.7209265650987728
gpqa-diamond,gpqa-diamond/gpqa-diamond-145,gpqa-diamond-145,0.022063045701041593,-0.03592361655228615,0.0071104962133629315,0.14607315315296124,hard,0.091126934450592,0.10666665,0.1979337521046562,0.0630108046987091
kumo,kumo/kumo-stellarenv-t4-a6-v1-s1,kumo-stellarenv-t4-a6-v1-s1,0.020466912725773036,0.007708503101404233,0.00044143017364570804,0.10023128123962108,saturated,0.990368157911634,0.9861111111111112,0.0572653559113564,0.0259994820343114
seal0,seal0/seal0-29,seal0-29,0.020029662867718293,-0.005308175129340583,0.0005043427578373306,0.1585277168767085,frontier,0.0326923076923076,0.0326923076923076,0.0950124563618125,-0.0530119026656328
swtbench,swtbench/swtbench-django__django-13590,swtbench-django__django-13590,0.019310832636116507,-0.07332998029982048,0.013628493989920536,0.27380399396199767,hard,0.2653190422385459,0.2785714285714286,0.1858515975893955,-0.553701018046438
kumo,kumo/kumo-sorcererenv-t4-a6-v1-s1,kumo-sorcererenv-t4-a6-v1-s1,0.019297261943823616,-0.032046559411660284,0.0018351576304431543,0.08085483977383416,saturated,0.9903808851958652,0.9861111111111112,0.0572653559113564,0.0501001264679428
kumo,kumo/kumo-medicalenv-t4-a6-v1-s0,kumo-medicalenv-t4-a6-v1-s0,0.019272082745561324,-0.03202139874008517,0.007987540208711563,0.08084174899640795,saturated,0.9615330408284912,0.9333333333333332,0.2494438257849294,0.0501500055593793
medagentbench,medagentbench/medagentbench-task7_7,medagentbench-task7_7,0.019158734825785336,-0.039508431908948614,0.003160674552715889,0.14657308242885123,frontier,0.037093062322348,0.04,0.08,0.1883325557117755
kumo,kumo/kumo-ecologicalenv-t4-a6-v1-s0,kumo-ecologicalenv-t4-a6-v1-s0,0.01885750767250817,0.006098683399339882,0.0006984865509077584,0.09111065801626954,saturated,0.9806861473191404,0.9722222222222222,0.1145307118227128,0.0482663028256541
swe-lancer,swe-lancer/swe-lancer-43022-manager-0,swe-lancer-43022-manager-0,0.018651902290408726,-0.18996262205634576,0.0498227189265636,0.15742384342910465,hard,0.1020693465732291,0.1558823529411765,0.2622764330542112,-0.1767168441106928
gpqa-diamond,gpqa-diamond/gpqa-diamond-79,gpqa-diamond-79,0.015181106030828319,-0.029047215925526466,0.01240868198607199,0.19904529217599506,medium,0.496988037473503,0.4970588235294117,0.4271900624791837,0.2382058095718816
bfcl,bfcl/bfcl-live-irrelevance-103-3-0,bfcl-live-irrelevance-103-3-0,0.014138041520143951,-0.03956356171844588,0.013167549269154536,0.16379006112758954,easy,0.7999999999999999,0.7999999999999999,0.3328201177351375,0.0150604972711586
labbench,labbench/labbench-figqa-0029,labbench-figqa-0029,0.013473877293966182,-0.021614556096936903,0.0011519233643982264,0.1687123775574512,frontier,0.0077400497047021,0.0153846153846153,0.0532938710021193,-0.1612916771996182
labbench,labbench/labbench-figqa-0113,labbench-figqa-0113,0.013473877293966182,-0.021614556096936913,0.002303846728796454,0.16871237755745117,frontier,0.0154800994094043,0.0307692307692307,0.1065877420042386,-0.1612916771996182
humanevalfix,humanevalfix/humanevalfix-python-36,humanevalfix-python-36,0.013441505608511905,-0.03570248971273346,0.0042002929073804065,0.08019217837447107,saturated,0.9806404024440576,0.9705882352941176,0.1176470588235294,0.0474241691151185
lawbench,lawbench/lawbench-3-6-2-zero-shot,lawbench-3-6-2-zero-shot,0.013079673078603637,-0.01993860001642988,0.006625857174914137,0.10124401126973981,medium,0.665554581162728,0.5639881428571428,0.33231305956558,0.1228134712716389
seal0,seal0/seal0-54,seal0-54,0.012066188891209747,-0.03737961840156772,0.010549502733055462,0.17929677241996686,hard,0.1807692307692307,0.1807692307692307,0.282226068220456,-0.0084798318814948
humanevalfix,humanevalfix/humanevalfix-python-74,humanevalfix-python-74,0.01205152813731867,-0.03708917485081101,0.0051254531985010735,0.08102372319339006,saturated,0.9803893472908096,0.9583333333333334,0.1381926995981416,0.044402100220627
labbench,labbench/labbench-figqa-0103,labbench-figqa-0103,0.011966599968882006,-0.020107740850249106,0.0010716193470172205,0.14202186210218448,frontier,0.0077633630155006,0.0153846153846153,0.0532938710021193,0.0893003749942015
mmmlu,mmmlu/mmmlu-id-id-00073,mmmlu-id-id-00073,0.011113146527712085,-0.004486222178098689,0.0012519764090632558,0.15662033033577577,easy,0.9131490961925832,0.859375,0.2790714234295586,0.0823938777716211
bfcl,bfcl/bfcl-live-irrelevance-615-195-3,bfcl-live-irrelevance-615-195-3,0.010265333604750602,-0.0356970131502083,0.014695184184448767,0.2448260341627613,medium,0.5230769230769231,0.5230769230769231,0.4116642510849124,0.0129901875746236
labbench,labbench/labbench-figqa-0053,labbench-figqa-0053,0.009892828232883425,0.0017491440962363678,0.0002947832854878909,0.11519255008005368,hard,0.0576226735516224,0.1076923076923076,0.1685300176938972,-0.0426761826595374
bfcl,bfcl/bfcl-live-irrelevance-125-11-0,bfcl-live-irrelevance-125-11-0,0.009735676877425855,-0.015715690082033343,0.00391541542663933,0.17495133643817695,easy,0.8846153846153846,0.8846153846153846,0.249140534472333,0.0454229808365363
bfcl,bfcl/bfcl-simple-javascript-7,bfcl-simple-javascript-7,0.009335568618551065,-0.03476861362487472,0.009463377962932885,0.11530282797811627,easy,0.8769230769230769,0.8769230769230769,0.2721816309685251,-0.1406166416900788
simpleqa,simpleqa/simpleqa-1749,simpleqa-1749,0.009186210828960439,-0.015949305171055635,0.0009569583102633381,0.13540628184204384,frontier,0.0153970496697059,0.02,0.06,-0.1408634548466663
kumo,kumo/kumo-architecturalenv-t4-a6-v1-s1,kumo-architecturalenv-t4-a6-v1-s1,0.008879291356747572,-0.003880627737775881,0.0013890684458618494,0.13363712868722724,easy,0.7043629351611845,0.6966667,0.3579494194560315,-0.3145213749181891
mmmlu,mmmlu/mmmlu-bn-bd-00017,mmmlu-bn-bd-00017,0.008853594887026058,-0.00674565283692293,0.0005150557656915089,0.12921086776268398,saturated,0.986824668709294,0.9814815,0.0763537315280006,0.224943759671467
gaia,gaia/gaia-8d46b8d6-b38a-47ff-ac74-cda14cf2d19b,gaia-8d46b8d6-b38a-47ff-ac74-cda14cf2d19b,0.0071653365507498845,-0.019070981099624955,0.001662569587348786,0.20559028422715506,frontier,0.0153847119811672,0.02,0.0871779788708134,-0.4950386450655257
gaia,gaia/gaia-48eb8242-1099-4c26-95d4-ef22b002457a,gaia-48eb8242-1099-4c26-95d4-ef22b002457a,0.0071653365507498845,-0.01907098109962494,0.002493854381023179,0.20559028422715506,frontier,0.0230770679717508,0.03,0.1307669683062202,-0.4950386450655257
bigcodebench,bigcodebench/bigcodebench_187,bigcodebench_187,0.006849056530356958,-0.06441701975890385,0.024006805848142684,0.1267820047891884,hard,0.0779566716441668,0.1666666666666666,0.3726779962499649,0.0033410498995099
featurebench-modal,featurebench-modal/featurebench-modal-huggingface__transformers.e2e8dbed.test_modeling_vits.6379a2ba.lv2,featurebench-modal-huggingface__transformers.e2e8dbed.test_modeling_vits.6379a2ba.lv2,0.006490235940608274,-0.01651856757342902,0.002304109908396907,0.14025806997740195,hard,0.0711538461538461,0.0711538461538461,0.1394860600445276,0.1797759715972112
gaia,gaia/gaia-3cef3a44-215e-4aed-8e3b-b1e3f08063b7,gaia-3cef3a44-215e-4aed-8e3b-b1e3f08063b7,0.00645043296799328,-0.005458223188190317,0.0019847603619078855,0.2378999940366862,medium,0.5876620496367619,0.605,0.3636275567115342,0.1073454197612307
mmau,mmau/mmau-3452703b-ca3b-4f6c-bccc-0b24a053cf0a,mmau-3452703b-ca3b-4f6c-bccc-0b24a053cf0a,0.004914890957806774,-0.025448993547417365,0.005667759973728061,0.17525227776547564,hard,0.0615686855907914,0.08,0.2227105745132008,-0.446083339578404
reasoning-gym,reasoning-gym/reasoning-gym-logic-circuit-logic-hard0292e21f-seed45-2,reasoning-gym-logic-circuit-logic-hard0292e21f-seed45-2,0.004469752889581026,-0.022821398209287365,0.0072849963921416926,0.17078041235243596,hard,0.1619517684170269,0.21,0.3192177939902473,-0.5591313592834912
gpqa-diamond,gpqa-diamond/gpqa-diamond-100,gpqa-diamond-100,0.0037296179595224907,-0.010144953513828138,0.0010687112031334879,0.14482632894811465,saturated,0.95551551028395,0.9370370555555556,0.1053441202738657,0.0585830518009496
kumo,kumo/kumo-fantasyenv-t12-a16-v1-s0,kumo-fantasyenv-t12-a16-v1-s0,0.0029080706576932883,-0.015666009481107756,0.005899551378036456,0.11482688478262261,hard,0.1940062869661687,0.2960784117647059,0.3765829061415386,-0.1849865844925603
crustbench,crustbench/crustbench-c-blind-rsa-signatures,crustbench-c-blind-rsa-signatures,0.002740038053476117,-0.017550965346038967,0.0028322748539613483,0.0801318260598573,easy,0.9303318773397916,0.925,0.1613743060919756,-0.2057543124780316
aider-polyglot,aider-polyglot/polyglot_go_counter,polyglot_go_counter,0.0016619255641501056,-0.010449694552861594,0.0024434093386189416,0.152671277207726,hard,0.1384615384615384,0.1384615384615384,0.2338259100549333,0.092577767165251
gpqa-diamond,gpqa-diamond/gpqa-diamond-147,gpqa-diamond-147,0.0014395959735877862,-0.012434478525595346,0.004508559819114678,0.34499538372374977,hard,0.2411129325619861,0.222807,0.3625853556974006,0.5946918537182744
mmau,mmau/mmau-c1e78721-e1ec-4cb8-9a09-4cc95747b587,mmau-c1e78721-e1ec-4cb8-9a09-4cc95747b587,0.00039579830548434105,-0.020142156282353028,0.0017559524747955935,0.17675542478701817,frontier,0.0153848164521916,0.02,0.0871779788708134,-0.4533028191446998
