pool_rank,benchmark,task_id,task_column,candidate_reason,mix_selection_score,final_priority_score,difficulty_tier,difficulty_signal,representative_signal,unique_unpredictable_signal,discrimination_signal,observed_count,imputed_mean,observed_mean,observed_std,strength_correlation,useful_representativeness_score,task_unpredictability_score,representative_rank_within_benchmark,unique_rank_within_benchmark,composite_rank_within_benchmark,base_representative_task,difficult_task,frontier_task_with_signal,unique_unpredictable_task,high_composite_task
1,aider-polyglot,polyglot_python_transpose,aider-polyglot/polyglot_python_transpose,base_representative;high_composite,0.7579716599190284,0.8179716599190283,medium,0.49230769230769234,0.9947368421052631,0.5789473684210527,0.9466666666666667,26,0.5076923076923077,0.5076923076923077,0.4410852672871215,0.6002885342323954,0.3632426787935602,0.13176190326542225,2.0,81.0,3.0,True,False,False,False,True
2,aider-polyglot,polyglot_python_zipper,aider-polyglot/polyglot_python_zipper,base_representative,0.6520546590755736,0.7120546590755736,medium,0.3410256538461538,1.0,0.3605263157894737,0.8444444444444444,26,0.6589743461538462,0.6589743461538462,0.4123424630542081,0.720760891787261,0.36467691166440674,0.08437833095605896,1.0,123.0,43.0,True,False,False,False,False
3,aider-polyglot,polyglot_go_forth,aider-polyglot/polyglot_go_forth,difficult;unique_unpredictable;high_composite,0.753,0.8330000000000001,medium,0.7,0.7052631578947368,0.8526315789473684,0.7866666666666666,26,0.3,0.3,0.3971049076658556,0.6205085575037961,0.25214188330781573,0.23661794085492183,57.0,29.0,4.0,False,True,False,True,True
4,aider-polyglot,polyglot_python_rest-api,aider-polyglot/polyglot_python_rest-api,high_composite,0.7906012145748988,0.7906012145748988,medium,0.5846153846153848,0.9578947368421052,0.6447368421052632,0.9866666666666667,26,0.4153846153846153,0.4153846153846153,0.4638404132825026,0.6130200748810143,0.3445901674380113,0.15265643110097737,9.0,69.0,1.0,False,False,False,False,True
5,aider-polyglot,polyglot_javascript_food-chain,aider-polyglot/polyglot_javascript_food-chain,unique_unpredictable;high_composite,0.7452756410256409,0.785275641025641,medium,0.5557692307692308,0.7842105263157895,0.8421052631578947,0.8088888888888889,26,0.4442307692307692,0.4442307692307692,0.40342927201034,0.4181834122600716,0.27539524603134513,0.23422429895915786,42.0,31.0,5.0,False,False,False,True,True
6,aider-polyglot,polyglot_python_wordy,aider-polyglot/polyglot_python_wordy,difficult;unique_unpredictable;high_composite,0.6963981106612686,0.7763981106612686,hard,0.7461538461538462,0.5526315789473685,0.868421052631579,0.6622222222222223,26,0.2538461538461539,0.2538461538461539,0.3660924318243321,0.4788142807203207,0.2194546779778629,0.25216864776735437,86.0,26.0,22.0,False,True,False,True,True
7,aider-polyglot,polyglot_python_grade-school,aider-polyglot/polyglot_python_grade-school,high_composite,0.7659244264507421,0.7659244264507421,medium,0.5461538461538461,0.8736842105263158,0.7210526315789474,0.9555555555555556,26,0.4538461538461539,0.4538461538461539,0.4456894134421837,0.5812453195763483,0.30569569675476277,0.19463142325386484,25.0,54.0,2.0,False,False,False,False,True
8,aider-polyglot,polyglot_go_error-handling,aider-polyglot/polyglot_go_error-handling,unique_unpredictable;high_composite,0.7111538461538461,0.7511538461538462,medium,0.3846153846153846,0.8315789473684211,0.8157894736842105,0.8,26,0.6153846153846154,0.6153846153846154,0.3997040325158947,0.5772531506128843,0.29109277267599687,0.22287031991479356,33.0,36.0,15.0,False,False,False,True,True
9,aider-polyglot,polyglot_rust_accumulate,aider-polyglot/polyglot_rust_accumulate,unique_unpredictable;high_composite,0.7088609986504724,0.7488609986504724,medium,0.6384615384615385,0.5947368421052631,0.8736842105263158,0.8177777777777778,26,0.3615384615384615,0.3615384615384615,0.4076923076923077,0.5823622737854647,0.22661034090274065,0.25277180919630093,78.0,25.0,19.0,False,False,False,True,True
10,aider-polyglot,polyglot_go_protein-translation,aider-polyglot/polyglot_go_protein-translation,high_composite,0.7438444669365721,0.7438444669365721,medium,0.6173076923076923,0.8263157894736842,0.7078947368421052,0.8222222222222222,26,0.3826923076923076,0.3826923076923076,0.409254084066908,0.6607661220813424,0.2870384300174928,0.18573132066046472,34.0,56.0,6.0,False,False,False,False,True
11,aider-polyglot,polyglot_javascript_house,aider-polyglot/polyglot_javascript_house,unique_unpredictable;high_composite,0.692191632928475,0.732191632928475,medium,0.6615384615384616,0.46842105263157896,0.9421052631578948,0.8488888888888889,26,0.3384615384615384,0.3384615384615384,0.4142434467026541,0.4756125091289483,0.20364325281095721,0.3020913802982014,102.0,12.0,26.0,False,False,False,True,True
12,aider-polyglot,polyglot_javascript_bottle-song,aider-polyglot/polyglot_javascript_bottle-song,high_composite,0.7316029014844805,0.7316029014844805,medium,0.5326923076923077,0.8157894736842105,0.7289473684210527,0.8711111111111111,26,0.4673076923076923,0.4673076923076923,0.4171658745198429,0.6304356909430708,0.28247015324635033,0.19469998925128995,36.0,52.0,7.0,False,False,False,False,True
13,aider-polyglot,polyglot_javascript_state-of-tic-tac-toe,aider-polyglot/polyglot_javascript_state-of-tic-tac-toe,unique_unpredictable;high_composite,0.687604588394062,0.7276045883940621,medium,0.4307692307692308,0.7578947368421053,0.8052631578947368,0.7555555555555555,26,0.5692307692307692,0.5692307692307692,0.3910235392965795,0.5550001968178826,0.2657326532988828,0.21515216764144018,47.0,38.0,28.0,False,False,False,True,True
14,aider-polyglot,polyglot_python_proverb,aider-polyglot/polyglot_python_proverb,high_composite,0.7275735492577597,0.7275735492577597,medium,0.5461538461538461,0.8,0.6894736842105263,0.9244444444444444,26,0.4538461538461539,0.4538461538461539,0.4316611645107138,0.4450857871789618,0.2800858029652317,0.17608988600435826,39.0,60.0,8.0,False,False,False,False,True
15,aider-polyglot,polyglot_go_bowling,aider-polyglot/polyglot_go_bowling,high_composite,0.7243927125506073,0.7243927125506073,medium,0.49230769230769234,0.9315789473684211,0.5210526315789473,0.9666666666666667,26,0.5076923076923077,0.5076923076923077,0.4480067624172626,0.6368312518355301,0.3285997774336922,0.12448050297203028,14.0,92.0,9.0,False,False,False,False,True
16,aider-polyglot,polyglot_python_react,aider-polyglot/polyglot_python_react,unique_unpredictable;high_composite,0.6793697705802968,0.7193697705802968,medium,0.6384615384615385,0.531578947368421,0.8894736842105263,0.7422222222222222,26,0.3615384615384615,0.3615384615384615,0.3883663249650566,0.5966451704281399,0.21696261506994324,0.26116768559428283,90.0,22.0,31.0,False,False,False,True,True
17,aider-polyglot,polyglot_python_grep,aider-polyglot/polyglot_python_grep,high_composite,0.7192122132253711,0.7192122132253711,medium,0.5980769230769232,0.9210526315789473,0.4026315789473684,0.9777777777777777,26,0.4019230769230769,0.4019230769230769,0.4498890395741978,0.5457884273540825,0.3251158200391546,0.09353188269563362,16.0,115.0,10.0,False,False,False,False,True
18,aider-polyglot,polyglot_go_tree-building,aider-polyglot/polyglot_go_tree-building,high_composite,0.7164257759784076,0.7164257759784076,medium,0.3846153846153846,0.9736842105263158,0.5552631578947368,0.9377777777777778,26,0.6153846153846154,0.6153846153846154,0.4329614547529319,0.6374329500121096,0.3505077939156126,0.12920140657882473,6.0,85.0,11.0,False,False,False,False,True
19,aider-polyglot,polyglot_go_transpose,aider-polyglot/polyglot_go_transpose,high_composite,0.7153893387314438,0.7153893387314438,medium,0.4461538461538461,0.9842105263157894,0.4868421052631579,0.9177777777777778,26,0.5538461538461539,0.5538461538461539,0.4307692307692308,0.6541239367757941,0.3555443590153082,0.11918967400575853,4.0,98.0,12.0,False,False,False,False,True
20,aider-polyglot,polyglot_python_beer-song,aider-polyglot/polyglot_python_beer-song,high_composite,0.7150161943319838,0.7150161943319838,medium,0.46153846153846156,0.9263157894736842,0.5736842105263158,0.88,26,0.5384615384615384,0.5384615384615384,0.4179408525294192,0.6548429335420515,0.32662175116138664,0.13166428485861603,15.0,82.0,13.0,False,False,False,False,True
21,aider-polyglot,polyglot_python_pov,aider-polyglot/polyglot_python_pov,unique_unpredictable,0.6744952766531713,0.7144952766531714,medium,0.6153846153846154,0.5631578947368421,0.8368421052631579,0.7622222222222222,26,0.3846153846153846,0.3846153846153846,0.3919304370109845,0.6275052183753871,0.2197850195396761,0.2327515767283097,84.0,32.0,34.0,False,False,False,True,False
22,aider-polyglot,polyglot_python_hangman,aider-polyglot/polyglot_python_hangman,high_composite,0.7135377867746289,0.7135377867746289,medium,0.5769230769230769,0.9105263157894737,0.4131578947368421,0.9822222222222222,26,0.4230769230769231,0.4230769230769231,0.4551480674611388,0.6489784336414832,0.32466269989113605,0.09414061972487331,18.0,113.0,14.0,False,False,False,False,True
23,aider-polyglot,polyglot_javascript_palindrome-products,aider-polyglot/polyglot_javascript_palindrome-products,unique_unpredictable,0.6721808367071525,0.7121808367071525,medium,0.3538461538461539,0.6842105263157895,0.8263157894736842,0.9177777777777778,26,0.6461538461538461,0.6461538461538461,0.4307692307692308,0.5333493138814398,0.24744564420138584,0.22960863952547506,61.0,34.0,36.0,False,False,False,True,False
24,aider-polyglot,polyglot_python_bottle-song,aider-polyglot/polyglot_python_bottle-song,high_composite,0.7110047201417005,0.7110047201417005,medium,0.4512820384615386,0.9,0.6447368421052632,0.8133333333333334,26,0.5487179615384614,0.5487179615384614,0.4064891168332593,0.6954874905014554,0.32075880612970564,0.15265643110097737,20.0,68.0,16.0,False,False,False,False,True
25,aider-polyglot,polyglot_go_sublist,aider-polyglot/polyglot_go_sublist,high_composite,0.7092995951417004,0.7092995951417004,medium,0.6384615384615385,0.7,0.7947368421052632,0.7066666666666667,26,0.3615384615384615,0.3615384615384615,0.3762946094964617,0.7048792939206748,0.24922732686657523,0.2126148494501443,58.0,40.0,17.0,False,False,False,False,True
26,aider-polyglot,polyglot_python_simple-linked-list,aider-polyglot/polyglot_python_simple-linked-list,high_composite,0.7088677462887989,0.7088677462887989,medium,0.4307692307692309,0.7631578947368421,0.7789473684210526,0.9288888888888889,26,0.5692307692307691,0.5692307692307691,0.4321406740057888,0.4740157399768525,0.26646183885297137,0.20718166394951865,46.0,43.0,18.0,False,False,False,False,True
27,aider-polyglot,polyglot_rust_alphametics,aider-polyglot/polyglot_rust_alphametics,high_composite,0.7049615384615384,0.7049615384615384,medium,0.4538461538461539,0.968421052631579,0.4342105263157895,0.96,26,0.5461538461538461,0.5461538461538461,0.4456894134421838,0.6031887586661748,0.3491552188762473,0.10494339355725557,7.0,109.0,20.0,False,False,False,False,True
28,aider-polyglot,polyglot_go_food-chain,aider-polyglot/polyglot_go_food-chain,unique_unpredictable,0.6620904183535763,0.7020904183535763,medium,0.3769230769230769,0.7315789473684211,0.8578947368421053,0.6488888888888888,26,0.6230769230769231,0.6230769230769231,0.3492383936815965,0.5450907105542159,0.2600463959520865,0.24029520776138136,52.0,28.0,39.0,False,False,False,True,False
29,aider-polyglot,polyglot_rust_doubly-linked-list,aider-polyglot/polyglot_rust_doubly-linked-list,unique_unpredictable,0.66110661268556,0.7011066126855601,medium,0.43846153846153846,0.5368421052631579,0.9210526315789473,0.8888888888888888,26,0.5615384615384615,0.5615384615384615,0.4188601043095993,0.5360385121830387,0.21793893871903294,0.2857350295152532,89.0,16.0,40.0,False,False,False,True,False
30,aider-polyglot,polyglot_javascript_transpose,aider-polyglot/polyglot_javascript_transpose,unique_unpredictable,0.6585772604588394,0.6985772604588394,medium,0.551923076923077,0.43157894736842106,0.9368421052631579,0.9022222222222223,26,0.4480769230769231,0.4480769230769231,0.4261817888645212,0.2090949601865787,0.1949130219319088,0.2958664499035021,109.0,13.0,42.0,False,False,False,True,False
31,aider-polyglot,polyglot_python_bowling,aider-polyglot/polyglot_python_bowling,high_composite,0.6972402191295547,0.6972402191295547,medium,0.37948719230769234,0.9526315789473684,0.5157894736842106,0.9333333333333333,26,0.6205128076923077,0.6205128076923077,0.4323536271486766,0.6953696773255003,0.3391648413620858,0.12402257149537921,10.0,93.0,21.0,False,False,False,False,True
32,aider-polyglot,polyglot_rust_macros,aider-polyglot/polyglot_rust_macros,high_composite,0.6937206477732792,0.6937206477732792,medium,0.3384615384615385,0.8631578947368421,0.7,0.88,26,0.6615384615384615,0.6615384615384615,0.4179408525294192,0.594857760278231,0.3050310321393955,0.18087741823481496,27.0,58.0,23.0,False,False,False,False,True
33,aider-polyglot,polyglot_go_bottle-song,aider-polyglot/polyglot_go_bottle-song,high_composite,0.6934865047233468,0.6934865047233468,medium,0.4653846153846154,0.8421052631578947,0.6789473684210526,0.7511111111111111,26,0.5346153846153846,0.5346153846153846,0.3889752886083241,0.5654096684951004,0.29329905612958945,0.17414784752944468,31.0,62.0,24.0,False,False,False,False,True
34,aider-polyglot,polyglot_python_connect,aider-polyglot/polyglot_python_connect,high_composite,0.6929008097165992,0.6929008097165992,medium,0.5230769230769231,0.8894736842105263,0.5552631578947368,0.7466666666666667,26,0.4769230769230769,0.4769230769230769,0.3885947981635412,0.6410897008640309,0.3176123577984276,0.12920140657882473,22.0,86.0,25.0,False,False,False,False,True
35,aider-polyglot,polyglot_java_simple-linked-list,aider-polyglot/polyglot_java_simple-linked-list,difficult;unique_unpredictable,0.6102995951417004,0.6902995951417005,hard,0.7384615384615385,0.25263157894736843,0.8210526315789474,0.88,26,0.2615384615384615,0.2615384615384615,0.4179408525294192,0.1132553891727484,0.13563675011709916,0.22722995881837527,143.0,35.0,58.0,False,True,False,True,False
36,aider-polyglot,polyglot_javascript_beer-song,aider-polyglot/polyglot_javascript_beer-song,high_composite,0.6884021592442644,0.6884021592442644,medium,0.6615384615384616,0.5894736842105263,0.7894736842105263,0.7955555555555556,26,0.3384615384615384,0.3384615384615384,0.3991114391099337,0.561753013648754,0.22641684835616271,0.2102477267445877,79.0,41.0,27.0,False,False,False,False,True
37,aider-polyglot,polyglot_python_forth,aider-polyglot/polyglot_python_forth,high_composite,0.6819136302294196,0.6819136302294196,medium,0.6884615384615385,0.8052631578947368,0.4131578947368421,0.8311111111111111,26,0.3115384615384615,0.3115384615384615,0.4098094520411267,0.6065939576770282,0.28049641373167766,0.09414061972487331,38.0,112.0,29.0,False,False,False,False,True
38,aider-polyglot,polyglot_rust_dot-dsl,aider-polyglot/polyglot_rust_dot-dsl,difficult;unique_unpredictable,0.601110661268556,0.681110661268556,hard,0.7538461538461538,0.28421052631578947,0.8473684210526315,0.6755555555555556,26,0.2461538461538461,0.2461538461538461,0.3692307692307692,0.5824664401853629,0.1458399029007342,0.23426746392513742,137.0,30.0,61.0,False,True,False,True,False
39,aider-polyglot,polyglot_go_two-bucket,aider-polyglot/polyglot_go_two-bucket,high_composite,0.6802584345479081,0.6802584345479081,medium,0.36538461538461553,0.8947368421052632,0.6736842105263158,0.7155555555555555,26,0.6346153846153845,0.6346153846153845,0.3771780926955693,0.6823530060201687,0.31991456792915557,0.17165019996565312,21.0,63.0,30.0,False,False,False,False,True
40,aider-polyglot,polyglot_python_sgf-parsing,aider-polyglot/polyglot_python_sgf-parsing,high_composite,0.6789568151147098,0.6789568151147098,medium,0.46923076923076923,0.8578947368421053,0.5842105263157895,0.7688888888888888,26,0.5307692307692308,0.5307692307692308,0.3920059171151048,0.6832228738836426,0.3007821942408737,0.131965551552081,28.0,80.0,32.0,False,False,False,False,True
41,aider-polyglot,polyglot_go_palindrome-products,aider-polyglot/polyglot_go_palindrome-products,difficult,0.6366973684210526,0.6766973684210527,hard,0.725,0.7421052631578947,0.2868421052631579,0.8266666666666667,26,0.275,0.275,0.4093263696893677,0.420690233060606,0.26256974302150277,0.06914642413183203,50.0,136.0,46.0,False,True,False,False,False
42,aider-polyglot,polyglot_javascript_alphametics,aider-polyglot/polyglot_javascript_alphametics,high_composite,0.6752712550607287,0.6752712550607287,medium,0.4807692307692307,0.9157894736842105,0.4342105263157895,0.84,26,0.5192307692307693,0.5192307692307693,0.4113946549606321,0.6932784346417272,0.3246759162571279,0.10494339355725557,17.0,108.0,33.0,False,False,False,False,True
43,aider-polyglot,polyglot_rust_fizzy,aider-polyglot/polyglot_rust_fizzy,difficult,0.6216484480431849,0.6616484480431849,hard,0.7307692307692308,0.48947368421052634,0.7078947368421052,0.6044444444444445,26,0.2692307692307692,0.2692307692307692,0.3371478000124788,0.6558499282439934,0.20564955992400985,0.18573132066046472,98.0,57.0,51.0,False,True,False,False,False
44,aider-polyglot,polyglot_javascript_killer-sudoku-helper,aider-polyglot/polyglot_javascript_killer-sudoku-helper,unique_unpredictable,0.6205937921727396,0.6605937921727396,medium,0.32307692307692304,0.6210526315789474,0.8631578947368421,0.7111111111111111,26,0.676923076923077,0.676923076923077,0.3765304077083205,0.579684344016623,0.2301105199663868,0.24796400085319736,73.0,27.0,52.0,False,False,False,True,False
45,aider-polyglot,polyglot_python_robot-name,aider-polyglot/polyglot_python_robot-name,unique_unpredictable,0.6158677462887989,0.655867746288799,medium,0.5307692307692309,0.3368421052631579,0.9157894736842105,0.9088888888888889,26,0.4692307692307692,0.4692307692307692,0.4294623031448572,0.4128124224876379,0.16089468325162484,0.281681103625281,127.0,17.0,53.0,False,False,False,True,False
46,aider-polyglot,polyglot_go_paasio,aider-polyglot/polyglot_go_paasio,difficult;unique_unpredictable,0.5749345479082322,0.6549345479082322,hard,0.8846153846153847,0.18421052631578946,0.9078947368421053,0.41555555555555557,26,0.1153846153846153,0.1153846153846153,0.2783085002327007,0.3622939218611153,0.09710320576435587,0.27780310862879953,156.0,18.0,73.0,False,True,False,True,False
47,aider-polyglot,polyglot_python_book-store,aider-polyglot/polyglot_python_book-store,difficult,0.613637314439946,0.653637314439946,hard,0.7134615384615385,0.6684210526315789,0.4026315789473684,0.6711111111111111,26,0.2865384615384615,0.2865384615384615,0.3683533244014952,0.5300197947370869,0.2427654969027778,0.09353188269563362,64.0,114.0,54.0,False,True,False,False,False
48,aider-polyglot,polyglot_java_book-store,aider-polyglot/polyglot_java_book-store,unique_unpredictable,0.6131997300944669,0.653199730094467,easy,0.29230769230769227,0.6368421052631579,0.8315789473684211,0.7288888888888889,26,0.7076923076923077,0.7076923076923077,0.3812157444111959,0.604777786625217,0.23219848443772886,0.23179122622067538,70.0,33.0,55.0,False,False,False,True,False
49,aider-polyglot,polyglot_javascript_grep,aider-polyglot/polyglot_javascript_grep,unique_unpredictable,0.6122523616734142,0.6522523616734143,easy,0.2923076923076924,0.5210526315789473,0.9578947368421052,0.7822222222222223,26,0.7076923076923076,0.7076923076923076,0.3970303969404289,0.3560896772230409,0.21477056997990063,0.3673923939002771,92.0,9.0,56.0,False,False,False,True,False
50,aider-polyglot,polyglot_python_dot-dsl,aider-polyglot/polyglot_python_dot-dsl,difficult;unique_unpredictable,0.5682604588394062,0.6482604588394063,hard,0.823076923076923,0.19473684210526315,0.8,0.6288888888888889,26,0.1769230769230769,0.1769230769230769,0.3434079120853802,0.5488752463195016,0.09941487392907955,0.21350678141327983,154.0,39.0,75.0,False,True,False,True,False
51,aider-polyglot,polyglot_java_pov,aider-polyglot/polyglot_java_pov,difficult;unique_unpredictable,0.567664979757085,0.647664979757085,hard,0.7519230769230769,0.17894736842105263,0.8842105263157894,0.64,26,0.2480769230769231,0.2480769230769231,0.3476516739360427,0.0521296185890966,0.0923252723522756,0.26052509963635495,157.0,23.0,76.0,False,True,False,True,False
52,aider-polyglot,polyglot_javascript_go-counting,aider-polyglot/polyglot_javascript_go-counting,difficult,0.6027071524966262,0.6427071524966262,hard,0.7038461538461539,0.37894736842105264,0.7657894736842106,0.6844444444444444,26,0.2961538461538461,0.2961538461538461,0.3705305647423489,0.5786982101436302,0.18051219094710902,0.2034214630527592,119.0,46.0,60.0,False,True,False,False,False
53,aider-polyglot,polyglot_java_satellite,aider-polyglot/polyglot_java_satellite,difficult;frontier_with_variance;unique_unpredictable,0.5170134952766532,0.6370134952766533,frontier,0.9846153846153847,0.021052631578947368,0.9526315789473684,0.1688888888888889,26,0.0153846153846153,0.0153846153846153,0.0769230769230769,-0.0456794431774848,0.014610452654038809,0.3586206896551727,187.0,10.0,91.0,False,True,True,True,False
54,aider-polyglot,polyglot_python_phone-number,aider-polyglot/polyglot_python_phone-number,difficult,0.5951747638326585,0.6351747638326586,hard,0.7307692307692308,0.6631578947368421,0.2868421052631579,0.7244444444444444,26,0.2692307692307692,0.2692307692307692,0.38004982544725,0.4171398120908626,0.24202329275381634,0.06914642413183203,65.0,137.0,62.0,False,True,False,False,False
55,aider-polyglot,polyglot_go_octal,aider-polyglot/polyglot_go_octal,difficult,0.5946069500674764,0.6346069500674765,hard,0.7980769230769231,0.32105263157894737,0.7842105263157895,0.5777777777777777,26,0.2019230769230769,0.2019230769230769,0.3283058989930115,0.2958954722270157,0.1539056721659691,0.20922717072192798,130.0,42.0,63.0,False,True,False,False,False
56,aider-polyglot,polyglot_javascript_grade-school,aider-polyglot/polyglot_javascript_grade-school,unique_unpredictable,0.5932530396423752,0.6332530396423752,medium,0.34487180769230763,0.4842105263157895,0.9315789473684211,0.6977777777777778,26,0.6551281923076924,0.6551281923076924,0.3742733591509758,0.2108912653413788,0.20556062809058,0.2908294100977288,99.0,14.0,64.0,False,False,False,True,False
57,aider-polyglot,polyglot_go_connect,aider-polyglot/polyglot_go_connect,unique_unpredictable,0.5824902159244264,0.6224902159244264,medium,0.6711538461538461,0.2736842105263158,0.9263157894736842,0.5822222222222222,26,0.3288461538461539,0.3288461538461539,0.3299688437865346,0.4823772933110095,0.14318730220448514,0.2899165241905046,139.0,15.0,69.0,False,False,False,True,False
58,aider-polyglot,polyglot_go_word-search,aider-polyglot/polyglot_go_word-search,difficult,0.5789183535762483,0.6189183535762484,hard,0.7230769230769232,0.22105263157894736,0.7657894736842106,0.8622222222222222,26,0.2769230769230769,0.2769230769230769,0.4153846153846154,0.563664513827666,0.12156926782210732,0.2034214630527592,149.0,45.0,70.0,False,True,False,False,False
59,aider-polyglot,polyglot_go_kindergarten-garden,aider-polyglot/polyglot_go_kindergarten-garden,difficult,0.57875,0.61875,hard,0.775,0.5105263157894737,0.5052631578947369,0.5333333333333333,26,0.225,0.225,0.3153904783695188,0.4585439515129861,0.21305735150191213,0.12074600446484696,94.0,95.0,71.0,False,True,False,False,False
60,aider-polyglot,polyglot_go_simple-linked-list,aider-polyglot/polyglot_go_simple-linked-list,unique_unpredictable,0.5773711201079622,0.6173711201079622,medium,0.5769230769230769,0.21052631578947367,0.9631578947368421,0.7911111111111111,26,0.4230769230769231,0.4230769230769231,0.3974028108642919,0.3098028617962038,0.10460035915672866,0.3985689971035884,151.0,8.0,72.0,False,False,False,True,False
61,aider-polyglot,polyglot_go_matrix,aider-polyglot/polyglot_go_matrix,difficult;unique_unpredictable,0.536361673414305,0.616361673414305,hard,0.9076923076923077,0.06315789473684211,1.0,0.24888888888888888,26,0.0923076923076923,0.0923076923076923,0.1939926186602845,0.2109886012613881,0.0489800956193279,0.5776358126184427,179.0,1.0,82.0,False,True,False,True,False
62,aider-polyglot,polyglot_python_tree-building,aider-polyglot/polyglot_python_tree-building,difficult;frontier_with_variance;unique_unpredictable,0.496253036437247,0.616253036437247,frontier,0.9615384615384616,0.015789473684210527,0.8973684210526316,0.17333333333333334,26,0.0384615384615384,0.0384615384615384,0.0963843391241666,0.2051312037659435,0.011163393926200542,0.26784366404630267,188.0,21.0,103.0,False,True,True,True,False
63,aider-polyglot,polyglot_java_dominoes,aider-polyglot/polyglot_java_dominoes,difficult;unique_unpredictable,0.5309541160593791,0.6109541160593792,hard,0.8923076923076924,0.14736842105263157,0.8105263157894737,0.35777777777777775,26,0.1076923076923076,0.1076923076923076,0.2615384615384615,0.0532998169366049,0.07823853821800775,0.21568627450980415,163.0,37.0,86.0,False,True,False,True,False
64,aider-polyglot,polyglot_python_list-ops,aider-polyglot/polyglot_python_list-ops,difficult;unique_unpredictable,0.5252503373819164,0.6052503373819165,hard,0.8846153846153847,0.07368421052631578,0.9078947368421053,0.3422222222222222,26,0.1153846153846153,0.1153846153846153,0.2552409234313393,0.3103733165532986,0.05229504888455911,0.27780310862879953,177.0,19.0,89.0,False,True,False,True,False
65,aider-polyglot,polyglot_python_poker,aider-polyglot/polyglot_python_poker,unique_unpredictable,0.5630377867746289,0.6030377867746289,medium,0.3769230769230769,0.4421052631578947,0.8789473684210526,0.6288888888888889,26,0.6230769230769231,0.6230769230769231,0.3434079120853802,0.4667892705781272,0.19889817567051207,0.254652470026554,107.0,24.0,78.0,False,False,False,True,False
66,aider-polyglot,polyglot_java_twelve-days,aider-polyglot/polyglot_java_twelve-days,difficult;unique_unpredictable,0.5201862348178138,0.6001862348178139,hard,0.9076923076923077,0.02631578947368421,0.9842105263157894,0.25333333333333335,26,0.0923076923076923,0.0923076923076923,0.2017673392092923,-0.1075531552240097,0.014896220626015068,0.4504354439668087,186.0,4.0,90.0,False,True,False,True,False
67,aider-polyglot,polyglot_go_counter,aider-polyglot/polyglot_go_counter,difficult;unique_unpredictable,0.5072618083670715,0.5872618083670715,hard,0.8615384615384616,0.005263157894736842,0.9894736842105263,0.28444444444444444,26,0.1384615384615384,0.1384615384615384,0.2338259100549333,0.0617241914523659,0.0024434133471725873,0.49436103813298427,190.0,3.0,95.0,False,True,False,True,False
68,aider-polyglot,polyglot_python_go-counting,aider-polyglot/polyglot_python_go-counting,difficult;unique_unpredictable,0.5036902834008098,0.5836902834008099,hard,0.9230769230769231,0.04736842105263158,0.8973684210526316,0.21333333333333335,26,0.0769230769230769,0.0769230769230769,0.1760849714193784,0.2958658640383684,0.04165936276458237,0.26784366404630267,182.0,20.0,101.0,False,True,False,True,False
69,aider-polyglot,polyglot_java_mazy-mice,aider-polyglot/polyglot_java_mazy-mice,difficult,0.5317206477732793,0.5717206477732794,hard,0.7384615384615385,0.3526315789473684,0.49473684210526314,0.6666666666666666,26,0.2615384615384615,0.2615384615384615,0.3669803212885096,0.0659917475423612,0.16888292743224495,0.12000701868688823,124.0,97.0,85.0,False,True,False,False,False
70,aider-polyglot,polyglot_java_change,aider-polyglot/polyglot_java_change,difficult,0.5263927125506073,0.5663927125506073,hard,0.7923076923076923,0.39473684210526316,0.3526315789473684,0.68,26,0.2076923076923077,0.2076923076923077,0.369951220197263,0.083225930440609,0.18336412311337114,0.08232431719227595,116.0,124.0,87.0,False,True,False,False,False
71,aider-polyglot,polyglot_java_word-search,aider-polyglot/polyglot_java_word-search,difficult,0.5141349527665318,0.5541349527665318,hard,0.8461538461538463,0.2789473684210526,0.5105263157894737,0.5155555555555555,26,0.1538461538461538,0.1538461538461538,0.300295712245279,0.1323630033030894,0.14383397008748514,0.12264886988602308,138.0,94.0,92.0,False,True,False,False,False
72,aider-polyglot,polyglot_java_circular-buffer,aider-polyglot/polyglot_java_circular-buffer,difficult,0.5132125506072874,0.5532125506072875,hard,0.8076923076923077,0.30526315789473685,0.46578947368421053,0.5866666666666667,26,0.1923076923076923,0.1923076923076923,0.3304112553063774,0.0867821903262381,0.14931232732085492,0.11142035814368334,133.0,102.0,93.0,False,True,False,False,False
73,aider-polyglot,polyglot_java_queen-attack,aider-polyglot/polyglot_java_queen-attack,difficult,0.5085802968960864,0.5485802968960865,hard,0.9384615384615385,0.12631578947368421,0.7736842105263158,0.24222222222222223,26,0.0615384615384615,0.0615384615384615,0.1902971827208151,0.1264146133207304,0.07423780411071268,0.20423961596498907,167.0,44.0,94.0,False,True,False,False,False
74,aider-polyglot,polyglot_java_alphametics,aider-polyglot/polyglot_java_alphametics,difficult,0.5063846153846153,0.5463846153846154,hard,0.8615384615384616,0.2578947368421053,0.4789473684210526,0.54,26,0.1384615384615384,0.1384615384615384,0.3175348837007737,0.1806298804989883,0.14007506177722479,0.11838246151398257,142.0,100.0,96.0,False,True,False,False,False
75,aider-polyglot,polyglot_go_ledger,aider-polyglot/polyglot_go_ledger,unique_unpredictable,0.5037139001349528,0.5437139001349528,medium,0.4461538461538461,0.15263157894736842,0.9736842105263158,0.6355555555555555,26,0.5538461538461539,0.5538461538461539,0.3447192494577951,0.3312182518133935,0.08198622515121252,0.4158537177869429,162.0,6.0,100.0,False,False,False,True,False
76,aider-polyglot,polyglot_python_paasio,aider-polyglot/polyglot_python_paasio,difficult,0.4902010796221323,0.5302010796221323,hard,0.9307692307692308,0.11052631578947368,0.7526315789473684,0.20444444444444446,26,0.0692307692307692,0.0692307692307692,0.1749048769369549,0.2074373208523095,0.06768380777759736,0.20102800444334123,170.0,48.0,106.0,False,True,False,False,False
77,aider-polyglot,polyglot_java_bowling,aider-polyglot/polyglot_java_bowling,difficult;frontier_with_variance,0.44720917678812416,0.5272091767881242,frontier,0.9615384615384616,0.05789473684210526,0.631578947368421,0.19111111111111112,26,0.0384615384615384,0.0384615384615384,0.1570813681281702,0.0920241631982521,0.04345989491422546,0.14930419749287305,180.0,71.0,118.0,False,True,True,False,False
78,aider-polyglot,polyglot_java_bottle-song,aider-polyglot/polyglot_java_bottle-song,difficult,0.48626383265856954,0.5262638326585696,hard,0.8692307692307693,0.18947368421052632,0.6078947368421053,0.3377777777777778,26,0.1307692307692307,0.1307692307692307,0.2538461538461538,0.1616195018390302,0.09845285921446953,0.1420553128012082,155.0,75.0,108.0,False,True,False,False,False
79,aider-polyglot,polyglot_java_connect,aider-polyglot/polyglot_java_connect,difficult,0.47150877192982454,0.5115087719298246,hard,0.9,0.15789473684210525,0.6263157894736842,0.2311111111111111,26,0.1,0.1,0.1860521018838127,0.0695919571610001,0.08518854491160806,0.14637991475885925,161.0,72.0,113.0,False,True,False,False,False
80,aider-polyglot,polyglot_java_go-counting,aider-polyglot/polyglot_java_go-counting,difficult,0.4674622132253711,0.5074622132253711,hard,0.9230769230769231,0.13157894736842105,0.6078947368421053,0.2577777777777778,26,0.0769230769230769,0.0769230769230769,0.2081192193610566,0.151978742054947,0.07459025929286948,0.1420553128012082,166.0,76.0,115.0,False,True,False,False,False
81,aider-polyglot,polyglot_rust_react,aider-polyglot/polyglot_rust_react,difficult;frontier_with_variance,0.419751012145749,0.49975101214574896,frontier,0.9538461538461539,0.05263157894736842,0.5394736842105263,0.18666666666666668,26,0.0461538461538461,0.0461538461538461,0.1393136175098064,0.4766791064962618,0.04268448374445718,0.12838088913421164,181.0,89.0,129.0,False,True,True,False,False
82,aider-polyglot,polyglot_go_beer-song,aider-polyglot/polyglot_go_beer-song,difficult;frontier_with_variance,0.4143377192982456,0.49433771929824555,frontier,0.975,0.031578947368421054,0.5394736842105263,0.16444444444444445,26,0.025,0.025,0.0696833497384363,0.5116588258824472,0.020545487735230784,0.12838088913421164,185.0,88.0,135.0,False,True,True,False,False
83,aider-polyglot,polyglot_java_bank-account,aider-polyglot/polyglot_java_bank-account,difficult,0.4508677462887989,0.49086774628879887,hard,0.9307692307692308,0.07894736842105263,0.6368421052631579,0.2088888888888889,26,0.0692307692307692,0.0692307692307692,0.174904876936955,0.0426982168655614,0.05508504213780359,0.1497359750989633,176.0,70.0,116.0,False,True,False,False,False
84,aider-polyglot,polyglot_go_react,aider-polyglot/polyglot_go_react,difficult,0.44128879892037787,0.48128879892037785,hard,0.9307692307692308,0.09473684210526316,0.5684210526315789,0.2222222222222222,26,0.0692307692307692,0.0692307692307692,0.1834901606442548,0.5143555251147657,0.0637019647269058,0.1303638440924042,173.0,83.0,120.0,False,True,False,False,False
85,aider-polyglot,polyglot_java_palindrome-products,aider-polyglot/polyglot_java_palindrome-products,difficult,0.43801012145748985,0.47801012145748983,hard,0.8384615384615385,0.24210526315789474,0.3026315789473684,0.4533333333333333,26,0.1615384615384615,0.1615384615384615,0.2883333048306356,0.6121392249452461,0.1328749489801144,0.07031553139749969,145.0,134.0,123.0,False,True,False,False,False
86,aider-polyglot,polyglot_go_robot-simulator,aider-polyglot/polyglot_go_robot-simulator,difficult,0.4318427800269905,0.4718427800269905,hard,0.8692307692307693,0.22631578947368422,0.3026315789473684,0.3977777777777778,26,0.1307692307692307,0.1307692307692307,0.2770298939287555,0.6246515045271874,0.12378632189268614,0.07031553139749969,148.0,133.0,125.0,False,True,False,False,False
87,aider-polyglot,polyglot_java_custom-set,aider-polyglot/polyglot_java_custom-set,difficult,0.429080971659919,0.46908097165991897,hard,0.9076923076923077,0.14210526315789473,0.47368421052631576,0.22666666666666666,26,0.0923076923076923,0.0923076923076923,0.185893014978378,0.0790743345746307,0.07643393623424483,0.11172014776287376,164.0,101.0,126.0,False,True,False,False,False
88,aider-polyglot,polyglot_java_ocr-numbers,aider-polyglot/polyglot_java_ocr-numbers,difficult,0.42372334682861,0.46372334682861,hard,0.9153846153846154,0.12105263157894737,0.4473684210526316,0.27111111111111114,26,0.0846153846153846,0.0846153846153846,0.2230769230769231,0.0048699303644705,0.07415244825826874,0.10791494239509669,168.0,106.0,128.0,False,True,False,False,False
89,aider-polyglot,polyglot_go_markdown,aider-polyglot/polyglot_go_markdown,unique_unpredictable,0.41882995951417,0.45882995951417,easy,0.2538461538461537,0.11578947368421053,0.9473684210526315,0.52,26,0.7461538461538463,0.7461538461538463,0.3066327911999192,0.2702118317113254,0.06854330216920017,0.3581358441332303,169.0,11.0,130.0,False,False,False,True,False
90,aider-polyglot,polyglot_java_protein-translation,aider-polyglot/polyglot_java_protein-translation,difficult,0.41616531713900135,0.4561653171390013,hard,0.8615384615384616,0.2,0.16578947368421051,0.5955555555555555,26,0.1384615384615384,0.1384615384615384,0.3317516715822742,0.5985920881334459,0.10097178560690362,0.049687691034456916,153.0,159.0,134.0,False,True,False,False,False
91,aider-polyglot,polyglot_java_affine-cipher,aider-polyglot/polyglot_java_affine-cipher,difficult,0.40509244264507427,0.44509244264507425,hard,0.8846153846153847,0.23157894736842105,0.13421052631578947,0.4622222222222222,26,0.1153846153846153,0.1153846153846153,0.2891530173725,0.1309515612994078,0.12920492407094103,0.035946801811165385,147.0,165.0,137.0,False,True,False,False,False
92,aider-polyglot,polyglot_rust_scale-generator,aider-polyglot/polyglot_rust_scale-generator,difficult,0.4023663999662618,0.44236639996626176,hard,0.8256410384615385,0.20526315789473684,0.16578947368421051,0.5511111111111111,26,0.1743589615384615,0.1743589615384615,0.318692259005513,0.6199149461570523,0.10383331071119956,0.049687691034456916,152.0,160.0,139.0,False,True,False,False,False
93,aider-polyglot,polyglot_java_kindergarten-garden,aider-polyglot/polyglot_java_kindergarten-garden,difficult,0.3990883940620783,0.4390883940620783,hard,0.8692307692307693,0.23684210526315788,0.13421052631578947,0.43555555555555553,26,0.1307692307692307,0.1307692307692307,0.2825287334185686,0.0863781159037546,0.13120019080524808,0.035946801811165385,146.0,166.0,140.0,False,True,False,False,False
94,aider-polyglot,polyglot_javascript_twelve-days,aider-polyglot/polyglot_javascript_twelve-days,difficult,0.39621255060728744,0.4362125506072874,hard,0.9076923076923077,0.1736842105263158,0.25,0.30666666666666664,26,0.0923076923076923,0.0923076923076923,0.2432521277052599,0.5420763773724265,0.08824138370834464,0.0645958398486326,158.0,144.0,141.0,False,True,False,False,False
95,aider-polyglot,polyglot_javascript_resistor-color-trio,aider-polyglot/polyglot_javascript_resistor-color-trio,difficult,0.3835742240215924,0.4235742240215924,hard,0.9153846153846154,0.1368421052631579,0.25,0.29555555555555557,26,0.0846153846153846,0.0846153846153846,0.2428869754437991,0.5347086269852384,0.07463315654765157,0.0645958398486326,165.0,143.0,147.0,False,True,False,False,False
96,aider-polyglot,polyglot_java_wordy,aider-polyglot/polyglot_java_wordy,difficult,0.36098448043184883,0.4009844804318488,hard,0.9076923076923077,0.1631578947368421,0.11315789473684211,0.3244444444444444,26,0.0923076923076923,0.0923076923076923,0.2494965344650285,0.0250309068496609,0.08588035940957697,0.03482699200546591,160.0,170.0,152.0,False,True,False,False,False
97,aider-polyglot,polyglot_java_variable-length-quantity,aider-polyglot/polyglot_java_variable-length-quantity,difficult,0.3593016194331984,0.39930161943319836,hard,0.9461538461538462,0.10526315789473684,0.2236842105263158,0.2,26,0.0538461538461538,0.0538461538461538,0.1714884369969842,0.0777933512193125,0.06447198680847431,0.06438797236441984,171.0,149.0,153.0,False,True,False,False,False
98,aider-polyglot,polyglot_java_house,aider-polyglot/polyglot_java_house,difficult,0.35818556005398106,0.39818556005398104,hard,0.9384615384615385,0.08947368421052632,0.2236842105263158,0.24222222222222223,26,0.0615384615384615,0.0615384615384615,0.1902971827208151,0.0180892595886018,0.058458833553768845,0.06438797236441984,174.0,148.0,154.0,False,True,False,False,False
99,aider-polyglot,polyglot_java_all-your-base,aider-polyglot/polyglot_java_all-your-base,difficult,0.35423684210526313,0.3942368421052631,hard,0.9,0.16842105263157894,0.11315789473684211,0.28,26,0.1,0.1,0.223606797749979,0.0238243513734268,0.08635115263287083,0.03482699200546591,159.0,169.0,155.0,False,True,False,False,False
100,aider-polyglot,polyglot_javascript_poker,aider-polyglot/polyglot_javascript_poker,unique_unpredictable,0.3347179487179487,0.37471794871794867,easy,0.16153846153846152,0.03684210526315789,0.968421052631579,0.26222222222222225,26,0.8384615384615385,0.8384615384615385,0.2149721324997248,0.1632750452041663,0.02718261302993399,0.4037176987393938,184.0,7.0,163.0,False,False,False,True,False
101,aider-polyglot,polyglot_javascript_ledger,aider-polyglot/polyglot_javascript_ledger,unique_unpredictable,0.33070479082321186,0.37070479082321184,easy,0.08653846153846156,0.1,0.9789473684210527,0.19555555555555557,26,0.9134615384615384,0.9134615384615384,0.1602628203846205,0.4006259288718022,0.06444106717350766,0.44732598477971974,172.0,5.0,165.0,False,False,False,True,False
102,aider-polyglot,polyglot_go_trinary,aider-polyglot/polyglot_go_trinary,difficult;frontier_with_variance,0.28706005398110657,0.3670600539811065,frontier,0.9615384615384616,0.042105263157894736,0.018421052631578946,0.18222222222222223,26,0.0384615384615384,0.0384615384615384,0.1360908154842625,0.5244639338109544,0.03749910134296875,0.0004648190362096516,183.0,188.0,175.0,False,True,True,False,False
103,aider-polyglot,polyglot_java_phone-number,aider-polyglot/polyglot_java_phone-number,difficult;frontier_with_variance,0.2710769230769231,0.35107692307692306,frontier,0.9923076923076924,0.0,0.0,0.15333333333333332,26,0.0076923076923076,0.0076923076923076,0.0384615384615384,-0.0460337523287066,,,,,180.0,False,True,True,False,False
104,aider-polyglot,polyglot_java_state-of-tic-tac-toe,aider-polyglot/polyglot_java_state-of-tic-tac-toe,difficult;frontier_with_variance,0.2710769230769231,0.35107692307692306,frontier,0.9923076923076924,0.0,0.0,0.15333333333333332,26,0.0076923076923076,0.0076923076923076,0.0384615384615384,-0.0460337523287066,,,,,181.0,False,True,True,False,False
105,aider-polyglot,polyglot_go_hexadecimal,aider-polyglot/polyglot_go_hexadecimal,difficult,0.298719298245614,0.338719298245614,hard,0.95,0.06842105263157895,0.018421052631578946,0.21777777777777776,26,0.05,0.05,0.1781313257986063,0.5218578523168496,0.04915818985690149,0.0004648190362096516,178.0,187.0,173.0,False,True,False,False,False
106,aider-polyglot,polyglot_cpp_complex-numbers,aider-polyglot/polyglot_cpp_complex-numbers,unique_unpredictable,0.27957354605263157,0.31957354605263155,saturated,0.012820500000000012,0.010526315789473684,0.9947368421052631,0.16,25,0.9871795,0.98666668,0.0653196611544916,0.1584912122015368,0.010357621980674837,0.5133241665159243,189.0,2.0,178.0,False,False,False,True,False
107,aider-polyglot,polyglot_go_poker,aider-polyglot/polyglot_go_poker,difficult,0.2613333333333333,0.3013333333333333,frontier,1.0,0.0,0.0,0.07555555555555556,26,0.0,0.0,0.0,,,,,,184.0,False,True,False,False,False
108,aider-polyglot,polyglot_java_forth,aider-polyglot/polyglot_java_forth,difficult,0.2613333333333333,0.3013333333333333,frontier,1.0,0.0,0.0,0.07555555555555556,26,0.0,0.0,0.0,,,,,,185.0,False,True,False,False,False
109,aider-polyglot,polyglot_java_hangman,aider-polyglot/polyglot_java_hangman,difficult,0.2613333333333333,0.3013333333333333,frontier,1.0,0.0,0.0,0.07555555555555556,26,0.0,0.0,0.0,,,,,,186.0,False,True,False,False,False
110,aider-polyglot,polyglot_java_rational-numbers,aider-polyglot/polyglot_java_rational-numbers,difficult,0.2613333333333333,0.3013333333333333,frontier,1.0,0.0,0.0,0.07555555555555556,26,0.0,0.0,0.0,,,,,,187.0,False,True,False,False,False
111,aider-polyglot,polyglot_java_rest-api,aider-polyglot/polyglot_java_rest-api,difficult,0.2613333333333333,0.3013333333333333,frontier,1.0,0.0,0.0,0.07555555555555556,26,0.0,0.0,0.0,,,,,,188.0,False,True,False,False,False
112,aider-polyglot,polyglot_java_series,aider-polyglot/polyglot_java_series,difficult,0.2613333333333333,0.3013333333333333,frontier,1.0,0.0,0.0,0.07555555555555556,26,0.0,0.0,0.0,,,,,,189.0,False,True,False,False,False
113,aider-polyglot,polyglot_java_sgf-parsing,aider-polyglot/polyglot_java_sgf-parsing,difficult,0.2613333333333333,0.3013333333333333,frontier,1.0,0.0,0.0,0.07555555555555556,26,0.0,0.0,0.0,,,,,,190.0,False,True,False,False,False
114,aider-polyglot,polyglot_java_zipper,aider-polyglot/polyglot_java_zipper,difficult,0.2613333333333333,0.3013333333333333,frontier,1.0,0.0,0.0,0.07555555555555556,26,0.0,0.0,0.0,,,,,,191.0,False,True,False,False,False
115,aime,aime_89,aime/aime_89,base_representative;high_composite,0.6598076955128205,0.7198076955128205,medium,0.30256411538461536,0.9833333333333333,0.4,0.9333333333333333,19,0.6974358846153846,0.6596491052631578,0.3758155335207189,0.5719247089986196,0.32497485092702255,0.10263879366760675,2.0,37.0,8.0,True,False,False,False,True
116,aime,aime_i-12,aime/aime_i-12,base_representative,0.5698397435897435,0.6298397435897436,easy,0.20769230769230762,1.0,0.14166666666666666,0.8833333333333333,20,0.7923076923076924,0.73,0.3648287269390939,0.5263546800200056,0.33227361960425805,0.0694505745733639,1.0,52.0,16.0,True,False,False,False,False
117,aime,aime_i-13,aime/aime_i-13,unique_unpredictable;high_composite,0.7698717948717949,0.809871794871795,medium,0.34615384615384626,0.8666666666666667,0.95,0.95,19,0.6538461538461537,0.6,0.3893314107138301,0.662545701709182,0.2522405758276247,0.2806338059575666,9.0,4.0,1.0,False,False,False,True,True
118,aime,aime_ii-14,aime/aime_ii-14,unique_unpredictable;high_composite,0.7332371794871796,0.7732371794871796,easy,0.20961538461538476,0.9333333333333333,0.8166666666666667,1.0,19,0.7903846153846152,0.7131578947368421,0.3959804970154723,0.2281395895314109,0.2623667537036305,0.2276442826774988,5.0,12.0,2.0,False,False,False,True,True
119,aime,aime_73,aime/aime_73,unique_unpredictable;high_composite,0.678076923076923,0.7180769230769231,medium,0.3423076923076922,0.6666666666666666,0.9666666666666667,0.7833333333333333,19,0.6576923076923078,0.6236842105263158,0.3326007647286171,0.4944431291271934,0.20066030350235325,0.3018287466073185,21.0,3.0,3.0,False,False,False,True,True
120,aime,aime_i-10,aime/aime_i-10,unique_unpredictable;high_composite,0.6730768974358974,0.7130768974358974,medium,0.32564092307692305,0.7333333333333333,0.85,0.8166666666666667,19,0.674359076923077,0.6771929999999999,0.3442175003317402,0.3504899286944694,0.2296566338551979,0.24583447826130467,17.0,10.0,5.0,False,False,False,True,True
121,aime,aime_i-14,aime/aime_i-14,difficult;unique_unpredictable,0.6257371794871794,0.7057371794871795,hard,0.7596153846153846,0.11666666666666667,1.0,0.9666666666666667,19,0.2403846153846154,0.3289473684210526,0.3907872585441383,0.3519959915795408,0.0821403601020494,0.4109858346944031,54.0,1.0,14.0,False,True,False,True,False
122,aime,aime_62,aime/aime_62,unique_unpredictable,0.646826923076923,0.6868269230769231,easy,0.26730769230769225,0.7,0.8,0.9,20,0.7326923076923078,0.6824999999999999,0.367856969486783,0.4906480473765156,0.2253349592596198,0.22672229912578612,19.0,13.0,10.0,False,False,False,True,False
123,aime,aime_i-9,aime/aime_i-9,high_composite,0.6764743589743589,0.6764743589743589,easy,0.2692307692307693,0.9,0.6666666666666666,0.85,19,0.7307692307692307,0.7052631578947368,0.3586872031384599,0.182676553289341,0.25507304284369436,0.17441241674387875,7.0,21.0,4.0,False,False,False,False,True
124,aime,aime_ii-13,aime/aime_ii-13,high_composite,0.6710256378205127,0.6710256378205127,medium,0.4224358846153845,0.7166666666666667,0.7083333333333334,0.9166666666666666,19,0.5775641153846155,0.5692982631578948,0.3726883241806952,0.5406501144090674,0.2271850234047305,0.1956450760400592,18.0,18.0,6.0,False,False,False,False,True
125,aime,aime_81,aime/aime_81,high_composite,0.6664423076923076,0.6664423076923076,medium,0.6307692307692307,0.5666666666666667,0.7416666666666667,0.8333333333333334,19,0.3692307692307692,0.4131578947368421,0.3508793859580592,0.6905261478276968,0.18582323512062546,0.2062754153821269,27.0,17.0,7.0,False,False,False,False,True
126,aime,aime_88,aime/aime_88,high_composite,0.6519230769230769,0.6519230769230769,easy,0.20769230769230762,0.8833333333333333,0.6833333333333333,0.8,19,0.7923076923076924,0.7157894736842106,0.3437611745854301,0.6181595139735999,0.25369659329560657,0.18908542354611568,8.0,20.0,9.0,False,False,False,False,True
127,aime,aime_85,aime/aime_85,unique_unpredictable,0.5197756378205128,0.5597756378205129,easy,0.19743588461538464,0.43333333333333335,0.875,0.6666666666666666,20,0.8025641153846154,0.77333335,0.3036079284574556,0.4928435430244632,0.16490636896465444,0.24799510257691548,35.0,8.0,19.0,False,False,False,True,False
128,aime,aime_82,aime/aime_82,unique_unpredictable,0.49782050961538465,0.5378205096153846,easy,0.17628203846153856,0.45,0.925,0.43333333333333335,20,0.8237179615384614,0.8008333499999999,0.2429263056406767,0.2157611876664892,0.16601361844511564,0.25575343813034435,34.0,6.0,21.0,False,False,False,True,False
129,aime,aime_ii-7,aime/aime_ii-7,unique_unpredictable,0.46118589743589744,0.5011858974358975,easy,0.22307692307692306,0.2833333333333333,0.875,0.5833333333333334,20,0.7769230769230769,0.77,0.2776688675382964,0.2746274284156814,0.14068312264918537,0.24799510257691548,44.0,9.0,26.0,False,False,False,True,False
130,aime,aime_69,aime/aime_69,unique_unpredictable,0.36365384615384616,0.40365384615384614,easy,0.08461538461538476,0.08333333333333333,0.9833333333333333,0.45,19,0.9153846153846152,0.8842105263157896,0.2455137639934863,0.2636224080839346,0.06243614233405312,0.35679159226531765,56.0,2.0,36.0,False,False,False,True,False
131,aime,aime_i-6,aime/aime_i-6,unique_unpredictable,0.3188461538461539,0.35884615384615387,easy,0.0653846153846156,0.18333333333333332,0.8333333333333334,0.2,18,0.9346153846153844,0.9055555555555554,0.189948011080875,0.2963510258756497,0.11755024030652025,0.24333969842539527,50.0,11.0,40.0,False,False,False,True,False
132,aime,aime_71,aime/aime_71,unique_unpredictable,0.31375,0.35374999999999995,easy,0.09999999999999987,0.05,0.925,0.26666666666666666,20,0.9000000000000001,0.8700000000000001,0.2027313493271329,0.0918397746613959,0.049616714759992325,0.25575343813034435,58.0,5.0,41.0,False,False,False,True,False
133,aime,aime_ii-4,aime/aime_ii-4,unique_unpredictable,0.24602564102564103,0.28602564102564104,saturated,0.03076923076923077,0.016666666666666666,0.9,0.05,20,0.9692307692307692,0.96,0.1019803902718557,0.1878641361472726,0.02862839043336895,0.24992250128897608,60.0,7.0,48.0,False,False,False,True,False
134,algotune,algotune-dct-type-i-scipy-fftpack,algotune/algotune-dct-type-i-scipy-fftpack,base_representative,0.6824172654314922,0.7424172654314922,medium,0.5806791627360698,0.9920634920634921,0.23412698412698413,0.8766233766233766,25,0.4193208372639302,0.4118626468630506,0.3046909285676395,0.5938290088548595,0.23645554328470086,0.15525955337669728,2.0,97.0,26.0,True,False,False,False,False
135,algotune,algotune-feedback-controller-design,algotune/algotune-feedback-controller-design,base_representative,0.6689772286709637,0.7289772286709637,medium,0.40159434036928043,1.0,0.30158730158730157,0.9545454545454546,25,0.5984056596307196,0.5906458308790339,0.3391664142135846,0.5945395568076212,0.2525971984200477,0.19776723070509905,1.0,89.0,33.0,True,False,False,False,False
136,algotune,algotune-cyclic-independent-set,algotune/algotune-cyclic-independent-set,difficult;unique_unpredictable;high_composite,0.7964421185518817,0.8764421185518818,hard,0.8613817498208024,0.6587301587301587,0.8333333333333334,0.948051948051948,25,0.1386182501791976,0.1441629801863656,0.3303266699511998,0.2000735439739664,0.11281017524072418,0.40941191454349757,44.0,22.0,3.0,False,True,False,True,True
137,algotune,algotune-eigenvectors-real,algotune/algotune-eigenvectors-real,difficult;unique_unpredictable;high_composite,0.7846113204848234,0.8646113204848235,hard,0.9094409529349647,0.6031746031746031,0.9365079365079365,0.7467532467532467,15,0.0905590470650353,0.1569690149127279,0.262016007707071,0.1640919832581675,0.10337063506276407,0.469410454397022,51.0,9.0,4.0,False,True,False,True,True
138,algotune,algotune-edge-expansion,algotune/algotune-edge-expansion,difficult;high_composite,0.8039016604179525,0.8439016604179526,hard,0.7091131351783038,0.9365079365079365,0.6031746031746031,0.987012987012987,25,0.2908868648216963,0.3025223394145642,0.3480312417652621,0.3527969853855172,0.19424476033609064,0.3164166709538745,9.0,51.0,2.0,False,True,False,False,True
139,algotune,algotune-eigenvalues-real,algotune/algotune-eigenvalues-real,difficult;unique_unpredictable;high_composite,0.7556673390058726,0.8356673390058726,hard,0.7506635840177183,0.6428571428571429,0.8888888888888888,0.8051948051948052,17,0.2493364159822817,0.2597303459774727,0.2729991402258803,0.1559477248912306,0.10996228881509833,0.442101674982849,46.0,15.0,6.0,False,True,False,True,True
140,algotune,algotune-count-riemann-zeta-zeros,algotune/algotune-count-riemann-zeta-zeros,high_composite,0.8186899750543969,0.8186899750543969,medium,0.5525376779953652,0.9603174603174603,0.7777777777777778,1.0,26,0.4474623220046348,0.4474623220046348,0.3954284194555529,0.5313229888961625,0.1996727371504718,0.381715331449223,6.0,29.0,1.0,False,False,False,False,True
141,algotune,algotune-vertex-cover,algotune/algotune-vertex-cover,difficult;high_composite,0.7606188211643803,0.8006188211643803,hard,0.7191708113530482,0.8888888888888888,0.623015873015873,0.7597402597402597,22,0.2808291886469519,0.2851529284641385,0.2671238338464606,0.683061974135733,0.180908144750572,0.32293890981783935,15.0,49.0,5.0,False,True,False,False,True
142,algotune,algotune-integer-factorization,algotune/algotune-integer-factorization,difficult;unique_unpredictable;high_composite,0.7137479813148281,0.7937479813148282,hard,0.7777913480587351,0.3968253968253968,0.9761904761904762,0.9090909090909091,24,0.222208651941265,0.2406096817825632,0.3179060301153606,0.2232912040175812,0.06719220736927946,0.5321817612723354,77.0,4.0,15.0,False,True,False,True,True
143,algotune,algotune-lti-simulation,algotune/algotune-lti-simulation,difficult;high_composite,0.75233706582443,0.7923370658244301,hard,0.7902284941779509,0.9126984126984127,0.34523809523809523,0.9935064935064936,24,0.2097715058220491,0.2272115448143357,0.3514367163801203,0.4099488306970105,0.18835057647283215,0.21551705331230475,12.0,83.0,7.0,False,True,False,False,True
144,algotune,algotune-rectanglepacking,algotune/algotune-rectanglepacking,difficult;unique_unpredictable;high_composite,0.701866350584267,0.7818663505842671,hard,0.7175664124380786,0.6111111111111112,0.8174603174603174,0.6948051948051948,22,0.2824335875619214,0.2704115127502311,0.2356430092211006,0.449040494234638,0.10422435605840731,0.4044131952928869,50.0,24.0,18.0,False,True,False,True,True
145,algotune,algotune-markowitz,algotune/algotune-markowitz,difficult;high_composite,0.7413424396934161,0.7813424396934161,hard,0.7189772623811679,0.7777777777777778,0.6626984126984127,0.8246753246753247,26,0.2810227376188321,0.2810227376188321,0.2776616535700279,0.3477863272384364,0.1344363959258965,0.3342600084562807,29.0,43.0,9.0,False,True,False,False,True
146,algotune,algotune-ode-hires,algotune/algotune-ode-hires,unique_unpredictable;high_composite,0.7409139161340621,0.7809139161340621,medium,0.6764983773789612,0.6825396825396826,0.8095238095238095,0.8701298701298701,22,0.3235016226210388,0.3188029588774161,0.3003997991498779,0.4147303624871158,0.1187749903888394,0.40237814119963533,41.0,25.0,10.0,False,False,False,True,True
147,algotune,algotune-graph-coloring-assign,algotune/algotune-graph-coloring-assign,difficult;high_composite,0.7255168198568528,0.7655168198568528,hard,0.7428320701922018,0.7063492063492064,0.7261904761904762,0.7402597402597403,24,0.2571679298077983,0.2605695800680852,0.2605767594064356,0.5233970149990335,0.12484378508948754,0.354000605136229,38.0,35.0,11.0,False,True,False,False,True
148,algotune,algotune-discrete-log,algotune/algotune-discrete-log,difficult;unique_unpredictable,0.6839787930866903,0.7639787930866904,hard,0.8571272935588827,0.373015873015873,0.8968253968253969,0.7662337662337663,25,0.1428727064411173,0.1468136815875041,0.2686245324229037,-0.2915854044697418,0.06357130009351726,0.4427635957359075,80.0,14.0,24.0,False,True,False,True,False
149,algotune,algotune-min-dominating-set,algotune/algotune-min-dominating-set,difficult;unique_unpredictable,0.6813748462820581,0.7613748462820582,hard,0.7201602797891271,0.46825396825396826,0.9523809523809523,0.6623376623376623,23,0.2798397202108729,0.2748773817920872,0.2252025016202435,0.1883021772796494,0.08204158566602023,0.4992401988635743,68.0,7.0,27.0,False,True,False,True,False
150,algotune,algotune-btsp,algotune/algotune-btsp,difficult;high_composite,0.7209918945243933,0.7609918945243933,hard,0.8290613731913683,0.7222222222222222,0.623015873015873,0.7012987012987013,25,0.1709386268086317,0.177776171880977,0.2372586477737034,0.4633147743135449,0.1276595353746807,0.32293890981783935,36.0,48.0,12.0,False,True,False,False,True
151,algotune,algotune-firls,algotune/algotune-firls,difficult;high_composite,0.7199866579546814,0.7599866579546815,hard,0.8553434572155516,0.8412698412698413,0.2896825396825397,0.9285714285714286,25,0.1446565427844484,0.1503837356179611,0.3237190812611779,0.6016418327273262,0.16910994324806689,0.19028973543075522,21.0,90.0,13.0,False,True,False,False,True
152,algotune,algotune-ode-hodgkinhuxley,algotune/algotune-ode-hodgkinhuxley,high_composite,0.7456174117623524,0.7456174117623524,medium,0.5893239039036668,0.7619047619047619,0.7420634920634921,0.974025974025974,22,0.4106760960963332,0.4109854634982577,0.3452132409348624,0.4670807440958334,0.1323757889141239,0.35462484450658494,31.0,33.0,8.0,False,False,False,False,True
153,algotune,algotune-cumulative-simpson-multid,algotune/algotune-cumulative-simpson-multid,difficult;high_composite,0.7039533500966547,0.7439533500966548,hard,0.7368090713822898,0.8253968253968254,0.43253968253968256,0.8181818181818182,25,0.2631909286177102,0.265920903135461,0.27539126496223,0.4317374835783372,0.16338190068314717,0.24605141955405574,23.0,72.0,17.0,False,True,False,False,True
154,algotune,algotune-graph-global-efficiency,algotune/algotune-graph-global-efficiency,difficult;unique_unpredictable,0.6608130437992197,0.7408130437992198,hard,0.703425335370039,0.4365079365079365,0.8650793650793651,0.7727272727272727,24,0.296574664629961,0.2970626500134976,0.2686516878227882,0.2885366344050163,0.07535520677335508,0.4281214248441798,72.0,18.0,35.0,False,True,False,True,False
155,algotune,algotune-eigenvalues-complex,algotune/algotune-eigenvalues-complex,difficult;unique_unpredictable,0.6571988184140631,0.7371988184140632,hard,0.7803104251714044,0.40476190476190477,0.8571428571428571,0.7077922077922078,17,0.2196895748285956,0.2142792934873072,0.2432651363459723,0.1270772936847219,0.0685090499938746,0.4240761822756456,76.0,19.0,36.0,False,True,False,True,False
156,algotune,algotune-aircraft-wing-design,algotune/algotune-aircraft-wing-design,difficult;high_composite,0.6935138252804733,0.7335138252804734,hard,0.7332905103571026,0.9206349206349206,0.21031746031746032,0.9025974025974026,25,0.2667094896428975,0.2767803527682552,0.3146738237415331,0.5706881137195449,0.1901349827385908,0.14356561743412632,11.0,100.0,23.0,False,True,False,False,True
157,algotune,algotune-matrix-completion,algotune/algotune-matrix-completion,difficult,0.6784668399837191,0.7184668399837192,hard,0.8097548058223225,0.8174603174603174,0.21031746031746032,0.9155844155844156,24,0.1902451941776775,0.2060431831920461,0.3206487972914451,0.602889435055704,0.1581550665080767,0.14356561743412632,24.0,101.0,28.0,False,True,False,False,False
158,algotune,algotune-stable-matching,algotune/algotune-stable-matching,difficult,0.6781098559111433,0.7181098559111433,hard,0.8291060903112397,0.8015873015873016,0.2896825396825397,0.7857142857142857,22,0.1708939096887603,0.1919038039228606,0.2689709407099715,0.573554146985762,0.15048433249386375,0.19028973543075522,26.0,91.0,29.0,False,True,False,False,False
159,algotune,algotune-ode-brusselator,algotune/algotune-ode-brusselator,high_composite,0.7144753746378014,0.7144753746378014,medium,0.4949866356363427,0.9047619047619048,0.5079365079365079,0.9805194805194806,23,0.5050133643636573,0.4808434753353867,0.3473965599735056,0.4076593210805746,0.18346697792834102,0.28087860040168044,13.0,63.0,14.0,False,False,False,False,True
160,algotune,algotune-ode-stiff-robertson,algotune/algotune-ode-stiff-robertson,high_composite,0.7135784576562986,0.7135784576562986,medium,0.5419761682875321,0.9761904761904762,0.36904761904761907,0.961038961038961,22,0.4580238317124679,0.4254183983824752,0.3420003943439099,0.4183743496439259,0.21534910382614184,0.22588798850637737,4.0,80.0,16.0,False,False,False,False,True
161,algotune,algotune-robust-linear-program,algotune/algotune-robust-linear-program,difficult,0.6734705511531454,0.7134705511531454,hard,0.7972732580036348,0.7936507936507936,0.34523809523809523,0.7337662337662337,22,0.2027267419963652,0.2332602431530776,0.2587045000464981,0.4511046815545617,0.1426082747475078,0.21551705331230475,27.0,84.0,30.0,False,True,False,False,False
162,algotune,algotune-cvar-projection,algotune/algotune-cvar-projection,difficult,0.6732485432459322,0.7132485432459322,hard,0.7600937400832958,0.6746031746031746,0.5793650793650794,0.6818181818181818,25,0.2399062599167042,0.2395049680392085,0.2300037924576969,0.5763013890415271,0.11764333880661966,0.3096602345345574,42.0,54.0,31.0,False,True,False,False,False
163,algotune,algotune-randomized-svd,algotune/algotune-randomized-svd,difficult,0.6720907439874167,0.7120907439874168,hard,0.8033701909568823,0.6984126984126984,0.6111111111111112,0.4935064935064935,22,0.1966298090431177,0.2019785924996235,0.1816418819401818,0.5100654726342166,0.12160033317556404,0.3217814277428688,39.0,50.0,32.0,False,True,False,False,False
164,algotune,algotune-polynomial-real,algotune/algotune-polynomial-real,difficult;frontier_with_variance;unique_unpredictable,0.5855723519949465,0.7055723519949466,frontier,0.9645116302020083,0.05555555555555555,1.0,0.5,19,0.0354883697979918,0.0475449012523605,0.1838402846287126,0.0950623006489062,0.010457138144896114,0.5861075500304707,120.0,1.0,62.0,False,True,True,True,False
165,algotune,algotune-minimum-volume-ellipsoid,algotune/algotune-minimum-volume-ellipsoid,difficult,0.664244476615762,0.7042444766157621,hard,0.8821582816434234,0.48412698412698413,0.7658730158730159,0.551948051948052,21,0.1178417183565766,0.1452531016377175,0.2007142070471532,0.1779055568370155,0.08381725100909668,0.3768714230697954,66.0,30.0,34.0,False,True,False,False,False
166,algotune,algotune-queens-with-obstacles,algotune/algotune-queens-with-obstacles,high_composite,0.6998336136307985,0.6998336136307985,medium,0.5996230548117948,0.7857142857142857,0.6984126984126984,0.6688311688311688,22,0.4003769451882052,0.3977934707910682,0.2274364642934648,0.493638113846968,0.1420646489411061,0.34253853279374746,28.0,39.0,19.0,False,False,False,False,True
167,algotune,algotune-fft-cmplx-scipy-fftpack,algotune/algotune-fft-cmplx-scipy-fftpack,high_composite,0.6985693308805556,0.6985693308805556,medium,0.5610161402610394,0.9444444444444444,0.39285714285714285,0.8636363636363636,25,0.4389838597389606,0.4341895771986907,0.2994192093486157,0.6118569891373418,0.1947195495797506,0.22918568925079041,8.0,78.0,20.0,False,False,False,False,True
168,algotune,algotune-kalman-filter,algotune/algotune-kalman-filter,high_composite,0.6964331374967239,0.6964331374967239,medium,0.5306820449363903,0.8492063492063492,0.5674603174603174,0.8311688311688312,24,0.4693179550636098,0.4601334460499069,0.2814260963984846,0.5084339898604162,0.17198963081296015,0.3061102832165262,20.0,56.0,21.0,False,False,False,False,True
169,algotune,algotune-pagerank,algotune/algotune-pagerank,high_composite,0.6939282607079872,0.6939282607079872,medium,0.640720257839164,0.8968253968253969,0.36904761904761907,0.8506493506493507,22,0.3592797421608361,0.3379982359872155,0.2929680338664083,0.4048122690388313,0.18295716589280378,0.22588798850637737,14.0,81.0,22.0,False,False,False,False,True
170,algotune,algotune-graph-isomorphism,algotune/algotune-graph-isomorphism,unique_unpredictable,0.6526065311907604,0.6926065311907604,medium,0.3423164566533734,0.6507936507936508,0.9206349206349206,0.7272727272727273,24,0.6576835433466266,0.6500913566032126,0.2563073697027521,0.3323941410090764,0.11117632745304194,0.45486047118935247,45.0,11.0,39.0,False,False,False,True,False
171,algotune,algotune-generalized-eigenvectors-complex,algotune/algotune-generalized-eigenvectors-complex,difficult,0.6467795779855093,0.6867795779855094,hard,0.7104949353186609,0.6904761904761905,0.5476190476190477,0.6038961038961039,25,0.289505064681339,0.2866906338794837,0.2087463154321391,0.3583900877699474,0.12011345766064964,0.29261625656773427,40.0,58.0,40.0,False,True,False,False,False
172,algotune,algotune-max-weighted-independent-set,algotune/algotune-max-weighted-independent-set,difficult;unique_unpredictable,0.5988395598301052,0.6788395598301052,hard,0.703871947834129,0.2777777777777778,0.9285714285714286,0.6233766233766234,24,0.296128052165871,0.2946711392522491,0.2151775819671439,0.1290905860230337,0.04823321103316019,0.46532718447751686,92.0,10.0,58.0,False,True,False,True,False
173,algotune,algotune-job-shop-scheduling,algotune/algotune-job-shop-scheduling,unique_unpredictable,0.6344964342269201,0.6744964342269202,medium,0.6896451885671325,0.4523809523809524,0.8253968253968254,0.6493506493506493,24,0.3103548114328675,0.3074890917103619,0.2228081032197971,0.4534243883758764,0.08005477525299705,0.40728332093539155,70.0,23.0,43.0,False,False,False,True,False
174,algotune,algotune-elementwise-integration,algotune/algotune-elementwise-integration,difficult,0.6286103830487889,0.668610383048789,hard,0.9036911714447949,0.4603174603174603,0.6468253968253969,0.5324675324675324,25,0.0963088285552051,0.1001611816974133,0.1937433784527898,0.2058229925771605,0.08197898630691439,0.32895257523504806,69.0,45.0,45.0,False,True,False,False,False
175,algotune,algotune-kcenters,algotune/algotune-kcenters,difficult,0.6285872017537755,0.6685872017537755,hard,0.760741303407598,0.4444444444444444,0.7261904761904762,0.6753246753246753,24,0.2392586965924019,0.2414967954811111,0.2293511409014566,0.236364122924882,0.07888624119425634,0.354000605136229,71.0,36.0,46.0,False,True,False,False,False
176,algotune,algotune-correlate-1d,algotune/algotune-correlate-1d,difficult,0.6250702552756803,0.6650702552756803,hard,0.8657932866149868,0.5396825396825397,0.5555555555555556,0.538961038961039,25,0.1342067133850132,0.1395749819204137,0.1965630755852708,0.3764729318276586,0.0935936558185526,0.30245220974669074,59.0,57.0,48.0,False,True,False,False,False
177,algotune,algotune-cholesky-factorization,algotune/algotune-cholesky-factorization,difficult,0.6230263768693098,0.6630263768693099,hard,0.7086278739996061,0.753968253968254,0.39285714285714285,0.5584415584415584,25,0.2913721260003939,0.2889390528638214,0.2017380858738916,0.7089727780315703,0.13091352716042873,0.22918568925079041,32.0,77.0,49.0,False,True,False,False,False
178,algotune,algotune-svd,algotune/algotune-svd,difficult;unique_unpredictable,0.5723013023889968,0.6523013023889969,hard,0.9234043437551214,0.18253968253968253,0.8492063492063492,0.43506493506493504,16,0.0765956562448786,0.1244679413979277,0.1688781170934046,-0.0635651865061381,0.03137637572491192,0.4115739507578966,104.0,20.0,66.0,False,True,False,True,False
179,algotune,algotune-delaunay,algotune/algotune-delaunay,difficult;unique_unpredictable,0.570319036660176,0.6503190366601761,hard,0.7115791769437344,0.25396825396825395,0.9920634920634921,0.37012987012987014,25,0.2884208230562656,0.2855279811666463,0.1501067688618198,0.1806420346063083,0.04421396242833727,0.5560134814031295,95.0,2.0,67.0,False,True,False,True,False
180,algotune,algotune-kmeans,algotune/algotune-kmeans,difficult;unique_unpredictable,0.5676765826100506,0.6476765826100507,hard,0.8875894473233196,0.031746031746031744,0.9841269841269841,0.5909090909090909,24,0.1124105526766804,0.1215442501516637,0.2069373606853574,0.037174331520415,0.008417036186121182,0.5460115695024388,123.0,3.0,68.0,False,True,False,True,False
181,algotune,algotune-procrustes,algotune/algotune-procrustes,difficult;unique_unpredictable,0.5664200285902564,0.6464200285902565,hard,0.9434578921388036,0.007936507936507936,0.9682539682539683,0.5714285714285714,15,0.0565421078611964,0.0980063202927405,0.2023114649422693,-0.0391257864933634,0.002009732798595203,0.5201801605608325,126.0,5.0,70.0,False,True,False,True,False
182,algotune,algotune-qr-factorization,algotune/algotune-qr-factorization,difficult,0.6060048865438912,0.6460048865438912,hard,0.9279878001438189,0.24603174603174602,0.7658730158730159,0.6428571428571429,16,0.0720121998561811,0.1170198247662944,0.2217985033978283,0.0206502220400377,0.04209347939110538,0.3768714230697954,96.0,31.0,53.0,False,True,False,False,False
183,algotune,algotune-wasserstein-dist,algotune/algotune-wasserstein-dist,difficult;unique_unpredictable,0.5653257926119865,0.6453257926119865,hard,0.783381092525868,0.2222222222222222,0.9603174603174603,0.34415584415584416,22,0.216618907474132,0.2169284401911875,0.1425808276951803,0.2915077884854621,0.037081273046331326,0.5153107016843541,99.0,6.0,71.0,False,True,False,True,False
184,algotune,algotune-cumulative-simpson-1d,algotune/algotune-cumulative-simpson-1d,difficult,0.6019844282277119,0.641984428227712,hard,0.8634211183942532,0.5952380952380952,0.32936507936507936,0.6363636363636364,25,0.1365788816057468,0.1412201426456134,0.2193135312253254,0.4577663823953526,0.09989465816139985,0.21478534872821875,52.0,86.0,54.0,False,True,False,False,False
185,algotune,algotune-generalized-eigenvectors-real,algotune/algotune-generalized-eigenvectors-real,unique_unpredictable,0.6006769391751765,0.6406769391751765,medium,0.6674263714193209,0.1984126984126984,0.876984126984127,0.9675324675324676,12,0.3325736285806791,0.3602135178291604,0.3443643267596828,-0.0386428523442431,0.033435468086652535,0.44207457984100784,102.0,17.0,55.0,False,False,False,True,False
186,algotune,algotune-fft-real-scipy-fftpack,algotune/algotune-fft-real-scipy-fftpack,difficult,0.5978102428940931,0.6378102428940932,hard,0.83878786912327,0.6190476190476191,0.43253968253968256,0.42207792207792205,25,0.1612121308767301,0.1624957859090152,0.1654451213472361,0.6126862556319351,0.10426702462989217,0.24605141955405574,49.0,73.0,59.0,False,True,False,False,False
187,algotune,algotune-two-eigenvalues-around-0,algotune/algotune-two-eigenvalues-around-0,unique_unpredictable,0.5967696673255446,0.6367696673255446,medium,0.4761118583353675,0.3888888888888889,0.8015873015873016,0.9415584415584416,18,0.5238881416646325,0.4605098393851599,0.3268122117672186,-0.1269443309521466,0.06591726019225508,0.3979317192770604,78.0,26.0,60.0,False,False,False,True,False
188,algotune,algotune-clustering-outliers,algotune/algotune-clustering-outliers,difficult,0.5914815917037343,0.6314815917037343,hard,0.9276868285753992,0.42857142857142855,0.4603174603174603,0.6298701298701299,25,0.0723131714246008,0.0752056982815848,0.2174868452602564,0.1860230115282577,0.07486092803146313,0.25147894274704663,73.0,69.0,61.0,False,True,False,False,False
189,algotune,algotune-tsp,algotune/algotune-tsp,difficult;unique_unpredictable,0.5407227960407955,0.6207227960407956,hard,0.8867007079727063,0.14285714285714285,0.9047619047619048,0.2857142857142857,21,0.1132992920272937,0.1114435444893149,0.1134415088266074,0.1750356583960924,0.026380974423756753,0.4460508709879174,109.0,13.0,75.0,False,True,False,True,False
190,algotune,algotune-vector-quantization,algotune/algotune-vector-quantization,difficult;unique_unpredictable,0.5370686550008347,0.6170686550008347,hard,0.9321130038417224,0.09523809523809523,0.8412698412698413,0.4025974025974026,22,0.0678869961582776,0.0802300863688735,0.1613655924761443,0.1105538486638832,0.016298877372817037,0.4108387462855141,115.0,21.0,76.0,False,True,False,True,False
191,algotune,algotune-channel-capacity,algotune/algotune-channel-capacity,difficult;unique_unpredictable,0.5311722300379835,0.6111722300379836,hard,0.8823368277998418,0.11904761904761904,0.876984126984127,0.33116883116883117,25,0.1176631722001582,0.1178559738064869,0.1349755407063799,0.0425395966118855,0.021673642113424228,0.44207457984100784,112.0,16.0,78.0,False,True,False,True,False
192,algotune,algotune-optimal-advertising,algotune/algotune-optimal-advertising,difficult,0.5670877930857816,0.6070877930857816,hard,0.8897797437716978,0.3412698412698413,0.6865079365079365,0.35714285714285715,22,0.1102202562283022,0.1180937225429499,0.1475844326628008,0.2940192090625149,0.05796070854735069,0.3412092414893816,84.0,40.0,69.0,False,True,False,False,False
193,algotune,algotune-shortest-path-dijkstra,algotune/algotune-shortest-path-dijkstra,difficult,0.5561645387985471,0.5961645387985471,hard,0.7206177511537843,0.4126984126984127,0.5873015873015873,0.564935064935065,22,0.2793822488462156,0.2722761402530114,0.2021328790016879,0.1505195708398256,0.07086448693591187,0.3128315971181035,75.0,53.0,73.0,False,True,False,False,False
194,algotune,algotune-l1-pruning,algotune/algotune-l1-pruning,difficult;unique_unpredictable,0.5158396096111858,0.5958396096111859,hard,0.8028966779829826,0.047619047619047616,0.9444444444444444,0.4155844155844156,24,0.1971033220170174,0.1940941655407252,0.1626206859251033,0.0448906499889857,0.009810638698759954,0.4878870967511678,121.0,8.0,82.0,False,True,False,True,False
195,algotune,algotune-sinkhorn,algotune/algotune-sinkhorn,difficult;frontier_with_variance,0.5117603258796438,0.5917603258796439,frontier,0.9792202356975074,0.0873015873015873,0.7936507936507936,0.2532467532467532,21,0.0207797643024926,0.0257273272316575,0.1048839435079235,-0.1414749636312007,0.014524986133162096,0.3864243564675732,116.0,27.0,85.0,False,True,True,False,False
196,algotune,algotune-lu-factorization,algotune/algotune-lu-factorization,difficult;frontier_with_variance,0.4984143745881361,0.5784143745881362,frontier,0.9506560553511014,0.29365079365079366,0.46825396825396826,0.2727272727272727,23,0.0493439446488986,0.0557801113422333,0.1124582081202853,0.5031986863073501,0.049981036103171145,0.2584945228213805,90.0,68.0,90.0,False,True,True,False,False
197,algotune,algotune-kd-tree,algotune/algotune-kd-tree,difficult;frontier_with_variance,0.4975369553817729,0.577536955381773,frontier,0.9571030884823584,0.23015873015873015,0.5238095238095238,0.3116883116883117,24,0.0428969115176416,0.0457134937334499,0.1234562086940498,0.3002027550812288,0.03874959806485744,0.28630317454239207,98.0,61.0,92.0,False,True,True,False,False
198,algotune,algotune-sparse-eigenvectors-complex,algotune/algotune-sparse-eigenvectors-complex,difficult,0.5344793477750845,0.5744793477750846,hard,0.9459981991811462,0.5158730158730159,0.11904761904761904,0.5844155844155844,22,0.0540018008188538,0.0637989510881449,0.2053417651762153,0.5047771855185411,0.0908441518810897,0.0625196865665778,62.0,112.0,77.0,False,True,False,False,False
199,algotune,algotune-min-weight-assignment,algotune/algotune-min-weight-assignment,difficult,0.5189629343153692,0.5589629343153693,hard,0.9265732379829776,0.2698412698412698,0.6468253968253969,0.2077922077922078,22,0.0734267620170223,0.0764080041021708,0.0730646555247632,0.4448337590031079,0.04604961836811448,0.32895257523504806,93.0,46.0,80.0,False,True,False,False,False
200,algotune,algotune-lqr,algotune/algotune-lqr,difficult,0.5156456825640074,0.5556456825640075,hard,0.9457717634450632,0.5238095238095238,0.09126984126984126,0.487012987012987,24,0.0542282365549368,0.0587472562678482,0.1812045323901288,0.5148983251643371,0.09163630161163835,0.025882507021520396,61.0,116.0,83.0,False,True,False,False,False
201,algotune,algotune-gzip-compression,algotune/algotune-gzip-compression,difficult,0.515129106146779,0.555129106146779,hard,0.9213389354096267,0.3253968253968254,0.3134920634920635,0.6168831168831169,24,0.0786610645903733,0.0852136534312308,0.2147555431536936,0.3339538828837709,0.055504481198375165,0.20014526517344344,86.0,87.0,84.0,False,True,False,False,False
202,algotune,algotune-convex-hull,algotune/algotune-convex-hull,difficult,0.5093400961446184,0.5493400961446184,hard,0.9319491291672182,0.36507936507936506,0.32936507936507936,0.44155844155844154,24,0.0680508708327818,0.0737217767355136,0.1715240102306194,0.4723921281240202,0.06311351325677933,0.21478534872821875,81.0,85.0,87.0,False,True,False,False,False
203,algotune,algotune-rbf-interpolation,algotune/algotune-rbf-interpolation,difficult;frontier_with_variance,0.4693124510871096,0.5493124510871097,frontier,0.9578414349400691,0.1746031746031746,0.4801587301587302,0.3246753246753247,22,0.0421585650599309,0.0498092167426861,0.1336571162917896,0.3132979533687688,0.0310058750388885,0.26106752959044954,105.0,67.0,97.0,False,True,True,False,False
204,algotune,algotune-quantile-regression,algotune/algotune-quantile-regression,difficult,0.5064621973214317,0.5464621973214318,hard,0.9438863073232452,0.30158730158730157,0.5,0.2662337662337662,22,0.0561136926767548,0.0662925551051653,0.1115159232138524,0.5012175376951271,0.05131454285790404,0.28086466953169476,89.0,64.0,88.0,False,True,False,False,False
205,algotune,algotune-qp,algotune/algotune-qp,difficult,0.5018826057987354,0.5418826057987355,hard,0.7545722702367887,0.49206349206349204,0.38095238095238093,0.3051948051948052,21,0.2454277297632113,0.2390449418084712,0.1229214380759995,0.5408132639897163,0.08399925983592364,0.2271171049582945,65.0,79.0,89.0,False,True,False,False,False
206,algotune,algotune-sylvester-solver,algotune/algotune-sylvester-solver,difficult;frontier_with_variance,0.45851730997024925,0.5385173099702493,frontier,0.9775035833153407,0.10317460317460317,0.5952380952380952,0.19480519480519481,22,0.0224964166846593,0.0261049606274038,0.066385883790153,0.4230560801167161,0.019691749205959924,0.3154311430040291,114.0,52.0,100.0,False,True,True,False,False
207,algotune,algotune-zoom-2d,algotune/algotune-zoom-2d,difficult;frontier_with_variance,0.44979709417752795,0.529797094177528,frontier,0.9627525902743254,0.3492063492063492,0.04365079365079365,0.5064935064935064,22,0.0372474097256746,0.0440196660394337,0.1848239713434448,0.3539366821154989,0.05830561202373484,0.004159766272535004,83.0,122.0,103.0,False,True,True,False,False
208,algotune,algotune-sha256-hashing,algotune/algotune-sha256-hashing,difficult;frontier_with_variance,0.4453494003180259,0.5253494003180259,frontier,0.9649473848218871,0.03968253968253968,0.49206349206349204,0.44805194805194803,26,0.0350526151781129,0.0350526151781129,0.1723308024106614,0.1084655367588386,0.009371644618881434,0.2622531648248947,122.0,65.0,104.0,False,True,True,False,False
209,algotune,algotune-graph-laplacian,algotune/algotune-graph-laplacian,difficult,0.4826350722040685,0.5226350722040685,hard,0.8999486582246434,0.2619047619047619,0.5158730158730159,0.24675324675324675,26,0.1000513417753566,0.1000513417753566,0.1047492183452862,0.417462512476189,0.044447090246481656,0.28496665500898455,94.0,62.0,94.0,False,True,False,False,False
210,algotune,algotune-vehicle-routing,algotune/algotune-vehicle-routing,difficult,0.4741609105687971,0.5141609105687971,hard,0.8414488370803833,0.12698412698412698,0.6865079365079365,0.3181818181818182,22,0.1585511629196167,0.1569007916984929,0.1241003832009466,0.0538030606781634,0.02343626524464955,0.3412092414893816,111.0,41.0,95.0,False,True,False,False,False
211,algotune,algotune-vectorized-newton,algotune/algotune-vectorized-newton,difficult;frontier_with_variance,0.4340072764537354,0.5140072764537353,frontier,0.9674143872002228,0.31746031746031744,0.04365079365079365,0.4675324675324675,22,0.0325856127997772,0.038510269672464,0.1764762258072285,0.3443026310270121,0.0545245269077201,0.004159766272535004,87.0,121.0,106.0,False,True,True,False,False
212,algotune,algotune-rotate-2d,algotune/algotune-rotate-2d,difficult,0.4727504251751448,0.5127504251751448,hard,0.9499483096471885,0.19047619047619047,0.44841269841269843,0.37662337662337664,22,0.0500516903528115,0.0591519976896863,0.151567621036954,0.2733999641123125,0.033017191842055156,0.2475934578662481,103.0,71.0,96.0,False,True,False,False,False
213,algotune,algotune-base64-encoding,algotune/algotune-base64-encoding,difficult;frontier_with_variance,0.43013632304640737,0.5101363230464073,frontier,0.9539507755911127,0.07142857142857142,0.44841269841269843,0.36363636363636365,25,0.0460492244088873,0.0478911933852428,0.1485058181374186,0.1298482410019245,0.01239448439456912,0.2475934578662481,118.0,70.0,107.0,False,True,True,False,False
214,algotune,algotune-lasso,algotune/algotune-lasso,difficult,0.467021331076768,0.5070213310767681,hard,0.9471618033835512,0.38095238095238093,0.10317460317460317,0.474025974025974,23,0.0528381966164488,0.0597301353055508,0.177159525392025,0.416588473106365,0.06511293461205653,0.036915523576546816,79.0,114.0,98.0,False,True,False,False,False
215,algotune,algotune-sparse-lowest-eigenvectors-posdef,algotune/algotune-sparse-lowest-eigenvectors-posdef,difficult;frontier_with_variance,0.4154744891828672,0.4954744891828672,frontier,0.9651447099782224,0.1111111111111111,0.4087301587301587,0.22077922077922077,22,0.0348552900217776,0.0411926154802827,0.079478753900351,-0.0849591772802202,0.02090508066923248,0.2355061603543358,113.0,76.0,109.0,False,True,True,False,False
216,algotune,algotune-set-cover-conflicts,algotune/algotune-set-cover-conflicts,unique_unpredictable,0.4536145590552191,0.49361455905521906,medium,0.6496674714301116,0.015873015873015872,0.9126984126984127,0.38311688311688313,21,0.3503325285698884,0.3446126720656083,0.1590547941554736,0.0743206053205879,0.005246385907875314,0.454377043766942,125.0,12.0,102.0,False,False,False,True,False
217,algotune,algotune-eigenvectors-complex,algotune/algotune-eigenvectors-complex,difficult;frontier_with_variance,0.4095225107503394,0.48952251075033937,frontier,0.9882343431456577,0.023809523809523808,0.4801587301587302,0.22727272727272727,13,0.0117656568543423,0.0235313137086846,0.0815148618245676,0.0832092153849212,0.006083020176149876,0.26106752959044954,124.0,66.0,112.0,False,True,True,False,False
218,algotune,algotune-svm,algotune/algotune-svm,difficult;frontier_with_variance,0.4020120159545923,0.48201201595459225,frontier,0.9732717290420345,0.2857142857142857,0.05555555555555555,0.2987012987012987,22,0.0267282709579655,0.0315606906756871,0.1223310747023382,0.392053885082948,0.04869432873857862,0.004692606342081351,91.0,120.0,115.0,False,True,True,False,False
219,algotune,algotune-sparse-lowest-eigenvalues-posdef,algotune/algotune-sparse-lowest-eigenvalues-posdef,difficult,0.4364940454337653,0.4764940454337653,hard,0.9396991254580052,0.15873015873015872,0.4087301587301587,0.2922077922077922,22,0.0603008745419949,0.0710868230329545,0.1144513873122206,-0.0675244754818523,0.02950321365797714,0.2355061603543358,107.0,75.0,105.0,False,True,False,False,False
220,algotune,algotune-ks-test-2samp,algotune/algotune-ks-test-2samp,difficult;frontier_with_variance,0.3817279191130044,0.46172791911300437,frontier,0.9569982565385979,0.06349206349206349,0.3134920634920635,0.2792207792207792,24,0.0430017434614021,0.0465685654103007,0.113226151687439,0.0802697464183045,0.011939628946218668,0.20014526517344344,119.0,88.0,116.0,False,True,True,False,False
221,algotune,algotune-unit-simplex-projection,algotune/algotune-unit-simplex-projection,difficult;frontier_with_variance,0.37704989877190564,0.4570498987719056,frontier,0.9679398548278823,0.20634920634920634,0.1111111111111111,0.23376623376623376,26,0.0320601451721177,0.0320601451721177,0.0878984680227188,0.4489725645453657,0.03525265644726227,0.04614331685889761,101.0,113.0,117.0,False,True,True,False,False
222,algotune,algotune-aes-gcm-encryption,algotune/algotune-aes-gcm-encryption,difficult;frontier_with_variance,0.37303270373510383,0.4530327037351038,frontier,0.9800817528913534,0.21428571428571427,0.09126984126984126,0.2012987012987013,25,0.0199182471086466,0.0207149769929924,0.070614198889653,0.529663049950526,0.03610050420429916,0.025882507021520396,100.0,115.0,118.0,False,True,True,False,False
223,algotune,algotune-linear-system-solver,algotune/algotune-linear-system-solver,difficult,0.41078939992272817,0.45078939992272815,hard,0.9228112793445925,0.30952380952380953,0.14285714285714285,0.24025974025974026,20,0.0771887206554075,0.0832178756347923,0.0937062052139084,0.5692436561727401,0.05270963985501145,0.09543992652741795,88.0,109.0,111.0,False,True,False,False,False
224,algotune,algotune-outer-product,algotune/algotune-outer-product,difficult;frontier_with_variance,0.37032589915317066,0.4503258991531706,frontier,0.9802213455304315,0.23809523809523808,0.011904761904761904,0.2597402597402597,22,0.0197786544695685,0.0233747734640355,0.107116668751388,0.3890458578336067,0.040964263692863795,2.220446049250313e-16,97.0,126.0,119.0,False,True,True,False,False
225,algotune,algotune-lp-centering,algotune/algotune-lp-centering,difficult;frontier_with_variance,0.36813231583783007,0.44813231583783003,frontier,0.9745494653715222,0.07936507936507936,0.2777777777777778,0.18181818181818182,26,0.0254505346284778,0.0254505346284778,0.0514874281322377,0.3366976665590931,0.012800104140626371,0.18390030111984101,117.0,92.0,120.0,False,True,True,False,False
226,algotune,algotune-upfirdn1d,algotune/algotune-upfirdn1d,difficult;frontier_with_variance,0.3422720480438539,0.4222720480438539,frontier,0.9878472109344346,0.1349206349206349,0.07936507936507936,0.18831168831168832,21,0.0121527890655654,0.0150463102716524,0.0575382050399478,0.440635692773053,0.023935799593407713,0.015578763577947075,110.0,117.0,122.0,False,True,True,False,False
227,algotune,algotune-dijkstra-from-indices,algotune/algotune-dijkstra-from-indices,difficult;frontier_with_variance,0.34034607146756335,0.4203460714675633,frontier,0.9875747620607296,0.16666666666666666,0.011904761904761904,0.21428571428571427,16,0.0124252379392704,0.0201910116513144,0.0781994518686208,0.3890458578336063,0.029905550689019938,2.220446049250313e-16,106.0,125.0,123.0,False,True,True,False,False
228,algotune,algotune-chacha-encryption,algotune/algotune-chacha-encryption,difficult;frontier_with_variance,0.27178994665308326,0.3517899466530832,frontier,0.9858610853136318,0.0,0.0,0.16883116883116883,25,0.0141389146863682,0.0147044712738229,0.0418506158798126,0.3971032406172387,,,,,128.0,False,True,True,False,False
229,algotune,algotune-shift-2d,algotune/algotune-shift-2d,difficult;frontier_with_variance,0.27170401421160595,0.3517040142116059,frontier,0.9894134594438264,0.0,0.0,0.16233766233766234,22,0.0105865405561736,0.0125113661118415,0.040867254957558,0.5203356617210518,,,,,129.0,False,True,True,False,False
230,algotune,algotune-rocket-landing-optimization,algotune/algotune-rocket-landing-optimization,difficult;frontier_with_variance,0.27119832117597575,0.3511983211759757,frontier,0.9795984795090977,0.0,0.0,0.17532467532467533,22,0.0204015204909023,0.0241108878528845,0.0453613254134903,0.3889016459493767,,,,,130.0,False,True,True,False,False
231,algotune,algotune-fft-convolution,algotune/algotune-fft-convolution,difficult,0.2718363411182226,0.31183634111822256,frontier,0.9938388709663968,0.0,0.0,0.15584415584415584,25,0.0061611290336032,0.0064075741949473,0.0283564331883399,0.1082333119784453,,,,,127.0,False,True,False,False,False
232,algotune,algotune-voronoi-diagram,algotune/algotune-voronoi-diagram,difficult,0.27083403874713585,0.31083403874713583,frontier,0.9937257653781538,0.0,0.0,0.14935064935064934,22,0.0062742346218462,0.0074150045530909,0.02421371805863,0.3698690185725278,,,,,131.0,False,True,False,False,False
233,algotune,algotune-group-lasso,algotune/algotune-group-lasso,difficult,0.2705477862120024,0.31054778621200235,frontier,0.9964768591337237,0.0,0.0,0.14285714285714285,24,0.0035231408662762,0.0038167359384659,0.0164962581024718,0.0888323213705578,,,,,132.0,False,True,False,False,False
234,algotune,algotune-affine-transform-2d,algotune/algotune-affine-transform-2d,difficult,0.26973697698254867,0.30973697698254865,frontier,0.9971297261120128,0.0,0.0,0.13636363636363635,26,0.0028702738879872,0.0028702738879872,0.0104842412206767,0.2391705581339061,,,,,133.0,False,True,False,False,False
235,algotune,algotune-qz-factorization,algotune/algotune-qz-factorization,difficult,0.26860403874686195,0.30860403874686193,frontier,0.99649407706537,0.0,0.0,0.12987012987012986,22,0.00350592293463,0.0041433634681991,0.0093501573055578,0.2255519129756898,,,,,134.0,False,True,False,False,False
236,algotune,algotune-queuing,algotune/algotune-queuing,difficult,0.2681769341357954,0.3081769341357954,frontier,0.9986817625172075,0.0,0.0,0.12337662337662338,21,0.0013182374827925,0.0016321035501241,0.0066937179593644,-0.4608304669445861,,,,,135.0,False,True,False,False,False
237,algotune,algotune-matrix-sqrt,algotune/algotune-matrix-sqrt,difficult,0.26729272965661355,0.30729272965661353,frontier,0.9990410484965841,0.0,0.0,0.11688311688311688,23,0.0009589515034158,0.0010840321342961,0.0050845614068578,0.0767676649514717,,,,,136.0,False,True,False,False,False
238,algotune,algotune-odr,algotune/algotune-odr,difficult,0.26599025851499686,0.30599025851499684,frontier,0.9977272678262211,0.0,0.0,0.11038961038961038,26,0.0022727321737789,0.0022727321737789,0.004830187861898,0.4362668018286152,,,,,137.0,False,True,False,False,False
239,algotune,algotune-polynomial-mixed,algotune/algotune-polynomial-mixed,difficult,0.26509945782628724,0.3050994578262872,frontier,0.9980601689674867,0.0,0.0,0.1038961038961039,19,0.0019398310325133,0.0026545056234393,0.0048290087682768,-0.1375499943313497,,,,,138.0,False,True,False,False,False
240,algotune,algotune-matrix-multiplication,algotune/algotune-matrix-multiplication,difficult,0.2643827779726384,0.3043827779726384,frontier,0.9990895534489952,0.0,0.0,0.09740259740259741,24,0.0009104465510048,0.0009863170969219,0.0037266569764364,0.0754636975881153,,,,,139.0,False,True,False,False,False
241,algotune,algotune-kernel-density-estimation,algotune/algotune-kernel-density-estimation,difficult,0.2634891906277708,0.3034891906277708,frontier,0.9994113079656288,0.0,0.0,0.09090909090909091,24,0.0005886920343712,0.0006377497039021,0.001450033273863,0.0379817806176599,,,,,140.0,False,True,False,False,False
242,algotune,algotune-convolve-1d,algotune/algotune-convolve-1d,difficult,0.26249848305321244,0.3024984830532124,frontier,0.9993445815634991,0.0,0.0,0.08441558441558442,26,0.0006554184365009,0.0006554184365009,0.0014036568944408,0.0859754555270352,,,,,141.0,False,True,False,False,False
243,algotune,algotune-matrix-exponential-sparse,algotune/algotune-matrix-exponential-sparse,difficult,0.2615736535963949,0.3015736535963949,frontier,0.9995413676323328,0.0,0.0,0.07792207792207792,24,0.0004586323676672,0.0004878119638205,0.0012945398637464,0.1111776458370498,,,,,142.0,False,True,False,False,False
244,algotune,algotune-earth-movers-distance,algotune/algotune-earth-movers-distance,difficult,0.26067486610579405,0.300674866105794,frontier,0.9998423215660333,0.0,0.0,0.07142857142857142,25,0.0001576784339668,0.0001639855713255,0.0008033619498525,-0.1593210512108107,,,,,143.0,False,True,False,False,False
245,algotune,algotune-toeplitz-solver,algotune/algotune-toeplitz-solver,difficult,0.2596269913955454,0.2996269913955454,frontier,0.9995469266211428,0.0,0.0,0.06493506493506493,22,0.0004530733788572,0.0005075477401252,0.0007256375600585,0.0492781481370112,,,,,144.0,False,True,False,False,False
246,algotune,algotune-nmf,algotune/algotune-nmf,difficult,0.25874514948969785,0.2987451494896978,frontier,0.9999156628938562,0.0,0.0,0.05844155844155844,22,8.433710614370769e-05,9.967112544256365e-05,0.0004567504769419,-0.0298059880584031,,,,,145.0,False,True,False,False,False
247,algotune,algotune-least-squares,algotune/algotune-least-squares,difficult,0.2543831168831169,0.29438311688311686,frontier,1.0,0.0,0.0,0.02922077922077922,24,0.0,0.0,0.0,,,,,,146.0,False,True,False,False,False
248,algotune,algotune-matrix-exponential,algotune/algotune-matrix-exponential,difficult,0.2543831168831169,0.29438311688311686,frontier,1.0,0.0,0.0,0.02922077922077922,24,0.0,0.0,0.0,,,,,,147.0,False,True,False,False,False
249,algotune,algotune-ode-fitzhughnagumo,algotune/algotune-ode-fitzhughnagumo,difficult,0.2543831168831169,0.29438311688311686,frontier,1.0,0.0,0.0,0.02922077922077922,26,0.0,0.0,0.0,,,,,,148.0,False,True,False,False,False
250,algotune,algotune-ode-lorenz96-nonchaotic,algotune/algotune-ode-lorenz96-nonchaotic,difficult,0.2543831168831169,0.29438311688311686,frontier,1.0,0.0,0.0,0.02922077922077922,22,0.0,0.0,0.0,,,,,,149.0,False,True,False,False,False
251,algotune,algotune-ode-nbodyproblem,algotune/algotune-ode-nbodyproblem,difficult,0.2543831168831169,0.29438311688311686,frontier,1.0,0.0,0.0,0.02922077922077922,22,0.0,0.0,0.0,,,,,,150.0,False,True,False,False,False
252,algotune,algotune-pde-burgers1d,algotune/algotune-pde-burgers1d,difficult,0.2543831168831169,0.29438311688311686,frontier,1.0,0.0,0.0,0.02922077922077922,22,0.0,0.0,0.0,,,,,,151.0,False,True,False,False,False
253,algotune,algotune-pde-heat1d,algotune/algotune-pde-heat1d,difficult,0.2543831168831169,0.29438311688311686,frontier,1.0,0.0,0.0,0.02922077922077922,22,0.0,0.0,0.0,,,,,,152.0,False,True,False,False,False
254,arc-agi-2,arc-agi-2-247ef758_0,arc-agi-2/arc-agi-2-247ef758_0,base_representative;difficult;high_composite,0.7904255319148937,0.8904255319148937,hard,0.8,1.0,0.3617021276595745,1.0,20,0.2,0.26,0.4294182110716777,0.6201319774147795,0.3904374056429097,0.0090243257853172,1.0,61.0,7.0,True,True,False,False,True
255,arc-agi-2,arc-agi-2-6e453dd6_0,arc-agi-2/arc-agi-2-6e453dd6_0,base_representative;difficult;high_composite,0.7676014729950901,0.86760147299509,hard,0.8153846153846154,0.9893617021276596,0.28191489361702127,0.98,20,0.1846153846153846,0.24,0.4176122603564219,0.6215927301984652,0.3864397710039759,0.0073832997247696985,2.0,69.0,12.0,True,True,False,False,True
256,arc-agi-2,arc-agi-2-58490d8a_0,arc-agi-2/arc-agi-2-58490d8a_0,difficult;high_composite,0.848815875613748,0.8888158756137481,hard,0.776923076923077,0.925531914893617,0.776595744680851,0.91,20,0.223076923076923,0.29,0.4023679907746142,0.6116741174205266,0.3625366681860187,0.029248841911129975,8.0,22.0,1.0,False,True,False,False,True
257,arc-agi-2,arc-agi-2-16de56c4_0,arc-agi-2/arc-agi-2-16de56c4_0,difficult;high_composite,0.827772504091653,0.8677725040916531,hard,0.8461538461538463,0.8829787234042553,0.7127659574468085,0.86,20,0.1538461538461538,0.2,0.3794733192202055,0.6409589668693342,0.35382301291037854,0.023897964395396598,12.0,28.0,2.0,False,True,False,False,True
258,arc-agi-2,arc-agi-2-bf45cf4b_0,arc-agi-2/arc-agi-2-bf45cf4b_0,unique_unpredictable;high_composite,0.8159406710310965,0.8559406710310965,medium,0.6442307692307692,0.7553191489361702,0.9680851063829787,0.99,20,0.3557692307692308,0.4024999999999999,0.4279237665753095,0.6940838549689308,0.3237967340468523,0.11638615961231324,24.0,4.0,3.0,False,False,False,True,True
259,arc-agi-2,arc-agi-2-3e6067c3_0,arc-agi-2/arc-agi-2-3e6067c3_0,difficult;high_composite,0.7980507364975451,0.8380507364975451,hard,0.8076923076923077,0.9574468085106383,0.46808510638297873,0.96,20,0.1923076923076923,0.25,0.4141255848169731,0.6122099123374218,0.3734770127336703,0.010757136946627388,5.0,51.0,4.0,False,True,False,False,True
260,arc-agi-2,arc-agi-2-981571dc_0,arc-agi-2/arc-agi-2-981571dc_0,difficult;high_composite,0.7969869067103109,0.836986906710311,hard,0.8076923076923077,0.9468085106382979,0.4787234042553192,0.96,20,0.1923076923076923,0.25,0.4141255848169731,0.60158233957188,0.3730180573253796,0.010757136946627499,6.0,50.0,5.0,False,True,False,False,True
261,arc-agi-2,arc-agi-2-38007db0_0,arc-agi-2/arc-agi-2-38007db0_0,difficult;unique_unpredictable;high_composite,0.7542618657937806,0.8342618657937807,hard,0.7461538461538462,0.6276595744680851,0.9361702127659575,0.76,20,0.2538461538461539,0.3,0.3549647869859769,0.6800032078942061,0.29062439208271623,0.08845309774078325,36.0,7.0,15.0,False,True,False,True,True
262,arc-agi-2,arc-agi-2-3e6067c3_1,arc-agi-2/arc-agi-2-3e6067c3_1,difficult;high_composite,0.7942397708674304,0.8342397708674304,hard,0.8153846153846154,0.8936170212765957,0.5585106382978723,0.92,20,0.1846153846153846,0.24,0.4029888335921976,0.5836497049931905,0.3557404671791637,0.012795949172925147,11.0,42.0,6.0,False,True,False,False,True
263,arc-agi-2,arc-agi-2-c4d067a0_0,arc-agi-2/arc-agi-2-c4d067a0_0,difficult;high_composite,0.78289116202946,0.82289116202946,hard,0.8076923076923077,0.9787234042553191,0.3776595744680851,0.96,20,0.1923076923076923,0.25,0.4141255848169731,0.6341124248917297,0.3839068644306777,0.009067406758421326,3.0,59.0,8.0,False,True,False,False,True
264,arc-agi-2,arc-agi-2-36a08778_0,arc-agi-2/arc-agi-2-36a08778_0,difficult;high_composite,0.7811337970540099,0.8211337970540099,hard,0.8307692307692308,0.9361702127659575,0.4521276595744681,0.885,20,0.1692307692307692,0.22,0.3893584466786357,0.620734725675449,0.3655939050798152,0.010424818870368724,7.0,52.0,9.0,False,True,False,False,True
265,arc-agi-2,arc-agi-2-8f215267_0,arc-agi-2/arc-agi-2-8f215267_0,difficult;high_composite,0.776817512274959,0.816817512274959,hard,0.8384615384615385,0.8297872340425532,0.5851063829787234,0.87,20,0.1615384615384615,0.2099999999999999,0.3819685850956855,0.5789376810677916,0.33689251326379743,0.014166448423521771,17.0,40.0,10.0,False,True,False,False,True
266,arc-agi-2,arc-agi-2-38007db0_1,arc-agi-2/arc-agi-2-38007db0_1,unique_unpredictable;high_composite,0.7697474118248773,0.8097474118248773,medium,0.6525641153846156,0.7021276595744681,0.9574468085106383,0.81,19,0.3474358846153845,0.3833333157894737,0.3664672527913328,0.6998288518355165,0.30983406764983384,0.11225694962420407,29.0,5.0,11.0,False,False,False,True,True
267,arc-agi-2,arc-agi-2-db695cfb_0,arc-agi-2/arc-agi-2-db695cfb_0,difficult;unique_unpredictable,0.7288979846563012,0.8088979846563012,hard,0.864102576923077,0.5851063829787234,0.8723404255319149,0.6,20,0.135897423076923,0.1766666499999999,0.3071553991422379,0.6444225212155913,0.27770763521642006,0.05703660821095291,40.0,13.0,21.0,False,True,False,True,False
268,arc-agi-2,arc-agi-2-7c66cb00_0,arc-agi-2/arc-agi-2-7c66cb00_0,difficult;high_composite,0.762759410801964,0.802759410801964,hard,0.8538461538461539,0.7659574468085106,0.6808510638297872,0.74,20,0.1461538461538461,0.19,0.3491418050019217,0.5972101827239843,0.3246264726836643,0.021458260468657397,23.0,31.0,13.0,False,True,False,False,True
269,arc-agi-2,arc-agi-2-136b0064_0,arc-agi-2/arc-agi-2-136b0064_0,difficult;high_composite,0.7559901800327333,0.7959901800327334,hard,0.8307692307692308,0.9680851063829787,0.2978723404255319,0.9,19,0.1692307692307692,0.231578947368421,0.3961028994153006,0.6452824919105457,0.37721827175419514,0.008023995530828332,4.0,67.0,14.0,False,True,False,False,True
270,arc-agi-2,arc-agi-2-1818057f_0,arc-agi-2/arc-agi-2-1818057f_0,unique_unpredictable,0.7537389525368248,0.7937389525368248,medium,0.5846153846153845,0.6382978723404256,0.9787234042553191,0.93,20,0.4153846153846154,0.45,0.4043513323831146,0.6420231948257027,0.2942513247964088,0.15177981598626056,35.0,3.0,16.0,False,False,False,True,False
271,arc-agi-2,arc-agi-2-8f3a5a89_0,arc-agi-2/arc-agi-2-8f3a5a89_0,difficult,0.744030278232406,0.784030278232406,hard,0.8384615384615385,0.851063829787234,0.43617021276595747,0.85,20,0.1615384615384615,0.21,0.3766961640367472,0.6010209794984079,0.34545346042549213,0.010110684637931744,15.0,54.0,17.0,False,True,False,False,False
272,arc-agi-2,arc-agi-2-b0039139_0,arc-agi-2/arc-agi-2-b0039139_0,difficult;unique_unpredictable,0.7026301145662848,0.7826301145662848,hard,0.8923076923076924,0.5212765957446809,0.8404255319148937,0.58,20,0.1076923076923076,0.1399999999999999,0.2973213749463701,0.6208914440052288,0.2607027251088734,0.04836279435055424,46.0,16.0,27.0,False,True,False,True,False
273,arc-agi-2,arc-agi-2-8e5c0c38_1,arc-agi-2/arc-agi-2-8e5c0c38_1,difficult,0.7377827332242226,0.7777827332242226,hard,0.8307692307692308,0.9148936170212766,0.30851063829787234,0.885,20,0.1692307692307692,0.22,0.3893584466786357,0.6218739463027113,0.3603087229018225,0.008023995530828443,9.0,66.0,18.0,False,True,False,False,False
274,arc-agi-2,arc-agi-2-f931b4a8_0,arc-agi-2/arc-agi-2-f931b4a8_0,difficult,0.7358813420621931,0.7758813420621932,hard,0.8384615384615385,0.7446808510638298,0.5585106382978723,0.84,20,0.1615384615384615,0.21,0.3713488925525428,0.5843575320407489,0.3223634841471223,0.012795949172925147,25.0,43.0,19.0,False,True,False,False,False
275,arc-agi-2,arc-agi-2-e376de54_0,arc-agi-2/arc-agi-2-e376de54_0,difficult,0.731578968903437,0.771578968903437,hard,0.8442307692307693,0.6595744680851063,0.7446808510638298,0.69,20,0.1557692307692307,0.2024999999999999,0.3288141572377929,0.6325792160698347,0.30526611745265436,0.026998224052587116,33.0,25.0,20.0,False,True,False,False,False
276,arc-agi-2,arc-agi-2-b5ca7ac4_0,arc-agi-2/arc-agi-2-b5ca7ac4_0,difficult,0.7217360883797055,0.7617360883797055,hard,0.876923076923077,0.6914893617021277,0.648936170212766,0.655,20,0.123076923076923,0.16,0.3199999999999999,0.6448555698856462,0.30790322734406306,0.017184655653844638,30.0,34.0,22.0,False,True,False,False,False
277,arc-agi-2,arc-agi-2-d8e07eb2_1,arc-agi-2/arc-agi-2-d8e07eb2_1,difficult,0.7192561374795418,0.7592561374795418,hard,0.8307692307692308,0.8404255319148937,0.3776595744680851,0.82,20,0.1692307692307692,0.22,0.3682390527904394,0.6457827186599135,0.3387771087704461,0.009067406758421326,16.0,60.0,23.0,False,True,False,False,False
278,arc-agi-2,arc-agi-2-edb79dae_0,arc-agi-2/arc-agi-2-edb79dae_0,difficult,0.7182139934533551,0.7582139934533552,hard,0.8461538461538463,0.8723404255319149,0.3404255319148936,0.775,20,0.1538461538461538,0.2,0.3577708763999664,0.6543766423372255,0.34658447718820445,0.008709312979577444,13.0,63.0,24.0,False,True,False,False,False
279,arc-agi-2,arc-agi-2-b10624e5_0,arc-agi-2/arc-agi-2-b10624e5_0,difficult,0.7174721767594108,0.7574721767594108,hard,0.8538461538461539,0.8085106382978723,0.4521276595744681,0.72,20,0.1461538461538461,0.19,0.3433656942677879,0.6411392191954914,0.33252941202424463,0.010424818870368724,19.0,53.0,25.0,False,True,False,False,False
280,arc-agi-2,arc-agi-2-2ba387bc_0,arc-agi-2/arc-agi-2-2ba387bc_0,unique_unpredictable,0.7173366194762685,0.7573366194762685,medium,0.5564103076923077,0.5425531914893617,0.9893617021276596,0.94,20,0.4435896923076923,0.4666666499999999,0.4071581783806233,0.7197861055660565,0.26906609861603625,0.28733610426966694,44.0,2.0,26.0,False,False,False,True,False
281,arc-agi-2,arc-agi-2-cbebaa4b_0,arc-agi-2/arc-agi-2-cbebaa4b_0,difficult;unique_unpredictable,0.6605294599018002,0.7405294599018003,hard,0.9076923076923077,0.43617021276595747,0.8297872340425532,0.49,20,0.0923076923076923,0.12,0.2712931993250107,0.5712567639129991,0.242726235775547,0.04032485811460318,54.0,17.0,38.0,False,True,False,True,False
282,arc-agi-2,arc-agi-2-cb2d8a2c_1,arc-agi-2/arc-agi-2-cb2d8a2c_1,difficult,0.6990703764320786,0.7390703764320786,hard,0.8461538461538463,0.9042553191489362,0.18617021276595744,0.83,20,0.1538461538461538,0.2,0.3687817782917155,0.6608799866332461,0.3575468027988521,0.005505735918673094,10.0,78.0,28.0,False,True,False,False,False
283,arc-agi-2,arc-agi-2-4c3d4a41_1,arc-agi-2/arc-agi-2-4c3d4a41_1,difficult,0.6932786415711947,0.7332786415711947,hard,0.876923076923077,0.5531914893617021,0.7287234042553191,0.655,20,0.123076923076923,0.16,0.3199999999999999,0.5459732797228565,0.27292735385173367,0.025514252363306733,43.0,27.0,29.0,False,True,False,False,False
284,arc-agi-2,arc-agi-2-4a21e3da_0,arc-agi-2/arc-agi-2-4a21e3da_0,difficult,0.6873629296235679,0.727362929623568,hard,0.8461538461538463,0.776595744680851,0.35106382978723405,0.775,20,0.1538461538461538,0.2,0.3577708763999664,0.5995722257179781,0.32678220440487316,0.008709312979577666,22.0,62.0,30.0,False,True,False,False,False
285,arc-agi-2,arc-agi-2-65b59efc_1,arc-agi-2/arc-agi-2-65b59efc_1,difficult,0.6867962356792144,0.7267962356792145,hard,0.8384615384615385,0.8191489361702128,0.28191489361702127,0.8,20,0.1615384615384615,0.21,0.3659234892706397,0.6135694868475935,0.3337918722909596,0.0073832997247696985,18.0,68.0,31.0,False,True,False,False,False
286,arc-agi-2,arc-agi-2-db0c5428_0,arc-agi-2/arc-agi-2-db0c5428_0,difficult;unique_unpredictable,0.6387765957446808,0.7187765957446809,hard,0.9,0.40425531914893614,0.8191489361702128,0.45,20,0.1,0.1299999999999999,0.2628687885618982,0.6172979312212101,0.23402341218105982,0.038197114363750284,57.0,18.0,44.0,False,True,False,True,False
287,arc-agi-2,arc-agi-2-64efde09_0,arc-agi-2/arc-agi-2-64efde09_0,difficult,0.6734578559738135,0.7134578559738135,hard,0.9153846153846154,0.4787234042553192,0.7872340425531915,0.535,20,0.0846153846153846,0.11,0.2791057147390572,0.609257712833942,0.2500488240943973,0.02928625766952797,50.0,21.0,32.0,False,True,False,False,False
288,arc-agi-2,arc-agi-2-8e5c0c38_0,arc-agi-2/arc-agi-2-8e5c0c38_0,difficult,0.6679198036006546,0.7079198036006547,hard,0.8846153846153847,0.5957446808510638,0.6170212765957447,0.56,20,0.1153846153846153,0.15,0.2819574435974337,0.651403689099715,0.28128410958083544,0.014530078967895266,39.0,37.0,33.0,False,True,False,False,False
289,arc-agi-2,arc-agi-2-b0039139_1,arc-agi-2/arc-agi-2-b0039139_1,difficult,0.6674148936170213,0.7074148936170214,hard,0.9000000000000001,0.5638297872340425,0.6382978723404256,0.57,20,0.0999999999999999,0.1299999999999999,0.2917190429162964,0.6354723368610423,0.2752661505492122,0.01711936795923452,42.0,35.0,34.0,False,True,False,False,False
290,arc-agi-2,arc-agi-2-e3721c99_0,arc-agi-2/arc-agi-2-e3721c99_0,difficult;unique_unpredictable,0.6269386252045827,0.7069386252045827,hard,0.8923076923076924,0.3617021276595745,0.851063829787234,0.43,20,0.1076923076923076,0.14,0.2615339366124404,0.552646920134294,0.20928621313188914,0.049679236870983634,61.0,15.0,48.0,False,True,False,True,False
291,arc-agi-2,arc-agi-2-7b3084d4_0,arc-agi-2/arc-agi-2-7b3084d4_0,difficult,0.6657765957446808,0.7057765957446809,hard,0.9,0.6170212765957447,0.5212765957446809,0.63,20,0.1,0.13,0.3179622619116929,0.6142005413127312,0.28630393958656547,0.011377079952836766,37.0,46.0,35.0,False,True,False,False,False
292,arc-agi-2,arc-agi-2-58f5dbd5_0,arc-agi-2/arc-agi-2-58f5dbd5_0,difficult,0.6656153846153847,0.7056153846153848,hard,0.8384615384615385,0.8617021276595744,0.14361702127659576,0.79,20,0.1615384615384615,0.21,0.360416425818802,0.6549412170806671,0.3455033711213935,0.004766306187191094,14.0,82.0,36.0,False,True,False,False,False
293,arc-agi-2,arc-agi-2-16de56c4_1,arc-agi-2/arc-agi-2-16de56c4_1,difficult,0.664887070376432,0.7048870703764321,hard,0.8538461538461539,0.7978723404255319,0.24468085106382978,0.74,20,0.1461538461538461,0.19,0.3491418050019217,0.6246537985740033,0.32983983114410664,0.007195854722546469,20.0,72.0,37.0,False,True,False,False,False
294,arc-agi-2,arc-agi-2-135a2760_0,arc-agi-2/arc-agi-2-135a2760_0,difficult,0.6501931260229132,0.6901931260229133,hard,0.8615384615384616,0.723404255319149,0.324468085106383,0.67,20,0.1384615384615384,0.18,0.3218695387886216,0.6367409867122799,0.3140685660318977,0.008377165996862113,27.0,64.0,39.0,False,True,False,False,False
295,arc-agi-2,arc-agi-2-581f7754_1,arc-agi-2/arc-agi-2-581f7754_1,difficult,0.6465360065466448,0.6865360065466448,hard,0.8538461538461539,0.7872340425531915,0.18617021276595744,0.74,20,0.1461538461538461,0.19,0.3491418050019217,0.6506269082860188,0.3279145618302254,0.005505735918673094,21.0,77.0,40.0,False,True,False,False,False
296,arc-agi-2,arc-agi-2-d59b0160_0,arc-agi-2/arc-agi-2-d59b0160_0,difficult,0.6462945990180033,0.6862945990180034,hard,0.876923076923077,0.6063829787234043,0.5053191489361702,0.59,20,0.123076923076923,0.16,0.3006659275674582,0.6531902760913736,0.28423472951602785,0.010948458680796858,38.0,48.0,41.0,False,True,False,False,False
297,arc-agi-2,arc-agi-2-53fb4810_0,arc-agi-2/arc-agi-2-53fb4810_0,difficult,0.6435040916530278,0.6835040916530278,hard,0.8538461538461539,0.574468085106383,0.5319148936170213,0.64,20,0.1461538461538461,0.19,0.3192177939902473,0.5888076274369456,0.2774286552439806,0.011855838729687651,41.0,45.0,42.0,False,True,False,False,False
298,arc-agi-2,arc-agi-2-3dc255db_0,arc-agi-2/arc-agi-2-3dc255db_0,difficult,0.6434869067103108,0.6834869067103109,hard,0.9076923076923077,0.44680851063829785,0.7287234042553191,0.52,20,0.0923076923076923,0.12,0.2785677655436824,0.5403709377966986,0.24437225629077444,0.025514252363306733,53.0,26.0,43.0,False,True,False,False,False
299,arc-agi-2,arc-agi-2-c7f57c3e_0,arc-agi-2/arc-agi-2-c7f57c3e_0,difficult,0.6385237315875614,0.6785237315875614,hard,0.8923076923076922,0.5106382978723404,0.6648936170212766,0.47,20,0.1076923076923077,0.1399999999999999,0.2690724809414742,0.5950182133315157,0.25466643190363975,0.01969392534780323,47.0,32.0,45.0,False,True,False,False,False
300,arc-agi-2,arc-agi-2-97d7923e_0,arc-agi-2/arc-agi-2-97d7923e_0,difficult,0.6330073649754501,0.6730073649754501,hard,0.876923076923077,0.7340425531914894,0.2074468085106383,0.7,20,0.123076923076923,0.16,0.3322649545167229,0.6541209639175506,0.317629431894329,0.006285899084414903,26.0,76.0,46.0,False,True,False,False,False
301,arc-agi-2,arc-agi-2-20270e3b_1,arc-agi-2/arc-agi-2-20270e3b_1,difficult,0.6285335515548282,0.6685335515548282,hard,0.8615384615384616,0.7127659574468085,0.22872340425531915,0.71,20,0.1384615384615384,0.18,0.34,0.599513569429316,0.313902874283762,0.007036975617531804,28.0,73.0,47.0,False,True,False,False,False
302,arc-agi-2,arc-agi-2-b6f77b65_0,arc-agi-2/arc-agi-2-b6f77b65_0,difficult,0.6259991816693944,0.6659991816693944,hard,0.8692307692307693,0.6702127659574468,0.324468085106383,0.62,20,0.1307692307692307,0.1699999999999999,0.3116087290176576,0.6441344872866014,0.30540015956731553,0.008377165996862113,32.0,65.0,49.0,False,True,False,False,False
303,arc-agi-2,arc-agi-2-0934a4d8_0,arc-agi-2/arc-agi-2-0934a4d8_0,difficult;frontier_with_variance;unique_unpredictable,0.5459987725040917,0.6659987725040918,frontier,0.9538461538461539,0.13829787234042554,0.925531914893617,0.185,20,0.0461538461538461,0.06,0.142828568570857,0.4638168962709857,0.1116876285295246,0.07964019987276671,82.0,8.0,65.0,False,True,True,True,False
304,arc-agi-2,arc-agi-2-cbebaa4b_1,arc-agi-2/arc-agi-2-cbebaa4b_1,difficult,0.617266775777414,0.657266775777414,hard,0.9307692307692308,0.3829787234042553,0.7021276595744681,0.5,20,0.0692307692307692,0.09,0.2718455443813637,0.5293086745130589,0.2150722485924163,0.023844286751796173,59.0,29.0,50.0,False,True,False,False,False
305,arc-agi-2,arc-agi-2-7b5033c1_0,arc-agi-2/arc-agi-2-7b5033c1_0,difficult,0.6147864157119476,0.6547864157119476,hard,0.8692307692307693,0.6808510638297872,0.22872340425531915,0.68,20,0.1307692307692307,0.1699999999999999,0.3241913015489466,0.6164249896997442,0.30705958924635296,0.007036975617531804,31.0,74.0,51.0,False,True,False,False,False
306,arc-agi-2,arc-agi-2-28a6681f_0,arc-agi-2/arc-agi-2-28a6681f_0,difficult,0.6139418985270049,0.6539418985270049,hard,0.9153846153846154,0.39361702127659576,0.7553191489361702,0.39,20,0.0846153846153846,0.11,0.232163735324878,0.6254911703799754,0.22232730607069018,0.027437478102399493,58.0,24.0,52.0,False,True,False,False,False
307,arc-agi-2,arc-agi-2-291dc1e1_0,arc-agi-2/arc-agi-2-291dc1e1_0,difficult;unique_unpredictable,0.5725646481178397,0.6525646481178398,hard,0.9307692307692308,0.2127659574468085,0.8936170212765957,0.28,20,0.0692307692307692,0.09,0.1946792233393178,0.5334034107976009,0.1616138953522306,0.06322707110555448,75.0,11.0,59.0,False,True,False,True,False
308,arc-agi-2,arc-agi-2-4e34c42c_0,arc-agi-2/arc-agi-2-4e34c42c_0,difficult;frontier_with_variance;unique_unpredictable,0.5295094108019641,0.6495094108019642,frontier,0.9538461538461539,0.10638297872340426,0.9042553191489362,0.185,20,0.0461538461538461,0.06,0.142828568570857,0.5542554503545414,0.10559304070778182,0.0662254134660134,85.0,10.0,68.0,False,True,True,True,False
309,arc-agi-2,arc-agi-2-6ffbe589_0,arc-agi-2/arc-agi-2-6ffbe589_0,difficult;frontier_with_variance;unique_unpredictable,0.5267675941080197,0.6467675941080198,frontier,0.9615384615384616,0.11702127659574468,0.8617021276595744,0.2,20,0.0384615384615384,0.05,0.1532970971675589,0.5118187502797101,0.10896775851328651,0.05088173483994041,84.0,14.0,69.0,False,True,True,True,False
310,arc-agi-2,arc-agi-2-221dfab4_1,arc-agi-2/arc-agi-2-221dfab4_1,difficult,0.6062954173486088,0.6462954173486088,hard,0.9076923076923077,0.4574468085106383,0.601063829787234,0.46,20,0.0923076923076923,0.12,0.2638181191654584,0.6163867745214586,0.24697654423175133,0.014356012766060244,52.0,38.0,53.0,False,True,False,False,False
311,arc-agi-2,arc-agi-2-71e489b6_0,arc-agi-2/arc-agi-2-71e489b6_0,difficult,0.6022929623567921,0.6422929623567921,hard,0.9153846153846154,0.46808510638297873,0.574468085106383,0.44,19,0.0846153846153846,0.1157894736842105,0.2621031494313417,0.6153306577773192,0.2487254886811102,0.014033172346814116,51.0,41.0,54.0,False,True,False,False,False
312,arc-agi-2,arc-agi-2-800d221b_0,arc-agi-2/arc-agi-2-800d221b_0,difficult;unique_unpredictable,0.5596366612111293,0.6396366612111294,hard,0.9384615384615385,0.18085106382978725,0.9148936170212766,0.22,20,0.0615384615384615,0.08,0.1720465053408525,0.5365063556113318,0.14491238214478536,0.07175775609686019,78.0,9.0,61.0,False,True,False,True,False
313,arc-agi-2,arc-agi-2-62593bfd_1,arc-agi-2/arc-agi-2-62593bfd_1,difficult;frontier_with_variance;unique_unpredictable,0.5162810965630115,0.6362810965630116,frontier,0.9692307692307693,0.010638297872340425,1.0,0.135,20,0.0307692307692307,0.04,0.12,0.1474294580646499,0.03218373443662455,0.35180570027365965,94.0,1.0,73.0,False,True,True,True,False
314,arc-agi-2,arc-agi-2-16b78196_0,arc-agi-2/arc-agi-2-16b78196_0,difficult;frontier_with_variance;unique_unpredictable,0.5131162029459903,0.6331162029459904,frontier,0.9692307692307693,0.1276595744680851,0.8085106382978723,0.16,19,0.0307692307692307,0.0421052631578947,0.1388516416660307,0.4734797307808154,0.10983850369635824,0.032852170501100564,83.0,19.0,74.0,False,True,True,True,False
315,arc-agi-2,arc-agi-2-80a900e0_0,arc-agi-2/arc-agi-2-80a900e0_0,difficult,0.5918436988543372,0.6318436988543372,hard,0.9230769230769231,0.425531914893617,0.5425531914893617,0.51,20,0.0769230769230769,0.1,0.2720294101747089,0.5616221029056516,0.2362230582665282,0.01186347660766196,55.0,44.0,55.0,False,True,False,False,False
316,arc-agi-2,arc-agi-2-446ef5d2_1,arc-agi-2/arc-agi-2-446ef5d2_1,difficult,0.5916432078559739,0.6316432078559739,hard,0.8846153846153847,0.648936170212766,0.2074468085106383,0.61,20,0.1153846153846153,0.15,0.3090307428072488,0.6598883042223568,0.3000316882111159,0.006285899084414903,34.0,75.0,56.0,False,True,False,False,False
317,arc-agi-2,arc-agi-2-195c6913_0,arc-agi-2/arc-agi-2-195c6913_0,difficult;frontier_with_variance;unique_unpredictable,0.505629705400982,0.6256297054009821,frontier,0.976923076923077,0.02127659574468085,0.9468085106382979,0.115,20,0.023076923076923,0.03,0.0953939201416945,0.2543034477954223,0.03451801217355331,0.10598627076292877,93.0,6.0,75.0,False,True,True,True,False
318,arc-agi-2,arc-agi-2-e3721c99_1,arc-agi-2/arc-agi-2-e3721c99_1,difficult;unique_unpredictable,0.5442377250409165,0.6242377250409166,hard,0.9384615384615385,0.14893617021276595,0.8829787234042553,0.245,20,0.0615384615384615,0.08,0.1833030277982336,0.4815834270388047,0.12365505972460807,0.06309809464906979,81.0,12.0,66.0,False,True,False,True,False
319,arc-agi-2,arc-agi-2-f560132c_0,arc-agi-2/arc-agi-2-f560132c_0,difficult,0.5814365793780688,0.6214365793780688,hard,0.9153846153846154,0.48936170212765956,0.40425531914893614,0.535,20,0.0846153846153846,0.11,0.2791057147390572,0.599302800301597,0.2524624364069273,0.009479050504665909,49.0,57.0,57.0,False,True,False,False,False
320,arc-agi-2,arc-agi-2-b6f77b65_1,arc-agi-2/arc-agi-2-b6f77b65_1,difficult,0.5764369885433716,0.6164369885433716,hard,0.9307692307692308,0.2978723404255319,0.7659574468085106,0.32,20,0.0692307692307692,0.09,0.2046948949045872,0.57428604408048,0.1887646669751765,0.02868349541705928,67.0,23.0,58.0,False,True,False,False,False
321,arc-agi-2,arc-agi-2-a6f40cea_0,arc-agi-2/arc-agi-2-a6f40cea_0,difficult,0.5723273322422259,0.6123273322422259,hard,0.9076923076923077,0.5,0.39361702127659576,0.48,19,0.0923076923076923,0.1263157894736842,0.2691939337377773,0.6406244743527894,0.25247668615041435,0.00938562739086557,48.0,58.0,60.0,False,True,False,False,False
322,arc-agi-2,arc-agi-2-d35bdbdc_0,arc-agi-2/arc-agi-2-d35bdbdc_0,difficult,0.5581947626841244,0.5981947626841244,hard,0.9230769230769231,0.3191489361702128,0.6648936170212766,0.33,20,0.0769230769230769,0.1,0.2049390153191919,0.5886651809254659,0.19316708332611424,0.01969392534780323,65.0,33.0,62.0,False,True,False,False,False
323,arc-agi-2,arc-agi-2-2d0172a1_0,arc-agi-2/arc-agi-2-2d0172a1_0,difficult,0.5535090016366612,0.5935090016366612,hard,0.9384615384615385,0.30851063829787234,0.6276595744680851,0.36,20,0.0615384615384615,0.08,0.2227105745132008,0.5256818592378161,0.19247568889168695,0.01705021575118093,66.0,36.0,63.0,False,True,False,False,False
324,arc-agi-2,arc-agi-2-7b0280bc_0,arc-agi-2/arc-agi-2-7b0280bc_0,difficult,0.5490249590834696,0.5890249590834696,hard,0.9384615384615385,0.22340425531914893,0.7978723404255319,0.245,20,0.0615384615384615,0.08,0.1833030277982336,0.5982919197149703,0.16752694879867058,0.030561751943930515,74.0,20.0,64.0,False,True,False,False,False
325,arc-agi-2,arc-agi-2-20a9e565_1,arc-agi-2/arc-agi-2-20a9e565_1,difficult,0.5390720130932897,0.5790720130932897,hard,0.9076923076923077,0.3723404255319149,0.5053191489361702,0.37,20,0.0923076923076923,0.12,0.2315167380558045,0.6396984072525665,0.21411264609072425,0.010948458680796858,60.0,47.0,67.0,False,True,False,False,False
326,arc-agi-2,arc-agi-2-2d0172a1_1,arc-agi-2/arc-agi-2-2d0172a1_1,difficult,0.5266898527004911,0.5666898527004911,hard,0.9384615384615385,0.2765957446808511,0.601063829787234,0.3,19,0.0615384615384615,0.0842105263157894,0.1980514497076503,0.5886614067056523,0.18043394270774668,0.014356012766060244,69.0,39.0,70.0,False,True,False,False,False
327,arc-agi-2,arc-agi-2-36a08778_1,arc-agi-2/arc-agi-2-36a08778_1,difficult,0.5238052373158756,0.5638052373158756,hard,0.876923076923077,0.5319148936170213,0.14361702127659576,0.55,20,0.123076923076923,0.16,0.28,0.6554711590567488,0.26672109253981113,0.004766306187191094,45.0,81.0,71.0,False,True,False,False,False
328,arc-agi-2,arc-agi-2-a25697e4_1,arc-agi-2/arc-agi-2-a25697e4_1,difficult,0.5179238952536824,0.5579238952536825,hard,0.9384615384615385,0.32978723404255317,0.425531914893617,0.41,19,0.0615384615384615,0.0842105263157894,0.2367836185095156,0.5504663150406652,0.20444321664624004,0.009927485493702481,64.0,55.0,72.0,False,True,False,False,False
329,arc-agi-2,arc-agi-2-409aa875_0,arc-agi-2/arc-agi-2-409aa875_0,difficult,0.5041415711947627,0.5441415711947627,hard,0.9230769230769231,0.4148936170212766,0.26063829787234044,0.42,20,0.0769230769230769,0.1,0.2569046515733026,0.5990094181592034,0.2349101029787223,0.007346807610855266,56.0,70.0,76.0,False,True,False,False,False
330,arc-agi-2,arc-agi-2-d35bdbdc_1,arc-agi-2/arc-agi-2-d35bdbdc_1,difficult,0.4917937806873977,0.5317937806873977,hard,0.9461538461538462,0.23404255319148937,0.48936170212765956,0.34,20,0.0538461538461538,0.0699999999999999,0.212367605815953,0.5083283644951706,0.17241250420050444,0.010874434482961992,73.0,49.0,77.0,False,True,False,False,False
331,arc-agi-2,arc-agi-2-2b83f449_0,arc-agi-2/arc-agi-2-2b83f449_0,difficult;frontier_with_variance,0.4514435351882161,0.5314435351882161,frontier,0.976923076923077,0.06382978723404255,0.6914893617021277,0.08,20,0.023076923076923,0.03,0.0714142842854285,0.6292621997598462,0.06378744519987188,0.021667137923269797,89.0,30.0,79.0,False,True,True,False,False
332,arc-agi-2,arc-agi-2-142ca369_1,arc-agi-2/arc-agi-2-142ca369_1,difficult,0.46940016366612114,0.5094001636661212,hard,0.9461538461538462,0.24468085106382978,0.4148936170212766,0.29,19,0.0538461538461538,0.0736842105263158,0.1969293361459969,0.5662204695889477,0.17499636200187782,0.00953024978006145,72.0,56.0,78.0,False,True,False,False,False
333,arc-agi-2,arc-agi-2-fc7cae8d_0,arc-agi-2/arc-agi-2-fc7cae8d_0,difficult,0.44680687397708674,0.4868068739770867,hard,0.9384615384615385,0.2872340425531915,0.26063829787234044,0.31,20,0.0615384615384615,0.08,0.2039607805437113,0.6061677628329513,0.18743077468248565,0.007346807610855266,68.0,71.0,80.0,False,True,False,False,False
334,arc-agi-2,arc-agi-2-e12f9a14_0,arc-agi-2/arc-agi-2-e12f9a14_0,difficult;frontier_with_variance,0.3849296235679214,0.46492962356792134,frontier,0.9538461538461539,0.20212765957446807,0.16489361702127658,0.23,20,0.0461538461538461,0.06,0.18,0.5322559546039584,0.15361844423285176,0.005317814900490436,76.0,80.0,85.0,False,True,True,False,False
335,arc-agi-2,arc-agi-2-35ab12c3_0,arc-agi-2/arc-agi-2-35ab12c3_0,difficult,0.4188518821603928,0.4588518821603928,hard,0.9307692307692308,0.34574468085106386,0.026595744680851064,0.39,20,0.0692307692307692,0.09,0.232163735324878,0.5670165221849863,0.20874819651854215,0.0,62.0,91.0,81.0,False,True,False,False,False
336,arc-agi-2,arc-agi-2-4c7dc4dd_1,arc-agi-2/arc-agi-2-4c7dc4dd_1,difficult,0.4188518821603928,0.4588518821603928,hard,0.9307692307692308,0.34574468085106386,0.026595744680851064,0.39,20,0.0692307692307692,0.09,0.232163735324878,0.5670165221849863,0.20874819651854215,0.0,63.0,92.0,82.0,False,True,False,False,False
337,arc-agi-2,arc-agi-2-8698868d_0,arc-agi-2/arc-agi-2-8698868d_0,difficult,0.40440261865793775,0.44440261865793773,hard,0.9384615384615385,0.2553191489361702,0.11170212765957446,0.35,20,0.0615384615384615,0.08,0.2135415650406262,0.5577676197089725,0.17641571815253196,0.004543639722963788,71.0,84.0,83.0,False,True,False,False,False
338,arc-agi-2,arc-agi-2-a32d8b75_1,arc-agi-2/arc-agi-2-a32d8b75_1,difficult;frontier_with_variance,0.3629590834697218,0.44295908346972174,frontier,0.9615384615384616,0.1595744680851064,0.16489361702127658,0.17,20,0.0384615384615384,0.05,0.1396424004376894,0.5643592665795638,0.12368152629183472,0.005317814900490436,80.0,79.0,86.0,False,True,True,False,False
339,arc-agi-2,arc-agi-2-71e489b6_1,arc-agi-2/arc-agi-2-71e489b6_1,difficult,0.4001153846153846,0.4401153846153846,hard,0.9384615384615385,0.26595744680851063,0.1276595744680851,0.27,20,0.0615384615384615,0.08,0.1939071942966531,0.5910751727197039,0.1787406166480598,0.004741078718213276,70.0,83.0,84.0,False,True,False,False,False
340,arc-agi-2,arc-agi-2-dfadab01_0,arc-agi-2/arc-agi-2-dfadab01_0,difficult;frontier_with_variance,0.3574615384615385,0.43746153846153846,frontier,0.9538461538461539,0.1702127659574468,0.11170212765957446,0.21,20,0.0461538461538461,0.06,0.156204993518133,0.5683290913207555,0.1289141879285648,0.004543639722963788,79.0,85.0,87.0,False,True,True,False,False
341,arc-agi-2,arc-agi-2-a47bf94d_0,arc-agi-2/arc-agi-2-a47bf94d_0,difficult;frontier_with_variance,0.3511317512274959,0.43113175122749586,frontier,0.9538461538461539,0.19148936170212766,0.026595744680851064,0.26,20,0.0461538461538461,0.06,0.1907878402833891,0.5101792484973748,0.15239771660852272,0.0,77.0,94.0,88.0,False,True,True,False,False
342,arc-agi-2,arc-agi-2-13e47133_0,arc-agi-2/arc-agi-2-13e47133_0,difficult;frontier_with_variance,0.3177945990180033,0.39779459901800324,frontier,0.976923076923077,0.0851063829787234,0.0851063829787234,0.15,20,0.023076923076923,0.03,0.1307669683062202,0.3890458578336066,0.08953297725265076,4.440892098500626e-16,87.0,86.0,89.0,False,True,True,False,False
343,arc-agi-2,arc-agi-2-5545f144_0,arc-agi-2/arc-agi-2-5545f144_0,difficult;frontier_with_variance,0.31069599018003274,0.3906959901800327,frontier,0.9692307692307693,0.09574468085106383,0.05851063829787234,0.135,20,0.0307692307692307,0.04,0.12,0.5059798526266666,0.09500042983033631,2.220446049250313e-16,86.0,89.0,90.0,False,True,True,False,False
344,arc-agi-2,arc-agi-2-8b7bacbf_0,arc-agi-2/arc-agi-2-8b7bacbf_0,difficult;frontier_with_variance,0.30029746317512274,0.3802974631751227,frontier,0.9846153846153847,0.05319148936170213,0.0851063829787234,0.095,20,0.0153846153846153,0.02,0.0871779788708134,0.3890458578336066,0.05968865150176713,4.440892098500626e-16,90.0,88.0,91.0,False,True,True,False,False
345,arc-agi-2,arc-agi-2-446ef5d2_0,arc-agi-2/arc-agi-2-446ef5d2_0,difficult;frontier_with_variance,0.2965740589198036,0.37657405891980356,frontier,0.9846153846153847,0.0425531914893617,0.0851063829787234,0.095,20,0.0153846153846153,0.02,0.0871779788708134,0.3890458578336066,0.059688651501767116,4.440892098500626e-16,91.0,87.0,92.0,False,True,True,False,False
346,arc-agi-2,arc-agi-2-a25697e4_0,arc-agi-2/arc-agi-2-a25697e4_0,difficult;frontier_with_variance,0.29419353518821606,0.374193535188216,frontier,0.976923076923077,0.07446808510638298,0.026595744680851064,0.115,20,0.023076923076923,0.03,0.0953939201416945,0.5101792484973748,0.07619885830426132,0.0,88.0,93.0,93.0,False,True,True,False,False
347,arc-agi-2,arc-agi-2-7b80bb43_0,arc-agi-2/arc-agi-2-7b80bb43_0,difficult;frontier_with_variance,0.2824517184942717,0.36245171849427166,frontier,0.9846153846153847,0.031914893617021274,0.05851063829787234,0.07,20,0.0153846153846153,0.02,0.06,0.5059798526266666,0.04750021491516815,2.220446049250313e-16,92.0,90.0,94.0,False,True,True,False,False
348,arc-agi-2,arc-agi-2-a32d8b75_0,arc-agi-2/arc-agi-2-a32d8b75_0,difficult;frontier_with_variance,0.2563269230769231,0.3363269230769231,frontier,0.9923076923076924,0.0,0.0,0.055,20,0.0076923076923076,0.01,0.0435889894354067,0.3890458578336066,,,,,95.0,False,True,True,False,False
349,arc-agi-2,arc-agi-2-faa9f03d_0,arc-agi-2/arc-agi-2-faa9f03d_0,difficult;frontier_with_variance,0.2563269230769231,0.3363269230769231,frontier,0.9923076923076924,0.0,0.0,0.055,20,0.0076923076923076,0.01,0.0435889894354067,0.3120603920508731,,,,,96.0,False,True,True,False,False
350,arc-agi-2,arc-agi-2-88bcf3b4_0,arc-agi-2/arc-agi-2-88bcf3b4_0,difficult,0.25375,0.29374999999999996,frontier,1.0,0.0,0.0,0.025,20,0.0,0.0,0.0,,,,,,97.0,False,True,False,False,False
351,arc-agi-2,arc-agi-2-88e364bc_0,arc-agi-2/arc-agi-2-88e364bc_0,difficult,0.25375,0.29374999999999996,frontier,1.0,0.0,0.0,0.025,19,0.0,0.0,0.0,,,,,,98.0,False,True,False,False,False
352,arc-agi-2,arc-agi-2-de809cff_0,arc-agi-2/arc-agi-2-de809cff_0,difficult,0.25375,0.29374999999999996,frontier,1.0,0.0,0.0,0.025,20,0.0,0.0,0.0,,,,,,99.0,False,True,False,False,False
353,arc-agi-2,arc-agi-2-e12f9a14_1,arc-agi-2/arc-agi-2-e12f9a14_1,difficult,0.25375,0.29374999999999996,frontier,1.0,0.0,0.0,0.025,20,0.0,0.0,0.0,,,,,,100.0,False,True,False,False,False
354,bfcl,bfcl-live-parallel-multiple-8-7-0,bfcl/bfcl-live-parallel-multiple-8-7-0,base_representative;unique_unpredictable;high_composite,0.781710791466889,0.8817107914668891,medium,0.3076923076923077,1.0,0.8703703703703703,0.9146341463414634,26,0.6923076923076923,0.6923076923076923,0.3730570970148351,0.3311236506151059,0.164849122865964,0.42142857142857126,1.0,15.0,2.0,True,False,False,True,True
355,bfcl,bfcl-live-multiple-404-140-0,bfcl/bfcl-live-multiple-404-140-0,base_representative,0.5363256549232158,0.5963256549232159,easy,0.10000000000000009,0.9907407407407407,0.2777777777777778,0.6341463414634146,26,0.8999999999999999,0.8999999999999999,0.2166173513896726,0.4745026350380161,0.16292373941942587,0.11013615394424936,2.0,79.0,33.0,True,False,False,False,False
356,bfcl,bfcl-live-simple-123-79-0,bfcl/bfcl-live-simple-123-79-0,unique_unpredictable;high_composite,0.8707099923563338,0.9107099923563339,medium,0.676923076923077,0.9814814814814815,0.8611111111111112,0.9512195121951219,26,0.3230769230769231,0.3230769230769231,0.3964338069761577,0.4256055773897415,0.15997755749494183,0.40410612972877247,3.0,16.0,1.0,False,False,False,True,True
357,bfcl,bfcl-live-multiple-196-88-0,bfcl/bfcl-live-multiple-196-88-0,difficult;unique_unpredictable;high_composite,0.7501233409769995,0.8301233409769996,hard,0.7230769230769232,0.6666666666666666,0.8148148148148148,0.8821138211382114,26,0.2769230769230769,0.2769230769230769,0.3640664481907456,0.4377744969027456,0.08088071108108409,0.3744965941582793,37.0,21.0,8.0,False,True,False,True,True
358,bfcl,bfcl-live-multiple-563-155-3,bfcl/bfcl-live-multiple-563-155-3,difficult;high_composite,0.7777903724550066,0.8177903724550066,hard,0.8153846153846154,0.7777777777777778,0.6898148148148148,0.8617886178861789,26,0.1846153846153846,0.1846153846153846,0.3504857153813698,0.0698058603275887,0.0935109225899191,0.30730886728858997,25.0,35.0,3.0,False,True,False,False,True
359,bfcl,bfcl-live-irrelevance-721-239-0,bfcl/bfcl-live-irrelevance-721-239-0,unique_unpredictable;high_composite,0.7741383503578625,0.8141383503578625,medium,0.49230769230769234,0.7685185185185185,0.9722222222222222,0.926829268292683,26,0.5076923076923077,0.5076923076923077,0.3812157444111959,-0.372732819836435,0.0919079309757185,0.5052653609821502,26.0,4.0,4.0,False,False,False,True,True
360,bfcl,bfcl-live-multiple-13-4-5,bfcl/bfcl-live-multiple-13-4-5,unique_unpredictable;high_composite,0.7697163157529012,0.8097163157529013,medium,0.676923076923077,0.6111111111111112,0.9537037037037037,0.9878048780487805,26,0.3230769230769231,0.3230769230769231,0.4116642510849124,-0.0126525709564921,0.06455730608141624,0.4791941990196247,43.0,6.0,5.0,False,False,False,True,True
361,bfcl,bfcl-live-multiple-685-164-1,bfcl/bfcl-live-multiple-685-164-1,unique_unpredictable;high_composite,0.758111840733792,0.798111840733792,medium,0.6846153846153846,0.6574074074074074,0.8518518518518519,0.959349593495935,26,0.3153846153846154,0.3153846153846154,0.3968067808162748,0.569213791624392,0.08082688544181747,0.38920897670758947,38.0,17.0,6.0,False,False,False,True,True
362,bfcl,bfcl-live-irrelevance-192-32-5,bfcl/bfcl-live-irrelevance-192-32-5,unique_unpredictable;high_composite,0.7551112674588284,0.7951112674588284,medium,0.3538461538461538,0.8981481481481481,0.8287037037037037,0.967479674796748,26,0.6461538461538462,0.6461538461538462,0.4011816864740091,0.4239027555783587,0.1142403127038322,0.38132464333952676,12.0,19.0,7.0,False,False,False,True,True
363,bfcl,bfcl-live-relevance-10-10-0,bfcl/bfcl-live-relevance-10-10-0,difficult;unique_unpredictable;high_composite,0.6882617608227365,0.7682617608227366,hard,0.7615384615384616,0.4722222222222222,0.8425925925925926,0.8130081300813008,26,0.2384615384615384,0.2384615384615384,0.323534474535586,0.216941915063627,0.054292586950039266,0.38387022844233243,58.0,18.0,15.0,False,True,False,True,True
364,bfcl,bfcl-live-multiple-584-157-5,bfcl/bfcl-live-multiple-584-157-5,unique_unpredictable;high_composite,0.7259650128552567,0.7659650128552568,medium,0.5615384615384615,0.5925925925925926,0.9907407407407407,0.8699186991869918,26,0.4384615384615384,0.4384615384615384,0.3595691043852382,-0.1523246429282527,0.06429880457238756,0.6117718584601897,45.0,2.0,9.0,False,False,False,True,True
365,bfcl,bfcl-multiple-147,bfcl/bfcl-multiple-147,difficult;unique_unpredictable;high_composite,0.6784227121117364,0.7584227121117365,hard,0.8153846153846154,0.4166666666666667,0.9027777777777778,0.6869918699186992,26,0.1846153846153846,0.1846153846153846,0.2412982637132018,-0.3398443582975999,0.0509123541935789,0.4452347477496572,64.0,12.0,19.0,False,True,False,True,True
366,bfcl,bfcl-live-multiple-898-185-8,bfcl/bfcl-live-multiple-898-185-8,difficult;unique_unpredictable,0.6579554930164686,0.7379554930164687,hard,0.9384615384615385,0.23148148148148148,0.9814814814814815,0.6463414634146342,26,0.0615384615384615,0.0615384615384615,0.2202741702042516,0.1260174735271207,0.03129933143658513,0.5986086914513503,84.0,3.0,21.0,False,True,False,True,False
367,bfcl,bfcl-live-irrelevance-564-172-5,bfcl/bfcl-live-irrelevance-564-172-5,difficult;high_composite,0.6973646723646724,0.7373646723646724,hard,0.9153846153846154,0.9074074074074074,0.2037037037037037,0.6666666666666666,26,0.0846153846153846,0.0846153846153846,0.2298700430382143,-0.4671024153241574,0.116990982162402,0.06505112033466276,11.0,87.0,11.0,False,True,False,False,True
368,bfcl,bfcl-live-multiple-717-165-4,bfcl/bfcl-live-multiple-717-165-4,difficult;high_composite,0.6949113161003405,0.7349113161003406,hard,0.7461538461538462,0.8055555555555556,0.39351851851851855,0.8536585365853658,26,0.2538461538461539,0.2538461538461539,0.3488781683214944,0.3266777916983087,0.0982163370963747,0.16559226991551435,22.0,66.0,13.0,False,True,False,False,True
369,bfcl,bfcl-live-multiple-723-165-10,bfcl/bfcl-live-multiple-723-165-10,unique_unpredictable;high_composite,0.6889840004169272,0.7289840004169272,easy,0.22307692307692295,0.8333333333333334,0.9027777777777778,0.7723577235772358,26,0.776923076923077,0.776923076923077,0.2899704126918579,0.4793519690907589,0.1011388948742435,0.4452347477496572,19.0,11.0,14.0,False,False,False,True,True
370,bfcl,bfcl-irrelevance-53,bfcl/bfcl-irrelevance-53,high_composite,0.7236289173789173,0.7236289173789173,medium,0.3769230769230769,0.9166666666666666,0.6342592592592593,1.0,26,0.6230769230769231,0.6230769230769231,0.4199887290682676,0.2802476878014803,0.11788732315518144,0.28299888741271184,10.0,40.0,10.0,False,False,False,False,True
371,bfcl,bfcl-live-simple-248-130-0,bfcl/bfcl-live-simple-248-130-0,unique_unpredictable;high_composite,0.6790398512959488,0.7190398512959488,easy,0.16923076923076918,0.8703703703703703,0.8796296296296297,0.7479674796747967,26,0.8307692307692308,0.8307692307692308,0.2811641058845702,0.0995118395093862,0.1054629731687136,0.4222165090551193,15.0,14.0,18.0,False,False,False,True,True
372,bfcl,bfcl-live-multiple-733-167-4,bfcl/bfcl-live-multiple-733-167-4,difficult,0.677718278785352,0.717718278785352,hard,0.7307692307692308,0.75,0.39351851851851855,0.8943089430894309,26,0.2692307692307692,0.2692307692307692,0.3677051816220652,0.1895065567688942,0.08996349396743379,0.16559226991551435,28.0,67.0,20.0,False,True,False,False,False
373,bfcl,bfcl-simple-python-367,bfcl/bfcl-simple-python-367,high_composite,0.6972200507261482,0.6972200507261482,medium,0.3076923076923077,0.8148148148148148,0.7916666666666666,0.9146341463414634,26,0.6923076923076923,0.6923076923076923,0.3730570970148351,-0.1516139129495364,0.09996598007701027,0.3688597845547652,21.0,24.0,12.0,False,False,False,False,True
374,bfcl,bfcl-live-multiple-671-162-13,bfcl/bfcl-live-multiple-671-162-13,unique_unpredictable,0.6484921131262594,0.6884921131262595,easy,0.16153846153846152,0.8240740740740741,0.8055555555555556,0.7886178861788617,26,0.8384615384615385,0.8384615384615385,0.298814224608539,0.0510109738894845,0.10024766420226068,0.37128368183564864,20.0,22.0,22.0,False,False,False,True,False
375,bfcl,bfcl-parallel-19,bfcl/bfcl-parallel-19,difficult;frontier_with_variance;unique_unpredictable,0.5644621638524078,0.6844621638524079,frontier,0.9692307692307693,0.07407407407407407,0.9629629629629629,0.3699186991869919,26,0.0307692307692307,0.0307692307692307,0.1201576873216408,-0.0044023908399144,0.00980019013576221,0.4957082150701988,101.0,5.0,31.0,False,True,True,True,False
376,bfcl,bfcl-multiple-190,bfcl/bfcl-multiple-190,high_composite,0.684218869432284,0.684218869432284,medium,0.32307692307692304,0.7962962962962963,0.7916666666666666,0.8455284552845529,26,0.676923076923077,0.676923076923077,0.3422860840197999,-0.0703560185800664,0.09652506858022156,0.3688597845547652,23.0,23.0,16.0,False,False,False,False,True
377,bfcl,bfcl-live-irrelevance-642-203-2,bfcl/bfcl-live-irrelevance-642-203-2,unique_unpredictable,0.6441404349940936,0.6841404349940936,medium,0.676923076923077,0.32407407407407407,0.9166666666666666,0.8821138211382114,26,0.323076923076923,0.323076923076923,0.3640664481907456,0.1599149168346797,0.03849801796446666,0.4596413656985757,74.0,10.0,23.0,False,False,False,True,False
378,bfcl,bfcl-parallel-147,bfcl/bfcl-parallel-147,high_composite,0.6806758564380516,0.6806758564380516,easy,0.25384615384615394,0.8888888888888888,0.7268518518518519,0.8292682926829268,26,0.7461538461538461,0.7461538461538461,0.3307692307692307,0.0450571072184675,0.10964458702244281,0.32303296997733755,13.0,31.0,17.0,False,False,False,False,True
379,bfcl,bfcl-live-irrelevance-781-290-0,bfcl/bfcl-live-irrelevance-781-290-0,difficult,0.621339726217775,0.661339726217775,hard,0.8461538461538463,0.49074074074074076,0.5277777777777778,0.7073170731707317,26,0.1538461538461538,0.1538461538461538,0.256051030416819,0.3988733733951721,0.05486275220330063,0.21377636758635277,56.0,52.0,25.0,False,True,False,False,False
380,bfcl,bfcl-live-irrelevance-698-227-1,bfcl/bfcl-live-irrelevance-698-227-1,difficult,0.6189089535126121,0.6589089535126121,hard,0.876923076923077,0.5740740740740741,0.36574074074074076,0.7154471544715447,26,0.123076923076923,0.123076923076923,0.2606319130168833,0.2899935377544717,0.060965019254957425,0.15806352459516027,47.0,70.0,26.0,False,True,False,False,False
381,bfcl,bfcl-parallel-84,bfcl/bfcl-parallel-84,unique_unpredictable,0.6007404801612118,0.6407404801612119,medium,0.4769230769230769,0.37962962962962965,0.8287037037037037,0.943089430894309,26,0.5230769230769231,0.5230769230769231,0.3885947981635412,-0.3013999793059639,0.047727368162402584,0.38132464333952676,68.0,20.0,28.0,False,False,False,True,False
382,bfcl,bfcl-live-irrelevance-745-256-0,bfcl/bfcl-live-irrelevance-745-256-0,difficult,0.578282867764575,0.6182828677645751,hard,0.9307692307692308,0.26851851851851855,0.6527777777777778,0.5894308943089431,26,0.0692307692307692,0.0692307692307692,0.1995557195549668,0.3782384796083821,0.03464554338132623,0.28485381958449785,80.0,38.0,29.0,False,True,False,False,False
383,bfcl,bfcl-live-multiple-280-128-3,bfcl/bfcl-live-multiple-280-128-3,unique_unpredictable,0.5345645716072546,0.5745645716072546,easy,0.2384615384615384,0.3055555555555556,0.9305555555555556,0.9024390243902439,26,0.7615384615384616,0.7615384615384616,0.3721837047200906,0.0124792944381957,0.03718723059410776,0.4654007760386507,76.0,8.0,34.0,False,False,False,True,False
384,bfcl,bfcl-live-irrelevance-511-151-0,bfcl/bfcl-live-irrelevance-511-151-0,difficult,0.48801290737266345,0.5280129073726635,hard,0.823076923076923,0.2037037037037037,0.36574074074074076,0.7967479674796748,26,0.1769230769230769,0.1769230769230769,0.300394218304102,0.4384990316210363,0.028041597541004052,0.15806352459516027,87.0,69.0,41.0,False,True,False,False,False
385,bfcl,bfcl-live-multiple-83-38-0,bfcl/bfcl-live-multiple-83-38-0,unique_unpredictable,0.4582603710652491,0.49826037106524906,easy,0.2384615384615384,0.1111111111111111,1.0,0.7317073170731707,26,0.7615384615384616,0.7615384615384616,0.277456750721099,-0.0399869260612603,0.014191894410883426,0.6297025383006745,97.0,1.0,48.0,False,False,False,True,False
386,bfcl,bfcl-simple-java-73,bfcl/bfcl-simple-java-73,unique_unpredictable,0.4479192724619554,0.4879192724619554,easy,0.13076923076923075,0.2777777777777778,0.9305555555555556,0.5691056910569106,26,0.8692307692307693,0.8692307692307693,0.1834901606442548,0.0980709904828336,0.03505882518421452,0.4654007760386507,79.0,9.0,52.0,False,False,False,True,False
387,bfcl,bfcl-live-irrelevance-600-193-2,bfcl/bfcl-live-irrelevance-600-193-2,unique_unpredictable,0.35389218956292123,0.3938921895629212,easy,0.0923076923076922,0.009259259259259259,0.9444444444444444,0.6097560975609756,26,0.9076923076923078,0.9076923076923078,0.2017673392092923,0.0393085993785928,0.0011879926667396064,0.4742544131307316,108.0,7.0,64.0,False,False,False,True,False
388,bfcl,bfcl-live-irrelevance-127-11-2,bfcl/bfcl-live-irrelevance-127-11-2,difficult,0.25670731707317074,0.2967073170731707,frontier,1.0,0.0,0.0,0.044715447154471545,26,0.0,0.0,0.0,,,,,,91.0,False,True,False,False,False
389,bfcl,bfcl-live-irrelevance-488-141-1,bfcl/bfcl-live-irrelevance-488-141-1,difficult,0.25670731707317074,0.2967073170731707,frontier,1.0,0.0,0.0,0.044715447154471545,26,0.0,0.0,0.0,,,,,,92.0,False,True,False,False,False
390,bfcl,bfcl-live-multiple-678-163-3,bfcl/bfcl-live-multiple-678-163-3,difficult,0.25670731707317074,0.2967073170731707,frontier,1.0,0.0,0.0,0.044715447154471545,26,0.0,0.0,0.0,,,,,,93.0,False,True,False,False,False
391,bfcl,bfcl-live-simple-41-17-1,bfcl/bfcl-live-simple-41-17-1,difficult,0.25670731707317074,0.2967073170731707,frontier,1.0,0.0,0.0,0.044715447154471545,26,0.0,0.0,0.0,,,,,,94.0,False,True,False,False,False
392,bfcl,bfcl-simple-java-70,bfcl/bfcl-simple-java-70,difficult,0.25670731707317074,0.2967073170731707,frontier,1.0,0.0,0.0,0.044715447154471545,26,0.0,0.0,0.0,,,,,,95.0,False,True,False,False,False
393,bfcl,bfcl-simple-python-14,bfcl/bfcl-simple-python-14,difficult,0.25670731707317074,0.2967073170731707,frontier,1.0,0.0,0.0,0.044715447154471545,26,0.0,0.0,0.0,,,,,,96.0,False,True,False,False,False
394,bfcl,bfcl-irrelevance-15,bfcl/bfcl-irrelevance-15,unique_unpredictable,0.25389132096449163,0.2938913209644916,saturated,0.015384615384615219,0.018518518518518517,0.8888888888888888,0.14227642276422764,26,0.9846153846153848,0.9846153846153848,0.0532938710021192,0.2253855535541909,0.00226568720754955,0.4253845400363224,107.0,13.0,97.0,False,False,False,True,False
395,bigcodebench,bigcodebench_139,bigcodebench/bigcodebench_139,base_representative,0.506924512055109,0.566924512055109,easy,0.07692307692307676,1.0,0.16346153846153846,0.6455223880597015,13,0.9230769230769232,0.8461538461538461,0.3608012122941099,0.3145372855742845,0.2905226600882296,7.771561172376096e-16,1.0,44.0,34.0,True,False,False,False,False
396,bigcodebench,bigcodebench_308,bigcodebench/bigcodebench_308,base_representative,0.4884400114810562,0.5484400114810561,easy,0.07692307692307676,0.9807692307692307,0.16346153846153846,0.5671641791044776,20,0.9230769230769232,0.9,0.3,0.3145372855742844,0.24156459306855751,7.771561172376096e-16,2.0,45.0,36.0,True,False,False,False,False
397,bigcodebench,bigcodebench_1057,bigcodebench/bigcodebench_1057,unique_unpredictable;high_composite,0.8267652123995408,0.8667652123995409,medium,0.5,0.9615384615384616,0.8653846153846154,0.9925373134328358,12,0.5,0.5,0.5,0.283098527454837,0.2354211145230892,0.5750817072006011,3.0,8.0,1.0,False,False,False,True,True
398,bigcodebench,bigcodebench_492,bigcodebench/bigcodebench_492,difficult;unique_unpredictable;high_composite,0.772373708381171,0.8523737083811711,hard,0.7692307692307693,0.5384615384615384,1.0,0.9440298507462687,15,0.2307692307692307,0.4,0.4898979485566356,0.2327491490952752,0.05954476942126815,0.6348516283298893,25.0,1.0,2.0,False,True,False,True,True
399,bigcodebench,bigcodebench_13,bigcodebench/bigcodebench_13,difficult;unique_unpredictable;high_composite,0.7528989667049368,0.8328989667049369,hard,0.8076923076923077,0.5192307692307693,0.9038461538461539,0.9552238805970149,12,0.1923076923076923,0.4166666666666667,0.4930066485916347,0.0416310947946315,0.054785099545330916,0.5901219693616162,26.0,6.0,5.0,False,True,False,True,True
400,bigcodebench,bigcodebench_310,bigcodebench/bigcodebench_310,difficult;high_composite,0.7688648105625717,0.8088648105625718,hard,0.8076923076923077,0.75,0.6826923076923077,0.8917910447761194,14,0.1923076923076923,0.3571428571428571,0.4791574237499548,0.0766004037648209,0.09696889816242066,0.5405145431051753,14.0,18.0,3.0,False,True,False,False,True
401,bigcodebench,bigcodebench_1013,bigcodebench/bigcodebench_1013,unique_unpredictable;high_composite,0.7632127854477612,0.8032127854477612,medium,0.36794873076923074,0.8846153846153846,0.9807692307692307,0.7761194029850746,26,0.6320512692307693,0.6320512692307693,0.4166903438243169,0.3594314430705104,0.17422628536867674,0.6189732087515507,7.0,2.0,4.0,False,False,False,True,True
402,bigcodebench,bigcodebench_530,bigcodebench/bigcodebench_530,difficult;unique_unpredictable;high_composite,0.6843714121699196,0.7643714121699197,hard,0.8461538461538463,0.36538461538461536,0.9230769230769231,0.7611940298507462,18,0.1538461538461538,0.2222222222222222,0.415739709641549,0.0067041603675315,0.025768782874940607,0.5909090909090908,34.0,5.0,7.0,False,True,False,True,True
403,bigcodebench,bigcodebench_123,bigcodebench/bigcodebench_123,difficult;high_composite,0.7180109070034443,0.7580109070034443,hard,0.8846153846153847,0.7307692307692307,0.4807692307692308,0.8059701492537313,12,0.1153846153846153,0.25,0.4330127018922193,0.0122001154732326,0.08648096639695443,0.446225075805462,15.0,28.0,6.0,False,True,False,False,True
404,bigcodebench,bigcodebench_1019,bigcodebench/bigcodebench_1019,difficult;unique_unpredictable;high_composite,0.6678123836107922,0.7478123836107923,hard,0.889102576923077,0.40384615384615385,0.9615384615384616,0.4253731343283582,25,0.110897423076923,0.11533332,0.2245944363810858,0.4011131615888824,0.026130201005933554,0.591007426018327,32.0,3.0,8.0,False,True,False,True,True
405,bigcodebench,bigcodebench_161,bigcodebench/bigcodebench_161,difficult;unique_unpredictable;high_composite,0.6550086107921927,0.7350086107921928,hard,0.8076923076923077,0.28846153846153844,0.8846153846153846,0.8731343283582089,15,0.1923076923076923,0.3333333333333333,0.4714045207910317,0.1366543778485473,0.02334706774471732,0.5849479762509873,38.0,7.0,9.0,False,True,False,True,True
406,bigcodebench,bigcodebench_399,bigcodebench/bigcodebench_399,difficult;frontier_with_variance;unique_unpredictable,0.6138633754305396,0.7338633754305397,frontier,0.9615384615384616,0.25,0.8461538461538461,0.4962686567164179,13,0.0384615384615384,0.0769230769230769,0.2664693550105965,0.1053791902585757,0.01585087810606388,0.5689868802951232,40.0,9.0,16.0,False,True,True,True,False
407,bigcodebench,bigcodebench_409,bigcodebench/bigcodebench_409,difficult;unique_unpredictable;high_composite,0.6535734787600459,0.733573478760046,hard,0.8461538461538463,0.3076923076923077,0.8269230769230769,0.8507462686567164,13,0.1538461538461538,0.3076923076923077,0.4615384615384615,-0.1217607448314981,0.023757136000173092,0.5507039769887223,37.0,10.0,10.0,False,True,False,True,True
408,bigcodebench,bigcodebench_454,bigcodebench/bigcodebench_454,difficult;unique_unpredictable,0.6319316877152698,0.7119316877152698,hard,0.8461538461538463,0.15384615384615385,0.9423076923076923,0.8731343283582089,12,0.1538461538461538,0.3333333333333333,0.4714045207910317,-0.0343631134606965,0.014033400426695172,0.590909090909091,45.0,4.0,14.0,False,True,False,True,False
409,bigcodebench,bigcodebench_241,bigcodebench/bigcodebench_241,difficult;frontier_with_variance,0.5976033295063145,0.6776033295063145,frontier,0.9615384615384616,0.5,0.4423076923076923,0.47761194029850745,14,0.0384615384615384,0.0714285714285714,0.2575393768188563,-0.4678406757406125,0.04760551119250919,0.4462250758054618,27.0,30.0,19.0,False,True,True,False,False
410,bigcodebench,bigcodebench_129,bigcodebench/bigcodebench_129,difficult,0.6338762916188289,0.6738762916188289,hard,0.8846153846153847,0.6346153846153846,0.27884615384615385,0.8059701492537313,12,0.1153846153846153,0.25,0.4330127018922193,0.1324926676077651,0.07300909021961621,0.3477397281420743,20.0,39.0,12.0,False,True,False,False,False
411,bigcodebench,bigcodebench_1004,bigcodebench/bigcodebench_1004,high_composite,0.644673274684271,0.644673274684271,medium,0.36666669230769233,0.8269230769230769,0.6826923076923077,0.6194029850746269,26,0.6333333076923077,0.6333333076923077,0.3469033068068402,0.2677345237371658,0.14207575789545174,0.5405145431051753,10.0,17.0,11.0,False,False,False,False,True
412,bigcodebench,bigcodebench_486,bigcodebench/bigcodebench_486,difficult,0.5972445464982779,0.6372445464982779,hard,0.9230769230769231,0.2692307692307692,0.7307692307692307,0.5970149253731343,17,0.0769230769230769,0.1176470588235294,0.3221897397089212,0.1239218571593021,0.021348583217726376,0.5416666666666663,39.0,15.0,20.0,False,True,False,False,False
413,bigcodebench,bigcodebench_124,bigcodebench/bigcodebench_124,difficult;frontier_with_variance,0.5564867967853043,0.6364867967853044,frontier,0.9615384615384616,0.6153846153846154,0.09615384615384616,0.5111940298507462,12,0.0384615384615384,0.0833333333333333,0.2763853991962833,0.0989449776308304,0.0676899579927848,6.661338147750939e-16,21.0,47.0,25.0,False,True,True,False,False
414,bigcodebench,bigcodebench_560,bigcodebench/bigcodebench_560,difficult,0.5910591274397244,0.6310591274397245,hard,0.9230769230769231,0.23076923076923078,0.7307692307692307,0.6455223880597015,13,0.0769230769230769,0.1538461538461538,0.3608012122941099,0.22696840184645,0.014654565641508436,0.5416666666666663,41.0,16.0,21.0,False,True,False,False,False
415,bigcodebench,bigcodebench_187,bigcodebench/bigcodebench_187,difficult,0.583194603903559,0.6231946039035591,hard,0.9230769230769231,0.19230769230769232,0.7307692307692307,0.6828358208955224,12,0.0769230769230769,0.1666666666666666,0.3726779962499649,0.0103757089951105,0.014167848318996886,0.5416666666666663,43.0,14.0,23.0,False,True,False,False,False
416,bigcodebench,bigcodebench_227,bigcodebench/bigcodebench_227,difficult;frontier_with_variance,0.5278989667049369,0.6078989667049369,frontier,0.9615384615384616,0.17307692307692307,0.6346153846153846,0.4552238805970149,15,0.0384615384615384,0.0666666666666666,0.2494438257849294,0.3890458578336065,0.014068865402603237,0.5309584240176575,44.0,20.0,28.0,False,True,True,False,False
417,bigcodebench,bigcodebench_443,bigcodebench/bigcodebench_443,difficult;frontier_with_variance,0.5278989667049369,0.6078989667049369,frontier,0.9615384615384616,0.5576923076923077,0.09615384615384616,0.4552238805970149,15,0.0384615384615384,0.0666666666666666,0.2494438257849294,0.0989449776308305,0.061091657294639265,6.661338147750939e-16,24.0,49.0,29.0,False,True,True,False,False
418,bigcodebench,bigcodebench_1015,bigcodebench/bigcodebench_1015,difficult,0.5641288748564868,0.6041288748564868,hard,0.9038461538461539,0.4230769230769231,0.5096153846153846,0.417910447761194,26,0.0961538461538461,0.0961538461538461,0.2227119029508219,0.3240391746610643,0.027558840449548174,0.47654193030321046,31.0,26.0,24.0,False,True,False,False,False
419,bigcodebench,bigcodebench_100,bigcodebench/bigcodebench_100,difficult;frontier_with_variance,0.5239092996555683,0.6039092996555684,frontier,0.9557692307692308,0.4423076923076923,0.27884615384615385,0.40298507462686567,26,0.0442307692307692,0.0442307692307692,0.1508481936079876,0.129569685288796,0.02807262511779487,0.3477397281420743,30.0,38.0,30.0,False,True,True,False,False
420,bigcodebench,bigcodebench_1039,bigcodebench/bigcodebench_1039,difficult,0.5487394789035591,0.5887394789035592,hard,0.8967948846153846,0.4807692307692308,0.36538461538461536,0.43283582089552236,26,0.1032051153846154,0.1032051153846154,0.2305242517701315,0.152593748710814,0.04542078736496575,0.4388487288007,28.0,34.0,26.0,False,True,False,False,False
421,bigcodebench,bigcodebench_417,bigcodebench/bigcodebench_417,difficult,0.5189437428243399,0.5589437428243399,hard,0.9230769230769231,0.3269230769230769,0.3076923076923077,0.6455223880597015,13,0.0769230769230769,0.1538461538461538,0.3608012122941099,-0.0528042710070927,0.023958599579293607,0.3670136186034223,36.0,37.0,32.0,False,True,False,False,False
422,bigcodebench,bigcodebench_1006,bigcodebench/bigcodebench_1006,unique_unpredictable,0.4891910703214696,0.5291910703214696,medium,0.6070513076923076,0.07692307692307693,0.8076923076923077,0.7238805970149254,25,0.3929486923076923,0.39533332,0.3909964613196104,0.212647887525476,0.006603351620260536,0.544767997998944,49.0,11.0,35.0,False,False,False,True,False
423,bigcodebench,bigcodebench_313,bigcodebench/bigcodebench_313,difficult,0.4842494259471871,0.5242494259471872,hard,0.8076923076923077,0.019230769230769232,0.5673076923076923,0.8917910447761194,14,0.1923076923076923,0.3571428571428571,0.4791574237499548,-0.1501130436924161,0.0005068127495015749,0.4955095624837539,52.0,24.0,37.0,False,True,False,False,False
424,bigcodebench,bigcodebench_1124,bigcodebench/bigcodebench_1124,difficult,0.48414896670493685,0.5241489667049368,hard,0.9230769230769231,0.057692307692307696,0.5096153846153846,0.7052238805970149,12,0.0769230769230769,0.1666666666666666,0.372677996249965,0.1376920437413271,0.0051197608311060044,0.47654193030321046,50.0,27.0,38.0,False,True,False,False,False
425,bigcodebench,bigcodebench_15,bigcodebench/bigcodebench_15,difficult;frontier_with_variance,0.4127367967853043,0.49273679678530424,frontier,0.9615384615384616,0.11538461538461539,0.22115384615384615,0.5111940298507462,12,0.0384615384615384,0.0833333333333333,0.2763853991962833,0.3120603920508731,0.00929615853416921,0.3071796769724491,47.0,41.0,44.0,False,True,True,False,False
426,bigcodebench,bigcodebench_583,bigcodebench/bigcodebench_583,difficult,0.4019446039035592,0.44194460390355916,hard,0.9230769230769231,0.038461538461538464,0.22115384615384615,0.6828358208955224,12,0.0769230769230769,0.1666666666666666,0.3726779962499649,0.1142058156742329,0.0014797125040108086,0.3071796769724491,51.0,42.0,46.0,False,True,False,False,False
427,bigcodebench,bigcodebench_1012,bigcodebench/bigcodebench_1012,difficult,0.2802238805970149,0.3202238805970149,frontier,1.0,0.0,0.0,0.20149253731343283,25,0.0,0.0,0.0,,,,,,53.0,False,True,False,False,False
428,bigcodebench,bigcodebench_1042,bigcodebench/bigcodebench_1042,difficult,0.2802238805970149,0.3202238805970149,frontier,1.0,0.0,0.0,0.20149253731343283,25,0.0,0.0,0.0,,,,,,54.0,False,True,False,False,False
429,bigcodebench,bigcodebench_120,bigcodebench/bigcodebench_120,difficult,0.2802238805970149,0.3202238805970149,frontier,1.0,0.0,0.0,0.20149253731343283,14,0.0,0.0,0.0,,,,,,55.0,False,True,False,False,False
430,bigcodebench,bigcodebench_177,bigcodebench/bigcodebench_177,difficult,0.2802238805970149,0.3202238805970149,frontier,1.0,0.0,0.0,0.20149253731343283,13,0.0,0.0,0.0,,,,,,56.0,False,True,False,False,False
431,bigcodebench,bigcodebench_214,bigcodebench/bigcodebench_214,difficult,0.2802238805970149,0.3202238805970149,frontier,1.0,0.0,0.0,0.20149253731343283,13,0.0,0.0,0.0,,,,,,57.0,False,True,False,False,False
432,bigcodebench,bigcodebench_239,bigcodebench/bigcodebench_239,difficult,0.2802238805970149,0.3202238805970149,frontier,1.0,0.0,0.0,0.20149253731343283,12,0.0,0.0,0.0,,,,,,58.0,False,True,False,False,False
433,bigcodebench,bigcodebench_267,bigcodebench/bigcodebench_267,difficult,0.2802238805970149,0.3202238805970149,frontier,1.0,0.0,0.0,0.20149253731343283,16,0.0,0.0,0.0,,,,,,59.0,False,True,False,False,False
434,bigcodebench,bigcodebench_274,bigcodebench/bigcodebench_274,difficult,0.2802238805970149,0.3202238805970149,frontier,1.0,0.0,0.0,0.20149253731343283,14,0.0,0.0,0.0,,,,,,60.0,False,True,False,False,False
435,bigcodebench,bigcodebench_324,bigcodebench/bigcodebench_324,difficult,0.2802238805970149,0.3202238805970149,frontier,1.0,0.0,0.0,0.20149253731343283,14,0.0,0.0,0.0,,,,,,61.0,False,True,False,False,False
436,bigcodebench,bigcodebench_326,bigcodebench/bigcodebench_326,difficult,0.2802238805970149,0.3202238805970149,frontier,1.0,0.0,0.0,0.20149253731343283,14,0.0,0.0,0.0,,,,,,62.0,False,True,False,False,False
437,bigcodebench,bigcodebench_346,bigcodebench/bigcodebench_346,difficult,0.2802238805970149,0.3202238805970149,frontier,1.0,0.0,0.0,0.20149253731343283,18,0.0,0.0,0.0,,,,,,63.0,False,True,False,False,False
438,bigcodebench,bigcodebench_374,bigcodebench/bigcodebench_374,difficult,0.2802238805970149,0.3202238805970149,frontier,1.0,0.0,0.0,0.20149253731343283,19,0.0,0.0,0.0,,,,,,64.0,False,True,False,False,False
439,bigcodebench,bigcodebench_528,bigcodebench/bigcodebench_528,difficult,0.2802238805970149,0.3202238805970149,frontier,1.0,0.0,0.0,0.20149253731343283,12,0.0,0.0,0.0,,,,,,65.0,False,True,False,False,False
440,bigcodebench,bigcodebench_553,bigcodebench/bigcodebench_553,difficult,0.2802238805970149,0.3202238805970149,frontier,1.0,0.0,0.0,0.20149253731343283,12,0.0,0.0,0.0,,,,,,66.0,False,True,False,False,False
441,bixbench,bix-12-q5,bixbench/bix-12-q5,base_representative;high_composite,0.7809068825910932,0.8409068825910933,medium,0.34615384615384615,1.0,0.7894736842105263,0.98,20,0.6538461538461539,0.6100000000000001,0.4217819341792628,0.7213742950275225,0.268113533388682,0.36287008244104646,1.0,9.0,2.0,True,False,False,False,True
442,bixbench,bix-6-q1,bixbench/bix-6-q1,base_representative,0.6041578947368421,0.6641578947368421,easy,0.20000000000000007,0.9736842105263158,0.2894736842105263,0.94,20,0.7999999999999999,0.74,0.3693237062523878,0.6770898794803308,0.2461307798072805,0.21438197149507643,2.0,28.0,12.0,True,False,False,False,False
443,bixbench,bix-12-q4,bixbench/bix-12-q4,high_composite,0.8035141700404859,0.8035141700404859,medium,0.653846153846154,0.9473684210526315,0.6578947368421053,0.96,20,0.3461538461538461,0.39,0.3819685850956856,0.6882869109720717,0.23398037135738833,0.30984325929131606,3.0,14.0,1.0,False,False,False,False,True
444,bixbench,bix-61-q2,bixbench/bix-61-q2,unique_unpredictable;high_composite,0.6961538461538461,0.7361538461538462,medium,0.3846153846153846,0.6842105263157895,0.8421052631578947,1.0,20,0.6153846153846154,0.5599999999999999,0.4586937976471886,0.6066532463546034,0.1596829627893906,0.4018738471141947,13.0,7.0,3.0,False,False,False,True,True
445,bixbench,bix-20-q3,bixbench/bix-20-q3,difficult;unique_unpredictable;high_composite,0.6360516194331984,0.7160516194331985,hard,0.8711538461538462,0.39473684210526316,0.868421052631579,0.42,20,0.1288461538461538,0.1375,0.1572219768353012,0.5412168205234263,0.07494205594433533,0.435051954958947,24.0,6.0,8.0,False,True,False,True,True
446,bixbench,bix-10-q2,bixbench/bix-10-q2,difficult;unique_unpredictable,0.6210404858299595,0.7010404858299596,hard,0.7538461538461538,0.23684210526315788,0.8947368421052632,0.84,20,0.2461538461538461,0.26,0.3231098884280702,-0.2234700674423466,0.026315239405540446,0.454613951787463,30.0,5.0,10.0,False,True,False,True,False
447,bixbench,bix-47-q2,bixbench/bix-47-q2,high_composite,0.6892054655870445,0.6892054655870445,medium,0.4557692307692308,0.868421052631579,0.6052631578947368,0.8,20,0.5442307692307692,0.5275000000000001,0.3096267914764483,0.786320700535079,0.21338525939627198,0.29037450492159733,6.0,16.0,4.0,False,False,False,False,True
448,bixbench,bix-6-q4,bixbench/bix-6-q4,difficult;unique_unpredictable,0.5944898785425101,0.6744898785425102,hard,0.8615384615384616,0.15789473684210525,0.9473684210526315,0.58,20,0.1384615384615384,0.18,0.2336664289109584,-0.0187998573067497,0.018784908500041067,0.5483551727065852,33.0,3.0,14.0,False,True,False,True,False
449,bixbench,bix-12-q3,bixbench/bix-12-q3,high_composite,0.6675236199392712,0.6675236199392712,medium,0.5564102692307693,0.5789473684210527,0.7631578947368421,0.9,20,0.4435897307692307,0.45666665,0.3478665192602292,0.3179596930666664,0.13435240299289838,0.3621590681107828,17.0,10.0,5.0,False,False,False,False,True
450,bixbench,bix-28-q3,bixbench/bix-28-q3,difficult,0.6243633603238866,0.6643633603238867,hard,0.9057692307692308,0.7368421052631579,0.09210526315789473,0.78,20,0.0942307692307692,0.1225,0.3001978514246896,0.5356638221937154,0.17429200083225993,0.02545234662817797,11.0,36.0,9.0,False,True,False,False,False
451,bixbench,bix-10-q5,bixbench/bix-10-q5,difficult;unique_unpredictable,0.5744008097165991,0.6544008097165992,hard,0.9230769230769231,0.07894736842105263,1.0,0.44,20,0.0769230769230769,0.0999999999999999,0.1581138830084189,-0.4144325149716993,0.011928465293964088,0.6552710801673085,36.0,1.0,15.0,False,True,False,True,False
452,bixbench,bix-30-q3,bixbench/bix-30-q3,high_composite,0.6526508097165992,0.6526508097165992,easy,0.24807692307692308,0.8421052631578947,0.631578947368421,0.92,20,0.7519230769230769,0.7075,0.3585648476914601,-0.378606218292895,0.19430783680489244,0.297211691841092,7.0,15.0,6.0,False,False,False,False,True
453,bixbench,bix-51-q1,bixbench/bix-51-q1,high_composite,0.6507125506072874,0.6507125506072874,easy,0.20769230769230762,0.8947368421052632,0.7105263157894737,0.72,20,0.7923076923076924,0.76,0.2969474513931716,0.5152666076349066,0.22236105442254298,0.33009368680943085,5.0,12.0,7.0,False,False,False,False,True
454,bixbench,bix-52-q2,bixbench/bix-52-q2,difficult;unique_unpredictable,0.5698431174089069,0.649843117408907,hard,0.9288461538461539,0.21052631578947367,0.8157894736842105,0.4,20,0.0711538461538461,0.0925,0.1502289918757361,-0.2180383778924194,0.02576554726956642,0.38940035911307647,31.0,8.0,16.0,False,True,False,True,False
455,bixbench,bix-6-q5,bixbench/bix-6-q5,difficult;frontier_with_variance;unique_unpredictable,0.5246275303643725,0.6446275303643726,frontier,0.9846153846153847,0.02631578947368421,0.9210526315789473,0.26,20,0.0153846153846153,0.02,0.06,-0.2293612447911037,0.002273053139157958,0.48007772193469844,38.0,4.0,23.0,False,True,True,True,False
456,bixbench,bix-28-q2,bixbench/bix-28-q2,difficult,0.5965587044534413,0.6365587044534413,hard,0.9230769230769231,0.6578947368421053,0.09210526315789473,0.75,20,0.0769230769230769,0.1,0.3,0.5059798526266666,0.15585824683359456,0.02545234662817797,14.0,35.0,13.0,False,True,False,False,False
457,bixbench,bix-20-q2,bixbench/bix-20-q2,difficult;unique_unpredictable,0.5540856918016195,0.6340856918016196,hard,0.8089743461538462,0.05263157894736842,0.9736842105263158,0.6,20,0.1910256538461538,0.18833335,0.2345267441513387,-0.0983725370739066,0.002500386778688558,0.57124862895867,37.0,2.0,19.0,False,True,False,True,False
458,bixbench,bix-7-q2,bixbench/bix-7-q2,difficult,0.5627034412955465,0.6027034412955465,hard,0.8980769230769231,0.42105263157894735,0.35526315789473684,0.68,19,0.1019230769230769,0.1394736842105263,0.2608583742430792,0.1861749662739819,0.07900058270943501,0.22384653713681746,23.0,26.0,17.0,False,True,False,False,False
459,bixbench,bix-49-q1,bixbench/bix-49-q1,difficult;frontier_with_variance,0.5126761133603239,0.592676113360324,frontier,0.9692307692307693,0.3157894736842105,0.4473684210526316,0.32,20,0.0307692307692307,0.04,0.08,0.472728705793526,0.04024377710548306,0.25381123903485636,27.0,22.0,25.0,False,True,True,False,False
460,bixbench,bix-29-q2,bixbench/bix-29-q2,difficult;frontier_with_variance,0.5078434579959514,0.5878434579959515,frontier,0.9717948846153847,0.3684210526315789,0.3157894736842105,0.38,20,0.0282051153846153,0.03666665,0.0906151268951685,-0.4064682056896307,0.05587599187287839,0.2198172191424388,25.0,27.0,26.0,False,True,True,False,False
461,bixbench,bix-4-q3,bixbench/bix-4-q3,difficult,0.5332014170040486,0.5732014170040486,hard,0.9403846153846154,0.5263157894736842,0.13157894736842105,0.54,20,0.0596153846153846,0.0775,0.1952402366316943,0.4725376263363403,0.10043021676311731,0.10863483119669237,19.0,34.0,22.0,False,True,False,False,False
462,bixbench,bix-8-q7,bixbench/bix-8-q7,difficult,0.5135293522267206,0.5535293522267206,hard,0.8365384615384616,0.2631578947368421,0.5131578947368421,0.56,20,0.1634615384615384,0.1825,0.2093292860542929,-0.1572034777993093,0.028678729208277836,0.2619084227974324,29.0,20.0,24.0,False,True,False,False,False
463,bixbench,bix-28-q6,bixbench/bix-28-q6,difficult;frontier_with_variance,0.46575910931174086,0.5457591093117409,frontier,0.9846153846153847,0.2894736842105263,0.2631578947368421,0.35,20,0.0153846153846153,0.02,0.0871779788708134,0.3120603920508731,0.03036404290582331,0.2079222738552774,28.0,29.0,29.0,False,True,True,False,False
464,bixbench,bix-45-q6,bixbench/bix-45-q6,difficult,0.4994068825910931,0.5394068825910932,hard,0.9461538461538462,0.5,0.039473684210526314,0.52,20,0.0538461538461538,0.07,0.1926136028425822,0.573451779968718,0.09128643854066776,0.000421447680256426,20.0,38.0,27.0,False,True,False,False,False
465,bixbench,bix-25-q1,bixbench/bix-25-q1,difficult,0.4876771255060729,0.5276771255060729,hard,0.9480769230769232,0.47368421052631576,0.039473684210526314,0.5,20,0.0519230769230769,0.0675,0.1832177666057525,0.579690107046288,0.0876676291061894,0.000421447680256426,21.0,37.0,28.0,False,True,False,False,False
466,bixbench,bix-36-q4,bixbench/bix-36-q4,difficult;frontier_with_variance,0.4335222672064777,0.5135222672064776,frontier,0.9846153846153847,0.13157894736842105,0.35526315789473684,0.35,20,0.0153846153846153,0.02,0.0871779788708134,0.1075824770614587,0.014610397327010983,0.22384653713681746,34.0,25.0,33.0,False,True,True,False,False
467,bixbench,bix-16-q3,bixbench/bix-16-q3,difficult;frontier_with_variance,0.42319939271255064,0.5031993927125507,frontier,0.9826923076923078,0.10526315789473684,0.39473684210526316,0.28,20,0.0173076923076923,0.0225,0.0679613860953409,0.2192416253260076,0.01283027954260187,0.2289238846686289,35.0,24.0,34.0,False,True,True,False,False
468,bixbench,bix-1-q1,bixbench/bix-1-q1,difficult;frontier_with_variance,0.2840769230769231,0.3640769230769231,frontier,0.9923076923076924,0.0,0.0,0.24,20,0.0076923076923076,0.01,0.0435889894354067,-0.029805988058403,,,,,39.0,False,True,True,False,False
469,bixbench,bix-10-q7,bixbench/bix-10-q7,difficult,0.268,0.308,frontier,1.0,0.0,0.0,0.12,20,0.0,0.0,0.0,,,,,,40.0,False,True,False,False,False
470,bixbench,bix-13-q5,bixbench/bix-13-q5,difficult,0.268,0.308,frontier,1.0,0.0,0.0,0.12,20,0.0,0.0,0.0,,,,,,41.0,False,True,False,False,False
471,bixbench,bix-16-q1,bixbench/bix-16-q1,difficult,0.268,0.308,frontier,1.0,0.0,0.0,0.12,20,0.0,0.0,0.0,,,,,,42.0,False,True,False,False,False
472,bixbench,bix-22-q4,bixbench/bix-22-q4,difficult,0.268,0.308,frontier,1.0,0.0,0.0,0.12,20,0.0,0.0,0.0,,,,,,43.0,False,True,False,False,False
473,bixbench,bix-24-q6,bixbench/bix-24-q6,difficult,0.268,0.308,frontier,1.0,0.0,0.0,0.12,20,0.0,0.0,0.0,,,,,,44.0,False,True,False,False,False
474,bixbench,bix-27-q5,bixbench/bix-27-q5,difficult,0.268,0.308,frontier,1.0,0.0,0.0,0.12,20,0.0,0.0,0.0,,,,,,45.0,False,True,False,False,False
475,bixbench,bix-30-q1,bixbench/bix-30-q1,difficult,0.268,0.308,frontier,1.0,0.0,0.0,0.12,19,0.0,0.0,0.0,,,,,,46.0,False,True,False,False,False
476,bixbench,bix-31-q3,bixbench/bix-31-q3,difficult,0.268,0.308,frontier,1.0,0.0,0.0,0.12,19,0.0,0.0,0.0,,,,,,47.0,False,True,False,False,False
477,bixbench,bix-52-q3,bixbench/bix-52-q3,difficult,0.268,0.308,frontier,1.0,0.0,0.0,0.12,20,0.0,0.0,0.0,,,,,,48.0,False,True,False,False,False
478,bixbench,bix-61-q4,bixbench/bix-61-q4,difficult,0.268,0.308,frontier,1.0,0.0,0.0,0.12,19,0.0,0.0,0.0,,,,,,49.0,False,True,False,False,False
479,codepde,codepde-cns1d,codepde/codepde-cns1d,difficult;high_composite,0.5800000000000001,0.6200000000000001,frontier,1.0,0.5,0.5,0.2,16,0.0,0.0,0.0,,,,,,1.0,False,True,False,False,True
480,compilebench,compilebench-curl-ssl,compilebench/compilebench-curl-ssl,base_representative;high_composite,0.6971153846153846,0.7571153846153846,saturated,0.038461538461538436,1.0,0.75,1.0,20,0.9615384615384616,0.95,0.1774823934929885,0.5432245592762954,0.09312208916670961,0.4753164675436474,1.0,1.0,1.0,True,False,False,False,True
481,compilebench,compilebench-jq,compilebench/compilebench-jq,base_representative,0.4432692307692308,0.5032692307692308,saturated,0.023076923076923217,0.5,0.75,0.5,20,0.9769230769230768,0.97,0.0714142842854284,0.6820779232285094,0.03746989894672078,0.4753164675436474,2.0,2.0,2.0,True,False,False,False,False
482,crustbench,crustbench-dict,crustbench/crustbench-dict,base_representative;high_composite,0.6353733942307692,0.6953733942307692,easy,0.28974357692307684,0.9895833333333334,0.4583333333333333,0.68,23,0.7102564230769232,0.6985507391304348,0.3624231721090473,0.723075652407422,0.32371401270027583,0.0933554865989199,2.0,53.0,12.0,True,False,False,False,True
483,crustbench,crustbench-libbeaufort,crustbench/crustbench-libbeaufort,base_representative,0.533738782051282,0.593738782051282,easy,0.16153846153846152,1.0,0.13541666666666666,0.73,22,0.8384615384615385,0.8090909090909091,0.3642041022547296,0.7401512431764453,0.3237625438570942,0.014764123708718047,1.0,84.0,34.0,True,False,False,False,False
484,crustbench,crustbench-satc,crustbench/crustbench-satc,high_composite,0.7617403846153847,0.7617403846153847,medium,0.43846153846153846,0.9375,0.75,0.91,22,0.5615384615384615,0.5545454545454546,0.4042133468257401,0.6554350278021467,0.31237880093726944,0.2090021984002841,7.0,25.0,1.0,False,False,False,False,True
485,crustbench,crustbench-2dpartint,crustbench/crustbench-2dpartint,high_composite,0.7437500000000001,0.7437500000000001,medium,0.5000000000000001,0.8333333333333334,0.7083333333333334,1.0,25,0.4999999999999999,0.504,0.4529724053405461,0.6786500298676192,0.29838326886834293,0.1918545823241753,17.0,29.0,2.0,False,False,False,False,True
486,crustbench,crustbench-approxidate,crustbench/crustbench-approxidate,high_composite,0.7379855737179487,0.7379855737179487,medium,0.5743589615384614,0.75,0.7395833333333334,0.98,24,0.4256410384615385,0.4444444583333333,0.4370213501578974,0.6090135036490886,0.29272243653828106,0.20213822065883336,25.0,26.0,3.0,False,False,False,False,True
487,crustbench,crustbench-lib2bit,crustbench/crustbench-lib2bit,high_composite,0.7090352596153846,0.7090352596153846,medium,0.45064103846153847,0.8645833333333334,0.6770833333333334,0.83,22,0.5493589615384615,0.5583333181818181,0.3799172647173432,0.7188581316444542,0.3057441146228032,0.18403011205718078,14.0,32.0,4.0,False,False,False,False,True
488,crustbench,crustbench-cset,crustbench/crustbench-cset,high_composite,0.6910721121794872,0.6910721121794872,medium,0.3282051153846155,0.9270833333333334,0.6041666666666666,0.89,23,0.6717948846153845,0.6550724782608696,0.3964344344094668,0.6756842039423093,0.3122275329765073,0.14187867752291305,8.0,39.0,5.0,False,False,False,False,True
489,crustbench,crustbench-gorilla-paper-encode,crustbench/crustbench-gorilla-paper-encode,unique_unpredictable;high_composite,0.6502996794871795,0.6902996794871795,medium,0.45961538461538465,0.5625,0.8020833333333334,0.92,23,0.5403846153846154,0.532608695652174,0.4052934244771134,0.5924375118029647,0.27055824521808325,0.23981087066993523,43.0,20.0,11.0,False,False,False,True,True
490,crustbench,crustbench-libvcd,crustbench/crustbench-libvcd,high_composite,0.6868926314102564,0.6868926314102564,medium,0.37948719230769234,0.8541666666666666,0.65625,0.86,22,0.6205128076923077,0.6060605909090908,0.3902390416678963,0.6774784787183828,0.3025940653229002,0.16420446874325323,15.0,34.0,6.0,False,False,False,False,True
491,crustbench,crustbench-inversion-list,crustbench/crustbench-inversion-list,high_composite,0.6866298076923076,0.6866298076923076,medium,0.3307692307692308,0.9583333333333334,0.5520833333333334,0.87,23,0.6692307692307692,0.6521739130434784,0.3921729490010324,0.690156311830147,0.3171388528110875,0.11692011356703014,5.0,44.0,7.0,False,False,False,False,True
492,crustbench,crustbench-recordmanager,crustbench/crustbench-recordmanager,high_composite,0.6837379807692308,0.6837379807692308,medium,0.5980769230769232,0.6979166666666666,0.6197916666666666,0.9,22,0.4019230769230769,0.4022727272727273,0.398997970126778,0.6918507992584493,0.28351611159884904,0.15066604688083973,30.0,38.0,8.0,False,False,False,False,True
493,crustbench,crustbench-blt,crustbench/crustbench-blt,high_composite,0.6729487179487179,0.6729487179487179,medium,0.3884615384615384,0.6875,0.7708333333333334,0.95,24,0.6115384615384616,0.6041666666666666,0.4107707863138382,0.6559760939291606,0.2826073088386898,0.21874713890938657,31.0,23.0,9.0,False,False,False,False,True
494,crustbench,crustbench-libpsbt,crustbench/crustbench-libpsbt,high_composite,0.6555056089743589,0.6555056089743589,medium,0.5692307692307693,0.625,0.6197916666666666,0.93,22,0.4307692307692307,0.4545454545454545,0.4097973698030779,0.6364227807149652,0.2752316613936619,0.15066604688083973,37.0,37.0,10.0,False,False,False,False,True
495,crustbench,crustbench-holdem-odds,crustbench/crustbench-holdem-odds,unique_unpredictable;high_composite,0.6126891025641026,0.6526891025641026,medium,0.5769230769230769,0.2916666666666667,0.9375,0.88,23,0.4230769230769231,0.4260869565217391,0.3925583770537639,0.6467928230592885,0.20841797637949808,0.4067071436085503,69.0,7.0,14.0,False,False,False,True,True
496,crustbench,crustbench-impcheck,crustbench/crustbench-impcheck,difficult;unique_unpredictable,0.5638653878205129,0.643865387820513,hard,0.8217948846153846,0.125,0.9166666666666666,0.57,21,0.1782051153846154,0.2206349047619047,0.3435692141887521,0.5370213398806266,0.13648883533988496,0.33645772541868046,85.0,9.0,27.0,False,True,False,True,False
497,crustbench,crustbench-bostree,crustbench/crustbench-bostree,difficult;unique_unpredictable,0.5509503205128206,0.6309503205128206,hard,0.9153846153846154,0.07291666666666667,0.9583333333333334,0.38,17,0.0846153846153846,0.1294117647058823,0.3213294184411214,0.2370926652942657,0.06230317577727532,0.4428736387884791,90.0,5.0,30.0,False,True,False,True,False
498,crustbench,crustbench-libutf,crustbench/crustbench-libutf,high_composite,0.627826923076923,0.627826923076923,medium,0.5923076923076923,0.4479166666666667,0.6979166666666666,0.99,22,0.4076923076923077,0.4454545454545454,0.4387246731641329,0.6080181840567619,0.25455419860982237,0.19050181697764113,54.0,30.0,13.0,False,False,False,False,True
499,crustbench,crustbench-hamta,crustbench/crustbench-hamta,unique_unpredictable,0.5781971089743589,0.618197108974359,medium,0.6948717692307692,0.2604166666666667,0.8333333333333334,0.7,23,0.3051282307692308,0.3188406086956522,0.3630022817900184,0.4952189845965466,0.1980861699294975,0.25870374966480236,72.0,17.0,21.0,False,False,False,True,False
500,crustbench,crustbench-genetic-neural-network-for-simple-control,crustbench/crustbench-genetic-neural-network-for-simple-control,difficult;unique_unpredictable,0.529668266025641,0.6096682660256411,hard,0.8685897307692307,0.10416666666666667,0.90625,0.33,22,0.1314102692307692,0.1553030454545454,0.3181141946537834,0.2582022816173285,0.1272035280263418,0.33519597791394995,87.0,10.0,36.0,False,True,False,True,False
501,crustbench,crustbench-jccc,crustbench/crustbench-jccc,high_composite,0.6050336506410257,0.6050336506410257,easy,0.2820512692307692,0.71875,0.6458333333333334,0.81,23,0.7179487307692308,0.7072463913043479,0.3764769959246011,0.6868415726704047,0.2878592288871493,0.15621390733524143,28.0,35.0,15.0,False,False,False,False,True
502,crustbench,crustbench-tisp,crustbench/crustbench-tisp,difficult;unique_unpredictable,0.5235304487179487,0.6035304487179488,hard,0.7115384615384617,0.13541666666666666,0.875,0.53,26,0.2884615384615384,0.2884615384615384,0.3400530762609804,0.4378795928475826,0.1449077710262387,0.30643814780897294,84.0,13.0,40.0,False,True,False,True,False
503,crustbench,crustbench-ltre,crustbench/crustbench-ltre,unique_unpredictable,0.5568814102564101,0.5968814102564102,medium,0.4326923076923077,0.3333333333333333,0.8541666666666666,0.79,26,0.5673076923076923,0.5673076923076923,0.3728637376628428,0.5087190574516441,0.21719196414637781,0.28014910240230606,65.0,15.0,29.0,False,False,False,True,False
504,crustbench,crustbench-libbase122,crustbench/crustbench-libbase122,difficult,0.5460432692307693,0.5860432692307693,hard,0.751923076923077,0.34375,0.375,0.96,22,0.248076923076923,0.2931818181818182,0.4118405071211247,0.5565661017601783,0.22147099353549735,0.07280916804895687,64.0,61.0,32.0,False,True,False,False,False
505,crustbench,crustbench-rhbloom,crustbench/crustbench-rhbloom,unique_unpredictable,0.5280032083333334,0.5680032083333334,medium,0.46217949999999997,0.15625,0.9270833333333334,0.84,26,0.5378205,0.5378205,0.3801865808724458,0.5646783820878708,0.15646787967487302,0.36541357810566477,82.0,8.0,37.0,False,False,False,True,False
506,crustbench,crustbench-fleur,crustbench/crustbench-fleur,difficult,0.5241866987179487,0.5641866987179487,hard,0.8115384615384615,0.22916666666666666,0.484375,0.8,23,0.1884615384615384,0.2130434782608695,0.3733565120178869,0.530904228165303,0.18815251490774967,0.09658716035132997,75.0,51.0,39.0,False,True,False,False,False
507,crustbench,crustbench-utf8,crustbench/crustbench-utf8,unique_unpredictable,0.5144967948717949,0.5544967948717949,medium,0.6461538461538462,0.11458333333333333,0.8854166666666666,0.61,26,0.3538461538461538,0.3538461538461538,0.3477739863217635,0.5005903002390635,0.13354441839025685,0.30929226132683574,86.0,12.0,41.0,False,False,False,True,False
508,crustbench,crustbench-fs-c,crustbench/crustbench-fs-c,difficult;unique_unpredictable,0.4725176282051282,0.5525176282051283,hard,0.7461538461538462,0.041666666666666664,0.9895833333333334,0.16,23,0.2538461538461539,0.2608695652173913,0.2820991489648285,0.0820920189868972,0.03345590861087729,0.5705962542284687,93.0,2.0,54.0,False,True,False,True,False
509,crustbench,crustbench-razz-simulation,crustbench/crustbench-razz-simulation,difficult,0.5067107371794871,0.5467107371794871,hard,0.8153846153846154,0.25,0.4114583333333333,0.75,22,0.1846153846153846,0.2181818181818181,0.3663534850838161,0.594470124267254,0.19663418698140128,0.08358012701710527,73.0,58.0,46.0,False,True,False,False,False
510,crustbench,crustbench-remimu,crustbench/crustbench-remimu,unique_unpredictable,0.4947099391025641,0.5347099391025641,easy,0.2852564230769231,0.3541666666666667,0.84375,0.59,22,0.7147435769230769,0.6992424090909091,0.3442338041427735,0.4176487522288507,0.2314365536521188,0.26390331256839383,63.0,16.0,49.0,False,False,False,True,False
511,crustbench,crustbench-clhash,crustbench/crustbench-clhash,unique_unpredictable,0.49462660256410257,0.5346266025641025,medium,0.3769230769230768,0.28125,0.8958333333333334,0.52,26,0.6230769230769232,0.6230769230769232,0.3388983195678567,0.6157876058909107,0.20416821179530467,0.33294133808163195,70.0,11.0,50.0,False,False,False,True,False
512,crustbench,crustbench-bitset,crustbench/crustbench-bitset,difficult,0.4945264423076923,0.5345264423076923,hard,0.7692307692307693,0.1875,0.484375,0.77,23,0.2307692307692307,0.2608695652173913,0.3703572076355975,0.5115163200574956,0.1729564073341202,0.09658716035132997,79.0,50.0,51.0,False,True,False,False,False
513,crustbench,crustbench-libm17,crustbench/crustbench-libm17,difficult,0.47012019230769236,0.5101201923076923,hard,0.8692307692307693,0.16666666666666666,0.4479166666666667,0.55,22,0.1307692307692307,0.1545454545454545,0.3407575420725693,0.6418874493325379,0.1587278348139457,0.08808627894958598,81.0,54.0,55.0,False,True,False,False,False
514,crustbench,crustbench-skp,crustbench/crustbench-skp,difficult,0.45054567307692306,0.49054567307692304,hard,0.8173076923076924,0.2708333333333333,0.3177083333333333,0.48,22,0.1826923076923076,0.2159090909090909,0.336217720193182,0.554342420719484,0.1982242891238222,0.0375600051278806,71.0,67.0,58.0,False,True,False,False,False
515,crustbench,crustbench-libpgn,crustbench/crustbench-libpgn,difficult,0.44784375,0.48784374999999996,hard,0.85,0.17708333333333334,0.4114583333333333,0.47,22,0.15,0.1772727272727272,0.3356565048620365,0.5980662924336921,0.1723887113647775,0.08358012701710527,80.0,57.0,59.0,False,True,False,False,False
516,crustbench,crustbench-fslib,crustbench/crustbench-fslib,difficult,0.42260016346153845,0.4626001634615384,hard,0.8410256538461539,0.20833333333333334,0.3177083333333333,0.4,23,0.1589743461538461,0.1797101304347826,0.32626403526889,0.5181828345502527,0.1781116897940041,0.0375600051278806,77.0,66.0,63.0,False,True,False,False,False
517,crustbench,crustbench-kairocompiler,crustbench/crustbench-kairocompiler,unique_unpredictable,0.3523028846153846,0.3923028846153846,easy,0.2384615384615384,0.14583333333333334,0.8645833333333334,0.17,26,0.7615384615384616,0.7615384615384616,0.282947294734608,0.5889842586338522,0.15090343873984055,0.29865711692531527,83.0,14.0,71.0,False,False,False,True,False
518,crustbench,crustbench-libfor,crustbench/crustbench-libfor,unique_unpredictable,0.344900641025641,0.384900641025641,easy,0.2057692307692307,0.08333333333333333,0.9791666666666666,0.13,22,0.7942307692307693,0.775,0.2737575237654334,0.3981939750586261,0.08478676499663693,0.541019115328405,89.0,3.0,72.0,False,False,False,True,False
519,crustbench,crustbench-c-aces,crustbench/crustbench-c-aces,unique_unpredictable,0.2948701923076923,0.33487019230769227,easy,0.0692307692307692,0.0625,0.96875,0.09,24,0.9307692307692308,0.925,0.171391365010026,0.3578498202124912,0.04077756653999752,0.4529287428081926,91.0,4.0,78.0,False,False,False,True,False
520,crustbench,crustbench-c-blind-rsa-signatures,crustbench/crustbench-c-blind-rsa-signatures,unique_unpredictable,0.28295352564102566,0.32295352564102564,easy,0.0692307692307692,0.010416666666666666,1.0,0.08,24,0.9307692307692308,0.925,0.1613743060919756,-0.2383563000673853,0.006479900665169626,0.6252992226409271,96.0,1.0,81.0,False,False,False,True,False
521,crustbench,crustbench-simple-config,crustbench/crustbench-simple-config,unique_unpredictable,0.2772395833333334,0.31723958333333335,easy,0.10000000000000009,0.09375,0.8177083333333334,0.1,26,0.8999999999999999,0.8999999999999999,0.1941450686788302,0.5005477264908565,0.09737739216161,0.2565478573335239,88.0,19.0,84.0,False,False,False,True,False
522,crustbench,crustbench-libwecan,crustbench/crustbench-libwecan,unique_unpredictable,0.26422595833333334,0.3042259583333333,saturated,0.037820500000000035,0.020833333333333332,0.9479166666666666,0.07,22,0.9621795,0.9553030454545456,0.1147445578992656,0.3080965977434406,0.01913099197609875,0.4400380834976293,95.0,6.0,85.0,False,False,False,True,False
523,crustbench,crustbench-carrays,crustbench/crustbench-carrays,unique_unpredictable,0.22671073717948714,0.2667107371794871,saturated,0.015384615384615219,0.03125,0.8177083333333334,0.05,24,0.9846153846153848,0.9833333333333334,0.0552770798392566,0.2993549098293591,0.020760995046799784,0.2565478573335239,94.0,18.0,90.0,False,False,False,True,False
524,devopsgym,devopsgym-codegen__containerd__containerd-10275,devopsgym/devopsgym-codegen__containerd__containerd-10275,base_representative;difficult;frontier_with_variance;high_composite,0.6787179487179487,0.8187179487179488,frontier,0.9615384615384616,0.6666666666666666,0.5,0.5333333333333333,19,0.0384615384615384,0.0526315789473684,0.223296878269436,0.0756644555229466,0.0348444348678345,0.6999999999999998,2.0,2.0,1.0,True,True,True,False,True
525,devopsgym,devopsgym-testgen__spotbugs__spotbugs-2795,devopsgym/devopsgym-testgen__spotbugs__spotbugs-2795,base_representative,0.671923076923077,0.7319230769230769,medium,0.3076923076923077,1.0,0.5,0.8,19,0.6923076923076923,0.5789473684210527,0.4937279747182557,0.3114366041892658,0.11839834661357387,0.6999999999999998,1.0,3.0,2.0,True,False,False,False,False
526,devopsgym,devopsgym-codegen__prometheus__prometheus-7667,devopsgym/devopsgym-codegen__prometheus__prometheus-7667,unique_unpredictable,0.5051282051282051,0.5451282051282051,easy,0.15384615384615385,0.3333333333333333,1.0,0.6666666666666666,19,0.8461538461538461,0.7894736842105263,0.4076824574955175,-0.2883181091729588,0.01101889196524507,0.9147197134577558,3.0,1.0,3.0,False,False,False,True,False
527,featurebench-modal,featurebench-modal-huggingface__transformers.e2e8dbed.test_tests_fetcher.e1abe0dd.lv1,featurebench-modal/featurebench-modal-huggingface__transformers.e2e8dbed.test_tests_fetcher.e1abe0dd.lv1,base_representative;difficult;high_composite,0.808751768346596,0.908751768346596,hard,0.7288461538461539,0.9942528735632183,0.5862068965517241,0.88,26,0.2711538461538461,0.2711538461538461,0.3908012176490451,0.6039087583830703,0.35261217573556497,0.13067353898570977,2.0,73.0,4.0,True,True,False,False,True
528,featurebench-modal,featurebench-modal-sphinx-doc__sphinx.e347e59c.test_command_line.039d53a2.lv1,featurebench-modal/featurebench-modal-sphinx-doc__sphinx.e347e59c.test_command_line.039d53a2.lv1,base_representative;high_composite,0.8078525608974358,0.8678525608974359,medium,0.564743576923077,1.0,0.6666666666666666,1.0,26,0.435256423076923,0.435256423076923,0.4699137764328663,0.561216222373652,0.35677622104272894,0.15667760407917142,1.0,59.0,6.0,True,False,False,False,True
529,featurebench-modal,featurebench-modal-mwaskom__seaborn.7001ebe7.test_statistics.0f2ae277.lv1,featurebench-modal/featurebench-modal-mwaskom__seaborn.7001ebe7.test_statistics.0f2ae277.lv1,difficult;unique_unpredictable;high_composite,0.8493432802829355,0.9293432802829356,hard,0.7403846153846154,0.9252873563218391,0.8275862068965517,0.89,26,0.2596153846153846,0.2596153846153846,0.4038324173487997,0.4729799281533497,0.28490587794034083,0.24598176091709167,14.0,31.0,1.0,False,True,False,True,True
530,featurebench-modal,featurebench-modal-huggingface__transformers.e2e8dbed.test_processing_wav2vec2.4f660c78.lv1,featurebench-modal/featurebench-modal-huggingface__transformers.e2e8dbed.test_processing_wav2vec2.4f660c78.lv1,difficult;high_composite,0.8083616268788683,0.8483616268788683,hard,0.7365384615384616,0.9655172413793104,0.632183908045977,0.855,25,0.2634615384615384,0.2739999999999999,0.3860362677262332,0.6063509435552279,0.31174555667222004,0.13953003768086902,7.0,65.0,5.0,False,True,False,False,True
531,featurebench-modal,featurebench-modal-mlflow__mlflow.93dab383.test_trace_manager.bb95fbcd.lv1,featurebench-modal/featurebench-modal-mlflow__mlflow.93dab383.test_trace_manager.bb95fbcd.lv1,difficult;high_composite,0.7993189655172414,0.8393189655172414,medium,0.7,0.8908045977011494,0.7011494252873564,0.915,25,0.3,0.312,0.4198285364288616,0.3375654264458574,0.2749381288413325,0.1720244447978595,20.0,53.0,8.0,False,True,False,False,True
532,featurebench-modal,featurebench-modal-pandas-dev__pandas.82fa2715.test_describe.3b919815.lv1,featurebench-modal/featurebench-modal-pandas-dev__pandas.82fa2715.test_describe.3b919815.lv1,difficult;high_composite,0.797513925729443,0.837513925729443,hard,0.8365384615384616,0.7931034482758621,0.6551724137931034,0.98,13,0.1634615384615384,0.3269230769230769,0.4534548508673691,0.286459020092297,0.25593791928484194,0.1433175623295858,37.0,61.0,9.0,False,True,False,False,True
533,featurebench-modal,featurebench-modal-pandas-dev__pandas.82fa2715.test_concat.ebe5de39.lv1,featurebench-modal/featurebench-modal-pandas-dev__pandas.82fa2715.test_concat.ebe5de39.lv1,high_composite,0.8359816566091954,0.8359816566091954,medium,0.6621795000000001,0.9827586206896551,0.7298850574712644,0.96,26,0.3378204999999999,0.3378204999999999,0.4352903956936944,0.537408199017903,0.3440679163337602,0.17983183487152488,4.0,48.0,2.0,False,False,False,False,True
534,featurebench-modal,featurebench-modal-mlflow__mlflow.93dab383.test_databricks_adapter.3b72f337.lv1,featurebench-modal/featurebench-modal-mlflow__mlflow.93dab383.test_databricks_adapter.3b72f337.lv1,unique_unpredictable;high_composite,0.7944783345490716,0.8344783345490716,medium,0.6320512692307692,0.8160919540229885,0.8333333333333334,0.95,25,0.3679487307692308,0.38266668,0.4258450511316735,0.5821571416347211,0.26280651069309885,0.2498689369092595,33.0,30.0,10.0,False,False,False,True,True
535,featurebench-modal,featurebench-modal-astropy__astropy.b0db0daa.test_tilde_path.383d7c0c.lv1,featurebench-modal/featurebench-modal-astropy__astropy.b0db0daa.test_tilde_path.383d7c0c.lv1,difficult;high_composite,0.7915393457117595,0.8315393457117596,hard,0.7230769230769232,0.8390804597701149,0.764367816091954,0.84,26,0.2769230769230769,0.2769230769230769,0.3805943654416302,0.4107987851285253,0.2690221663925309,0.19869073721030817,29.0,42.0,11.0,False,True,False,False,True
536,featurebench-modal,featurebench-modal-linkedin__liger-kernel.c856fbab.test_layer_norm.ed322799.lv1,featurebench-modal/featurebench-modal-linkedin__liger-kernel.c856fbab.test_layer_norm.ed322799.lv1,unique_unpredictable;high_composite,0.7789821019009726,0.8189821019009726,medium,0.6839743846153846,0.764367816091954,0.8218390804597702,0.9,26,0.3160256153846154,0.3160256153846154,0.4046862435516297,0.5528025428412355,0.24302271787086238,0.24550320532505754,42.0,32.0,12.0,False,False,False,True,True
537,featurebench-modal,featurebench-modal-lightning-ai__pytorch-lightning.126fa6f1.test_data.c8b292af.lv1,featurebench-modal/featurebench-modal-lightning-ai__pytorch-lightning.126fa6f1.test_data.c8b292af.lv1,difficult;high_composite,0.778025198938992,0.8180251989389921,hard,0.7673076923076922,0.9712643678160919,0.4540229885057471,0.885,26,0.2326923076923077,0.2326923076923077,0.3944183418685886,0.6252893908148313,0.31539475768675607,0.11093168919672358,6.0,96.0,13.0,False,True,False,False,True
538,featurebench-modal,featurebench-modal-mlflow__mlflow.93dab383.test_utils.3c9647bf.lv1,featurebench-modal/featurebench-modal-mlflow__mlflow.93dab383.test_utils.3c9647bf.lv1,difficult;unique_unpredictable;high_composite,0.7376125142572945,0.8176125142572945,hard,0.7467948846153847,0.47126436781609193,0.9798850574712644,0.94,25,0.2532051153846154,0.26333332,0.4214261478994126,0.2400376572998726,0.15680622903942798,0.33390351986737765,93.0,5.0,27.0,False,True,False,True,True
539,featurebench-modal,featurebench-modal-pypa__packaging.013f3b03.test_metadata.e00b5801.lv1,featurebench-modal/featurebench-modal-pypa__packaging.013f3b03.test_metadata.e00b5801.lv1,high_composite,0.8124016357206012,0.8124016357206012,medium,0.6923076923076923,0.896551724137931,0.7471264367816092,0.925,26,0.3076923076923077,0.3076923076923077,0.4203232061558534,0.5010935028976679,0.2776668885525784,0.1895483007498041,19.0,45.0,3.0,False,False,False,False,True
540,featurebench-modal,featurebench-modal-pandas-dev__pandas.82fa2715.test_merge_antijoin.921feefe.lv1,featurebench-modal/featurebench-modal-pandas-dev__pandas.82fa2715.test_merge_antijoin.921feefe.lv1,difficult;high_composite,0.7705994694960212,0.8105994694960212,hard,0.778846153846154,0.7701149425287356,0.7183908045977011,0.845,26,0.2211538461538461,0.2211538461538461,0.3828468957195946,0.4751313219759118,0.24440983751221176,0.17479360230855334,41.0,50.0,15.0,False,True,False,False,True
541,featurebench-modal,featurebench-modal-linkedin__liger-kernel.c856fbab.test_fused_linear_jsd.4bd46945.lv1,featurebench-modal/featurebench-modal-linkedin__liger-kernel.c856fbab.test_fused_linear_jsd.4bd46945.lv1,high_composite,0.8078143236074271,0.8078143236074271,medium,0.6711538461538461,0.9885057471264368,0.6091954022988506,0.945,26,0.3288461538461539,0.3288461538461539,0.422941411864365,0.6602173254125966,0.3471408696266554,0.1333175255131871,3.0,69.0,7.0,False,False,False,False,True
542,featurebench-modal,featurebench-modal-huggingface__transformers.e2e8dbed.test_tokenization_gpt_sw3.18420a43.lv1,featurebench-modal/featurebench-modal-huggingface__transformers.e2e8dbed.test_tokenization_gpt_sw3.18420a43.lv1,difficult;high_composite,0.7639206454465074,0.8039206454465074,hard,0.7961538461538462,0.8850574712643678,0.603448275862069,0.695,24,0.2038461538461538,0.2208333333333333,0.3145488391684544,0.5084199007530474,0.27450487888391173,0.13234953969095742,21.0,70.0,17.0,False,True,False,False,True
543,featurebench-modal,featurebench-modal-pypa__setuptools.d198e86f.test_bdist_wheel.51482fc6.lv1,featurebench-modal/featurebench-modal-pypa__setuptools.d198e86f.test_bdist_wheel.51482fc6.lv1,difficult;high_composite,0.7567486737400531,0.7967486737400531,hard,0.7846153846153847,0.8333333333333334,0.5747126436781609,0.835,26,0.2153846153846153,0.2153846153846153,0.3665770017675032,0.4097410745924084,0.26529572843988924,0.12623907771795884,30.0,75.0,19.0,False,True,False,False,True
544,featurebench-modal,featurebench-modal-pandas-dev__pandas.82fa2715.test_string.dcfa24ea.lv1,featurebench-modal/featurebench-modal-pandas-dev__pandas.82fa2715.test_string.dcfa24ea.lv1,difficult;unique_unpredictable,0.7139268346595933,0.7939268346595934,hard,0.8096153846153846,0.5459770114942529,0.8017241379310345,0.8,26,0.1903846153846154,0.1903846153846154,0.3497304541107971,0.4365776264961176,0.18488333094862447,0.23540695967477976,80.0,36.0,35.0,False,True,False,True,False
545,featurebench-modal,featurebench-modal-huggingface__transformers.e2e8dbed.test_chat_template_utils.8c88f8ec.lv1,featurebench-modal/featurebench-modal-huggingface__transformers.e2e8dbed.test_chat_template_utils.8c88f8ec.lv1,difficult;high_composite,0.7510895225464191,0.7910895225464192,hard,0.7884615384615385,0.9367816091954023,0.4454022988505747,0.765,26,0.2115384615384615,0.2115384615384615,0.3377834115762564,0.5394059251472352,0.29115247078026896,0.10932724781229353,12.0,97.0,21.0,False,True,False,False,True
546,featurebench-modal,featurebench-modal-pandas-dev__pandas.82fa2715.test_groupby_shift_diff.e13d5358.lv1,featurebench-modal/featurebench-modal-pandas-dev__pandas.82fa2715.test_groupby_shift_diff.e13d5358.lv1,difficult;high_composite,0.7460632183908046,0.7860632183908046,hard,0.825,0.6724137931034483,0.7528735632183908,0.775,26,0.175,0.175,0.340036762718386,0.4493399640854453,0.21775956670679827,0.19033723621632503,58.0,44.0,23.0,False,True,False,False,True
547,featurebench-modal,featurebench-modal-sphinx-doc__sphinx.e347e59c.test_ext_intersphinx.04901873.lv1,featurebench-modal/featurebench-modal-sphinx-doc__sphinx.e347e59c.test_ext_intersphinx.04901873.lv1,difficult;unique_unpredictable,0.7026958411803714,0.7826958411803715,hard,0.8551281923076923,0.4540229885057471,0.9540229885057471,0.61,26,0.1448718076923077,0.1448718076923077,0.2901432690946398,0.3761326157189724,0.1504090603070809,0.3131728608643438,96.0,9.0,43.0,False,True,False,True,False
548,featurebench-modal,featurebench-modal-pydantic__pydantic.e1dcaf9e.test_deprecated_fields.40a2ec54.lv1,featurebench-modal/featurebench-modal-pydantic__pydantic.e1dcaf9e.test_deprecated_fields.40a2ec54.lv1,difficult;high_composite,0.7417088859416445,0.7817088859416446,hard,0.7980769230769231,0.6436781609195402,0.7816091954022989,0.81,26,0.2019230769230769,0.2019230769230769,0.3509549525198709,0.2795994856753548,0.20916340046551868,0.2144993534626093,63.0,39.0,25.0,False,True,False,False,True
549,featurebench-modal,featurebench-modal-mlflow__mlflow.93dab383.test_responses_agent.072c4133.lv1,featurebench-modal/featurebench-modal-mlflow__mlflow.93dab383.test_responses_agent.072c4133.lv1,difficult;high_composite,0.7380161361626878,0.7780161361626878,hard,0.8538461538461539,0.9022988505747126,0.25,0.975,12,0.1461538461538461,0.3166666666666666,0.4506168611531925,0.1817315278945387,0.28040912879934204,0.06446634379168514,18.0,132.0,26.0,False,True,False,False,True
550,featurebench-modal,featurebench-modal-sphinx-doc__sphinx.e347e59c.test_build_gettext.2721e644.lv1,featurebench-modal/featurebench-modal-sphinx-doc__sphinx.e347e59c.test_build_gettext.2721e644.lv1,difficult;unique_unpredictable,0.6940004420866489,0.774000442086649,hard,0.8384615384615385,0.4482758620689655,0.8419540229885057,0.78,25,0.1615384615384615,0.168,0.3440581346226244,0.2013739317632771,0.1479487942447504,0.25623262619500664,97.0,29.0,45.0,False,True,False,True,False
551,featurebench-modal,featurebench-modal-huggingface__transformers.e2e8dbed.test_processing_samhq.7732c356.lv1,featurebench-modal/featurebench-modal-huggingface__transformers.e2e8dbed.test_processing_samhq.7732c356.lv1,high_composite,0.7739250663129973,0.7739250663129973,medium,0.6807692307692308,0.8793103448275862,0.7068965517241379,0.795,25,0.3192307692307692,0.324,0.3487463261455237,0.5820933589646627,0.27211369891201054,0.1741275722425203,22.0,52.0,14.0,False,False,False,False,True
552,featurebench-modal,featurebench-modal-mlflow__mlflow.93dab383.test_scorer_description.9163195a.lv1,featurebench-modal/featurebench-modal-mlflow__mlflow.93dab383.test_scorer_description.9163195a.lv1,high_composite,0.770169982316534,0.770169982316534,medium,0.6884615384615385,0.9482758620689655,0.48563218390804597,0.965,25,0.3115384615384615,0.324,0.442971782397028,0.4559912384947065,0.30191676857773886,0.11350834262860332,10.0,91.0,16.0,False,False,False,False,True
553,featurebench-modal,featurebench-modal-huggingface__transformers.e2e8dbed.test_modeling_speech_to_text.e53c8eb4.lv1,featurebench-modal/featurebench-modal-huggingface__transformers.e2e8dbed.test_modeling_speech_to_text.e53c8eb4.lv1,difficult;high_composite,0.7301043324491601,0.7701043324491601,hard,0.851923076923077,0.7586206896551724,0.6494252873563219,0.595,26,0.148076923076923,0.148076923076923,0.2857112478705788,0.5411067196319937,0.23980913339457616,0.141165576923595,43.0,62.0,28.0,False,True,False,False,True
554,featurebench-modal,featurebench-modal-linkedin__liger-kernel.c856fbab.test_multi_token_attention.4c06a35b.lv1,featurebench-modal/featurebench-modal-linkedin__liger-kernel.c856fbab.test_multi_token_attention.4c06a35b.lv1,difficult;unique_unpredictable,0.6900870878647215,0.7700870878647216,hard,0.7935897307692308,0.4942528735632184,0.8908045977011494,0.64,25,0.2064102692307692,0.21466668,0.2978187570542487,0.362624530536746,0.16356881175512555,0.2940629386617858,89.0,20.0,48.0,False,True,False,True,False
555,featurebench-modal,featurebench-modal-sympy__sympy.c1097516.test_nullspace.f14fc970.lv1,featurebench-modal/featurebench-modal-sympy__sympy.c1097516.test_nullspace.f14fc970.lv1,difficult;high_composite,0.7298885941644563,0.7698885941644563,hard,0.8326923076923077,0.6551724137931034,0.7586206896551724,0.685,26,0.1673076923076923,0.1673076923076923,0.3134615384615384,0.5076063496401233,0.21029429496072066,0.19220595090339998,61.0,43.0,29.0,False,True,False,False,True
556,featurebench-modal,featurebench-modal-pandas-dev__pandas.82fa2715.test_info.d8a64ebf.lv1,featurebench-modal/featurebench-modal-pandas-dev__pandas.82fa2715.test_info.d8a64ebf.lv1,difficult;high_composite,0.7260590185676392,0.7660590185676392,hard,0.8846153846153847,0.5574712643678161,0.6781609195402298,0.935,13,0.1153846153846153,0.2307692307692307,0.4213250442347432,0.2778641371639951,0.18729938197561924,0.16054601650205058,78.0,57.0,30.0,False,True,False,False,True
557,featurebench-modal,featurebench-modal-astropy__astropy.b0db0daa.test_compression_failures.48dc420b.lv1,featurebench-modal/featurebench-modal-astropy__astropy.b0db0daa.test_compression_failures.48dc420b.lv1,difficult,0.7229051724137932,0.7629051724137932,hard,0.8,0.9540229885057471,0.27298850574712646,0.805,26,0.2,0.2,0.3508232077228117,0.5545573911052439,0.30866928370841723,0.06977952173314195,9.0,127.0,31.0,False,True,False,False,False
558,featurebench-modal,featurebench-modal-linkedin__liger-kernel.c856fbab.test_poly_norm.7b0e3399.lv1,featurebench-modal/featurebench-modal-linkedin__liger-kernel.c856fbab.test_poly_norm.7b0e3399.lv1,high_composite,0.7601872269009725,0.7601872269009725,medium,0.5967948846153845,0.8218390804597702,0.7413793103448276,0.92,25,0.4032051153846154,0.406,0.4198645390017118,0.4605583345043855,0.2635521638667845,0.18273150441595165,32.0,46.0,18.0,False,False,False,False,True
559,featurebench-modal,featurebench-modal-lightning-ai__pytorch-lightning.126fa6f1.test_connector.825ef3b1.lv1,featurebench-modal/featurebench-modal-lightning-ai__pytorch-lightning.126fa6f1.test_connector.825ef3b1.lv1,difficult,0.7154482758620689,0.755448275862069,hard,0.825,0.7873563218390804,0.5114942528735632,0.705,25,0.175,0.182,0.3202748819373758,0.5449333607975008,0.25578016935355274,0.11530833325421419,38.0,86.0,34.0,False,True,False,False,False
560,featurebench-modal,featurebench-modal-mlflow__mlflow.93dab383.test_genai_eval_utils.2d5441f2.lv1,featurebench-modal/featurebench-modal-mlflow__mlflow.93dab383.test_genai_eval_utils.2d5441f2.lv1,difficult;unique_unpredictable,0.6752336427939877,0.7552336427939877,hard,0.776923076923077,0.40229885057471265,0.9137931034482759,0.745,25,0.223076923076923,0.2319999999999999,0.3328302870833722,0.4048108269730843,0.13383242472588164,0.30122112979980153,105.0,16.0,53.0,False,True,False,True,False
561,featurebench-modal,featurebench-modal-lightning-ai__pytorch-lightning.126fa6f1.test_xla.7c94e7d2.lv1,featurebench-modal/featurebench-modal-lightning-ai__pytorch-lightning.126fa6f1.test_xla.7c94e7d2.lv1,difficult,0.7130103890362511,0.7530103890362512,hard,0.8038461538461539,0.9597701149425287,0.21551724137931033,0.815,25,0.1961538461538461,0.204,0.3535307624521521,0.4864846862067155,0.309143075315753,0.05525368744867931,8.0,137.0,36.0,False,True,False,False,False
562,featurebench-modal,featurebench-modal-lightning-ai__pytorch-lightning.126fa6f1.test_fsdp_integration.61c07610.lv1,featurebench-modal/featurebench-modal-lightning-ai__pytorch-lightning.126fa6f1.test_fsdp_integration.61c07610.lv1,high_composite,0.7527703359858533,0.7527703359858533,medium,0.46923076923076923,0.8735632183908046,0.7758620689655172,0.905,26,0.5307692307692308,0.5307692307692308,0.4088155788552986,0.6069645430461431,0.2712077851386079,0.20882532612383398,23.0,40.0,20.0,False,False,False,False,True
563,featurebench-modal,featurebench-modal-sympy__sympy.c1097516.test_runtests_pytest.71d43c5f.lv1,featurebench-modal/featurebench-modal-sympy__sympy.c1097516.test_runtests_pytest.71d43c5f.lv1,unique_unpredictable,0.7104363427276748,0.7504363427276748,medium,0.6698718076923077,0.5977011494252874,0.8160919540229885,0.865,26,0.3301281923076923,0.3301281923076923,0.3897736365568748,0.3697193939299452,0.20045409263523004,0.24167368133109923,71.0,33.0,37.0,False,False,False,True,False
564,featurebench-modal,featurebench-modal-sphinx-doc__sphinx.e347e59c.test_util_nodes.08cdc62d.lv1,featurebench-modal/featurebench-modal-sphinx-doc__sphinx.e347e59c.test_util_nodes.08cdc62d.lv1,high_composite,0.7497210401193634,0.7497210401193634,medium,0.5724358846153847,0.9195402298850575,0.5660919540229885,0.955,26,0.4275641153846153,0.4275641153846153,0.4302886775628594,0.4574535169818774,0.28295306134133974,0.1237149588089641,15.0,77.0,22.0,False,False,False,False,True
565,featurebench-modal,featurebench-modal-pydantic__pydantic.e1dcaf9e.test_experimental_arguments_schema.00dc2dd4.lv1,featurebench-modal/featurebench-modal-pydantic__pydantic.e1dcaf9e.test_experimental_arguments_schema.00dc2dd4.lv1,difficult,0.7071122900088418,0.7471122900088418,hard,0.7942307692307693,0.8045977011494253,0.4367816091954023,0.785,26,0.2057692307692307,0.2057692307692307,0.3448318773962741,0.5553503916197549,0.25699770734848854,0.10784677375266027,35.0,99.0,38.0,False,True,False,False,False
566,featurebench-modal,featurebench-modal-netflix__metaflow.b390a8d4.test_stub_generator.7bf08c98.lv1,featurebench-modal/featurebench-modal-netflix__metaflow.b390a8d4.test_stub_generator.7bf08c98.lv1,high_composite,0.7452270114942529,0.7452270114942529,medium,0.44999999999999996,0.9770114942528736,0.5660919540229885,0.995,26,0.55,0.55,0.466162731573098,0.64160138012066,0.33399731977736385,0.1237149588089641,5.0,76.0,24.0,False,False,False,False,True
567,featurebench-modal,featurebench-modal-mwaskom__seaborn.7001ebe7.test_bar.123ed709.lv1,featurebench-modal/featurebench-modal-mwaskom__seaborn.7001ebe7.test_bar.123ed709.lv1,difficult,0.7048326702033598,0.7448326702033599,hard,0.8173076923076924,0.9080459770114943,0.23275862068965517,0.83,25,0.1826923076923076,0.19,0.3655133376499413,0.5842585035289228,0.28084089273890994,0.06149386900428411,17.0,135.0,39.0,False,True,False,False,False
568,featurebench-modal,featurebench-modal-astropy__astropy.b0db0daa.test_converter.2ef0539f.lv1,featurebench-modal/featurebench-modal-astropy__astropy.b0db0daa.test_converter.2ef0539f.lv1,difficult,0.7041476569407603,0.7441476569407603,hard,0.8211538461538462,0.7471264367816092,0.5804597701149425,0.615,26,0.1788461538461538,0.1788461538461538,0.2902827126344899,0.4759817968092615,0.2348680697768973,0.12953965830927128,45.0,74.0,40.0,False,True,False,False,False
569,featurebench-modal,featurebench-modal-pypa__hatch.ff4b4040.test_fmt.782c88a8.lv1,featurebench-modal/featurebench-modal-pypa__hatch.ff4b4040.test_fmt.782c88a8.lv1,difficult,0.7037347448054819,0.743734744805482,hard,0.789743576923077,0.9425287356321839,0.1896551724137931,0.86,26,0.210256423076923,0.210256423076923,0.389034457605589,0.6103055897564282,0.30037692991276543,0.049180530148373536,11.0,142.0,41.0,False,True,False,False,False
570,featurebench-modal,featurebench-modal-huggingface__accelerate.a73fd3a1.test_big_modeling.a10a845e.lv1,featurebench-modal/featurebench-modal-huggingface__accelerate.a73fd3a1.test_big_modeling.a10a845e.lv1,difficult,0.702724801061008,0.742724801061008,hard,0.7826923076923077,0.9310344827586207,0.23275862068965517,0.82,26,0.2173076923076923,0.2173076923076923,0.3592037957259156,0.6463339823673933,0.28714206001501125,0.06149386900428411,13.0,134.0,42.0,False,True,False,False,False
571,featurebench-modal,featurebench-modal-astropy__astropy.b0db0daa.test_containers.6079987d.lv1,featurebench-modal/featurebench-modal-astropy__astropy.b0db0daa.test_containers.6079987d.lv1,difficult,0.6982046861184792,0.7382046861184792,hard,0.8076923076923077,0.8505747126436781,0.3563218390804598,0.73,26,0.1923076923076923,0.1923076923076923,0.3304112553063774,0.559114603138035,0.2698963629641876,0.09320072723588546,27.0,113.0,44.0,False,True,False,False,False
572,featurebench-modal,featurebench-modal-astropy__astropy.b0db0daa.test_tiled_compression.a4fe298a.lv1,featurebench-modal/featurebench-modal-astropy__astropy.b0db0daa.test_tiled_compression.a4fe298a.lv1,difficult,0.693236074270557,0.733236074270557,hard,0.8634615384615385,0.8103448275862069,0.25,0.875,13,0.1365384615384615,0.273076923076923,0.3905693007626494,0.2726232114137911,0.25969985665419426,0.06446634379168514,34.0,131.0,46.0,False,True,False,False,False
573,featurebench-modal,featurebench-modal-mlflow__mlflow.93dab383.test_client.42de781c.lv1,featurebench-modal/featurebench-modal-mlflow__mlflow.93dab383.test_client.42de781c.lv1,difficult;unique_unpredictable,0.6531993842838196,0.7331993842838197,hard,0.8294871923076923,0.3620689655172414,0.9224137931034483,0.59,25,0.1705128076923077,0.17733332,0.2853021716940437,0.3770799603260231,0.11971405982499843,0.30162886130620936,112.0,14.0,62.0,False,True,False,True,False
574,featurebench-modal,featurebench-modal-sphinx-doc__sphinx.e347e59c.test_ext_napoleon_docstring.50dabe1f.lv1,featurebench-modal/featurebench-modal-sphinx-doc__sphinx.e347e59c.test_ext_napoleon_docstring.50dabe1f.lv1,difficult,0.6917630383510168,0.7317630383510169,hard,0.8512820384615385,0.603448275862069,0.6149425287356322,0.76,26,0.1487179615384615,0.1487179615384615,0.3345146917953829,0.1103918938589075,0.20050799039838585,0.13380929996489932,70.0,68.0,47.0,False,True,False,False,False
575,featurebench-modal,featurebench-modal-mlflow__mlflow.93dab383.test_ai_command_utils.85dcb487.lv1,featurebench-modal/featurebench-modal-mlflow__mlflow.93dab383.test_ai_command_utils.85dcb487.lv1,difficult;unique_unpredictable,0.6502530946065429,0.730253094606543,hard,0.7692307692307693,0.28160919540229884,0.9425287356321839,0.825,25,0.2307692307692307,0.24,0.3630426972134269,0.1606453859259867,0.08421639801108093,0.3117702354215468,126.0,11.0,64.0,False,True,False,True,False
576,featurebench-modal,featurebench-modal-pandas-dev__pandas.82fa2715.test_nlargest_nsmallest.08e879a9.lv1,featurebench-modal/featurebench-modal-pandas-dev__pandas.82fa2715.test_nlargest_nsmallest.08e879a9.lv1,difficult;unique_unpredictable,0.6459204244031831,0.7259204244031832,hard,0.7769230769230769,0.3793103448275862,0.8017241379310345,0.79,26,0.2230769230769231,0.2230769230769231,0.3467516206026044,0.3881988477077844,0.12724883477753834,0.23540695967477976,109.0,35.0,67.0,False,True,False,True,False
577,featurebench-modal,featurebench-modal-mlflow__mlflow.93dab383.test_abstract_store.e5ff5123.lv1,featurebench-modal/featurebench-modal-mlflow__mlflow.93dab383.test_abstract_store.e5ff5123.lv1,difficult;unique_unpredictable,0.6452296640141468,0.7252296640141469,hard,0.8307692307692308,0.3390804597701149,0.8764367816091954,0.665,24,0.1692307692307692,0.1833333333333333,0.3077697552103231,0.3568630708628792,0.11485870376850763,0.28381787555237437,116.0,22.0,68.0,False,True,False,True,False
578,featurebench-modal,featurebench-modal-mlflow__mlflow.93dab383.test_validation.2e1c5076.lv1,featurebench-modal/featurebench-modal-mlflow__mlflow.93dab383.test_validation.2e1c5076.lv1,difficult,0.6847188296861184,0.7247188296861184,hard,0.7801281923076924,0.8620689655172413,0.2988505747126437,0.755,25,0.2198718076923076,0.22866668,0.333450663537108,0.4533382496596796,0.2708437302209205,0.0798580167926548,25.0,123.0,49.0,False,True,False,False,False
579,featurebench-modal,featurebench-modal-huggingface__transformers.e2e8dbed.test_modeling_vitpose.30ffd86e.lv2,featurebench-modal/featurebench-modal-huggingface__transformers.e2e8dbed.test_modeling_vitpose.30ffd86e.lv2,difficult,0.6844688328912467,0.7244688328912468,hard,0.8634615384615385,0.5344827586206896,0.7241379310344828,0.67,26,0.1365384615384615,0.1365384615384615,0.3080826850512738,0.347691041330973,0.18188627960730075,0.17695461447933214,82.0,49.0,50.0,False,True,False,False,False
580,featurebench-modal,featurebench-modal-huggingface__trl.02a34777.test_data_utils.827a9d15.lv1,featurebench-modal/featurebench-modal-huggingface__trl.02a34777.test_data_utils.827a9d15.lv1,difficult;unique_unpredictable,0.6440657603890363,0.7240657603890364,hard,0.8961538461538462,0.29310344827586204,0.9712643678160919,0.4975,25,0.1038461538461538,0.108,0.2591061558512263,0.2595756842544978,0.09006129744142494,0.3270177828024473,124.0,6.0,70.0,False,True,False,True,False
581,featurebench-modal,featurebench-modal-pandas-dev__pandas.82fa2715.test_struct_accessor.3b465152.lv1,featurebench-modal/featurebench-modal-pandas-dev__pandas.82fa2715.test_struct_accessor.3b465152.lv1,difficult,0.6838130005526083,0.7238130005526083,hard,0.814102576923077,0.5057471264367817,0.7931034482758621,0.7,26,0.185897423076923,0.185897423076923,0.3200124239965804,0.2654635563245568,0.1684233305252275,0.22477768236914075,87.0,37.0,51.0,False,True,False,False,False
582,featurebench-modal,featurebench-modal-pydantic__pydantic.e1dcaf9e.test_titles.e806bda8.lv1,featurebench-modal/featurebench-modal-pydantic__pydantic.e1dcaf9e.test_titles.e806bda8.lv1,difficult,0.6812402772988506,0.7212402772988507,hard,0.8621795,0.7758620689655172,0.3505747126436782,0.71,26,0.1378205,0.1378205,0.3210412232793657,0.3462694422253084,0.24528797482850123,0.09211076967443177,40.0,114.0,52.0,False,True,False,False,False
583,featurebench-modal,featurebench-modal-sphinx-doc__sphinx.e347e59c.test_domain_c.4068b9e8.lv1,featurebench-modal/featurebench-modal-sphinx-doc__sphinx.e347e59c.test_domain_c.4068b9e8.lv1,difficult,0.6726235600132626,0.7126235600132627,hard,0.8166666538461539,0.5517241379310345,0.6724137931034483,0.715,26,0.1833333461538461,0.1833333461538461,0.322284864305924,0.2187258931439886,0.18511257729770153,0.15964080083956356,79.0,58.0,54.0,False,True,False,False,False
584,featurebench-modal,featurebench-modal-lightning-ai__pytorch-lightning.126fa6f1.test_fsdp.744aa3f5.lv1,featurebench-modal/featurebench-modal-lightning-ai__pytorch-lightning.126fa6f1.test_fsdp.744aa3f5.lv1,difficult,0.6724221927497789,0.7124221927497789,hard,0.8807692307692307,0.735632183908046,0.43103448275862066,0.58,26,0.1192307692307692,0.1192307692307692,0.2828688616645675,0.4939048429330549,0.23342908190356812,0.10675056766601243,47.0,100.0,55.0,False,True,False,False,False
585,featurebench-modal,featurebench-modal-mwaskom__seaborn.7001ebe7.test_line.25304a8b.lv1,featurebench-modal/featurebench-modal-mwaskom__seaborn.7001ebe7.test_line.25304a8b.lv1,difficult;unique_unpredictable,0.6287822723253758,0.7087822723253758,hard,0.8576923076923078,0.3103448275862069,0.8419540229885057,0.635,26,0.1423076923076923,0.1423076923076923,0.2963535790014729,0.2232995405520128,0.0943933806102345,0.25623262619500664,121.0,28.0,78.0,False,True,False,True,False
586,featurebench-modal,featurebench-modal-mwaskom__seaborn.7001ebe7.test_algorithms.1f0181c2.lv1,featurebench-modal/featurebench-modal-mwaskom__seaborn.7001ebe7.test_algorithms.1f0181c2.lv1,difficult,0.6647177276746243,0.7047177276746244,hard,0.8423076923076923,0.6206896551724138,0.5545977011494253,0.655,25,0.1576923076923077,0.1639999999999999,0.3031567251439426,0.6791131352882342,0.20259595051859064,0.12090505337903523,67.0,79.0,56.0,False,True,False,False,False
587,featurebench-modal,featurebench-modal-mlflow__mlflow.93dab383.test_security.98fcde1d.lv1,featurebench-modal/featurebench-modal-mlflow__mlflow.93dab383.test_security.98fcde1d.lv1,difficult;unique_unpredictable,0.6226441202475685,0.7026441202475686,hard,0.8384615384615385,0.21264367816091953,0.9224137931034483,0.72,25,0.1615384615384615,0.168,0.3249246066397557,0.4045753561082208,0.07076138338226659,0.30162886130620936,138.0,15.0,85.0,False,True,False,True,False
588,featurebench-modal,featurebench-modal-astropy__astropy.b0db0daa.test_vo.8fd473ce.lv1,featurebench-modal/featurebench-modal-astropy__astropy.b0db0daa.test_vo.8fd473ce.lv1,difficult,0.6612964190981432,0.7012964190981432,hard,0.7884615384615385,0.7413793103448276,0.41379310344827586,0.675,26,0.2115384615384615,0.2115384615384615,0.3092508604265414,0.3826271030122888,0.2334482496732368,0.09815163886923928,46.0,103.0,57.0,False,True,False,False,False
589,featurebench-modal,featurebench-modal-pydata__xarray.97f3a746.test_treenode.aa8ba777.lv1,featurebench-modal/featurebench-modal-pydata__xarray.97f3a746.test_treenode.aa8ba777.lv1,difficult,0.6610079607648098,0.7010079607648099,hard,0.8256410384615385,0.8563218390804598,0.16954022988505746,0.75,26,0.1743589615384615,0.1743589615384615,0.3328596178283064,0.6189469798801333,0.2701115559488695,0.049071314359967255,26.0,146.0,58.0,False,True,False,False,False
590,featurebench-modal,featurebench-modal-pydantic__pydantic.e1dcaf9e.test_pipeline.c9b08962.lv1,featurebench-modal/featurebench-modal-pydantic__pydantic.e1dcaf9e.test_pipeline.c9b08962.lv1,difficult,0.6579429740274094,0.6979429740274095,hard,0.8217948846153846,0.867816091954023,0.1810344827586207,0.69,26,0.1782051153846154,0.1782051153846154,0.3144242141175036,0.4351847411076039,0.270983297986444,0.04917372223772054,24.0,144.0,59.0,False,True,False,False,False
591,featurebench-modal,featurebench-modal-pytest-dev__pytest.68016f0e.raises_group.c28bf36a.lv1,featurebench-modal/featurebench-modal-pytest-dev__pytest.68016f0e.raises_group.c28bf36a.lv1,difficult,0.6564104774535808,0.6964104774535809,hard,0.8365384615384616,0.7528735632183908,0.3390804597701149,0.66,26,0.1634615384615384,0.1634615384615384,0.3043143909195062,0.5567752307678617,0.23684455385069705,0.08642980697915459,44.0,116.0,60.0,False,True,False,False,False
592,featurebench-modal,featurebench-modal-mlflow__mlflow.93dab383.test_databricks_tracing_utils.8ef44eb4.lv1,featurebench-modal/featurebench-modal-mlflow__mlflow.93dab383.test_databricks_tracing_utils.8ef44eb4.lv1,difficult,0.6547223695844385,0.6947223695844386,hard,0.7961538461538462,0.6379310344827587,0.48563218390804597,0.74,25,0.2038461538461538,0.212,0.3323826576569842,0.4144339414894678,0.20893236083563724,0.11350834262860332,64.0,90.0,61.0,False,True,False,False,False
593,featurebench-modal,featurebench-modal-mwaskom__seaborn.7001ebe7.test_scales.d9dcdef6.lv1,featurebench-modal/featurebench-modal-mwaskom__seaborn.7001ebe7.test_scales.d9dcdef6.lv1,difficult,0.6515187886825817,0.6915187886825818,hard,0.8346153846153848,0.7183908045977011,0.32471264367816094,0.735,26,0.1653846153846153,0.1653846153846153,0.3315955688813938,0.3541237274556118,0.22633923795870212,0.08122355881143184,50.0,119.0,63.0,False,True,False,False,False
594,featurebench-modal,featurebench-modal-pandas-dev__pandas.82fa2715.test_list_accessor.7ab0b2ea.lv1,featurebench-modal/featurebench-modal-pandas-dev__pandas.82fa2715.test_list_accessor.7ab0b2ea.lv1,difficult,0.6477393931255526,0.6877393931255527,hard,0.835256423076923,0.6896551724137931,0.382183908045977,0.68,26,0.1647435769230769,0.1647435769230769,0.3111986311837324,0.3797178763445725,0.21926016035986698,0.09545049198059119,55.0,108.0,66.0,False,True,False,False,False
595,featurebench-modal,featurebench-modal-sphinx-doc__sphinx.e347e59c.test_build_html.d253ea54.lv1,featurebench-modal/featurebench-modal-sphinx-doc__sphinx.e347e59c.test_build_html.d253ea54.lv1,difficult;unique_unpredictable,0.6045778072502211,0.6845778072502212,hard,0.8942307692307693,0.25287356321839083,0.8850574712643678,0.475,26,0.1057692307692307,0.1057692307692307,0.2558270611313443,0.1752376613886281,0.07839230145357097,0.28850516940873583,131.0,21.0,87.0,False,True,False,True,False
596,featurebench-modal,featurebench-modal-astropy__astropy.b0db0daa.test_functions.40530bf7.lv1,featurebench-modal/featurebench-modal-astropy__astropy.b0db0daa.test_functions.40530bf7.lv1,difficult,0.64240649867374,0.68240649867374,hard,0.8153846153846154,0.6954022988505747,0.3936781609195402,0.645,26,0.1846153846153846,0.1846153846153846,0.2983187604563895,0.5805589606677187,0.2200163822614497,0.096971244440208,54.0,106.0,71.0,False,True,False,False,False
597,featurebench-modal,featurebench-modal-lightning-ai__pytorch-lightning.126fa6f1.test_seed.1eaa1d46.lv1,featurebench-modal/featurebench-modal-lightning-ai__pytorch-lightning.126fa6f1.test_seed.1eaa1d46.lv1,difficult;unique_unpredictable,0.6006799292661361,0.6806799292661362,hard,0.9038461538461539,0.22988505747126436,0.9310344827586207,0.41,26,0.0961538461538461,0.0961538461538461,0.2248602458806687,0.5339146219780039,0.07290148170552808,0.30638236761651905,135.0,13.0,90.0,False,True,False,True,False
598,featurebench-modal,featurebench-modal-pandas-dev__pandas.82fa2715.test_reduction.3ac3b298.lv1,featurebench-modal/featurebench-modal-pandas-dev__pandas.82fa2715.test_reduction.3ac3b298.lv1,difficult,0.6403680403404067,0.6803680403404068,hard,0.8525641153846154,0.7988505747126436,0.21551724137931033,0.625,26,0.1474358846153846,0.1474358846153846,0.2932536344458794,0.3896540495788,0.25634712849698643,0.05525368744867931,36.0,138.0,72.0,False,True,False,False,False
599,featurebench-modal,featurebench-modal-astropy__astropy.b0db0daa.test_comparison.445d81a3.lv1,featurebench-modal/featurebench-modal-astropy__astropy.b0db0daa.test_comparison.445d81a3.lv1,difficult,0.6392166224580017,0.6792166224580017,hard,0.8461538461538463,0.6781609195402298,0.42528735632183906,0.56,26,0.1538461538461538,0.1538461538461538,0.2790516484187239,0.3023897109727934,0.2181855543990763,0.10203502772522433,57.0,101.0,73.0,False,True,False,False,False
600,featurebench-modal,featurebench-modal-linkedin__liger-kernel.c856fbab.test_fused_add_rms_norm.fecadbdf.lv1,featurebench-modal/featurebench-modal-linkedin__liger-kernel.c856fbab.test_fused_add_rms_norm.fecadbdf.lv1,difficult,0.6371786030061891,0.6771786030061892,hard,0.8634615384615385,0.6264367816091954,0.5172413793103449,0.485,25,0.1365384615384615,0.142,0.2587199257884865,0.523076928226253,0.20416110481112487,0.11643646143768283,66.0,85.0,75.0,False,True,False,False,False
601,featurebench-modal,featurebench-modal-huggingface__transformers.e2e8dbed.test_modeling_pixtral.a620bb0b.lv1,featurebench-modal/featurebench-modal-huggingface__transformers.e2e8dbed.test_modeling_pixtral.a620bb0b.lv1,difficult,0.6367007041335101,0.6767007041335101,hard,0.8532051153846154,0.6494252873563219,0.4454022988505747,0.565,26,0.1467948846153846,0.1467948846153846,0.2798816849621567,0.4544249527080216,0.209309620283885,0.10932724781229353,62.0,98.0,76.0,False,True,False,False,False
602,featurebench-modal,featurebench-modal-mwaskom__seaborn.7001ebe7.test_plot.b645d353.lv1,featurebench-modal/featurebench-modal-mwaskom__seaborn.7001ebe7.test_plot.b645d353.lv1,difficult,0.6310156940760389,0.6710156940760389,hard,0.8403846153846154,0.5402298850574713,0.5373563218390804,0.65,26,0.1596153846153846,0.1596153846153846,0.2993644648922725,0.5399478516110859,0.18241142726477824,0.11852832710232575,81.0,82.0,77.0,False,True,False,False,False
603,featurebench-modal,featurebench-modal-mlflow__mlflow.93dab383.test_unity_catalog_rest_store.f47a7d9f.lv1,featurebench-modal/featurebench-modal-mlflow__mlflow.93dab383.test_unity_catalog_rest_store.f47a7d9f.lv1,difficult;frontier_with_variance;unique_unpredictable,0.5472345269672856,0.6672345269672857,frontier,0.9538461538461539,0.040229885057471264,0.9597701149425287,0.365,25,0.0461538461538461,0.048,0.1982321870938218,0.1679906203494376,0.016213037061779834,0.323682605677457,168.0,8.0,117.0,False,True,True,True,False
604,featurebench-modal,featurebench-modal-pandas-dev__pandas.82fa2715.test_http_headers.aafb551e.lv1,featurebench-modal/featurebench-modal-pandas-dev__pandas.82fa2715.test_http_headers.aafb551e.lv1,difficult,0.6270053018346595,0.6670053018346596,hard,0.8282051153846154,0.7816091954022989,0.1235632183908046,0.77,26,0.1717948846153846,0.1717948846153846,0.3395185701848028,0.5357432393010777,0.2546351969213926,0.031230375561648316,39.0,154.0,79.0,False,True,False,False,False
605,featurebench-modal,featurebench-modal-astropy__astropy.b0db0daa.test_table.48eef659.lv1,featurebench-modal/featurebench-modal-astropy__astropy.b0db0daa.test_table.48eef659.lv1,difficult,0.6269742484526968,0.6669742484526968,hard,0.8596153846153847,0.7241379310344828,0.27298850574712646,0.6025,26,0.1403846153846153,0.1403846153846153,0.2875691324136855,0.4084483402856709,0.23040511598514773,0.06977952173314195,49.0,128.0,80.0,False,True,False,False,False
606,featurebench-modal,featurebench-modal-mlflow__mlflow.93dab383.test_dependencies_schema.7019486f.lv1,featurebench-modal/featurebench-modal-mlflow__mlflow.93dab383.test_dependencies_schema.7019486f.lv1,unique_unpredictable,0.6261067607206012,0.6661067607206013,medium,0.6801281923076923,0.22413793103448276,0.9885057471264368,0.87,25,0.3198718076923077,0.32466668,0.3902170453136787,0.2754289297851811,0.07112091740387015,0.3595930269006341,136.0,3.0,81.0,False,False,False,True,False
607,featurebench-modal,featurebench-modal-huggingface__transformers.e2e8dbed.test_feature_extraction_auto.13dd67ea.lv1,featurebench-modal/featurebench-modal-huggingface__transformers.e2e8dbed.test_feature_extraction_auto.13dd67ea.lv1,difficult,0.6253937886825818,0.6653937886825818,hard,0.8596153846153847,0.7298850574712644,0.25862068965517243,0.6025,26,0.1403846153846153,0.1403846153846153,0.2875691324136855,0.3018522574351656,0.2331313368110575,0.06722880862314307,48.0,130.0,82.0,False,True,False,False,False
608,featurebench-modal,featurebench-modal-mlflow__mlflow.93dab383.test_trace_correlation.53c200a6.lv2,featurebench-modal/featurebench-modal-mlflow__mlflow.93dab383.test_trace_correlation.53c200a6.lv2,difficult;unique_unpredictable,0.5848054818744475,0.6648054818744475,hard,0.7769230769230769,0.05172413793103448,0.9798850574712644,0.85,25,0.2230769230769231,0.232,0.3836352434279207,0.1663288362589827,0.024777515034568407,0.33390351986737765,166.0,4.0,95.0,False,True,False,True,False
609,featurebench-modal,featurebench-modal-astropy__astropy.b0db0daa.test_realizations.5b9cf523.lv1,featurebench-modal/featurebench-modal-astropy__astropy.b0db0daa.test_realizations.5b9cf523.lv1,difficult,0.6246200265251989,0.6646200265251989,hard,0.8423076923076923,0.7126436781609196,0.3074712643678161,0.585,26,0.1576923076923077,0.1576923076923077,0.2830779682254953,0.3243055338254749,0.2258347928582272,0.08007782343143355,51.0,122.0,83.0,False,True,False,False,False
610,featurebench-modal,featurebench-modal-huggingface__transformers.e2e8dbed.test_video_processing_auto.c41f8df4.lv1,featurebench-modal/featurebench-modal-huggingface__transformers.e2e8dbed.test_video_processing_auto.c41f8df4.lv1,difficult,0.6238910256410256,0.6638910256410256,hard,0.8442307692307693,0.5747126436781609,0.5287356321839081,0.53,25,0.1557692307692307,0.162,0.2721323207559146,0.3136990563971688,0.19073442081856787,0.11812222826870389,75.0,83.0,84.0,False,True,False,False,False
611,featurebench-modal,featurebench-modal-pydata__xarray.97f3a746.test_backends_chunks.fa55f68a.lv1,featurebench-modal/featurebench-modal-pydata__xarray.97f3a746.test_backends_chunks.fa55f68a.lv1,difficult;unique_unpredictable,0.5825727232537578,0.6625727232537578,hard,0.926923076923077,0.2413793103448276,0.8764367816091954,0.315,26,0.073076923076923,0.073076923076923,0.1783157985075318,0.2012885131029529,0.07692979252876034,0.28381787555237437,133.0,23.0,96.0,False,True,False,True,False
612,featurebench-modal,featurebench-modal-pydata__xarray.97f3a746.test_coordinate_transform.6cacb660.lv1,featurebench-modal/featurebench-modal-pydata__xarray.97f3a746.test_coordinate_transform.6cacb660.lv1,difficult,0.620690100464191,0.6606901004641911,hard,0.8717948846153847,0.41379310344827586,0.6896551724137931,0.57,26,0.1282051153846153,0.1282051153846153,0.2803679277038446,0.547998314250066,0.1385923859432938,0.16250748329918607,103.0,55.0,86.0,False,True,False,False,False
613,featurebench-modal,featurebench-modal-huggingface__transformers.e2e8dbed.test_modeling_speech_to_text.e53c8eb4.lv2,featurebench-modal/featurebench-modal-huggingface__transformers.e2e8dbed.test_modeling_speech_to_text.e53c8eb4.lv2,difficult;unique_unpredictable,0.5798125552608311,0.6598125552608312,hard,0.8423076923076923,0.21839080459770116,0.8591954022988506,0.52,26,0.1576923076923077,0.1576923076923077,0.2666358463451848,0.3688026305542751,0.0710278123133011,0.26496853874148907,137.0,25.0,98.0,False,True,False,True,False
614,featurebench-modal,featurebench-modal-astropy__astropy.b0db0daa.test_basic_rgb.067e927c.lv1,featurebench-modal/featurebench-modal-astropy__astropy.b0db0daa.test_basic_rgb.067e927c.lv1,difficult;unique_unpredictable,0.5731310786914235,0.6531310786914236,hard,0.8538461538461539,0.1781609195402299,0.9942528735632183,0.325,26,0.1461538461538461,0.1461538461538461,0.1802365309824612,0.3737325028916081,0.06090765923998005,0.3855458292594197,144.0,2.0,101.0,False,True,False,True,False
615,featurebench-modal,featurebench-modal-mlflow__mlflow.93dab383.test_tracing.0dc1e3a3.lv1,featurebench-modal/featurebench-modal-mlflow__mlflow.93dab383.test_tracing.0dc1e3a3.lv1,difficult;unique_unpredictable,0.5686023430592396,0.6486023430592397,hard,0.8288461538461539,0.09770114942528736,0.9367816091954023,0.62,25,0.1711538461538461,0.178,0.2915750332247258,0.4081096906200333,0.03285210306547798,0.306550693335082,158.0,12.0,106.0,False,True,False,True,False
616,featurebench-modal,featurebench-modal-lightning-ai__pytorch-lightning.126fa6f1.test_wrappers.d88ce6f6.lv1,featurebench-modal/featurebench-modal-lightning-ai__pytorch-lightning.126fa6f1.test_wrappers.d88ce6f6.lv1,difficult;unique_unpredictable,0.5670466433465959,0.647046643346596,hard,0.9160256538461539,0.20114942528735633,0.896551724137931,0.29,26,0.0839743461538461,0.0839743461538461,0.1629378040586563,0.4136453357438808,0.06597788548343811,0.2968473376736268,140.0,19.0,108.0,False,True,False,True,False
617,featurebench-modal,featurebench-modal-pytest-dev__pytest.68016f0e.test_local.40fb2f1f.lv1,featurebench-modal/featurebench-modal-pytest-dev__pytest.68016f0e.test_local.40fb2f1f.lv1,difficult;frontier_with_variance;unique_unpredictable,0.5260683055923961,0.6460683055923963,frontier,0.9506410384615385,0.05747126436781609,0.9051724137931034,0.28,13,0.0493589615384615,0.098717923076923,0.160988035989521,-0.012469388421711,0.02519454910420512,0.3005293880630877,165.0,18.0,124.0,False,True,True,True,False
618,featurebench-modal,featurebench-modal-huggingface__transformers.e2e8dbed.test_modeling_colpali.370cfbdd.lv1,featurebench-modal/featurebench-modal-huggingface__transformers.e2e8dbed.test_modeling_colpali.370cfbdd.lv1,difficult;frontier_with_variance;unique_unpredictable,0.5250902961980548,0.6450902961980549,frontier,0.9807692307692308,0.011494252873563218,1.0,0.1725,26,0.0192307692307692,0.0192307692307692,0.0961538461538461,0.0832092153849212,0.004034592482886988,0.48934422401275546,173.0,1.0,125.0,False,True,True,True,False
619,featurebench-modal,featurebench-modal-fastapi__fastapi.02e108d1.test_compat.71e8518f.lv1,featurebench-modal/featurebench-modal-fastapi__fastapi.02e108d1.test_compat.71e8518f.lv1,difficult,0.6044916003536693,0.6444916003536694,hard,0.7942307692307692,0.632183908045977,0.3936781609195402,0.575,26,0.2057692307692308,0.2057692307692308,0.2815912623879769,0.603822663971342,0.20864192298446965,0.096971244440208,65.0,107.0,88.0,False,True,False,False,False
620,featurebench-modal,featurebench-modal-matplotlib__matplotlib.86a476d2.test_backend_registry.872ba384.lv1,featurebench-modal/featurebench-modal-matplotlib__matplotlib.86a476d2.test_backend_registry.872ba384.lv1,difficult,0.6025404541335102,0.6425404541335102,hard,0.8525641153846154,0.5,0.5545977011494253,0.505,25,0.1474358846153846,0.15333332,0.2617887097132678,0.635192003878151,0.1642607981621435,0.12090505337903523,88.0,78.0,89.0,False,True,False,False,False
621,featurebench-modal,featurebench-modal-sphinx-doc__sphinx.e347e59c.test_ext_doctest.530dec5f.lv1,featurebench-modal/featurebench-modal-sphinx-doc__sphinx.e347e59c.test_ext_doctest.530dec5f.lv1,difficult;unique_unpredictable,0.5625324933687003,0.6425324933687003,hard,0.926923076923077,0.08620689655172414,0.9655172413793104,0.395,26,0.073076923076923,0.073076923076923,0.2140411396611773,0.2956683065237406,0.031249592574231502,0.3252169383686623,160.0,7.0,111.0,False,True,False,True,False
622,featurebench-modal,featurebench-modal-pydata__xarray.97f3a746.test_range_index.7b95ba66.lv1,featurebench-modal/featurebench-modal-pydata__xarray.97f3a746.test_range_index.7b95ba66.lv1,difficult,0.6002464633068081,0.6402464633068081,hard,0.8923076923076922,0.5632183908045977,0.4051724137931034,0.525,26,0.1076923076923077,0.1076923076923077,0.2673561107228118,0.3971334923037975,0.1876781754506809,0.09744745179037573,77.0,105.0,91.0,False,True,False,False,False
623,featurebench-modal,featurebench-modal-huggingface__transformers.e2e8dbed.test_tokenization_prophetnet.ca02e775.lv1,featurebench-modal/featurebench-modal-huggingface__transformers.e2e8dbed.test_tokenization_prophetnet.ca02e775.lv1,difficult;frontier_with_variance;unique_unpredictable,0.5187186118479222,0.6387186118479223,frontier,0.9692307692307693,0.10344827586206896,0.867816091954023,0.155,25,0.0307692307692307,0.032,0.0926066952223218,0.4646703019780812,0.03547572286254886,0.2799977206065084,157.0,24.0,127.0,False,True,True,True,False
624,featurebench-modal,featurebench-modal-astropy__astropy.b0db0daa.test_quantity_erfa_ufuncs.3fc54395.lv1,featurebench-modal/featurebench-modal-astropy__astropy.b0db0daa.test_quantity_erfa_ufuncs.3fc54395.lv1,difficult,0.5970742705570292,0.6370742705570293,hard,0.8615384615384616,0.6609195402298851,0.3074712643678161,0.49,26,0.1384615384615384,0.1384615384615384,0.2588092898655496,0.3298431555677901,0.21289985994847782,0.08007782343143355,60.0,121.0,92.0,False,True,False,False,False
625,featurebench-modal,featurebench-modal-mlflow__mlflow.93dab383.test_judge_tool_search_traces.cad8fc4b.lv1,featurebench-modal/featurebench-modal-mlflow__mlflow.93dab383.test_judge_tool_search_traces.cad8fc4b.lv1,difficult;frontier_with_variance;unique_unpredictable,0.516291777188329,0.6362917771883291,frontier,0.9846153846153847,0.034482758620689655,0.9482758620689655,0.14,25,0.0153846153846153,0.016,0.0542586398650021,0.3261199859970772,0.011917406200378622,0.3128727329476083,169.0,10.0,128.0,False,True,True,True,False
626,featurebench-modal,featurebench-modal-mlflow__mlflow.93dab383.test_databricks.cbc54e8c.lv1,featurebench-modal/featurebench-modal-mlflow__mlflow.93dab383.test_databricks.cbc54e8c.lv1,difficult,0.5952151856763925,0.6352151856763926,hard,0.8961538461538462,0.6091954022988506,0.3333333333333333,0.4975,25,0.1038461538461538,0.108,0.2591061558512263,0.4268656890960935,0.20082215922227656,0.08246097782361939,69.0,117.0,93.0,False,True,False,False,False
627,featurebench-modal,featurebench-modal-huggingface__transformers.e2e8dbed.test_serve.4e7860c7.lv1,featurebench-modal/featurebench-modal-huggingface__transformers.e2e8dbed.test_serve.4e7860c7.lv1,difficult,0.5940289566755084,0.6340289566755084,hard,0.8692307692307693,0.7011494252873564,0.19827586206896552,0.545,26,0.1307692307692307,0.1307692307692307,0.2780692093833846,0.4747326059020352,0.22484463625442014,0.055221101957364516,53.0,141.0,94.0,False,True,False,False,False
628,featurebench-modal,featurebench-modal-mlflow__mlflow.93dab383.test_assessment.df512d1b.lv1,featurebench-modal/featurebench-modal-mlflow__mlflow.93dab383.test_assessment.df512d1b.lv1,difficult;frontier_with_variance,0.5461326259946949,0.626132625994695,frontier,0.9634615384615385,0.27011494252873564,0.6839080459770115,0.265,12,0.0365384615384615,0.0791666666666666,0.1520119695579558,0.1962432791275818,0.0811594316520075,0.16158062407625828,128.0,56.0,118.0,False,True,True,False,False
629,featurebench-modal,featurebench-modal-lightning-ai__pytorch-lightning.126fa6f1.test_data.12056068.lv1,featurebench-modal/featurebench-modal-lightning-ai__pytorch-lightning.126fa6f1.test_data.12056068.lv1,difficult,0.5815908488063661,0.6215908488063662,hard,0.8788461538461539,0.5862068965517241,0.3448275862068966,0.47,26,0.1211538461538461,0.1211538461538461,0.2550162426663616,0.462325563696518,0.1948246190268684,0.09140972950092696,73.0,115.0,97.0,False,True,False,False,False
630,featurebench-modal,featurebench-modal-linkedin__liger-kernel.c856fbab.test_mini_models.96209d55.lv1,featurebench-modal/featurebench-modal-linkedin__liger-kernel.c856fbab.test_mini_models.96209d55.lv1,difficult;frontier_with_variance;unique_unpredictable,0.5015198938992043,0.6215198938992044,frontier,0.9807692307692308,0.017241379310344827,0.9051724137931034,0.16,12,0.0192307692307692,0.0416666666666666,0.0931694990624912,0.2098472995788876,0.0044305070202861115,0.3005293880630877,172.0,17.0,130.0,False,True,True,True,False
631,featurebench-modal,featurebench-modal-mlflow__mlflow.93dab383.test_numpy_dataset.1beaad57.lv1,featurebench-modal/featurebench-modal-mlflow__mlflow.93dab383.test_numpy_dataset.1beaad57.lv1,difficult,0.5781744063881521,0.6181744063881521,hard,0.8814102692307693,0.6149425287356322,0.26436781609195403,0.51,25,0.1185897307692307,0.12333332,0.2625515715689731,0.4111908957671532,0.2021215834845306,0.06974813219959108,68.0,129.0,99.0,False,True,False,False,False
632,featurebench-modal,featurebench-modal-pydantic__pydantic.e1dcaf9e.test_types_self.3ae7e16d.lv1,featurebench-modal/featurebench-modal-pydantic__pydantic.e1dcaf9e.test_types_self.3ae7e16d.lv1,difficult,0.5761571618037136,0.6161571618037136,hard,0.823076923076923,0.4827586206896552,0.3706896551724138,0.725,26,0.1769230769230769,0.1769230769230769,0.3285254846778864,0.1560160607796639,0.1588867274598045,0.09516775262979982,91.0,111.0,100.0,False,True,False,False,False
633,featurebench-modal,featurebench-modal-huggingface__transformers.e2e8dbed.test_modeling_swin2sr.f5cba486.lv2,featurebench-modal/featurebench-modal-huggingface__transformers.e2e8dbed.test_modeling_swin2sr.f5cba486.lv2,difficult;unique_unpredictable,0.5348888152077808,0.6148888152077808,hard,0.926923076923077,0.13218390804597702,0.8505747126436781,0.295,26,0.073076923076923,0.073076923076923,0.1630424491863588,0.1085373620520377,0.04746977443646154,0.2626251740884773,152.0,27.0,121.0,False,True,False,True,False
634,featurebench-modal,featurebench-modal-astropy__astropy.b0db0daa.test_tree.261bac3c.lv1,featurebench-modal/featurebench-modal-astropy__astropy.b0db0daa.test_tree.261bac3c.lv1,difficult,0.5721299734748011,0.6121299734748011,hard,0.8826923076923077,0.5919540229885057,0.3160919540229885,0.435,26,0.1173076923076923,0.1173076923076923,0.2437457327801262,0.3438939312682966,0.19605357741983875,0.08077360012744728,72.0,120.0,103.0,False,True,False,False,False
635,featurebench-modal,featurebench-modal-mlflow__mlflow.93dab383.test_client_webhooks.75e39b52.lv1,featurebench-modal/featurebench-modal-mlflow__mlflow.93dab383.test_client_webhooks.75e39b52.lv1,difficult;frontier_with_variance;unique_unpredictable,0.49169208985411145,0.6116920898541115,frontier,0.9698718076923077,0.06896551724137931,0.8103448275862069,0.15,25,0.0301281923076923,0.03133332,0.0869635476124197,0.4341697884456687,0.029683374752188824,0.24046125715400146,163.0,34.0,133.0,False,True,True,True,False
636,featurebench-modal,featurebench-modal-huggingface__transformers.e2e8dbed.test_processor_auto.d9626018.lv1,featurebench-modal/featurebench-modal-huggingface__transformers.e2e8dbed.test_processor_auto.d9626018.lv1,difficult,0.5708262599469496,0.6108262599469496,hard,0.9346153846153847,0.6666666666666666,0.03735632183908046,0.63,12,0.0653846153846153,0.1416666666666666,0.2956865833201695,0.1862048467923305,0.21532440598460312,0.0,59.0,167.0,104.0,False,True,False,False,False
637,featurebench-modal,featurebench-modal-pandas-dev__pandas.82fa2715.test_col.a592871d.lv2,featurebench-modal/featurebench-modal-pandas-dev__pandas.82fa2715.test_col.a592871d.lv2,difficult,0.5691761715296199,0.6091761715296199,hard,0.901923076923077,0.5689655172413793,0.29022988505747127,0.48,26,0.098076923076923,0.098076923076923,0.2566353178939574,0.452744219178602,0.18994372867977938,0.0755910929048027,76.0,124.0,105.0,False,True,False,False,False
638,featurebench-modal,featurebench-modal-mlflow__mlflow.93dab383.test_rest_store_webhooks.6d85971c.lv1,featurebench-modal/featurebench-modal-mlflow__mlflow.93dab383.test_rest_store_webhooks.6d85971c.lv1,difficult,0.5681797082228116,0.6081797082228116,hard,0.9096153846153847,0.3333333333333333,0.6264367816091954,0.45,25,0.0903846153846153,0.094,0.2483223711227001,0.3277086202697531,0.11404697587403784,0.13798760432612467,117.0,66.0,107.0,False,True,False,False,False
639,featurebench-modal,featurebench-modal-pandas-dev__pandas.82fa2715.test_sample.5d2ba03e.lv1,featurebench-modal/featurebench-modal-pandas-dev__pandas.82fa2715.test_sample.5d2ba03e.lv1,difficult,0.5641573828470381,0.6041573828470381,hard,0.8923076923076924,0.5172413793103449,0.382183908045977,0.43,26,0.1076923076923076,0.1076923076923076,0.2416658164985386,0.3913838728658254,0.17248924319565032,0.09545049198059119,85.0,109.0,109.0,False,True,False,False,False
640,featurebench-modal,featurebench-modal-mlflow__mlflow.93dab383.test_mlflow.d1847ff9.lv1,featurebench-modal/featurebench-modal-mlflow__mlflow.93dab383.test_mlflow.d1847ff9.lv1,difficult,0.562893457117595,0.602893457117595,hard,0.8807692307692307,0.5114942528735632,0.32471264367816094,0.55,25,0.1192307692307692,0.124,0.2786108397029807,0.1994389147066344,0.17083105008181632,0.08122355881143184,86.0,118.0,110.0,False,True,False,False,False
641,featurebench-modal,featurebench-modal-mlflow__mlflow.93dab383.test_serialization.2c029be6.lv1,featurebench-modal/featurebench-modal-mlflow__mlflow.93dab383.test_serialization.2c029be6.lv1,difficult,0.5607477895667552,0.6007477895667552,hard,0.8576923076923078,0.39655172413793105,0.49712643678160917,0.555,25,0.1423076923076923,0.148,0.2787400222429495,0.4296295067488975,0.1326752831567802,0.11381653689003746,106.0,88.0,112.0,False,True,False,False,False
642,featurebench-modal,featurebench-modal-huggingface__transformers.e2e8dbed.test_modeling_seggpt.f9e83f60.lv1,featurebench-modal/featurebench-modal-huggingface__transformers.e2e8dbed.test_modeling_seggpt.f9e83f60.lv1,difficult,0.5595738284703802,0.5995738284703802,hard,0.9230769230769231,0.43103448275862066,0.45977011494252873,0.42,26,0.0769230769230769,0.0769230769230769,0.227541530119216,0.1020491195156733,0.14331539901126908,0.11152803739319728,100.0,95.0,113.0,False,True,False,False,False
643,featurebench-modal,featurebench-modal-mlflow__mlflow.93dab383.test_span.69efd376.lv1,featurebench-modal/featurebench-modal-mlflow__mlflow.93dab383.test_span.69efd376.lv1,difficult,0.5562608279177719,0.5962608279177719,hard,0.8839743461538462,0.3850574712643678,0.5229885057471264,0.465,25,0.1160256538461538,0.12066668,0.2524229543709081,0.4044882501433187,0.128675885410573,0.1168655979644152,108.0,84.0,114.0,False,True,False,False,False
644,featurebench-modal,featurebench-modal-huggingface__transformers.e2e8dbed.test_candidate_generator.bc0ea399.lv1,featurebench-modal/featurebench-modal-huggingface__transformers.e2e8dbed.test_candidate_generator.bc0ea399.lv1,difficult,0.5558815207780725,0.5958815207780725,hard,0.9173076923076924,0.45977011494252873,0.41954022988505746,0.405,26,0.0826923076923076,0.0826923076923076,0.2231515127287648,0.1783516757629507,0.15475227301848718,0.10198804024067698,95.0,102.0,115.0,False,True,False,False,False
645,featurebench-modal,featurebench-modal-pandas-dev__pandas.82fa2715.test_quantile.f4b69e49.lv1,featurebench-modal/featurebench-modal-pandas-dev__pandas.82fa2715.test_quantile.f4b69e49.lv1,difficult,0.5476085386825817,0.5876085386825818,hard,0.8839743846153847,0.5287356321839081,0.29022988505747127,0.46,26,0.1160256153846153,0.1160256153846153,0.2507459063795116,0.4608496716973677,0.17813600470150517,0.0755910929048027,83.0,125.0,116.0,False,True,False,False,False
646,featurebench-modal,featurebench-modal-pandas-dev__pandas.82fa2715.test_all_methods.c74b49a1.lv1,featurebench-modal/featurebench-modal-pandas-dev__pandas.82fa2715.test_all_methods.c74b49a1.lv1,difficult;frontier_with_variance,0.5032667992926614,0.5832667992926615,frontier,0.9615384615384616,0.47701149425287354,0.07471264367816093,0.515,13,0.0384615384615384,0.0769230769230769,0.2664693550105965,0.1053791902585757,0.15780291727785328,4.440892098500626e-16,92.0,162.0,129.0,False,True,True,False,False
647,featurebench-modal,featurebench-modal-pandas-dev__pandas.82fa2715.test_spec_conformance.3aff206b.lv1,featurebench-modal/featurebench-modal-pandas-dev__pandas.82fa2715.test_spec_conformance.3aff206b.lv1,difficult,0.542783159703802,0.582783159703802,hard,0.8679487307692308,0.5804597701149425,0.16954022988505746,0.535,26,0.1320512692307692,0.1320512692307692,0.273702175910178,0.6083522023203076,0.19238021251861565,0.049071314359967255,74.0,145.0,119.0,False,True,False,False,False
648,featurebench-modal,featurebench-modal-sympy__sympy.c1097516.test_smtlib.69d52b90.lv1,featurebench-modal/featurebench-modal-sympy__sympy.c1097516.test_smtlib.69d52b90.lv1,difficult,0.5427663572060124,0.5827663572060124,hard,0.9230769230769231,0.25862068965517243,0.6609195402298851,0.375,25,0.0769230769230769,0.08,0.2039607805437114,0.5459552604501182,0.07960000238782694,0.1503808886042456,130.0,60.0,120.0,False,True,False,False,False
649,featurebench-modal,featurebench-modal-sphinx-doc__sphinx.e347e59c.test_build_linkcheck.20428c8f.lv1,featurebench-modal/featurebench-modal-sphinx-doc__sphinx.e347e59c.test_build_linkcheck.20428c8f.lv1,difficult;frontier_with_variance,0.49951038903625117,0.5795103890362512,frontier,0.9538461538461539,0.1896551724137931,0.6436781609195402,0.225,26,0.0461538461538461,0.0461538461538461,0.1176068065493896,0.0712814074489245,0.06546939477469173,0.14078994223421049,142.0,63.0,131.0,False,True,True,False,False
650,featurebench-modal,featurebench-modal-mlflow__mlflow.93dab383.test_bedrock_autolog.f008b521.lv1,featurebench-modal/featurebench-modal-mlflow__mlflow.93dab383.test_bedrock_autolog.f008b521.lv1,difficult,0.5312725464190982,0.5712725464190982,hard,0.9365384615384615,0.3505747126436782,0.5057471264367817,0.32,24,0.0634615384615384,0.0687499999999999,0.1801691913174946,0.4732935459908132,0.11547229998526537,0.11476928777496709,114.0,87.0,122.0,False,True,False,False,False
651,featurebench-modal,featurebench-modal-huggingface__transformers.e2e8dbed.test_modeling_vitmatte.2d342386.lv1,featurebench-modal/featurebench-modal-huggingface__transformers.e2e8dbed.test_modeling_vitmatte.2d342386.lv1,difficult;frontier_with_variance,0.49065605979221927,0.5706560597922193,frontier,0.960256423076923,0.1206896551724138,0.6954022988505747,0.23,26,0.0397435769230769,0.0397435769230769,0.1176766330828071,0.2139511308740382,0.041249420785677234,0.1671820966663341,154.0,54.0,134.0,False,True,True,False,False
652,featurebench-modal,featurebench-modal-mlflow__mlflow.93dab383.test_genai_metrics.5f107830.lv1,featurebench-modal/featurebench-modal-mlflow__mlflow.93dab383.test_genai_metrics.5f107830.lv1,difficult,0.5303748894783378,0.5703748894783378,hard,0.9153846153846154,0.3448275862068966,0.5373563218390804,0.31,25,0.0846153846153846,0.088,0.1773583942191629,0.5888345183362754,0.11502612277854665,0.11852832710232575,115.0,81.0,123.0,False,True,False,False,False
653,featurebench-modal,featurebench-modal-huggingface__transformers.e2e8dbed.test_modeling_vits.6379a2ba.lv2,featurebench-modal/featurebench-modal-huggingface__transformers.e2e8dbed.test_modeling_vits.6379a2ba.lv2,difficult;unique_unpredictable,0.48802188328912466,0.5680218832891247,hard,0.9288461538461539,0.005747126436781609,0.8591954022988506,0.26,26,0.0711538461538461,0.0711538461538461,0.1394860600445276,0.1117275556550846,8.278246293784341e-07,0.26496853874148907,174.0,26.0,136.0,False,True,False,True,False
654,featurebench-modal,featurebench-modal-sympy__sympy.c1097516.test_inverse.c240ffe7.lv1,featurebench-modal/featurebench-modal-sympy__sympy.c1097516.test_inverse.c240ffe7.lv1,difficult,0.5245994727011494,0.5645994727011494,hard,0.9371795,0.13793103448275862,0.7701149425287356,0.33,26,0.0628205,0.0628205,0.1858974172413894,0.3999732923646492,0.05041561345941749,0.20689645833780845,151.0,41.0,126.0,False,True,False,False,False
655,featurebench-modal,featurebench-modal-mwaskom__seaborn.7001ebe7.test_relational.f23eb542.lv1,featurebench-modal/featurebench-modal-mwaskom__seaborn.7001ebe7.test_relational.f23eb542.lv1,difficult;frontier_with_variance,0.47289290450928384,0.5528929045092839,frontier,0.9576923076923077,0.27586206896551724,0.4051724137931034,0.2375,26,0.0423076923076923,0.0423076923076923,0.1245702672361665,0.3803449244123753,0.08245650527709575,0.09744745179037573,127.0,104.0,141.0,False,True,True,False,False
656,featurebench-modal,featurebench-modal-huggingface__transformers.e2e8dbed.test_modeling_swin2sr.f5cba486.lv1,featurebench-modal/featurebench-modal-huggingface__transformers.e2e8dbed.test_modeling_swin2sr.f5cba486.lv1,difficult;frontier_with_variance,0.46522325375773654,0.5452232537577366,frontier,0.9730769230769231,0.022988505747126436,0.735632183908046,0.2,26,0.0269230769230769,0.0269230769230769,0.1021224465180904,0.1887040397567374,0.004781907835639669,0.18122400625215584,171.0,47.0,145.0,False,True,True,False,False
657,featurebench-modal,featurebench-modal-astropy__astropy.b0db0daa.test_lombscargle_multiband.78687278.lv1,featurebench-modal/featurebench-modal-astropy__astropy.b0db0daa.test_lombscargle_multiband.78687278.lv1,difficult,0.49714633068081343,0.5371463306808134,hard,0.9307692307692308,0.4425287356321839,0.19827586206896552,0.4,26,0.0692307692307692,0.0692307692307692,0.2144209209964054,0.3364150327414364,0.1449665481951774,0.055221101957364516,98.0,140.0,132.0,False,True,False,False,False
658,featurebench-modal,featurebench-modal-huggingface__transformers.e2e8dbed.test_modeling_vitpose.30ffd86e.lv1,featurebench-modal/featurebench-modal-huggingface__transformers.e2e8dbed.test_modeling_vitpose.30ffd86e.lv1,difficult;frontier_with_variance,0.45579520335985857,0.5357952033598585,frontier,0.9576923076923077,0.12643678160919541,0.5459770114942529,0.2375,26,0.0423076923076923,0.0423076923076923,0.1245702672361665,0.2319934839248019,0.04639458729472167,0.11918805913721853,153.0,80.0,149.0,False,True,True,False,False
659,featurebench-modal,featurebench-modal-lightning-ai__pytorch-lightning.126fa6f1.test_hooks.34620588.lv1,featurebench-modal/featurebench-modal-lightning-ai__pytorch-lightning.126fa6f1.test_hooks.34620588.lv1,difficult,0.4901609163351017,0.5301609163351018,hard,0.891666653846154,0.4885057471264368,0.11206896551724138,0.455,26,0.1083333461538461,0.1083333461538461,0.2489830028009237,0.2472053935680859,0.16213849224278798,0.029825146106240097,90.0,155.0,135.0,False,True,False,False,False
660,featurebench-modal,featurebench-modal-mwaskom__seaborn.7001ebe7.test_regression.ce8c62e2.lv1,featurebench-modal/featurebench-modal-mwaskom__seaborn.7001ebe7.test_regression.ce8c62e2.lv1,difficult,0.4874838638373121,0.5274838638373122,hard,0.8961538461538462,0.20689655172413793,0.49712643678160917,0.445,25,0.1038461538461538,0.108,0.2464467488119898,0.4343987646250228,0.06991789324295854,0.11381653689003746,139.0,89.0,137.0,False,True,False,False,False
661,featurebench-modal,featurebench-modal-huggingface__transformers.e2e8dbed.test_modeling_prompt_depth_anything.2d54afdc.lv1,featurebench-modal/featurebench-modal-huggingface__transformers.e2e8dbed.test_modeling_prompt_depth_anything.2d54afdc.lv1,difficult;frontier_with_variance,0.4460707338638373,0.5260707338638373,frontier,0.9538461538461539,0.3735632183908046,0.10344827586206896,0.34,26,0.0461538461538461,0.0461538461538461,0.194601702164208,0.1721857384025346,0.12416294562797393,0.019693925347801677,110.0,157.0,150.0,False,True,True,False,False
662,featurebench-modal,featurebench-modal-python__mypy.8e2ce962.testconstraints.db380fe7.lv1,featurebench-modal/featurebench-modal-python__mypy.8e2ce962.testconstraints.db380fe7.lv1,difficult;frontier_with_variance,0.44367948717948724,0.5236794871794872,frontier,0.9653846153846154,0.06321839080459771,0.5948275862068966,0.21,26,0.0346153846153846,0.0346153846153846,0.1072104604982027,0.3955933852339188,0.02949978138343578,0.13182983596564746,164.0,72.0,151.0,False,True,True,False,False
663,featurebench-modal,featurebench-modal-mwaskom__seaborn.7001ebe7.test_distributions.f700676d.lv1,featurebench-modal/featurebench-modal-mwaskom__seaborn.7001ebe7.test_distributions.f700676d.lv1,difficult,0.48306366047745364,0.5230636604774537,hard,0.9134615384615385,0.4367816091954023,0.15229885057471265,0.425,25,0.0865384615384615,0.09,0.2280350850198276,0.2394878047700821,0.14460161917125547,0.04193982160429066,99.0,149.0,138.0,False,True,False,False,False
664,featurebench-modal,featurebench-modal-optuna__optuna.e7c6f1dd.test_heartbeat.5ad4d08f.lv1,featurebench-modal/featurebench-modal-optuna__optuna.e7c6f1dd.test_heartbeat.5ad4d08f.lv1,difficult,0.48160322723253757,0.5216032272325376,hard,0.9307692307692308,0.3218390804597701,0.3620689655172414,0.305,26,0.0692307692307692,0.0692307692307692,0.1726918793895665,0.4166759651482437,0.10040834506155244,0.09477050158055544,119.0,112.0,139.0,False,True,False,False,False
665,featurebench-modal,featurebench-modal-huggingface__transformers.e2e8dbed.test_modeling_pixtral.a620bb0b.lv2,featurebench-modal/featurebench-modal-huggingface__transformers.e2e8dbed.test_modeling_pixtral.a620bb0b.lv2,difficult;frontier_with_variance,0.4349808797524315,0.5149808797524315,frontier,0.9615384615384616,0.10919540229885058,0.47701149425287354,0.2475,26,0.0384615384615384,0.0384615384615384,0.1332346775052982,0.1136023925421529,0.03898947768184499,0.11345922192365088,156.0,92.0,152.0,False,True,True,False,False
666,featurebench-modal,featurebench-modal-mlflow__mlflow.93dab383.test_databricks_rest_store.50525c62.lv1,featurebench-modal/featurebench-modal-mlflow__mlflow.93dab383.test_databricks_rest_store.50525c62.lv1,difficult;frontier_with_variance,0.4333437255747126,0.5133437255747126,frontier,0.9871795,0.04597701149425287,0.5948275862068966,0.145,25,0.0128205,0.01333332,0.0653196611544916,0.3890458578336066,0.01991680533336581,0.13182983596564746,167.0,71.0,153.0,False,True,True,False,False
667,featurebench-modal,featurebench-modal-pypa__hatch.ff4b4040.test_config.38d2ef18.lv1,featurebench-modal/featurebench-modal-pypa__hatch.ff4b4040.test_config.38d2ef18.lv1,difficult,0.47303669319186564,0.5130366931918656,hard,0.9423076923076924,0.367816091954023,0.20689655172413793,0.38,26,0.0576923076923076,0.0576923076923076,0.2115384615384615,0.117688418255236,0.12261154295228337,0.05524501405333959,111.0,139.0,140.0,False,True,False,False,False
668,featurebench-modal,featurebench-modal-sphinx-doc__sphinx.e347e59c.test_ext_math.96576214.lv1,featurebench-modal/featurebench-modal-sphinx-doc__sphinx.e347e59c.test_ext_math.96576214.lv1,difficult,0.4726805923961096,0.5126805923961096,hard,0.9365384615384615,0.40804597701149425,0.16091954022988506,0.37,26,0.0634615384615384,0.0634615384615384,0.1997872389027947,0.2656699782941663,0.13763329109402694,0.046501550572672135,104.0,147.0,142.0,False,True,False,False,False
669,featurebench-modal,featurebench-modal-mlflow__mlflow.93dab383.test_tracing.0dc1e3a3.lv2,featurebench-modal/featurebench-modal-mlflow__mlflow.93dab383.test_tracing.0dc1e3a3.lv2,difficult,0.4701114026304155,0.5101114026304155,hard,0.9089743461538462,0.42528735632183906,0.11206896551724138,0.44,25,0.0910256538461538,0.09466668,0.2457966949601593,0.1615168134873378,0.14164299767606447,0.029825146106240097,101.0,156.0,143.0,False,True,False,False,False
670,featurebench-modal,featurebench-modal-huggingface__transformers.e2e8dbed.test_processing_grounding_dino.3d24a7e6.lv1,featurebench-modal/featurebench-modal-huggingface__transformers.e2e8dbed.test_processing_grounding_dino.3d24a7e6.lv1,difficult,0.46690539345711757,0.5069053934571176,hard,0.9192307692307693,0.41954022988505746,0.1810344827586207,0.3,25,0.0807692307692307,0.084,0.1665653025092561,0.4096574482712352,0.1412969883937839,0.04917372223772054,102.0,143.0,144.0,False,True,False,False,False
671,featurebench-modal,featurebench-modal-mlflow__mlflow.93dab383.test_presigned_url_artifact_repo.8d57288e.lv1,featurebench-modal/featurebench-modal-mlflow__mlflow.93dab383.test_presigned_url_artifact_repo.8d57288e.lv1,difficult,0.46515119363395224,0.5051511936339522,hard,0.9288461538461539,0.3275862068965517,0.22413793103448276,0.415,25,0.0711538461538461,0.074,0.2267686045289338,0.3284912874526525,0.11237113326554234,0.06013660991322056,118.0,136.0,146.0,False,True,False,False,False
672,featurebench-modal,featurebench-modal-huggingface__transformers.e2e8dbed.test_processing_git.7342da79.lv1,featurebench-modal/featurebench-modal-huggingface__transformers.e2e8dbed.test_processing_git.7342da79.lv1,difficult,0.46367396109637493,0.503673961096375,hard,0.9346153846153847,0.46551724137931033,0.03735632183908046,0.385,26,0.0653846153846153,0.0653846153846153,0.2129324697794832,0.1862048467923304,0.15506133912222783,0.0,94.0,166.0,147.0,False,True,False,False,False
673,featurebench-modal,featurebench-modal-huggingface__transformers.e2e8dbed.test_modeling_informer.de781186.lv1,featurebench-modal/featurebench-modal-huggingface__transformers.e2e8dbed.test_modeling_informer.de781186.lv1,difficult;frontier_with_variance,0.4225448717948718,0.5025448717948718,frontier,0.9538461538461539,0.3160919540229885,0.14080459770114942,0.255,26,0.0461538461538461,0.0461538461538461,0.1365249180715295,0.2252814358973928,0.1003474791317282,0.040364928267275,120.0,150.0,155.0,False,True,True,False,False
674,featurebench-modal,featurebench-modal-mlflow__mlflow.93dab383.test_unity_catalog_models_artifact_repo.ad6e49d9.lv1,featurebench-modal/featurebench-modal-mlflow__mlflow.93dab383.test_unity_catalog_models_artifact_repo.ad6e49d9.lv1,difficult;frontier_with_variance,0.41785455349248457,0.49785455349248453,frontier,0.9711538461538463,0.23563218390804597,0.2413793103448276,0.215,25,0.0288461538461538,0.03,0.10770329614269,0.2726382901594353,0.0734146433645117,0.06281420542149063,134.0,133.0,157.0,False,True,True,False,False
675,featurebench-modal,featurebench-modal-huggingface__transformers.e2e8dbed.test_modeling_zoedepth.e19636d3.lv1,featurebench-modal/featurebench-modal-huggingface__transformers.e2e8dbed.test_modeling_zoedepth.e19636d3.lv1,difficult;frontier_with_variance,0.417308465959328,0.497308465959328,frontier,0.9615384615384616,0.2988505747126437,0.14080459770114942,0.2475,26,0.0384615384615384,0.0384615384615384,0.1332346775052982,0.131453169859456,0.09006814881756568,0.040364928267275,123.0,151.0,158.0,False,True,True,False,False
676,featurebench-modal,featurebench-modal-astropy__astropy.b0db0daa.test_compressed.8daeb7d6.lv1,featurebench-modal/featurebench-modal-astropy__astropy.b0db0daa.test_compressed.8daeb7d6.lv1,difficult,0.4558755526083113,0.4958755526083113,hard,0.9230769230769231,0.39080459770114945,0.15229885057471265,0.335,26,0.0769230769230769,0.0769230769230769,0.1927686782483333,0.3089398230915054,0.13084101558200212,0.04193982160429066,107.0,148.0,148.0,False,True,False,False,False
677,featurebench-modal,featurebench-modal-pandas-dev__pandas.82fa2715.test_formats.05080a4e.lv1,featurebench-modal/featurebench-modal-pandas-dev__pandas.82fa2715.test_formats.05080a4e.lv1,difficult;frontier_with_variance,0.4067164014146773,0.48671640141467726,frontier,0.951923076923077,0.26436781609195403,0.09482758620689655,0.35,26,0.048076923076923,0.048076923076923,0.1963517101602128,0.1704448626590623,0.07990607887813966,0.018958093712060697,129.0,158.0,160.0,False,True,True,False,False
678,featurebench-modal,featurebench-modal-mlflow__mlflow.93dab383.test_trace.17fde8b0.lv1,featurebench-modal/featurebench-modal-mlflow__mlflow.93dab383.test_trace.17fde8b0.lv1,difficult,0.42976370789124674,0.4697637078912467,hard,0.9256410384615386,0.3563218390804598,0.1235632183908046,0.285,25,0.0743589615384615,0.07733332,0.1626775742791169,0.4514309402258613,0.11624447548808191,0.031230375561648316,113.0,153.0,154.0,False,True,False,False,False
679,featurebench-modal,featurebench-modal-mlflow__mlflow.93dab383.test_file_store_logged_model.a9596c54.lv1,featurebench-modal/featurebench-modal-mlflow__mlflow.93dab383.test_file_store_logged_model.a9596c54.lv1,difficult;frontier_with_variance,0.3810110521662246,0.46101105216622457,frontier,0.9615384615384616,0.14367816091954022,0.03735632183908046,0.54,12,0.0384615384615384,0.0833333333333333,0.2763853991962833,0.3120603920508731,0.052686778112081396,0.0,150.0,170.0,163.0,False,True,True,False,False
680,featurebench-modal,featurebench-modal-scikit-learn__scikit-learn.5741bac9.test_arff_parser.ecde431a.lv1,featurebench-modal/featurebench-modal-scikit-learn__scikit-learn.5741bac9.test_arff_parser.ecde431a.lv1,difficult,0.42037378426171534,0.4603737842617153,hard,0.9442307692307693,0.3045977011494253,0.09482758620689655,0.36,26,0.0557692307692307,0.0557692307692307,0.198226232000849,0.2356375777580424,0.09015603894422505,0.018958093712060697,122.0,159.0,156.0,False,True,False,False,False
681,featurebench-modal,featurebench-modal-mlflow__mlflow.93dab383.test_git_versioning.b91d0418.lv1,featurebench-modal/featurebench-modal-mlflow__mlflow.93dab383.test_git_versioning.b91d0418.lv1,difficult;frontier_with_variance,0.37258244916003536,0.4525824491600353,frontier,0.9730769230769231,0.08045977011494253,0.28160919540229884,0.205,25,0.0269230769230769,0.0279999999999999,0.104,0.080758074128528,0.031126202673173394,0.07351040009970733,161.0,126.0,164.0,False,True,True,False,False
682,featurebench-modal,featurebench-modal-mlflow__mlflow.93dab383.test_scorers.63dc8c7a.lv1,featurebench-modal/featurebench-modal-mlflow__mlflow.93dab383.test_scorers.63dc8c7a.lv1,difficult;frontier_with_variance,0.3698645004420867,0.44986450044208665,frontier,0.9615384615384616,0.19540229885057472,0.03735632183908046,0.345,25,0.0384615384615384,0.04,0.1959591794226542,0.0767676649514718,0.06597220008705597,0.0,141.0,171.0,165.0,False,True,True,False,False
683,featurebench-modal,featurebench-modal-pandas-dev__pandas.82fa2715.test_col.a592871d.lv1,featurebench-modal/featurebench-modal-pandas-dev__pandas.82fa2715.test_col.a592871d.lv1,difficult,0.409328691423519,0.449328691423519,hard,0.9461538461538462,0.2471264367816092,0.13218390804597702,0.355,26,0.0538461538461538,0.0538461538461538,0.1965681898335483,0.1635219258152977,0.07699788011941323,0.037327609360356506,132.0,152.0,159.0,False,True,False,False,False
684,featurebench-modal,featurebench-modal-huggingface__transformers.e2e8dbed.test_modeling_lightglue.3d3d57cb.lv1,featurebench-modal/featurebench-modal-huggingface__transformers.e2e8dbed.test_modeling_lightglue.3d3d57cb.lv1,difficult;frontier_with_variance,0.35730371673297967,0.43730371673297963,frontier,0.9564102692307693,0.1839080459770115,0.08333333333333333,0.22,26,0.0435897307692307,0.0435897307692307,0.1077227939144506,0.4013668253581001,0.06400093664117605,0.00794178105007659,143.0,160.0,166.0,False,True,True,False,False
685,featurebench-modal,featurebench-modal-pandas-dev__pandas.82fa2715.test_iceberg.85771c70.lv1,featurebench-modal/featurebench-modal-pandas-dev__pandas.82fa2715.test_iceberg.85771c70.lv1,difficult,0.3970041998231653,0.4370041998231653,hard,0.9403846153846154,0.28735632183908044,0.08333333333333333,0.27,26,0.0596153846153846,0.0596153846153846,0.1544339731762604,0.3528531496740209,0.08789180138085803,0.00794178105007659,125.0,161.0,161.0,False,True,False,False,False
686,featurebench-modal,featurebench-modal-huggingface__transformers.e2e8dbed.test_modeling_seggpt.f9e83f60.lv2,featurebench-modal/featurebench-modal-huggingface__transformers.e2e8dbed.test_modeling_seggpt.f9e83f60.lv2,difficult,0.39564876215738287,0.43564876215738285,hard,0.9423076923076924,0.07471264367816093,0.3706896551724138,0.275,26,0.0576923076923076,0.0576923076923076,0.1597427665945783,-0.0454841263212638,0.030037711478414626,0.09516775262979982,162.0,110.0,162.0,False,True,False,False,False
687,featurebench-modal,featurebench-modal-scikit-learn__scikit-learn.5741bac9.test_public_functions.28421aef.lv1,featurebench-modal/featurebench-modal-scikit-learn__scikit-learn.5741bac9.test_public_functions.28421aef.lv1,difficult;frontier_with_variance,0.3503766578249337,0.4303766578249337,frontier,0.9692307692307693,0.11494252873563218,0.03735632183908046,0.39,13,0.0307692307692307,0.0615384615384615,0.2131754840084772,0.312060392050873,0.0406372024627603,0.0,155.0,173.0,167.0,False,True,True,False,False
688,featurebench-modal,featurebench-modal-mlflow__mlflow.93dab383.test_ai_command_utils.85dcb487.lv2,featurebench-modal/featurebench-modal-mlflow__mlflow.93dab383.test_ai_command_utils.85dcb487.lv2,difficult;frontier_with_variance,0.3413647214854112,0.42136472148541115,frontier,0.9807692307692308,0.16666666666666666,0.03735632183908046,0.19,25,0.0192307692307692,0.02,0.0979795897113271,0.1053791902585758,0.05802342670705872,0.0,145.0,168.0,168.0,False,True,True,False,False
689,featurebench-modal,featurebench-modal-mlflow__mlflow.93dab383.test_client_webhooks.75e39b52.lv2,featurebench-modal/featurebench-modal-mlflow__mlflow.93dab383.test_client_webhooks.75e39b52.lv2,difficult;frontier_with_variance,0.3413647214854112,0.42136472148541115,frontier,0.9807692307692308,0.16666666666666666,0.03735632183908046,0.19,25,0.0192307692307692,0.02,0.0979795897113271,0.1053791902585758,0.05802342670705872,0.0,146.0,169.0,169.0,False,True,True,False,False
690,featurebench-modal,featurebench-modal-mwaskom__seaborn.7001ebe7.test_plot.b645d353.lv2,featurebench-modal/featurebench-modal-mwaskom__seaborn.7001ebe7.test_plot.b645d353.lv2,difficult;frontier_with_variance,0.3413647214854112,0.42136472148541115,frontier,0.9807692307692308,0.16666666666666666,0.03735632183908046,0.19,25,0.0192307692307692,0.02,0.0979795897113271,0.1053791902585758,0.05802342670705872,0.0,147.0,172.0,170.0,False,True,True,False,False
691,featurebench-modal,featurebench-modal-huggingface__transformers.e2e8dbed.test_modeling_speech_encoder_decoder.b0d78d76.lv1,featurebench-modal/featurebench-modal-huggingface__transformers.e2e8dbed.test_modeling_speech_encoder_decoder.b0d78d76.lv1,difficult;frontier_with_variance,0.3337109858532272,0.4137109858532272,frontier,0.9807692307692308,0.15229885057471265,0.03735632183908046,0.1725,26,0.0192307692307692,0.0192307692307692,0.0961538461538461,0.1053791902585758,0.056942222980798,0.0,148.0,164.0,171.0,False,True,True,False,False
692,featurebench-modal,featurebench-modal-huggingface__transformers.e2e8dbed.test_modeling_time_series_transformer.b0ef2ff5.lv1,featurebench-modal/featurebench-modal-huggingface__transformers.e2e8dbed.test_modeling_time_series_transformer.b0ef2ff5.lv1,difficult;frontier_with_variance,0.3337109858532272,0.4137109858532272,frontier,0.9807692307692308,0.15229885057471265,0.03735632183908046,0.1725,26,0.0192307692307692,0.0192307692307692,0.0961538461538461,0.1053791902585758,0.056942222980798,0.0,149.0,165.0,172.0,False,True,True,False,False
693,featurebench-modal,featurebench-modal-huggingface__transformers.e2e8dbed.test_modeling_mimi.3118abde.lv1,featurebench-modal/featurebench-modal-huggingface__transformers.e2e8dbed.test_modeling_mimi.3118abde.lv1,difficult;frontier_with_variance,0.31259029619805484,0.3925902961980548,frontier,0.9807692307692308,0.09195402298850575,0.03735632183908046,0.1725,26,0.0192307692307692,0.0192307692307692,0.0961538461538461,0.0767676649514717,0.032371439788077536,0.0,159.0,163.0,173.0,False,True,True,False,False
694,featurebench-modal,featurebench-modal-sympy__sympy.c1097516.test_puiseux.cd575f09.lv1,featurebench-modal/featurebench-modal-sympy__sympy.c1097516.test_puiseux.cd575f09.lv1,difficult;frontier_with_variance,0.28772347480106103,0.367723474801061,frontier,0.9923076923076924,0.028735632183908046,0.03735632183908046,0.135,13,0.0076923076923076,0.0153846153846153,0.0532938710021193,0.312060392050873,0.010159300615690075,0.0,170.0,174.0,174.0,False,True,True,False,False
695,featurebench-modal,featurebench-modal-huggingface__trl.02a34777.test_data_utils.827a9d15.lv2,featurebench-modal/featurebench-modal-huggingface__trl.02a34777.test_data_utils.827a9d15.lv2,difficult;frontier_with_variance,0.26634615384615384,0.3463461538461538,frontier,0.9903846153846154,0.0,0.0,0.125,25,0.0096153846153846,0.01,0.0489897948556635,0.0806444276440423,,,,,175.0,False,True,True,False,False
696,featurebench-modal,featurebench-modal-mlflow__mlflow.93dab383.test_log_image.439a816d.lv1,featurebench-modal/featurebench-modal-mlflow__mlflow.93dab383.test_log_image.439a816d.lv1,difficult;frontier_with_variance,0.26634615384615384,0.3463461538461538,frontier,0.9903846153846154,0.0,0.0,0.125,25,0.0096153846153846,0.01,0.0489897948556635,0.3890458578336066,,,,,176.0,False,True,True,False,False
697,featurebench-modal,featurebench-modal-mwaskom__seaborn.7001ebe7.test_algorithms.1f0181c2.lv2,featurebench-modal/featurebench-modal-mwaskom__seaborn.7001ebe7.test_algorithms.1f0181c2.lv2,difficult;frontier_with_variance,0.26634615384615384,0.3463461538461538,frontier,0.9903846153846154,0.0,0.0,0.125,25,0.0096153846153846,0.01,0.0489897948556635,0.3890458578336066,,,,,177.0,False,True,True,False,False
698,featurebench-modal,featurebench-modal-huggingface__transformers.e2e8dbed.test_processing_owlvit.56ec5dc9.lv1,featurebench-modal/featurebench-modal-huggingface__transformers.e2e8dbed.test_processing_owlvit.56ec5dc9.lv1,difficult;frontier_with_variance,0.26484615384615384,0.3448461538461538,frontier,0.9903846153846154,0.0,0.0,0.115,26,0.0096153846153846,0.0096153846153846,0.048076923076923,0.3890458578336066,,,,,178.0,False,True,True,False,False
699,featurebench-modal,featurebench-modal-mesonbuild__meson.f5d81d07.cargotests.8e49c2d0.lv1,featurebench-modal/featurebench-modal-mesonbuild__meson.f5d81d07.cargotests.8e49c2d0.lv1,difficult;frontier_with_variance,0.2645769230769231,0.34457692307692306,frontier,0.9923076923076924,0.0,0.0,0.11,25,0.0076923076923076,0.008,0.0391918358845308,0.3443026310270121,,,,,179.0,False,True,True,False,False
700,featurebench-modal,featurebench-modal-astropy__astropy.b0db0daa.test_basic_rgb.067e927c.lv2,featurebench-modal/featurebench-modal-astropy__astropy.b0db0daa.test_basic_rgb.067e927c.lv2,difficult;frontier_with_variance,0.2638269230769231,0.3438269230769231,frontier,0.9923076923076924,0.0,0.0,0.105,26,0.0076923076923076,0.0076923076923076,0.0384615384615384,-0.1593210512108107,,,,,180.0,False,True,True,False,False
701,featurebench-modal,featurebench-modal-astropy__astropy.b0db0daa.test_tree.261bac3c.lv2,featurebench-modal/featurebench-modal-astropy__astropy.b0db0daa.test_tree.261bac3c.lv2,difficult,0.257875,0.297875,frontier,1.0,0.0,0.0,0.0525,26,0.0,0.0,0.0,,,,,,181.0,False,True,False,False,False
702,featurebench-modal,featurebench-modal-fastapi__fastapi.02e108d1.test_compat.71e8518f.lv2,featurebench-modal/featurebench-modal-fastapi__fastapi.02e108d1.test_compat.71e8518f.lv2,difficult,0.257875,0.297875,frontier,1.0,0.0,0.0,0.0525,26,0.0,0.0,0.0,,,,,,182.0,False,True,False,False,False
703,featurebench-modal,featurebench-modal-lightning-ai__pytorch-lightning.126fa6f1.test_model_parallel.7dec8f24.lv1,featurebench-modal/featurebench-modal-lightning-ai__pytorch-lightning.126fa6f1.test_model_parallel.7dec8f24.lv1,difficult,0.257875,0.297875,frontier,1.0,0.0,0.0,0.0525,26,0.0,0.0,0.0,,,,,,183.0,False,True,False,False,False
704,featurebench-modal,featurebench-modal-lightning-ai__pytorch-lightning.126fa6f1.test_seed.1eaa1d46.lv2,featurebench-modal/featurebench-modal-lightning-ai__pytorch-lightning.126fa6f1.test_seed.1eaa1d46.lv2,difficult,0.257875,0.297875,frontier,1.0,0.0,0.0,0.0525,26,0.0,0.0,0.0,,,,,,184.0,False,True,False,False,False
705,featurebench-modal,featurebench-modal-linkedin__liger-kernel.c856fbab.test_fused_neighborhood_attention.78217be4.lv2,featurebench-modal/featurebench-modal-linkedin__liger-kernel.c856fbab.test_fused_neighborhood_attention.78217be4.lv2,difficult,0.257875,0.297875,frontier,1.0,0.0,0.0,0.0525,26,0.0,0.0,0.0,,,,,,185.0,False,True,False,False,False
706,featurebench-modal,featurebench-modal-matplotlib__matplotlib.86a476d2.test_angle_helper.48e96b5a.lv2,featurebench-modal/featurebench-modal-matplotlib__matplotlib.86a476d2.test_angle_helper.48e96b5a.lv2,difficult,0.257875,0.297875,frontier,1.0,0.0,0.0,0.0525,25,0.0,0.0,0.0,,,,,,186.0,False,True,False,False,False
707,featurebench-modal,featurebench-modal-mesonbuild__meson.f5d81d07.cargotests.8e49c2d0.lv2,featurebench-modal/featurebench-modal-mesonbuild__meson.f5d81d07.cargotests.8e49c2d0.lv2,difficult,0.257875,0.297875,frontier,1.0,0.0,0.0,0.0525,25,0.0,0.0,0.0,,,,,,187.0,False,True,False,False,False
708,featurebench-modal,featurebench-modal-mlflow__mlflow.93dab383.test_config.c63d41b0.lv2,featurebench-modal/featurebench-modal-mlflow__mlflow.93dab383.test_config.c63d41b0.lv2,difficult,0.257875,0.297875,frontier,1.0,0.0,0.0,0.0525,26,0.0,0.0,0.0,,,,,,188.0,False,True,False,False,False
709,featurebench-modal,featurebench-modal-mlflow__mlflow.93dab383.test_evaluation_dataset.4a6528c2.lv1,featurebench-modal/featurebench-modal-mlflow__mlflow.93dab383.test_evaluation_dataset.4a6528c2.lv1,difficult,0.257875,0.297875,frontier,1.0,0.0,0.0,0.0525,25,0.0,0.0,0.0,,,,,,189.0,False,True,False,False,False
710,featurebench-modal,featurebench-modal-mlflow__mlflow.93dab383.test_file_store_logged_model.a9596c54.lv2,featurebench-modal/featurebench-modal-mlflow__mlflow.93dab383.test_file_store_logged_model.a9596c54.lv2,difficult,0.257875,0.297875,frontier,1.0,0.0,0.0,0.0525,12,0.0,0.0,0.0,,,,,,190.0,False,True,False,False,False
711,featurebench-modal,featurebench-modal-mlflow__mlflow.93dab383.test_numpy_dataset.1beaad57.lv2,featurebench-modal/featurebench-modal-mlflow__mlflow.93dab383.test_numpy_dataset.1beaad57.lv2,difficult,0.257875,0.297875,frontier,1.0,0.0,0.0,0.0525,25,0.0,0.0,0.0,,,,,,191.0,False,True,False,False,False
712,featurebench-modal,featurebench-modal-mlflow__mlflow.93dab383.test_trace_manager.bb95fbcd.lv2,featurebench-modal/featurebench-modal-mlflow__mlflow.93dab383.test_trace_manager.bb95fbcd.lv2,difficult,0.257875,0.297875,frontier,1.0,0.0,0.0,0.0525,26,0.0,0.0,0.0,,,,,,192.0,False,True,False,False,False
713,featurebench-modal,featurebench-modal-mlflow__mlflow.93dab383.test_type_hints.12d7e575.lv2,featurebench-modal/featurebench-modal-mlflow__mlflow.93dab383.test_type_hints.12d7e575.lv2,difficult,0.257875,0.297875,frontier,1.0,0.0,0.0,0.0525,25,0.0,0.0,0.0,,,,,,193.0,False,True,False,False,False
714,featurebench-modal,featurebench-modal-mlflow__mlflow.93dab383.test_unity_catalog_oss_rest_store.92593ea2.lv1,featurebench-modal/featurebench-modal-mlflow__mlflow.93dab383.test_unity_catalog_oss_rest_store.92593ea2.lv1,difficult,0.257875,0.297875,frontier,1.0,0.0,0.0,0.0525,25,0.0,0.0,0.0,,,,,,194.0,False,True,False,False,False
715,featurebench-modal,featurebench-modal-mwaskom__seaborn.7001ebe7.test_regression.ce8c62e2.lv2,featurebench-modal/featurebench-modal-mwaskom__seaborn.7001ebe7.test_regression.ce8c62e2.lv2,difficult,0.257875,0.297875,frontier,1.0,0.0,0.0,0.0525,26,0.0,0.0,0.0,,,,,,195.0,False,True,False,False,False
716,featurebench-modal,featurebench-modal-pydata__xarray.97f3a746.test_coordinate_transform.6cacb660.lv2,featurebench-modal/featurebench-modal-pydata__xarray.97f3a746.test_coordinate_transform.6cacb660.lv2,difficult,0.257875,0.297875,frontier,1.0,0.0,0.0,0.0525,13,0.0,0.0,0.0,,,,,,196.0,False,True,False,False,False
717,featurebench-modal,featurebench-modal-pydata__xarray.97f3a746.test_treenode.aa8ba777.lv2,featurebench-modal/featurebench-modal-pydata__xarray.97f3a746.test_treenode.aa8ba777.lv2,difficult,0.257875,0.297875,frontier,1.0,0.0,0.0,0.0525,26,0.0,0.0,0.0,,,,,,197.0,False,True,False,False,False
718,featurebench-modal,featurebench-modal-python__mypy.8e2ce962.testconstraints.db380fe7.lv2,featurebench-modal/featurebench-modal-python__mypy.8e2ce962.testconstraints.db380fe7.lv2,difficult,0.257875,0.297875,frontier,1.0,0.0,0.0,0.0525,26,0.0,0.0,0.0,,,,,,198.0,False,True,False,False,False
719,featurebench-modal,featurebench-modal-scikit-learn__scikit-learn.5741bac9.test_predict_error_display.11cc0c3a.lv1,featurebench-modal/featurebench-modal-scikit-learn__scikit-learn.5741bac9.test_predict_error_display.11cc0c3a.lv1,difficult,0.257875,0.297875,frontier,1.0,0.0,0.0,0.0525,26,0.0,0.0,0.0,,,,,,199.0,False,True,False,False,False
720,featurebench-modal,featurebench-modal-sympy__sympy.c1097516.test_puiseux.cd575f09.lv2,featurebench-modal/featurebench-modal-sympy__sympy.c1097516.test_puiseux.cd575f09.lv2,difficult,0.257875,0.297875,frontier,1.0,0.0,0.0,0.0525,12,0.0,0.0,0.0,,,,,,200.0,False,True,False,False,False
721,gaia,gaia-a56f1527-3abf-41d6-91f8-7296d6336c3f,gaia/gaia-a56f1527-3abf-41d6-91f8-7296d6336c3f,base_representative;high_composite,0.709517128441179,0.769517128441179,medium,0.4692307692307691,1.0,0.379746835443038,0.9818181818181818,20,0.5307692307692309,0.51,0.4264973622427224,0.4974025443555234,0.32977705831760973,0.14587431766063275,1.0,99.0,9.0,True,False,False,False,True
722,gaia,gaia-73c1b9fe-ee1d-4cf4-96ca-35c08f97b054,gaia/gaia-73c1b9fe-ee1d-4cf4-96ca-35c08f97b054,base_representative;high_composite,0.6820576259183854,0.7420576259183853,medium,0.4538461538461539,0.9936708860759493,0.4050632911392405,0.796969696969697,20,0.5461538461538461,0.53,0.3809199390948182,0.5102312420458487,0.31875920621437265,0.15113342416283682,2.0,95.0,17.0,True,False,False,False,True
723,gaia,gaia-b415aba4-4b68-4fc6-9b89-2c812e55a3e1,gaia/gaia-b415aba4-4b68-4fc6-9b89-2c812e55a3e1,difficult;high_composite,0.7421104054173673,0.7821104054173673,hard,0.8096153846153846,0.6645569620253164,0.7848101265822784,0.7393939393939394,20,0.1903846153846154,0.2475,0.3699577678600625,0.2427755804237086,0.22299768575902665,0.2758039995967001,54.0,35.0,1.0,False,True,False,False,True
724,gaia,gaia-7673d772-ef80-4f0f-a602-1bf4485c9b43,gaia/gaia-7673d772-ef80-4f0f-a602-1bf4485c9b43,difficult;high_composite,0.7334283438080906,0.7734283438080907,hard,0.7615384615384616,0.9493670886075949,0.2721518987341772,0.9515151515151515,20,0.2384615384615384,0.3099999999999999,0.407308237088326,0.624269819843868,0.3007037198015344,0.10478100000807167,9.0,116.0,2.0,False,True,False,False,True
725,gaia,gaia-dc22a632-937f-4e6a-b72f-ba0ff3f5ff97,gaia/gaia-dc22a632-937f-4e6a-b72f-ba0ff3f5ff97,difficult;high_composite,0.7175333053022926,0.7575333053022927,hard,0.8096153846153847,0.9683544303797469,0.19936708860759494,0.8424242424242424,20,0.1903846153846153,0.2475,0.3909843347245513,0.6109570817697343,0.3059316754222484,0.08626501528266683,6.0,128.0,6.0,False,True,False,False,True
726,gaia,gaia-b4cc024b-3f5e-480e-b96a-6656493255b5,gaia/gaia-b4cc024b-3f5e-480e-b96a-6656493255b5,difficult;high_composite,0.7099568469505179,0.7499568469505179,hard,0.8,0.879746835443038,0.25,0.9303030303030303,20,0.2,0.26,0.4004996878900157,0.2710710768431881,0.26512675971743177,0.09442819958779392,20.0,119.0,8.0,False,True,False,False,True
727,gaia,gaia-4d51c4bf-4b0e-4f3d-897b-3f6687a7d9f2,gaia/gaia-4d51c4bf-4b0e-4f3d-897b-3f6687a7d9f2,high_composite,0.729052845888289,0.729052845888289,medium,0.6461538461538462,0.8544303797468354,0.6265822784810127,0.7454545454545455,20,0.3538461538461538,0.37,0.3702701716314723,0.7339753442354402,0.2627000337193263,0.2059338368800373,24.0,60.0,3.0,False,False,False,False,True
728,gaia,gaia-f2feb6a4-363c-4c09-a804-0db564eafd68,gaia/gaia-f2feb6a4-363c-4c09-a804-0db564eafd68,difficult;unique_unpredictable,0.6483132690094715,0.7283132690094716,hard,0.7615384615384616,0.47468354430379744,0.8544303797468354,0.5212121212121212,20,0.2384615384615384,0.28,0.3370459909270543,0.4780899642664645,0.16826584152030497,0.338777536805834,84.0,24.0,31.0,False,True,False,True,False
729,gaia,gaia-9e1fc53b-46ff-49a1-9d05-9e6faac34cc5,gaia/gaia-9e1fc53b-46ff-49a1-9d05-9e6faac34cc5,high_composite,0.7277679915021686,0.7277679915021686,medium,0.6692307692307693,0.9367088607594937,0.4177215189873418,0.8545454545454545,20,0.3307692307692307,0.37,0.391279950930277,0.6792775521433878,0.29497161954642553,0.15678828182067117,11.0,93.0,4.0,False,False,False,False,True
730,gaia,gaia-114d5fd0-e2ae-4b6d-a65a-870da2d19c08,gaia/gaia-114d5fd0-e2ae-4b6d-a65a-870da2d19c08,high_composite,0.7212880632026202,0.7212880632026202,medium,0.5788461538461539,0.9113924050632911,0.6012658227848101,0.7151515151515152,20,0.4211538461538461,0.4274999999999999,0.3679249244071404,0.4433982851528533,0.28833625769751825,0.20000923398972736,15.0,64.0,5.0,False,False,False,False,True
731,gaia,gaia-e2d69698-bc99-4e85-9880-67eaccd66e6c,gaia/gaia-e2d69698-bc99-4e85-9880-67eaccd66e6c,difficult;high_composite,0.6799692396211383,0.7199692396211383,hard,0.7384615384615385,0.8860759493670886,0.25,0.8181818181818182,20,0.2615384615384615,0.3099999999999999,0.3871692136521187,0.3157363046552229,0.27036098342802933,0.09442819958779392,19.0,120.0,18.0,False,True,False,False,True
732,gaia,gaia-d1af70ea-a9a4-421a-b9cc-94b5e02f1788,gaia/gaia-d1af70ea-a9a4-421a-b9cc-94b5e02f1788,high_composite,0.7155988315481987,0.7155988315481987,medium,0.46923076923076923,0.8987341772151899,0.5949367088607594,0.9,20,0.5307692307692308,0.5399999999999999,0.3954743986657038,0.5633825770377395,0.28602178795140515,0.19982052031919872,17.0,65.0,7.0,False,False,False,False,True
733,gaia,gaia-8f80e01c-1296-4371-9486-bb3d68651a60,gaia/gaia-8f80e01c-1296-4371-9486-bb3d68651a60,difficult;high_composite,0.6741370496592015,0.7141370496592016,hard,0.8173076923076924,0.7341772151898734,0.41139240506329117,0.7333333333333333,20,0.1826923076923076,0.2375,0.3684002578717881,0.6721216298249651,0.23643569258015434,0.15351284352776018,43.0,94.0,21.0,False,True,False,False,True
734,gaia,gaia-c8b7e059-c60d-472e-ad64-3b04ae1166dc,gaia/gaia-c8b7e059-c60d-472e-ad64-3b04ae1166dc,difficult;high_composite,0.6698380100911747,0.7098380100911748,hard,0.7615384615384616,0.8924050632911392,0.2848101265822785,0.6393939393939394,20,0.2384615384615384,0.28,0.354400902933387,0.3864820023249489,0.27145243738868136,0.11134907137984296,18.0,114.0,22.0,False,True,False,False,True
735,gaia,gaia-4fc2f1ae-8625-45b5-ab34-ad4433bc21f8,gaia/gaia-4fc2f1ae-8625-45b5-ab34-ad4433bc21f8,high_composite,0.7044870319553863,0.7044870319553863,medium,0.3615384615384615,0.9240506329113924,0.6645569620253164,0.8303030303030303,20,0.6384615384615385,0.62,0.3893584466786357,0.4923903175541379,0.2921692474292454,0.21576805958761525,13.0,54.0,10.0,False,False,False,False,True
736,gaia,gaia-a0c07678-e491-4bbc-8f0b-07405144218f,gaia/gaia-a0c07678-e491-4bbc-8f0b-07405144218f,difficult;high_composite,0.6643237142604231,0.7043237142604232,hard,0.7653846153846154,0.9050632911392406,0.19936708860759494,0.7090909090909091,20,0.2346153846153846,0.275,0.3672533185690771,0.6716116124422632,0.2878374636416159,0.08626501528266683,16.0,127.0,23.0,False,True,False,False,True
737,gaia,gaia-d0633230-7067-47a9-9dbf-ee11e0a2cdd6,gaia/gaia-d0633230-7067-47a9-9dbf-ee11e0a2cdd6,high_composite,0.702998141099407,0.702998141099407,medium,0.6692307692307693,0.7658227848101266,0.7215189873417721,0.5818181818181818,20,0.3307692307692307,0.3625,0.3488821434238215,0.6712128719485894,0.24295549828679722,0.2471784593141385,38.0,45.0,11.0,False,False,False,False,True
738,gaia,gaia-50f58759-7bd6-406f-9b0d-5692beb2a926,gaia/gaia-50f58759-7bd6-406f-9b0d-5692beb2a926,difficult;high_composite,0.6609340975480216,0.7009340975480216,hard,0.7615384615384616,0.7468354430379747,0.5348101265822784,0.503030303030303,20,0.2384615384615384,0.2799999999999999,0.3310589071449369,0.5977695269840189,0.23780215747831723,0.1814662499777615,41.0,75.0,25.0,False,True,False,False,True
739,gaia,gaia-e8cb5b03-41e0-4086-99e5-f6806cd97211,gaia/gaia-e8cb5b03-41e0-4086-99e5-f6806cd97211,high_composite,0.6990269540585996,0.6990269540585996,medium,0.4461538461538461,0.9746835443037974,0.4272151898734177,0.9303030303030303,20,0.5538461538461539,0.54,0.4004996878900157,0.7063215455016536,0.3127183153050414,0.16019369079881585,5.0,92.0,12.0,False,False,False,False,True
740,gaia,gaia-0bb3b44a-ede5-4db5-a520-4e844b0079c5,gaia/gaia-0bb3b44a-ede5-4db5-a520-4e844b0079c5,high_composite,0.6980385279277683,0.6980385279277683,medium,0.4865384615384616,0.7911392405063291,0.6962025316455697,0.8363636363636363,20,0.5134615384615384,0.5175000000000001,0.390280347955159,0.325542124160069,0.25120946858489823,0.23545773290164018,34.0,49.0,13.0,False,False,False,False,True
741,gaia,gaia-e0c10771-d627-4fd7-9694-05348e54ee36,gaia/gaia-e0c10771-d627-4fd7-9694-05348e54ee36,unique_unpredictable,0.6560552580331062,0.6960552580331062,medium,0.5634615384615385,0.45569620253164556,0.8227848101265823,1.0,26,0.4365384615384616,0.4365384615384616,0.4388704233833832,0.35320787174887,0.16541492410413203,0.3151291460009743,87.0,29.0,26.0,False,False,False,True,False
742,gaia,gaia-7b5377b0-3f38-4103-8ad2-90fe89864c04,gaia/gaia-7b5377b0-3f38-4103-8ad2-90fe89864c04,high_composite,0.6954616269806143,0.6954616269806143,medium,0.5076923076923077,0.8734177215189873,0.5822784810126582,0.7818181818181819,20,0.4923076923076923,0.4899999999999999,0.3766961640367472,0.2860226416635164,0.26464970244926744,0.19319861343363298,21.0,67.0,14.0,False,False,False,False,True
743,gaia,gaia-c3a79cfe-8206-451f-aca8-3fec8ebe51d3,gaia/gaia-c3a79cfe-8206-451f-aca8-3fec8ebe51d3,high_composite,0.6939154200230149,0.6939154200230149,medium,0.6,0.9810126582278481,0.33860759493670883,0.7727272727272727,20,0.4,0.43,0.375632799419859,0.6941644155647625,0.31751692172871093,0.13272107659639987,4.0,106.0,15.0,False,False,False,False,True
744,gaia,gaia-65afbc8a-89ca-4ad5-8d62-355bb401f61d,gaia/gaia-65afbc8a-89ca-4ad5-8d62-355bb401f61d,unique_unpredictable,0.6486527396653979,0.688652739665398,medium,0.3615384615384615,0.7151898734177216,0.8354430379746836,0.6606060606060606,20,0.6384615384615385,0.6200000000000001,0.357211421989835,0.7091230179015431,0.23222206998175118,0.3207214257359552,46.0,27.0,29.0,False,False,False,True,False
745,gaia,gaia-0e9e85b8-52b9-4de4-b402-5f635ab9631f,gaia/gaia-0e9e85b8-52b9-4de4-b402-5f635ab9631f,difficult;unique_unpredictable,0.6073854784456051,0.6873854784456052,hard,0.8365384615384616,0.3037974683544304,0.9240506329113924,0.40606060606060607,20,0.1634615384615384,0.2125,0.2999479121447589,0.2670519954782492,0.12796957391824265,0.40664699085494604,111.0,13.0,55.0,False,True,False,True,False
746,gaia,gaia-cabe07ed-9eca-40ea-8ead-410ef5e83f91,gaia/gaia-cabe07ed-9eca-40ea-8ead-410ef5e83f91,high_composite,0.6859082057183322,0.6859082057183322,medium,0.5615384615384615,0.7025316455696202,0.7658227848101266,0.7212121212121212,20,0.4384615384615384,0.45,0.3681032463861193,0.4319282880794222,0.23126176521431008,0.26778271692444755,48.0,38.0,16.0,False,False,False,False,True
747,gaia,gaia-a7feb290-76bb-4cb7-8800-7edaf7954f2f,gaia/gaia-a7feb290-76bb-4cb7-8800-7edaf7954f2f,difficult,0.6408048596972648,0.6808048596972648,hard,0.7961538461538462,0.569620253164557,0.740506329113924,0.38181818181818183,20,0.2038461538461538,0.235,0.295423424934449,0.5644519273758527,0.20268052300274472,0.25120100930946265,69.0,42.0,37.0,False,True,False,False,False
748,gaia,gaia-840bfca7-4f7b-481a-8794-c560c340185d,gaia/gaia-840bfca7-4f7b-481a-8794-c560c340185d,high_composite,0.6773533902806055,0.6773533902806055,medium,0.6673076923076924,0.9620253164556962,0.11708860759493671,0.9636363636363636,20,0.3326923076923076,0.3725,0.4199627959712622,0.3381788009438074,0.3019932276523822,0.05679165309345402,7.0,140.0,19.0,False,False,False,False,True
749,gaia,gaia-56137764-b4e0-45b8-9c52-1866420c3df5,gaia/gaia-56137764-b4e0-45b8-9c52-1866420c3df5,high_composite,0.6754757900327519,0.6754757900327519,medium,0.42307692307692313,0.8037974683544303,0.689873417721519,0.7727272727272727,20,0.5769230769230769,0.57,0.375632799419859,0.3597243250474304,0.25303367554680756,0.2306365396321166,32.0,50.0,20.0,False,False,False,False,True
750,gaia,gaia-d5141ca5-e7a0-469f-bf3e-e773507c86e2,gaia/gaia-d5141ca5-e7a0-469f-bf3e-e773507c86e2,difficult,0.6241542002301496,0.6641542002301496,medium,0.7,0.620253164556962,0.6518987341772152,0.46060606060606063,20,0.3,0.33,0.3241913015489466,0.5164956155970891,0.21762404418066533,0.2121544113870132,61.0,56.0,45.0,False,True,False,False,False
751,gaia,gaia-5d0080cb-90d7-4712-bc33-848150e917d3,gaia/gaia-5d0080cb-90d7-4712-bc33-848150e917d3,high_composite,0.6616182393555812,0.6616182393555812,medium,0.6250000000000001,0.9177215189873418,0.27848101265822783,0.7636363636363637,20,0.3749999999999999,0.3975,0.3716433101779178,0.4859907386135059,0.28863813747734574,0.10900945990489042,14.0,115.0,24.0,False,False,False,False,True
752,gaia,gaia-de9887f5-ead8-4727-876f-5a4078f8598c,gaia/gaia-de9887f5-ead8-4727-876f-5a4078f8598c,difficult,0.6132767548906789,0.6532767548906789,hard,0.8,0.759493670886076,0.11708860759493671,0.7878787878787878,20,0.2,0.26,0.38,0.2183075892358668,0.2413038683812063,0.05679165309345402,39.0,141.0,50.0,False,True,False,False,False
753,gaia,gaia-983bba7c-c092-455f-b6c9-7857003d48fc,gaia/gaia-983bba7c-c092-455f-b6c9-7857003d48fc,difficult,0.610100177292644,0.650100177292644,hard,0.7025641153846154,0.6392405063291139,0.46835443037974683,0.6242424242424243,20,0.2974358846153846,0.32666665,0.3533333330188754,0.2768887159056034,0.22125041150637517,0.17583198567445113,58.0,85.0,52.0,False,True,False,False,False
754,gaia,gaia-6f37996b-2ac7-44b0-8e68-6d28256631b4,gaia/gaia-6f37996b-2ac7-44b0-8e68-6d28256631b4,difficult,0.6040654598565991,0.6440654598565991,hard,0.7692307692307692,0.22784810126582278,0.7753164556962026,0.9212121212121213,20,0.2307692307692308,0.3,0.3974921382870358,0.3522180618042702,0.10993665188965764,0.27489667877078816,123.0,37.0,56.0,False,True,False,False,False
755,gaia,gaia-04a04a9b-226c-43fd-b319-d5e89743676f,gaia/gaia-04a04a9b-226c-43fd-b319-d5e89743676f,difficult;unique_unpredictable,0.5633283172523679,0.6433283172523679,hard,0.8153846153846154,0.1962025316455696,0.9050632911392406,0.4303030303030303,26,0.1846153846153846,0.1846153846153846,0.3034320449740925,0.1023333337697065,0.10212647413239767,0.38696657424607817,128.0,16.0,63.0,False,True,False,True,False
756,gaia,gaia-2b3ef98c-cc05-450b-a719-711aee40ac65,gaia/gaia-2b3ef98c-cc05-450b-a719-711aee40ac65,difficult,0.5938546738072055,0.6338546738072055,hard,0.8480769230769231,0.44936708860759494,0.6582278481012658,0.4,20,0.1519230769230769,0.1974999999999999,0.2985276369115596,0.4139109356967477,0.16114104097622206,0.21434672478696704,88.0,55.0,57.0,False,True,False,False,False
757,gaia,gaia-4b6bb5f7-f634-410e-815d-e673ab7f8632,gaia/gaia-4b6bb5f7-f634-410e-815d-e673ab7f8632,difficult,0.5920998937771089,0.632099893777109,hard,0.8653846153846154,0.4050632911392405,0.7468354430379747,0.3151515151515151,20,0.1346153846153846,0.175,0.2754541704167864,0.4334996411769428,0.14284299439220174,0.25323736041814326,95.0,41.0,58.0,False,True,False,False,False
758,gaia,gaia-7dd30055-0198-452e-8c25-f73dbe27dcb8,gaia/gaia-7dd30055-0198-452e-8c25-f73dbe27dcb8,difficult;unique_unpredictable,0.5507926883243339,0.630792688324334,hard,0.8923076923076924,0.10126582278481013,1.0,0.2818181818181818,20,0.1076923076923076,0.14,0.2690724809414742,0.1462654723086868,0.04001670396784824,0.6011400352720582,143.0,1.0,69.0,False,True,False,True,False
759,gaia,gaia-ecbc4f94-95a3-4cc7-b255-6741a458a625,gaia/gaia-ecbc4f94-95a3-4cc7-b255-6741a458a625,difficult;unique_unpredictable,0.548033106134372,0.628033106134372,hard,0.7884615384615385,0.25316455696202533,0.8892405063291139,0.26666666666666666,20,0.2115384615384615,0.215,0.2688401011754012,0.4783570428121186,0.11715039439136989,0.3569717486510824,119.0,19.0,71.0,False,True,False,True,False
760,gaia,gaia-08cae58d-4084-4616-b6dd-dd6534e4825b,gaia/gaia-08cae58d-4084-4616-b6dd-dd6534e4825b,difficult;unique_unpredictable,0.5478030671859786,0.6278030671859787,hard,0.7557692307692307,0.24050632911392406,0.8987341772151899,0.3333333333333333,20,0.2442307692307692,0.2575,0.278960122598195,0.2622529205242989,0.11532112227080998,0.37223202716696524,121.0,17.0,72.0,False,True,False,True,False
761,gaia,gaia-e142056d-56ab-4352-b091-b56054bd1359,gaia/gaia-e142056d-56ab-4352-b091-b56054bd1359,difficult;frontier_with_variance;unique_unpredictable,0.5071996990351422,0.6271996990351423,frontier,0.976923076923077,0.056962025316455694,0.9430379746835443,0.048484848484848485,20,0.023076923076923,0.03,0.0714142842854285,-0.2632721227490002,0.02249282384889502,0.4410487227507819,150.0,10.0,91.0,False,True,True,True,False
762,gaia,gaia-5b2a14e8-6e59-479c-80e3-4696e8980152,gaia/gaia-5b2a14e8-6e59-479c-80e3-4696e8980152,difficult,0.585482097016907,0.625482097016907,hard,0.7096153846153845,0.5949367088607594,0.4430379746835443,0.593939393939394,20,0.2903846153846154,0.3175,0.3511676949834651,0.3444778210373108,0.21058466097959985,0.16524028887338837,65.0,89.0,60.0,False,True,False,False,False
763,gaia,gaia-1f975693-876d-457b-a649-393859e79bf3,gaia/gaia-1f975693-876d-457b-a649-393859e79bf3,difficult;frontier_with_variance;unique_unpredictable,0.4942609763654068,0.6142609763654069,frontier,0.951923076923077,0.06329113924050633,0.8892405063291139,0.07878787878787878,20,0.048076923076923,0.0625,0.1312202347201071,0.0713958952277606,0.028160828171051228,0.3569717486510824,149.0,18.0,101.0,False,True,True,True,False
764,gaia,gaia-708b99c5-e4a7-49cb-a5cf-933c8d46470d,gaia/gaia-708b99c5-e4a7-49cb-a5cf-933c8d46470d,difficult;unique_unpredictable,0.5312148136673454,0.6112148136673454,hard,0.7211538461538463,0.10759493670886076,0.9367088607594937,0.5272727272727272,20,0.2788461538461538,0.3025000000000001,0.3370738049745189,0.1002630071607921,0.0418460408477515,0.43308975571793495,142.0,11.0,78.0,False,True,False,True,False
765,gaia,gaia-2dfc4c37-fec1-4518-84a7-10095d30ad75,gaia/gaia-2dfc4c37-fec1-4518-84a7-10095d30ad75,difficult;frontier_with_variance;unique_unpredictable,0.4875148269452067,0.6075148269452068,frontier,0.9692307692307693,0.0759493670886076,0.8417721518987342,0.05454545454545454,20,0.0307692307692307,0.04,0.08,0.2231851939628188,0.028778266699391444,0.33035882656102666,147.0,26.0,105.0,False,True,True,True,False
766,gaia,gaia-0bdb7c40-671d-4ad1-9ce3-986b159c0ddc,gaia/gaia-0bdb7c40-671d-4ad1-9ce3-986b159c0ddc,difficult;unique_unpredictable,0.525119611401257,0.605119611401257,hard,0.9096153846153847,0.08860759493670886,0.9177215189873418,0.24848484848484848,20,0.0903846153846153,0.1175,0.264232378788066,0.1133893393238582,0.03717259170533572,0.4014005791622748,145.0,14.0,80.0,False,True,False,True,False
767,gaia,gaia-ed58682d-bc52-4baa-9eb0-4eb81e1edacc,gaia/gaia-ed58682d-bc52-4baa-9eb0-4eb81e1edacc,unique_unpredictable,0.5649278569531734,0.6049278569531734,medium,0.3153846153846155,0.5,0.8734177215189873,0.6181818181818182,26,0.6846153846153845,0.6846153846153845,0.3515813809854289,0.6448815274531714,0.17687041339662482,0.35143478868306366,80.0,21.0,62.0,False,False,False,True,False
768,gaia,gaia-676e5e31-a554-4acc-9286-b60d90a92d26,gaia/gaia-676e5e31-a554-4acc-9286-b60d90a92d26,difficult;unique_unpredictable,0.5208581924404708,0.6008581924404709,hard,0.9384615384615385,0.15822784810126583,0.8670886075949367,0.09393939393939393,20,0.0615384615384615,0.08,0.1720465053408525,0.2674355458058223,0.07516638465718195,0.34850727676669224,134.0,22.0,82.0,False,True,False,True,False
769,gaia,gaia-ad2b4d70-9314-4fe6-bfbe-894a45f6055f,gaia/gaia-ad2b4d70-9314-4fe6-bfbe-894a45f6055f,difficult,0.5600126139683101,0.6000126139683102,hard,0.823076923076923,0.5886075949367089,0.04746835443037975,0.9090909090909091,20,0.1769230769230769,0.2299999999999999,0.3963584236521283,0.0212738649789079,0.20794578971916491,0.039389565812842586,66.0,152.0,64.0,False,True,False,False,False
770,gaia,gaia-6359a0b1-8f7b-499b-9336-840f9ab90688,gaia/gaia-6359a0b1-8f7b-499b-9336-840f9ab90688,difficult,0.5593887757811808,0.5993887757811809,hard,0.8923076923076922,0.3924050632911392,0.5886075949367089,0.34545454545454546,20,0.1076923076923077,0.1399999999999999,0.2835489375751565,0.5493744203204717,0.14105763304576296,0.1952024267219289,97.0,66.0,65.0,False,True,False,False,False
771,gaia,gaia-3ff6b7a9-a5bd-4412-ad92-0cd0d45c0fee,gaia/gaia-3ff6b7a9-a5bd-4412-ad92-0cd0d45c0fee,unique_unpredictable,0.5564171904045322,0.5964171904045322,medium,0.4769230769230769,0.13924050632911392,0.9683544303797469,0.9757575757575757,26,0.5230769230769231,0.5230769230769231,0.4227271281241257,-0.0355714333063327,0.05762004058563946,0.48481692749884886,137.0,6.0,66.0,False,False,False,True,False
772,gaia,gaia-e1fc63a2-da7a-432f-be78-7c4a95598703,gaia/gaia-e1fc63a2-da7a-432f-be78-7c4a95598703,difficult;unique_unpredictable,0.5111208727980879,0.591120872798088,hard,0.7769230769230769,0.13291139240506328,0.9778481012658228,0.17272727272727273,20,0.2230769230769231,0.23,0.2304343724360582,0.2840803455183558,0.05176445598750643,0.49232243527472896,138.0,4.0,87.0,False,True,False,True,False
773,gaia,gaia-0383a3ee-47a7-41a4-b493-519bdefe0488,gaia/gaia-0383a3ee-47a7-41a4-b493-519bdefe0488,unique_unpredictable,0.5433411525183678,0.5833411525183678,medium,0.32307692307692315,0.4177215189873418,0.8291139240506329,0.7272727272727273,26,0.6769230769230768,0.6769230769230768,0.3682679754949484,0.4298803112419525,0.15161792220596118,0.32013148201238495,93.0,28.0,75.0,False,False,False,True,False
774,gaia,gaia-72c06643-a2fa-4186-aa5c-9ec33ae9b445,gaia/gaia-72c06643-a2fa-4186-aa5c-9ec33ae9b445,difficult;frontier_with_variance;unique_unpredictable,0.46051816854032046,0.5805181685403206,frontier,0.951923076923077,0.02531645569620253,0.8037974683544303,0.08484848484848485,20,0.048076923076923,0.0625,0.1456665713195721,-0.0502091521554024,0.005674810141330406,0.29950594176946665,155.0,32.0,115.0,False,True,True,True,False
775,gaia,gaia-023e9d44-96ae-4eed-b912-244ee8c3b994,gaia/gaia-023e9d44-96ae-4eed-b912-244ee8c3b994,difficult,0.5394324820748871,0.5794324820748872,hard,0.8288461538461539,0.2848101265822785,0.6392405063291139,0.48484848484848486,20,0.1711538461538461,0.2225,0.3280529682840866,-0.1898460690596449,0.12358650620145135,0.20931671659516915,114.0,58.0,76.0,False,True,False,False,False
776,gaia,gaia-b2c257e0-3ad7-4f05-b8e3-d9da973be36e,gaia/gaia-b2c257e0-3ad7-4f05-b8e3-d9da973be36e,difficult;unique_unpredictable,0.4988704965920156,0.5788704965920156,hard,0.9230769230769231,0.04430379746835443,0.930379746835443,0.13333333333333333,20,0.0769230769230769,0.1,0.204939015319192,0.1020080333217143,0.021996646270581365,0.4119319006437301,152.0,12.0,95.0,False,True,False,True,False
777,gaia,gaia-50ec8903-b81f-4257-9450-1085afd2c319,gaia/gaia-50ec8903-b81f-4257-9450-1085afd2c319,unique_unpredictable,0.5354412675931663,0.5754412675931664,medium,0.5230769230769231,0.2088607594936709,0.8481012658227848,0.796969696969697,20,0.4769230769230769,0.4700000000000001,0.3809199390948182,0.1747735571780519,0.10752302586682078,0.3365919158530333,126.0,25.0,77.0,False,False,False,True,False
778,gaia,gaia-ec09fa32-d03f-4bf8-84b0-1f16922c3ae4,gaia/gaia-ec09fa32-d03f-4bf8-84b0-1f16922c3ae4,difficult;unique_unpredictable,0.4948750774541914,0.5748750774541914,hard,0.7096153846153848,0.0189873417721519,0.9778481012658228,0.44242424242424244,20,0.2903846153846153,0.3175,0.3087373479189066,-0.0707198846341474,0.0030962737955982063,0.49232243527472896,156.0,5.0,99.0,False,True,False,True,False
779,gaia,gaia-00d579ea-0889-4fd9-a771-2c8d79835c8d,gaia/gaia-00d579ea-0889-4fd9-a771-2c8d79835c8d,difficult;unique_unpredictable,0.4948114543684164,0.5748114543684164,hard,0.9076923076923077,0.0379746835443038,0.9620253164556962,0.09393939393939393,20,0.0923076923076923,0.12,0.1720465053408525,0.0575384640560604,0.021121846212808992,0.4726684951115542,153.0,7.0,100.0,False,True,False,True,False
780,gaia,gaia-65638e28-7f37-4fa7-b7b9-8c19bb609879,gaia/gaia-65638e28-7f37-4fa7-b7b9-8c19bb609879,difficult,0.530300854209082,0.570300854209082,hard,0.8596153846153847,0.5126582278481012,0.2911392405063291,0.4212121212121212,20,0.1403846153846153,0.1825,0.3030160886817728,0.2820527658109084,0.18103566881752525,0.11281410748557685,78.0,113.0,79.0,False,True,False,False,False
781,gaia,gaia-9f41b083-683e-4dcf-9185-ccfeaa88fa45,gaia/gaia-9f41b083-683e-4dcf-9185-ccfeaa88fa45,difficult,0.5235026998318137,0.5635026998318138,hard,0.7923076923076923,0.18354430379746836,0.7974683544303798,0.4121212121212121,20,0.2076923076923077,0.24,0.3006659275674582,0.1422454359351901,0.09818835703695697,0.2785611377800733,130.0,33.0,81.0,False,True,False,False,False
782,gaia,gaia-05407167-39ec-4d3a-a234-73a9120c325d,gaia/gaia-05407167-39ec-4d3a-a234-73a9120c325d,difficult,0.5178138001239267,0.5578138001239268,hard,0.8346153846153848,0.5063291139240507,0.24050632911392406,0.47878787878787876,20,0.1653846153846153,0.215,0.3256148031032987,0.0247774098834235,0.18075167632485217,0.09417391829823196,79.0,121.0,85.0,False,True,False,False,False
783,gaia,gaia-cca70ce6-1952-45d2-acd4-80c903b0bc49,gaia/gaia-cca70ce6-1952-45d2-acd4-80c903b0bc49,difficult,0.5150980348765158,0.5550980348765159,hard,0.8846153846153847,0.36075949367088606,0.4525316455696203,0.36363636363636365,20,0.1153846153846153,0.15,0.2889636655359978,0.449564957728447,0.1349325273575822,0.16654976766078444,102.0,88.0,86.0,False,True,False,False,False
784,gaia,gaia-8131e2c0-0083-4265-9ce7-78c2d568425d,gaia/gaia-8131e2c0-0083-4265-9ce7-78c2d568425d,difficult,0.5108451358767815,0.5508451358767815,hard,0.8461538461538463,0.5443037974683544,0.12974683544303797,0.509090909090909,20,0.1538461538461538,0.2,0.3346640106136302,0.2586586898697704,0.18808869329509956,0.0632381078205666,73.0,138.0,88.0,False,True,False,False,False
785,gaia,gaia-ad37a656-079a-49f9-a493-7b739c9167d1,gaia/gaia-ad37a656-079a-49f9-a493-7b739c9167d1,unique_unpredictable,0.5085717447109852,0.5485717447109852,easy,0.2923076923076924,0.4240506329113924,0.810126582278481,0.5636363636363636,20,0.7076923076923076,0.6799999999999999,0.3429285639896449,0.2216438378504485,0.15174102608259735,0.30498845363935045,92.0,31.0,90.0,False,False,False,True,False
786,gaia,gaia-872bfbb1-9ccf-49f6-8c5f-aa22818ccd66,gaia/gaia-872bfbb1-9ccf-49f6-8c5f-aa22818ccd66,difficult,0.5033729087368328,0.5433729087368329,hard,0.8903846153846154,0.5379746835443038,0.17721518987341772,0.3212121212121212,20,0.1096153846153846,0.1425,0.2771619562638422,0.3634244811729923,0.18777048353897233,0.08243112667694874,74.0,131.0,94.0,False,True,False,False,False
787,gaia,gaia-2a649bb1-795f-4a01-b3be-9a01868dae73,gaia/gaia-2a649bb1-795f-4a01-b3be-9a01868dae73,difficult,0.4979756088231389,0.5379756088231389,hard,0.9275641153846154,0.1518987341772152,0.7753164556962026,0.12727272727272726,20,0.0724358846153846,0.0941666499999999,0.1918676274732856,0.4924597625136146,0.07175355804265916,0.27489667877078816,135.0,36.0,96.0,False,True,False,False,False
788,gaia,gaia-14569e28-c88c-43e4-8c32-097d35b9a67d,gaia/gaia-14569e28-c88c-43e4-8c32-097d35b9a67d,difficult,0.49606665486412316,0.5360666548641232,hard,0.7461538461538462,0.22151898734177214,0.7025316455696202,0.37575757575757573,20,0.2538461538461538,0.2700000000000001,0.2917190429162964,-0.0833439616531542,0.10784342564722782,0.2385428045787431,124.0,48.0,98.0,False,True,False,False,False
789,gaia,gaia-ebbc1f13-d24d-40df-9068-adcf735b4240,gaia/gaia-ebbc1f13-d24d-40df-9068-adcf735b4240,difficult,0.4882545144728689,0.5282545144728689,hard,0.8711538461538462,0.35443037974683544,0.4620253164556962,0.20606060606060606,20,0.1288461538461538,0.1675,0.2325268801665734,0.3248990100066671,0.13244937869605508,0.16687688691657288,103.0,86.0,104.0,False,True,False,False,False
790,gaia,gaia-16d825ff-1623-4176-a5b5-42e0f5c2b0ac,gaia/gaia-16d825ff-1623-4176-a5b5-42e0f5c2b0ac,difficult,0.4770967956094538,0.5170967956094538,hard,0.9307692307692308,0.37341772151898733,0.3639240506329114,0.15151515151515152,20,0.0692307692307692,0.09,0.2211334438749598,0.6091707817766331,0.13938545525741733,0.14468084575699314,100.0,101.0,106.0,False,True,False,False,False
791,gaia,gaia-7619a514-5fa8-43ef-9143-83b66a43d7a4,gaia/gaia-7619a514-5fa8-43ef-9143-83b66a43d7a4,unique_unpredictable,0.46961582721076395,0.5096158272107639,medium,0.3076923076923077,0.2468354430379747,0.879746835443038,0.5757575757575758,26,0.6923076923076923,0.6923076923076923,0.3474335320195758,0.5562255164069145,0.1167637160487785,0.35512731324984936,120.0,20.0,108.0,False,False,False,True,False
792,gaia,gaia-8b3379c0-0981-4f5b-8407-6444610cb212,gaia/gaia-8b3379c0-0981-4f5b-8407-6444610cb212,difficult,0.46835597946357443,0.5083559794635745,hard,0.8923076923076924,0.4873417721518987,0.12974683544303797,0.2818181818181818,20,0.1076923076923076,0.1399999999999999,0.2690724809414742,0.2860946797954062,0.1702207904312212,0.0632381078205666,82.0,139.0,110.0,False,True,False,False,False
793,gaia,gaia-0b260a57-3f3a-4405-9f29-6d7a1012dbfb,gaia/gaia-0b260a57-3f3a-4405-9f29-6d7a1012dbfb,difficult,0.4666247676374259,0.5066247676374259,hard,0.9461538461538462,0.14556962025316456,0.6329113924050633,0.1393939393939394,20,0.0538461538461538,0.0699999999999999,0.212367605815953,0.0090301957208579,0.061122732237116825,0.20881985013230475,136.0,59.0,111.0,False,True,False,False,False
794,gaia,gaia-c526d8d6-5987-4da9-b24c-83466fa172f3,gaia/gaia-c526d8d6-5987-4da9-b24c-83466fa172f3,difficult,0.4637007612640524,0.5037007612640524,hard,0.9230769230769231,0.33544303797468356,0.3639240506329114,0.16363636363636364,20,0.0769230769230769,0.1,0.223606797749979,0.6042080928043972,0.13098259997875134,0.14468084575699314,106.0,102.0,112.0,False,True,False,False,False
795,gaia,gaia-1dcc160f-c187-48c2-b68e-319bd4354f3d,gaia/gaia-1dcc160f-c187-48c2-b68e-319bd4354f3d,difficult,0.4570375583893954,0.4970375583893954,hard,0.8820512692307693,0.23417721518987342,0.4873417721518987,0.21818181818181817,20,0.1179487307692307,0.1533333499999999,0.2423037932477069,0.1824701430545079,0.11330400168313984,0.17641630891837679,122.0,82.0,117.0,False,True,False,False,False
796,gaia,gaia-3cef3a44-215e-4aed-8e3b-b1e3f08063b7,gaia/gaia-3cef3a44-215e-4aed-8e3b-b1e3f08063b7,unique_unpredictable,0.44824444542798975,0.4882444454279897,medium,0.3961538461538462,0.05063291139240506,0.9113924050632911,0.6909090909090909,20,0.6038461538461538,0.605,0.3636275567115342,0.1833641212773804,0.022280180444392384,0.39885964657077966,151.0,15.0,118.0,False,False,False,True,False
797,gaia,gaia-7a4a336d-dcfa-45a0-b014-824c7619e8de,gaia/gaia-7a4a336d-dcfa-45a0-b014-824c7619e8de,difficult,0.44061210940957773,0.4806121094095777,hard,0.9461538461538462,0.27848101265822783,0.3227848101265823,0.17272727272727273,20,0.0538461538461538,0.0699999999999999,0.2304343724360582,0.3526765643439893,0.12115418514008247,0.12268698780633491,115.0,108.0,119.0,False,True,False,False,False
798,gaia,gaia-72e110e7-464c-453c-a309-90a95aed6538,gaia/gaia-72e110e7-464c-453c-a309-90a95aed6538,difficult,0.439161613702753,0.47916161370275295,hard,0.8596153846153847,0.3291139240506329,0.18354430379746836,0.4212121212121212,20,0.1403846153846153,0.1825,0.3030160886817728,0.0425481541584149,0.12863197895222367,0.08539713841174534,107.0,130.0,120.0,False,True,False,False,False
799,gaia,gaia-7bd855d8-463d-4ed5-93ca-5fe35145f733,gaia/gaia-7bd855d8-463d-4ed5-93ca-5fe35145f733,unique_unpredictable,0.4379282110294769,0.47792821102947686,easy,0.23076923076923073,0.0949367088607595,0.8607594936708861,0.8787878787878788,20,0.7692307692307693,0.7,0.3924283374069716,0.1906211489028936,0.03743243746514319,0.3448575472181752,144.0,23.0,121.0,False,False,False,True,False
800,gaia,gaia-c365c1c7-a3db-4d5e-a9a1-66f56eae7865,gaia/gaia-c365c1c7-a3db-4d5e-a9a1-66f56eae7865,unique_unpredictable,0.4354682659113039,0.47546826591130387,medium,0.4461538461538461,0.06962025316455696,0.9873417721518988,0.3515151515151515,26,0.5538461538461539,0.5538461538461539,0.2845114155216451,0.0973875655445674,0.028634431150127312,0.5105264804751501,148.0,3.0,122.0,False,False,False,True,False
801,gaia,gaia-9318445f-fe6a-4e1b-acbf-c68228c9906a,gaia/gaia-9318445f-fe6a-4e1b-acbf-c68228c9906a,difficult,0.4289694166592901,0.4689694166592901,hard,0.9461538461538462,0.17721518987341772,0.4525316455696203,0.11515151515151516,20,0.0538461538461538,0.0699999999999999,0.1819340539866025,0.546960278649574,0.09225842557106778,0.16654976766078444,131.0,87.0,123.0,False,True,False,False,False
802,gaia,gaia-20194330-9976-4043-8632-f8485c6c71b2,gaia/gaia-20194330-9976-4043-8632-f8485c6c71b2,difficult,0.4254458041958042,0.46544580419580417,hard,0.8826923076923077,0.2911392405063291,0.14240506329113925,0.4484848484848485,20,0.1173076923076923,0.1525,0.3096267914764483,-0.140553211459312,0.12435518691707588,0.06350023632188573,113.0,137.0,124.0,False,True,False,False,False
803,gaia,gaia-08f3a05f-5947-4089-a4c4-d4bcfaa6b7a0,gaia/gaia-08f3a05f-5947-4089-a4c4-d4bcfaa6b7a0,unique_unpredictable,0.4184907497565725,0.4584907497565725,easy,0.22307692307692306,0.12658227848101267,0.9936708860759493,0.4666666666666667,26,0.7769230769230769,0.7769230769230769,0.3249943103735016,0.1385013687301144,0.0487971245519911,0.5945616102260639,139.0,2.0,126.0,False,False,False,True,False
804,gaia,gaia-f0f46385-fc03-4599-b5d3-f56496c3e69f,gaia/gaia-f0f46385-fc03-4599-b5d3-f56496c3e69f,unique_unpredictable,0.4020977914490573,0.44209779144905725,medium,0.43653846153846154,0.03164556962025317,0.9493670886075949,0.296969696969697,20,0.5634615384615385,0.5825000000000001,0.2716960618043625,-0.0449700191159846,0.012327960250045131,0.445292049738613,154.0,9.0,129.0,False,False,False,True,False
805,gaia,gaia-853c8244-429e-46ca-89f2-addf40dfb2bd,gaia/gaia-853c8244-429e-46ca-89f2-addf40dfb2bd,difficult,0.4005928565105781,0.44059285651057806,hard,0.8846153846153847,0.3670886075949367,0.04746835443037975,0.2606060606060606,20,0.1153846153846153,0.15,0.2673948391424187,-0.0057841200821176,0.13512425674841524,0.039389565812842586,101.0,151.0,130.0,False,True,False,False,False
806,gaia,gaia-cca530fc-4052-43b2-b130-b30968d8aa44,gaia/gaia-cca530fc-4052-43b2-b130-b30968d8aa44,difficult,0.39690537310790475,0.4369053731079047,hard,0.9384615384615385,0.17088607594936708,0.34810126582278483,0.10303030303030303,26,0.0615384615384615,0.0615384615384615,0.1733758103013022,0.1816686382055087,0.09007194294107983,0.13776968714029703,132.0,104.0,131.0,False,True,False,False,False
807,gaia,gaia-dd3c7503-f62a-4bd0-9f67-1b63b94194cc,gaia/gaia-dd3c7503-f62a-4bd0-9f67-1b63b94194cc,unique_unpredictable,0.39092513499159065,0.43092513499159063,easy,0.20961538461538454,0.21518987341772153,0.8164556962025317,0.3939393939393939,26,0.7903846153846155,0.7903846153846155,0.2961351142927156,0.173298150928243,0.1077869673998319,0.3089335880217109,125.0,30.0,133.0,False,False,False,True,False
808,gaia,gaia-384d0dd8-e8a4-4cfe-963c-d37f256e7662,gaia/gaia-384d0dd8-e8a4-4cfe-963c-d37f256e7662,difficult;frontier_with_variance,0.3421669469770736,0.4221669469770736,frontier,0.9538461538461539,0.11392405063291139,0.189873417721519,0.10909090909090909,20,0.0461538461538461,0.06,0.18,-0.3145372855742844,0.04321898124908999,0.08583207145526073,141.0,129.0,139.0,False,True,True,False,False
809,gaia,gaia-0512426f-4d28-49f0-be77-06d05daec096,gaia/gaia-0512426f-4d28-49f0-be77-06d05daec096,difficult,0.355573824909268,0.39557382490926796,hard,0.9076923076923077,0.16455696202531644,0.14240506329113925,0.23636363636363636,20,0.0923076923076923,0.12,0.2481934729198171,-0.2644309552656632,0.08047269620946405,0.06350023632188573,133.0,136.0,136.0,False,True,False,False,False
810,gaia,gaia-544b7f0c-173a-4377-8d56-57b36eb26ddf,gaia/gaia-544b7f0c-173a-4377-8d56-57b36eb26ddf,unique_unpredictable,0.34927746304328583,0.3892774630432858,easy,0.1807692307692308,0.08227848101265822,0.9556962025316456,0.24242424242424243,26,0.8192307692307692,0.8192307692307692,0.2542246595332422,0.1847177970466638,0.036391722475462844,0.4694333612042564,146.0,8.0,138.0,False,False,False,True,False
811,gaia,gaia-46719c30-f4c3-4cad-be07-d5cb21eee6bb,gaia/gaia-46719c30-f4c3-4cad-be07-d5cb21eee6bb,difficult;frontier_with_variance,0.30185735150925025,0.3818573515092502,frontier,0.976923076923077,0.12025316455696203,0.022151898734177215,0.06666666666666667,20,0.023076923076923,0.03,0.0953939201416945,0.225287064578593,0.04768832989151472,0.01731132109672251,140.0,155.0,143.0,False,True,True,False,False
812,gaia,gaia-624cbf11-6a41-4692-af9c-36b3e5ca3130,gaia/gaia-624cbf11-6a41-4692-af9c-36b3e5ca3130,difficult,0.32671395060635566,0.36671395060635564,hard,0.9461538461538462,0.189873417721519,0.022151898734177215,0.12121212121212122,26,0.0538461538461538,0.0538461538461538,0.1885792411097117,0.272394309255634,0.10103314786944646,0.01731132109672251,129.0,156.0,140.0,False,True,False,False,False
813,gaia,gaia-48eb8242-1099-4c26-95d4-ef22b002457a,gaia/gaia-48eb8242-1099-4c26-95d4-ef22b002457a,difficult;frontier_with_variance,0.2619436576082146,0.34194365760821455,frontier,0.976923076923077,0.012658227848101266,0.00949367088607595,0.07272727272727272,20,0.023076923076923,0.03,0.1307669683062202,-0.5115001031145163,0.001125904913428417,5.551115123125783e-16,157.0,157.0,146.0,False,True,True,False,False
814,gaia,gaia-8d46b8d6-b38a-47ff-ac74-cda14cf2d19b,gaia/gaia-8d46b8d6-b38a-47ff-ac74-cda14cf2d19b,difficult;frontier_with_variance,0.259833362839692,0.33983336283969195,frontier,0.9846153846153847,0.006329113924050633,0.00949367088607595,0.06060606060606061,20,0.0153846153846153,0.02,0.0871779788708134,-0.5115001031145163,0.000750603275618944,5.551115123125783e-16,158.0,158.0,147.0,False,True,True,False,False
815,gaia,gaia-50ad0280-0819-4bd9-b275-5de32d3b5bcb,gaia/gaia-50ad0280-0819-4bd9-b275-5de32d3b5bcb,difficult;frontier_with_variance,0.253986013986014,0.33398601398601396,frontier,0.9923076923076924,0.0,0.0,0.03939393939393939,20,0.0076923076923076,0.01,0.0435889894354067,0.0756644555229466,,,,,149.0,False,True,True,False,False
816,gaia,gaia-5f982798-16b9-4051-ab57-cfc7ebdb2a91,gaia/gaia-5f982798-16b9-4051-ab57-cfc7ebdb2a91,difficult;frontier_with_variance,0.253986013986014,0.33398601398601396,frontier,0.9923076923076924,0.0,0.0,0.03939393939393939,20,0.0076923076923076,0.01,0.0435889894354067,0.3443026310270121,,,,,150.0,False,True,True,False,False
817,gaia,gaia-3da89939-209c-4086-8520-7eb734e6b4ef,gaia/gaia-3da89939-209c-4086-8520-7eb734e6b4ef,difficult,0.25181818181818183,0.2918181818181818,frontier,1.0,0.0,0.0,0.012121212121212121,20,0.0,0.0,0.0,,,,,,151.0,False,True,False,False,False
818,gaia,gaia-bec74516-02fc-48dc-b202-55e78d0e17cf,gaia/gaia-bec74516-02fc-48dc-b202-55e78d0e17cf,difficult,0.25181818181818183,0.2918181818181818,frontier,1.0,0.0,0.0,0.012121212121212121,20,0.0,0.0,0.0,,,,,,152.0,False,True,False,False,False
819,gaia,gaia-ded28325-3447-4c56-860f-e497d6fb3577,gaia/gaia-ded28325-3447-4c56-860f-e497d6fb3577,difficult,0.25181818181818183,0.2918181818181818,frontier,1.0,0.0,0.0,0.012121212121212121,20,0.0,0.0,0.0,,,,,,153.0,False,True,False,False,False
820,gpqa-diamond,gpqa-diamond-142,gpqa-diamond/gpqa-diamond-142,base_representative;unique_unpredictable;high_composite,0.8380433003326262,0.9380433003326263,medium,0.5673076923076923,0.9943820224719101,0.8230337078651685,0.9494949494949495,19,0.4326923076923077,0.4447368421052631,0.4106781095886301,0.6250663023536671,0.3050301003384572,0.2833523037315089,2.0,33.0,1.0,True,False,False,True,True
821,gpqa-diamond,gpqa-diamond-36,gpqa-diamond/gpqa-diamond-36,base_representative;high_composite,0.687354967130248,0.747354967130248,easy,0.25384615384615394,1.0,0.5561797752808989,0.898989898989899,16,0.7461538461538461,0.65,0.3905124837953327,0.6389586214316755,0.33150022214488384,0.186173023683324,1.0,80.0,23.0,True,False,False,False,True
822,gpqa-diamond,gpqa-diamond-130,gpqa-diamond/gpqa-diamond-130,difficult;unique_unpredictable;high_composite,0.7998893396617427,0.8798893396617428,hard,0.8166666538461539,0.8089887640449438,0.8230337078651685,0.7121212121212122,19,0.1833333461538461,0.2508772105263158,0.3275584936450409,0.5185652251141196,0.16197268935231304,0.2833523037315089,35.0,32.0,3.0,False,True,False,True,True
823,gpqa-diamond,gpqa-diamond-30,gpqa-diamond/gpqa-diamond-30,unique_unpredictable;high_composite,0.809100400136848,0.8491004001368481,medium,0.5551281923076923,0.848314606741573,0.9269662921348315,0.9444444444444444,20,0.4448718076923077,0.45833335,0.410673574414312,0.4750766175077972,0.17554495489293873,0.35054635500600806,28.0,14.0,2.0,False,False,False,True,True
824,gpqa-diamond,gpqa-diamond-32,gpqa-diamond/gpqa-diamond-32,difficult;unique_unpredictable;high_composite,0.724574883518635,0.804574883518635,hard,0.7108974230769232,0.5786516853932584,0.8651685393258427,0.8535353535353535,18,0.2891025769230769,0.3287037222222222,0.3728355627142116,0.5605488918705517,0.11296988895607686,0.3038384881413152,76.0,25.0,14.0,False,True,False,True,True
825,gpqa-diamond,gpqa-diamond-174,gpqa-diamond/gpqa-diamond-174,unique_unpredictable;high_composite,0.758551373719913,0.798551373719913,medium,0.5384615384615383,0.8202247191011236,0.8595505617977528,0.8131313131313131,20,0.4615384615384617,0.4800000000000001,0.3655133376499413,0.5171476794164943,0.1674423676122242,0.3037653886035182,33.0,26.0,4.0,False,False,False,True,True
826,gpqa-diamond,gpqa-diamond-115,gpqa-diamond/gpqa-diamond-115,unique_unpredictable;high_composite,0.7522681470463057,0.7922681470463058,medium,0.4871795,0.7191011235955056,1.0,0.8585858585858586,20,0.5128205,0.53166665,0.3730467887693546,0.2735006343689259,0.1447192398288243,0.5100095204689737,51.0,1.0,5.0,False,False,False,True,True
827,gpqa-diamond,gpqa-diamond-93,gpqa-diamond/gpqa-diamond-93,unique_unpredictable;high_composite,0.7509453295520023,0.7909453295520024,medium,0.5108974230769231,0.8258426966292135,0.8033707865168539,0.8888888888888888,18,0.4891025769230769,0.4620370555555555,0.3868919283622111,0.6722003220603617,0.16854980279080603,0.28065761513687615,32.0,36.0,6.0,False,False,False,True,True
828,gpqa-diamond,gpqa-diamond-97,gpqa-diamond/gpqa-diamond-97,unique_unpredictable;high_composite,0.7460991691580892,0.7860991691580892,medium,0.49358973076923074,0.7696629213483146,0.8314606741573034,0.9696969696969697,18,0.5064102692307693,0.5314814999999999,0.4169957608183472,0.6740540260362752,0.15518706564275522,0.28747752137377747,42.0,31.0,8.0,False,False,False,True,True
829,gpqa-diamond,gpqa-diamond-147,gpqa-diamond/gpqa-diamond-147,difficult;high_composite,0.7374188109891044,0.7774188109891045,hard,0.8371795,0.6292134831460674,0.7528089887640449,0.797979797979798,19,0.1628205,0.222807,0.3625853556974006,0.553503853577649,0.12399482629801653,0.2544853369116843,67.0,45.0,9.0,False,True,False,False,True
830,gpqa-diamond,gpqa-diamond-17,gpqa-diamond/gpqa-diamond-17,difficult;high_composite,0.7356063879940284,0.7756063879940285,hard,0.8961538461538462,0.6573033707865169,0.7078651685393258,0.696969696969697,19,0.1038461538461538,0.1421052631578947,0.3167529162806542,0.497131520301984,0.13006922819788216,0.2420411590991679,62.0,53.0,11.0,False,True,False,False,True
831,gpqa-diamond,gpqa-diamond-48,gpqa-diamond/gpqa-diamond-48,unique_unpredictable;high_composite,0.7115044131898065,0.7515044131898065,medium,0.5461538461538461,0.651685393258427,0.9662921348314607,0.702020202020202,20,0.4538461538461539,0.47,0.3179622619116929,0.4670802632159043,0.12945355419855942,0.4035928535223141,63.0,7.0,16.0,False,False,False,True,True
832,gpqa-diamond,gpqa-diamond-138,gpqa-diamond/gpqa-diamond-138,high_composite,0.7500027827977267,0.7500027827977267,medium,0.3173076923076923,0.9382022471910112,0.7752808988764045,0.98989898989899,20,0.6826923076923077,0.6174999999999999,0.4368280554176894,0.591930330481396,0.24034122156656326,0.2604986976150021,12.0,41.0,7.0,False,False,False,False,True
833,gpqa-diamond,gpqa-diamond-29,gpqa-diamond/gpqa-diamond-29,unique_unpredictable;high_composite,0.7077845990479557,0.7477845990479557,medium,0.4128203846153846,0.6348314606741573,0.9325842696629213,0.9949494949494949,17,0.5871796153846154,0.5450980588235295,0.4387953224739258,0.2789736472377097,0.12515807896830605,0.3523756277005935,66.0,13.0,18.0,False,False,False,True,True
834,gpqa-diamond,gpqa-diamond-157,gpqa-diamond/gpqa-diamond-157,unique_unpredictable;high_composite,0.7064822817631807,0.7464822817631808,medium,0.5461538461538461,0.5056179775280899,0.9719101123595506,1.0,18,0.4538461538461539,0.4777777777777777,0.4625479621444144,0.3134156919012129,0.0970752442983938,0.4111344431840894,89.0,6.0,19.0,False,False,False,True,True
835,gpqa-diamond,gpqa-diamond-42,gpqa-diamond/gpqa-diamond-42,high_composite,0.7359908731109713,0.7359908731109713,medium,0.39551269230769237,0.9775280898876404,0.601123595505618,0.9646464646464646,17,0.6044873076923076,0.5715686470588236,0.4160884152209142,0.6864563570196204,0.2622362075113222,0.19857972642541477,5.0,72.0,10.0,False,False,False,False,True
836,gpqa-diamond,gpqa-diamond-131,gpqa-diamond/gpqa-diamond-131,high_composite,0.7330920484010371,0.7330920484010371,medium,0.4346153846153846,0.8651685393258427,0.7865168539325843,0.8333333333333334,18,0.5653846153846154,0.5722222222222223,0.3693922268862064,0.5036765024340322,0.17890341294454526,0.26660193392312315,25.0,39.0,12.0,False,False,False,False,True
837,gpqa-diamond,gpqa-diamond-120,gpqa-diamond/gpqa-diamond-120,unique_unpredictable;high_composite,0.6895176952509101,0.7295176952509101,easy,0.17948719230769228,0.8146067415730337,0.9775280898876404,0.7676767676767676,19,0.8205128076923077,0.754385947368421,0.3493035096134311,0.3598155597171468,0.16647193312170003,0.43645297494604807,34.0,5.0,20.0,False,False,False,True,True
838,gpqa-diamond,gpqa-diamond-89,gpqa-diamond/gpqa-diamond-89,high_composite,0.7257621591891255,0.7257621591891255,medium,0.44615384615384623,0.7865168539325843,0.7921348314606742,0.9393939393939394,18,0.5538461538461538,0.5777777777777778,0.409003607095688,0.5384030865635417,0.15837178580034267,0.26984223123116413,39.0,38.0,13.0,False,False,False,False,True
839,gpqa-diamond,gpqa-diamond-118,gpqa-diamond/gpqa-diamond-118,unique_unpredictable;high_composite,0.6787002960962258,0.7187002960962259,medium,0.5121794615384616,0.5337078651685393,0.9887640449438202,0.7777777777777778,19,0.4878205384615384,0.4833333684210526,0.3503966190523038,0.1861470138635574,0.1015965742567863,0.4797343412848899,84.0,3.0,25.0,False,False,False,True,True
840,gpqa-diamond,gpqa-diamond-183,gpqa-diamond/gpqa-diamond-183,high_composite,0.7168561922487624,0.7168561922487624,medium,0.3397434615384616,0.9325842696629213,0.7584269662921348,0.7727272727272727,17,0.6602565384615384,0.6568627647058823,0.3497458851222479,0.434716909811385,0.23300519657610233,0.2570379183702918,13.0,44.0,15.0,False,False,False,False,True
841,gpqa-diamond,gpqa-diamond-53,gpqa-diamond/gpqa-diamond-53,high_composite,0.710089769780781,0.710089769780781,easy,0.26538461538461533,0.9887640449438202,0.6179775280898876,0.9545454545454546,18,0.7346153846153847,0.6611111111111111,0.4124976617965905,0.4911331684627952,0.3036508167412817,0.2042965138393813,3.0,69.0,17.0,False,False,False,False,True
842,gpqa-diamond,gpqa-diamond-98,gpqa-diamond/gpqa-diamond-98,high_composite,0.6888897458978287,0.6888897458978287,medium,0.3064101923076923,0.9157303370786517,0.6095505617977528,0.9292929292929293,18,0.6935898076923077,0.6314815,0.4025339848819186,0.621218623034797,0.21586204453277602,0.2037748347691939,16.0,71.0,21.0,False,False,False,False,True
843,gpqa-diamond,gpqa-diamond-27,gpqa-diamond/gpqa-diamond-27,high_composite,0.6875343757366229,0.6875343757366229,medium,0.34615384615384615,0.9831460674157303,0.5730337078651685,0.7575757575757576,20,0.6538461538461539,0.6100000000000001,0.3433656942677879,0.6503464783591806,0.27192880269448405,0.19431286360598632,4.0,77.0,22.0,False,False,False,False,True
844,gpqa-diamond,gpqa-diamond-90,gpqa-diamond/gpqa-diamond-90,high_composite,0.6840797779000026,0.6840797779000026,easy,0.23076923076923073,0.9719101123595506,0.5842696629213483,0.9343434343434344,19,0.7692307692307693,0.6842105263157895,0.4068662755807934,0.3497701633329463,0.25644016876535863,0.19699993432745622,6.0,75.0,24.0,False,False,False,False,True
845,gpqa-diamond,gpqa-diamond-186,gpqa-diamond/gpqa-diamond-186,difficult;high_composite,0.6427737290799088,0.6827737290799089,hard,0.7442307692307693,0.39325842696629215,0.6853932584269663,0.9848484848484849,19,0.2557692307692308,0.35,0.4331646095277965,0.5859406016881129,0.07467351002447267,0.23438116496036876,109.0,57.0,30.0,False,True,False,False,True
846,gpqa-diamond,gpqa-diamond-71,gpqa-diamond/gpqa-diamond-71,high_composite,0.6759598790858017,0.6759598790858017,medium,0.3897435,0.8033707865168539,0.6348314606741573,0.9242424242424242,19,0.6102565,0.5894736842105263,0.399568880473897,0.4878176837007926,0.159718308975259,0.2105127992466399,36.0,66.0,26.0,False,False,False,False,True
847,gpqa-diamond,gpqa-diamond-18,gpqa-diamond/gpqa-diamond-18,high_composite,0.674112123831225,0.674112123831225,medium,0.4307692307692308,0.7471910112359551,0.6741573033707865,0.9090909090909091,18,0.5692307692307692,0.5777777777777778,0.3923654129557683,0.6238654858807322,0.15080761563932382,0.22997523574468226,46.0,59.0,27.0,False,False,False,False,True
848,gpqa-diamond,gpqa-diamond-126,gpqa-diamond/gpqa-diamond-126,high_composite,0.6558936349918807,0.6558936349918807,medium,0.4782051153846154,0.6404494382022472,0.7275280898876404,0.8686868686868687,19,0.5217948846153846,0.5298245789473683,0.3791179016869381,0.5459677609456366,0.12714726049415792,0.2512799599187543,65.0,49.0,28.0,False,False,False,False,True
849,gpqa-diamond,gpqa-diamond-76,gpqa-diamond/gpqa-diamond-76,difficult;frontier_with_variance;unique_unpredictable,0.5313794819412798,0.6513794819412799,frontier,0.9538461538461539,0.07865168539325842,0.949438202247191,0.18686868686868688,20,0.0461538461538461,0.06,0.0916515138991168,-0.2414346561037729,0.024930119800026063,0.3905419802697775,165.0,10.0,69.0,False,True,True,True,False
850,gpqa-diamond,gpqa-diamond-21,gpqa-diamond/gpqa-diamond-21,high_composite,0.6499021109976166,0.6499021109976166,easy,0.20000000000000007,0.898876404494382,0.5926966292134831,0.9141414141414141,18,0.7999999999999999,0.7111111111111111,0.3956554181058856,0.5515481704925164,0.19467633519907734,0.1973143267759091,19.0,74.0,29.0,False,False,False,False,True
851,gpqa-diamond,gpqa-diamond-15,gpqa-diamond/gpqa-diamond-15,unique_unpredictable,0.6082603290216338,0.6482603290216339,medium,0.4910256538461538,0.42696629213483145,0.9382022471910112,0.6767676767676768,19,0.5089743461538462,0.5122806842105263,0.309916151648534,0.5545053557390014,0.08340416737850985,0.36976029457933635,103.0,12.0,40.0,False,False,False,True,False
852,gpqa-diamond,gpqa-diamond-160,gpqa-diamond/gpqa-diamond-160,difficult,0.6061440899924045,0.6461440899924046,hard,0.9192307692307693,0.5898876404494382,0.33707865168539325,0.5707070707070707,18,0.0807692307692307,0.1166666666666666,0.25,-0.3695603374412218,0.11459385663544927,0.1002892982406064,74.0,119.0,41.0,False,True,False,False,False
853,gpqa-diamond,gpqa-diamond-113,gpqa-diamond/gpqa-diamond-113,unique_unpredictable,0.5878244414761269,0.6278244414761269,medium,0.6884615384615385,0.19662921348314608,0.8117977528089888,0.9595959595959596,20,0.3115384615384615,0.3675,0.4129996973364508,0.2587281369913401,0.04327081267377326,0.28262694396908306,144.0,34.0,47.0,False,False,False,True,False
854,gpqa-diamond,gpqa-diamond-102,gpqa-diamond/gpqa-diamond-102,difficult,0.5806818181818181,0.6206818181818181,hard,0.8,0.3651685393258427,0.7387640449438202,0.45454545454545453,20,0.2,0.2,0.2097617696340303,0.4284284081416039,0.07204408025908986,0.25214766953438683,114.0,47.0,48.0,False,True,False,False,False
855,gpqa-diamond,gpqa-diamond-185,gpqa-diamond/gpqa-diamond-185,unique_unpredictable,0.579637123176449,0.619637123176449,medium,0.5230769230769231,0.29775280898876405,0.848314606741573,0.8838383838383839,18,0.4769230769230769,0.4888888888888888,0.3828096261544937,0.4645582327518949,0.0623545110834128,0.29618949870719014,126.0,28.0,49.0,False,False,False,True,False
856,gpqa-diamond,gpqa-diamond-8,gpqa-diamond/gpqa-diamond-8,unique_unpredictable,0.5733368659182577,0.6133368659182578,medium,0.4551281923076923,0.34269662921348315,0.8735955056179775,0.8080808080808081,17,0.5448718076923077,0.5156862941176471,0.3640939497288424,0.2464298948093021,0.06573913359404884,0.3064021150690054,118.0,24.0,50.0,False,False,False,True,False
857,gpqa-diamond,gpqa-diamond-79,gpqa-diamond/gpqa-diamond-79,unique_unpredictable,0.5643355006416804,0.6043355006416804,medium,0.5365384615384615,0.10112359550561797,0.9943820224719101,0.9747474747474747,17,0.4634615384615385,0.4970588235294117,0.4271900624791837,0.1361321807207449,0.029684869528006242,0.4920856978882029,161.0,2.0,55.0,False,False,False,True,False
858,gpqa-diamond,gpqa-diamond-145,gpqa-diamond/gpqa-diamond-145,difficult;unique_unpredictable,0.5151996443879154,0.5951996443879155,hard,0.9179487307692308,0.028089887640449437,0.8398876404494382,0.4393939393939394,20,0.0820512692307692,0.10666665,0.1979337521046562,-0.0076862189500315,0.0036465498348772734,0.2952356680784267,174.0,29.0,75.0,False,True,False,True,False
859,gpqa-diamond,gpqa-diamond-86,gpqa-diamond/gpqa-diamond-86,unique_unpredictable,0.5454460333673816,0.5854460333673817,easy,0.10000000000000009,0.550561797752809,0.898876404494382,0.6868686868686869,19,0.8999999999999999,0.863157894736842,0.3115504965673419,0.0093738464952323,0.1028717009024245,0.3256777043646585,81.0,19.0,62.0,False,False,False,True,False
860,gpqa-diamond,gpqa-diamond-85,gpqa-diamond/gpqa-diamond-85,difficult,0.5452734999083314,0.5852734999083314,hard,0.776923076923077,0.34831460674157305,0.32865168539325845,0.9797979797979798,19,0.223076923076923,0.3052631578947368,0.4322203193189012,0.5706460284733431,0.06971327831659244,0.10013932284304572,117.0,120.0,63.0,False,True,False,False,False
861,gpqa-diamond,gpqa-diamond-81,gpqa-diamond/gpqa-diamond-81,difficult,0.5452494400978236,0.5852494400978236,hard,0.7929487307692308,0.05056179775280899,0.7808988764044944,0.8939393939393939,18,0.2070512692307692,0.2990740555555555,0.3882722166622667,0.4012744700742882,0.017943675720562755,0.26365247696094274,170.0,40.0,64.0,False,True,False,False,False
862,gpqa-diamond,gpqa-diamond-88,gpqa-diamond/gpqa-diamond-88,unique_unpredictable,0.5418722695155969,0.5818722695155969,medium,0.4679487307692308,0.20224719101123595,0.9073033707865169,0.8484848484848485,19,0.5320512692307692,0.5438596315789473,0.3721366621160353,0.1155862606349304,0.04405579119921936,0.3269834883981433,143.0,18.0,66.0,False,False,False,True,False
863,gpqa-diamond,gpqa-diamond-69,gpqa-diamond/gpqa-diamond-69,unique_unpredictable,0.5377275346376469,0.5777275346376469,medium,0.5269230769230768,0.11797752808988764,0.9073033707865169,0.9191919191919192,19,0.4730769230769231,0.4631578947368421,0.3989598664894152,-0.0848299609929587,0.03163183680543558,0.3269834883981433,158.0,17.0,67.0,False,False,False,True,False
864,gpqa-diamond,gpqa-diamond-33,gpqa-diamond/gpqa-diamond-33,unique_unpredictable,0.5269959207459207,0.5669959207459208,easy,0.1019230769230769,0.5561797752808989,0.9213483146067416,0.51010101010101,19,0.8980769230769231,0.8605263157894738,0.2303830351278982,0.371843186204424,0.10670517078921112,0.32955444837651493,80.0,15.0,70.0,False,False,False,True,False
865,gpqa-diamond,gpqa-diamond-106,gpqa-diamond/gpqa-diamond-106,difficult,0.5182713587910217,0.5582713587910217,hard,0.9480769230769232,0.5,0.18258426966292135,0.40404040404040403,20,0.0519230769230769,0.0675,0.1719556628901764,-0.0782488563682453,0.09524981999679195,0.054287057822900664,90.0,146.0,72.0,False,True,False,False,False
866,gpqa-diamond,gpqa-diamond-167,gpqa-diamond/gpqa-diamond-167,difficult,0.5162659437940337,0.5562659437940337,hard,0.9076923076923077,0.19101123595505617,0.550561797752809,0.5656565656565656,20,0.0923076923076923,0.12,0.2481934729198171,0.6085637339816862,0.041521510631401685,0.1844895411558085,145.0,81.0,73.0,False,True,False,False,False
867,gpqa-diamond,gpqa-diamond-99,gpqa-diamond/gpqa-diamond-99,unique_unpredictable,0.5152045520023047,0.5552045520023048,easy,0.1269230769230768,0.47191011235955055,0.8398876404494382,0.7222222222222222,19,0.8730769230769232,0.8263157894736842,0.3306168163060928,0.3891399853425288,0.0903751116306035,0.2952356680784267,95.0,30.0,74.0,False,False,False,True,False
868,gpqa-diamond,gpqa-diamond-75,gpqa-diamond/gpqa-diamond-75,unique_unpredictable,0.503726984625861,0.543726984625861,medium,0.3653846153846154,0.1797752808988764,0.8735955056179775,0.8737373737373737,18,0.6346153846153846,0.6055555555555555,0.3792862041932952,-0.0251417057652829,0.03832554531638958,0.3064021150690054,147.0,23.0,78.0,False,False,False,True,False
869,gpqa-diamond,gpqa-diamond-12,gpqa-diamond/gpqa-diamond-12,unique_unpredictable,0.5013599696183966,0.5413599696183966,easy,0.2730769230769231,0.2696629213483146,0.9578651685393258,0.6616161616161617,18,0.7269230769230769,0.6944444444444444,0.3081706277413036,0.0527872395864737,0.0571783976418462,0.3925811770746719,131.0,8.0,79.0,False,False,False,True,False
870,gpqa-diamond,gpqa-diamond-22,gpqa-diamond/gpqa-diamond-22,unique_unpredictable,0.49361151488960475,0.5336115148896048,easy,0.1019230769230769,0.4101123595505618,0.9438202247191011,0.5909090909090909,18,0.8980769230769231,0.8527777777777777,0.2658697583311455,0.4103195528110504,0.07980565053086644,0.3899006121040196,106.0,11.0,80.0,False,False,False,True,False
871,gpqa-diamond,gpqa-diamond-164,gpqa-diamond/gpqa-diamond-164,unique_unpredictable,0.4793928949575705,0.5193928949575705,medium,0.3756410384615384,0.07303370786516854,0.9578651685393258,0.803030303030303,19,0.6243589615384616,0.6333333157894736,0.3627381395645381,0.1258561854272646,0.024897515687246668,0.3925811770746719,166.0,9.0,87.0,False,False,False,True,False
872,gpqa-diamond,gpqa-diamond-94,gpqa-diamond/gpqa-diamond-94,difficult,0.4655028024410047,0.5055028024410048,hard,0.7230769230769232,0.25842696629213485,0.32865168539325845,0.7474747474747475,20,0.2769230769230769,0.3,0.3376388603226826,0.6171633218702554,0.05433801357336889,0.10013932284304572,133.0,121.0,89.0,False,True,False,False,False
873,gpqa-diamond,gpqa-diamond-64,gpqa-diamond/gpqa-diamond-64,unique_unpredictable,0.44850613190788613,0.4885061319078861,easy,0.13333334615384618,0.33146067415730335,0.8117977528089888,0.6414141414141414,18,0.8666666538461538,0.807407388888889,0.2902862992428794,-0.3125478975843734,0.06366813687717936,0.28262694396908306,120.0,35.0,91.0,False,False,False,True,False
874,gpqa-diamond,gpqa-diamond-57,gpqa-diamond/gpqa-diamond-57,unique_unpredictable,0.38729407296823026,0.42729407296823024,easy,0.0692307692307692,0.24157303370786518,0.8932584269662921,0.41414141414141414,20,0.9307692307692308,0.91,0.1729161646579058,0.2033621113906147,0.05294402611218707,0.32094639279893045,136.0,20.0,106.0,False,False,False,True,False
875,gpqa-diamond,gpqa-diamond-187,gpqa-diamond/gpqa-diamond-187,unique_unpredictable,0.35097954159464123,0.3909795415946412,easy,0.058974346153846,0.20786516853932585,0.8539325842696629,0.3333333333333333,20,0.941025653846154,0.92333335,0.1402774722549116,0.1910240269611043,0.04662367762301586,0.30168067016706523,142.0,27.0,112.0,False,False,False,True,False
876,gpqa-diamond,gpqa-diamond-43,gpqa-diamond/gpqa-diamond-43,unique_unpredictable,0.31563408501610746,0.35563408501610744,saturated,0.03076923076923077,0.1348314606741573,0.9157303370786517,0.21212121212121213,17,0.9692307692307692,0.9529411764705882,0.1091013940646553,0.2205780423560676,0.0329219893005255,0.3284855347659037,155.0,16.0,118.0,False,False,False,True,False
877,gpqa-diamond,gpqa-diamond-100,gpqa-diamond/gpqa-diamond-100,unique_unpredictable,0.2909195641189335,0.3309195641189335,saturated,0.04358973076923078,0.011235955056179775,0.9831460674157303,0.20202020202020202,18,0.9564102692307692,0.9370370555555556,0.1053441202738657,-0.0006120255318941,0.001238801176246843,0.47886179394377304,177.0,4.0,124.0,False,False,False,True,False
878,gpqa-diamond,gpqa-diamond-87,gpqa-diamond/gpqa-diamond-87,unique_unpredictable,0.2506498651161572,0.2906498651161572,saturated,0.015384615384615219,0.016853932584269662,0.8848314606741573,0.13131313131313133,18,0.9846153846153848,0.977777777777778,0.0628539361054708,-0.0216398186866332,0.00229060751620084,0.3071796769724492,176.0,22.0,141.0,False,False,False,True,False
879,gpqa-diamond,gpqa-diamond-74,gpqa-diamond/gpqa-diamond-74,unique_unpredictable,0.24148709436630783,0.2814870943663078,saturated,0.009615384615384581,0.0056179775280898875,0.8848314606741573,0.10606060606060606,19,0.9903846153846154,0.986842105263158,0.055824219567359,0.0456794431774848,0.0012084423874811898,0.3071796769724492,178.0,21.0,143.0,False,False,False,True,False
880,gso,gso-huggingface--transformers-253f9a3,gso/gso-huggingface--transformers-253f9a3,base_representative;high_composite,0.7724170469457013,0.8324170469457013,medium,0.4102564230769231,1.0,0.75,0.8823529411764706,12,0.5897435769230769,0.5486110833333333,0.4389306550977914,0.2786413678423772,0.07487698643161003,0.7270565560472025,1.0,2.0,1.0,True,False,False,False,True
881,gso,gso-pandas-dev--pandas-233bd83,gso/gso-pandas-dev--pandas-233bd83,base_representative;difficult;frontier_with_variance,0.6127828054298643,0.7527828054298644,frontier,0.9923076923076924,0.625,0.375,0.3480392156862745,13,0.0076923076923076,0.0153846153846153,0.0532938710021193,0.312060392050873,0.03717198560035074,2.220446049250313e-16,2.0,3.0,3.0,True,True,True,False,False
882,gso,gso-pydantic--pydantic-addf1f9,gso/gso-pydantic--pydantic-addf1f9,difficult;frontier_with_variance;unique_unpredictable,0.6429864253393666,0.7629864253393667,frontier,0.9807692307692308,0.25,1.0,0.4019607843137255,12,0.0192307692307692,0.0416666666666666,0.1381926995981416,0.3443026310270121,0.014030615121504124,0.8294101396233691,4.0,1.0,2.0,False,True,True,True,False
883,gso,gso-pandas-dev--pandas-e7e3676,gso/gso-pandas-dev--pandas-e7e3676,difficult;frontier_with_variance,0.6127828054298643,0.6927828054298644,frontier,0.9923076923076924,0.625,0.375,0.3480392156862745,13,0.0076923076923076,0.0153846153846153,0.0532938710021193,0.312060392050873,0.03717198560035074,2.220446049250313e-16,3.0,4.0,4.0,False,True,True,False,False
884,gso,gso-huggingface--transformers-211f93a,gso/gso-huggingface--transformers-211f93a,difficult,0.2757352941176471,0.31573529411764706,frontier,1.0,0.0,0.0,0.1715686274509804,12,0.0,0.0,0.0,,,,,,5.0,False,True,False,False,False
885,humanevalfix,humanevalfix-python-118,humanevalfix/humanevalfix-python-118,base_representative;high_composite,0.7076085499865986,0.7676085499865986,easy,0.08461538461538443,1.0,0.7714285714285715,0.9573170731707317,20,0.9153846153846156,0.89,0.2567099530598687,0.5038870321638436,0.25163343419804673,0.02876795372627272,1.0,9.0,1.0,True,False,False,False,True
886,humanevalfix,humanevalfix-python-124,humanevalfix/humanevalfix-python-124,base_representative;high_composite,0.6886364245510586,0.7486364245510586,easy,0.08461538461538443,0.9714285714285714,0.7428571428571429,0.9451219512195121,20,0.9153846153846156,0.89,0.2487971060924945,0.5072265528464173,0.23068698319941564,0.02085092268673705,2.0,10.0,3.0,True,False,False,False,True
887,humanevalfix,humanevalfix-python-10,humanevalfix/humanevalfix-python-10,unique_unpredictable;high_composite,0.7029027070490484,0.7429027070490485,easy,0.0923076923076922,0.9428571428571428,0.8285714285714286,0.9512195121951219,20,0.9076923076923078,0.8800000000000001,0.2561249694973139,0.6027271359608749,0.219773406598409,0.06246455390711825,3.0,7.0,2.0,False,False,False,True,True
888,humanevalfix,humanevalfix-python-39,humanevalfix/humanevalfix-python-39,unique_unpredictable;high_composite,0.658407263468239,0.698407263468239,easy,0.06153846153846165,0.8,0.9142857142857143,0.8963414634146342,20,0.9384615384615383,0.92,0.1939071942966531,0.4037154477888736,0.18098724711744724,0.08838642113348238,8.0,4.0,4.0,False,False,False,True,True
889,humanevalfix,humanevalfix-python-77,humanevalfix/humanevalfix-python-77,unique_unpredictable;high_composite,0.6212577057089252,0.6612577057089253,easy,0.053846153846153766,0.7142857142857143,0.8714285714285714,0.9329268292682927,20,0.9461538461538462,0.93,0.2304343724360582,0.5416089884962658,0.15540161143352468,0.07351040009970788,11.0,6.0,6.0,False,False,False,True,True
890,humanevalfix,humanevalfix-python-53,humanevalfix/humanevalfix-python-53,high_composite,0.6339888769766819,0.6339888769766819,easy,0.0692307692307692,0.8571428571428571,0.7142857142857143,0.9207317073170732,20,0.9307692307692308,0.91,0.2142428528562855,0.4480928239225951,0.1958025788861811,0.02024964962731801,6.0,11.0,5.0,False,False,False,False,True
891,humanevalfix,humanevalfix-python-13,humanevalfix/humanevalfix-python-13,unique_unpredictable;high_composite,0.587069820423479,0.627069820423479,saturated,0.04615384615384621,0.6285714285714286,0.9428571428571428,0.7987804878048781,20,0.9538461538461538,0.94,0.1280624847486569,0.6558908771176933,0.10442101103636839,0.12240401731854178,14.0,3.0,9.0,False,False,False,True,True
892,humanevalfix,humanevalfix-python-85,humanevalfix/humanevalfix-python-85,unique_unpredictable;high_composite,0.5676641651031895,0.6076641651031895,saturated,0.038461538461538436,0.6571428571428571,0.8,0.8536585365853658,20,0.9615384615384616,0.95,0.1396424004376894,0.3391295390300275,0.13038048932794855,0.03682107851970118,13.0,8.0,11.0,False,False,False,True,True
893,humanevalfix,humanevalfix-python-16,humanevalfix/humanevalfix-python-16,high_composite,0.6066845349772179,0.6066845349772179,easy,0.053846153846153766,0.8285714285714286,0.6714285714285714,0.9024390243902439,20,0.9461538461538462,0.93,0.212367605815953,0.4429446906829617,0.18357635912703651,0.0016599552828775455,7.0,12.0,7.0,False,False,False,False,True
894,humanevalfix,humanevalfix-python-0,humanevalfix/humanevalfix-python-0,high_composite,0.5935509916912355,0.5935509916912355,easy,0.06153846153846143,0.9142857142857143,0.4857142857142857,0.9115853658536586,20,0.9384615384615386,0.9200000000000002,0.2135415650406262,0.4604301020231414,0.20045086108975158,5.551115123125783e-16,4.0,18.0,8.0,False,False,False,False,True
895,humanevalfix,humanevalfix-python-114,humanevalfix/humanevalfix-python-114,high_composite,0.5835509916912355,0.5835509916912355,easy,0.06153846153846143,0.8857142857142857,0.4857142857142857,0.9115853658536586,20,0.9384615384615386,0.9200000000000002,0.2135415650406262,0.4604301020231414,0.20045086108975155,5.551115123125783e-16,5.0,19.0,10.0,False,False,False,False,True
896,humanevalfix,humanevalfix-python-99,humanevalfix/humanevalfix-python-99,high_composite,0.5482652103993567,0.5482652103993567,saturated,0.038461538461538436,0.6857142857142857,0.6714285714285714,0.8719512195121951,20,0.9615384615384616,0.95,0.1532970971675589,0.4241973258022508,0.13296292325705705,0.0016599552828775455,12.0,13.0,12.0,False,False,False,False,True
897,humanevalfix,humanevalfix-python-6,humanevalfix/humanevalfix-python-6,unique_unpredictable;high_composite,0.4850422138836773,0.5250422138836773,saturated,0.038461538461538436,0.22857142857142856,1.0,0.9695121951219512,13,0.9615384615384616,0.9230769230769232,0.2664693550105965,0.1584912122015366,0.022980211424205303,0.9198216274262727,28.0,1.0,13.0,False,False,False,True,True
898,humanevalfix,humanevalfix-python-115,humanevalfix/humanevalfix-python-115,unique_unpredictable;high_composite,0.44511793084963813,0.4851179308496381,saturated,0.015384615384615219,0.3142857142857143,0.8714285714285714,0.7560975609756098,20,0.9846153846153848,0.98,0.0871779788708134,0.5115001031145163,0.0356275206801111,0.07351040009970788,25.0,5.0,15.0,False,False,False,True,True
899,humanevalfix,humanevalfix-python-28,humanevalfix/humanevalfix-python-28,unique_unpredictable,0.4273740284106137,0.4673740284106137,saturated,0.015384615384615219,0.2,0.9714285714285714,0.7378048780487805,20,0.9846153846153848,0.98,0.0599999999999999,0.7067783278754829,0.020538072975599325,0.3071796769724492,29.0,2.0,21.0,False,False,False,True,False
900,humanevalfix,humanevalfix-python-2,humanevalfix/humanevalfix-python-2,high_composite,0.4561970651299919,0.4561970651299919,saturated,0.019230769230769162,0.5428571428571428,0.5571428571428572,0.8140243902439024,13,0.9807692307692308,0.9615384615384616,0.1332346775052982,0.1593210512108105,0.09512107812817662,6.661338147750939e-16,17.0,16.0,14.0,False,False,False,False,True
901,humanevalfix,humanevalfix-python-11,humanevalfix/humanevalfix-python-11,high_composite,0.4436836638970785,0.4436836638970785,easy,0.053846153846153766,0.7571428571428571,0.12857142857142856,0.8871951219512195,20,0.9461538461538462,0.93,0.1819340539866025,0.5021945864658508,0.16844141314032843,0.0,9.0,28.0,16.0,False,False,False,False,True
902,humanevalfix,humanevalfix-python-128,humanevalfix/humanevalfix-python-128,high_composite,0.4436836638970785,0.4436836638970785,easy,0.053846153846153766,0.7571428571428571,0.12857142857142856,0.8871951219512195,20,0.9461538461538462,0.93,0.1819340539866025,0.5021945864658508,0.16844141314032843,0.0,10.0,31.0,17.0,False,False,False,False,True
903,humanevalfix,humanevalfix-python-60,humanevalfix/humanevalfix-python-60,high_composite,0.43511257035647277,0.43511257035647277,saturated,0.019230769230769162,0.5857142857142857,0.4,0.8353658536585366,12,0.9807692307692308,0.9583333333333334,0.1381926995981416,0.1593210512108107,0.09866079027883518,4.440892098500626e-16,15.0,22.0,18.0,False,False,False,False,True
904,ineqmath,ineqmath-47,ineqmath/ineqmath-47,base_representative;high_composite,0.6170787545787546,0.6770787545787547,easy,0.17307692307692313,0.9523809523809523,0.47619047619047616,0.8095238095238095,20,0.8269230769230769,0.775,0.3359687485466468,0.1324901233724958,0.31564739665691627,0.09348361226078705,2.0,12.0,2.0,True,False,False,False,True
905,ineqmath,ineqmath-56,ineqmath/ineqmath-56,base_representative;high_composite,0.6061584249084249,0.6661584249084249,easy,0.18653846153846154,1.0,0.23809523809523808,1.0,17,0.8134615384615385,0.7147058823529412,0.3984398640441435,0.1802281795970644,0.35987437437442277,0.0671321001030456,1.0,17.0,3.0,True,False,False,False,True
906,ineqmath,ineqmath-92,ineqmath/ineqmath-92,unique_unpredictable;high_composite,0.6053571428571428,0.6453571428571429,easy,0.2499999999999999,0.6190476190476191,0.9047619047619048,0.6666666666666666,20,0.7500000000000001,0.72,0.3171750305430741,-0.0735537340047822,0.2565663212528912,0.17357297235038038,9.0,3.0,4.0,False,False,False,True,True
907,ineqmath,ineqmath-61,ineqmath/ineqmath-61,high_composite,0.6197802197802198,0.6197802197802198,medium,0.3076923076923077,0.8095238095238095,0.5238095238095238,0.8571428571428571,20,0.6923076923076923,0.675,0.3389321466016465,0.1920258841749788,0.2822804217012688,0.13494665231764325,5.0,11.0,1.0,False,False,False,False,True
908,ineqmath,ineqmath-71,ineqmath/ineqmath-71,unique_unpredictable,0.542032967032967,0.582032967032967,easy,0.2538461538461537,0.5238095238095238,0.8095238095238095,0.6190476190476191,20,0.7461538461538463,0.7300000000000001,0.3163858403911275,0.155025849514436,0.2386040073512208,0.16509772820719826,11.0,5.0,5.0,False,False,False,True,False
909,ineqmath,ineqmath-57,ineqmath/ineqmath-57,unique_unpredictable,0.5279303997252747,0.5679303997252747,medium,0.3974358846153846,0.42857142857142855,0.8571428571428571,0.42857142857142855,15,0.6025641153846154,0.5861111333333333,0.2940091308315932,0.2338458328769171,0.22202261869717743,0.16860375535871208,13.0,4.0,7.0,False,False,False,True,False
910,ineqmath,ineqmath-67,ineqmath/ineqmath-67,unique_unpredictable,0.4855654569597069,0.5255654569597069,easy,0.23749992307692303,0.3333333333333333,0.9523809523809523,0.47619047619047616,15,0.762500076923077,0.7105555666666666,0.3001923297273969,0.199974210807114,0.20165351124860287,0.2275960260708112,15.0,2.0,9.0,False,False,False,True,False
911,ineqmath,ineqmath-76,ineqmath/ineqmath-76,unique_unpredictable,0.2875114468864469,0.3275114468864469,easy,0.054807692307692446,0.047619047619047616,1.0,0.047619047619047616,15,0.9451923076923076,0.905,0.1528070678993612,0.4123057863529308,0.08624681289131916,0.24277288060532853,21.0,1.0,18.0,False,False,False,True,False
912,kumo,kumo-herbenv-t4-a6-v1-s1,kumo/kumo-herbenv-t4-a6-v1-s1,base_representative;high_composite,0.657678911273657,0.717678911273657,easy,0.08653846153846156,1.0,0.609271523178808,0.8915094339622641,18,0.9134615384615384,0.875,0.3145764348029479,0.7336315170013596,0.30081046700608366,0.016164537164766624,1.0,60.0,12.0,True,False,False,False,True
913,kumo,kumo-transdimensionalenv-t4-a6-v1-s0,kumo/kumo-transdimensionalenv-t4-a6-v1-s0,base_representative,0.5095117576101269,0.569511757610127,easy,0.07692307692307676,0.9933774834437086,0.039735099337748346,0.8844339622641509,18,0.9230769230769232,0.8888888888888888,0.3142696805273545,0.7067783278754824,0.29124930669867544,0.0,2.0,151.0,40.0,True,False,False,False,False
914,kumo,kumo-vehicleenv-t4-a6-v1-s1,kumo/kumo-vehicleenv-t4-a6-v1-s1,unique_unpredictable;high_composite,0.7839978253263199,0.8239978253263199,medium,0.3455127307692307,0.9536423841059603,0.9006622516556292,0.9245283018867925,20,0.6544872692307693,0.65083335,0.334060715497838,0.5745351380840162,0.21527362401678268,0.3553198426683297,8.0,16.0,1.0,False,False,False,True,True
915,kumo,kumo-mythicalcreatureenv-t4-a6-v1-s0,kumo/kumo-mythicalcreatureenv-t4-a6-v1-s0,unique_unpredictable;high_composite,0.7710242889541422,0.8110242889541422,medium,0.40384600000000004,0.8013245033112583,0.9668874172185431,0.9858490566037735,17,0.596154,0.5588235882352942,0.4039882074289471,0.5979234807201309,0.1700972992777293,0.47956085197477094,31.0,6.0,2.0,False,False,False,True,True
916,kumo,kumo-wildlifeenv-t4-a6-v1-s0,kumo/kumo-wildlifeenv-t4-a6-v1-s0,difficult;unique_unpredictable;high_composite,0.7284834124715251,0.8084834124715252,hard,0.8044871923076924,0.3841059602649007,1.0,0.9528301886792453,19,0.1955128076923076,0.2675438421052631,0.3712817220292093,0.4918205278829582,0.08160616876713085,0.6045736259116072,94.0,1.0,5.0,False,True,False,True,True
917,kumo,kumo-chemicalenv-t12-a16-v1-s1,kumo/kumo-chemicalenv-t12-a16-v1-s1,unique_unpredictable;high_composite,0.7370527782874692,0.7770527782874692,easy,0.2166666923076923,0.8609271523178808,0.9403973509933775,0.9764150943396226,20,0.7833333076923077,0.7183333,0.3995101488072737,0.5119034602925339,0.17786518151301545,0.4339069535301251,22.0,10.0,3.0,False,False,False,True,True
918,kumo,kumo-fantasyenv-t12-a16-v1-s1,kumo/kumo-fantasyenv-t12-a16-v1-s1,unique_unpredictable;high_composite,0.7312541618996242,0.7712541618996243,easy,0.29166665384615387,0.8543046357615894,0.8543046357615894,0.9716981132075472,20,0.7083333461538461,0.65833335,0.3969501791437151,0.546758143048011,0.17623460934349125,0.22804331383317034,23.0,23.0,4.0,False,False,False,True,True
919,kumo,kumo-chemicalenv-t12-a16-v1-s0,kumo/kumo-chemicalenv-t12-a16-v1-s0,unique_unpredictable;high_composite,0.7244033054900085,0.7644033054900086,easy,0.1935897307692307,0.9337748344370861,0.847682119205298,0.9150943396226415,20,0.8064102692307693,0.74833335,0.3266794173532019,0.4789855407959811,0.20266015535167597,0.2188573525040718,11.0,24.0,6.0,False,False,False,True,True
920,kumo,kumo-medicalenv-t12-a16-v1-s0,kumo/kumo-medicalenv-t12-a16-v1-s0,difficult;unique_unpredictable;high_composite,0.676565939215102,0.7565659392151021,hard,0.8942307692307693,0.23178807947019867,0.9271523178807947,0.9339622641509434,17,0.1057692307692307,0.1617647058823529,0.3529411764705882,0.0775167106547304,0.04509770999830927,0.3949419547719095,117.0,12.0,10.0,False,True,False,True,True
921,kumo,kumo-astronomyenv-t4-a6-v1-s1,kumo/kumo-astronomyenv-t4-a6-v1-s1,unique_unpredictable;high_composite,0.715840093618739,0.755840093618739,easy,0.11538461538461542,0.9668874172185431,0.8311258278145696,0.9386792452830188,20,0.8846153846153846,0.85,0.3570714214271425,0.5625279223243289,0.2580233056522089,0.20069474611454663,6.0,26.0,7.0,False,False,False,True,True
922,kumo,kumo-educationenv-t12-a16-v1-s0,kumo/kumo-educationenv-t12-a16-v1-s0,high_composite,0.715568560828151,0.715568560828151,easy,0.15384615384615385,0.9403973509933775,0.7947019867549668,0.9952830188679245,17,0.8461538461538461,0.7647058823529411,0.4241825029957634,0.4326252064948012,0.20421732630942094,0.171899474347727,10.0,32.0,8.0,False,False,False,False,True
923,kumo,kumo-fantasyenv-t12-a16-v1-s0,kumo/kumo-fantasyenv-t12-a16-v1-s0,difficult;unique_unpredictable;high_composite,0.604837291786013,0.684837291786013,hard,0.8064102692307693,0.046357615894039736,0.9735099337748344,0.9575471698113207,17,0.1935897307692307,0.2960784117647059,0.3765829061415386,-0.1593599117301429,0.004551950673976961,0.4960694387463994,145.0,5.0,19.0,False,True,False,True,True
924,kumo,kumo-sorcererenv-t4-a6-v1-s0,kumo/kumo-sorcererenv-t4-a6-v1-s0,difficult;unique_unpredictable;high_composite,0.6006673579138592,0.6806673579138592,hard,0.8173076923076924,0.11920529801324503,0.8609271523178808,0.9292452830188679,17,0.1826923076923076,0.2794117647058823,0.3417338246653603,-0.0475726792387426,0.015141326132424783,0.23893937527954345,134.0,22.0,22.0,False,True,False,True,True
925,kumo,kumo-networkenv-t4-a6-v1-s1,kumo/kumo-networkenv-t4-a6-v1-s1,high_composite,0.6766235065684503,0.6766235065684503,easy,0.10897434615384616,0.9867549668874173,0.6754966887417219,0.9009433962264151,19,0.8910256538461538,0.8508772105263158,0.3194235241988916,0.735282049135717,0.2911638943838016,0.03225174563439337,3.0,50.0,9.0,False,False,False,False,True
926,kumo,kumo-beverageenv-t4-a6-v1-s0,kumo/kumo-beverageenv-t4-a6-v1-s0,high_composite,0.6652822499255087,0.6652822499255087,easy,0.07692307692307676,0.9602649006622517,0.7417218543046358,0.8301886792452831,20,0.9230769230769232,0.9,0.2549509756796392,0.7029284643582722,0.24156318623941886,0.084343852047438,7.0,40.0,11.0,False,False,False,False,True
927,kumo,kumo-medicalenv-t12-a16-v1-s1,kumo/kumo-medicalenv-t12-a16-v1-s1,unique_unpredictable;high_composite,0.6097104042726766,0.6497104042726767,easy,0.1467948846153847,0.5496688741721855,0.9536423841059603,0.9481132075471698,17,0.8532051153846153,0.7754901764705883,0.3686274744993819,0.4216746972426746,0.10005196100302213,0.46107733068933177,69.0,8.0,17.0,False,False,False,True,True
928,kumo,kumo-educationenv-t12-a16-v1-s1,kumo/kumo-educationenv-t12-a16-v1-s1,unique_unpredictable;high_composite,0.6013283552273666,0.6413283552273666,medium,0.36858969230769223,0.3443708609271523,0.9602649006622517,0.9905660377358491,18,0.6314103076923078,0.5972222222222222,0.4214997620197767,0.4124550689427382,0.07542502089745508,0.46609915932559676,100.0,7.0,21.0,False,False,False,True,True
929,kumo,kumo-relicenv-t4-a6-v1-s0,kumo/kumo-relicenv-t4-a6-v1-s0,unique_unpredictable;high_composite,0.6003152063168619,0.6403152063168619,easy,0.07692307692307676,0.6490066225165563,0.890728476821192,0.875,19,0.9230769230769232,0.8947368421052632,0.3068922049918579,0.3706012236145652,0.11584134124623284,0.3071796769724491,54.0,18.0,23.0,False,False,False,True,True
930,kumo,kumo-storageenv-t4-a6-v1-s1,kumo/kumo-storageenv-t4-a6-v1-s1,high_composite,0.6318798719710876,0.6318798719710876,easy,0.0673076923076924,0.9470198675496688,0.6490066225165563,0.8089622641509434,19,0.9326923076923076,0.9078947368421052,0.2461616701824961,0.6878585275779053,0.20897266366378334,0.025398621273769573,9.0,54.0,13.0,False,False,False,False,True
931,kumo,kumo-martialartsenv-t4-a6-v1-s1,kumo/kumo-martialartsenv-t4-a6-v1-s1,high_composite,0.6170821927342149,0.6170821927342149,easy,0.05128203846153845,0.8675496688741722,0.7086092715231788,0.8231132075471698,16,0.9487179615384616,0.9166666875,0.2499999791666788,0.5419133785579137,0.17790824362891872,0.05252699026503138,21.0,45.0,14.0,False,False,False,False,True
932,kumo,kumo-mathematicalenv-t4-a6-v1-s1,kumo/kumo-mathematicalenv-t4-a6-v1-s1,high_composite,0.613999077269101,0.613999077269101,easy,0.0673076923076924,0.9006622516556292,0.6423841059602649,0.8089622641509434,19,0.9326923076923076,0.9078947368421052,0.2461616701824961,0.5601367048542631,0.18624589226006594,0.025398618645273263,16.0,55.0,15.0,False,False,False,False,True
933,kumo,kumo-mlenv-t4-a6-v1-s0,kumo/kumo-mlenv-t4-a6-v1-s0,high_composite,0.6133197046299945,0.6133197046299945,easy,0.07692307692307676,0.9139072847682119,0.5662251655629139,0.8844339622641509,18,0.9230769230769232,0.8888888888888888,0.3142696805273545,0.4841234675347783,0.19059241179730108,0.010874361127396814,14.0,67.0,16.0,False,False,False,False,True
934,kumo,kumo-controlenv-t4-a6-v1-s1,kumo/kumo-controlenv-t4-a6-v1-s1,high_composite,0.6052953267512662,0.6052953267512662,easy,0.07051280769230761,0.9072847682119205,0.5993377483443708,0.8018867924528302,20,0.9294871923076924,0.90833335,0.2442391650047704,0.6402162632500918,0.18640655217523355,0.01345814992634553,15.0,61.0,18.0,False,False,False,False,True
935,kumo,kumo-timetravelenv-t4-a6-v1-s1,kumo/kumo-timetravelenv-t4-a6-v1-s1,high_composite,0.6040873494554927,0.6040873494554927,easy,0.07115384615384623,0.7483443708609272,0.7880794701986755,0.8490566037735849,15,0.9288461538461538,0.8766666666666667,0.2821740991342441,0.4908719415681437,0.13686588364380953,0.16193558017807697,39.0,33.0,20.0,False,False,False,False,True
936,kumo,kumo-artstyleenv-t4-a6-v1-s1,kumo/kumo-artstyleenv-t4-a6-v1-s1,unique_unpredictable,0.5481642340792875,0.5881642340792875,medium,0.4198717307692307,0.1456953642384106,0.9801324503311258,0.9811320754716981,20,0.5801282692307693,0.5791667,0.4026604307602251,0.1131246020622814,0.027276294927950362,0.5043129064892297,130.0,4.0,31.0,False,False,False,True,False
937,kumo,kumo-chessenv-t4-a6-v1-s1,kumo/kumo-chessenv-t4-a6-v1-s1,unique_unpredictable,0.5454915944982169,0.585491594498217,medium,0.3846153846153846,0.17880794701986755,0.9470198675496688,1.0,18,0.6153846153846154,0.5555555555555556,0.468119431843131,0.2166150819256659,0.03820061064999175,0.4416527611158194,125.0,9.0,33.0,False,False,False,True,False
938,kumo,kumo-languageenv-t4-a6-v1-s1,kumo/kumo-languageenv-t4-a6-v1-s1,high_composite,0.5834729212110362,0.5834729212110362,easy,0.05128203846153845,0.8874172185430463,0.5463576158940397,0.8231132075471698,16,0.9487179615384616,0.9166666875,0.2499999791666788,0.5058032440983756,0.18451262034479549,0.010624154260205132,18.0,69.0,24.0,False,False,False,False,True
939,kumo,kumo-fantasyenv-t4-a6-v1-s1,kumo/kumo-fantasyenv-t4-a6-v1-s1,high_composite,0.5732681975028595,0.5732681975028595,easy,0.0576923076923076,0.7682119205298014,0.6589403973509934,0.8349056603773585,17,0.9423076923076924,0.9117647058823528,0.2564058202082749,0.5037603728607607,0.14080476341110543,0.025398621273770017,36.0,53.0,25.0,False,False,False,False,True
940,kumo,kumo-virusclassificationenv-t4-a6-v1-s1,kumo/kumo-virusclassificationenv-t4-a6-v1-s1,unique_unpredictable,0.53316472668903,0.5731647266890301,easy,0.09615384615384603,0.5364238410596026,0.8807947019867549,0.6745283018867925,19,0.903846153846154,0.868421052631579,0.2267166570804493,0.2613931321881092,0.09814336437504544,0.2959365340827831,71.0,19.0,34.0,False,False,False,True,False
941,kumo,kumo-enzymeenv-t4-a6-v1-s0,kumo/kumo-enzymeenv-t4-a6-v1-s0,difficult;frontier_with_variance,0.49251596756985366,0.5725159675698537,frontier,0.9807692307692308,0.4370860927152318,0.17218543046357615,0.3419811320754717,19,0.0192307692307692,0.0263157894736842,0.111648439134718,-0.5115001031145167,0.0863289776661845,1.1102230246251565e-16,86.0,119.0,47.0,False,True,True,False,False
942,kumo,kumo-virusclassificationenv-t4-a6-v1-s0,kumo/kumo-virusclassificationenv-t4-a6-v1-s0,high_composite,0.5645206533114986,0.5645206533114986,easy,0.05128203846153845,0.8807947019867549,0.5364238410596026,0.7287735849056604,19,0.9487179615384616,0.9298245789473684,0.2314193828267805,0.5464267566082605,0.1837139641753994,0.01062406422076756,19.0,71.0,26.0,False,False,False,False,True
943,kumo,kumo-algorithmenv-t4-a6-v1-s1,kumo/kumo-algorithmenv-t4-a6-v1-s1,unique_unpredictable,0.523612299233941,0.5636122992339411,easy,0.13461538461538458,0.3576158940397351,0.9072847682119205,0.9198113207547169,20,0.8653846153846154,0.825,0.3269174207655505,0.3377677448429717,0.07766985774607434,0.36481563946330653,98.0,15.0,36.0,False,False,False,True,False
944,kumo,kumo-celestialenv-t4-a6-v1-s0,kumo/kumo-celestialenv-t4-a6-v1-s0,high_composite,0.561218826592672,0.561218826592672,easy,0.06089742307692303,0.7880794701986755,0.6688741721854304,0.6863207547169812,20,0.939102576923077,0.92083335,0.2289392626270721,0.5852285474596624,0.16265714771817005,0.028219886181672038,33.0,51.0,27.0,False,False,False,False,True
945,kumo,kumo-computationenv-t4-a6-v1-s0,kumo/kumo-computationenv-t4-a6-v1-s0,high_composite,0.5603371091609877,0.5603371091609877,easy,0.0576923076923076,0.8940397350993378,0.4735099337748344,0.7641509433962265,20,0.9423076923076924,0.925,0.2384848003542364,0.5434507613824909,0.18599031906645763,1.9184653865522705e-13,17.0,80.0,28.0,False,False,False,False,True
946,kumo,kumo-fungalenv-t4-a6-v1-s0,kumo/kumo-fungalenv-t4-a6-v1-s0,high_composite,0.5572929382250886,0.5572929382250886,easy,0.0576923076923076,0.7814569536423841,0.695364238410596,0.6367924528301887,15,0.9423076923076924,0.9,0.2198484326378819,0.5316496675516469,0.16054420194592833,0.03873832718989734,34.0,47.0,29.0,False,False,False,False,True
947,kumo,kumo-architecturalenv-t4-a6-v1-s1,kumo/kumo-architecturalenv-t4-a6-v1-s1,unique_unpredictable,0.5110278092806544,0.5510278092806544,easy,0.2621794615384615,0.15894039735099338,0.9933774834437086,0.9433962264150944,20,0.7378205384615385,0.6966667,0.3579494194560315,-0.1499864232746989,0.02964311425674891,0.5708249128675662,128.0,2.0,38.0,False,False,False,True,False
948,kumo,kumo-transportenv-t4-a6-v1-s0,kumo/kumo-transportenv-t4-a6-v1-s0,unique_unpredictable,0.5061624895459875,0.5461624895459876,easy,0.0685897307692308,0.5761589403973509,0.8013245033112583,0.5801886792452831,18,0.9314102692307692,0.9009259444444444,0.1727118435385857,0.4848454507806775,0.1047560915924807,0.17418013982095104,65.0,31.0,41.0,False,False,False,True,False
949,kumo,kumo-pollutionenv-t4-a6-v1-s0,kumo/kumo-pollutionenv-t4-a6-v1-s0,unique_unpredictable,0.4835833533554724,0.5235833533554725,easy,0.1025640769230769,0.32450331125827814,0.8708609271523179,0.8443396226415094,17,0.8974359230769231,0.8431372941176472,0.2769499140674579,0.1277650747189416,0.07100446342173371,0.23962427229617111,103.0,20.0,50.0,False,False,False,True,False
950,kumo,kumo-educationenv-t4-a6-v1-s1,kumo/kumo-educationenv-t4-a6-v1-s1,unique_unpredictable,0.4604654696808408,0.5004654696808408,easy,0.1025641153846154,0.16556291390728478,0.9867549668874173,0.8679245283018868,16,0.8974358846153846,0.8333333125,0.3061862518685969,-0.0429925095459331,0.03295828803279832,0.5174609696995139,127.0,3.0,57.0,False,False,False,True,False
951,kumo,kumo-starconstellationenv-t4-a6-v1-s1,kumo/kumo-starconstellationenv-t4-a6-v1-s1,unique_unpredictable,0.45977997673588744,0.4997799767358874,easy,0.13461534615384607,0.17218543046357615,0.9172185430463576,0.910377358490566,18,0.8653846538461539,0.8055556111111112,0.3251305293434108,0.0769401774781326,0.036847780189631744,0.39275983491390876,126.0,14.0,58.0,False,False,False,True,False
952,kumo,kumo-spiceenv-t4-a6-v1-s1,kumo/kumo-spiceenv-t4-a6-v1-s1,unique_unpredictable,0.38488012908620806,0.42488012908620804,saturated,0.038461538461538436,0.24503311258278146,0.8311258278145696,0.5448113207547169,18,0.9615384615384616,0.9444444444444444,0.1571348402636772,0.3053038828770472,0.048369884071797174,0.20069474611454663,115.0,27.0,85.0,False,False,False,True,False
953,kumo,kumo-leadershipenv-t4-a6-v1-s0,kumo/kumo-leadershipenv-t4-a6-v1-s0,unique_unpredictable,0.3727322975026192,0.4127322975026192,saturated,0.032051269230769175,0.25165562913907286,0.8178807947019867,0.4811320754716981,16,0.9679487307692308,0.9479166875,0.1409140131945359,0.3358497273485167,0.053390178846150396,0.17475893789622055,114.0,28.0,91.0,False,False,False,True,False
954,kumo,kumo-marineenv-t4-a6-v1-s0,kumo/kumo-marineenv-t4-a6-v1-s0,unique_unpredictable,0.3230251564305212,0.3630251564305212,saturated,0.032051269230769175,0.12582781456953643,0.8079470198675497,0.45990566037735847,18,0.9679487307692308,0.9537037222222222,0.1338595185756759,0.2326348120362512,0.022223910799706894,0.17475893789622043,133.0,30.0,104.0,False,False,False,True,False
955,kumo,kumo-licenseenv-t4-a6-v1-s0,kumo/kumo-licenseenv-t4-a6-v1-s0,unique_unpredictable,0.30187437403161316,0.34187437403161314,saturated,0.012820500000000012,0.0728476821192053,0.9172185430463576,0.29245283018867924,13,0.9871795,0.974359,0.0888230295137471,0.1062978184396032,0.006076858539757642,0.39275983491390876,141.0,13.0,113.0,False,False,False,True,False
956,kumo,kumo-fantasyenv-t4-a6-v1-s0,kumo/kumo-fantasyenv-t4-a6-v1-s0,unique_unpredictable,0.2936782288360615,0.33367822883606146,saturated,0.012820500000000012,0.07947019867549669,0.890728476821192,0.2665094339622642,18,0.9871795,0.9814815,0.0763537315280006,-0.0447992062277297,0.006773696980135534,0.3071796769724491,140.0,17.0,116.0,False,False,False,True,False
957,kumo,kumo-oskernelenv-t4-a6-v1-s0,kumo/kumo-oskernelenv-t4-a6-v1-s0,unique_unpredictable,0.2907403882186007,0.3307403882186007,saturated,0.032051269230769175,0.026490066225165563,0.8178807947019867,0.45990566037735847,18,0.9679487307692308,0.9537037222222222,0.1338595185756759,0.129083254021673,0.0024747646290864274,0.17475893789622055,148.0,29.0,117.0,False,False,False,True,False
958,kumo,kumo-architecturalenv-t4-a6-v1-s0,kumo/kumo-architecturalenv-t4-a6-v1-s0,unique_unpredictable,0.2801793678332164,0.3201793678332164,saturated,0.009615384615384581,0.039735099337748346,0.9337748344370861,0.2028301886792453,20,0.9903846153846154,0.9875,0.0544862367942584,0.029805988058403,0.004126073395214368,0.4153871777845325,146.0,11.0,119.0,False,False,False,True,False
959,kumo,kumo-plantenv-t4-a6-v1-s1,kumo/kumo-plantenv-t4-a6-v1-s1,unique_unpredictable,0.2741613889971549,0.3141613889971549,saturated,0.022435884615384594,0.033112582781456956,0.8410596026490066,0.3113207547169811,16,0.9775641153846154,0.9635416875,0.0975780303409268,0.1385075455238709,0.003945042036755675,0.20865779897939896,147.0,25.0,124.0,False,False,False,True,False
960,kumo,kumo-roverenv-t4-a6-v1-s0,kumo/kumo-roverenv-t4-a6-v1-s0,difficult,0.2652122641509434,0.3052122641509434,frontier,1.0,0.0,0.0,0.10141509433962265,16,0.0,0.0,0.0,,,,,,126.0,False,True,False,False,False
961,kumo,kumo-roverenv-t4-a6-v1-s1,kumo/kumo-roverenv-t4-a6-v1-s1,difficult,0.2652122641509434,0.3052122641509434,frontier,1.0,0.0,0.0,0.10141509433962265,19,0.0,0.0,0.0,,,,,,127.0,False,True,False,False,False
962,kumo,kumo-stellarenv-t4-a6-v1-s1,kumo/kumo-stellarenv-t4-a6-v1-s1,unique_unpredictable,0.2549841285479484,0.29498412854794837,saturated,0.009615384615384581,0.006622516556291391,0.8708609271523179,0.2169811320754717,18,0.9903846153846154,0.9861111111111112,0.0572653559113564,0.0212874442894646,0.0003396358676743543,0.23962427229617111,151.0,21.0,131.0,False,False,False,True,False
963,labbench,labbench-figqa-0036,labbench/labbench-figqa-0036,base_representative;difficult;high_composite,0.7135683760683761,0.8135683760683761,hard,0.8153846153846154,1.0,0.03888888888888889,1.0,13,0.1846153846153846,0.3692307692307692,0.469671923768423,0.4331205548449982,0.4364896553931311,0.008023995530828776,1.0,174.0,6.0,True,True,False,False,True
964,labbench,labbench-figqa-0128,labbench/labbench-figqa-0128,base_representative;high_composite,0.6886798177267792,0.7486798177267793,medium,0.676923076923077,0.9944444444444445,0.08888888888888889,0.994475138121547,13,0.323076923076923,0.4461538461538461,0.4651143525486454,0.4128215991448986,0.43275015916037946,0.018620957223147716,2.0,165.0,16.0,True,False,False,False,True
965,labbench,labbench-figqa-0156,labbench/labbench-figqa-0156,difficult;high_composite,0.7515448954053927,0.7915448954053927,hard,0.7153846153846154,0.9111111111111111,0.4583333333333333,0.9281767955801105,13,0.2846153846153846,0.3692307692307693,0.4356862233386552,0.5373303447577563,0.37777400212654483,0.07539649069810062,17.0,99.0,1.0,False,True,False,False,True
966,labbench,labbench-figqa-0003,labbench/labbench-figqa-0003,difficult;high_composite,0.7412151744817491,0.7812151744817492,hard,0.8307692307692308,0.9333333333333333,0.2638888888888889,0.9392265193370166,13,0.1692307692307692,0.3384615384615384,0.43947251867956,0.5214584748998436,0.3809731978205322,0.04741757659150203,13.0,133.0,2.0,False,True,False,False,True
967,labbench,labbench-figqa-0061,labbench/labbench-figqa-0061,difficult;high_composite,0.732050337630448,0.7720503376304481,medium,0.7,0.9277777777777778,0.40555555555555556,0.8729281767955801,13,0.3,0.4,0.4150996173302166,0.5257705311675233,0.3805596363733729,0.07046910666675532,14.0,108.0,4.0,False,True,False,False,True
968,labbench,labbench-figqa-0094,labbench/labbench-figqa-0094,difficult;unique_unpredictable,0.6641706804552109,0.744170680455211,hard,0.7615384615384616,0.31666666666666665,0.9777777777777777,0.7900552486187845,20,0.2384615384615384,0.31,0.4023679907746141,0.0933240094040953,0.18231243861984966,0.3666086215590222,124.0,5.0,29.0,False,True,False,True,False
969,labbench,labbench-figqa-0118,labbench/labbench-figqa-0118,high_composite,0.741092871983756,0.741092871983756,medium,0.6615384615384616,0.8166666666666667,0.5694444444444444,0.9834254143646409,13,0.3384615384615384,0.4769230769230769,0.4610253558083599,0.6657751499439356,0.3493555490290145,0.09940155000456974,34.0,79.0,3.0,False,False,False,False,True
970,labbench,labbench-figqa-0067,labbench/labbench-figqa-0067,difficult;high_composite,0.6976086674222033,0.7376086674222033,hard,0.8307692307692308,0.9777777777777777,0.030555555555555555,0.9337016574585635,13,0.1692307692307692,0.3384615384615385,0.4394725186795599,0.4618402634205745,0.4175457111737062,0.005534360154920814,5.0,176.0,7.0,False,True,False,False,True
971,labbench,labbench-figqa-0071,labbench/labbench-figqa-0071,difficult;high_composite,0.6955785758133823,0.7355785758133824,medium,0.7,0.9833333333333333,0.12222222222222222,0.9723756906077348,13,0.3,0.4,0.4506405697192865,0.4312946541943189,0.42161694238782926,0.024764514751135724,4.0,159.0,8.0,False,True,False,False,True
972,labbench,labbench-figqa-0013,labbench/labbench-figqa-0013,difficult;high_composite,0.6943358360485431,0.7343358360485431,hard,0.823076923076923,0.9166666666666666,0.1388888888888889,0.8867403314917127,13,0.1769230769230769,0.3538461538461538,0.4235661507057293,0.3750558559710011,0.3778634402236607,0.024973754504018286,16.0,156.0,10.0,False,True,False,False,True
973,labbench,labbench-figqa-0076,labbench/labbench-figqa-0076,difficult;high_composite,0.6933503919346461,0.7333503919346461,hard,0.8615384615384616,0.6111111111111112,0.6916666666666667,0.6077348066298343,13,0.1384615384615384,0.2769230769230769,0.3724221057510832,0.3401965133697582,0.28108503516566663,0.13381098424827387,71.0,56.0,11.0,False,True,False,False,True
974,labbench,labbench-figqa-0001,labbench/labbench-figqa-0001,difficult;high_composite,0.689799192520187,0.729799192520187,hard,0.7153846153846154,0.8111111111111111,0.39444444444444443,0.856353591160221,13,0.2846153846153846,0.3692307692307692,0.4139576629868833,0.4421972316606166,0.347762570076553,0.06883108766159873,35.0,110.0,13.0,False,True,False,False,True
975,labbench,labbench-figqa-0090,labbench/labbench-figqa-0090,difficult;high_composite,0.6888043041979507,0.7288043041979507,hard,0.8384615384615385,0.8666666666666667,0.21944444444444444,0.8066298342541437,13,0.1615384615384615,0.3230769230769231,0.4041207857404215,0.550311520077491,0.3592410265401726,0.03745353756215786,25.0,141.0,14.0,False,True,False,False,True
976,labbench,labbench-figqa-0062,labbench/labbench-figqa-0062,difficult;high_composite,0.6887260353213391,0.7287260353213392,hard,0.8384615384615385,0.9611111111111111,0.030555555555555555,0.9005524861878453,13,0.1615384615384615,0.3230769230769231,0.4263509680169545,0.4829368968788446,0.40749648707978214,0.005534360154920814,8.0,175.0,15.0,False,True,False,False,True
977,labbench,labbench-figqa-0101,labbench/labbench-figqa-0101,difficult;high_composite,0.6878514426028237,0.7278514426028238,medium,0.7,0.9555555555555556,0.16666666666666666,0.9116022099447514,13,0.3,0.4,0.4296689244236598,0.437748758668617,0.40033255996105005,0.02787089268125187,9.0,151.0,17.0,False,True,False,False,True
978,labbench,labbench-figqa-0132,labbench/labbench-figqa-0132,difficult;high_composite,0.6817834206922604,0.7217834206922604,hard,0.7076923076923076,0.95,0.18888888888888888,0.8342541436464088,13,0.2923076923076923,0.3846153846153846,0.4110888989503811,0.4950355065184679,0.39505312483335203,0.03280403005806454,10.0,147.0,19.0,False,True,False,False,True
979,labbench,labbench-figqa-0034,labbench/labbench-figqa-0034,difficult;high_composite,0.6783199343627521,0.7183199343627521,hard,0.876923076923077,0.8611111111111112,0.175,0.7596685082872928,13,0.123076923076923,0.2461538461538461,0.3934372877705976,0.5064440934367541,0.3590047533793773,0.029708989712176725,26.0,149.0,21.0,False,True,False,False,True
980,labbench,labbench-figqa-0087,labbench/labbench-figqa-0087,high_composite,0.7162695967323038,0.7162695967323038,medium,0.676923076923077,0.9388888888888889,0.3416666666666667,0.8867403314917127,13,0.323076923076923,0.4461538461538461,0.4235661507057293,0.469263369148989,0.3827493154220143,0.05881090852501114,12.0,119.0,5.0,False,False,False,False,True
981,labbench,labbench-figqa-0099,labbench/labbench-figqa-0099,difficult;high_composite,0.6749206686499504,0.7149206686499504,hard,0.8307692307692308,0.9055555555555556,0.10555555555555556,0.8259668508287292,13,0.1692307692307692,0.3384615384615385,0.4105127404346564,0.4426044270780037,0.3772739306056531,0.01966518944229234,18.0,162.0,24.0,False,True,False,False,True
982,labbench,labbench-figqa-0142,labbench/labbench-figqa-0142,difficult;high_composite,0.6720349317655948,0.7120349317655948,hard,0.8461538461538463,0.6722222222222223,0.4583333333333333,0.7375690607734806,13,0.1538461538461538,0.3076923076923077,0.3892034043284159,0.3276830349220794,0.308699026453181,0.07539649069810062,60.0,98.0,26.0,False,True,False,False,True
983,labbench,labbench-figqa-0023,labbench/labbench-figqa-0023,difficult;unique_unpredictable,0.630734051093167,0.7107340510931671,hard,0.7307692307692308,0.45555555555555555,0.8444444444444444,0.5165745856353591,13,0.2692307692307692,0.3384615384615385,0.3541804440991181,0.3255329525521179,0.23774970409855653,0.20467926250281654,99.0,29.0,48.0,False,True,False,True,False
984,labbench,labbench-figqa-0162,labbench/labbench-figqa-0162,difficult;high_composite,0.669851312744959,0.709851312744959,hard,0.8615384615384616,0.8277777777777777,0.175,0.8066298342541437,13,0.1384615384615384,0.2769230769230769,0.4041207857404215,0.5222581528222401,0.3515432256367918,0.029708989712176725,32.0,150.0,28.0,False,True,False,False,True
985,labbench,labbench-figqa-0143,labbench/labbench-figqa-0143,unique_unpredictable,0.6618062638711809,0.701806263871181,medium,0.5461538461538461,0.5055555555555555,0.8861111111111111,0.8453038674033149,20,0.4538461538461539,0.47,0.4112177038990418,0.1727277846975214,0.25570807630418435,0.22232028093950162,90.0,22.0,30.0,False,False,False,True,False
986,labbench,labbench-figqa-0043,labbench/labbench-figqa-0043,difficult,0.6615378712754403,0.7015378712754403,hard,0.7076923076923078,0.75,0.4111111111111111,0.7955801104972375,13,0.2923076923076922,0.3846153846153846,0.4035346784185847,0.3943885018621252,0.32710358202067097,0.07234513249476315,46.0,107.0,31.0,False,True,False,False,False
987,labbench,labbench-figqa-0144,labbench/labbench-figqa-0144,difficult,0.658748465316145,0.698748465316145,hard,0.9,0.4666666666666667,0.6805555555555556,0.6685082872928176,13,0.1,0.2,0.3762159772503842,0.2433272316125936,0.2399539226616254,0.12846345620668964,97.0,59.0,33.0,False,True,False,False,False
988,labbench,labbench-figqa-0041,labbench/labbench-figqa-0041,difficult,0.6575722481937951,0.6975722481937952,hard,0.7076923076923078,0.6833333333333333,0.5333333333333333,0.7209944751381215,13,0.2923076923076922,0.3846153846153846,0.387985237320569,0.3645570425378311,0.31271560152806055,0.09095403969183968,58.0,85.0,34.0,False,True,False,False,False
989,labbench,labbench-figqa-0133,labbench/labbench-figqa-0133,difficult,0.656217594560136,0.696217594560136,hard,0.7384615384615385,0.7944444444444444,0.42777777777777776,0.5773480662983426,13,0.2615384615384615,0.3230769230769231,0.3640664481907456,0.5366990618528856,0.3438774359776209,0.07341672505113028,38.0,104.0,36.0,False,True,False,False,False
990,labbench,labbench-figqa-0073,labbench/labbench-figqa-0073,high_composite,0.6952160362657601,0.6952160362657601,medium,0.676923076923077,0.8388888888888889,0.4388888888888889,0.8176795580110497,13,0.323076923076923,0.4461538461538461,0.4087793924795821,0.4646488464666211,0.35609839306273916,0.0751586427254125,30.0,102.0,9.0,False,False,False,False,True
991,labbench,labbench-figqa-0146,labbench/labbench-figqa-0146,high_composite,0.6930722009727535,0.6930722009727535,medium,0.5846153846153845,0.8944444444444445,0.4166666666666667,0.8646408839779005,13,0.4153846153846154,0.4307692307692308,0.4139576629868834,0.5301574666313104,0.37149627062948076,0.07277234932436971,20.0,106.0,12.0,False,False,False,False,True
992,labbench,labbench-figqa-0160,labbench/labbench-figqa-0160,difficult,0.649792817679558,0.689792817679558,medium,0.7,0.8888888888888888,0.20555555555555555,0.7486187845303868,13,0.3,0.4,0.3922322702763681,0.4837044924161753,0.3713338036335749,0.03411160213717457,21.0,144.0,37.0,False,True,False,False,False
993,labbench,labbench-figqa-0180,labbench/labbench-figqa-0180,difficult,0.6488404873211503,0.6888404873211503,hard,0.8461538461538463,0.7666666666666667,0.23333333333333334,0.7375690607734806,13,0.1538461538461538,0.3076923076923077,0.3892034043284159,0.4204449518265911,0.3365464802810982,0.04183199601735055,43.0,139.0,38.0,False,True,False,False,False
994,labbench,labbench-figqa-0077,labbench/labbench-figqa-0077,difficult,0.6482489257213013,0.6882489257213014,hard,0.8,0.8722222222222222,0.1111111111111111,0.7679558011049724,20,0.2,0.26,0.3954743986657038,0.4091729639676407,0.36546220473139596,0.019847912802805956,24.0,161.0,39.0,False,True,False,False,False
995,labbench,labbench-figqa-0148,labbench/labbench-figqa-0148,difficult,0.6461524885488974,0.6861524885488974,hard,0.7461538461538462,0.6444444444444445,0.5583333333333333,0.6298342541436464,13,0.2538461538461539,0.3076923076923077,0.3730570970148351,0.3735618504132355,0.29670721619093793,0.09930068321372643,65.0,81.0,40.0,False,True,False,False,False
996,labbench,labbench-figqa-0147,labbench/labbench-figqa-0147,high_composite,0.6857463875903103,0.6857463875903103,medium,0.6846153846153846,0.9888888888888889,0.08055555555555556,0.988950276243094,13,0.3153846153846154,0.4307692307692307,0.4630743674859203,0.3672181733842127,0.4275545852704241,0.01852309702406152,3.0,167.0,18.0,False,False,False,False,True
997,labbench,labbench-figqa-0051,labbench/labbench-figqa-0051,difficult;unique_unpredictable,0.6035504320725315,0.6835504320725315,hard,0.7461538461538462,0.3611111111111111,0.8111111111111111,0.585635359116022,13,0.2538461538461539,0.3076923076923077,0.3647159874193753,0.6067082845333777,0.19913573228079903,0.18241652449758539,116.0,35.0,72.0,False,True,False,True,False
998,labbench,labbench-figqa-0127,labbench/labbench-figqa-0127,high_composite,0.6804778179156632,0.6804778179156632,medium,0.6846153846153846,0.9666666666666667,0.09722222222222222,0.9779005524861878,13,0.3153846153846154,0.4307692307692308,0.4563814453597332,0.4236613197832189,0.41491904682675035,0.019384809960854232,7.0,164.0,20.0,False,False,False,False,True
999,labbench,labbench-figqa-0108,labbench/labbench-figqa-0108,difficult,0.6377826179345516,0.6777826179345516,hard,0.7153846153846154,0.8,0.25,0.7762430939226519,13,0.2846153846153846,0.3692307692307693,0.3988148122097145,0.5288402191280407,0.34655154534179017,0.04654657638515125,37.0,136.0,42.0,False,True,False,False,False
1000,labbench,labbench-figqa-0155,labbench/labbench-figqa-0155,high_composite,0.6771173915096568,0.6771173915096568,medium,0.6692307692307693,0.9222222222222223,0.2111111111111111,0.8950276243093923,13,0.3307692307692307,0.4615384615384615,0.4252392295718539,0.5166273379109063,0.3790773738371988,0.03430549443461772,15.0,143.0,22.0,False,False,False,False,True
1001,labbench,labbench-figqa-0007,labbench/labbench-figqa-0007,unique_unpredictable,0.6360523799405015,0.6760523799405015,medium,0.5230769230769231,0.5277777777777778,0.8861111111111111,0.6602209944751382,20,0.4769230769230769,0.4699999999999999,0.375632799419859,0.2556964506032526,0.26383184150012096,0.22232028093950162,86.0,21.0,44.0,False,False,False,True,False
1002,labbench,labbench-figqa-0145,labbench/labbench-figqa-0145,high_composite,0.6756206615667941,0.6756206615667941,medium,0.6923076923076923,0.9722222222222222,0.08055555555555556,0.9475138121546961,13,0.3076923076923077,0.4153846153846154,0.440010758340772,0.4218197759116266,0.4160037772072316,0.01852309702406152,6.0,166.0,23.0,False,False,False,False,True
1003,labbench,labbench-figqa-0151,labbench/labbench-figqa-0151,difficult,0.6339659772394579,0.673965977239458,hard,0.7230769230769232,0.6333333333333333,0.6277777777777778,0.4972375690607735,13,0.2769230769230769,0.3538461538461538,0.3521699428387568,0.3679425104694646,0.29123801920009923,0.1174158941875546,67.0,68.0,45.0,False,True,False,False,False
1004,labbench,labbench-figqa-0095,labbench/labbench-figqa-0095,difficult,0.6326691103555745,0.6726691103555745,hard,0.8692307692307693,0.45,0.6916666666666667,0.5662983425414365,13,0.1307692307692307,0.2615384615384615,0.3627638806938952,0.2166429952858634,0.23769817221321438,0.13381098424827387,100.0,57.0,47.0,False,True,False,False,False
1005,labbench,labbench-figqa-0098,labbench/labbench-figqa-0098,high_composite,0.6726218893138782,0.6726218893138782,medium,0.6923076923076923,0.8777777777777778,0.3416666666666667,0.712707182320442,13,0.3076923076923077,0.4153846153846153,0.3879852373205689,0.5855402085196779,0.36721845593413505,0.05881090852501114,23.0,120.0,25.0,False,False,False,False,True
1006,labbench,labbench-figqa-0002,labbench/labbench-figqa-0002,difficult;unique_unpredictable,0.5921885772300136,0.6721885772300137,hard,0.9076923076923077,0.25555555555555554,0.8944444444444445,0.34806629834254144,13,0.0923076923076923,0.1846153846153846,0.3182793979319569,0.3603606663967612,0.1655441951074216,0.22484685293660966,135.0,20.0,79.0,False,True,False,True,False
1007,labbench,labbench-figqa-0083,labbench/labbench-figqa-0083,high_composite,0.6700651060112386,0.6700651060112386,medium,0.6923076923076923,0.9444444444444444,0.09722222222222222,0.9475138121546961,13,0.3076923076923077,0.4153846153846154,0.440010758340772,0.4696677693908649,0.3916678702058036,0.019384809960854232,11.0,163.0,27.0,False,False,False,False,True
1008,labbench,labbench-figqa-0010,labbench/labbench-figqa-0010,difficult,0.6233098998913915,0.6633098998913916,hard,0.7230769230769232,0.7,0.3194444444444444,0.7845303867403315,13,0.2769230769230769,0.3538461538461538,0.4011816864740091,0.3860464786821902,0.31452793370120896,0.05558622575026695,55.0,123.0,55.0,False,True,False,False,False
1009,labbench,labbench-figqa-0149,labbench/labbench-figqa-0149,difficult,0.6228079992444634,0.6628079992444634,hard,0.8692307692307693,0.7333333333333333,0.25555555555555554,0.5662983425414365,13,0.1307692307692307,0.2615384615384615,0.3627638806938952,0.4104098962656055,0.3225053813749501,0.04666299111892147,49.0,135.0,56.0,False,True,False,False,False
1010,labbench,labbench-figqa-0065,labbench/labbench-figqa-0065,difficult,0.6193226141568684,0.6593226141568684,hard,0.7615384615384616,0.7111111111111111,0.35555555555555557,0.6077348066298343,13,0.2384615384615384,0.2769230769230769,0.3724221057510832,0.5373258357349108,0.31925495304189927,0.06232437965666249,53.0,117.0,57.0,False,True,False,False,False
1011,labbench,labbench-figqa-0082,labbench/labbench-figqa-0082,difficult,0.6160484251782594,0.6560484251782595,hard,0.8153846153846154,0.85,0.044444444444444446,0.6906077348066298,20,0.1846153846153846,0.24,0.3826225293941798,0.3587976409621735,0.35765674211539084,0.011405375145287056,28.0,173.0,58.0,False,True,False,False,False
1012,labbench,labbench-figqa-0134,labbench/labbench-figqa-0134,difficult,0.6147164376446145,0.6547164376446145,hard,0.823076923076923,0.8055555555555556,0.15,0.5966850828729282,20,0.1769230769230769,0.2299999999999999,0.3702701716314724,0.4031456789948265,0.34727720910776017,0.026537371792903386,36.0,154.0,60.0,False,True,False,False,False
1013,labbench,labbench-figqa-0170,labbench/labbench-figqa-0170,difficult,0.613084773575105,0.6530847735751051,hard,0.8538461538461539,0.7833333333333333,0.13055555555555556,0.6187845303867403,13,0.1461538461538461,0.2923076923076923,0.373057097014835,0.4900447100020397,0.3424679961988222,0.024919512782831443,40.0,158.0,61.0,False,True,False,False,False
1014,labbench,labbench-figqa-0064,labbench/labbench-figqa-0064,difficult,0.6124024885488975,0.6524024885488975,hard,0.8461538461538463,0.7722222222222223,0.14444444444444443,0.6298342541436464,13,0.1538461538461538,0.3076923076923077,0.3730570970148351,0.3800444948561179,0.3394502524986578,0.02497698266628967,42.0,155.0,62.0,False,True,False,False,False
1015,labbench,labbench-figqa-0038,labbench/labbench-figqa-0038,difficult,0.6106357132738348,0.6506357132738348,hard,0.823076923076923,0.8222222222222222,0.07222222222222222,0.6602209944751382,20,0.1769230769230769,0.23,0.375632799419859,0.398210892069039,0.3497933369133339,0.018299421896895263,33.0,168.0,63.0,False,True,False,False,False
1016,labbench,labbench-figqa-0089,labbench/labbench-figqa-0089,difficult,0.6095366435283561,0.6495366435283562,hard,0.7076923076923076,0.7388888888888889,0.37777777777777777,0.5303867403314917,13,0.2923076923076923,0.3846153846153846,0.3548480798360245,0.545739647626245,0.322598460377898,0.06498027779394089,48.0,113.0,64.0,False,True,False,False,False
1017,labbench,labbench-figqa-0072,labbench/labbench-figqa-0072,unique_unpredictable,0.6085644803324362,0.6485644803324362,medium,0.46153846153846156,0.43333333333333335,0.8555555555555555,0.850828729281768,13,0.5384615384615384,0.4769230769230769,0.4116642510849123,0.5457569109322458,0.23364421259687324,0.20765296261608046,103.0,27.0,65.0,False,False,False,True,False
1018,labbench,labbench-figqa-0153,labbench/labbench-figqa-0153,unique_unpredictable,0.6080531945034708,0.6480531945034709,medium,0.44615384615384623,0.5111111111111111,0.8611111111111112,0.6823204419889503,13,0.5538461538461538,0.5076923076923077,0.3812157444111959,0.3880502417424919,0.2561106977077969,0.20863973704548955,89.0,26.0,66.0,False,False,False,True,False
1019,labbench,labbench-figqa-0169,labbench/labbench-figqa-0169,difficult,0.6067383245974406,0.6467383245974406,hard,0.8692307692307693,0.55,0.4777777777777778,0.5165745856353591,13,0.1307692307692307,0.2615384615384615,0.3541804440991181,0.3499211015144748,0.2691239932788218,0.07840869566737918,82.0,95.0,67.0,False,True,False,False,False
1020,labbench,labbench-figqa-0171,labbench/labbench-figqa-0171,difficult;frontier_with_variance;unique_unpredictable,0.5267304150729565,0.6467304150729566,frontier,0.9538461538461539,0.1,0.9666666666666667,0.07734806629834254,13,0.0461538461538461,0.0923076923076923,0.1268647884805434,-0.0589954040578177,0.029053253400152985,0.34454552939544647,163.0,7.0,118.0,False,True,True,True,False
1021,labbench,labbench-figqa-0052,labbench/labbench-figqa-0052,difficult,0.6061881994616801,0.6461881994616802,hard,0.7230769230769232,0.7166666666666667,0.4,0.4972375690607735,13,0.2769230769230769,0.3538461538461538,0.3521699428387568,0.6092197763490214,0.31983226619118055,0.06909525286909879,52.0,109.0,68.0,False,True,False,False,False
1022,labbench,labbench-figqa-0092,labbench/labbench-figqa-0092,difficult,0.6053500259715728,0.6453500259715729,hard,0.7076923076923076,0.35555555555555557,0.7833333333333333,0.7209944751381215,13,0.2923076923076923,0.3846153846153846,0.387985237320569,0.3182600433611324,0.19514861524744592,0.1669962384092336,117.0,40.0,70.0,False,True,False,False,False
1023,labbench,labbench-figqa-0085,labbench/labbench-figqa-0085,difficult,0.6053226377673891,0.6453226377673892,hard,0.7230769230769232,0.65,0.4666666666666667,0.5359116022099447,20,0.2769230769230769,0.3,0.3549647869859769,0.5435991590101396,0.2972682283716026,0.0762108013381061,64.0,97.0,71.0,False,True,False,False,False
1024,labbench,labbench-figqa-0106,labbench/labbench-figqa-0106,difficult,0.6033334513859375,0.6433334513859376,hard,0.8076923076923077,0.7888888888888889,0.11666666666666667,0.6408839779005525,20,0.1923076923076923,0.25,0.3734969879396619,0.4330263071765825,0.3437237650229137,0.024268560037654097,39.0,160.0,73.0,False,True,False,False,False
1025,labbench,labbench-figqa-0049,labbench/labbench-figqa-0049,difficult,0.6031648722670823,0.6431648722670823,hard,0.7230769230769232,0.6611111111111111,0.4888888888888889,0.4585635359116022,13,0.2769230769230769,0.3538461538461538,0.3433217477603292,0.4903914869211417,0.29770659752544937,0.07993802945008555,62.0,93.0,74.0,False,True,False,False,False
1026,labbench,labbench-figqa-0040,labbench/labbench-figqa-0040,difficult,0.6017061552627851,0.6417061552627852,hard,0.9230769230769231,0.4722222222222222,0.5972222222222222,0.3756906077348066,13,0.0769230769230769,0.1538461538461538,0.3249032627991211,0.4317784970437023,0.24028675713351608,0.11099911099866655,96.0,73.0,75.0,False,True,False,False,False
1027,labbench,labbench-figqa-0042,labbench/labbench-figqa-0042,difficult;unique_unpredictable,0.5614397695613166,0.6414397695613167,hard,0.9153846153846154,0.2722222222222222,0.8166666666666667,0.22099447513812154,13,0.0846153846153846,0.1692307692307692,0.2699989042274499,0.4534588913960619,0.1717761920503413,0.1838034570635212,132.0,34.0,91.0,False,True,False,True,False
1028,labbench,labbench-figqa-0166,labbench/labbench-figqa-0166,difficult,0.5994139868725503,0.6394139868725504,hard,0.7153846153846154,0.7277777777777777,0.2722222222222222,0.6519337016574586,13,0.2846153846153846,0.3692307692307692,0.3749556186755058,0.3150142028866287,0.32160027209440356,0.048265764039416625,50.0,132.0,76.0,False,True,False,False,False
1029,labbench,labbench-figqa-0081,labbench/labbench-figqa-0081,difficult,0.5990481418520093,0.6390481418520093,hard,0.876923076923077,0.7055555555555556,0.2,0.5524861878453039,13,0.123076923076923,0.2461538461538461,0.36080121229411,0.4374137150557132,0.315670975240972,0.03316038739315974,54.0,145.0,77.0,False,True,False,False,False
1030,labbench,labbench-figqa-0012,labbench/labbench-figqa-0012,difficult;frontier_with_variance;unique_unpredictable,0.5147297775888936,0.6347297775888937,frontier,0.9923076923076924,0.044444444444444446,0.9944444444444445,0.016574585635359115,13,0.0076923076923076,0.0153846153846153,0.0532938710021193,-0.5115001031145159,0.008322271751065792,0.4462250758054619,173.0,2.0,125.0,False,True,True,True,False
1031,labbench,labbench-figqa-0014,labbench/labbench-figqa-0014,difficult;frontier_with_variance;unique_unpredictable,0.5130706662888983,0.6330706662888984,frontier,0.9846153846153847,0.07777777777777778,0.9388888888888889,0.03314917127071823,13,0.0153846153846153,0.0307692307692307,0.072160242458822,0.1697652899159204,0.0252906819811717,0.2690782700299127,167.0,12.0,127.0,False,True,True,True,False
1032,labbench,labbench-figqa-0027,labbench/labbench-figqa-0027,difficult,0.5919615030457572,0.6319615030457573,hard,0.8615384615384616,0.7777777777777778,0.05277777777777778,0.6077348066298343,13,0.1384615384615384,0.2769230769230769,0.3724221057510832,0.4871993687246335,0.34082021948619173,0.01318903987041442,41.0,171.0,80.0,False,True,False,False,False
1033,labbench,labbench-figqa-0017,labbench/labbench-figqa-0017,difficult;unique_unpredictable,0.5510154885016764,0.6310154885016764,hard,0.8692307692307693,0.09444444444444444,0.9722222222222222,0.3839779005524862,13,0.1307692307692307,0.2615384615384615,0.3270814096226046,-0.1622035918564828,0.02729225500811722,0.3456829799073695,164.0,6.0,101.0,False,True,False,True,False
1034,labbench,labbench-figqa-0138,labbench/labbench-figqa-0138,difficult,0.5875716579307738,0.6275716579307739,hard,0.8692307692307693,0.6222222222222222,0.3,0.5165745856353591,13,0.1307692307692307,0.2615384615384615,0.3541804440991181,0.5647525132597351,0.2883084766792546,0.052861108851189,69.0,127.0,81.0,False,True,False,False,False
1035,labbench,labbench-figqa-0020,labbench/labbench-figqa-0020,difficult,0.5851708221183359,0.625170822118336,hard,0.8307692307692308,0.4444444444444444,0.6722222222222223,0.35911602209944754,20,0.1692307692307692,0.22,0.3218695387886216,0.2284191317212745,0.23680225034327423,0.12835421584387285,101.0,60.0,82.0,False,True,False,False,False
1036,labbench,labbench-figqa-0137,labbench/labbench-figqa-0137,difficult;frontier_with_variance;unique_unpredictable,0.5044579024413278,0.6244579024413279,frontier,0.976923076923077,0.06666666666666667,0.9111111111111111,0.06077348066298342,13,0.023076923076923,0.0461538461538461,0.1151279195930443,-0.2139975437453876,0.021168769845955296,0.24485237609835575,169.0,17.0,133.0,False,True,True,True,False
1037,labbench,labbench-figqa-0168,labbench/labbench-figqa-0168,difficult,0.5842820630873117,0.6242820630873117,hard,0.7692307692307692,0.49444444444444446,0.5972222222222222,0.46408839779005523,13,0.2307692307692308,0.2615384615384615,0.3453837587791331,0.3509788052295616,0.2501772434211706,0.11099911099866655,92.0,74.0,83.0,False,True,False,False,False
1038,labbench,labbench-figqa-0167,labbench/labbench-figqa-0167,difficult;unique_unpredictable,0.5407890636067432,0.6207890636067432,hard,0.9153846153846154,0.11666666666666667,0.9833333333333333,0.1685082872928177,13,0.0846153846153846,0.1692307692307692,0.2333192444323554,0.1833039925533381,0.06749323060209701,0.3715725270858966,160.0,4.0,109.0,False,True,False,True,False
1039,labbench,labbench-figqa-0176,labbench/labbench-figqa-0176,difficult;unique_unpredictable,0.5395104358502149,0.6195104358502149,hard,0.9000000000000001,0.1111111111111111,0.95,0.2541436464088398,13,0.0999999999999999,0.2,0.282842712474619,-0.3034106207080083,0.05562578878079785,0.3001035273243853,161.0,10.0,110.0,False,True,False,True,False
1040,labbench,labbench-figqa-0161,labbench/labbench-figqa-0161,difficult;frontier_with_variance;unique_unpredictable,0.4990527459035746,0.6190527459035747,frontier,0.976923076923077,0.03333333333333333,0.9444444444444444,0.04696132596685083,13,0.023076923076923,0.0461538461538461,0.0842650088469486,-0.1302764240686118,0.007813814116944274,0.2909638652105533,175.0,11.0,138.0,False,True,True,True,False
1041,labbench,labbench-figqa-0046,labbench/labbench-figqa-0046,difficult;unique_unpredictable,0.5389486235066345,0.6189486235066346,hard,0.7923076923076923,0.14444444444444443,0.9888888888888889,0.287292817679558,20,0.2076923076923077,0.24,0.3006659275674582,-0.070824615502779,0.10200270310262848,0.42534150101246637,155.0,3.0,111.0,False,True,False,True,False
1042,labbench,labbench-figqa-0096,labbench/labbench-figqa-0096,difficult,0.5777080677149737,0.6177080677149738,hard,0.8076923076923077,0.6777777777777778,0.21944444444444444,0.5580110497237569,20,0.1923076923076923,0.25,0.3626292872893749,0.5868197310544923,0.31109744703225717,0.03745353756215786,59.0,142.0,84.0,False,True,False,False,False
1043,labbench,labbench-figqa-0057,labbench/labbench-figqa-0057,difficult,0.5768991122444161,0.6168991122444162,hard,0.7461538461538462,0.5666666666666667,0.5277777777777778,0.4005524861878453,13,0.2538461538461539,0.3076923076923077,0.3292451470620415,0.5207781666406008,0.27123529056108914,0.09047558008688861,79.0,86.0,85.0,False,True,False,False,False
1044,labbench,labbench-figqa-0031,labbench/labbench-figqa-0031,difficult,0.5768109859753506,0.6168109859753507,hard,0.7538461538461538,0.37777777777777777,0.7361111111111112,0.48066298342541436,13,0.2461538461538461,0.2923076923076923,0.3474335320195758,0.495034290027104,0.21279336698754905,0.1442308547851202,113.0,48.0,86.0,False,True,False,False,False
1045,labbench,labbench-figqa-0136,labbench/labbench-figqa-0136,difficult,0.5760154885016764,0.6160154885016764,hard,0.7692307692307693,0.5944444444444444,0.4722222222222222,0.3839779005524862,13,0.2307692307692307,0.2615384615384615,0.3270814096226046,0.4557572023650549,0.27903164053840007,0.07756798339848647,74.0,96.0,87.0,False,True,False,False,False
1046,labbench,labbench-figqa-0037,labbench/labbench-figqa-0037,difficult,0.571834714548803,0.611834714548803,hard,0.9,0.5,0.5083333333333333,0.2983425414364641,13,0.1,0.2,0.3038218101251,0.4609512380603618,0.25107104451080403,0.08535375924120359,91.0,89.0,88.0,False,True,False,False,False
1047,labbench,labbench-figqa-0109,labbench/labbench-figqa-0109,difficult;unique_unpredictable,0.528146574113425,0.6081465741134251,hard,0.9307692307692308,0.13333333333333333,0.9222222222222223,0.12154696132596685,20,0.0692307692307692,0.09,0.1946792233393178,0.3652671633466595,0.09736935467464362,0.25456373565841817,157.0,15.0,117.0,False,True,False,True,False
1048,labbench,labbench-figqa-0091,labbench/labbench-figqa-0091,difficult;unique_unpredictable,0.5192829484818435,0.5992829484818436,hard,0.7769230769230769,0.15,0.9277777777777778,0.27071823204419887,13,0.2230769230769231,0.2461538461538462,0.2951280937423212,0.3019138283327748,0.1153518227728591,0.2660514621384268,154.0,14.0,121.0,False,True,False,True,False
1049,labbench,labbench-figqa-0008,labbench/labbench-figqa-0008,difficult;unique_unpredictable,0.5181113944373613,0.5981113944373614,hard,0.9384615384615385,0.15555555555555556,0.8333333333333334,0.13812154696132597,13,0.0615384615384615,0.123076923076923,0.2153846153846154,0.0253777403780948,0.11535547277706122,0.19567179326981887,153.0,31.0,122.0,False,True,False,True,False
1050,labbench,labbench-figqa-0070,labbench/labbench-figqa-0070,difficult,0.556858325069651,0.5968583250696511,hard,0.7384615384615385,0.46111111111111114,0.5583333333333333,0.47513812154696133,13,0.2615384615384615,0.3230769230769231,0.3467516206026044,0.1792020820836179,0.23990298297896787,0.09930068321372643,98.0,80.0,93.0,False,True,False,False,False
1051,labbench,labbench-figqa-0139,labbench/labbench-figqa-0139,difficult,0.5554464749492374,0.5954464749492374,hard,0.8923076923076924,0.3388888888888889,0.6611111111111111,0.32320441988950277,13,0.1076923076923076,0.2153846153846153,0.3084605793194372,0.5715187764766279,0.1899538869373866,0.12628540530533816,120.0,62.0,94.0,False,True,False,False,False
1052,labbench,labbench-figqa-0100,labbench/labbench-figqa-0100,difficult,0.5549958091325495,0.5949958091325496,hard,0.876923076923077,0.36666666666666664,0.6805555555555556,0.24861878453038674,20,0.123076923076923,0.16,0.2799999999999999,0.3597136055213794,0.20232973329640164,0.12846345620668964,115.0,58.0,95.0,False,True,False,False,False
1053,labbench,labbench-figqa-0158,labbench/labbench-figqa-0158,unique_unpredictable,0.5543522453605326,0.5943522453605327,medium,0.5923076923076923,0.37222222222222223,0.8222222222222222,0.4696132596685083,13,0.4076923076923077,0.4153846153846154,0.3460683655139074,0.4587933646352757,0.20936901612927897,0.18715440285798657,114.0,33.0,97.0,False,False,False,True,False
1054,labbench,labbench-figqa-0119,labbench/labbench-figqa-0119,difficult;frontier_with_variance;unique_unpredictable,0.47405274590357466,0.5940527459035747,frontier,0.976923076923077,0.06111111111111111,0.8055555555555556,0.04696132596685083,13,0.023076923076923,0.0461538461538461,0.0842650088469486,-0.4958714278796259,0.017817926870321944,0.17869865599183732,170.0,36.0,150.0,False,True,True,True,False
1055,labbench,labbench-figqa-0063,labbench/labbench-figqa-0063,difficult;unique_unpredictable,0.5117921565849742,0.5917921565849743,hard,0.7769230769230769,0.18888888888888888,0.85,0.2596685082872928,13,0.2230769230769231,0.2461538461538461,0.2845114155216451,0.2250276525708078,0.13059687194201472,0.20754169623794716,147.0,28.0,128.0,False,True,False,True,False
1056,labbench,labbench-figqa-0044,labbench/labbench-figqa-0044,unique_unpredictable,0.551217594560136,0.591217594560136,medium,0.5384615384615383,0.3,0.9,0.5773480662983426,13,0.4615384615384616,0.5230769230769231,0.3640664481907456,0.6799181222000983,0.1784821562351123,0.2331720138294492,127.0,19.0,99.0,False,False,False,True,False
1057,labbench,labbench-figqa-0004,labbench/labbench-figqa-0004,difficult;unique_unpredictable,0.5111138263210087,0.5911138263210087,hard,0.7769230769230769,0.18333333333333332,0.8666666666666667,0.24033149171270718,13,0.2230769230769231,0.2461538461538461,0.273482905148172,0.2659846664939438,0.12850962344603453,0.2107184774948816,148.0,25.0,129.0,False,True,False,True,False
1058,labbench,labbench-figqa-0019,labbench/labbench-figqa-0019,difficult,0.551083545828021,0.591083545828021,hard,0.7538461538461538,0.4777777777777778,0.5694444444444444,0.35359116022099446,13,0.2461538461538461,0.2923076923076922,0.3197632260127158,0.6653189316823731,0.24733623275691977,0.09940155000456974,95.0,78.0,100.0,False,True,False,False,False
1059,labbench,labbench-figqa-0084,labbench/labbench-figqa-0084,difficult,0.5508997379232186,0.5908997379232186,hard,0.876923076923077,0.6888888888888889,0.06388888888888888,0.4972375690607735,13,0.123076923076923,0.2461538461538461,0.3521699428387568,0.4663587430173645,0.31368814288940144,0.01773290676502348,57.0,170.0,102.0,False,True,False,False,False
1060,labbench,labbench-figqa-0088,labbench/labbench-figqa-0088,difficult;frontier_with_variance;unique_unpredictable,0.46933347499645844,0.5893334749964585,frontier,0.9692307692307693,0.027777777777777776,0.8277777777777777,0.06906077348066299,13,0.0307692307692307,0.0615384615384615,0.1211385826771047,-0.3052792984608711,0.007636103000110733,0.1886519154606232,176.0,32.0,154.0,False,True,True,True,False
1061,labbench,labbench-figqa-0053,labbench/labbench-figqa-0053,difficult;unique_unpredictable,0.5084046371062946,0.5884046371062946,hard,0.9461538461538462,0.022222222222222223,1.0,0.09392265193370165,13,0.0538461538461538,0.1076923076923076,0.1685300176938972,-0.0791125320100298,0.0031478965173402465,0.4886812641789141,177.0,1.0,130.0,False,True,False,True,False
1062,labbench,labbench-figqa-0048,labbench/labbench-figqa-0048,difficult,0.5457666336119374,0.5857666336119375,hard,0.8538461538461539,0.6388888888888888,0.19444444444444445,0.4005524861878453,13,0.1461538461538461,0.2923076923076922,0.3292451470620415,0.5223846039524279,0.29542356076914245,0.032820878518143415,66.0,146.0,104.0,False,True,False,False,False
1063,labbench,labbench-figqa-0006,labbench/labbench-figqa-0006,difficult,0.5445967323039146,0.5845967323039146,hard,0.9230769230769231,0.25,0.7611111111111111,0.24033149171270718,13,0.0769230769230769,0.1538461538461538,0.273482905148172,0.2634276653433089,0.1654341150579109,0.15033183682701312,136.0,44.0,105.0,False,True,False,False,False
1064,labbench,labbench-figqa-0028,labbench/labbench-figqa-0028,difficult,0.5445544694715965,0.5845544694715965,hard,0.8692307692307693,0.5388888888888889,0.37222222222222223,0.30386740331491713,20,0.1307692307692307,0.1699999999999999,0.3051229260478471,0.5459983496177103,0.2650192126059599,0.06462484517337175,84.0,114.0,106.0,False,True,False,False,False
1065,labbench,labbench-figqa-0078,labbench/labbench-figqa-0078,difficult;unique_unpredictable,0.5043628700949143,0.5843628700949144,hard,0.8846153846153846,0.12222222222222222,0.8722222222222222,0.14917127071823205,20,0.1153846153846154,0.15,0.2179449471770336,-0.0726726870578942,0.06873671861716925,0.22046027516141753,159.0,24.0,134.0,False,True,False,True,False
1066,labbench,labbench-figqa-0110,labbench/labbench-figqa-0110,difficult,0.5424495915379893,0.5824495915379894,hard,0.7153846153846154,0.42777777777777776,0.65,0.3425414364640884,13,0.2846153846153846,0.3692307692307692,0.3122735866182221,0.4140998002428318,0.22822543548098131,0.1200300242518918,104.0,64.0,107.0,False,True,False,False,False
1067,labbench,labbench-figqa-0021,labbench/labbench-figqa-0021,unique_unpredictable,0.542175001180526,0.582175001180526,medium,0.423076923076923,0.2833333333333333,0.9611111111111111,0.6464088397790055,20,0.576923076923077,0.54,0.3746998799039039,0.6445639980548655,0.17515385274867576,0.337155116757732,130.0,8.0,108.0,False,False,False,True,False
1068,labbench,labbench-figqa-0009,labbench/labbench-figqa-0009,unique_unpredictable,0.5384592954620578,0.5784592954620579,medium,0.6076923076923075,0.3111111111111111,0.9166666666666666,0.32320441988950277,13,0.3923076923076924,0.3846153846153847,0.3084605793194372,0.269460414652414,0.1812666081957329,0.24611687355415046,125.0,16.0,112.0,False,False,False,True,False
1069,labbench,labbench-figqa-0157,labbench/labbench-figqa-0157,difficult,0.5320209425319923,0.5720209425319923,hard,0.8846153846153847,0.6,0.22777777777777777,0.292817679558011,13,0.1153846153846153,0.2307692307692308,0.3022597339136692,0.5179750092367283,0.2806534569058375,0.03913796119930235,73.0,140.0,113.0,False,True,False,False,False
1070,labbench,labbench-figqa-0035,labbench/labbench-figqa-0035,difficult,0.5318913797988384,0.5718913797988384,hard,0.8923076923076924,0.6555555555555556,0.06388888888888888,0.42265193370165743,13,0.1076923076923076,0.2153846153846153,0.3370600353877945,0.4652715123383808,0.29727451948253375,0.01773290676502348,63.0,169.0,114.0,False,True,False,False,False
1071,labbench,labbench-figqa-0086,labbench/labbench-figqa-0086,difficult,0.5296511545544695,0.5696511545544696,hard,0.7692307692307692,0.3277777777777778,0.7777777777777778,0.1878453038674033,13,0.2307692307692308,0.2615384615384615,0.2527950265408459,0.4958961158697869,0.18387782900570226,0.16668269677762892,122.0,41.0,115.0,False,True,False,False,False
1072,labbench,labbench-figqa-0111,labbench/labbench-figqa-0111,difficult,0.5255294659300184,0.5655294659300184,medium,0.7,0.5833333333333334,0.36666666666666664,0.36464088397790057,13,0.3,0.4,0.323443016025056,0.2155944809033468,0.2772353274801469,0.06402029481511684,76.0,115.0,119.0,False,True,False,False,False
1073,labbench,labbench-figqa-0104,labbench/labbench-figqa-0104,difficult;unique_unpredictable,0.4840196911743873,0.5640196911743873,hard,0.823076923076923,0.10555555555555556,0.9055555555555556,0.09944751381215469,13,0.176923076923077,0.1538461538461538,0.178089798504465,0.1297330499243606,0.054261183809749446,0.23820848144269058,162.0,18.0,142.0,False,True,False,True,False
1074,labbench,labbench-figqa-0172,labbench/labbench-figqa-0172,difficult,0.5226731831704208,0.5626731831704208,hard,0.7846153846153846,0.3055555555555556,0.7722222222222223,0.17679558011049723,13,0.2153846153846154,0.2307692307692308,0.2461538461538461,0.3585086885748927,0.1812375161289499,0.15638790394043234,126.0,42.0,120.0,False,True,False,False,False
1075,labbench,labbench-figqa-0055,labbench/labbench-figqa-0055,difficult;frontier_with_variance,0.4819568989941918,0.5619568989941919,frontier,0.9615384615384616,0.07222222222222222,0.7972222222222223,0.1132596685082873,13,0.0384615384615384,0.0769230769230769,0.1846153846153846,-0.0075959195480112,0.021278930970793142,0.17475920834143666,168.0,37.0,144.0,False,True,True,False,False
1076,labbench,labbench-figqa-0141,labbench/labbench-figqa-0141,difficult;unique_unpredictable,0.4785203286584502,0.5585203286584502,hard,0.7846153846153846,0.05555555555555555,0.9555555555555556,0.16022099447513813,13,0.2153846153846154,0.2307692307692308,0.21973625933978,-0.2329502470427115,0.014746223732255247,0.30382370414669346,171.0,9.0,148.0,False,True,False,True,False
1077,labbench,labbench-figqa-0079,labbench/labbench-figqa-0079,difficult,0.5157053643103368,0.5557053643103368,hard,0.7615384615384616,0.2611111111111111,0.7666666666666667,0.281767955801105,13,0.2384615384615384,0.2769230769230769,0.2991111091572858,0.2563923898744418,0.16963472710097247,0.15241884137932105,134.0,43.0,123.0,False,True,False,False,False
1078,labbench,labbench-figqa-0047,labbench/labbench-figqa-0047,difficult,0.5156451574821741,0.5556451574821741,hard,0.7384615384615385,0.48333333333333334,0.3888888888888889,0.430939226519337,13,0.2615384615384615,0.3230769230769231,0.3377615138476946,0.5842523796653343,0.24740318736007613,0.06815924666858797,94.0,111.0,124.0,False,True,False,False,False
1079,labbench,labbench-figqa-0054,labbench/labbench-figqa-0054,difficult,0.514037694196534,0.554037694196534,hard,0.7461538461538462,0.26666666666666666,0.7361111111111112,0.3342541436464088,13,0.2538461538461539,0.3076923076923077,0.3099914104555367,0.3996565454099282,0.1717337364666006,0.1442308547851202,133.0,49.0,126.0,False,True,False,False,False
1080,labbench,labbench-figqa-0114,labbench/labbench-figqa-0114,difficult;frontier_with_variance,0.472389030552014,0.552389030552014,frontier,0.9692307692307693,0.12777777777777777,0.7,0.06906077348066299,13,0.0307692307692307,0.0615384615384615,0.1211385826771047,0.4360876266654504,0.08974103090206177,0.13470265469127896,158.0,55.0,152.0,False,True,True,False,False
1081,labbench,labbench-figqa-0011,labbench/labbench-figqa-0011,unique_unpredictable,0.5068922651933702,0.5468922651933702,medium,0.5999999999999999,0.32222222222222224,0.8388888888888889,0.2292817679558011,13,0.4000000000000001,0.4000000000000001,0.271746488194703,0.4689455312775733,0.18278714521895878,0.19694332372487677,123.0,30.0,131.0,False,False,False,True,False
1082,labbench,labbench-figqa-0150,labbench/labbench-figqa-0150,difficult,0.5052463167587476,0.5452463167587477,hard,0.9,0.35,0.5083333333333333,0.20441988950276244,13,0.1,0.2,0.2601774542351963,0.4431547678713541,0.1937169675466057,0.08535375924120359,118.0,90.0,132.0,False,True,False,False,False
1083,labbench,labbench-figqa-0080,labbench/labbench-figqa-0080,difficult,0.5031773858431317,0.5431773858431317,hard,0.7384615384615385,0.2222222222222222,0.7277777777777777,0.39226519337016574,13,0.2615384615384615,0.3230769230769231,0.3285254846778865,0.241533456757754,0.15423448893073116,0.1440842768036824,141.0,50.0,135.0,False,True,False,False,False
1084,labbench,labbench-figqa-0165,labbench/labbench-figqa-0165,difficult,0.5023230391462435,0.5423230391462436,hard,0.7692307692307692,0.29444444444444445,0.6388888888888888,0.3149171270718232,13,0.2307692307692308,0.2615384615384615,0.3076923076923077,0.4722422882865217,0.1781063395201998,0.11971304488839674,128.0,66.0,136.0,False,True,False,False,False
1085,labbench,labbench-figqa-0115,labbench/labbench-figqa-0115,difficult,0.500658379373849,0.5406583793738491,hard,0.9,0.34444444444444444,0.49444444444444446,0.20994475138121546,13,0.1,0.2,0.2601774542351964,0.3054819604390721,0.19357959269746697,0.08122991803269453,119.0,92.0,137.0,False,True,False,False,False
1086,labbench,labbench-figqa-0103,labbench/labbench-figqa-0103,difficult;frontier_with_variance,0.45570199981111587,0.5357019998111159,frontier,0.9923076923076924,0.016666666666666666,0.7972222222222223,0.016574585635359115,13,0.0076923076923076,0.0153846153846153,0.0532938710021193,0.0967017724587964,0.00017973605245329065,0.17475920834143666,178.0,38.0,155.0,False,True,True,False,False
1087,labbench,labbench-figqa-0131,labbench/labbench-figqa-0131,difficult,0.48955057373565664,0.5295505737356566,hard,0.9153846153846154,0.3333333333333333,0.48333333333333334,0.15469613259668508,13,0.0846153846153846,0.1692307692307692,0.2197362593397799,0.5181459616202868,0.18864971609188824,0.07955339824484553,121.0,94.0,140.0,False,True,False,False,False
1088,labbench,labbench-figqa-0135,labbench/labbench-figqa-0135,difficult,0.48593816404589885,0.5259381640458989,hard,0.9307692307692308,0.1388888888888889,0.7555555555555555,0.10497237569060773,13,0.0692307692307692,0.1384615384615384,0.1820332240953728,0.4465990364445116,0.09897090254273735,0.14916802435213106,156.0,45.0,141.0,False,True,False,False,False
1089,labbench,labbench-figqa-0116,labbench/labbench-figqa-0116,unique_unpredictable,0.48397294234310806,0.5239729423431081,medium,0.5769230769230769,0.2111111111111111,0.8777777777777778,0.30939226519337015,13,0.4230769230769231,0.4461538461538461,0.3053758960196801,0.3491116602433473,0.14577619608306994,0.22223760493076905,143.0,23.0,143.0,False,False,False,True,False
1090,labbench,labbench-figqa-0179,labbench/labbench-figqa-0179,difficult,0.4795311540822591,0.5195311540822591,hard,0.8,0.16666666666666666,0.7472222222222222,0.2292817679558011,13,0.2,0.2,0.271746488194703,0.2739242307200905,0.12658249724561474,0.14682416151558852,151.0,47.0,146.0,False,True,False,False,False
1091,labbench,labbench-figqa-0163,labbench/labbench-figqa-0163,difficult,0.47882685224536053,0.5188268522453605,hard,0.9076923076923077,0.4388888888888889,0.2638888888888889,0.2154696132596685,13,0.0923076923076923,0.1846153846153846,0.2655796384866472,0.552797532683121,0.2336491961183373,0.04741757659150203,102.0,134.0,147.0,False,True,False,False,False
1092,labbench,labbench-figqa-0030,labbench/labbench-figqa-0030,difficult,0.4760625324644662,0.5160625324644662,hard,0.8846153846153847,0.5166666666666667,0.13055555555555556,0.27624309392265195,20,0.1153846153846153,0.15,0.2958039891549808,0.3919739849464516,0.2579677391002173,0.024919512782831443,88.0,157.0,149.0,False,True,False,False,False
1093,labbench,labbench-figqa-0074,labbench/labbench-figqa-0074,difficult,0.47385778202767154,0.5138577820276715,hard,0.823076923076923,0.17777777777777778,0.7472222222222222,0.1270718232044199,13,0.1769230769230769,0.1538461538461538,0.2098181799536286,0.3841064724591728,0.1272326114113456,0.14682416151558852,149.0,46.0,151.0,False,True,False,False,False
1094,labbench,labbench-figqa-0022,labbench/labbench-figqa-0022,difficult,0.4702154460027388,0.5102154460027388,hard,0.9384615384615385,0.17222222222222222,0.6333333333333333,0.1132596685082873,13,0.0615384615384615,0.123076923076923,0.1846153846153846,0.5206254489754256,0.12714518614889042,0.11829090190645364,150.0,67.0,153.0,False,True,False,False,False
1095,labbench,labbench-figqa-0015,labbench/labbench-figqa-0015,difficult;frontier_with_variance,0.4168140553430609,0.49681405534306083,frontier,0.9538461538461539,0.22777777777777777,0.30833333333333335,0.143646408839779,13,0.0461538461538461,0.0923076923076923,0.2164807273764659,0.5292486843168542,0.15601721401488078,0.053708376737217955,140.0,125.0,164.0,False,True,True,False,False
1096,labbench,labbench-figqa-0124,labbench/labbench-figqa-0124,difficult;frontier_with_variance,0.3814266657222459,0.46142666572224583,frontier,0.9615384615384616,0.16111111111111112,0.28888888888888886,0.08287292817679558,13,0.0384615384615384,0.0769230769230769,0.1475640468711606,0.5444759345201945,0.12411299774006225,0.048503089927633525,152.0,129.0,169.0,False,True,True,False,False
1097,labbench,labbench-figqa-0117,labbench/labbench-figqa-0117,difficult,0.41325488737781557,0.45325488737781555,hard,0.9384615384615385,0.23333333333333334,0.30833333333333335,0.13259668508287292,13,0.0615384615384615,0.123076923076923,0.2153846153846153,0.605917239967627,0.15794116502326294,0.053708376737217955,139.0,126.0,165.0,False,True,False,False,False
1098,labbench,labbench-figqa-0039,labbench/labbench-figqa-0039,difficult,0.40731684138452096,0.44731684138452094,hard,0.9153846153846154,0.4,0.05277777777777778,0.1685082872928177,13,0.0846153846153846,0.1692307692307692,0.2333192444323554,0.4977434875688166,0.22050266624866285,0.01318903987041442,109.0,172.0,166.0,False,True,False,False,False
1099,labbench,labbench-figqa-0152,labbench/labbench-figqa-0152,difficult;frontier_with_variance,0.3427895830382019,0.42278958303820185,frontier,0.9692307692307693,0.03888888888888889,0.29444444444444445,0.08839779005524862,13,0.0307692307692307,0.0615384615384615,0.1642627423389432,-0.1986996550942807,0.008289009828945221,0.05252708849656906,174.0,128.0,172.0,False,True,True,False,False
1100,labbench,labbench-figqa-0050,labbench/labbench-figqa-0050,difficult;frontier_with_variance,0.28473733295556497,0.36473733295556493,frontier,0.9846153846153847,0.08611111111111111,0.013888888888888888,0.03314917127071823,13,0.0153846153846153,0.0307692307692307,0.072160242458822,0.1374746473644206,0.026665489093450893,6.661338147750939e-16,165.0,178.0,176.0,False,True,True,False,False
1101,labbench,labbench-figqa-0066,labbench/labbench-figqa-0066,difficult;frontier_with_variance,0.28473733295556497,0.36473733295556493,frontier,0.9846153846153847,0.08611111111111111,0.013888888888888888,0.03314917127071823,13,0.0153846153846153,0.0307692307692307,0.072160242458822,0.1374746473644206,0.026665489093450893,6.661338147750939e-16,166.0,179.0,177.0,False,True,True,False,False
1102,labbench,labbench-figqa-0113,labbench/labbench-figqa-0113,difficult;frontier_with_variance,0.2618022500826368,0.34180225008263676,frontier,0.9846153846153847,0.011111111111111112,0.013888888888888888,0.055248618784530384,13,0.0153846153846153,0.0307692307692307,0.1065877420042386,-0.1538121718367789,0.0001638224366970237,6.661338147750939e-16,179.0,180.0,178.0,False,True,True,False,False
1103,labbench,labbench-figqa-0033,labbench/labbench-figqa-0033,unique_unpredictable,0.30140706898994196,0.34140706898994194,easy,0.08461538461538476,0.05,0.9333333333333333,0.19613259668508287,13,0.9153846153846152,0.8307692307692308,0.2583516249807179,0.0076805956151063,0.008969707497365012,0.2677929878376344,172.0,13.0,175.0,False,False,False,True,False
1104,labbench,labbench-figqa-0029,labbench/labbench-figqa-0029,difficult;frontier_with_variance,0.2559797775888936,0.3359797775888936,frontier,0.9923076923076924,0.005555555555555556,0.013888888888888888,0.016574585635359115,13,0.0076923076923076,0.0153846153846153,0.0532938710021193,-0.1538121718367789,8.191121834851033e-05,6.661338147750939e-16,180.0,177.0,179.0,False,True,True,False,False
1105,labbench,labbench-figqa-0102,labbench/labbench-figqa-0102,difficult,0.25082872928176797,0.29082872928176795,frontier,1.0,0.0,0.0,0.0055248618784530384,13,0.0,0.0,0.0,,,,,,180.0,False,True,False,False,False
1106,lawbench,lawbench-3-7-11-zero-shot,lawbench/lawbench-3-7-11-zero-shot,base_representative;high_composite,0.595801282051282,0.655801282051282,easy,0.21653846153846146,1.0,0.16666666666666666,1.0,16,0.7834615384615385,0.6653125,0.4511425382778152,0.2756189232290102,0.4355733349847447,0.002701436738559826,1.0,151.0,27.0,True,False,False,False,True
1107,lawbench,lawbench-3-4-1-one-shot,lawbench/lawbench-3-4-1-one-shot,base_representative,0.5670835431541295,0.6270835431541295,easy,0.2599824230769231,0.9944444444444445,0.019444444444444445,0.994475138121547,16,0.7400175769230769,0.631892,0.4284051411305949,0.2502670622765388,0.41195236696297094,0.0003510316733716934,2.0,177.0,49.0,True,False,False,False,False
1108,lawbench,lawbench-3-5-3-zero-shot,lawbench/lawbench-3-5-3-zero-shot,high_composite,0.7283297459153799,0.7283297459153799,medium,0.304374846153846,0.95,0.6888888888888889,0.9834254143646409,16,0.695625153846154,0.576829625,0.4256024736226687,0.2319942885118631,0.3920299875187415,0.024694278140120374,10.0,57.0,1.0,False,False,False,False,True
1109,lawbench,lawbench-3-4-8-zero-shot,lawbench/lawbench-3-4-8-zero-shot,high_composite,0.7191500586780469,0.7191500586780469,medium,0.34030496153846157,0.9444444444444444,0.6472222222222223,0.9447513812154696,15,0.6596950384615384,0.5388776666666666,0.4132092251333323,0.2856335698027634,0.3914279288877273,0.02107409134059235,11.0,65.0,2.0,False,False,False,False,True
1110,lawbench,lawbench-3-4-6-zero-shot,lawbench/lawbench-3-4-6-zero-shot,unique_unpredictable;high_composite,0.6770924334478443,0.7170924334478443,easy,0.2503709615384616,0.7722222222222223,0.8166666666666667,0.9337016574585635,15,0.7496290384615384,0.6308789333333333,0.409722922142996,0.197969877011316,0.3465801392794482,0.05056893119798178,42.0,34.0,4.0,False,False,False,True,True
1111,lawbench,lawbench-1-1-22-zero-shot,lawbench/lawbench-1-1-22-zero-shot,difficult;unique_unpredictable;high_composite,0.6303764142642961,0.7103764142642962,hard,0.7548819615384617,0.3,0.9388888888888889,0.6795580110497238,14,0.2451180384615384,0.3224833571428571,0.3635479885840593,0.4717709286873426,0.18460159565940576,0.1850870812856924,127.0,12.0,12.0,False,True,False,True,True
1112,lawbench,lawbench-1-1-16-one-shot,lawbench/lawbench-1-1-16-one-shot,difficult;unique_unpredictable;high_composite,0.6084294675591444,0.6884294675591445,hard,0.729040153846154,0.3111111111111111,0.9111111111111111,0.5966850828729282,15,0.2709598461538461,0.3113751999999999,0.339176607738643,0.4994369591993904,0.1853119148069639,0.14572737786523504,125.0,17.0,18.0,False,True,False,True,True
1113,lawbench,lawbench-1-1-15-one-shot,lawbench/lawbench-1-1-15-one-shot,difficult;unique_unpredictable;high_composite,0.607685485408698,0.6876854854086981,hard,0.7258432307692309,0.3277777777777778,0.9277777777777778,0.5303867403314917,16,0.2741567692307692,0.32578975,0.3253759518221767,0.5068170943000065,0.19344340527836434,0.1726334210742737,122.0,14.0,19.0,False,True,False,True,True
1114,lawbench,lawbench-3-7-10-one-shot,lawbench/lawbench-3-7-10-one-shot,high_composite,0.68316355893186,0.68316355893186,medium,0.36875000000000013,0.8611111111111112,0.6611111111111111,0.8287292817679558,16,0.6312499999999999,0.55546875,0.3927151269029976,0.2997561056165063,0.37328952107158003,0.02189599703006151,26.0,62.0,3.0,False,False,False,False,True
1115,lawbench,lawbench-2-6-16-zero-shot,lawbench/lawbench-2-6-16-zero-shot,unique_unpredictable;high_composite,0.6426134598916278,0.6826134598916278,medium,0.5824980384615386,0.5222222222222223,0.8888888888888888,0.6132596685082873,15,0.4175019615384615,0.3971907999999999,0.3494371930927788,0.4145789009284419,0.27913437267779506,0.1295735981786541,87.0,21.0,8.0,False,False,False,True,True
1116,lawbench,lawbench-3-4-13-zero-shot,lawbench/lawbench-3-4-13-zero-shot,high_composite,0.6661987205930963,0.6661987205930963,medium,0.4134658461538462,0.8166666666666667,0.6472222222222223,0.7679558011049724,15,0.5865341538461538,0.5102250666666667,0.3838299248131419,0.28876856059322,0.36684510051440555,0.02107409134059235,34.0,64.0,5.0,False,False,False,False,True
1117,lawbench,lawbench-1-1-3-zero-shot,lawbench/lawbench-1-1-3-zero-shot,unique_unpredictable;high_composite,0.6231748429782311,0.6631748429782311,medium,0.6202254615384616,0.46111111111111114,0.8722222222222222,0.5911602209944752,15,0.3797745384615384,0.3693836,0.338851088542209,0.493300271123531,0.26389308655057747,0.09287695674964147,98.0,24.0,13.0,False,False,False,True,True
1118,lawbench,lawbench-1-2-20-one-shot,lawbench/lawbench-1-2-20-one-shot,high_composite,0.6511215882797374,0.6511215882797374,medium,0.42019230769230753,0.9277777777777778,0.35833333333333334,0.8784530386740331,15,0.5798076923076925,0.5429999999999999,0.403517038054157,0.4124742221729887,0.38809600100489444,0.008952119768766975,14.0,116.0,6.0,False,False,False,False,True
1119,lawbench,lawbench-1-1-1-zero-shot,lawbench/lawbench-1-1-1-zero-shot,unique_unpredictable;high_composite,0.6041672547221042,0.6441672547221042,medium,0.5241766923076925,0.5055555555555555,0.8333333333333334,0.585635359116022,15,0.4758233076923076,0.4636876,0.3378309332390586,0.4592404892333912,0.2763675809951697,0.07543590527660327,90.0,31.0,20.0,False,False,False,True,True
1120,lawbench,lawbench-2-5-1-one-shot,lawbench/lawbench-2-5-1-one-shot,high_composite,0.6433930773657742,0.6433930773657742,medium,0.35646365384615386,0.9222222222222223,0.40555555555555556,0.8674033149171271,15,0.6435363461538461,0.5597811333333332,0.4009686014900863,0.3316183581549054,0.3866505009028924,0.009666213814029434,15.0,108.0,7.0,False,False,False,False,True
1121,lawbench,lawbench-2-6-16-one-shot,lawbench/lawbench-2-6-16-one-shot,high_composite,0.63838993801648,0.63838993801648,medium,0.34859965384615377,0.8833333333333333,0.46111111111111114,0.8453038674033149,16,0.6514003461538462,0.5709286874999999,0.3954205112662845,0.2616393672467351,0.37863294655239627,0.011342103378530144,22.0,98.0,9.0,False,False,False,False,True
1122,lawbench,lawbench-2-1-6-zero-shot,lawbench/lawbench-2-1-6-zero-shot,high_composite,0.6383004994628606,0.6383004994628606,medium,0.5175605,0.6833333333333333,0.6944444444444444,0.6408839779005525,15,0.4824395,0.4517857999999999,0.3534903073885148,0.4309683884665408,0.3276927095997302,0.026106810515326262,58.0,56.0,10.0,False,False,False,False,True
1123,lawbench,lawbench-3-4-3-zero-shot,lawbench/lawbench-3-4-3-zero-shot,high_composite,0.6378304981170609,0.6378304981170609,medium,0.3664908076923077,0.9555555555555556,0.31666666666666665,0.8839779005524862,15,0.6335091923076923,0.5561463333333333,0.4036728915804093,0.3092576211073078,0.39328397423525685,0.00794057237811474,9.0,124.0,11.0,False,False,False,False,True
1124,lawbench,lawbench-2-6-21-zero-shot,lawbench/lawbench-2-6-21-zero-shot,unique_unpredictable;high_composite,0.5960591361559712,0.6360591361559712,medium,0.6290984230769231,0.45,0.85,0.4585635359116022,15,0.3709015769230769,0.3481936,0.3080204454343466,0.42903444428992,0.26170024442141404,0.07784862643733936,100.0,28.0,25.0,False,False,False,True,True
1125,lawbench,lawbench-3-6-8-zero-shot,lawbench/lawbench-3-6-8-zero-shot,unique_unpredictable,0.5906783334690938,0.6306783334690939,medium,0.48333334615384616,0.5444444444444444,0.8055555555555556,0.5193370165745856,15,0.5166666538461538,0.4922221999999999,0.3214398312070653,0.2980070176397448,0.28575182007018796,0.049712407360923194,83.0,36.0,30.0,False,False,False,True,False
1126,lawbench,lawbench-2-5-15-zero-shot,lawbench/lawbench-2-5-15-zero-shot,unique_unpredictable,0.5817583583132644,0.6217583583132644,medium,0.4411156923076922,0.5166666666666667,0.8277777777777777,0.5580110497237569,15,0.5588843076923078,0.5216444,0.3298674205070476,0.2757288925194146,0.27910427689888934,0.05892144066529892,88.0,32.0,35.0,False,False,False,True,False
1127,lawbench,lawbench-3-5-11-zero-shot,lawbench/lawbench-3-5-11-zero-shot,high_composite,0.6192997118158852,0.6192997118158852,medium,0.360277423076923,0.7333333333333333,0.6361111111111111,0.7569060773480663,14,0.639722576923077,0.5676146428571428,0.382377499669522,0.2037217717878645,0.33879507187438523,0.020657218507560304,49.0,67.0,14.0,False,False,False,False,True
1128,lawbench,lawbench-2-6-4-zero-shot,lawbench/lawbench-2-6-4-zero-shot,unique_unpredictable,0.576100572932899,0.616100572932899,medium,0.5082083076923076,0.5,0.8111111111111111,0.47513812154696133,14,0.4917916923076924,0.4552317142857142,0.3104672769383108,0.3499542180595191,0.2751934715823661,0.04981287985211247,91.0,35.0,39.0,False,False,False,True,False
1129,lawbench,lawbench-2-1-14-zero-shot,lawbench/lawbench-2-1-14-zero-shot,high_composite,0.6141301439238325,0.6141301439238325,medium,0.4275825769230769,0.65,0.7277777777777777,0.6519337016574586,14,0.5724174230769231,0.5142237857142857,0.3588077195347667,0.3061689959542222,0.3177139539331963,0.028920654531970347,64.0,50.0,15.0,False,False,False,False,True
1130,lawbench,lawbench-2-6-8-zero-shot,lawbench/lawbench-2-6-8-zero-shot,unique_unpredictable,0.5727277901910091,0.6127277901910091,medium,0.5712733461538462,0.42777777777777776,0.8555555555555555,0.4419889502762431,15,0.4287266538461539,0.422683,0.3011223550718213,0.3292016912062409,0.24958987950716693,0.08078534925807423,104.0,27.0,41.0,False,False,False,True,False
1131,lawbench,lawbench-3-1-23-zero-shot,lawbench/lawbench-3-1-23-zero-shot,high_composite,0.6121374807279123,0.6121374807279123,easy,0.2973467307692308,0.9888888888888889,0.18333333333333332,0.9723756906077348,15,0.7026532692307692,0.5909264666666666,0.4213234255615459,0.2886569422868192,0.4115174064594488,0.003173894838154223,3.0,148.0,16.0,False,False,False,False,True
1132,lawbench,lawbench-3-6-22-one-shot,lawbench/lawbench-3-6-22-one-shot,high_composite,0.610645744540067,0.610645744540067,medium,0.4635897307692307,0.7166666666666667,0.5944444444444444,0.6353591160220995,16,0.5364102692307693,0.4935416875,0.352545248167118,0.3511473413403134,0.3358826310616249,0.019481036915430794,52.0,74.0,17.0,False,False,False,False,True
1133,lawbench,lawbench-2-1-3-zero-shot,lawbench/lawbench-2-1-3-zero-shot,high_composite,0.6034522509916419,0.6034522509916419,medium,0.40268561538461545,0.6444444444444445,0.7111111111111111,0.6629834254143646,15,0.5973143846153846,0.5377049333333334,0.3615160409362157,0.3115016787458471,0.3167834907084055,0.027108260731979028,65.0,53.0,21.0,False,False,False,False,True
1134,lawbench,lawbench-3-5-12-one-shot,lawbench/lawbench-3-5-12-one-shot,high_composite,0.6006816934409973,0.6006816934409973,medium,0.3057286153846156,0.9333333333333333,0.25,0.9005524861878453,16,0.6942713846153844,0.5876663125,0.4067128239751481,0.2355269992970293,0.39012827671871747,0.0049254777803459104,13.0,136.0,22.0,False,False,False,False,True
1135,lawbench,lawbench-3-3-9-one-shot,lawbench/lawbench-3-3-9-one-shot,unique_unpredictable,0.5604954560844313,0.6004954560844313,medium,0.6931604615384617,0.38333333333333336,0.8,0.35359116022099446,15,0.3068395384615384,0.3182109999999999,0.2561718952068447,0.444255085184617,0.2216628432146428,0.0478084086463344,112.0,37.0,53.0,False,False,False,True,False
1136,lawbench,lawbench-3-6-21-zero-shot,lawbench/lawbench-3-6-21-zero-shot,high_composite,0.5997191855727912,0.5997191855727912,medium,0.5427564230769231,0.5888888888888889,0.7333333333333333,0.4972375690607735,16,0.457243576923077,0.4273958124999999,0.3144388056729438,0.3182717603219367,0.2956299181660817,0.02892591824147628,75.0,49.0,23.0,False,False,False,False,True
1137,lawbench,lawbench-3-5-3-one-shot,lawbench/lawbench-3-5-3-one-shot,high_composite,0.5977805505501251,0.5977805505501251,easy,0.2981418461538461,0.9,0.26944444444444443,0.9392265193370166,16,0.7018581538461539,0.5910635625,0.4124374454370276,0.2591823399491225,0.3820022842756427,0.005541053590984224,19.0,133.0,24.0,False,False,False,False,True
1138,lawbench,lawbench-1-2-5-one-shot,lawbench/lawbench-1-2-5-one-shot,high_composite,0.596005513056618,0.596005513056618,medium,0.4292307692307692,0.8277777777777777,0.35833333333333334,0.7292817679558011,15,0.5707692307692308,0.52,0.3783164460254581,0.3713302068860327,0.36930780656398404,0.008952119768766975,32.0,117.0,26.0,False,False,False,False,True
1139,lawbench,lawbench-2-1-15-zero-shot,lawbench/lawbench-2-1-15-zero-shot,high_composite,0.5942087532995702,0.5942087532995702,medium,0.5329185000000001,0.5388888888888889,0.7944444444444444,0.49171270718232046,16,0.4670815,0.422759625,0.3137815903827204,0.2480793669669426,0.2856079136564157,0.04760062338478577,84.0,38.0,28.0,False,False,False,False,True
1140,lawbench,lawbench-2-6-19-zero-shot,lawbench/lawbench-2-6-19-zero-shot,unique_unpredictable,0.5515191607935497,0.5915191607935497,medium,0.6183848076923077,0.3611111111111111,0.8666666666666667,0.35911602209944754,15,0.3816151923076923,0.3511739333333333,0.2599540939913473,0.2725395716562049,0.2124844943703947,0.0911274636342102,116.0,25.0,59.0,False,False,False,True,False
1141,lawbench,lawbench-2-4-10-one-shot,lawbench/lawbench-2-4-10-one-shot,difficult;unique_unpredictable,0.502588421400576,0.5825884214005761,hard,0.9215384615384616,0.07777777777777778,0.9666666666666667,0.022099447513812154,13,0.0784615384615384,0.0869230769230769,0.072471173620393,0.1220108916977845,0.033990764514776506,0.21272468287433455,167.0,7.0,92.0,False,True,False,True,False
1142,lawbench,lawbench-2-4-10-zero-shot,lawbench/lawbench-2-4-10-zero-shot,difficult;unique_unpredictable,0.49861627591254665,0.5786162759125467,hard,0.8790384615384617,0.10555555555555556,0.9444444444444444,0.03867403314917127,15,0.1209615384615384,0.107,0.0820528285110675,0.134412131049,0.05533065420409569,0.18873443457753702,162.0,11.0,94.0,False,True,False,True,False
1143,lawbench,lawbench-3-8-14-zero-shot,lawbench/lawbench-3-8-14-zero-shot,difficult;unique_unpredictable,0.4978182766031544,0.5778182766031544,hard,0.8759569615384616,0.1388888888888889,0.8777777777777778,0.0718232044198895,15,0.1240430384615384,0.1201945333333333,0.0946592366768763,0.460361948389004,0.07174282420359544,0.10630913950529808,156.0,23.0,96.0,False,True,False,True,False
1144,lawbench,lawbench-3-8-9-zero-shot,lawbench/lawbench-3-8-9-zero-shot,difficult;unique_unpredictable,0.4866912923572744,0.5666912923572744,hard,0.880209,0.11666666666666667,0.8833333333333333,0.03314917127071823,13,0.119791,0.1218229999999999,0.0816202890943554,0.3248145507877706,0.058682331424850236,0.1221868155042567,160.0,22.0,102.0,False,True,False,True,False
1145,lawbench,lawbench-3-6-2-zero-shot,lawbench/lawbench-3-6-2-zero-shot,unique_unpredictable,0.5215530198682533,0.5615530198682533,medium,0.35477561538461555,0.40555555555555556,0.8222222222222222,0.569060773480663,14,0.6452243846153844,0.5639881428571428,0.33231305956558,0.1520525640487191,0.23499355717687137,0.05300056607693482,108.0,33.0,80.0,False,False,False,True,False
1146,lawbench,lawbench-2-2-18-zero-shot,lawbench/lawbench-2-2-18-zero-shot,difficult,0.4830501694054871,0.5230501694054871,hard,0.7002884615384616,0.32222222222222224,0.625,0.2596685082872928,15,0.2997115384615384,0.2628333333333333,0.1982146703842971,0.3115956729712042,0.1869605164738804,0.02051970290441918,123.0,69.0,103.0,False,True,False,False,False
1147,lawbench,lawbench-2-7-19-one-shot,lawbench/lawbench-2-7-19-one-shot,difficult,0.47339853782995706,0.513398537829957,hard,0.7452025000000001,0.21666666666666667,0.7555555555555555,0.14917127071823205,14,0.2547974999999999,0.2331833571428571,0.1587555183538544,0.2781020348940773,0.13938218038145583,0.03506799395325533,142.0,45.0,106.0,False,True,False,False,False
1148,lawbench,lawbench-2-4-8-one-shot,lawbench/lawbench-2-4-8-one-shot,difficult,0.47227574432166974,0.5122757443216698,hard,0.8537500000000001,0.15,0.7888888888888889,0.06077348066298342,14,0.1462499999999999,0.1333928571428571,0.0888096235477545,0.3436793868206569,0.07708102948446173,0.04664766276361998,154.0,39.0,108.0,False,True,False,False,False
1149,lawbench,lawbench-2-7-22-one-shot,lawbench/lawbench-2-7-22-one-shot,difficult,0.4683280063630354,0.5083280063630354,hard,0.7086036153846154,0.29444444444444445,0.6,0.2541436464088398,15,0.2913963846153846,0.2539204,0.1914358366112259,0.30848956398341,0.17910708845362,0.01959971053163123,128.0,73.0,109.0,False,True,False,False,False
1150,lawbench,lawbench-3-8-11-zero-shot,lawbench/lawbench-3-8-11-zero-shot,difficult,0.46805496673277613,0.5080549667327762,hard,0.8834783076923077,0.12777777777777777,0.7833333333333333,0.04419889502762431,14,0.1165216923076923,0.11455,0.0850554656369259,0.3729127924940877,0.07095790126060955,0.04501192310908253,158.0,40.0,110.0,False,True,False,False,False
1151,lawbench,lawbench-3-8-10-zero-shot,lawbench/lawbench-3-8-10-zero-shot,difficult,0.46744716930514235,0.5074471693051423,hard,0.8599544230769232,0.14444444444444443,0.7777777777777778,0.049723756906077346,15,0.1400455769230769,0.1315217333333333,0.0870501314565093,0.3185011993182292,0.07681993040895697,0.04455941948234199,155.0,41.0,111.0,False,True,False,False,False
1152,lawbench,lawbench-2-7-15-one-shot,lawbench/lawbench-2-7-15-one-shot,difficult,0.467025320760731,0.507025320760731,hard,0.7286537692307693,0.2111111111111111,0.7444444444444445,0.16574585635359115,15,0.2713462307692307,0.2498348,0.1616878711861014,0.2099810367302951,0.13868359800235777,0.029555297064414954,143.0,47.0,112.0,False,True,False,False,False
1153,lawbench,lawbench-2-6-6-zero-shot,lawbench/lawbench-2-6-6-zero-shot,unique_unpredictable,0.4661051530020777,0.5061051530020777,medium,0.5698411153846155,0.08888888888888889,0.9944444444444445,0.292817679558011,19,0.4301588846153846,0.4166510526315789,0.2305733563017643,0.4458534219642555,0.036653074566234574,0.3077181691012121,165.0,2.0,114.0,False,False,False,True,False
1154,lawbench,lawbench-1-1-9-zero-shot,lawbench/lawbench-1-1-9-zero-shot,unique_unpredictable,0.4599947497993106,0.4999947497993106,medium,0.5141349230769231,0.08333333333333333,0.8611111111111112,0.580110497237569,20,0.4858650769230769,0.49758925,0.3373761536935998,0.6570976160792596,0.035067739270989405,0.08592942653870783,166.0,26.0,119.0,False,False,False,True,False
1155,lawbench,lawbench-2-4-22-zero-shot,lawbench/lawbench-2-4-22-zero-shot,difficult,0.45664217075128677,0.49664217075128675,hard,0.8788461538461539,0.12222222222222222,0.7666666666666667,0.016574585635359115,15,0.1211538461538461,0.1091666666666666,0.0698311455504554,0.1728206256459568,0.05872039349027703,0.0370241532339286,159.0,43.0,120.0,False,True,False,False,False
1156,lawbench,lawbench-2-1-17-zero-shot,lawbench/lawbench-2-1-17-zero-shot,unique_unpredictable,0.4541375105952212,0.4941375105952212,medium,0.6650828846153847,0.011111111111111112,1.0,0.2265193370165746,20,0.3349171153846153,0.3461392499999999,0.1826496186163209,0.5399863599363295,0.0038275394916219294,0.3433667582053531,179.0,1.0,122.0,False,False,False,True,False
1157,lawbench,lawbench-2-4-8-zero-shot,lawbench/lawbench-2-4-8-zero-shot,difficult,0.45298263496954244,0.4929826349695424,hard,0.8222436153846154,0.16666666666666666,0.7,0.09392265193370165,16,0.1777563846153846,0.156041625,0.1091791698470197,0.3068688869772431,0.1019087706069948,0.027025303167515613,151.0,55.0,123.0,False,True,False,False,False
1158,lawbench,lawbench-2-2-10-one-shot,lawbench/lawbench-2-2-10-one-shot,difficult,0.4504058353402276,0.4904058353402276,hard,0.7117307692307693,0.2388888888888889,0.6361111111111111,0.19889502762430938,14,0.2882692307692308,0.2589285714285714,0.1727940410206466,0.2372764681167343,0.15563280555904993,0.020657218507560304,138.0,66.0,125.0,False,True,False,False,False
1159,lawbench,lawbench-3-2-16-zero-shot,lawbench/lawbench-3-2-16-zero-shot,difficult;unique_unpredictable,0.4077069637165321,0.48770696371653205,hard,0.7092532692307691,0.005555555555555556,0.8972222222222223,0.027624309392265192,20,0.2907467307692308,0.2860761,0.0814441907792692,0.7413339969108925,0.00010029905333555949,0.1333306918699042,180.0,20.0,151.0,False,True,False,True,False
1160,lawbench,lawbench-2-4-21-one-shot,lawbench/lawbench-2-4-21-one-shot,unique_unpredictable,0.44648616423478305,0.486486164234783,medium,0.6534615384615385,0.06666666666666667,0.9861111111111112,0.08839779005524862,19,0.3465384615384614,0.3378947368421053,0.105360481324502,0.3484790868966018,0.029581178086505396,0.2799314308389449,169.0,3.0,126.0,False,False,False,True,False
1161,lawbench,lawbench-1-1-11-zero-shot,lawbench/lawbench-1-1-11-zero-shot,unique_unpredictable,0.44234056065542804,0.482340560655428,medium,0.4406483076923077,0.1111111111111111,0.8416666666666667,0.5524861878453039,19,0.5593516923076923,0.5698758947368422,0.3268424752166988,0.5923034655152916,0.056177170291973465,0.07694469626483802,161.0,30.0,129.0,False,False,False,True,False
1162,lawbench,lawbench-2-4-11-zero-shot,lawbench/lawbench-2-4-11-zero-shot,difficult,0.44156130471738203,0.481561304717382,hard,0.8696153846153847,0.1,0.75,0.011049723756906077,14,0.1303846153846153,0.1135714285714285,0.0612497396912419,0.1141185459266428,0.048036963209769024,0.03189513777591624,163.0,46.0,130.0,False,True,False,False,False
1163,lawbench,lawbench-1-1-10-zero-shot,lawbench/lawbench-1-1-10-zero-shot,unique_unpredictable,0.4388943850049582,0.4788943850049582,medium,0.601921923076923,0.05,0.8416666666666667,0.40331491712707185,20,0.3980780769230769,0.4018754999999999,0.2763454611772192,0.6625248420464418,0.014169559675969444,0.07694469626483802,172.0,29.0,132.0,False,False,False,True,False
1164,lawbench,lawbench-3-2-10-one-shot,lawbench/lawbench-3-2-10-one-shot,difficult,0.4353665838940832,0.4753665838940832,hard,0.7144620384615386,0.28888888888888886,0.48333333333333334,0.23204419889502761,15,0.2855379615384615,0.2532756666666666,0.1839030930316894,0.3720235036440021,0.17867345002557897,0.012007037319456515,129.0,94.0,133.0,False,True,False,False,False
1165,lawbench,lawbench-2-7-18-one-shot,lawbench/lawbench-2-7-18-one-shot,difficult,0.43237510475988095,0.4723751047598809,hard,0.7401081538461539,0.25555555555555554,0.5222222222222223,0.18232044198895028,15,0.2598918461538461,0.2296534666666666,0.1683056435226763,0.3363933999584356,0.16033501228951344,0.014881886399867872,135.0,87.0,134.0,False,True,False,False,False
1166,lawbench,lawbench-3-2-10-zero-shot,lawbench/lawbench-3-2-10-zero-shot,difficult,0.43109866641285355,0.47109866641285353,hard,0.7503369615384616,0.20555555555555555,0.6166666666666667,0.11602209944751381,14,0.2496630384615384,0.2220926428571428,0.1455916694077785,0.2717393972183742,0.1331063090965808,0.02036155122270711,144.0,70.0,135.0,False,True,False,False,False
1167,lawbench,lawbench-1-1-12-zero-shot,lawbench/lawbench-1-1-12-zero-shot,unique_unpredictable,0.42999126886480615,0.46999126886480613,medium,0.3993082307692307,0.05555555555555555,0.9611111111111111,0.4696132596685083,18,0.6006917692307693,0.5997785555555555,0.3093022668719642,0.7209382325317056,0.015387991563322547,0.2124536968995303,171.0,8.0,136.0,False,False,False,True,False
1168,lawbench,lawbench-3-2-7-zero-shot,lawbench/lawbench-3-2-7-zero-shot,difficult,0.4292739709826699,0.4692739709826699,hard,0.7571112307692308,0.23333333333333334,0.5305555555555556,0.1712707182320442,16,0.2428887692307692,0.2202755,0.162053596408719,0.4033299620958561,0.15442699180496836,0.015054844483174401,139.0,85.0,137.0,False,True,False,False,False
1169,lawbench,lawbench-3-8-10-one-shot,lawbench/lawbench-3-8-10-one-shot,difficult,0.4270119522359163,0.4670119522359163,hard,0.8121576923076923,0.13333333333333333,0.6694444444444444,0.06629834254143646,14,0.1878423076923077,0.1704867142857143,0.0914037980591214,0.1915256716912651,0.07113125763129444,0.022972863182682546,157.0,61.0,138.0,False,True,False,False,False
1170,lawbench,lawbench-2-5-19-zero-shot,lawbench/lawbench-2-5-19-zero-shot,unique_unpredictable,0.4263171677704584,0.4663171677704584,medium,0.31574442307692285,0.15555555555555556,0.9861111111111112,0.30939226519337015,19,0.6842555769230771,0.6661552631578949,0.2365463718254263,0.4974530301088551,0.08676281537326627,0.2799314308389449,153.0,4.0,139.0,False,False,False,True,False
1171,lawbench,lawbench-2-7-20-one-shot,lawbench/lawbench-2-7-20-one-shot,unique_unpredictable,0.4148412885441753,0.45484128854417527,medium,0.6617715384615386,0.022222222222222223,0.9333333333333333,0.055248618784530384,20,0.3382284615384615,0.3330593,0.0876875271746786,0.7074348730899266,0.0070573084050819645,0.18089373264660402,177.0,13.0,144.0,False,False,False,True,False
1172,lawbench,lawbench-3-8-8-one-shot,lawbench/lawbench-3-8-8-one-shot,difficult,0.41135383387637536,0.45135383387637534,hard,0.8428953846153847,0.16111111111111112,0.5305555555555556,0.07734806629834254,16,0.1571046153846153,0.1397999999999999,0.0993227900314172,0.3653171127040483,0.09645165914184813,0.015054844483174401,152.0,86.0,148.0,False,True,False,False,False
1173,lawbench,lawbench-2-7-13-one-shot,lawbench/lawbench-2-7-13-one-shot,difficult,0.4067173111040279,0.4467173111040279,hard,0.7112185384615385,0.2,0.5527777777777778,0.13812154696132597,15,0.2887814615384615,0.2546678666666667,0.1575154402547537,0.2679480509996108,0.13283848411417754,0.015720709865082116,145.0,81.0,152.0,False,True,False,False,False
1174,lawbench,lawbench-2-2-14-one-shot,lawbench/lawbench-2-2-14-one-shot,difficult,0.4048040326769609,0.4448040326769609,hard,0.7507692307692309,0.2222222222222222,0.4777777777777778,0.13259668508287292,15,0.2492307692307692,0.212,0.1522065482603601,0.2745034279003717,0.14553946152341934,0.011748415080357177,141.0,95.0,153.0,False,True,False,False,False
1175,lawbench,lawbench-2-10-17-one-shot,lawbench/lawbench-2-10-17-one-shot,unique_unpredictable,0.40464370189946636,0.44464370189946634,medium,0.43788726923076915,0.09444444444444444,0.9722222222222222,0.1270718232044199,20,0.5621127307692309,0.55494655,0.150401761388115,0.5495045300709794,0.0388620299843063,0.23134021480857592,164.0,6.0,154.0,False,False,False,True,False
1176,lawbench,lawbench-3-6-10-one-shot,lawbench/lawbench-3-6-10-one-shot,unique_unpredictable,0.3766863371818482,0.41668633718184817,medium,0.3454807692307693,0.027777777777777776,0.95,0.287292817679558,20,0.6545192307692307,0.6453750000000001,0.2294971064632406,0.6679857686414238,0.010145049456638515,0.1956651459024109,176.0,10.0,165.0,False,False,False,True,False
1177,lawbench,lawbench-3-1-8-one-shot,lawbench/lawbench-3-1-8-one-shot,unique_unpredictable,0.37614036481206026,0.41614036481206024,medium,0.32288865384615384,0.06111111111111111,0.8972222222222223,0.3314917127071823,20,0.6771113461538462,0.6518717,0.2483237911212093,0.6608857550086313,0.01653107571940506,0.1333306918699042,170.0,19.0,166.0,False,False,False,True,False
1178,lawbench,lawbench-2-4-16-one-shot,lawbench/lawbench-2-4-16-one-shot,unique_unpredictable,0.36870230674788684,0.4087023067478868,medium,0.40730769230769226,0.044444444444444446,0.9555555555555556,0.08287292817679558,20,0.5926923076923077,0.586,0.1048522770377448,0.4552366264230908,0.013977244107899892,0.2087606734191988,173.0,9.0,168.0,False,False,False,True,False
1179,lawbench,lawbench-2-4-13-zero-shot,lawbench/lawbench-2-4-13-zero-shot,unique_unpredictable,0.36852585082282663,0.4085258508228266,medium,0.4350641153846153,0.03333333333333333,0.9194444444444444,0.12154696132596685,20,0.5649358846153847,0.55291665,0.1501997423340915,0.587396822135425,0.012775721070462364,0.1698967580280457,175.0,15.0,169.0,False,False,False,True,False
1180,lawbench,lawbench-3-6-18-one-shot,lawbench/lawbench-3-6-18-one-shot,unique_unpredictable,0.3621084195117344,0.40210841951173437,medium,0.33461538461538454,0.016666666666666666,0.9777777777777777,0.1878453038674033,20,0.6653846153846155,0.655,0.1697203582367183,0.5979770654455838,0.006789609934634034,0.24535090449009345,178.0,5.0,173.0,False,False,False,True,False
1181,lawbench,lawbench-2-7-22-zero-shot,lawbench/lawbench-2-7-22-zero-shot,difficult,0.3619245597641309,0.4019245597641309,hard,0.8080297307692309,0.17222222222222222,0.3388888888888889,0.09944751381215469,16,0.1919702692307691,0.1705991875,0.1180978819614363,0.2828836686698808,0.11314399259052024,0.008886898512417085,150.0,120.0,174.0,False,True,False,False,False
1182,lawbench,lawbench-3-1-4-zero-shot,lawbench/lawbench-3-1-4-zero-shot,unique_unpredictable,0.35663055944538885,0.39663055944538883,easy,0.2775719615384614,0.03888888888888889,0.9055555555555556,0.3149171270718232,20,0.7224280384615386,0.6999207000000001,0.2390333143269155,0.6541655870865668,0.013856471611639939,0.13615169183855813,174.0,18.0,175.0,False,False,False,True,False
1183,lawbench,lawbench-2-7-0-zero-shot,lawbench/lawbench-2-7-0-zero-shot,difficult,0.3536031956131652,0.3936031956131652,hard,0.7156681538461539,0.2722222222222222,0.19166666666666668,0.20994475138121546,15,0.2843318461538461,0.2442726666666667,0.1759281120559064,0.2837648272760381,0.1692697384923757,0.0033804682201279412,132.0,146.0,176.0,False,True,False,False,False
1184,lawbench,lawbench-3-2-19-zero-shot,lawbench/lawbench-3-2-19-zero-shot,difficult,0.3532506425721302,0.39325064257213016,hard,0.739703,0.24444444444444444,0.225,0.17679558011049723,15,0.260297,0.2203735999999999,0.1630427825195174,0.3343372120619229,0.157384347881212,0.003783502806046002,137.0,140.0,177.0,False,True,False,False,False
1185,lawbench,lawbench-2-9-17-zero-shot,lawbench/lawbench-2-9-17-zero-shot,unique_unpredictable,0.3303190033704018,0.3703190033704018,easy,0.23442211538461533,0.07222222222222222,0.9194444444444444,0.11049723756906077,20,0.7655778846153847,0.7552512500000002,0.1449119834333499,0.6559153956951944,0.03372055598676272,0.1698967580280457,168.0,16.0,178.0,False,False,False,True,False
1186,lawbench,lawbench-3-2-13-zero-shot,lawbench/lawbench-3-2-13-zero-shot,difficult,0.3279049992208528,0.3679049992208528,hard,0.7139312307692308,0.26666666666666666,0.10833333333333334,0.19337016574585636,15,0.2860687692307692,0.2381768,0.1702381904282741,0.3013632412058858,0.1658985511503755,0.001522076919953097,133.0,161.0,179.0,False,True,False,False,False
1187,lawbench,lawbench-2-7-17-zero-shot,lawbench/lawbench-2-7-17-zero-shot,difficult,0.32677462665273643,0.3667746266527364,hard,0.7802261923076923,0.19444444444444445,0.19166666666666668,0.10497237569060773,15,0.2197738076923077,0.1895918666666666,0.1369512423460099,0.2825918792280376,0.13146568079485857,0.0033804682201279412,146.0,147.0,180.0,False,True,False,False,False
1188,lawbench,lawbench-2-7-18-zero-shot,lawbench/lawbench-2-7-18-zero-shot,difficult,0.18912621005099875,0.22912621005099876,hard,0.7531899230769232,0.0,0.0,0.0055248618784530384,19,0.2468100769230768,0.2461384736842105,0.0426390663944011,0.4876295517584969,,,,,181.0,False,True,False,False,False
1189,livecodebench,livecodebench-arc186_d,livecodebench/livecodebench-arc186_d,base_representative;unique_unpredictable;high_composite,0.8014472064479637,0.9014472064479637,medium,0.34743588461538455,1.0,0.8823529411764706,0.96,17,0.6525641153846155,0.5745098235294117,0.4447999387859981,0.4828824817949157,0.2791301174919095,0.33781957086046177,1.0,9.0,3.0,True,False,False,True,True
1190,livecodebench,livecodebench-3046,livecodebench/livecodebench-3046,base_representative,0.6213608597285067,0.6813608597285068,easy,0.11538461538461542,0.9852941176470589,0.49264705882352944,0.83,18,0.8846153846153846,0.8333333333333334,0.3073181485764296,0.5451568498425253,0.278835691304321,0.10265136470062153,2.0,35.0,18.0,True,False,False,False,False
1191,livecodebench,livecodebench-3779,livecodebench/livecodebench-3779,unique_unpredictable;high_composite,0.833294491515837,0.873294491515837,medium,0.6185897307692307,0.9264705882352942,0.8235294117647058,0.99,17,0.3814102692307692,0.4509804117647059,0.4609407419082719,0.5366214498577999,0.22676483926213659,0.2461971869295655,6.0,13.0,1.0,False,False,False,True,True
1192,livecodebench,livecodebench-abc343_a,livecodebench/livecodebench-abc343_a,difficult;unique_unpredictable;high_composite,0.7874276018099547,0.8674276018099548,hard,0.7307692307692308,0.6764705882352942,0.9558823529411765,0.86,18,0.2692307692307692,0.3,0.3415650255319866,0.542480182190955,0.15086911849135531,0.43498372106044925,23.0,4.0,5.0,False,True,False,True,True
1193,livecodebench,livecodebench-3308,livecodebench/livecodebench-3308,unique_unpredictable;high_composite,0.7977933602941176,0.8377933602941177,medium,0.6128205000000001,0.7794117647058824,0.9411764705882353,0.91,18,0.3871794999999999,0.4259259444444445,0.3843473910534687,-0.6421519493813099,0.17243996872155723,0.4291812611461734,16.0,5.0,4.0,False,False,False,True,True
1194,livecodebench,livecodebench-arc182_e,livecodebench/livecodebench-arc182_e,high_composite,0.8080882352941177,0.8080882352941177,medium,0.5,0.9558823529411765,0.7941176470588235,1.0,15,0.5,0.5,0.4830458915396479,0.5174383965384541,0.25908732842348164,0.227459393341506,4.0,15.0,2.0,False,False,False,False,True
1195,livecodebench,livecodebench-abc389_g,livecodebench/livecodebench-abc389_g,difficult;high_composite,0.7270871040723982,0.7670871040723982,hard,0.7192307692307693,0.8676470588235294,0.40441176470588236,0.95,16,0.2807692307692307,0.39375,0.4394154497739013,0.5989138321971407,0.21339896953711895,0.07771938160947311,10.0,42.0,6.0,False,True,False,False,True
1196,livecodebench,livecodebench-arc196_a,livecodebench/livecodebench-arc196_a,difficult;high_composite,0.7240022624434388,0.7640022624434388,hard,0.8115384615384615,0.7647058823529411,0.45588235294117646,0.93,16,0.1884615384615384,0.30625,0.4022883760438524,0.657439387640313,0.17166354112289867,0.08317961662940987,17.0,38.0,7.0,False,True,False,False,True
1197,livecodebench,livecodebench-abc301_f,livecodebench/livecodebench-abc301_f,difficult;high_composite,0.722537330316742,0.7625373303167421,hard,0.7653846153846154,0.8088235294117647,0.40441176470588236,0.98,15,0.2346153846153846,0.4066666666666666,0.4567518168789503,0.5707709310882828,0.20311695091855492,0.07771938160947311,14.0,41.0,8.0,False,True,False,False,True
1198,livecodebench,livecodebench-arc196_c,livecodebench/livecodebench-arc196_c,difficult;high_composite,0.7098303167420814,0.7498303167420814,hard,0.8346153846153848,0.6470588235294118,0.5588235294117647,0.9,15,0.1653846153846153,0.2866666666666667,0.384042821686448,0.4629049081043319,0.13960234735191693,0.14462613772976007,25.0,31.0,9.0,False,True,False,False,True
1199,livecodebench,livecodebench-arc188_c,livecodebench/livecodebench-arc188_c,difficult;unique_unpredictable;high_composite,0.6522443438914027,0.7322443438914028,hard,0.9461538461538462,0.29411764705882354,0.8970588235294118,0.59,17,0.0538461538461538,0.0823529411764705,0.1688552952283214,0.3173863824623424,0.05026712458445139,0.37095357688802466,49.0,8.0,13.0,False,True,False,True,True
1200,livecodebench,livecodebench-abc388_g,livecodebench/livecodebench-abc388_g,high_composite,0.7008242867647059,0.7008242867647059,easy,0.18717949999999994,0.9705882352941176,0.7352941176470589,0.87,18,0.8128205000000001,0.729629611111111,0.3422671340980347,0.3554767425676673,0.26518197952944594,0.21115995903280593,3.0,19.0,10.0,False,False,False,False,True
1201,livecodebench,livecodebench-abc363_f,livecodebench/livecodebench-abc363_f,difficult;frontier_with_variance;unique_unpredictable,0.5641685520361991,0.6841685520361992,frontier,0.9846153846153847,0.04411764705882353,0.9852941176470589,0.375,17,0.0153846153846153,0.0235294117647058,0.0644379479417842,0.2331161312690752,0.012279593902221504,0.4997556804154223,66.0,2.0,24.0,False,True,True,True,False
1202,livecodebench,livecodebench-3696,livecodebench/livecodebench-3696,high_composite,0.6723348416289593,0.6723348416289593,easy,0.20769230769230762,0.8970588235294118,0.6617647058823529,0.94,18,0.7923076923076924,0.7,0.409305358556692,0.4388031220441946,0.218228052659593,0.19969481357820373,8.0,24.0,11.0,False,False,False,False,True
1203,livecodebench,livecodebench-arc189_b,livecodebench/livecodebench-arc189_b,high_composite,0.6660165944570136,0.6660165944570136,easy,0.21794873076923083,0.9117647058823529,0.6176470588235294,0.92,18,0.7820512692307692,0.6851851666666666,0.3924004202968428,0.3582024773866448,0.22528738388468633,0.1553115233475586,7.0,27.0,12.0,False,False,False,False,True
1204,livecodebench,livecodebench-abc312_e,livecodebench/livecodebench-abc312_e,high_composite,0.6498499213800905,0.6498499213800905,easy,0.15128203846153832,0.8529411764705882,0.75,0.84,18,0.8487179615384617,0.7814814999999999,0.3115021724312065,0.506701263824413,0.20894829296234235,0.21519796297805327,11.0,18.0,14.0,False,False,False,False,True
1205,livecodebench,livecodebench-3675,livecodebench/livecodebench-3675,high_composite,0.6474803857466063,0.6474803857466063,easy,0.1833333076923077,0.9411764705882353,0.6029411764705882,0.81,18,0.8166666923076923,0.7796296666666667,0.2860736374836226,0.4540800174123431,0.22863951080169514,0.14593286383866522,5.0,28.0,15.0,False,False,False,False,True
1206,livecodebench,livecodebench-3299,livecodebench/livecodebench-3299,unique_unpredictable,0.6044966063348416,0.6444966063348416,easy,0.13269230769230766,0.6911764705882353,0.8676470588235294,0.75,18,0.8673076923076923,0.8083333333333333,0.2495829855311989,0.2828954215722755,0.15384015958306693,0.31568359602400997,22.0,10.0,21.0,False,False,False,True,False
1207,livecodebench,livecodebench-3763,livecodebench/livecodebench-3763,unique_unpredictable,0.5562929864253394,0.5962929864253395,easy,0.1942307692307692,0.4117647058823529,0.9264705882352942,0.88,18,0.8057692307692308,0.7194444444444444,0.370861942300519,0.0437480690515763,0.09464594018027135,0.4221230132357465,41.0,6.0,25.0,False,False,False,True,False
1208,livecodebench,livecodebench-3655,livecodebench/livecodebench-3655,unique_unpredictable,0.5366749654977376,0.5766749654977377,medium,0.42564103846153845,0.17647058823529413,1.0,0.79,18,0.5743589615384616,0.5629629444444444,0.269404683842495,0.1639263667866716,0.03545332484729494,0.5077406653117467,57.0,1.0,26.0,False,False,False,True,False
1209,livecodebench,livecodebench-abc330_e,livecodebench/livecodebench-abc330_e,unique_unpredictable,0.48191855203619904,0.5219185520361991,easy,0.08461538461538443,0.45588235294117646,0.8088235294117647,0.66,18,0.9153846153846156,0.8777777777777778,0.201537301635745,0.2109779051111783,0.10049244017852314,0.23199841754187234,38.0,14.0,29.0,False,False,False,True,False
1210,livecodebench,livecodebench-abc364_c,livecodebench/livecodebench-abc364_c,unique_unpredictable,0.38587330316742074,0.4258733031674207,easy,0.053846153846153766,0.14705882352941177,0.9117647058823529,0.62,18,0.9461538461538462,0.9222222222222224,0.1819815483795467,0.4630375616343996,0.03154372583400408,0.39003491541962587,59.0,7.0,39.0,False,False,False,True,False
1211,livecodebench,livecodebench-2857,livecodebench/livecodebench-2857,unique_unpredictable,0.34339027149321266,0.38339027149321264,saturated,0.040384615384615574,0.014705882352941176,0.9705882352941176,0.57,18,0.9596153846153844,0.9416666666666668,0.1493039405597409,0.1760057575432494,0.005046572208446173,0.47989873014803297,68.0,3.0,46.0,False,False,False,True,False
1212,livecodebench,livecodebench-abc377_g,livecodebench/livecodebench-abc377_g,unique_unpredictable,0.2944739819004525,0.33447398190045247,saturated,0.017307692307692246,0.058823529411764705,0.8382352941176471,0.4,17,0.9826923076923078,0.973529411764706,0.0729980802705344,0.0347173471240085,0.021479484304525804,0.2875113264286644,65.0,12.0,50.0,False,False,False,True,False
1213,livecodebench,livecodebench-abc306_d,livecodebench/livecodebench-abc306_d,unique_unpredictable,0.28062556561085966,0.32062556561085964,saturated,0.015384615384615219,0.029411764705882353,0.8529411764705882,0.355,18,0.9846153846153848,0.977777777777778,0.0628539361054708,0.0069253496627185,0.011884884581551564,0.3071796769724491,67.0,11.0,53.0,False,False,False,True,False
1214,livecodebench,livecodebench-abc397_d,livecodebench/livecodebench-abc397_d,difficult,0.2695,0.3095,frontier,1.0,0.0,0.0,0.13,18,0.0,0.0,0.0,,,,,,54.0,False,True,False,False,False
1215,livecodebench,livecodebench-arc192_b,livecodebench/livecodebench-arc192_b,difficult,0.2695,0.3095,frontier,1.0,0.0,0.0,0.13,17,0.0,0.0,0.0,,,,,,55.0,False,True,False,False,False
1216,livecodebench,livecodebench-arc195_c,livecodebench/livecodebench-arc195_c,difficult,0.2695,0.3095,frontier,1.0,0.0,0.0,0.13,15,0.0,0.0,0.0,,,,,,56.0,False,True,False,False,False
1217,medagentbench,medagentbench-task1_28,medagentbench/medagentbench-task1_28,base_representative;high_composite,0.658743770314193,0.718743770314193,medium,0.3615384615384615,0.9859154929577465,0.3591549295774648,0.89,20,0.6384615384615385,0.6500000000000001,0.3570714214271425,0.5567224281624554,0.29374996436165834,0.1037337623033493,2.0,47.0,6.0,True,False,False,False,True
1218,medagentbench,medagentbench-task2_5,medagentbench/medagentbench-task2_5,base_representative,0.5590574214517876,0.6190574214517877,easy,0.21538461538461529,1.0,0.14084507042253522,0.8,20,0.7846153846153847,0.75,0.3278719262151,0.4708014200039361,0.29953996207270606,0.05799574647888306,1.0,62.0,24.0,True,False,False,False,False
1219,medagentbench,medagentbench-task1_19,medagentbench/medagentbench-task1_19,unique_unpredictable;high_composite,0.734160346695558,0.774160346695558,medium,0.3769230769230769,0.8591549295774648,0.8169014084507042,0.9,20,0.6230769230769231,0.6300000000000001,0.3593048844644336,0.5472684261559276,0.2643047573355307,0.16854365129210958,11.0,14.0,2.0,False,False,False,True,True
1220,medagentbench,medagentbench-task9_11,medagentbench/medagentbench-task9_11,high_composite,0.7539544962080174,0.7539544962080174,medium,0.4538461538461538,0.8732394366197183,0.7394366197183099,1.0,20,0.5461538461538462,0.53,0.4255584566190643,0.5425210842131786,0.2658302561175064,0.15356069671360928,10.0,19.0,1.0,False,False,False,False,True
1221,medagentbench,medagentbench-task9_17,medagentbench/medagentbench-task9_17,high_composite,0.7238959913326111,0.7238959913326111,medium,0.42307692307692313,0.9436619718309859,0.5633802816901409,0.98,20,0.5769230769230769,0.54,0.4152107898405339,0.3680788813740755,0.27422980614757514,0.1290958015675976,5.0,32.0,3.0,False,False,False,False,True
1222,medagentbench,medagentbench-task10_30,medagentbench/medagentbench-task10_30,unique_unpredictable;high_composite,0.6576413867822318,0.6976413867822319,medium,0.5076923076923077,0.5352112676056338,0.9295774647887324,0.74,20,0.4923076923076923,0.4600000000000001,0.3168595903550972,0.6278606819767831,0.2178841857513959,0.2600777129837183,34.0,6.0,7.0,False,False,False,True,True
1223,medagentbench,medagentbench-task7_12,medagentbench/medagentbench-task7_12,difficult;frontier_with_variance;unique_unpredictable,0.566128656554713,0.6861286565547131,frontier,0.976923076923077,0.07042253521126761,1.0,0.315,20,0.023076923076923,0.03,0.0714142842854285,0.4721024318740939,0.016174500436090575,0.5524019866142522,67.0,1.0,21.0,False,True,True,True,False
1224,medagentbench,medagentbench-task9_8,medagentbench/medagentbench-task9_8,unique_unpredictable;high_composite,0.6390975081256771,0.6790975081256772,medium,0.48461538461538467,0.4647887323943662,0.8450704225352113,0.96,20,0.5153846153846153,0.5199999999999999,0.3762977544445356,0.2024497413893317,0.20905083472734673,0.18603992029762795,39.0,12.0,11.0,False,False,False,True,True
1225,medagentbench,medagentbench-task6_23,medagentbench/medagentbench-task6_23,unique_unpredictable;high_composite,0.6370742145178765,0.6770742145178765,easy,0.25384615384615394,0.647887323943662,0.9014084507042254,0.81,20,0.7461538461538461,0.7300000000000001,0.3303028912982749,0.5180266611352047,0.230598606399651,0.2113068095785402,26.0,8.0,12.0,False,False,False,True,True
1226,medagentbench,medagentbench-task10_8,medagentbench/medagentbench-task10_8,unique_unpredictable;high_composite,0.6357789815817985,0.6757789815817985,medium,0.6615384615384615,0.29577464788732394,0.9154929577464789,0.92,20,0.3384615384615385,0.38,0.3682390527904394,0.5992553793302697,0.1899671709926437,0.24156189789357763,51.0,7.0,13.0,False,False,False,True,True
1227,medagentbench,medagentbench-task1_11,medagentbench/medagentbench-task1_11,high_composite,0.6744485373781147,0.6744485373781147,easy,0.26923076923076905,0.8873239436619719,0.7183098591549296,0.78,20,0.730769230769231,0.71,0.3254228019054596,0.7378737921980925,0.2671734907976695,0.15341155153149566,9.0,21.0,4.0,False,False,False,False,True
1228,medagentbench,medagentbench-task1_27,medagentbench/medagentbench-task1_27,high_composite,0.672075297941495,0.672075297941495,medium,0.36923076923076914,0.7746478873239436,0.7605633802816901,0.79,20,0.6307692307692309,0.64,0.3261901286060018,0.569883151476191,0.2583163266328879,0.15622741377774196,17.0,18.0,5.0,False,False,False,False,True
1229,medagentbench,medagentbench-task7_13,medagentbench/medagentbench-task7_13,difficult;frontier_with_variance;unique_unpredictable,0.5494561213434453,0.6694561213434455,frontier,0.976923076923077,0.04225352112676056,0.9577464788732394,0.34,20,0.023076923076923,0.03,0.0953939201416945,-0.0909281211873177,0.01215008653347469,0.39640653675630033,69.0,4.0,28.0,False,True,True,True,False
1230,medagentbench,medagentbench-task7_7,medagentbench/medagentbench-task7_7,difficult;frontier_with_variance;unique_unpredictable,0.5432161430119177,0.6632161430119178,frontier,0.9692307692307693,0.014084507042253521,0.9859154929577465,0.33,20,0.0307692307692307,0.04,0.08,0.0689134433145504,0.0009053178280852041,0.48667299766065475,71.0,2.0,29.0,False,True,True,True,False
1231,medagentbench,medagentbench-task9_15,medagentbench/medagentbench-task9_15,unique_unpredictable;high_composite,0.6175698808234019,0.657569880823402,medium,0.4923076923076922,0.4507042253521127,0.8309859154929577,0.86,20,0.5076923076923078,0.51,0.3433656942677878,0.2893605161612135,0.2089820482985916,0.1854332672253337,40.0,13.0,15.0,False,False,False,True,True
1232,medagentbench,medagentbench-task1_6,medagentbench/medagentbench-task1_6,high_composite,0.6570167930660888,0.6570167930660888,medium,0.33846153846153837,0.9154929577464789,0.4859154929577465,0.87,20,0.6615384615384616,0.65,0.3456877203488721,0.6679624403899523,0.2682867578212237,0.11620497138116948,7.0,38.0,8.0,False,False,False,False,True
1233,medagentbench,medagentbench-task1_8,medagentbench/medagentbench-task1_8,high_composite,0.6503938244853738,0.6503938244853738,easy,0.2923076923076924,0.9014084507042254,0.5492957746478874,0.83,20,0.7076923076923076,0.6799999999999999,0.3370459909270543,0.5021526959767415,0.2677560602482038,0.12747872922832404,8.0,33.0,9.0,False,False,False,False,True
1234,medagentbench,medagentbench-task7_20,medagentbench/medagentbench-task7_20,difficult;frontier_with_variance;unique_unpredictable,0.527748374864572,0.6477483748645722,frontier,0.976923076923077,0.056338028169014086,0.8661971830985915,0.315,20,0.023076923076923,0.03,0.0714142842854285,-0.0155320324177188,0.012967010046657502,0.20069474611454707,68.0,10.0,31.0,False,True,True,True,False
1235,medagentbench,medagentbench-task9_2,medagentbench/medagentbench-task9_2,high_composite,0.644849945828819,0.644849945828819,medium,0.5692307692307692,0.7183098591549296,0.4225352112676056,0.97,20,0.4307692307692308,0.44,0.3773592452822641,0.4573669437033987,0.24173099381245827,0.1117623521631591,21.0,42.0,10.0,False,False,False,False,True
1236,medagentbench,medagentbench-task7_25,medagentbench/medagentbench-task7_25,difficult;frontier_with_variance;unique_unpredictable,0.5175622968580715,0.6375622968580716,frontier,0.9846153846153847,0.028169014084507043,0.8661971830985915,0.3,20,0.0153846153846153,0.02,0.06,-0.0509532948913293,0.004157960426691647,0.20069474611454707,70.0,11.0,34.0,False,True,True,True,False
1237,medagentbench,medagentbench-task7_30,medagentbench/medagentbench-task7_30,difficult;unique_unpredictable,0.5565544420368365,0.6365544420368365,hard,0.9230769230769231,0.08450704225352113,0.971830985915493,0.355,20,0.0769230769230769,0.1,0.1732050807568877,0.0791470113989789,0.052458182410649895,0.4125771859581321,66.0,3.0,25.0,False,True,False,True,False
1238,medagentbench,medagentbench-task10_5,medagentbench/medagentbench-task10_5,unique_unpredictable,0.5937632719393283,0.6337632719393284,medium,0.6384615384615385,0.2535211267605634,0.9436619718309859,0.73,20,0.3615384615384615,0.35,0.3154362059117501,0.6460757648295852,0.18727362842734743,0.2735874761810482,54.0,5.0,20.0,False,False,False,True,False
1239,medagentbench,medagentbench-task1_2,medagentbench/medagentbench-task1_2,high_composite,0.6199886240520044,0.6199886240520044,medium,0.3384615384615385,0.6619718309859155,0.7887323943661971,0.71,20,0.6615384615384615,0.6500000000000001,0.3090307428072488,0.6867304091597043,0.23197420936492372,0.16231913281007038,25.0,16.0,14.0,False,False,False,False,True
1240,medagentbench,medagentbench-task2_8,medagentbench/medagentbench-task2_8,unique_unpredictable,0.5506354279523293,0.5906354279523294,easy,0.22307692307692295,0.49295774647887325,0.8873239436619719,0.67,20,0.776923076923077,0.7700000000000001,0.2917190429162964,0.5247048679133842,0.21343099511771443,0.20777945262423425,37.0,9.0,27.0,False,False,False,True,False
1241,medagentbench,medagentbench-task6_5,medagentbench/medagentbench-task6_5,unique_unpredictable,0.4591998916576381,0.49919989165763806,easy,0.2384615384615384,0.323943661971831,0.8028169014084507,0.57,20,0.7615384615384616,0.7499999999999999,0.2673948391424187,0.4514491842812513,0.1960443403668191,0.16711500667832313,49.0,15.0,44.0,False,False,False,True,False
1242,medagentbench,medagentbench-task3_28,medagentbench/medagentbench-task3_28,difficult;frontier_with_variance,0.2900769230769231,0.3700769230769231,frontier,0.9923076923076924,0.0,0.0,0.28,20,0.0076923076923076,0.01,0.0435889894354067,-0.0460337523287066,,,,,63.0,False,True,True,False,False
1243,medagentbench,medagentbench-task3_3,medagentbench/medagentbench-task3_3,difficult;frontier_with_variance,0.2900769230769231,0.3700769230769231,frontier,0.9923076923076924,0.0,0.0,0.28,20,0.0076923076923076,0.01,0.0435889894354067,0.1075824770614587,,,,,64.0,False,True,True,False,False
1244,medagentbench,medagentbench-task3_9,medagentbench/medagentbench-task3_9,difficult;frontier_with_variance,0.2900769230769231,0.3700769230769231,frontier,0.9923076923076924,0.0,0.0,0.28,20,0.0076923076923076,0.01,0.0435889894354067,0.3443026310270121,,,,,65.0,False,True,True,False,False
1245,medagentbench,medagentbench-task10_21,medagentbench/medagentbench-task10_21,difficult,0.27025,0.31024999999999997,frontier,1.0,0.0,0.0,0.135,20,0.0,0.0,0.0,,,,,,67.0,False,True,False,False,False
1246,medagentbench,medagentbench-task10_23,medagentbench/medagentbench-task10_23,difficult,0.27025,0.31024999999999997,frontier,1.0,0.0,0.0,0.135,20,0.0,0.0,0.0,,,,,,68.0,False,True,False,False,False
1247,medagentbench,medagentbench-task10_24,medagentbench/medagentbench-task10_24,difficult,0.27025,0.31024999999999997,frontier,1.0,0.0,0.0,0.135,20,0.0,0.0,0.0,,,,,,69.0,False,True,False,False,False
1248,medagentbench,medagentbench-task10_3,medagentbench/medagentbench-task10_3,difficult,0.27025,0.31024999999999997,frontier,1.0,0.0,0.0,0.135,20,0.0,0.0,0.0,,,,,,70.0,False,True,False,False,False
1249,medagentbench,medagentbench-task10_6,medagentbench/medagentbench-task10_6,difficult,0.27025,0.31024999999999997,frontier,1.0,0.0,0.0,0.135,20,0.0,0.0,0.0,,,,,,71.0,False,True,False,False,False
1250,medagentbench,medagentbench-task3_18,medagentbench/medagentbench-task3_18,difficult,0.27025,0.31024999999999997,frontier,1.0,0.0,0.0,0.135,20,0.0,0.0,0.0,,,,,,72.0,False,True,False,False,False
1251,medagentbench,medagentbench-task3_2,medagentbench/medagentbench-task3_2,difficult,0.27025,0.31024999999999997,frontier,1.0,0.0,0.0,0.135,20,0.0,0.0,0.0,,,,,,73.0,False,True,False,False,False
1252,medagentbench,medagentbench-task3_21,medagentbench/medagentbench-task3_21,difficult,0.27025,0.31024999999999997,frontier,1.0,0.0,0.0,0.135,20,0.0,0.0,0.0,,,,,,74.0,False,True,False,False,False
1253,medagentbench,medagentbench-task3_24,medagentbench/medagentbench-task3_24,difficult,0.27025,0.31024999999999997,frontier,1.0,0.0,0.0,0.135,20,0.0,0.0,0.0,,,,,,75.0,False,True,False,False,False
1254,medagentbench,medagentbench-task3_29,medagentbench/medagentbench-task3_29,difficult,0.27025,0.31024999999999997,frontier,1.0,0.0,0.0,0.135,20,0.0,0.0,0.0,,,,,,76.0,False,True,False,False,False
1255,medagentbench,medagentbench-task5_21,medagentbench/medagentbench-task5_21,difficult,0.27025,0.31024999999999997,frontier,1.0,0.0,0.0,0.135,20,0.0,0.0,0.0,,,,,,77.0,False,True,False,False,False
1256,medagentbench,medagentbench-task5_25,medagentbench/medagentbench-task5_25,difficult,0.27025,0.31024999999999997,frontier,1.0,0.0,0.0,0.135,20,0.0,0.0,0.0,,,,,,78.0,False,True,False,False,False
1257,medagentbench,medagentbench-task8_1,medagentbench/medagentbench-task8_1,difficult,0.27025,0.31024999999999997,frontier,1.0,0.0,0.0,0.135,20,0.0,0.0,0.0,,,,,,79.0,False,True,False,False,False
1258,medagentbench,medagentbench-task8_10,medagentbench/medagentbench-task8_10,difficult,0.27025,0.31024999999999997,frontier,1.0,0.0,0.0,0.135,20,0.0,0.0,0.0,,,,,,80.0,False,True,False,False,False
1259,medagentbench,medagentbench-task8_12,medagentbench/medagentbench-task8_12,difficult,0.27025,0.31024999999999997,frontier,1.0,0.0,0.0,0.135,20,0.0,0.0,0.0,,,,,,81.0,False,True,False,False,False
1260,medagentbench,medagentbench-task8_15,medagentbench/medagentbench-task8_15,difficult,0.27025,0.31024999999999997,frontier,1.0,0.0,0.0,0.135,20,0.0,0.0,0.0,,,,,,82.0,False,True,False,False,False
1261,medagentbench,medagentbench-task8_19,medagentbench/medagentbench-task8_19,difficult,0.27025,0.31024999999999997,frontier,1.0,0.0,0.0,0.135,20,0.0,0.0,0.0,,,,,,83.0,False,True,False,False,False
1262,medagentbench,medagentbench-task8_22,medagentbench/medagentbench-task8_22,difficult,0.27025,0.31024999999999997,frontier,1.0,0.0,0.0,0.135,20,0.0,0.0,0.0,,,,,,84.0,False,True,False,False,False
1263,medagentbench,medagentbench-task8_24,medagentbench/medagentbench-task8_24,difficult,0.27025,0.31024999999999997,frontier,1.0,0.0,0.0,0.135,20,0.0,0.0,0.0,,,,,,85.0,False,True,False,False,False
1264,medagentbench,medagentbench-task8_25,medagentbench/medagentbench-task8_25,difficult,0.27025,0.31024999999999997,frontier,1.0,0.0,0.0,0.135,20,0.0,0.0,0.0,,,,,,86.0,False,True,False,False,False
1265,medagentbench,medagentbench-task8_3,medagentbench/medagentbench-task8_3,difficult,0.27025,0.31024999999999997,frontier,1.0,0.0,0.0,0.135,20,0.0,0.0,0.0,,,,,,87.0,False,True,False,False,False
1266,medagentbench,medagentbench-task8_30,medagentbench/medagentbench-task8_30,difficult,0.27025,0.31024999999999997,frontier,1.0,0.0,0.0,0.135,20,0.0,0.0,0.0,,,,,,88.0,False,True,False,False,False
1267,medagentbench,medagentbench-task8_5,medagentbench/medagentbench-task8_5,difficult,0.27025,0.31024999999999997,frontier,1.0,0.0,0.0,0.135,20,0.0,0.0,0.0,,,,,,89.0,False,True,False,False,False
1268,medagentbench,medagentbench-task8_6,medagentbench/medagentbench-task8_6,difficult,0.27025,0.31024999999999997,frontier,1.0,0.0,0.0,0.135,20,0.0,0.0,0.0,,,,,,90.0,False,True,False,False,False
1269,medagentbench,medagentbench-task8_7,medagentbench/medagentbench-task8_7,difficult,0.27025,0.31024999999999997,frontier,1.0,0.0,0.0,0.135,20,0.0,0.0,0.0,,,,,,91.0,False,True,False,False,False
1270,medagentbench,medagentbench-task8_9,medagentbench/medagentbench-task8_9,difficult,0.27025,0.31024999999999997,frontier,1.0,0.0,0.0,0.135,20,0.0,0.0,0.0,,,,,,92.0,False,True,False,False,False
1271,mmau,mmau-1ee237cc-3520-4e79-9644-195a5abc8581,mmau/mmau-1ee237cc-3520-4e79-9644-195a5abc8581,base_representative;high_composite,0.6462952710235318,0.7062952710235317,easy,0.16346153846153844,0.9891304347826086,0.5,0.8948948948948949,20,0.8365384615384616,0.7875,0.318541598539343,0.4364914916538364,0.21508108387333771,0.22987727321871465,2.0,47.0,5.0,True,False,False,False,True
1272,mmau,mmau-d7568dd6-35d5-4121-b230-c89ab36443e6,mmau/mmau-d7568dd6-35d5-4121-b230-c89ab36443e6,base_representative,0.5876873110568762,0.6476873110568762,easy,0.0692307692307692,1.0,0.358695652173913,0.8713713713713713,20,0.9307692307692308,0.91,0.2487971060924945,0.396013477155324,0.21954819610024803,0.07467851900836131,1.0,60.0,32.0,True,False,False,False,False
1273,mmau,mmau-0de9f80e-8070-4ede-845b-b41bfc9bdbf7,mmau/mmau-0de9f80e-8070-4ede-845b-b41bfc9bdbf7,difficult;frontier_with_variance;unique_unpredictable;high_composite,0.618249206564424,0.738249206564424,frontier,0.9538461538461539,0.11956521739130435,0.8532608695652174,0.8308308308308309,20,0.0461538461538461,0.06,0.128062484748657,0.3842791446226223,0.019856966144015147,0.38529914360142425,82.0,14.0,13.0,False,True,True,True,True
1274,mmau,mmau-9d66046d-9ad7-4fc4-a2a0-5f5a58ee0282,mmau/mmau-9d66046d-9ad7-4fc4-a2a0-5f5a58ee0282,difficult;unique_unpredictable;high_composite,0.651217396326092,0.7312173963260921,hard,0.9230769230769231,0.14130434782608695,0.9782608695652174,0.8428428428428428,20,0.0769230769230769,0.1,0.1843908891458577,0.592013174459137,0.025349077456607774,0.49093952001441865,80.0,3.0,2.0,False,True,False,True,True
1275,mmau,mmau-a5dfb846-f86e-4b4b-8311-5e783b9f4634,mmau/mmau-a5dfb846-f86e-4b4b-8311-5e783b9f4634,difficult;frontier_with_variance;unique_unpredictable,0.6111763310132875,0.7311763310132876,frontier,0.9615384615384616,0.03260869565217391,0.9402173913043478,0.8288288288288288,20,0.0384615384615384,0.05,0.1072380529476361,-0.1334846880233545,0.0037816760087979544,0.4110761516549385,90.0,7.0,16.0,False,True,True,True,False
1276,mmau,mmau-1beb87ed-8d10-4c39-87b4-81365b947fb8,mmau/mmau-1beb87ed-8d10-4c39-87b4-81365b947fb8,difficult;frontier_with_variance;unique_unpredictable,0.6092246929203451,0.7292246929203452,frontier,0.9538461538461539,0.021739130434782608,0.9565217391304348,0.8268268268268268,20,0.0461538461538461,0.06,0.0916515138991168,-0.3798783962046562,0.0021574582116080493,0.41697933359528594,91.0,5.0,17.0,False,True,True,True,False
1277,mmau,mmau-6aa80dfd-eb32-41c9-abeb-4bd66c460868,mmau/mmau-6aa80dfd-eb32-41c9-abeb-4bd66c460868,difficult;unique_unpredictable;high_composite,0.6433164351642613,0.7233164351642614,hard,0.7461538461538462,0.21739130434782608,0.9891304347826086,0.8893893893893894,20,0.2538461538461539,0.27,0.3051229260478471,-0.0975617261830308,0.05548352246173414,0.5022690469101834,73.0,2.0,6.0,False,True,False,True,True
1278,mmau,mmau-76c2a626-7e3c-4f2f-ad20-b07cd0890302,mmau/mmau-76c2a626-7e3c-4f2f-ad20-b07cd0890302,difficult;unique_unpredictable;high_composite,0.6429619627989193,0.7229619627989193,hard,0.8288461538461539,0.22826086956521738,0.8913043478260869,0.8868868868868869,20,0.1711538461538461,0.2225,0.3026858932953434,0.1303344373493732,0.056738065337398835,0.3939928357208655,72.0,11.0,7.0,False,True,False,True,True
1279,mmau,mmau-1a5dd76a-7905-4a83-bd88-7ae26730656d,mmau/mmau-1a5dd76a-7905-4a83-bd88-7ae26730656d,difficult;frontier_with_variance;unique_unpredictable,0.602139451324234,0.7221394513242341,frontier,0.9846153846153847,0.05434782608695652,0.8532608695652174,0.8243243243243243,20,0.0153846153846153,0.02,0.0871779788708134,0.3890458578336066,0.00691259623859682,0.38529914360142425,88.0,15.0,22.0,False,True,True,True,False
1280,mmau,mmau-f1ead136-481b-430d-a08f-1b285b75db68,mmau/mmau-f1ead136-481b-430d-a08f-1b285b75db68,unique_unpredictable;high_composite,0.6756416533590447,0.7156416533590447,medium,0.5538461538461539,0.5,0.9021739130434783,0.9109109109109109,20,0.4461538461538461,0.4599999999999998,0.38,0.3932125939476174,0.14434321800950187,0.39521749017490015,47.0,10.0,1.0,False,False,False,True,True
1281,mmau,mmau-40acec85-b206-4c9f-9adc-744cd7ee5413,mmau/mmau-40acec85-b206-4c9f-9adc-744cd7ee5413,difficult;unique_unpredictable;high_composite,0.6347753271666315,0.7147753271666316,hard,0.7384615384615385,0.25,0.9239130434782609,0.8778778778778779,20,0.2615384615384615,0.2799999999999999,0.2712931993250107,0.0235194943970672,0.058822617371894585,0.4070081414873432,70.0,8.0,9.0,False,True,False,True,True
1282,mmau,mmau-f995bc92-74f6-4e69-94b8-bf6e073fa19f,mmau/mmau-f995bc92-74f6-4e69-94b8-bf6e073fa19f,unique_unpredictable;high_composite,0.6469671176192915,0.6869671176192915,medium,0.4923076923076922,0.5217391304347826,0.8260869565217391,0.8983983983983984,20,0.5076923076923078,0.51,0.3315116890850155,0.5730730429793757,0.15118632327667592,0.371749521630377,45.0,17.0,4.0,False,False,False,True,True
1283,mmau,mmau-96cb555e-3beb-4678-8731-a2d96bd06507,mmau/mmau-96cb555e-3beb-4678-8731-a2d96bd06507,difficult;unique_unpredictable,0.6049361861861862,0.6849361861861862,medium,0.7,0.2608695652173913,0.8097826086956522,0.9079079079079079,20,0.3,0.33,0.3702701716314724,-0.2118844335175058,0.05999130713017496,0.3696415719460807,69.0,18.0,20.0,False,True,False,True,False
1284,mmau,mmau-091aefd5-f784-4472-8257-e24b6d19e32b,mmau/mmau-091aefd5-f784-4472-8257-e24b6d19e32b,difficult;unique_unpredictable,0.5975735559974691,0.6775735559974692,hard,0.8942307692307693,0.06521739130434782,0.8804347826086957,0.8738738738738738,20,0.1057692307692307,0.1375,0.255868618630734,0.0632686723223387,0.008466209717926953,0.3901674440878813,87.0,12.0,24.0,False,True,False,True,False
1285,mmau,mmau-31564584-4c55-4f17-b013-62afc898c135,mmau/mmau-31564584-4c55-4f17-b013-62afc898c135,difficult;frontier_with_variance,0.5929241741741742,0.6729241741741743,frontier,0.975,0.07608695652173914,0.7934782608695652,0.8278278278278278,20,0.025,0.0325,0.1003431612019474,-0.2919884347639611,0.009593093475159277,0.3682086756898838,86.0,20.0,26.0,False,True,True,False,False
1286,mmau,mmau-d36f3c53-149e-43ff-b08e-e68dc0f4319a,mmau/mmau-d36f3c53-149e-43ff-b08e-e68dc0f4319a,unique_unpredictable;high_composite,0.6318585790296987,0.6718585790296987,medium,0.30128207692307696,0.5108695652173914,0.967391304347826,0.9059059059059059,20,0.698717923076923,0.6758333000000001,0.3574009506143066,0.0286554861088102,0.14635615842187563,0.4608079386391395,46.0,4.0,11.0,False,False,False,True,True
1287,mmau,mmau-27e29e2e-28d8-45e2-be0c-697af91caa48,mmau/mmau-27e29e2e-28d8-45e2-be0c-697af91caa48,difficult;frontier_with_variance,0.5877372774111904,0.6677372774111905,frontier,0.9846153846153847,0.08695652173913043,0.75,0.8243243243243243,20,0.0153846153846153,0.02,0.0871779788708134,0.1075824770614587,0.010256975535115813,0.33830684011557366,85.0,24.0,31.0,False,True,True,False,False
1288,mmau,mmau-05eb32f6-5ad4-4abc-9a9a-0a252329e4ba,mmau/mmau-05eb32f6-5ad4-4abc-9a9a-0a252329e4ba,unique_unpredictable;high_composite,0.6220000728152901,0.6620000728152902,medium,0.6346153846153846,0.2717391304347826,0.9402173913043478,0.8878878878878879,20,0.3653846153846155,0.355,0.3040970239906994,-0.2090178232056141,0.06241473585135317,0.4110761516549385,68.0,6.0,12.0,False,False,False,True,True
1289,mmau,mmau-adcc613e-3c79-4478-8f08-d408984265a6,mmau/mmau-adcc613e-3c79-4478-8f08-d408984265a6,difficult;unique_unpredictable,0.5782548434722348,0.6582548434722348,hard,0.7076923076923076,0.13043478260869565,0.8695652173913043,0.9219219219219219,20,0.2923076923076923,0.38,0.4377213725647857,-0.1711320797018878,0.022160114717991997,0.3853268432857134,81.0,13.0,35.0,False,True,False,True,False
1290,mmau,mmau-2573bb7c-5319-4e62-aca6-f90a7e5e7cd5,mmau/mmau-2573bb7c-5319-4e62-aca6-f90a7e5e7cd5,difficult;high_composite,0.6133676318458927,0.6533676318458927,hard,0.9153846153846154,0.1956521739130435,0.7608695652173914,0.8388388388388388,20,0.0846153846153846,0.11,0.1729161646579058,0.4705114107323759,0.04449856336409761,0.35000452490262723,75.0,23.0,15.0,False,True,False,False,True
1291,mmau,mmau-760e99b1-09aa-479b-b90d-c3c581076e0d,mmau/mmau-760e99b1-09aa-479b-b90d-c3c581076e0d,high_composite,0.650356983237418,0.650356983237418,medium,0.4307692307692308,0.6304347826086957,0.7336956521739131,0.923923923923924,20,0.5692307692307692,0.53,0.457274534606947,0.6164074859274663,0.16400840774802006,0.3371124363423118,35.0,26.0,3.0,False,False,False,False,True
1292,mmau,mmau-70c271b0-0a05-4e68-929a-4d0c1c393044,mmau/mmau-70c271b0-0a05-4e68-929a-4d0c1c393044,difficult,0.6063270242060622,0.6463270242060623,hard,0.9006410384615385,0.30434782608695654,0.5706521739130435,0.8798798798798799,20,0.0993589615384615,0.12916665,0.2819512741099559,0.3195236370241932,0.07497004308535261,0.27328331994995914,65.0,40.0,19.0,False,True,False,False,False
1293,mmau,mmau-c678230c-6851-4232-827b-2dc545e975b5,mmau/mmau-c678230c-6851-4232-827b-2dc545e975b5,difficult;frontier_with_variance,0.5657264078459731,0.6457264078459731,frontier,0.9846153846153847,0.09782608695652174,0.6467391304347826,0.8243243243243243,20,0.0153846153846153,0.02,0.0871779788708134,0.3443026310270121,0.016489618991917896,0.30617430007481283,84.0,34.0,42.0,False,True,True,False,False
1294,mmau,mmau-9593f394-dcac-4d88-a37d-0468f8b0152c,mmau/mmau-9593f394-dcac-4d88-a37d-0468f8b0152c,unique_unpredictable,0.6042331420048811,0.6442331420048811,medium,0.4557692307692307,0.358695652173913,0.9130434782608695,0.9099099099099099,20,0.5442307692307693,0.5275000000000001,0.3739903073610331,0.1587813080944066,0.1021867755079917,0.40198275517901194,60.0,9.0,21.0,False,False,False,True,False
1295,mmau,mmau-7bdc9998-3ded-4bd4-bbb9-f90258921e47,mmau/mmau-7bdc9998-3ded-4bd4-bbb9-f90258921e47,difficult,0.5999240525299547,0.6399240525299548,hard,0.8532051538461539,0.31521739130434784,0.5706521739130435,0.8908908908908909,20,0.1467948461538461,0.1908333,0.3135581931635817,0.2253472533300418,0.07555101374476715,0.27328331994995914,64.0,41.0,23.0,False,True,False,False,False
1296,mmau,mmau-fc224a87-54f8-4bed-9c3b-fd2190ec7bd2,mmau/mmau-fc224a87-54f8-4bed-9c3b-fd2190ec7bd2,high_composite,0.6384590275894624,0.6384590275894624,medium,0.6153846153846154,0.4891304347826087,0.7065217391304348,0.9119119119119119,20,0.3846153846153846,0.41,0.3819685850956855,0.4696569080167281,0.14373676611998973,0.31592550447954026,48.0,28.0,8.0,False,False,False,False,True
1297,mmau,mmau-b79edaf7-c7f4-42f6-9535-69a68a425e8f,mmau/mmau-b79edaf7-c7f4-42f6-9535-69a68a425e8f,unique_unpredictable,0.5945944690509908,0.6345944690509908,medium,0.698076923076923,0.2391304347826087,0.8097826086956522,0.8928928928928929,20,0.3019230769230769,0.3175,0.3148401622693649,-0.2734268556546805,0.05724722442320246,0.3696415719460807,71.0,19.0,25.0,False,False,False,True,False
1298,mmau,mmau-f2b53917-8dad-4d75-a1b1-f26887587a76,mmau/mmau-f2b53917-8dad-4d75-a1b1-f26887587a76,high_composite,0.6341844561953256,0.6341844561953256,easy,0.19999999999999996,0.9456521739130435,0.483695652173913,0.8818818818818819,20,0.8,0.77,0.298496231131986,0.3995002670613241,0.21123703721783588,0.2122196462032674,6.0,49.0,10.0,False,False,False,False,True
1299,mmau,mmau-e3254a02-d2eb-45b1-a810-eaf6998498bc,mmau/mmau-e3254a02-d2eb-45b1-a810-eaf6998498bc,unique_unpredictable,0.5821800897887854,0.6221800897887855,medium,0.6846153846153846,0.20652173913043478,0.8369565217391305,0.8633633633633634,20,0.3153846153846154,0.29,0.232163735324878,0.167950139255306,0.05497622015270808,0.3825926679017594,74.0,16.0,34.0,False,False,False,True,False
1300,mmau,mmau-a92d62aa-ba19-428e-9d76-441355db5b20,mmau/mmau-a92d62aa-ba19-428e-9d76-441355db5b20,high_composite,0.6174937447234023,0.6174937447234023,medium,0.6358974230769231,0.3804347826086957,0.7717391304347826,0.8828828828828829,20,0.3641025769230769,0.35333335,0.2989611817982854,0.479883051526743,0.10494349421713123,0.36397964142707373,58.0,22.0,14.0,False,False,False,False,True
1301,mmau,mmau-bc9a6036-2011-42af-bd0f-f1a62a69823a,mmau/mmau-bc9a6036-2011-42af-bd0f-f1a62a69823a,difficult,0.5693173315455924,0.6093173315455924,hard,0.9153846153846154,0.15217391304347827,0.6467391304347826,0.8368368368368369,20,0.0846153846153846,0.11,0.1609347693943108,0.1683319236962369,0.028614447094613644,0.30617430007481283,79.0,33.0,39.0,False,True,False,False,False
1302,mmau,mmau-ac85ba57-edc0-4ccb-aa61-ce50f4af7650,mmau/mmau-ac85ba57-edc0-4ccb-aa61-ce50f4af7650,difficult,0.5551951826408348,0.5951951826408348,hard,0.7923076923076923,0.17391304347826086,0.6684782608695652,0.8608608608608609,20,0.2076923076923077,0.21,0.2233830790368867,-0.0344325640141384,0.04369501003924531,0.3092647268741202,77.0,32.0,45.0,False,True,False,False,False
1303,mmau,mmau-a063e4d1-15cf-4ced-a9d5-8130d629c604,mmau/mmau-a063e4d1-15cf-4ced-a9d5-8130d629c604,unique_unpredictable,0.5506845892715458,0.5906845892715459,easy,0.2615384615384616,0.29347826086956524,1.0,0.8838838838838838,20,0.7384615384615384,0.72,0.2993325909419153,0.1897355801304738,0.07131806374900831,0.5378562365366075,66.0,1.0,46.0,False,False,False,True,False
1304,mmau,mmau-239ec016-c087-4a7b-a64e-b99e4dece85e,mmau/mmau-239ec016-c087-4a7b-a64e-b99e4dece85e,difficult,0.546657966494923,0.5866579664949231,hard,0.7692307692307693,0.10869565217391304,0.7336956521739131,0.8858858858858859,20,0.2307692307692307,0.24,0.3006659275674582,-0.404030599757074,0.019371766000160558,0.3371124363423118,83.0,25.0,47.0,False,True,False,False,False
1305,mmau,mmau-c1e78721-e1ec-4cb8-9a09-4cc95747b587,mmau/mmau-c1e78721-e1ec-4cb8-9a09-4cc95747b587,difficult;frontier_with_variance,0.45376988610684266,0.5337698861068426,frontier,0.9846153846153847,0.010869565217391304,0.32065217391304346,0.8243243243243243,20,0.0153846153846153,0.02,0.0871779788708134,-0.4678406757406126,0.0018569879319671717,0.05309635863827411,92.0,64.0,73.0,False,True,True,False,False
1306,mmau,mmau-3452703b-ca3b-4f6c-bccc-0b24a053cf0a,mmau/mmau-3452703b-ca3b-4f6c-bccc-0b24a053cf0a,difficult,0.458749573151747,0.498749573151747,hard,0.9384615384615385,0.043478260869565216,0.32065217391304346,0.8583583583583584,20,0.0615384615384615,0.08,0.2227105745132008,-0.4570075425223331,0.006007482622140242,0.05309635863827411,89.0,63.0,72.0,False,True,False,False,False
1307,mmau,mmau-01fb92c4-7c7a-4005-8c1a-91e8a76d6f51,mmau/mmau-01fb92c4-7c7a-4005-8c1a-91e8a76d6f51,difficult;frontier_with_variance,0.3710498960498961,0.45104989604989604,frontier,0.9923076923076924,0.0,0.0,0.8198198198198198,20,0.0076923076923076,0.01,0.0435889894354067,-0.1584912122015366,,,,,87.0,False,True,True,False,False
1308,mmau,mmau-77175ed4-db9c-4ad3-b8cc-4b328e01d485,mmau/mmau-77175ed4-db9c-4ad3-b8cc-4b328e01d485,difficult;frontier_with_variance,0.3710498960498961,0.45104989604989604,frontier,0.9923076923076924,0.0,0.0,0.8198198198198198,20,0.0076923076923076,0.01,0.0435889894354067,-0.1062978184396032,,,,,88.0,False,True,True,False,False
1309,mmau,mmau-8c017759-858f-4b9b-91b4-d551bf3388f8,mmau/mmau-8c017759-858f-4b9b-91b4-d551bf3388f8,difficult;frontier_with_variance,0.3710498960498961,0.45104989604989604,frontier,0.9923076923076924,0.0,0.0,0.8198198198198198,20,0.0076923076923076,0.01,0.0435889894354067,0.3890458578336066,,,,,89.0,False,True,True,False,False
1310,mmau,mmau-2ac88129-1a51-41fd-8443-37dd4b070b05,mmau/mmau-2ac88129-1a51-41fd-8443-37dd4b070b05,difficult,0.3114114114114114,0.35141141141141136,frontier,1.0,0.0,0.0,0.4094094094094094,20,0.0,0.0,0.0,,,,,,91.0,False,True,False,False,False
1311,mmau,mmau-478408b2-0f4a-45a8-86d5-8fce50796b7c,mmau/mmau-478408b2-0f4a-45a8-86d5-8fce50796b7c,difficult,0.3114114114114114,0.35141141141141136,frontier,1.0,0.0,0.0,0.4094094094094094,20,0.0,0.0,0.0,,,,,,92.0,False,True,False,False,False
1312,mmau,mmau-5c793ad0-ee27-4cd3-b311-1509fe746962,mmau/mmau-5c793ad0-ee27-4cd3-b311-1509fe746962,difficult,0.3114114114114114,0.35141141141141136,frontier,1.0,0.0,0.0,0.4094094094094094,20,0.0,0.0,0.0,,,,,,93.0,False,True,False,False,False
1313,mmau,mmau-db0ea7ab-5514-474e-a0d5-32a0e6c76a7c,mmau/mmau-db0ea7ab-5514-474e-a0d5-32a0e6c76a7c,difficult,0.3114114114114114,0.35141141141141136,frontier,1.0,0.0,0.0,0.4094094094094094,20,0.0,0.0,0.0,,,,,,94.0,False,True,False,False,False
1314,mmau,mmau-f70735c6-959b-4fda-bb18-e92f89443bd9,mmau/mmau-f70735c6-959b-4fda-bb18-e92f89443bd9,difficult,0.3114114114114114,0.35141141141141136,frontier,1.0,0.0,0.0,0.4094094094094094,20,0.0,0.0,0.0,,,,,,95.0,False,True,False,False,False
1315,mmmlu,mmmlu-ja-jp-00098,mmmlu/mmmlu-ja-jp-00098,base_representative;high_composite,0.7107231902680652,0.7707231902680651,easy,0.24358973076923074,1.0,0.6553030303030303,0.9066666666666666,17,0.7564102692307693,0.627451,0.4373472178992743,0.4642272403129404,0.2594780730047195,0.21579586366611336,1.0,47.0,9.0,True,False,False,False,True
1316,mmmlu,mmmlu-ja-jp-00093,mmmlu/mmmlu-ja-jp-00093,base_representative,0.606849647144522,0.666849647144522,easy,0.10897434615384616,0.9924242424242424,0.553030303030303,0.6266666666666667,19,0.8910256538461538,0.8508772105263158,0.3194235241988916,-0.0332522720371933,0.2440663566161729,0.1402819167652941,2.0,60.0,37.0,True,False,False,False,False
1317,mmmlu,mmmlu-pt-br-00113,mmmlu/mmmlu-pt-br-00113,difficult;unique_unpredictable;high_composite,0.7801503496503497,0.8601503496503498,hard,0.8076923076923077,0.6590909090909091,0.8181818181818182,0.9533333333333334,14,0.1923076923076923,0.3571428571428571,0.4791574237499548,0.1023413232821503,0.14334415432069017,0.3107462875015359,46.0,25.0,1.0,False,True,False,True,True
1318,mmmlu,mmmlu-bn-bd-00015,mmmlu/mmmlu-bn-bd-00015,difficult;unique_unpredictable;high_composite,0.759306530011655,0.8393065300116551,hard,0.7852564230769231,0.5757575757575758,0.9659090909090909,0.8,18,0.2147435769230769,0.3101851666666666,0.3867057316278174,-0.5634551310877551,0.12972964098730802,0.39753833873089783,57.0,5.0,2.0,False,True,False,True,True
1319,mmmlu,mmmlu-es-la-00045,mmmlu/mmmlu-es-la-00045,difficult;unique_unpredictable;high_composite,0.7542558178904429,0.834255817890443,hard,0.8115384230769231,0.6742424242424242,0.8295454545454546,0.72,18,0.1884615769230769,0.2722222777777777,0.3658661893623595,-0.2590969190398207,0.1437195955069224,0.315658820881104,44.0,23.0,3.0,False,True,False,True,True
1320,mmmlu,mmmlu-zh-cn-00121,mmmlu/mmmlu-zh-cn-00121,difficult;high_composite,0.7527564102564103,0.7927564102564103,hard,0.8076923076923077,0.7424242424242424,0.6439393939393939,0.8666666666666667,18,0.1923076923076923,0.2777777777777778,0.415739709641549,0.2685227147634614,0.15463683690319768,0.2092811530663824,35.0,48.0,4.0,False,True,False,False,True
1321,mmmlu,mmmlu-id-id-00078,mmmlu/mmmlu-id-id-00078,unique_unpredictable;high_composite,0.750730196095571,0.790730196095571,medium,0.48076926923076924,0.7803030303030303,0.8977272727272727,0.8866666666666667,17,0.5192307307692308,0.529411705882353,0.4248617659716635,0.477072221398907,0.1716970685919381,0.36297238093811424,30.0,14.0,5.0,False,False,False,True,True
1322,mmmlu,mmmlu-ar-xy-00008,mmmlu/mmmlu-ar-xy-00008,unique_unpredictable;high_composite,0.750183576048951,0.7901835760489511,medium,0.663461576923077,0.7348484848484849,0.8484848484848485,0.7666666666666667,18,0.336538423076923,0.3564815,0.3786403576016355,0.4652651803449725,0.15327740279026147,0.3226213958307831,36.0,21.0,6.0,False,False,False,True,True
1323,mmmlu,mmmlu-yo-ng-00148,mmmlu/mmmlu-yo-ng-00148,difficult;high_composite,0.7297214452214452,0.7697214452214453,hard,0.7384615384615385,0.803030303030303,0.5681818181818182,0.8133333333333334,20,0.2615384615384615,0.31,0.3973663297261104,0.3492688817344823,0.1781490362251548,0.1547479031264647,27.0,58.0,7.0,False,True,False,False,True
1324,mmmlu,mmmlu-ar-xy-00001,mmmlu/mmmlu-ar-xy-00001,difficult;unique_unpredictable,0.6753391672494172,0.7553391672494173,hard,0.8782051538461539,0.3939393939393939,0.8636363636363636,0.68,16,0.1217948461538461,0.197916625,0.3396216581134578,0.4128624746043865,0.10526022032637357,0.3464459606137116,81.0,19.0,25.0,False,True,False,True,False
1325,mmmlu,mmmlu-ko-kr-00101,mmmlu/mmmlu-ko-kr-00101,difficult;high_composite,0.7081765734265734,0.7481765734265734,hard,0.8846153846153847,0.6136363636363636,0.625,0.7733333333333333,17,0.1153846153846153,0.1764705882352941,0.3812200410828153,0.3302104980317185,0.13510912971457922,0.1735281805001041,52.0,51.0,10.0,False,True,False,False,True
1326,mmmlu,mmmlu-sw-ke-00138,mmmlu/mmmlu-sw-ke-00138,unique_unpredictable;high_composite,0.6994947584498835,0.7394947584498835,medium,0.4679487307692308,0.6287878787878788,0.8977272727272727,0.92,19,0.5320512692307692,0.5438596315789473,0.4583280949923158,0.3931757942490123,0.13582398520198188,0.36297238093811424,50.0,15.0,12.0,False,False,False,True,True
1327,mmmlu,mmmlu-pt-br-00115,mmmlu/mmmlu-pt-br-00115,difficult;unique_unpredictable,0.6579312354312354,0.7379312354312355,hard,0.778846153846154,0.3409090909090909,0.9356060606060606,0.7333333333333333,20,0.2211538461538461,0.2875,0.3684379715622428,-0.0074952160089749,0.09711895152485557,0.37158750085189785,88.0,10.0,27.0,False,True,False,True,False
1328,mmmlu,mmmlu-es-la-00041,mmmlu/mmmlu-es-la-00041,difficult;high_composite,0.6861847351398601,0.7261847351398601,hard,0.814102576923077,0.6515151515151515,0.5265151515151515,0.82,20,0.185897423076923,0.2416666499999999,0.3995657326676394,0.3585052729572878,0.13900503024161118,0.12211085606744743,47.0,63.0,16.0,False,True,False,False,True
1329,mmmlu,mmmlu-yo-ng-00146,mmmlu/mmmlu-yo-ng-00146,difficult;high_composite,0.6852902097902097,0.7252902097902098,hard,0.7846153846153846,0.5606060606060606,0.7196969696969697,0.7533333333333333,20,0.2153846153846154,0.28,0.3762977544445355,0.1323887806864635,0.129170235366665,0.2528130647325253,59.0,38.0,18.0,False,True,False,False,True
1330,mmmlu,mmmlu-zh-cn-00128,mmmlu/mmmlu-zh-cn-00128,high_composite,0.7242459207459208,0.7242459207459208,medium,0.676923076923077,0.8257575757575758,0.5,0.94,20,0.323076923076923,0.4199999999999999,0.4728636167014756,0.1773694787468107,0.18577407139704757,0.11784150602419907,24.0,67.0,8.0,False,False,False,False,True
1331,mmmlu,mmmlu-yo-ng-00141,mmmlu/mmmlu-yo-ng-00141,difficult;high_composite,0.6813158508158508,0.7213158508158508,hard,0.8653846153846154,0.553030303030303,0.6136363636363636,0.7866666666666666,17,0.1346153846153846,0.2058823529411764,0.3857316779001177,0.396364229079949,0.12896601993951393,0.16729604003394105,60.0,52.0,19.0,False,True,False,False,True
1332,mmmlu,mmmlu-yo-ng-00145,mmmlu/mmmlu-yo-ng-00145,unique_unpredictable;high_composite,0.681081585081585,0.721081585081585,easy,0.21153846153846156,0.8484848484848485,0.8409090909090909,0.8066666666666666,17,0.7884615384615384,0.6764705882352942,0.394904605984498,0.1419725108109664,0.19361428331777214,0.3213313052372493,21.0,22.0,20.0,False,False,False,True,True
1333,mmmlu,mmmlu-de-de-00021,mmmlu/mmmlu-de-de-00021,difficult;high_composite,0.6794865967365967,0.7194865967365968,hard,0.7884615384615385,0.6060606060606061,0.625,0.76,18,0.2115384615384615,0.3055555555555556,0.3778186252426512,0.4761984150857887,0.13206383089686724,0.1735281805001041,53.0,50.0,21.0,False,True,False,False,True
1334,mmmlu,mmmlu-ko-kr-00106,mmmlu/mmmlu-ko-kr-00106,difficult;unique_unpredictable,0.6373776223776223,0.7173776223776224,hard,0.8076923076923077,0.26515151515151514,0.8106060606060606,0.9333333333333333,15,0.1923076923076923,0.3333333333333333,0.4714045207910317,-0.0968531676633097,0.08092954837829913,0.30888741308781553,98.0,26.0,31.0,False,True,False,True,False
1335,mmmlu,mmmlu-hi-in-00061,mmmlu/mmmlu-hi-in-00061,difficult,0.6665699332750583,0.7065699332750583,hard,0.8717948846153847,0.6363636363636364,0.5075757575757576,0.66,18,0.1282051153846153,0.1851851666666666,0.3328185242681479,0.5419826443962119,0.13654387344072683,0.11873022249960563,49.0,66.0,26.0,False,True,False,False,False
1336,mmmlu,mmmlu-ja-jp-00099,mmmlu/mmmlu-ja-jp-00099,high_composite,0.7016620046620047,0.7016620046620047,medium,0.5307692307692309,0.9621212121212122,0.3409090909090909,0.98,20,0.4692307692307692,0.49,0.4918333050943175,0.0489974844362373,0.2280844960632344,0.007554569206989714,6.0,88.0,11.0,False,False,False,False,True
1337,mmmlu,mmmlu-it-it-00085,mmmlu/mmmlu-it-it-00085,difficult;unique_unpredictable,0.618866546911422,0.698866546911422,hard,0.8974358846153847,0.15151515151515152,0.9659090909090909,0.6666666666666666,18,0.1025641153846153,0.1481481666666666,0.3374234943516415,-0.1095816371473773,0.05017294452565962,0.39753833873089783,113.0,6.0,35.0,False,True,False,True,False
1338,mmmlu,mmmlu-sw-ke-00134,mmmlu/mmmlu-sw-ke-00134,high_composite,0.6983956876456877,0.6983956876456877,medium,0.6384615384615385,0.8712121212121212,0.36742424242424243,0.9466666666666667,20,0.3615384615384615,0.44,0.4758150901348127,0.098891005850215,0.19468886298974353,0.010214050555915732,18.0,84.0,13.0,False,False,False,False,True
1339,mmmlu,mmmlu-bn-bd-00018,mmmlu/mmmlu-bn-bd-00018,high_composite,0.6945769198717948,0.6945769198717948,easy,0.23397434615384616,0.9015151515151515,0.7462121212121212,0.8933333333333333,19,0.7660256538461538,0.6798245789473685,0.4277159155702982,0.5471956060062458,0.2065043136811882,0.2693940451740483,14.0,34.0,14.0,False,False,False,False,True
1340,mmmlu,mmmlu-hi-in-00066,mmmlu/mmmlu-hi-in-00066,high_composite,0.6911153846153846,0.6911153846153846,medium,0.5384615384615385,0.9242424242424242,0.3560606060606061,0.96,20,0.4615384615384615,0.48,0.4833218389437829,-0.0034030591778043,0.21656333567421177,0.009997620183726963,11.0,86.0,15.0,False,False,False,False,True
1341,mmmlu,mmmlu-yo-ng-00142,mmmlu/mmmlu-yo-ng-00142,high_composite,0.6859527972027972,0.6859527972027972,medium,0.6615384615384615,0.8106060606060606,0.36742424242424243,0.9666666666666667,20,0.3384615384615385,0.44,0.4882622246293481,0.0489493916037767,0.17926136946078702,0.010214050555915732,26.0,85.0,17.0,False,False,False,False,True
1342,mmmlu,mmmlu-en-us-00039,mmmlu/mmmlu-en-us-00039,high_composite,0.6781771561771561,0.6781771561771561,medium,0.5307692307692309,0.9356060606060606,0.2840909090909091,0.98,20,0.4692307692307692,0.49,0.4918333050943175,-0.0031542454119574,0.22003579183547176,4.440892098500626e-16,9.0,95.0,22.0,False,False,False,False,True
1343,mmmlu,mmmlu-sw-ke-00133,mmmlu/mmmlu-sw-ke-00133,high_composite,0.6781771561771561,0.6781771561771561,medium,0.5307692307692309,0.9356060606060606,0.2840909090909091,0.98,20,0.4692307692307692,0.49,0.4918333050943175,-0.0031542454119574,0.22003579183547176,4.440892098500626e-16,10.0,96.0,23.0,False,False,False,False,True
1344,mmmlu,mmmlu-ja-jp-00095,mmmlu/mmmlu-ja-jp-00095,difficult,0.6351783216783217,0.6751783216783217,hard,0.7230769230769232,0.5378787878787878,0.5606060606060606,0.84,20,0.2769230769230769,0.33,0.4063249930782009,0.0659286200510844,0.12759838200557605,0.14222136814141606,62.0,59.0,33.0,False,True,False,False,False
1345,mmmlu,mmmlu-sw-ke-00131,mmmlu/mmmlu-sw-ke-00131,difficult,0.6239283216783217,0.6639283216783217,hard,0.9230769230769231,0.3484848484848485,0.7007575757575758,0.64,17,0.0769230769230769,0.1176470588235294,0.3221897397089212,0.3030851380880018,0.0991490593650625,0.24268492931690977,87.0,41.0,34.0,False,True,False,False,False
1346,mmmlu,mmmlu-fr-fr-00055,mmmlu/mmmlu-fr-fr-00055,difficult;unique_unpredictable,0.5834900964452214,0.6634900964452215,hard,0.8237179615384616,0.09090909090909091,0.946969696969697,0.7266666666666667,19,0.1762820384615384,0.2412280526315789,0.3676370059502306,-0.0364043904642237,0.02933200350363657,0.3772109134798305,121.0,8.0,42.0,False,True,False,True,False
1347,mmmlu,mmmlu-it-it-00081,mmmlu/mmmlu-it-it-00081,difficult;unique_unpredictable,0.5811620046620046,0.6611620046620047,hard,0.7307692307692308,0.11363636363636363,0.8787878787878788,0.9266666666666666,17,0.2692307692307692,0.4117647058823529,0.4613055041575918,0.3228760103631343,0.040467243119903906,0.3509981958954457,118.0,17.0,44.0,False,True,False,True,False
1348,mmmlu,mmmlu-ja-jp-00091,mmmlu/mmmlu-ja-jp-00091,difficult,0.6004766899766899,0.6404766899766899,hard,0.9038461538461539,0.49242424242424243,0.4166666666666667,0.6533333333333333,17,0.0961538461538461,0.1470588235294117,0.3327561323230812,0.3312182236626508,0.11863166438463169,0.06150039999872581,68.0,78.0,38.0,False,True,False,False,False
1349,mmmlu,mmmlu-id-id-00071,mmmlu/mmmlu-id-id-00071,difficult,0.5988729635780886,0.6388729635780886,hard,0.8717948846153847,0.4318181818181818,0.5151515151515151,0.6733333333333333,17,0.1282051153846153,0.1960784117647059,0.3393346646155851,0.2369512512785069,0.10995523962380349,0.11873022249960574,76.0,65.0,39.0,False,True,False,False,False
1350,mmmlu,mmmlu-fr-fr-00051,mmmlu/mmmlu-fr-fr-00051,difficult,0.5939516252913752,0.6339516252913753,hard,0.852564076923077,0.4090909090909091,0.5265151515151515,0.7066666666666667,19,0.147435923076923,0.2017544210526315,0.3528454034445227,0.4529759448236847,0.10671770333525907,0.12211085606744743,79.0,64.0,40.0,False,True,False,False,False
1351,mmmlu,mmmlu-es-la-00048,mmmlu/mmmlu-es-la-00048,unique_unpredictable,0.5821369271561772,0.6221369271561772,medium,0.4211537692307693,0.4166666666666667,0.8560606060606061,0.78,16,0.5788462307692307,0.5760416875000001,0.3822434169710642,0.4200881859805723,0.10693014224952396,0.3407476693342919,78.0,20.0,43.0,False,False,False,True,False
1352,mmmlu,mmmlu-id-id-00075,mmmlu/mmmlu-id-id-00075,difficult;unique_unpredictable,0.5404726139277389,0.620472613927739,hard,0.814102576923077,0.05303030303030303,0.8295454545454546,0.74,19,0.185897423076923,0.254385947368421,0.3721614600607862,0.0688193823969984,0.01370501052557829,0.315658820881104,126.0,24.0,55.0,False,True,False,True,False
1353,mmmlu,mmmlu-ko-kr-00108,mmmlu/mmmlu-ko-kr-00108,unique_unpredictable,0.5643269230769231,0.6043269230769232,medium,0.3173076923076923,0.3181818181818182,0.9545454545454546,0.9,20,0.6826923076923077,0.625,0.4366062299143245,0.5847188936203384,0.0947984243937305,0.39432332677637416,91.0,7.0,46.0,False,False,False,True,False
1354,mmmlu,mmmlu-de-de-00028,mmmlu/mmmlu-de-de-00028,unique_unpredictable,0.5542540856643356,0.5942540856643357,medium,0.3397436153846154,0.2803030303030303,0.9848484848484849,0.8333333333333334,19,0.6602563846153846,0.627192947368421,0.4049839947591787,0.520849365827635,0.09209793587128916,0.4405612063487878,96.0,3.0,49.0,False,False,False,True,False
1355,mmmlu,mmmlu-bn-bd-00011,mmmlu/mmmlu-bn-bd-00011,difficult,0.5531252913752914,0.5931252913752915,hard,0.9230769230769231,0.3712121212121212,0.3977272727272727,0.62,18,0.0769230769230769,0.1111111111111111,0.3142696805273545,0.3182675138329273,0.10204506023068004,0.04320289690912971,84.0,80.0,50.0,False,True,False,False,False
1356,mmmlu,mmmlu-pt-br-00111,mmmlu/mmmlu-pt-br-00111,difficult,0.547582171037296,0.587582171037296,hard,0.8910256538461538,0.18181818181818182,0.7007575757575758,0.5733333333333334,18,0.1089743461538461,0.1574073888888889,0.2803889500424443,0.333559193036198,0.05918788235661838,0.24268492931690977,109.0,40.0,51.0,False,True,False,False,False
1357,mmmlu,mmmlu-ko-kr-00105,mmmlu/mmmlu-ko-kr-00105,difficult,0.5442301896853147,0.5842301896853147,hard,0.939102576923077,0.14393939393939395,0.7803030303030303,0.4266666666666667,20,0.060897423076923,0.07916665,0.1997828470420508,-0.2187253764499416,0.04846146997714546,0.2945113231364018,114.0,30.0,53.0,False,True,False,False,False
1358,mmmlu,mmmlu-sw-ke-00135,mmmlu/mmmlu-sw-ke-00135,unique_unpredictable,0.5423502138694638,0.5823502138694638,medium,0.4134614615384614,0.17424242424242425,1.0,0.8533333333333334,16,0.5865385384615386,0.5885416875,0.4119195766532768,0.2981285288804629,0.05703422875600402,0.5167098109904912,110.0,1.0,54.0,False,False,False,True,False
1359,mmmlu,mmmlu-en-us-00035,mmmlu/mmmlu-en-us-00035,unique_unpredictable,0.5213426605477856,0.5613426605477856,easy,0.12179488461538468,0.4393939393939394,0.9924242424242424,0.5933333333333334,19,0.8782051153846153,0.8333333157894737,0.2961744684969979,0.1155964468852232,0.11051898167909964,0.45610112375472067,75.0,2.0,58.0,False,False,False,True,False
1360,mmmlu,mmmlu-en-us-00031,mmmlu/mmmlu-en-us-00031,difficult,0.5200629338578089,0.5600629338578089,hard,0.9262820384615384,0.30303030303030304,0.3977272727272727,0.5533333333333333,17,0.0737179615384615,0.1127451176470588,0.2755582614261845,0.3522674747147708,0.09278969278688706,0.04320289690912971,93.0,81.0,60.0,False,True,False,False,False
1361,mmmlu,mmmlu-de-de-00023,mmmlu/mmmlu-de-de-00023,unique_unpredictable,0.5186031468531468,0.5586031468531468,easy,0.14423076923076927,0.42424242424242425,0.9242424242424242,0.6866666666666666,20,0.8557692307692307,0.8125,0.3474860268973416,0.0676800131908014,0.10924182353005203,0.3681605039462925,77.0,11.0,61.0,False,False,False,True,False
1362,mmmlu,mmmlu-hi-in-00068,mmmlu/mmmlu-hi-in-00068,unique_unpredictable,0.4949236564685314,0.5349236564685315,easy,0.19551280769230772,0.2727272727272727,0.8863636363636364,0.86,17,0.8044871923076923,0.7009804117647059,0.4132791926535376,0.1911699940958824,0.08626921275351285,0.35819231330456935,97.0,16.0,65.0,False,False,False,True,False
1363,mmmlu,mmmlu-hi-in-00065,mmmlu/mmmlu-hi-in-00065,difficult,0.4863875291375292,0.5263875291375292,hard,0.9423076923076924,0.015151515151515152,0.678030303030303,0.5066666666666667,20,0.0576923076923076,0.075,0.2384848003542364,-0.123999741922457,0.005436131944830895,0.22937494975350425,131.0,43.0,66.0,False,True,False,False,False
1364,mmmlu,mmmlu-es-la-00043,mmmlu/mmmlu-es-la-00043,unique_unpredictable,0.4774283248834499,0.5174283248834499,easy,0.25641026923076926,0.12121212121212122,0.9356060606060606,0.9133333333333333,18,0.7435897307692307,0.629629611111111,0.439400402032024,0.0891088465478479,0.04365329502151771,0.37158750085189785,117.0,9.0,70.0,False,False,False,True,False
1365,mmmlu,mmmlu-sw-ke-00136,mmmlu/mmmlu-sw-ke-00136,unique_unpredictable,0.4234423076923077,0.46344230769230765,easy,0.10576923076923073,0.1590909090909091,0.9772727272727273,0.6466666666666666,18,0.8942307692307693,0.8472222222222222,0.3242393758313542,0.0916912012170624,0.05340905734486176,0.41126397227949885,112.0,4.0,79.0,False,False,False,True,False
1366,mmmlu,mmmlu-en-us-00034,mmmlu/mmmlu-en-us-00034,unique_unpredictable,0.36395221445221443,0.4039522144522144,easy,0.06538461538461537,0.16666666666666666,0.9090909090909091,0.41333333333333333,17,0.9346153846153846,0.9,0.1909727421264462,0.1699303888346047,0.05574822234414938,0.3673385634297588,111.0,13.0,89.0,False,False,False,True,False
1367,mmmlu,mmmlu-hi-in-00062,mmmlu/mmmlu-hi-in-00062,unique_unpredictable,0.35102447552447547,0.39102447552447545,saturated,0.038461538461538436,0.25757575757575757,0.803030303030303,0.33666666666666667,17,0.9615384615384616,0.9411764705882352,0.1610948698544606,-0.0622780755007979,0.07808737234574344,0.30717967697244886,99.0,27.0,92.0,False,False,False,True,False
1368,mmmlu,mmmlu-id-id-00073,mmmlu/mmmlu-id-id-00073,unique_unpredictable,0.34375582750582745,0.38375582750582743,easy,0.08653846153846156,0.022727272727272728,0.9166666666666666,0.5666666666666667,16,0.9134615384615384,0.859375,0.2790714234295586,0.0761071524587331,0.005710054593890808,0.3677466165215416,130.0,12.0,93.0,False,False,False,True,False
1369,mmmlu,mmmlu-ar-xy-00005,mmmlu/mmmlu-ar-xy-00005,unique_unpredictable,0.2892016252913753,0.32920162529137525,easy,0.05256407692307696,0.03787878787878788,0.8712121212121212,0.3,18,0.947435923076923,0.924074111111111,0.1506387228721194,0.3735042926907729,0.009479177489645496,0.3503922789076467,128.0,18.0,103.0,False,False,False,True,False
1370,mmmlu,mmmlu-ar-xy-00000,mmmlu/mmmlu-ar-xy-00000,difficult,0.2595,0.2995,frontier,1.0,0.0,0.0,0.06333333333333334,14,0.0,0.0,0.0,,,,,,107.0,False,True,False,False,False
1371,mmmlu,mmmlu-bn-bd-00010,mmmlu/mmmlu-bn-bd-00010,difficult,0.2595,0.2995,frontier,1.0,0.0,0.0,0.06333333333333334,19,0.0,0.0,0.0,,,,,,108.0,False,True,False,False,False
1372,mmmlu,mmmlu-de-de-00020,mmmlu/mmmlu-de-de-00020,difficult,0.2595,0.2995,frontier,1.0,0.0,0.0,0.06333333333333334,16,0.0,0.0,0.0,,,,,,109.0,False,True,False,False,False
1373,mmmlu,mmmlu-en-us-00030,mmmlu/mmmlu-en-us-00030,difficult,0.2595,0.2995,frontier,1.0,0.0,0.0,0.06333333333333334,19,0.0,0.0,0.0,,,,,,110.0,False,True,False,False,False
1374,mmmlu,mmmlu-es-la-00040,mmmlu/mmmlu-es-la-00040,difficult,0.2595,0.2995,frontier,1.0,0.0,0.0,0.06333333333333334,17,0.0,0.0,0.0,,,,,,111.0,False,True,False,False,False
1375,mmmlu,mmmlu-fr-fr-00050,mmmlu/mmmlu-fr-fr-00050,difficult,0.2595,0.2995,frontier,1.0,0.0,0.0,0.06333333333333334,17,0.0,0.0,0.0,,,,,,112.0,False,True,False,False,False
1376,mmmlu,mmmlu-hi-in-00060,mmmlu/mmmlu-hi-in-00060,difficult,0.2595,0.2995,frontier,1.0,0.0,0.0,0.06333333333333334,17,0.0,0.0,0.0,,,,,,113.0,False,True,False,False,False
1377,mmmlu,mmmlu-id-id-00070,mmmlu/mmmlu-id-id-00070,difficult,0.2595,0.2995,frontier,1.0,0.0,0.0,0.06333333333333334,18,0.0,0.0,0.0,,,,,,114.0,False,True,False,False,False
1378,mmmlu,mmmlu-it-it-00080,mmmlu/mmmlu-it-it-00080,difficult,0.2595,0.2995,frontier,1.0,0.0,0.0,0.06333333333333334,19,0.0,0.0,0.0,,,,,,115.0,False,True,False,False,False
1379,mmmlu,mmmlu-ja-jp-00090,mmmlu/mmmlu-ja-jp-00090,difficult,0.2595,0.2995,frontier,1.0,0.0,0.0,0.06333333333333334,16,0.0,0.0,0.0,,,,,,116.0,False,True,False,False,False
1380,mmmlu,mmmlu-ko-kr-00100,mmmlu/mmmlu-ko-kr-00100,difficult,0.2595,0.2995,frontier,1.0,0.0,0.0,0.06333333333333334,19,0.0,0.0,0.0,,,,,,117.0,False,True,False,False,False
1381,mmmlu,mmmlu-pt-br-00110,mmmlu/mmmlu-pt-br-00110,difficult,0.2595,0.2995,frontier,1.0,0.0,0.0,0.06333333333333334,19,0.0,0.0,0.0,,,,,,118.0,False,True,False,False,False
1382,mmmlu,mmmlu-sw-ke-00130,mmmlu/mmmlu-sw-ke-00130,difficult,0.2595,0.2995,frontier,1.0,0.0,0.0,0.06333333333333334,17,0.0,0.0,0.0,,,,,,119.0,False,True,False,False,False
1383,mmmlu,mmmlu-yo-ng-00140,mmmlu/mmmlu-yo-ng-00140,difficult,0.2595,0.2995,frontier,1.0,0.0,0.0,0.06333333333333334,20,0.0,0.0,0.0,,,,,,120.0,False,True,False,False,False
1384,mmmlu,mmmlu-zh-cn-00120,mmmlu/mmmlu-zh-cn-00120,difficult,0.2595,0.2995,frontier,1.0,0.0,0.0,0.06333333333333334,19,0.0,0.0,0.0,,,,,,121.0,False,True,False,False,False
1385,omnimath,omnimath_3346,omnimath/omnimath_3346,base_representative;high_composite,0.7466508097165991,0.8066508097165992,medium,0.5230769230769231,0.9473684210526315,0.6842105263157895,0.755,26,0.4769230769230769,0.4769230769230769,0.3964338069761576,0.6506071122056388,0.28589077523071044,0.3172663671880417,2.0,7.0,1.0,True,False,False,False,True
1386,omnimath,omnimath_683,omnimath/omnimath_683,base_representative;high_composite,0.7465182186234818,0.8065182186234818,medium,0.36923076923076925,1.0,0.7368421052631579,0.8,25,0.6307692307692307,0.6240000000000001,0.432,0.6545560958561788,0.3102773807255319,0.31767768031423216,1.0,6.0,2.0,True,False,False,False,True
1387,omnimath,omnimath_4119,omnimath/omnimath_4119,difficult;high_composite,0.6871548582995951,0.7271548582995951,hard,0.7384615384615385,0.6842105263157895,0.6052631578947368,0.745,25,0.2615384615384615,0.272,0.3747212297161718,0.4564327087012018,0.2024844971872819,0.31434995852005987,7.0,9.0,3.0,False,True,False,False,True
1388,omnimath,omnimath_39,omnimath/omnimath_39,unique_unpredictable,0.6859099190283401,0.7259099190283401,medium,0.5326923076923078,0.631578947368421,0.8947368421052632,0.72,26,0.4673076923076922,0.4673076923076922,0.3433271336641763,0.270784227871949,0.16034978176760772,0.4094843494843462,8.0,3.0,4.0,False,False,False,True,False
1389,omnimath,omnimath_3716,omnimath/omnimath_3716,unique_unpredictable,0.6828441295546559,0.7228441295546559,medium,0.4076923076923076,0.7368421052631579,0.8421052631578947,0.75,26,0.5923076923076924,0.5923076923076924,0.3781768785625186,0.4430855373375663,0.21594461262106374,0.4008722836761164,6.0,4.0,5.0,False,False,False,True,False
1390,omnimath,omnimath_1181,omnimath/omnimath_1181,difficult,0.6022439271255061,0.6422439271255062,hard,0.876923076923077,0.3684210526315789,0.6052631578947368,0.685,26,0.123076923076923,0.123076923076923,0.2664693550105965,0.5851679505872707,0.11759186841604342,0.31434995852005987,13.0,8.0,7.0,False,True,False,False,False
1391,omnimath,omnimath_570,omnimath/omnimath_570,unique_unpredictable,0.5542085020242915,0.5942085020242915,easy,0.1923076923076923,0.47368421052631576,0.9473684210526315,0.69,25,0.8076923076923077,0.8,0.2925747767665558,0.1285180674302313,0.12180154674726798,0.5394726762192371,11.0,2.0,9.0,False,False,False,True,False
1392,omnimath,omnimath_2364,omnimath/omnimath_2364,unique_unpredictable,0.5137719266194332,0.5537719266194332,easy,0.26666665384615384,0.2631578947368421,1.0,0.7,25,0.7333333461538462,0.7306666799999999,0.3185969213494343,0.269036681291714,0.09746344105804033,0.5581273240039941,15.0,1.0,12.0,False,False,False,True,False
1393,omnimath,omnimath_412,omnimath/omnimath_412,difficult,0.292,0.33199999999999996,frontier,1.0,0.0,0.0,0.28,25,0.0,0.0,0.0,,,,,,15.0,False,True,False,False,False
1394,qcircuitbench,qcircuitbench-clifford_2-n5,qcircuitbench/qcircuitbench-clifford_2-n5,base_representative;difficult;high_composite,0.7949463846153846,0.8949463846153847,hard,0.7197855384615385,1.0,0.5,0.9333333333333333,20,0.2802144615384615,0.3004988,0.3187863308979229,0.66566523107874,0.20447870250908035,0.49080240955052823,1.0,2.0,1.0,True,True,False,False,True
1395,qcircuitbench,qcircuitbench-diffusion_operator-n7,qcircuitbench/qcircuitbench-diffusion_operator-n7,base_representative;unique_unpredictable,0.7006410256410257,0.8006410256410257,easy,0.2692307692307693,0.6666666666666666,1.0,1.0,20,0.7307692307692307,0.71,0.3604164258188019,0.6245001420186554,0.1031835485659714,0.571400389329707,2.0,1.0,2.0,True,False,False,True,False
1396,qcircuitbench,qcircuitbench-universal_2-n9,qcircuitbench/qcircuitbench-universal_2-n9,difficult;frontier_with_variance,0.6172367532051282,0.6972367532051282,frontier,0.9822803461538462,0.3333333333333333,0.5,0.8666666666666667,20,0.0177196538461538,0.02303555,0.0874851685272852,0.3392288661754477,0.02991439998041239,0.49080240955052823,3.0,3.0,3.0,False,True,True,False,False
1397,reasoning-gym,reasoning-gym-algorithmic-string-manipulation-easy00cea0a5-seed45-2,reasoning-gym/reasoning-gym-algorithmic-string-manipulation-easy00cea0a5-seed45-2,base_representative;high_composite,0.7428095932539682,0.8028095932539683,medium,0.4357225,1.0,0.623015873015873,0.8541666666666666,12,0.5642775,0.4837121666666666,0.4281910208993242,0.4758569293647516,0.36038525047656705,0.22844788836890217,1.0,48.0,2.0,True,False,False,False,True
1398,reasoning-gym,reasoning-gym-games-sudoku-hard0292e21f-seed45-0,reasoning-gym/reasoning-gym-games-sudoku-hard0292e21f-seed45-0,base_representative;high_composite,0.6506648733211233,0.7106648733211234,easy,0.16153846153846152,0.9920634920634921,0.47619047619047616,0.9600694444444444,12,0.8384615384615385,0.65,0.4627814458971607,0.4703918304730657,0.3447002717494707,0.19303943982131655,2.0,67.0,17.0,True,False,False,False,True
1399,reasoning-gym,reasoning-gym-arithmetic-leg-counting-hard0292e21f-seed45-2,reasoning-gym/reasoning-gym-arithmetic-leg-counting-hard0292e21f-seed45-2,high_composite,0.7821361797924298,0.7821361797924298,medium,0.5461538461538462,0.9523809523809523,0.7063492063492064,0.9045138888888888,20,0.4538461538461538,0.47,0.4439594576084623,0.6260543121798058,0.28568128549358046,0.24403579289047683,7.0,38.0,1.0,False,False,False,False,True
1400,reasoning-gym,reasoning-gym-code-bf-hard0292e21f-seed45-0,reasoning-gym/reasoning-gym-code-bf-hard0292e21f-seed45-0,unique_unpredictable;high_composite,0.7236893603479854,0.7636893603479854,medium,0.5307693461538462,0.7063492063492064,0.873015873015873,0.8368055555555556,12,0.4692306538461538,0.5305555000000001,0.4217376865239616,0.4460337019260652,0.17317410518167461,0.3363087001946107,38.0,17.0,6.0,False,False,False,True,True
1401,reasoning-gym,reasoning-gym-algorithmic-game-of-life-hard0292e21f-seed45-0,reasoning-gym/reasoning-gym-algorithmic-game-of-life-hard0292e21f-seed45-0,difficult;high_composite,0.7015779532967032,0.7415779532967033,hard,0.8746153846153847,0.6587301587301587,0.5396825396825397,0.7829861111111112,12,0.1253846153846153,0.2716666666666666,0.4096712774354037,0.391985859102721,0.16286785737186607,0.20234036132263222,44.0,59.0,7.0,False,True,False,False,True
1402,reasoning-gym,reasoning-gym-code-bf-hard0292e21f-seed45-2,reasoning-gym/reasoning-gym-code-bf-hard0292e21f-seed45-2,high_composite,0.7377517802197802,0.7377517802197802,medium,0.39743569230769227,0.9682539682539683,0.623015873015873,0.9583333333333334,12,0.6025643076923077,0.5277778333333334,0.4606423487444522,0.2832964431100085,0.29674056308450325,0.22844788836890217,5.0,49.0,3.0,False,False,False,False,True
1403,reasoning-gym,reasoning-gym-geometry-advanced-geometry-hard0292e21f-seed45-1,reasoning-gym/reasoning-gym-geometry-advanced-geometry-hard0292e21f-seed45-1,high_composite,0.7374748168498167,0.7374748168498167,medium,0.42192307692307696,0.9047619047619048,0.6904761904761905,0.9513888888888888,12,0.578076923076923,0.5233333333333333,0.4588270068579466,0.1928485681379398,0.2502465616179024,0.24186949076227227,13.0,40.0,4.0,False,False,False,False,True
1404,reasoning-gym,reasoning-gym-algorithmic-binary-matrix-easy00cea0a5-seed45-2,reasoning-gym/reasoning-gym-algorithmic-binary-matrix-easy00cea0a5-seed45-2,high_composite,0.7365756639194139,0.7365756639194139,medium,0.34615384615384615,0.8968253968253969,0.753968253968254,0.984375,12,0.6538461538461539,0.5416666666666666,0.4768967975941499,0.0356448675417595,0.2461969928855962,0.27371273113358296,14.0,32.0,5.0,False,False,False,False,True
1405,reasoning-gym,reasoning-gym-cognition-figlet-font-hard0292e21f-seed45-2,reasoning-gym/reasoning-gym-cognition-figlet-font-hard0292e21f-seed45-2,difficult;unique_unpredictable;high_composite,0.6486702533577533,0.7286702533577534,hard,0.914423076923077,0.30158730158730157,0.8809523809523809,0.6284722222222222,12,0.085576923076923,0.1854166666666666,0.3670787715696122,0.2749498960416014,0.08190376651276943,0.3471557923063293,89.0,16.0,19.0,False,True,False,True,True
1406,reasoning-gym,reasoning-gym-cognition-number-sequence-easy00cea0a5-seed45-2,reasoning-gym/reasoning-gym-cognition-number-sequence-easy00cea0a5-seed45-2,difficult;unique_unpredictable,0.6371575473137974,0.7171575473137974,hard,0.8384615384615385,0.11904761904761904,0.9841269841269841,0.9322916666666666,13,0.1615384615384615,0.3230769230769231,0.4543022480071816,-0.1361749313266876,0.044766175714766036,0.4621309336193168,112.0,3.0,25.0,False,True,False,True,False
1407,reasoning-gym,reasoning-gym-games-n-queens-hard0292e21f-seed45-1,reasoning-gym/reasoning-gym-games-n-queens-hard0292e21f-seed45-1,difficult;high_composite,0.6709478021978023,0.7109478021978023,hard,0.7230769230769232,0.6349206349206349,0.7301587301587301,0.5694444444444444,20,0.2769230769230769,0.3,0.3376388603226826,0.7583211252968572,0.1617163475695056,0.25833468029130635,47.0,35.0,11.0,False,True,False,False,True
1408,reasoning-gym,reasoning-gym-games-knight-swap-hard0292e21f-seed45-1,reasoning-gym/reasoning-gym-games-knight-swap-hard0292e21f-seed45-1,difficult;unique_unpredictable,0.6273661668192918,0.7073661668192919,hard,0.9307692307692308,0.3888888888888889,0.8253968253968254,0.3480902777777778,12,0.0692307692307692,0.15,0.2692582403567252,0.4472786441398191,0.10787220495755191,0.3109807878241164,78.0,23.0,27.0,False,True,False,True,False
1409,reasoning-gym,reasoning-gym-algorithmic-binary-matrix-easy00cea0a5-seed45-0,reasoning-gym/reasoning-gym-algorithmic-binary-matrix-easy00cea0a5-seed45-0,unique_unpredictable;high_composite,0.6655668148656899,0.70556681486569,medium,0.31410257692307697,0.7142857142857143,0.8492063492063492,0.8315972222222222,12,0.685897423076923,0.6111110833333333,0.4212708763189979,0.2570363373451373,0.17409568805439546,0.3275625442890532,37.0,20.0,14.0,False,False,False,True,True
1410,reasoning-gym,reasoning-gym-algorithmic-manipulate-matrix-hard0292e21f-seed45-2,reasoning-gym/reasoning-gym-algorithmic-manipulate-matrix-hard0292e21f-seed45-2,high_composite,0.6996042248168497,0.6996042248168497,medium,0.412851423076923,0.9365079365079365,0.6984126984126984,0.6267361111111112,20,0.587148576923077,0.58329315,0.3662712869616283,0.510118001516214,0.26703427840459415,0.2424852585866879,9.0,39.0,8.0,False,False,False,False,True
1411,reasoning-gym,reasoning-gym-algorithmic-ab-hard0292e21f-seed45-1,reasoning-gym/reasoning-gym-algorithmic-ab-hard0292e21f-seed45-1,high_composite,0.6942460317460317,0.6942460317460317,medium,0.6,0.9444444444444444,0.4880952380952381,0.6111111111111112,20,0.4,0.3999999999999999,0.3577708763999664,0.3822327593575391,0.268119904017108,0.1930875234913555,8.0,65.0,9.0,False,False,False,False,True
1412,reasoning-gym,reasoning-gym-algorithmic-group-anagrams-hard0292e21f-seed45-0,reasoning-gym/reasoning-gym-algorithmic-group-anagrams-hard0292e21f-seed45-0,unique_unpredictable;high_composite,0.6512975045787546,0.6912975045787546,medium,0.33807692307692305,0.5476190476190477,0.9285714285714286,0.953125,12,0.661923076923077,0.5591666666666667,0.4598995965304698,0.3069588302289727,0.13656640809747633,0.38267165725423413,58.0,10.0,16.0,False,False,False,True,True
1413,reasoning-gym,reasoning-gym-games-tsumego-hard0292e21f-seed45-0,reasoning-gym/reasoning-gym-games-tsumego-hard0292e21f-seed45-0,unique_unpredictable;high_composite,0.6497233637057387,0.6897233637057387,easy,0.13589742307692299,0.8571428571428571,0.8650793650793651,0.6631944444444444,13,0.864102576923077,0.7282051538461538,0.3773153129213012,0.3503896058540367,0.2258166210821815,0.33406207634745455,19.0,18.0,18.0,False,False,False,True,True
1414,reasoning-gym,reasoning-gym-games-sokoban-hard0292e21f-seed45-0,reasoning-gym/reasoning-gym-games-sokoban-hard0292e21f-seed45-0,difficult;high_composite,0.645227599053724,0.685227599053724,hard,0.7820512692307693,0.6507936507936508,0.6825396825396826,0.3420138888888889,20,0.2179487307692307,0.22333335,0.2652252989860271,0.608462363392277,0.16205078831563408,0.24061975082538345,45.0,41.0,20.0,False,True,False,False,True
1415,reasoning-gym,reasoning-gym-algorithmic-cryptarithm-hard0292e21f-seed45-0,reasoning-gym/reasoning-gym-algorithmic-cryptarithm-hard0292e21f-seed45-0,difficult;high_composite,0.6446985653235654,0.6846985653235654,hard,0.8742307692307694,0.5873015873015873,0.4365079365079365,0.7430555555555556,12,0.1257692307692307,0.2725,0.3997733733004238,0.3070207185018394,0.13879962272939508,0.18081514905962048,53.0,72.0,21.0,False,True,False,False,True
1416,reasoning-gym,reasoning-gym-games-mahjong-puzzle-hard0292e21f-seed45-0,reasoning-gym/reasoning-gym-games-mahjong-puzzle-hard0292e21f-seed45-0,high_composite,0.6843844465811966,0.6843844465811966,medium,0.4226072307692308,0.9761904761904762,0.5555555555555556,0.6545138888888888,20,0.5773927692307692,0.57015265,0.3756455799532686,0.3600694283870945,0.31314799301179674,0.20751617235417708,4.0,57.0,10.0,False,False,False,False,True
1417,reasoning-gym,reasoning-gym-arithmetic-leg-counting-easy00cea0a5-seed45-2,reasoning-gym/reasoning-gym-arithmetic-leg-counting-easy00cea0a5-seed45-2,unique_unpredictable,0.6379187652625153,0.6779187652625154,medium,0.32692307692307687,0.7380952380952381,0.8174603174603174,0.6232638888888888,20,0.6730769230769231,0.635,0.3623189202898462,0.5755618121700808,0.17755275200866757,0.30886283194339037,34.0,24.0,23.0,False,False,False,True,False
1418,reasoning-gym,reasoning-gym-cognition-modulo-grid-hard0292e21f-seed45-0,reasoning-gym/reasoning-gym-cognition-modulo-grid-hard0292e21f-seed45-0,difficult,0.6375915750915752,0.6775915750915752,hard,0.8384615384615385,0.6190476190476191,0.5119047619047619,0.5555555555555556,20,0.1615384615384615,0.21,0.3315116890850155,0.4139133193705617,0.15690272388181103,0.2014947240777667,49.0,62.0,24.0,False,True,False,False,False
1419,reasoning-gym,reasoning-gym-algorithmic-letter-jumble-hard0292e21f-seed45-1,reasoning-gym/reasoning-gym-algorithmic-letter-jumble-hard0292e21f-seed45-1,difficult,0.6280906839133089,0.668090683913309,hard,0.7286325769230769,0.3412698412698413,0.7976190476190477,0.8472222222222222,12,0.2713674230769231,0.3935185,0.4264037213409571,0.3326011300704432,0.09397530108946188,0.30814953408826373,84.0,26.0,26.0,False,True,False,False,False
1420,reasoning-gym,reasoning-gym-algorithmic-game-of-life-easy00cea0a5-seed45-0,reasoning-gym/reasoning-gym-algorithmic-game-of-life-easy00cea0a5-seed45-0,high_composite,0.6677172968559217,0.6677172968559217,easy,0.22647434615384598,0.9603174603174603,0.5634920634920635,0.8940972222222222,13,0.773525653846154,0.6270513076923077,0.4382883329733073,0.3342157245017245,0.28614203480284944,0.20946579685995792,6.0,56.0,12.0,False,False,False,False,True
1421,reasoning-gym,reasoning-gym-code-bf-hard0292e21f-seed45-1,reasoning-gym/reasoning-gym-code-bf-hard0292e21f-seed45-1,high_composite,0.6658219223137972,0.6658219223137972,medium,0.3499940384615384,0.9841269841269841,0.45634920634920634,0.7986111111111112,20,0.6500059615384616,0.6050077500000001,0.4128748280546871,0.6817668651362849,0.33525266206380405,0.18126889929319845,3.0,70.0,13.0,False,False,False,False,True
1422,reasoning-gym,reasoning-gym-algorithmic-rotten-oranges-hard0292e21f-seed45-1,reasoning-gym/reasoning-gym-algorithmic-rotten-oranges-hard0292e21f-seed45-1,high_composite,0.6576217185592186,0.6576217185592186,medium,0.3615384615384615,0.8174603174603174,0.7182539682539683,0.6770833333333334,20,0.6384615384615385,0.65,0.3788139384975162,0.1747034712255544,0.1982543864377939,0.2512473647462564,24.0,37.0,15.0,False,False,False,False,True
1423,reasoning-gym,reasoning-gym-logic-propositional-logic-hard0292e21f-seed45-2,reasoning-gym/reasoning-gym-logic-propositional-logic-hard0292e21f-seed45-2,unique_unpredictable,0.604153311965812,0.644153311965812,medium,0.4423076923076923,0.40476190476190477,0.8888888888888888,0.8645833333333334,12,0.5576923076923077,0.5520833333333334,0.4308976015894676,-0.0085423743716769,0.1101706425263094,0.34812332307200033,76.0,15.0,33.0,False,False,False,True,False
1424,reasoning-gym,reasoning-gym-logic-aiw-easy00cea0a5-seed45-0,reasoning-gym/reasoning-gym-logic-aiw-easy00cea0a5-seed45-0,unique_unpredictable,0.6038757217643468,0.6438757217643468,medium,0.3205128076923077,0.5714285714285714,0.9126984126984127,0.6371527777777778,20,0.6794871923076923,0.6433333500000001,0.3719468311764835,0.0098773529659284,0.13744652482396927,0.3746967909550877,55.0,12.0,34.0,False,False,False,True,False
1425,reasoning-gym,reasoning-gym-code-codeio-easy00cea0a5-seed45-1,reasoning-gym/reasoning-gym-code-codeio-easy00cea0a5-seed45-1,unique_unpredictable,0.6010252486263736,0.6410252486263737,medium,0.6764224230769231,0.4523809523809524,0.9047619047619048,0.3159722222222222,20,0.3235775769230769,0.31632585,0.2376047707821278,0.3601114292527479,0.12139940757045074,0.3646513520604612,70.0,13.0,35.0,False,False,False,True,False
1426,reasoning-gym,reasoning-gym-algorithmic-spiral-matrix-easy00cea0a5-seed45-0,reasoning-gym/reasoning-gym-algorithmic-spiral-matrix-easy00cea0a5-seed45-0,unique_unpredictable,0.5811698717948718,0.6211698717948718,medium,0.3038461538461539,0.5158730158730159,0.9444444444444444,0.5902777777777778,20,0.6961538461538461,0.6650000000000001,0.3439113257803529,0.3033608126211095,0.13294144714179038,0.4065313105292624,62.0,8.0,38.0,False,False,False,True,False
1427,reasoning-gym,reasoning-gym-games-knight-swap-hard0292e21f-seed45-2,reasoning-gym/reasoning-gym-games-knight-swap-hard0292e21f-seed45-2,difficult;unique_unpredictable,0.5343311202686203,0.6143311202686204,hard,0.9211538461538462,0.047619047619047616,0.9682539682539683,0.3020833333333333,20,0.0788461538461538,0.1025,0.215913755930464,-0.2942313494453464,0.021709573740420422,0.4149513145741598,121.0,5.0,43.0,False,True,False,True,False
1428,reasoning-gym,reasoning-gym-logic-circuit-logic-hard0292e21f-seed45-2,reasoning-gym/reasoning-gym-logic-circuit-logic-hard0292e21f-seed45-2,difficult;unique_unpredictable,0.5335241147741148,0.6135241147741148,hard,0.8384615384615385,0.007936507936507936,0.9761904761904762,0.5138888888888888,20,0.1615384615384615,0.21,0.3192177939902473,-0.5532561489975865,0.003961872452735209,0.4405577353538248,126.0,4.0,44.0,False,True,False,True,False
1429,reasoning-gym,reasoning-gym-algorithmic-sentence-reordering-easy00cea0a5-seed45-2,reasoning-gym/reasoning-gym-algorithmic-sentence-reordering-easy00cea0a5-seed45-2,difficult;unique_unpredictable,0.5334615532661783,0.6134615532661783,hard,0.9123680384615385,0.12698412698412698,0.8968253968253969,0.24479166666666666,12,0.0876319615384615,0.1315359166666666,0.1657359891752836,0.4370168334082884,0.045097567502331,0.36018122007941256,111.0,14.0,45.0,False,True,False,True,False
1430,reasoning-gym,reasoning-gym-cognition-rectangle-count-easy00cea0a5-seed45-2,reasoning-gym/reasoning-gym-cognition-rectangle-count-easy00cea0a5-seed45-2,difficult;unique_unpredictable,0.5195509768009767,0.5995509768009768,hard,0.819076923076923,0.07936507936507936,0.9563492063492064,0.3194444444444444,20,0.1809230769230769,0.2064,0.2397411937903037,-0.2012412759105973,0.030479015405754824,0.4097672615950201,117.0,6.0,49.0,False,True,False,True,False
1431,reasoning-gym,reasoning-gym-cognition-modulo-grid-hard0292e21f-seed45-2,reasoning-gym/reasoning-gym-cognition-modulo-grid-hard0292e21f-seed45-2,difficult,0.5582598656898656,0.5982598656898657,hard,0.8777319230769232,0.4603174603174603,0.5119047619047619,0.3315972222222222,20,0.1222680769230769,0.1589485,0.2571679375230318,0.4167258893231506,0.12186336557970792,0.2014947240777667,69.0,63.0,39.0,False,True,False,False,False
1432,reasoning-gym,reasoning-gym-logic-circuit-logic-easy00cea0a5-seed45-1,reasoning-gym/reasoning-gym-logic-circuit-logic-easy00cea0a5-seed45-1,unique_unpredictable,0.5511666285103785,0.5911666285103785,medium,0.5326923076923077,0.21428571428571427,0.9563492063492064,0.6927083333333334,20,0.4673076923076923,0.4575,0.3831693489829268,-0.2507255364781062,0.06042141393047045,0.4097672615950201,100.0,7.0,42.0,False,False,False,True,False
1433,reasoning-gym,reasoning-gym-games-sokoban-hard0292e21f-seed45-1,reasoning-gym/reasoning-gym-games-sokoban-hard0292e21f-seed45-1,difficult,0.5278808029609279,0.5678808029609279,hard,0.9141025769230771,0.48412698412698413,0.27380952380952384,0.4097222222222222,13,0.085897423076923,0.1717948461538461,0.2957956401800317,0.4137340386271241,0.1256795834753139,0.12075496007895647,66.0,93.0,46.0,False,True,False,False,False
1434,reasoning-gym,reasoning-gym-arc-arc-1d-hard0292e21f-seed45-2,reasoning-gym/reasoning-gym-arc-arc-1d-hard0292e21f-seed45-2,difficult,0.5188596993284493,0.5588596993284494,hard,0.9346153846153847,0.4444444444444444,0.27380952380952384,0.4079861111111111,12,0.0653846153846153,0.1416666666666666,0.2956865833201695,0.4109876461861172,0.12064626799426575,0.12075496007895647,71.0,92.0,50.0,False,True,False,False,False
1435,reasoning-gym,reasoning-gym-algorithmic-number-filtering-hard0292e21f-seed45-2,reasoning-gym/reasoning-gym-algorithmic-number-filtering-hard0292e21f-seed45-2,unique_unpredictable,0.47474721138583637,0.5147472113858363,easy,0.12820511538461532,0.5396825396825397,0.8412698412698413,0.2899305555555556,20,0.8717948846153847,0.83333335,0.2092313844102445,0.6830944619411505,0.13451727719003378,0.32045547644550443,59.0,21.0,57.0,False,False,False,True,False
1436,reasoning-gym,reasoning-gym-cognition-color-cube-rotation-easy00cea0a5-seed45-1,reasoning-gym/reasoning-gym-cognition-color-cube-rotation-easy00cea0a5-seed45-1,unique_unpredictable,0.4401774648962149,0.4801774648962149,medium,0.4210769230769231,0.05555555555555555,0.9920634920634921,0.4496527777777778,20,0.5789230769230769,0.5717000000000001,0.3046435786291908,0.011735227765268,0.02325186998548615,0.47645848609322106,120.0,2.0,69.0,False,False,False,True,False
1437,reasoning-gym,reasoning-gym-arithmetic-leg-counting-easy00cea0a5-seed45-0,reasoning-gym/reasoning-gym-arithmetic-leg-counting-easy00cea0a5-seed45-0,unique_unpredictable,0.4225751710927961,0.46257517109279606,easy,0.07948719230769241,0.25396825396825395,0.9365079365079365,0.53125,12,0.9205128076923076,0.82777775,0.3225573396245813,0.318032200866018,0.07381224793875608,0.3857645625806154,95.0,9.0,70.0,False,False,False,True,False
1438,reasoning-gym,reasoning-gym-arithmetic-gsm-symbolic-easy00cea0a5-seed45-2,reasoning-gym/reasoning-gym-arithmetic-gsm-symbolic-easy00cea0a5-seed45-2,unique_unpredictable,0.4068067002442002,0.44680670024420016,easy,0.11423076923076914,0.1349206349206349,0.8095238095238095,0.8576388888888888,12,0.8857692307692309,0.7525,0.4286825748732971,0.204134604340708,0.04515224055104727,0.3082488390056286,110.0,25.0,73.0,False,False,False,True,False
1439,reasoning-gym,reasoning-gym-algebra-intermediate-integration-easy00cea0a5-seed45-2,reasoning-gym/reasoning-gym-algebra-intermediate-integration-easy00cea0a5-seed45-2,unique_unpredictable,0.3961404914529914,0.4361404914529914,easy,0.07692307692307676,0.0873015873015873,1.0,0.6423611111111112,12,0.9230769230769232,0.8333333333333334,0.3726779962499649,-0.0330954981690973,0.03828514060637094,0.4842156055704516,116.0,1.0,76.0,False,False,False,True,False
1440,reasoning-gym,reasoning-gym-logic-aiw-hard0292e21f-seed45-0,reasoning-gym/reasoning-gym-logic-aiw-hard0292e21f-seed45-0,unique_unpredictable,0.3873969812271062,0.4273969812271062,easy,0.1025641153846154,0.06349206349206349,0.9206349206349206,0.7291666666666666,12,0.8974358846153846,0.7777777499999999,0.3928371320861706,-0.1033937343000967,0.026193396568861056,0.37885050608264825,119.0,11.0,78.0,False,False,False,True,False
1441,reasoning-gym,reasoning-gym-geometry-simple-geometry-hard0292e21f-seed45-2,reasoning-gym/reasoning-gym-geometry-simple-geometry-hard0292e21f-seed45-2,unique_unpredictable,0.3784256747557997,0.41842567475579967,easy,0.25794873076923064,0.15079365079365079,0.8571428571428571,0.3125,20,0.7420512692307694,0.7306666500000001,0.2335275380382954,-0.1885240244633547,0.04924473071252398,0.3322511740597476,108.0,19.0,82.0,False,False,False,True,False
1442,reasoning-gym,reasoning-gym-games-knight-swap-hard0292e21f-seed45-0,reasoning-gym/reasoning-gym-games-knight-swap-hard0292e21f-seed45-0,difficult;frontier_with_variance,0.2927474435286936,0.37274744352869355,frontier,0.9903846153846154,0.031746031746031744,0.047619047619047616,0.14756944444444445,13,0.0096153846153846,0.0192307692307692,0.0666173387526491,-0.0460337523287065,0.009756949838422185,1.1102230246251565e-16,123.0,123.0,98.0,False,True,True,False,False
1443,reasoning-gym,reasoning-gym-logic-propositional-logic-easy00cea0a5-seed45-1,reasoning-gym/reasoning-gym-logic-propositional-logic-easy00cea0a5-seed45-1,difficult,0.3208943833943834,0.3608943833943834,hard,0.7298076923076924,0.1111111111111111,0.2857142857142857,0.1875,12,0.2701923076923077,0.29375,0.1080726029111911,0.4417084247715562,0.04416800272393586,0.1258351698525727,113.0,91.0,93.0,False,True,False,False,False
1444,reasoning-gym,reasoning-gym-code-codeio-hard0292e21f-seed45-0,reasoning-gym/reasoning-gym-code-codeio-hard0292e21f-seed45-0,difficult,0.26823637820512825,0.3082363782051282,frontier,0.9906538461538462,0.0,0.0,0.1371527777777778,12,0.0093461538461538,0.0085833333333333,0.0029568658332016,0.1421309455207889,,,,,102.0,False,True,False,False,False
1445,reasoning-gym,reasoning-gym-arithmetic-decimal-arithmetic-hard0292e21f-seed45-0,reasoning-gym/reasoning-gym-arithmetic-decimal-arithmetic-hard0292e21f-seed45-0,difficult,0.26015625,0.30015624999999996,frontier,1.0,0.0,0.0,0.06770833333333333,13,0.0,0.0,0.0,,,,,,104.0,False,True,False,False,False
1446,reasoning-gym,reasoning-gym-arithmetic-decimal-chain-sum-hard0292e21f-seed45-0,reasoning-gym/reasoning-gym-arithmetic-decimal-chain-sum-hard0292e21f-seed45-0,difficult,0.26015625,0.30015624999999996,frontier,1.0,0.0,0.0,0.06770833333333333,12,0.0,0.0,0.0,,,,,,105.0,False,True,False,False,False
1447,reasoning-gym,reasoning-gym-logic-aiw-hard0292e21f-seed45-1,reasoning-gym/reasoning-gym-logic-aiw-hard0292e21f-seed45-1,difficult,0.26015625,0.30015624999999996,frontier,1.0,0.0,0.0,0.06770833333333333,13,0.0,0.0,0.0,,,,,,106.0,False,True,False,False,False
1448,reasoning-gym,reasoning-gym-algebra-polynomial-equations-easy00cea0a5-seed45-2,reasoning-gym/reasoning-gym-algebra-polynomial-equations-easy00cea0a5-seed45-2,unique_unpredictable,0.25339209401709406,0.29339209401709404,saturated,0.028846153846153966,0.015873015873015872,0.8333333333333334,0.2152777777777778,12,0.971153846153846,0.9375,0.148779758927976,-0.0671473189727763,0.004388747054970344,0.31969865695019273,125.0,22.0,108.0,False,False,False,True,False
1449,replicationbench,replicationbench-astm3__photometry_classification_accuracy_no_clip,replicationbench/replicationbench-astm3__photometry_classification_accuracy_no_clip,base_representative;difficult;high_composite,0.8051282051282052,0.9051282051282052,hard,0.7461538461538462,1.0,0.47435897435897434,1.0,17,0.2538461538461538,0.388235294117647,0.4522913596880255,0.5505708251213718,0.3610512365417177,0.10540119683453097,1.0,42.0,2.0,True,True,False,False,True
1450,replicationbench,replicationbench-astm3__photometry_classification_accuracy_with_clip,replicationbench/replicationbench-astm3__photometry_classification_accuracy_with_clip,base_representative;high_composite,0.8059615416666668,0.8659615416666668,medium,0.6910256538461539,0.9871794871794872,0.5641025641025641,0.9777777777777777,17,0.3089743461538461,0.3666666470588235,0.4141295320078633,0.6708887093135428,0.35612276104989365,0.13415155077967778,2.0,35.0,1.0,True,False,False,False,True
1451,replicationbench,replicationbench-hubble_trails__classifier_performance,replicationbench/replicationbench-hubble_trails__classifier_performance,difficult;high_composite,0.7709935897435898,0.8109935897435898,hard,0.8480769230769231,0.8461538461538461,0.5512820512820513,0.8333333333333334,16,0.1519230769230769,0.2468749999999999,0.3731072022555984,0.6137895808514356,0.3055954988702466,0.13199570486413648,13.0,36.0,3.0,False,True,False,False,True
1452,replicationbench,replicationbench-gw_nsbh__mass_gap_constraint,replicationbench/replicationbench-gw_nsbh__mass_gap_constraint,difficult;high_composite,0.7681089743589744,0.8081089743589744,hard,0.7903846153846155,0.9230769230769231,0.4230769230769231,0.9444444444444444,17,0.2096153846153846,0.3205882352941177,0.4112601951282008,0.5459983497107055,0.3368629660534968,0.06308910007462187,7.0,46.0,4.0,False,True,False,False,True
1453,replicationbench,replicationbench-chandra_representation__blackbody_spectral_fit,replicationbench/replicationbench-chandra_representation__blackbody_spectral_fit,difficult;high_composite,0.76125,0.80125,hard,0.7019230769230769,0.7435897435897436,0.782051282051282,0.8666666666666667,17,0.2980769230769231,0.35,0.3819454842528924,0.6567682105341641,0.27553644075715095,0.2591556053656985,21.0,18.0,5.0,False,True,False,False,True
1454,replicationbench,replicationbench-disk_ridges__ridge_slope,replicationbench/replicationbench-disk_ridges__ridge_slope,difficult;high_composite,0.7508333333333332,0.7908333333333333,hard,0.826923076923077,0.9487179487179487,0.2948717948717949,0.9222222222222223,17,0.173076923076923,0.2647058823529412,0.4013816966878114,0.5538984898043536,0.34591197909889826,0.046076627186958374,5.0,56.0,6.0,False,True,False,False,True
1455,replicationbench,replicationbench-trgb_std_candle__fit_aseq_bseq,replicationbench/replicationbench-trgb_std_candle__fit_aseq_bseq,difficult;high_composite,0.7433974391025641,0.7833974391025641,hard,0.8717948846153847,0.9743589743589743,0.22435897435897437,0.8555555555555555,17,0.1282051153846153,0.1960784117647059,0.3802101778170252,0.6472103735807816,0.35233996612803664,0.02667104135966225,3.0,62.0,8.0,False,True,False,False,True
1456,replicationbench,replicationbench-trgb_std_candle__gaia_synthetic_i_trgb,replicationbench/replicationbench-trgb_std_candle__gaia_synthetic_i_trgb,difficult;high_composite,0.7147435897435898,0.7547435897435898,hard,0.8923076923076924,0.6410256410256411,0.6025641025641025,0.7777777777777778,16,0.1076923076923076,0.175,0.3665719574653795,0.4498488149739703,0.23818442959538166,0.1449135056189792,29.0,32.0,12.0,False,True,False,False,True
1457,replicationbench,replicationbench-galaxy_soptics__soptics_implementation,replicationbench/replicationbench-galaxy_soptics__soptics_implementation,difficult;high_composite,0.7112179487179486,0.7512179487179487,hard,0.8307692307692308,0.9615384615384616,0.1346153846153846,0.8888888888888888,17,0.1692307692307692,0.2588235294117647,0.3893231115641786,0.6210487068740398,0.35122814772952693,0.011260055987666662,4.0,68.0,13.0,False,True,False,False,True
1458,replicationbench,replicationbench-abacus__lcdm_total_force_accuracy,replicationbench/replicationbench-abacus__lcdm_total_force_accuracy,high_composite,0.745576923076923,0.745576923076923,medium,0.5884615384615384,0.7692307692307693,0.7435897435897436,0.9555555555555556,17,0.4115384615384616,0.4176470588235294,0.4115755868219349,0.6075808194070931,0.286820157652177,0.21560359916299587,19.0,21.0,7.0,False,False,False,False,True
1459,replicationbench,replicationbench-chandra_representation__powerlaw_spectral_fit,replicationbench/replicationbench-chandra_representation__powerlaw_spectral_fit,difficult;high_composite,0.7043910224358975,0.7443910224358975,hard,0.7493589615384616,0.8205128205128205,0.5128205128205128,0.6777777777777778,17,0.2506410384615384,0.277451,0.346265871419806,0.6317888374203546,0.29882707004082887,0.11688432925101333,15.0,39.0,14.0,False,True,False,False,True
1460,replicationbench,replicationbench-abacus__ewald_force_comparison,replicationbench/replicationbench-abacus__ewald_force_comparison,difficult;unique_unpredictable,0.6608333301282052,0.7408333301282053,hard,0.839743576923077,0.32051282051282054,0.9615384615384616,0.6555555555555556,17,0.160256423076923,0.2450980588235294,0.3458325755609413,0.2422824470767758,0.1369918004791022,0.4209306095704044,54.0,4.0,21.0,False,True,False,True,False
1461,replicationbench,replicationbench-galaxy_soptics__bcg_identification,replicationbench/replicationbench-galaxy_soptics__bcg_identification,high_composite,0.7393589743589744,0.7393589743589744,medium,0.653846153846154,0.9102564102564102,0.4358974358974359,0.9888888888888889,17,0.3461538461538461,0.4235294117647059,0.4332224150475757,0.5724417009113336,0.3311003110548195,0.09299309036152392,8.0,45.0,9.0,False,False,False,False,True
1462,replicationbench,replicationbench-bayes_cal__cold_hot_tandem,replicationbench/replicationbench-bayes_cal__cold_hot_tandem,difficult,0.6992948717948719,0.739294871794872,hard,0.876923076923077,0.9358974358974359,0.08333333333333333,0.8777777777777778,16,0.123076923076923,0.2,0.3872983346207417,0.6392983214583057,0.34535392936945936,0.005766191405363497,6.0,72.0,15.0,False,True,False,False,False
1463,replicationbench,replicationbench-lensing_dr6_growth__alens,replicationbench/replicationbench-lensing_dr6_growth__alens,unique_unpredictable,0.6959294871794872,0.7359294871794873,medium,0.5826923076923078,0.6153846153846154,0.8461538461538461,0.8222222222222222,17,0.4173076923076922,0.4264705882352941,0.3726367285814554,0.6255572190737624,0.2290138646490592,0.2885198915268613,31.0,13.0,16.0,False,False,False,True,False
1464,replicationbench,replicationbench-gw_nsbh__mass_gap,replicationbench/replicationbench-gw_nsbh__mass_gap,difficult,0.6896474358974359,0.729647435897436,hard,0.8596153846153847,0.8589743589743589,0.2564102564102564,0.7333333333333333,17,0.1403846153846153,0.2147058823529411,0.3530392020734978,0.6457741185096629,0.30584090880808906,0.03344071155254269,12.0,59.0,17.0,False,True,False,False,False
1465,replicationbench,replicationbench-gw_cosmo__dark_energy,replicationbench/replicationbench-gw_cosmo__dark_energy,high_composite,0.7201602564102564,0.7201602564102564,medium,0.475,0.782051282051282,0.7307692307692307,0.9666666666666667,17,0.525,0.538235294117647,0.4135674821401424,0.7154796247812384,0.28934155092022074,0.19601411844146166,18.0,22.0,10.0,False,False,False,False,True
1466,replicationbench,replicationbench-gw_nsbh__default_mbh,replicationbench/replicationbench-gw_nsbh__default_mbh,difficult,0.6792948717948718,0.7192948717948718,hard,0.8461538461538463,0.8974358974358975,0.1346153846153846,0.8,17,0.1538461538461538,0.2352941176470588,0.3673737724147186,0.605011221157439,0.32666599141363983,0.011260055987666662,9.0,69.0,18.0,False,True,False,False,False
1467,replicationbench,replicationbench-galaxy_soptics__soptics_validation_shi,replicationbench/replicationbench-galaxy_soptics__soptics_validation_shi,difficult,0.6770512852564103,0.7170512852564104,hard,0.8564102692307693,0.8076923076923077,0.3076923076923077,0.6888888888888889,17,0.1435897307692307,0.2196078235294117,0.3473633251534691,0.6318811006732565,0.29756831978812026,0.049318950398801964,16.0,55.0,19.0,False,True,False,False,False
1468,replicationbench,replicationbench-gw_nsbh__spin_constraint,replicationbench/replicationbench-gw_nsbh__spin_constraint,high_composite,0.7160897435897435,0.7160897435897435,medium,0.6884615384615385,0.8846153846153846,0.3974358974358974,0.9,17,0.3115384615384615,0.3705882352941176,0.3907228683627203,0.559976270365939,0.32593477975399965,0.06249197248989091,10.0,48.0,11.0,False,False,False,False,True
1469,replicationbench,replicationbench-gw_nsbh__equal_mass_slope,replicationbench/replicationbench-gw_nsbh__equal_mass_slope,difficult,0.6587820512820514,0.6987820512820514,hard,0.8846153846153847,0.8717948717948718,0.08333333333333333,0.7444444444444445,17,0.1153846153846153,0.1764705882352941,0.3556756813607288,0.640669713500692,0.32102930849922606,0.005766191405363497,11.0,73.0,22.0,False,True,False,False,False
1470,replicationbench,replicationbench-galaxy_manifold__manifold_plane,replicationbench/replicationbench-galaxy_manifold__manifold_plane,difficult,0.6586538461538463,0.6986538461538463,hard,0.876923076923077,0.8333333333333334,0.22435897435897437,0.6111111111111112,20,0.123076923076923,0.16,0.3261901286060018,0.6403344260101337,0.30365808652962945,0.02667104135966225,14.0,61.0,23.0,False,True,False,False,False
1471,replicationbench,replicationbench-mars_clouds__dbscan_test,replicationbench/replicationbench-mars_clouds__dbscan_test,difficult,0.6583974326923077,0.6983974326923077,hard,0.8474358846153847,0.5897435897435898,0.6538461538461539,0.5111111111111111,17,0.1525641153846154,0.2333333529411765,0.2998910760865452,0.5994898307753931,0.22678714867738137,0.1677795178405984,33.0,28.0,24.0,False,True,False,False,False
1472,replicationbench,replicationbench-muse_outflows__outflow_energetics,replicationbench/replicationbench-muse_outflows__outflow_energetics,difficult,0.6546153814102564,0.6946153814102565,hard,0.889743576923077,0.7948717948717948,0.2692307692307692,0.5777777777777777,17,0.110256423076923,0.1686274705882353,0.3218554739283781,0.6080056645906299,0.29261351503535066,0.03557027721529893,17.0,58.0,25.0,False,True,False,False,False
1473,replicationbench,replicationbench-eht_resolve__eht_ring_width,replicationbench/replicationbench-eht_resolve__eht_ring_width,difficult,0.6528525641025641,0.6928525641025641,hard,0.7442307692307693,0.5128205128205128,0.7692307692307693,0.6333333333333333,17,0.2557692307692308,0.2852941176470588,0.3420374531789795,0.4581911544140729,0.19734005665456641,0.24127730640098843,39.0,19.0,26.0,False,True,False,False,False
1474,replicationbench,replicationbench-galaxy_soptics__clustering_hyperparameter_optimization,replicationbench/replicationbench-galaxy_soptics__clustering_hyperparameter_optimization,difficult,0.632275641025641,0.6722756410256411,hard,0.8980769230769231,0.7564102564102564,0.1987179487179487,0.6222222222222222,17,0.1019230769230769,0.1558823529411764,0.3262452852673422,0.607543556924891,0.27693351287205664,0.026303694698876057,20.0,63.0,28.0,False,True,False,False,False
1475,replicationbench,replicationbench-gw_cosmo__h0_scaling,replicationbench/replicationbench-gw_cosmo__h0_scaling,difficult;unique_unpredictable,0.5894871794871794,0.6694871794871795,hard,0.7769230769230769,0.3717948717948718,0.8205128205128205,0.4,20,0.2230769230769231,0.23,0.2551470164434614,0.5082558924947512,0.14917431266231515,0.2723823623420105,50.0,15.0,42.0,False,True,False,True,False
1476,replicationbench,replicationbench-galaxy_manifold__evolution_tracks,replicationbench/replicationbench-galaxy_manifold__evolution_tracks,unique_unpredictable,0.6268910256410256,0.6668910256410256,medium,0.4403846153846154,0.4358974358974359,0.9102564102564102,0.9111111111111111,17,0.5596153846153846,0.5382352941176469,0.3968735951396,0.5230884211907826,0.18087388962913017,0.3635649536304786,45.0,8.0,31.0,False,False,False,True,False
1477,replicationbench,replicationbench-disk_ridges__ridges_in_all,replicationbench/replicationbench-disk_ridges__ridges_in_all,unique_unpredictable,0.6243910288461538,0.6643910288461539,medium,0.5160256538461538,0.5641025641025641,0.8717948717948718,0.5333333333333333,17,0.4839743461538461,0.4754901764705882,0.3106033459014957,0.6729363138945911,0.21323228123911445,0.301311763352345,35.0,11.0,32.0,False,False,False,True,False
1478,replicationbench,replicationbench-disk_ridges__gaia_dr2_all,replicationbench/replicationbench-disk_ridges__gaia_dr2_all,difficult,0.6239102564102564,0.6639102564102565,hard,0.8807692307692307,0.48717948717948717,0.6794871794871795,0.4222222222222222,17,0.1192307692307692,0.1823529411764706,0.2657134303465407,0.4465196771135795,0.19455745945232425,0.17644869170384092,41.0,26.0,33.0,False,True,False,False,False
1479,replicationbench,replicationbench-disk_ridges__gaia_dr2_rvs,replicationbench/replicationbench-disk_ridges__gaia_dr2_rvs,difficult;unique_unpredictable,0.5806410256410256,0.6606410256410257,hard,0.7153846153846154,0.2948717948717949,0.8076923076923077,0.6444444444444445,17,0.2846153846153846,0.3294117647058824,0.3425934065543773,0.3000888079723349,0.13392668641759697,0.2721531962057391,56.0,16.0,44.0,False,True,False,True,False
1480,replicationbench,replicationbench-astm3__spectral_similarity_search,replicationbench/replicationbench-astm3__spectral_similarity_search,difficult;frontier_with_variance;unique_unpredictable,0.5305769230769231,0.6505769230769232,frontier,0.9730769230769231,0.02564102564102564,1.0,0.18888888888888888,17,0.0269230769230769,0.0411764705882352,0.1239488676806204,-0.1331370909862662,0.02070611390355282,0.4441797320960975,77.0,1.0,50.0,False,True,True,True,False
1481,replicationbench,replicationbench-hubble_trails__satellite_chance_pre2020_uvis,replicationbench/replicationbench-hubble_trails__satellite_chance_pre2020_uvis,difficult,0.6098076923076923,0.6498076923076923,hard,0.85,0.5256410256410257,0.5,0.5888888888888889,17,0.15,0.2294117647058823,0.3249700545160737,0.4384621936436041,0.20133513084007124,0.11073098674833604,38.0,40.0,34.0,False,True,False,False,False
1482,replicationbench,replicationbench-trgb_std_candle__med_color_amp,replicationbench/replicationbench-trgb_std_candle__med_color_amp,difficult,0.6072435897435897,0.6472435897435898,hard,0.9153846153846154,0.7307692307692307,0.15384615384615385,0.5611111111111111,17,0.0846153846153846,0.1294117647058823,0.3213294184411215,0.5730980090877107,0.2733969905270189,0.011874419662310731,22.0,67.0,35.0,False,True,False,False,False
1483,replicationbench,replicationbench-gw_nsbh__load_data,replicationbench/replicationbench-gw_nsbh__load_data,difficult,0.6069871794871795,0.6469871794871795,hard,0.9000000000000001,0.6923076923076923,0.1987179487179487,0.6,17,0.0999999999999999,0.1529411764705882,0.3256082941905422,0.604163672064474,0.2637683987525813,0.026303694698876057,25.0,64.0,36.0,False,True,False,False,False
1484,replicationbench,replicationbench-eht_resolve__eht_ring_size,replicationbench/replicationbench-eht_resolve__eht_ring_size,difficult;frontier_with_variance;unique_unpredictable,0.5228846153846154,0.6428846153846155,frontier,0.9730769230769231,0.01282051282051282,0.9871794871794872,0.18888888888888888,17,0.0269230769230769,0.0411764705882352,0.1239488676806204,0.1377147568282044,0.019937309756463045,0.43617937146076946,78.0,2.0,52.0,False,True,True,True,False
1485,replicationbench,replicationbench-hubble_trails__satellite_chance_post2020_uvis,replicationbench/replicationbench-hubble_trails__satellite_chance_post2020_uvis,difficult,0.5987179487179487,0.6387179487179487,hard,0.8692307692307693,0.5512820512820513,0.48717948717948717,0.4444444444444444,20,0.1307692307692307,0.1699999999999999,0.2776688675382964,0.4379608077050524,0.20270526639339276,0.10604985652788146,36.0,41.0,37.0,False,True,False,False,False
1486,replicationbench,replicationbench-astm3__multimodal_classification_clip,replicationbench/replicationbench-astm3__multimodal_classification_clip,difficult,0.5964102596153846,0.6364102596153847,hard,0.9064102692307693,0.6282051282051282,0.33974358974358976,0.43333333333333335,17,0.0935897307692307,0.1431372352941176,0.2670988284510897,0.6081524343529248,0.23276618846910171,0.052015338340680284,30.0,52.0,38.0,False,True,False,False,False
1487,replicationbench,replicationbench-galaxy_manifold__gas_mass_estimation,replicationbench/replicationbench-galaxy_manifold__gas_mass_estimation,difficult,0.5955128205128204,0.6355128205128204,hard,0.9153846153846154,0.7051282051282052,0.1794871794871795,0.5,17,0.0846153846153846,0.1294117647058823,0.2985547656576358,0.6092577128339416,0.2653345873919935,0.020721879454863257,24.0,65.0,39.0,False,True,False,False,False
1488,replicationbench,replicationbench-abacus__ewald_force_accuracy,replicationbench/replicationbench-abacus__ewald_force_accuracy,difficult,0.5935897467948719,0.6335897467948719,hard,0.8871795,0.47435897435897434,0.5897435897435898,0.3888888888888889,17,0.1128205,0.1725489999999999,0.2502900920546115,0.4846620536446748,0.19082032553448577,0.14225480861964668,42.0,33.0,40.0,False,True,False,False,False
1489,replicationbench,replicationbench-gw_nsbh__mtov_spin,replicationbench/replicationbench-gw_nsbh__mtov_spin,difficult;unique_unpredictable,0.5535897435897437,0.6335897435897437,hard,0.8846153846153847,0.23076923076923078,0.8333333333333334,0.28888888888888886,20,0.1153846153846153,0.15,0.1884144368141677,0.426993737603808,0.11588639888607612,0.2837403489866326,61.0,14.0,46.0,False,True,False,True,False
1490,replicationbench,replicationbench-galaxy_manifold__data_preparation,replicationbench/replicationbench-galaxy_manifold__data_preparation,difficult,0.5906410256410256,0.6306410256410256,hard,0.8923076923076924,0.6666666666666666,0.24358974358974358,0.4888888888888889,20,0.1076923076923076,0.1399999999999999,0.2973213749463701,0.56947858220438,0.25035413340466095,0.02859435906606267,27.0,60.0,41.0,False,True,False,False,False
1491,replicationbench,replicationbench-gw_nsbh__mtov_spin_2,replicationbench/replicationbench-gw_nsbh__mtov_spin_2,unique_unpredictable,0.5874358974358974,0.6274358974358974,medium,0.3307692307692308,0.5,0.8589743589743589,0.7666666666666667,20,0.6692307692307692,0.6300000000000001,0.364828726939094,0.6812616058672653,0.19576425250741375,0.2925842957310745,40.0,12.0,43.0,False,False,False,True,False
1492,replicationbench,replicationbench-lensing_dr6_growth__params,replicationbench/replicationbench-lensing_dr6_growth__params,difficult;unique_unpredictable,0.523525641025641,0.6035256410256411,hard,0.9038461538461539,0.08974358974358974,0.8846153846153846,0.3,17,0.0961538461538461,0.1470588235294117,0.2003457219520753,0.3601462917094156,0.08229632870592324,0.30676073518193014,72.0,10.0,51.0,False,True,False,True,False
1493,replicationbench,replicationbench-ls_cal__cold_sparam,replicationbench/replicationbench-ls_cal__cold_sparam,difficult,0.556602564102564,0.5966025641025641,hard,0.9153846153846154,0.5769230769230769,0.16666666666666666,0.5611111111111111,17,0.0846153846153846,0.1294117647058823,0.3213294184411215,0.5158275524248804,0.2176285172461624,0.016944964482598524,34.0,66.0,45.0,False,True,False,False,False
1494,replicationbench,replicationbench-muse_outflows__voronoi_binning_for_emission_lines_j080427,replicationbench/replicationbench-muse_outflows__voronoi_binning_for_emission_lines_j080427,difficult,0.5508974358974359,0.5908974358974359,hard,0.9153846153846154,0.2692307692307692,0.717948717948718,0.32222222222222224,20,0.0846153846153846,0.11,0.2046948949045872,0.43633295130908,0.12507949501826796,0.19504127437594565,58.0,23.0,47.0,False,True,False,False,False
1495,replicationbench,replicationbench-disk_ridges__peak_mean_vz_all,replicationbench/replicationbench-disk_ridges__peak_mean_vz_all,difficult,0.5317628205128204,0.5717628205128205,hard,0.9365384615384615,0.4230769230769231,0.3782051282051282,0.36666666666666664,17,0.0634615384615384,0.0970588235294117,0.2403860793141476,0.4996748886186818,0.17169793521219476,0.062464182715764704,46.0,49.0,49.0,False,True,False,False,False
1496,replicationbench,replicationbench-galaxy_manifold__transformation_matrix,replicationbench/replicationbench-galaxy_manifold__transformation_matrix,difficult;unique_unpredictable,0.4809294903846154,0.5609294903846155,hard,0.8391025769230769,0.038461538461538464,0.8974358974358975,0.2222222222222222,17,0.1608974230769231,0.1401960588235294,0.1454156305671155,0.471711854371122,0.041094109263758526,0.34045864347146493,76.0,9.0,59.0,False,True,False,True,False
1497,replicationbench,replicationbench-muse_outflows__dust_reddening,replicationbench/replicationbench-muse_outflows__dust_reddening,difficult,0.5200641025641025,0.5600641025641026,hard,0.9307692307692308,0.5384615384615384,0.10897435897435898,0.4777777777777778,17,0.0692307692307692,0.1058823529411764,0.2919923210821378,0.5087622113896648,0.20173831711639234,0.009704072508306849,37.0,71.0,53.0,False,True,False,False,False
1498,replicationbench,replicationbench-ls_cal__hot_temp,replicationbench/replicationbench-ls_cal__hot_temp,unique_unpredictable,0.5182051282051282,0.5582051282051282,easy,0.27692307692307694,0.28205128205128205,0.9743589743589743,0.7111111111111111,20,0.7230769230769231,0.7,0.3492849839314596,0.6432001245305708,0.13389865945034876,0.4252110828346366,57.0,3.0,54.0,False,False,False,True,False
1499,replicationbench,replicationbench-bayes_cal__load_cal,replicationbench/replicationbench-bayes_cal__load_cal,unique_unpredictable,0.5155769198717949,0.5555769198717949,medium,0.5320512692307693,0.11538461538461539,0.9487179487179487,0.7,17,0.4679487307692307,0.5039215882352942,0.347471238620688,0.3992559654897207,0.08765426936263192,0.4147915171017177,70.0,5.0,55.0,False,False,False,True,False
1500,replicationbench,replicationbench-gw_nsbh__default_mtov,replicationbench/replicationbench-gw_nsbh__default_mtov,difficult,0.49935897435897436,0.5393589743589744,hard,0.9384615384615385,0.38461538461538464,0.32051282051282054,0.3333333333333333,17,0.0615384615384615,0.0941176470588235,0.2071390219018707,0.5785156394602029,0.16256889280605488,0.050878260262962716,49.0,54.0,57.0,False,True,False,False,False
1501,replicationbench,replicationbench-trgb_std_candle__aseq_bseq_trgb,replicationbench/replicationbench-trgb_std_candle__aseq_bseq_trgb,difficult;frontier_with_variance,0.4413461538461539,0.5213461538461539,frontier,0.9692307692307693,0.1794871794871795,0.3782051282051282,0.2777777777777778,17,0.0307692307692307,0.0470588235294117,0.188235294117647,0.3443026310270121,0.09730015978089247,0.062464182715764704,65.0,50.0,64.0,False,True,True,False,False
1502,replicationbench,replicationbench-galaxy_manifold__svd_analysis,replicationbench/replicationbench-galaxy_manifold__svd_analysis,difficult;frontier_with_variance,0.4396153814102564,0.5196153814102564,frontier,0.9512820384615385,0.3974358974358974,0.0641025641025641,0.3111111111111111,17,0.0487179615384615,0.0745098235294117,0.2043736132168773,0.5301533135092239,0.16315463909794664,0.0018241526003156538,48.0,74.0,65.0,False,True,True,False,False
1503,replicationbench,replicationbench-galaxy_manifold__property_prediction,replicationbench/replicationbench-galaxy_manifold__property_prediction,difficult;frontier_with_variance,0.4391025673076923,0.5191025673076923,frontier,0.9717948846153847,0.07692307692307693,0.5769230769230769,0.16666666666666666,17,0.0282051153846153,0.0431372352941176,0.1186881555909927,0.3401315519583781,0.0635397577304083,0.14166183036271596,73.0,34.0,66.0,False,True,True,False,False
1504,replicationbench,replicationbench-bayes_cal__hot_temp,replicationbench/replicationbench-bayes_cal__hot_temp,unique_unpredictable,0.46961538461538455,0.5096153846153846,easy,0.21538461538461529,0.3333333333333333,0.9230769230769231,0.45555555555555555,17,0.7846153846153847,0.776470588235294,0.2818623188402574,0.7006035350096337,0.1397272781045217,0.36395097062522375,53.0,7.0,60.0,False,False,False,True,False
1505,replicationbench,replicationbench-chandra_representation__2dae_embedding,replicationbench/replicationbench-chandra_representation__2dae_embedding,difficult;frontier_with_variance,0.4284615384615385,0.5084615384615385,frontier,0.9615384615384616,0.15384615384615385,0.41025641025641024,0.2111111111111111,17,0.0384615384615384,0.0588235294117647,0.1331024529292324,0.3303617470025693,0.0901888652278164,0.06290543448549424,67.0,47.0,67.0,False,True,True,False,False
1506,replicationbench,replicationbench-astm3__spectra_classification_accuracy_limited_data_10_percent,replicationbench/replicationbench-astm3__spectra_classification_accuracy_limited_data_10_percent,difficult,0.4662820512820513,0.5062820512820513,hard,0.9346153846153847,0.3076923076923077,0.33974358974358976,0.26666666666666666,17,0.0653846153846153,0.0999999999999999,0.1740520544178057,0.5567309403363286,0.13639058836606385,0.052015338340680284,55.0,53.0,61.0,False,True,False,False,False
1507,replicationbench,replicationbench-muse_outflows__electron_density,replicationbench/replicationbench-muse_outflows__electron_density,difficult,0.4480128205128205,0.48801282051282047,hard,0.9461538461538462,0.41025641025641024,0.04487179487179487,0.37777777777777777,17,0.0538461538461538,0.0823529411764705,0.2478977353612409,0.4838366100381107,0.168254515029481,0.0018153904092402806,47.0,76.0,63.0,False,True,False,False,False
1508,replicationbench,replicationbench-galaxy_manifold__physical_properties,replicationbench/replicationbench-galaxy_manifold__physical_properties,difficult;frontier_with_variance,0.40044871794871795,0.4804487179487179,frontier,0.9730769230769231,0.16666666666666666,0.28205128205128205,0.18888888888888888,17,0.0269230769230769,0.0411764705882352,0.1239488676806204,0.4959797397490425,0.09184061170972736,0.04598664371951777,66.0,57.0,68.0,False,True,True,False,False
1509,replicationbench,replicationbench-bayes_cal__nwp_set,replicationbench/replicationbench-bayes_cal__nwp_set,difficult;frontier_with_variance,0.37551282051282053,0.4555128205128205,frontier,0.9846153846153847,0.05128205128205128,0.358974358974359,0.14444444444444443,20,0.0153846153846153,0.02,0.0871779788708134,0.3890458578336066,0.04976256369128201,0.052527088496569396,75.0,51.0,70.0,False,True,True,False,False
1510,replicationbench,replicationbench-eht_resolve__eht_ring_orientation_angle,replicationbench/replicationbench-eht_resolve__eht_ring_orientation_angle,difficult;frontier_with_variance,0.3703205128205128,0.4503205128205128,frontier,0.9653846153846154,0.25,0.019230769230769232,0.24444444444444444,17,0.0346153846153846,0.0529411764705882,0.1459961605410689,0.5293086745130591,0.11626195371048134,4.440892098500626e-16,59.0,77.0,72.0,False,True,True,False,False
1511,replicationbench,replicationbench-galaxy_manifold__morphological_classification,replicationbench/replicationbench-galaxy_manifold__morphological_classification,difficult;frontier_with_variance,0.3703205128205128,0.4503205128205128,frontier,0.9653846153846154,0.25,0.019230769230769232,0.24444444444444444,17,0.0346153846153846,0.0529411764705882,0.1459961605410689,0.5293086745130591,0.11626195371048134,4.440892098500626e-16,60.0,78.0,73.0,False,True,True,False,False
1512,replicationbench,replicationbench-bayes_cal__evidence,replicationbench/replicationbench-bayes_cal__evidence,difficult;frontier_with_variance,0.35750000000000004,0.4375,frontier,0.9692307692307693,0.19230769230769232,0.04487179487179487,0.24444444444444444,17,0.0307692307692307,0.0470588235294117,0.1459961605410689,0.473479730780815,0.09759261280580991,0.0018153904092402806,64.0,75.0,74.0,False,True,True,False,False
1513,replicationbench,replicationbench-bayes_cal__cold_temp,replicationbench/replicationbench-bayes_cal__cold_temp,unique_unpredictable,0.3875640993589743,0.42756409935897427,easy,0.2282051153846153,0.1282051282051282,0.9358974358974359,0.34444444444444444,17,0.7717948846153847,0.7568627647058823,0.211596693335536,0.4317464905298705,0.0878207307838556,0.3721293279567951,69.0,6.0,69.0,False,False,False,True,False
1514,replicationbench,replicationbench-ls_cal__antenna_temp,replicationbench/replicationbench-ls_cal__antenna_temp,difficult;frontier_with_variance,0.3178846185897436,0.39788461858974356,frontier,0.9794871923076924,0.0641025641025641,0.10897435897435898,0.15555555555555556,17,0.0205128076923076,0.0313725294117647,0.0889080435917243,0.5031161254993586,0.061668362096161874,0.009704072508306849,74.0,70.0,75.0,False,True,True,False,False
1515,replicationbench,replicationbench-chandra_representation__2dpca_embedding,replicationbench/replicationbench-chandra_representation__2dpca_embedding,difficult;frontier_with_variance,0.26641025641025645,0.3464102564102564,frontier,0.9923076923076924,0.0,0.0,0.12222222222222222,17,0.0076923076923076,0.0117647058823529,0.0470588235294117,-0.0212874442894646,,,,,78.0,False,True,True,False,False
1516,replicationbench,replicationbench-galaxy_soptics__fof_optimization_sdss,replicationbench/replicationbench-galaxy_soptics__fof_optimization_sdss,difficult;frontier_with_variance,0.26641025641025645,0.3464102564102564,frontier,0.9923076923076924,0.0,0.0,0.12222222222222222,17,0.0076923076923076,0.0117647058823529,0.0470588235294117,0.0967017724587964,,,,,79.0,False,True,True,False,False
1517,replicationbench,replicationbench-ver_waves__solar_height_from_gaia_dr2,replicationbench/replicationbench-ver_waves__solar_height_from_gaia_dr2,difficult;frontier_with_variance,0.26641025641025645,0.3464102564102564,frontier,0.9923076923076924,0.0,0.0,0.12222222222222222,17,0.0076923076923076,0.0117647058823529,0.0470588235294117,0.3120603920508731,,,,,80.0,False,True,True,False,False
1518,replicationbench,replicationbench-astm3__cross_modal_photometry_to_spectra_search,replicationbench/replicationbench-astm3__cross_modal_photometry_to_spectra_search,difficult,0.25833333333333336,0.29833333333333334,frontier,1.0,0.0,0.0,0.05555555555555555,17,0.0,0.0,0.0,,,,,,81.0,False,True,False,False,False
1519,replicationbench,replicationbench-astm3__modality_importance_rot_class_accuracy,replicationbench/replicationbench-astm3__modality_importance_rot_class_accuracy,difficult,0.25833333333333336,0.29833333333333334,frontier,1.0,0.0,0.0,0.05555555555555555,17,0.0,0.0,0.0,,,,,,82.0,False,True,False,False,False
1520,replicationbench,replicationbench-eht_resolve__eht_reconstruction,replicationbench/replicationbench-eht_resolve__eht_reconstruction,difficult,0.25833333333333336,0.29833333333333334,frontier,1.0,0.0,0.0,0.05555555555555555,17,0.0,0.0,0.0,,,,,,83.0,False,True,False,False,False
1521,replicationbench,replicationbench-galaxy_manifold__manifold_recovery,replicationbench/replicationbench-galaxy_manifold__manifold_recovery,difficult,0.25833333333333336,0.29833333333333334,frontier,1.0,0.0,0.0,0.05555555555555555,17,0.0,0.0,0.0,,,,,,84.0,False,True,False,False,False
1522,replicationbench,replicationbench-galaxy_soptics__millennium_data_extraction,replicationbench/replicationbench-galaxy_soptics__millennium_data_extraction,difficult,0.25833333333333336,0.29833333333333334,frontier,1.0,0.0,0.0,0.05555555555555555,17,0.0,0.0,0.0,,,,,,85.0,False,True,False,False,False
1523,replicationbench,replicationbench-galaxy_soptics__shi_catalog_acquisition,replicationbench/replicationbench-galaxy_soptics__shi_catalog_acquisition,difficult,0.25833333333333336,0.29833333333333334,frontier,1.0,0.0,0.0,0.05555555555555555,17,0.0,0.0,0.0,,,,,,86.0,False,True,False,False,False
1524,replicationbench,replicationbench-hubble_trails__satellite_fractions_increase,replicationbench/replicationbench-hubble_trails__satellite_fractions_increase,difficult,0.25833333333333336,0.29833333333333334,frontier,1.0,0.0,0.0,0.05555555555555555,17,0.0,0.0,0.0,,,,,,87.0,False,True,False,False,False
1525,replicationbench,replicationbench-ls_cal__nwp,replicationbench/replicationbench-ls_cal__nwp,difficult,0.25833333333333336,0.29833333333333334,frontier,1.0,0.0,0.0,0.05555555555555555,17,0.0,0.0,0.0,,,,,,88.0,False,True,False,False,False
1526,replicationbench,replicationbench-muse_outflows__narrow_and_broad_line_decomposition_for_j080427,replicationbench/replicationbench-muse_outflows__narrow_and_broad_line_decomposition_for_j080427,difficult,0.25833333333333336,0.29833333333333334,frontier,1.0,0.0,0.0,0.05555555555555555,17,0.0,0.0,0.0,,,,,,89.0,False,True,False,False,False
1527,seal0,seal0-39,seal0/seal0-39,base_representative;high_composite,0.6592226246865421,0.7192226246865421,medium,0.4,0.9896907216494846,0.27835051546391754,0.954954954954955,26,0.6,0.6,0.4150996173302166,0.6022721034030355,0.3163398697538159,0.22168821750584367,2.0,71.0,7.0,True,False,False,False,True
1528,seal0,seal0-32,seal0/seal0-32,base_representative,0.6138720667236427,0.6738720667236426,medium,0.44743588461538464,1.0,0.05670103092783505,0.918918918918919,26,0.5525641153846154,0.5525641153846154,0.4033961713239162,0.5198392912468159,0.3306408941564374,0.1542863744178623,1.0,92.0,25.0,True,False,False,False,False
1529,seal0,seal0-92,seal0/seal0-92,unique_unpredictable;high_composite,0.6763130398439676,0.7163130398439677,medium,0.55,0.5463917525773195,0.865979381443299,0.8738738738738738,26,0.45,0.45,0.3951901089630543,0.4877974273560993,0.156520691943936,0.4406630950361533,45.0,14.0,4.0,False,False,False,True,True
1530,seal0,seal0-46,seal0/seal0-46,difficult;unique_unpredictable;high_composite,0.6330677393986969,0.7130677393986969,hard,0.7205128076923077,0.4639175257731959,0.8865979381443299,0.4594594594594595,26,0.2794871923076923,0.2794871923076923,0.2928021325454364,0.3332633995076459,0.11558254403474885,0.448845531530374,53.0,12.0,16.0,False,True,False,True,True
1531,seal0,seal0-96,seal0/seal0-96,unique_unpredictable;high_composite,0.6725242193025698,0.7125242193025698,medium,0.5576923076923077,0.5360824742268041,0.9278350515463918,0.7567567567567568,26,0.4423076923076923,0.4423076923076923,0.3741152288677266,0.2371443793214017,0.15421573690858575,0.4660234903565613,46.0,8.0,5.0,False,False,False,True,True
1532,seal0,seal0-66,seal0/seal0-66,high_composite,0.6979883300924835,0.6979883300924835,medium,0.6205128076923077,0.711340206185567,0.6134020618556701,0.9369369369369369,26,0.3794871923076923,0.3794871923076923,0.4104486818678778,0.6125901461355869,0.21917687650799045,0.3539156340462445,29.0,38.0,1.0,False,False,False,False,True
1533,seal0,seal0-83,seal0/seal0-83,unique_unpredictable;high_composite,0.65777464297158,0.69777464297158,medium,0.6128205000000001,0.4742268041237113,0.9381443298969072,0.6936936936936937,26,0.3871794999999999,0.3871794999999999,0.3659464963605441,0.3150070089576859,0.1322424499736553,0.48692406762438334,52.0,7.0,8.0,False,False,False,True,True
1534,seal0,seal0-61,seal0/seal0-61,difficult;high_composite,0.6554889941487879,0.695488994148788,hard,0.8,0.5051546391752577,0.7525773195876289,0.6036036036036037,25,0.2,0.208,0.350907395191381,0.5036570624215584,0.14333742158975357,0.409756157019051,49.0,25.0,10.0,False,True,False,False,True
1535,seal0,seal0-86,seal0/seal0-86,high_composite,0.6952453543948389,0.6952453543948389,medium,0.5423076923076924,0.9278350515463918,0.35051546391752575,0.9819819819819819,26,0.4576923076923077,0.4576923076923077,0.4280304418748713,0.5995442140741989,0.28013194109370276,0.2574129705738979,8.0,64.0,2.0,False,False,False,False,True
1536,seal0,seal0-0,seal0/seal0-0,difficult;high_composite,0.6541190707262576,0.6941190707262577,hard,0.7333333461538463,0.7216494845360825,0.3917525773195876,0.8018018018018018,26,0.2666666538461538,0.2666666538461538,0.3834169340276319,0.5875053781277417,0.21976537612558286,0.2784286483667403,28.0,60.0,11.0,False,True,False,False,True
1537,seal0,seal0-99,seal0/seal0-99,difficult;unique_unpredictable,0.61304520222046,0.6930452022204601,hard,0.876923076923077,0.26804123711340205,1.0,0.3333333333333333,26,0.123076923076923,0.123076923076923,0.1927686782483333,-0.5359305223777752,0.061511315067946944,0.5527320494488766,72.0,1.0,26.0,False,True,False,True,False
1538,seal0,seal0-22,seal0/seal0-22,high_composite,0.6783204613911096,0.6783204613911096,medium,0.46858973076923083,0.6804123711340206,0.7731958762886598,0.8648648648648649,26,0.5314102692307692,0.5314102692307692,0.3951448691763914,0.3273066914469136,0.20942931091181408,0.4138093316475291,32.0,23.0,3.0,False,False,False,False,True
1539,seal0,seal0-5,seal0/seal0-5,difficult;unique_unpredictable,0.5895036707701953,0.6695036707701953,hard,0.8147435769230769,0.3402061855670103,0.845360824742268,0.36936936936936937,26,0.1852564230769231,0.1852564230769231,0.2274123998138409,-0.3863728485019379,0.086123398999458,0.4366859393821281,65.0,16.0,34.0,False,True,False,True,False
1540,seal0,seal0-60,seal0/seal0-60,difficult,0.6214094826687313,0.6614094826687313,hard,0.8544871923076923,0.44329896907216493,0.7835051546391752,0.3783783783783784,26,0.1455128076923077,0.1455128076923077,0.2306418703751669,0.4625595562460666,0.11040272703096578,0.41681074554272235,55.0,22.0,21.0,False,True,False,False,False
1541,seal0,seal0-2,seal0/seal0-2,high_composite,0.6602784205397905,0.6602784205397905,medium,0.4570512692307692,0.845360824742268,0.4329896907216495,0.9459459459459459,26,0.5429487307692308,0.5429487307692308,0.4128847137727391,0.4005327699710035,0.26528272718333407,0.2963109601512437,16.0,56.0,6.0,False,False,False,False,True
1542,seal0,seal0-90,seal0/seal0-90,difficult,0.6166816665693251,0.6566816665693251,hard,0.7820512692307693,0.5567010309278351,0.6134020618556701,0.4864864864864865,26,0.2179487307692307,0.2179487307692307,0.3069328420998712,0.5651359949396068,0.15777910580070947,0.3539156340462445,44.0,39.0,22.0,False,True,False,False,False
1543,seal0,seal0-73,seal0/seal0-73,high_composite,0.6565724328610927,0.6565724328610927,medium,0.653846153846154,0.8041237113402062,0.26288659793814434,0.972972972972973,26,0.3461538461538461,0.3461538461538461,0.4244732203483506,0.2983437335891974,0.25238653960618834,0.2213567122240392,20.0,72.0,9.0,False,False,False,False,True
1544,seal0,seal0-100,seal0/seal0-100,difficult;unique_unpredictable,0.5762921426581219,0.656292142658122,hard,0.85,0.2268041237113402,0.9484536082474226,0.3153153153153153,26,0.15,0.15,0.1901416476047427,-0.357882550333719,0.040144153504595576,0.49774181353361313,76.0,6.0,40.0,False,True,False,True,False
1545,seal0,seal0-1,seal0/seal0-1,unique_unpredictable,0.6162124654392696,0.6562124654392696,medium,0.5461538461538461,0.422680412371134,0.8350515463917526,0.8198198198198198,26,0.4538461538461539,0.4538461538461539,0.3865336777354188,0.3754061058136103,0.10593581041008673,0.4341683408591528,57.0,17.0,23.0,False,False,False,True,False
1546,seal0,seal0-53,seal0/seal0-53,difficult;unique_unpredictable,0.5753593569480464,0.6553593569480465,hard,0.8589743461538462,0.27835051546391754,0.8041237113402062,0.4144144144144144,26,0.1410256538461538,0.1410256538461538,0.2654713353914769,-0.1563329946483866,0.06338374542540451,0.4204264930317776,71.0,20.0,41.0,False,True,False,True,False
1547,seal0,seal0-103,seal0/seal0-103,difficult,0.615332726431725,0.655332726431725,hard,0.7166666538461538,0.38144329896907214,0.6701030927835051,0.9009009009009009,26,0.2833333461538462,0.2833333461538462,0.4003470839244888,0.3101203542172547,0.09942601290833411,0.36543544915752035,61.0,33.0,24.0,False,True,False,False,False
1548,seal0,seal0-88,seal0/seal0-88,difficult,0.6121021975882504,0.6521021975882504,hard,0.7391025769230769,0.7628865979381443,0.26288659793814434,0.6306306306306306,26,0.2608974230769231,0.2608974230769231,0.3551496199921263,0.523225307047856,0.24009864106131973,0.2213567122240392,24.0,73.0,27.0,False,True,False,False,False
1549,seal0,seal0-84,seal0/seal0-84,unique_unpredictable,0.6104605054198726,0.6504605054198727,medium,0.47115380769230764,0.4536082474226804,0.9896907216494846,0.5765765765765766,26,0.5288461923076924,0.5288461923076924,0.3427377890766575,0.3277081856893448,0.11542596422004531,0.5175109173681508,54.0,2.0,28.0,False,False,False,True,False
1550,seal0,seal0-75,seal0/seal0-75,difficult;unique_unpredictable,0.5644788506092333,0.6444788506092334,hard,0.7583333461538462,0.15463917525773196,0.9587628865979382,0.5405405405405406,26,0.2416666538461538,0.2416666538461538,0.334269515153099,0.0659424580554945,0.02661071195541184,0.4989767055093317,83.0,5.0,47.0,False,True,False,True,False
1551,seal0,seal0-74,seal0/seal0-74,high_composite,0.6412230958457465,0.6412230958457465,medium,0.3987179615384615,0.6597938144329897,0.7938144329896907,0.7477477477477478,26,0.6012820384615385,0.6012820384615385,0.3739922013007841,0.3790343013775256,0.19785837553242316,0.41903176162055356,34.0,21.0,12.0,False,False,False,False,True
1552,seal0,seal0-24,seal0/seal0-24,high_composite,0.6405895685534859,0.6405895685534859,medium,0.6038461538461538,0.5876288659793815,0.5412371134020618,0.990990990990991,26,0.3961538461538462,0.3961538461538462,0.4354315006013877,0.1565282223569728,0.17405286131778272,0.33085772276504233,41.0,45.0,13.0,False,False,False,False,True
1553,seal0,seal0-15,seal0/seal0-15,high_composite,0.6399417940341212,0.6399417940341212,medium,0.504487153846154,0.6082474226804123,0.7010309278350515,0.8378378378378378,26,0.4955128461538461,0.4955128461538461,0.3898980280637186,0.1481301174994571,0.1784696784818194,0.376055667156324,39.0,30.0,14.0,False,False,False,False,True
1554,seal0,seal0-12,seal0/seal0-12,high_composite,0.6391827592858521,0.6391827592858521,medium,0.4076923076923077,0.8762886597938144,0.37628865979381443,0.9099099099099099,26,0.5923076923076923,0.5923076923076923,0.4030394873984022,0.4409392938787637,0.2731183175923335,0.26728725353672356,13.0,61.0,15.0,False,False,False,False,True
1555,seal0,seal0-62,seal0/seal0-62,high_composite,0.6330555493736203,0.6330555493736203,medium,0.4455128076923077,0.865979381443299,0.36082474226804123,0.8558558558558559,26,0.5544871923076923,0.5544871923076923,0.3923836271198045,0.5507068173719545,0.2689219338160438,0.2585010957689392,14.0,63.0,17.0,False,False,False,False,True
1556,seal0,seal0-64,seal0/seal0-64,difficult,0.590083395479242,0.6300833954792421,hard,0.8371795,0.3917525773195876,0.7422680412371134,0.38738738738738737,26,0.1628205,0.1628205,0.2470469819193927,0.4622363526906186,0.09995966503757926,0.394944062154736,60.0,26.0,33.0,False,True,False,False,False
1557,seal0,seal0-102,seal0/seal0-102,difficult;unique_unpredictable,0.5446607690164391,0.6246607690164392,hard,0.95,0.16494845360824742,0.8247422680412371,0.2882882882882883,26,0.05,0.05,0.1781313257986063,0.0051578258215221,0.02965486460478818,0.430038528583215,82.0,18.0,54.0,False,True,False,True,False
1558,seal0,seal0-72,seal0/seal0-72,difficult,0.5812804080845317,0.6212804080845318,hard,0.8615384615384616,0.4845360824742268,0.5257731958762887,0.43243243243243246,26,0.1384615384615384,0.1384615384615384,0.2760670529988671,0.4267885460681928,0.1331144794060269,0.327584832744679,51.0,47.0,36.0,False,True,False,False,False
1559,seal0,seal0-71,seal0/seal0-71,difficult,0.581014504790278,0.6210145047902781,hard,0.7442307692307693,0.4020618556701031,0.7628865979381443,0.42342342342342343,26,0.2557692307692308,0.2557692307692308,0.2746770562080142,0.1430404622123375,0.10086649497929902,0.4101077816189763,59.0,24.0,37.0,False,True,False,False,False
1560,seal0,seal0-108,seal0/seal0-108,unique_unpredictable,0.5778832758214201,0.6178832758214201,medium,0.6923076923076923,0.32989690721649484,0.8762886597938144,0.46846846846846846,25,0.3076923076923077,0.312,0.299759903923123,0.2170898694144755,0.07156705715718024,0.44228470222416527,66.0,13.0,39.0,False,False,False,True,False
1561,seal0,seal0-29,seal0/seal0-29,difficult;frontier_with_variance;unique_unpredictable,0.4973019857684806,0.6173019857684807,frontier,0.9673076923076924,0.010309278350515464,0.9020618556701031,0.17567567567567569,26,0.0326923076923076,0.0326923076923076,0.0950124563618125,-0.0355437819097272,0.0003900233206692365,0.45523910697230496,97.0,10.0,77.0,False,True,True,True,False
1562,seal0,seal0-76,seal0/seal0-76,difficult;unique_unpredictable,0.5368092351174529,0.616809235117453,hard,0.9333333461538462,0.07216494845360824,0.9020618556701031,0.35135135135135137,26,0.0666666538461538,0.0666666538461538,0.1956798187166872,0.084973916937903,0.016324938670064966,0.45523910697230496,91.0,11.0,57.0,False,True,False,True,False
1563,seal0,seal0-8,seal0/seal0-8,difficult;unique_unpredictable,0.5336557693995542,0.6136557693995542,hard,0.8621795,0.1958762886597938,0.8144329896907216,0.3063063063063063,26,0.1378205,0.1378205,0.1880828523614097,-0.1567905624570022,0.03575055547215675,0.4266040166238215,79.0,19.0,58.0,False,True,False,True,False
1564,seal0,seal0-37,seal0/seal0-37,difficult;unique_unpredictable,0.5210370841004566,0.6010370841004566,hard,0.9083333461538462,0.020618556701030927,0.979381443298969,0.27927927927927926,26,0.0916666538461538,0.0916666538461538,0.1748778395357395,-0.2940863829532511,0.002175279816466566,0.5165777920392183,96.0,3.0,63.0,False,True,False,True,False
1565,seal0,seal0-21,seal0/seal0-21,difficult;frontier_with_variance,0.5147016199686006,0.5947016199686007,frontier,0.9564102692307693,0.17525773195876287,0.7164948453608248,0.23423423423423423,26,0.0435897307692307,0.0435897307692307,0.1332593204341871,-0.0881168472793038,0.031571458462172325,0.3764939733085648,81.0,28.0,67.0,False,True,True,False,False
1566,seal0,seal0-58,seal0/seal0-58,difficult;unique_unpredictable,0.5113689206951797,0.5913689206951798,hard,0.9121795,0.08247422680412371,0.8556701030927835,0.2702702702702703,26,0.0878205,0.0878205,0.1735475376199337,0.1022546542128015,0.017486649415611483,0.43957115849407447,90.0,15.0,70.0,False,True,False,True,False
1567,seal0,seal0-27,seal0/seal0-27,difficult;unique_unpredictable,0.5110092001200248,0.5910092001200249,hard,0.9480769230769232,0.030927835051546393,0.9175257731958762,0.22522522522522523,25,0.0519230769230769,0.054,0.1326046756340062,0.1307263669575857,0.005791448858850841,0.46376666868626704,95.0,9.0,71.0,False,True,False,True,False
1568,seal0,seal0-89,seal0/seal0-89,difficult,0.5487911303153867,0.5887911303153868,hard,0.7455128076923077,0.5257731958762887,0.44329896907216493,0.45045045045045046,26,0.2544871923076923,0.2544871923076923,0.285083515538331,0.4073778953743759,0.15070743907284298,0.30014956165716933,47.0,55.0,50.0,False,True,False,False,False
1569,seal0,seal0-40,seal0/seal0-40,unique_unpredictable,0.5450970647491267,0.5850970647491267,medium,0.31346153846153846,0.30927835051546393,0.9690721649484536,0.7747747747747747,26,0.6865384615384615,0.6865384615384615,0.379918435656233,0.2198550588518537,0.06894754131571748,0.5146115484805138,68.0,4.0,52.0,False,False,False,True,False
1570,seal0,seal0-48,seal0/seal0-48,difficult,0.5448256213885376,0.5848256213885377,hard,0.9166666538461539,0.29896907216494845,0.6494845360824743,0.32432432432432434,26,0.0833333461538461,0.0833333461538461,0.1915412465901359,0.3707278416359751,0.06869472265711954,0.3633981407618567,69.0,35.0,53.0,False,True,False,False,False
1571,seal0,seal0-85,seal0/seal0-85,difficult;frontier_with_variance,0.4872504393767281,0.5672504393767281,frontier,0.9673076923076924,0.10309278350515463,0.7319587628865979,0.17567567567567569,26,0.0326923076923076,0.0326923076923076,0.0950124563618125,-0.2007382338507904,0.017948793432067806,0.383497492662776,88.0,27.0,78.0,False,True,True,False,False
1572,seal0,seal0-41,seal0/seal0-41,difficult,0.5235503725673533,0.5635503725673533,hard,0.7891025769230771,0.5154639175257731,0.3402061855670103,0.40540540540540543,26,0.210897423076923,0.210897423076923,0.2650972310243593,0.5428362166612383,0.14523151059923223,0.256171819380959,48.0,65.0,62.0,False,True,False,False,False
1573,seal0,seal0-26,seal0/seal0-26,difficult;frontier_with_variance,0.46671654306963584,0.5467165430696359,frontier,0.9826923076923078,0.061855670103092786,0.7164948453608248,0.13513513513513514,26,0.0173076923076923,0.0173076923076923,0.0603552108710585,-0.2242660142344926,0.012477780867235368,0.3764939733085648,92.0,29.0,83.0,False,True,True,False,False
1574,seal0,seal0-55,seal0/seal0-55,difficult;frontier_with_variance,0.4639293139293139,0.543929313929314,frontier,0.9692307692307693,0.14432989690721648,0.5979381443298969,0.14414414414414414,26,0.0307692307692307,0.0307692307692307,0.072160242458822,0.2678617173573751,0.025146916390447045,0.34318368413461076,84.0,40.0,84.0,False,True,True,False,False
1575,seal0,seal0-6,seal0/seal0-6,difficult,0.5019213354909231,0.5419213354909231,hard,0.8826923076923077,0.23711340206185566,0.5876288659793815,0.34234234234234234,26,0.1173076923076923,0.1173076923076923,0.1946112039684744,0.3014571229095167,0.04740586200831556,0.3423720754396413,75.0,41.0,75.0,False,True,False,False,False
1576,seal0,seal0-25,seal0/seal0-25,difficult;frontier_with_variance,0.44945493173585954,0.5294549317358596,frontier,0.975,0.1134020618556701,0.5721649484536082,0.15315315315315314,26,0.025,0.025,0.0890656628993031,-0.0737237543017163,0.018030372038139744,0.33576199957235053,87.0,43.0,87.0,False,True,True,False,False
1577,seal0,seal0-30,seal0/seal0-30,difficult,0.48324777669213614,0.5232477766921362,hard,0.9051281923076923,0.31958762886597936,0.4020618556701031,0.2972972972972973,26,0.0948718076923077,0.0948718076923077,0.1850600455178762,0.4437596846234902,0.07039488699261313,0.2796700741569147,67.0,59.0,79.0,False,True,False,False,False
1578,seal0,seal0-56,seal0/seal0-56,difficult,0.4767028527337806,0.5167028527337806,hard,0.9461538461538462,0.24742268041237114,0.4845360824742268,0.21621621621621623,26,0.0538461538461538,0.0538461538461538,0.1307692307692307,0.4742409604809574,0.049946390021339625,0.3068651860319964,74.0,51.0,80.0,False,True,False,False,False
1579,seal0,seal0-42,seal0/seal0-42,difficult,0.4677380461050861,0.5077380461050861,hard,0.9474358846153847,0.21649484536082475,0.4690721649484536,0.25225225225225223,26,0.0525641153846153,0.0525641153846153,0.1596398888615168,0.0745104889020391,0.03748803491698874,0.3022187195607283,77.0,52.0,82.0,False,True,False,False,False
1580,seal0,seal0-107,seal0/seal0-107,difficult;frontier_with_variance,0.42771449085882074,0.5077144908588207,frontier,0.9692307692307693,0.05154639175257732,0.5721649484536082,0.16216216216216217,26,0.0307692307692307,0.0307692307692307,0.0910166120476864,0.2053814037607209,0.012179738759015598,0.33576199957235053,93.0,42.0,90.0,False,True,True,False,False
1581,seal0,seal0-87,seal0/seal0-87,difficult,0.462219849478642,0.502219849478642,hard,0.9282051153846154,0.09278350515463918,0.634020618556701,0.26126126126126126,26,0.0717948846153846,0.0717948846153846,0.1653001636893244,0.1115612978614621,0.01783893819404571,0.35904439618779693,89.0,37.0,85.0,False,True,False,False,False
1582,seal0,seal0-34,seal0/seal0-34,difficult,0.45327389244915023,0.4932738924491502,hard,0.9,0.41237113402061853,0.0979381443298969,0.3963963963963964,25,0.1,0.104,0.2537400244344593,0.5058573537570273,0.10453491112596548,0.1564135510038922,58.0,88.0,86.0,False,True,False,False,False
1583,seal0,seal0-69,seal0/seal0-69,difficult;frontier_with_variance,0.39156182352058644,0.4715618235205864,frontier,0.9615384615384616,0.25773195876288657,0.0979381443298969,0.24324324324324326,26,0.0384615384615384,0.0384615384615384,0.1570813681281702,0.4574414682334249,0.05190161308568318,0.1564135510038922,73.0,89.0,95.0,False,True,True,False,False
1584,seal0,seal0-59,seal0/seal0-59,difficult,0.43046381036071757,0.47046381036071755,hard,0.8384615384615385,0.3711340206185567,0.07731958762886598,0.4774774774774775,26,0.1615384615384615,0.1615384615384615,0.3039191733098217,0.1996030760822009,0.09759267888510506,0.1562738540775518,62.0,91.0,89.0,False,True,False,False,False
1585,seal0,seal0-52,seal0/seal0-52,difficult,0.41578742203742197,0.45578742203742195,hard,0.9442307692307693,0.13402061855670103,0.41237113402061853,0.1981981981981982,26,0.0557692307692307,0.0557692307692307,0.107709476653388,0.3108823486526813,0.023482436740809406,0.28825922441192176,85.0,58.0,91.0,False,True,False,False,False
1586,seal0,seal0-57,seal0/seal0-57,difficult,0.4086187974553658,0.44861879745536576,hard,0.7314102692307693,0.28865979381443296,0.07731958762886598,0.7027027027027027,26,0.2685897307692307,0.2685897307692307,0.3662680480482059,-0.0038900027717392,0.06643049787664158,0.1562738540775518,70.0,90.0,92.0,False,True,False,False,False
1587,seal0,seal0-54,seal0/seal0-54,difficult,0.4027249394517436,0.44272493945174357,hard,0.8192307692307693,0.041237113402061855,0.4690721649484536,0.44144144144144143,26,0.1807692307692307,0.1807692307692307,0.282226068220456,0.0126986272062282,0.010180686081820937,0.3022187195607283,94.0,53.0,93.0,False,True,False,False,False
1588,seal0,seal0-3,seal0/seal0-3,difficult,0.4005350215401762,0.44053502154017615,hard,0.8807692307692307,0.20618556701030927,0.21649484536082475,0.36036036036036034,26,0.1192307692307692,0.1192307692307692,0.2179788817739193,0.0094344985755987,0.037086987731511964,0.21080441083098167,78.0,77.0,94.0,False,True,False,False,False
1589,seal0,seal0-109,seal0/seal0-109,difficult;frontier_with_variance,0.32348642754570595,0.4034864275457059,frontier,0.9711538461538463,0.12371134020618557,0.03608247422680412,0.1891891891891892,26,0.0288461538461538,0.0288461538461538,0.1057692307692307,0.0960080168170782,0.02054669288369181,0.1462043297993869,86.0,94.0,97.0,False,True,True,False,False
1590,seal0,seal0-67,seal0/seal0-67,difficult,0.34126810516910655,0.38126810516910653,hard,0.9448718076923078,0.18556701030927836,0.03608247422680412,0.2072072072072072,26,0.0551281923076922,0.0551281923076922,0.1243589456780465,0.07329952015675,0.03296741511727813,0.1462043297993869,80.0,95.0,96.0,False,True,False,False,False
1591,seal0,seal0-28,seal0/seal0-28,difficult;frontier_with_variance,0.2656444906444907,0.34564449064449065,frontier,0.9923076923076924,0.0,0.0,0.11711711711711711,26,0.0076923076923076,0.0076923076923076,0.0384615384615384,0.3120603920508732,,,,,98.0,False,True,True,False,False
1592,seal0,seal0-43,seal0/seal0-43,difficult;frontier_with_variance,0.2656444906444907,0.34564449064449065,frontier,0.9923076923076924,0.0,0.0,0.11711711711711711,26,0.0076923076923076,0.0076923076923076,0.0384615384615384,0.3890458578336067,,,,,99.0,False,True,True,False,False
1593,seal0,seal0-63,seal0/seal0-63,difficult;frontier_with_variance,0.2656444906444907,0.34564449064449065,frontier,0.9923076923076924,0.0,0.0,0.11711711711711711,26,0.0076923076923076,0.0076923076923076,0.0384615384615384,-0.0212874442894647,,,,,100.0,False,True,True,False,False
1594,seal0,seal0-20,seal0/seal0-20,difficult,0.25810810810810814,0.2981081081081081,frontier,1.0,0.0,0.0,0.05405405405405406,26,0.0,0.0,0.0,,,,,,101.0,False,True,False,False,False
1595,seal0,seal0-35,seal0/seal0-35,difficult,0.25810810810810814,0.2981081081081081,frontier,1.0,0.0,0.0,0.05405405405405406,26,0.0,0.0,0.0,,,,,,102.0,False,True,False,False,False
1596,seal0,seal0-36,seal0/seal0-36,difficult,0.25810810810810814,0.2981081081081081,frontier,1.0,0.0,0.0,0.05405405405405406,26,0.0,0.0,0.0,,,,,,103.0,False,True,False,False,False
1597,seal0,seal0-44,seal0/seal0-44,difficult,0.25810810810810814,0.2981081081081081,frontier,1.0,0.0,0.0,0.05405405405405406,26,0.0,0.0,0.0,,,,,,104.0,False,True,False,False,False
1598,seal0,seal0-68,seal0/seal0-68,difficult,0.25810810810810814,0.2981081081081081,frontier,1.0,0.0,0.0,0.05405405405405406,26,0.0,0.0,0.0,,,,,,105.0,False,True,False,False,False
1599,seal0,seal0-7,seal0/seal0-7,difficult,0.25810810810810814,0.2981081081081081,frontier,1.0,0.0,0.0,0.05405405405405406,26,0.0,0.0,0.0,,,,,,106.0,False,True,False,False,False
1600,seal0,seal0-70,seal0/seal0-70,difficult,0.25810810810810814,0.2981081081081081,frontier,1.0,0.0,0.0,0.05405405405405406,25,0.0,0.0,0.0,,,,,,107.0,False,True,False,False,False
1601,seal0,seal0-79,seal0/seal0-79,difficult,0.25810810810810814,0.2981081081081081,frontier,1.0,0.0,0.0,0.05405405405405406,26,0.0,0.0,0.0,,,,,,108.0,False,True,False,False,False
1602,seal0,seal0-80,seal0/seal0-80,difficult,0.25810810810810814,0.2981081081081081,frontier,1.0,0.0,0.0,0.05405405405405406,26,0.0,0.0,0.0,,,,,,109.0,False,True,False,False,False
1603,seal0,seal0-82,seal0/seal0-82,difficult,0.25810810810810814,0.2981081081081081,frontier,1.0,0.0,0.0,0.05405405405405406,26,0.0,0.0,0.0,,,,,,110.0,False,True,False,False,False
1604,seal0,seal0-95,seal0/seal0-95,difficult,0.25810810810810814,0.2981081081081081,frontier,1.0,0.0,0.0,0.05405405405405406,26,0.0,0.0,0.0,,,,,,111.0,False,True,False,False,False
1605,simpleqa,simpleqa-1834,simpleqa/simpleqa-1834,base_representative;high_composite,0.6548653846153847,0.7148653846153847,easy,0.2384615384615384,1.0,0.435,0.91,20,0.7615384615384616,0.6900000000000001,0.4023679907746141,0.6652828779369696,0.35587914835061285,0.07212138171823301,1.0,114.0,18.0,True,False,False,False,True
1606,simpleqa,simpleqa-2958,simpleqa/simpleqa-2958,base_representative,0.603326923076923,0.663326923076923,easy,0.1923076923076923,0.995,0.285,0.905,20,0.8076923076923077,0.75,0.3993745109543171,0.5027924080862881,0.35224696165392183,0.04861203768578837,2.0,144.0,38.0,True,False,False,False,False
1607,simpleqa,simpleqa-3796,simpleqa/simpleqa-3796,unique_unpredictable;high_composite,0.7681923076923077,0.8081923076923078,medium,0.3307692307692308,0.945,0.825,0.99,20,0.6692307692307692,0.6,0.4381780460041329,0.4558961025729346,0.3264925114605609,0.17395394719370993,12.0,36.0,1.0,False,False,False,True,True
1608,simpleqa,simpleqa-140,simpleqa/simpleqa-140,unique_unpredictable;high_composite,0.7542980769230769,0.794298076923077,medium,0.4076923076923078,0.86,0.8175,0.98,20,0.5923076923076922,0.5599999999999999,0.4270831300812524,0.5623819784980985,0.30561732369954486,0.16975590759982895,29.0,37.0,2.0,False,False,False,True,True
1609,simpleqa,simpleqa-2478,simpleqa/simpleqa-2478,unique_unpredictable;high_composite,0.743576923076923,0.7835769230769231,medium,0.49230769230769234,0.765,0.85,0.935,20,0.5076923076923077,0.51,0.4121892769104989,0.5957873407894577,0.2927761823711313,0.1962306810954464,48.0,31.0,3.0,False,False,False,True,True
1610,simpleqa,simpleqa-1321,simpleqa/simpleqa-1321,high_composite,0.7421826923076923,0.7421826923076923,medium,0.36923076923076925,0.93,0.6975,1.0,20,0.6307692307692307,0.5800000000000001,0.4422668877499197,0.5132114211196876,0.32279838381782855,0.11263857357272944,15.0,61.0,4.0,False,False,False,False,True
1611,simpleqa,simpleqa-2279,simpleqa/simpleqa-2279,unique_unpredictable;high_composite,0.69475,0.73475,easy,0.29999999999999993,0.8,0.855,0.84,20,0.7000000000000001,0.67,0.3809199390948182,0.5050683990787068,0.2974108642670487,0.20382642049947242,41.0,30.0,9.0,False,False,False,True,True
1612,simpleqa,simpleqa-3057,simpleqa/simpleqa-3057,high_composite,0.7253461538461538,0.7253461538461538,easy,0.26538461538461533,0.965,0.715,0.95,20,0.7346153846153847,0.655,0.4165033013074446,0.502318854401781,0.3333759716535791,0.11616173024689802,8.0,58.0,5.0,False,False,False,False,True
1613,simpleqa,simpleqa-2237,simpleqa/simpleqa-2237,high_composite,0.7080865384615385,0.7080865384615385,medium,0.4538461538461539,0.935,0.4725,0.995,20,0.5461538461538461,0.53,0.4394314508543966,0.4495928253110082,0.3260978088179527,0.0772203727702977,14.0,106.0,6.0,False,False,False,False,True
1614,simpleqa,simpleqa-18,simpleqa/simpleqa-18,unique_unpredictable;high_composite,0.6632307692307693,0.7032307692307693,medium,0.4769230769230769,0.605,0.81,0.865,20,0.5230769230769231,0.53,0.391279950930277,0.5939582116661797,0.26932809954581716,0.16855872905350666,80.0,39.0,13.0,False,False,False,True,True
1615,simpleqa,simpleqa-661,simpleqa/simpleqa-661,unique_unpredictable;high_composite,0.661125,0.701125,medium,0.5,0.545,0.8175,0.94,20,0.5,0.5,0.412310562561766,0.3356419917196223,0.2616811250567241,0.16975590759982895,92.0,38.0,15.0,False,False,False,True,True
1616,simpleqa,simpleqa-1641,simpleqa/simpleqa-1641,high_composite,0.6981346153846153,0.6981346153846153,medium,0.46153846153846145,0.785,0.71,0.87,20,0.5384615384615385,0.52,0.3919183588453085,0.503369474965511,0.2955874881401073,0.11359416855259163,44.0,59.0,7.0,False,False,False,False,True
1617,simpleqa,simpleqa-1848,simpleqa/simpleqa-1848,high_composite,0.6957596153846153,0.6957596153846153,medium,0.3615384615384616,0.95,0.64,0.7525,20,0.6384615384615384,0.62,0.3682390527904394,0.6554187054508439,0.327791210148105,0.10350419353343898,11.0,73.0,8.0,False,False,False,False,True
1618,simpleqa,simpleqa-2203,simpleqa/simpleqa-2203,high_composite,0.6912115384615385,0.6912115384615385,medium,0.3538461538461538,0.91,0.66,0.795,20,0.6461538461538462,0.6075,0.3755912006424005,0.5744809650235573,0.316122402917288,0.10758235027854801,19.0,69.0,10.0,False,False,False,False,True
1619,simpleqa,simpleqa-348,simpleqa/simpleqa-348,unique_unpredictable;high_composite,0.6495096153846155,0.6895096153846155,medium,0.5615384615384615,0.41,0.885,0.9625,20,0.4384615384615384,0.48,0.4214261501141095,0.4628689211144508,0.23709651422252795,0.24664496431955485,119.0,24.0,21.0,False,False,False,True,True
1620,simpleqa,simpleqa-320,simpleqa/simpleqa-320,high_composite,0.6838173076923076,0.6838173076923076,medium,0.3307692307692308,0.825,0.6975,0.92,20,0.6692307692307692,0.6300000000000001,0.4063249930782008,0.4943591266505159,0.29917279246028505,0.11263857357272944,36.0,62.0,11.0,False,False,False,False,True
1621,simpleqa,simpleqa-1680,simpleqa/simpleqa-1680,high_composite,0.6687596153846155,0.6687596153846155,medium,0.5615384615384615,0.69,0.5925,0.925,20,0.4384615384615384,0.4499999999999999,0.4092676385936224,0.5806802051763578,0.2809901042419808,0.09865030325738533,63.0,83.0,12.0,False,False,False,False,True
1622,simpleqa,simpleqa-2553,simpleqa/simpleqa-2553,high_composite,0.66275,0.66275,easy,0.20000000000000007,0.96,0.57,0.895,20,0.7999999999999999,0.74,0.3954743986657038,0.4745230907488317,0.32961069193370923,0.09317343371258135,9.0,87.0,14.0,False,False,False,False,True
1623,simpleqa,simpleqa-3056,simpleqa/simpleqa-3056,unique_unpredictable,0.6211153846153846,0.6611153846153847,medium,0.6384615384615385,0.285,0.865,0.97,20,0.3615384615384615,0.41,0.4217819341792628,0.5157720337048726,0.21282676619660343,0.22791674631433534,144.0,28.0,33.0,False,False,False,True,False
1624,simpleqa,simpleqa-1375,simpleqa/simpleqa-1375,high_composite,0.6610961538461538,0.6610961538461538,medium,0.5153846153846153,0.685,0.5925,0.9625,20,0.4846153846153846,0.48,0.4214261501141095,0.5409189291028784,0.2806116571895046,0.09865030325738533,64.0,82.0,16.0,False,False,False,False,True
1625,simpleqa,simpleqa-5,simpleqa/simpleqa-5,high_composite,0.6549134615384615,0.6549134615384615,easy,0.24615384615384628,0.97,0.525,0.8175,20,0.7538461538461537,0.7100000000000001,0.3766961640367472,0.5976001457144717,0.3396267705278136,0.08825070129686496,7.0,96.0,17.0,False,False,False,False,True
1626,simpleqa,simpleqa-4243,simpleqa/simpleqa-4243,high_composite,0.6548365384615386,0.6548365384615386,medium,0.4538461538461539,0.83,0.4725,0.885,20,0.5461538461538461,0.5599999999999999,0.3929376540877699,0.4532092830292248,0.3000288658397072,0.0772203727702977,35.0,107.0,19.0,False,False,False,False,True
1627,simpleqa,simpleqa-3515,simpleqa/simpleqa-3515,high_composite,0.6540576923076923,0.6540576923076923,medium,0.36923076923076925,0.645,0.795,0.915,20,0.6307692307692307,0.58,0.4044749683231337,0.5194123586509797,0.2765062531521935,0.1647992084695813,72.0,42.0,20.0,False,False,False,False,True
1628,simpleqa,simpleqa-2349,simpleqa/simpleqa-2349,unique_unpredictable,0.6100192307692307,0.6500192307692307,medium,0.42307692307692313,0.4,0.89,0.945,20,0.5769230769230769,0.5399999999999999,0.4152107898405339,0.4417394169014303,0.23406285449595404,0.25089930246497905,121.0,23.0,36.0,False,False,False,True,False
1629,simpleqa,simpleqa-845,simpleqa/simpleqa-845,high_composite,0.6479519230769231,0.6479519230769231,medium,0.39230769230769236,0.915,0.4475,0.785,20,0.6076923076923076,0.58,0.3736308338453881,0.5424620232445911,0.31767152969596,0.0728870540746479,18.0,112.0,22.0,False,False,False,False,True
1630,simpleqa,simpleqa-263,simpleqa/simpleqa-263,high_composite,0.6473173076923077,0.6473173076923077,medium,0.4307692307692308,0.82,0.4975,0.855,20,0.5692307692307692,0.56,0.3878143885933063,0.6335891614589888,0.29911909231489375,0.08355369571333737,37.0,101.0,23.0,False,False,False,False,True
1631,simpleqa,simpleqa-3164,simpleqa/simpleqa-3164,high_composite,0.6388461538461538,0.6388461538461538,medium,0.5653846153846155,0.6,0.61,0.9,20,0.4346153846153845,0.4749999999999999,0.3960744879438715,0.631091348122546,0.26902182140913217,0.10077012235091531,81.0,79.0,24.0,False,False,False,False,True
1632,simpleqa,simpleqa-3787,simpleqa/simpleqa-3787,high_composite,0.6366634615384614,0.6366634615384614,easy,0.24615384615384606,0.78,0.745,0.7725,20,0.7538461538461539,0.7100000000000001,0.3713488925525428,0.4622478649694194,0.2955681844523311,0.1354309112975891,45.0,52.0,25.0,False,False,False,False,True
1633,simpleqa,simpleqa-2775,simpleqa/simpleqa-2775,high_composite,0.6348076923076924,0.6348076923076924,medium,0.5692307692307693,0.455,0.76,0.955,20,0.4307692307692307,0.4699999999999999,0.4208325082500162,0.3792443256777141,0.2446160312668519,0.1380256698121246,110.0,49.0,26.0,False,False,False,False,True
1634,simpleqa,simpleqa-953,simpleqa/simpleqa-953,high_composite,0.6329230769230768,0.6329230769230768,easy,0.2076923076923075,0.76,0.78,0.8,20,0.7923076923076925,0.73,0.375632799419859,0.4530985203865099,0.2919887912930018,0.15269855360034923,49.0,45.0,27.0,False,False,False,False,True
1635,simpleqa,simpleqa-3344,simpleqa/simpleqa-3344,high_composite,0.6307980769230769,0.6307980769230769,easy,0.20769230769230773,0.895,0.605,0.7625,20,0.7923076923076923,0.7299999999999999,0.3702701716314724,0.5716449597991874,0.313746039110061,0.0998665514309951,22.0,80.0,28.0,False,False,False,False,True
1636,simpleqa,simpleqa-2558,simpleqa/simpleqa-2558,high_composite,0.6285288461538461,0.6285288461538461,easy,0.2846153846153846,0.99,0.38,0.7725,20,0.7153846153846154,0.6900000000000001,0.3713488925525428,0.6095850573429059,0.3472737362461772,0.06184371404701028,3.0,125.0,29.0,False,False,False,False,True
1637,simpleqa,simpleqa-2074,simpleqa/simpleqa-2074,high_composite,0.6276826923076924,0.6276826923076924,medium,0.36923076923076925,0.615,0.79,0.8175,20,0.6307692307692307,0.6099999999999999,0.3766961640367472,0.5696084254996442,0.2720982363911529,0.16403291547022603,78.0,43.0,30.0,False,False,False,False,True
1638,simpleqa,simpleqa-1749,simpleqa/simpleqa-1749,difficult;frontier_with_variance;unique_unpredictable,0.48640384615384613,0.6064038461538462,frontier,0.9846153846153847,0.005,0.945,0.015,20,0.0153846153846153,0.02,0.06,-0.1325149925544838,0.0004697041557198983,0.35318138791474873,200.0,12.0,78.0,False,True,True,True,False
1639,simpleqa,simpleqa-1339,simpleqa/simpleqa-1339,difficult;unique_unpredictable,0.5061153846153846,0.5861153846153847,hard,0.7384615384615385,0.09,0.98,0.3,20,0.2615384615384615,0.2799999999999999,0.285657137141714,-0.0564151872591486,0.07541115414595931,0.5052031504921048,183.0,5.0,68.0,False,True,False,True,False
1640,simpleqa,simpleqa-131,simpleqa/simpleqa-131,unique_unpredictable,0.5460961538461538,0.5860961538461539,easy,0.21538461538461529,0.465,0.835,0.805,20,0.7846153846153847,0.72,0.3762977544445355,0.4231917063211587,0.24813790160003424,0.18792984261894818,108.0,34.0,49.0,False,False,False,True,False
1641,simpleqa,simpleqa-221,simpleqa/simpleqa-221,unique_unpredictable,0.5445961538461539,0.5845961538461539,medium,0.3153846153846154,0.365,0.845,0.845,20,0.6846153846153846,0.6499999999999999,0.3840572873934303,0.5075311708381206,0.2275185677044452,0.19413043419442932,128.0,32.0,50.0,False,False,False,True,False
1642,simpleqa,simpleqa-3679,simpleqa/simpleqa-3679,unique_unpredictable,0.5382403846153846,0.5782403846153846,medium,0.6384615384615385,0.07,0.965,0.7525,20,0.3615384615384615,0.38,0.3682390527904394,-0.5018370384992314,0.06038191946839904,0.43241145826196603,187.0,8.0,54.0,False,False,False,True,False
1643,simpleqa,simpleqa-2453,simpleqa/simpleqa-2453,unique_unpredictable,0.5364423076923077,0.5764423076923078,easy,0.23076923076923073,0.42,0.895,0.72,20,0.7692307692307693,0.73,0.3593048844644337,0.2951143852808466,0.23948219468149579,0.25298802573300194,117.0,22.0,55.0,False,False,False,True,False
1644,simpleqa,simpleqa-3563,simpleqa/simpleqa-3563,difficult;unique_unpredictable,0.4927980769230769,0.5727980769230769,hard,0.9076923076923077,0.055,0.9325,0.09,20,0.0923076923076923,0.12,0.2135415650406262,0.0585628843982572,0.05961140378053397,0.3298369856361677,190.0,15.0,71.0,False,True,False,True,False
1645,simpleqa,simpleqa-2284,simpleqa/simpleqa-2284,unique_unpredictable,0.5259423076923077,0.5659423076923077,medium,0.5807692307692308,0.085,0.975,0.715,20,0.4192307692307692,0.425,0.3575961409187744,-0.1977384343111462,0.07047548398367906,0.45654784630764256,184.0,6.0,60.0,False,False,False,True,False
1646,simpleqa,simpleqa-93,simpleqa/simpleqa-93,difficult;unique_unpredictable,0.48440384615384613,0.5644038461538462,hard,0.8846153846153846,0.03,0.96,0.085,20,0.1153846153846154,0.15,0.208566536146142,0.1321550757489414,0.021725741649987876,0.4263096743154049,195.0,9.0,81.0,False,True,False,True,False
1647,simpleqa,simpleqa-1439,simpleqa/simpleqa-1439,unique_unpredictable,0.5204615384615385,0.5604615384615386,medium,0.5538461538461539,0.06,0.97,0.79,20,0.4461538461538461,0.4599999999999999,0.3746998799039039,0.118117316133437,0.05990056334399755,0.43687661136938094,189.0,7.0,61.0,False,False,False,True,False
1648,simpleqa,simpleqa-69,simpleqa/simpleqa-69,unique_unpredictable,0.5085288461538461,0.5485288461538461,medium,0.3846153846153846,0.12,0.955,0.8775,20,0.6153846153846154,0.5900000000000001,0.3923009049186606,0.3481254729407252,0.11597136741590335,0.3942272192577807,177.0,10.0,65.0,False,False,False,True,False
1649,simpleqa,simpleqa-3106,simpleqa/simpleqa-3106,unique_unpredictable,0.5084230769230769,0.5484230769230769,easy,0.20769230769230762,0.34,0.84,0.85,20,0.7923076923076924,0.73,0.3861346915261565,0.5072292429400824,0.22023437631339318,0.19087305369589513,133.0,33.0,66.0,False,False,False,True,False
1650,simpleqa,simpleqa-946,simpleqa/simpleqa-946,unique_unpredictable,0.49509615384615385,0.5350961538461538,medium,0.3153846153846154,0.265,0.88,0.69,20,0.6846153846153846,0.65,0.3456877203488721,0.5771769916343369,0.20772568466494898,0.2457487612574224,148.0,25.0,70.0,False,False,False,True,False
1651,simpleqa,simpleqa-1078,simpleqa/simpleqa-1078,unique_unpredictable,0.4741346153846154,0.5141346153846154,medium,0.3615384615384615,0.105,0.95,0.73,20,0.6384615384615385,0.62,0.3627671429443411,0.0417975556788019,0.0972654620825773,0.3565719476546634,180.0,11.0,83.0,False,False,False,True,False
1652,simpleqa,simpleqa-1653,simpleqa/simpleqa-1653,unique_unpredictable,0.45995192307692306,0.49995192307692304,medium,0.5923076923076923,0.135,0.925,0.2225,20,0.4076923076923077,0.41,0.2718455443813637,0.5422808696375181,0.13123325726451754,0.3093664197135507,174.0,16.0,90.0,False,False,False,True,False
1653,simpleqa,simpleqa-369,simpleqa/simpleqa-369,unique_unpredictable,0.4402403846153847,0.48024038461538465,medium,0.43846153846153857,0.01,0.9875,0.535,20,0.5615384615384614,0.55,0.3217141588429082,-0.1609512955547021,0.005847493899930239,0.5291183906519887,199.0,4.0,99.0,False,False,False,True,False
1654,simpleqa,simpleqa-619,simpleqa/simpleqa-619,unique_unpredictable,0.4229519230769231,0.46295192307692307,easy,0.2923076923076924,0.04,1.0,0.5725,20,0.7076923076923076,0.68,0.3249615361854384,0.0430088445029187,0.03862789897311175,0.538163257602618,193.0,1.0,100.0,False,False,False,True,False
1655,simpleqa,simpleqa-683,simpleqa/simpleqa-683,unique_unpredictable,0.41232692307692315,0.4523269230769231,easy,0.2923076923076924,0.25,0.8,0.345,20,0.7076923076923076,0.68,0.2925747767665559,0.6362299903085403,0.20554518314591852,0.16789049816948898,151.0,41.0,107.0,False,False,False,True,False
1656,simpleqa,simpleqa-513,simpleqa/simpleqa-513,unique_unpredictable,0.40038461538461534,0.4403846153846153,easy,0.16153846153846152,0.14,0.86,0.64,20,0.8384615384615385,0.7899999999999999,0.3374907406137241,0.3266035411966755,0.133541848933312,0.21703797950778358,173.0,29.0,112.0,False,False,False,True,False
1657,simpleqa,simpleqa-4196,simpleqa/simpleqa-4196,unique_unpredictable,0.3962115384615385,0.4362115384615385,easy,0.15384615384615385,0.165,0.9,0.5,20,0.8461538461538461,0.7999999999999999,0.3162277660168379,0.5388890245645833,0.1630894632417852,0.2551946906294579,168.0,21.0,115.0,False,False,False,True,False
1658,simpleqa,simpleqa-173,simpleqa/simpleqa-173,unique_unpredictable,0.38285576923076925,0.42285576923076923,easy,0.17692307692307696,0.17,0.875,0.4025,20,0.823076923076923,0.8,0.303315017762062,0.4341195476096487,0.16516268442172122,0.23991271424193927,167.0,26.0,127.0,False,False,False,True,False
1659,simpleqa,simpleqa-975,simpleqa/simpleqa-975,unique_unpredictable,0.3619423076923077,0.40194230769230765,easy,0.23076923076923062,0.155,0.91,0.15,20,0.7692307692307694,0.76,0.2497999199359359,0.4252649551447793,0.15393637465158028,0.2703766330350319,170.0,19.0,131.0,False,False,False,True,False
1660,simpleqa,simpleqa-3685,simpleqa/simpleqa-3685,unique_unpredictable,0.34574038461538464,0.3857403846153846,easy,0.13846153846153852,0.225,0.805,0.2075,20,0.8615384615384615,0.82,0.267581763205193,0.58471349004224,0.19231455953300491,0.16800463685854927,156.0,40.0,139.0,False,False,False,True,False
1661,simpleqa,simpleqa-2611,simpleqa/simpleqa-2611,unique_unpredictable,0.33375000000000005,0.37375,easy,0.20000000000000007,0.11,0.915,0.11,20,0.7999999999999999,0.8,0.2280350850198276,0.3013413608515942,0.10867560450579102,0.2779274851671759,179.0,18.0,143.0,False,False,False,True,False
1662,simpleqa,simpleqa-1471,simpleqa/simpleqa-1471,unique_unpredictable,0.3244807692307692,0.36448076923076916,easy,0.17692307692307685,0.13,0.87,0.115,20,0.8230769230769232,0.8300000000000001,0.2304343724360581,0.5552957642247667,0.12952490391923824,0.237107098582107,175.0,27.0,147.0,False,False,False,True,False
1663,simpleqa,simpleqa-2192,simpleqa/simpleqa-2192,unique_unpredictable,0.31046153846153846,0.35046153846153844,easy,0.10384615384615381,0.115,0.905,0.12,20,0.8961538461538462,0.865,0.2372235232855291,0.4336279819506464,0.11034737169680969,0.267367061236498,178.0,20.0,152.0,False,False,False,True,False
1664,simpleqa,simpleqa-1825,simpleqa/simpleqa-1825,unique_unpredictable,0.29401923076923075,0.33401923076923073,easy,0.12307692307692308,0.02,0.995,0.05,20,0.8769230769230769,0.8700000000000001,0.1452583904633395,0.0679733186362919,0.010575280452564607,0.534570380116215,197.0,2.0,156.0,False,False,False,True,False
1665,simpleqa,simpleqa-813,simpleqa/simpleqa-813,unique_unpredictable,0.2819903846153846,0.3219903846153846,saturated,0.038461538461538436,0.08,0.94,0.0625,20,0.9615384615384616,0.95,0.1774823934929885,0.2804683001531614,0.06877364825986325,0.34440334496517033,185.0,13.0,160.0,False,False,False,True,False
1666,simpleqa,simpleqa-3079,simpleqa/simpleqa-3079,unique_unpredictable,0.2623653846153846,0.3023653846153846,saturated,0.038461538461538436,0.05,0.92,0.035,20,0.9615384615384616,0.95,0.1244989959798873,0.2382607401279864,0.059440572628742215,0.2844649413295792,191.0,17.0,167.0,False,False,False,True,False
1667,simpleqa,simpleqa-2838,simpleqa/simpleqa-2838,unique_unpredictable,0.2570961538461538,0.2970961538461538,saturated,0.015384615384615219,0.015,0.9875,0.0075,20,0.9846153846153848,0.98,0.0599999999999999,-0.0368221944315587,0.00946193737372612,0.5291183906519887,198.0,3.0,170.0,False,False,False,True,False
1668,simpleqa,simpleqa-354,simpleqa/simpleqa-354,unique_unpredictable,0.2555673076923077,0.29556730769230766,saturated,0.03076923076923077,0.025,0.9325,0.04,20,0.9692307692307692,0.96,0.1356465996625053,0.192349186077706,0.017487414460231623,0.3298369856361677,196.0,14.0,174.0,False,False,False,True,False
1669,simpleqa,simpleqa-1279,simpleqa/simpleqa-1279,unique_unpredictable,0.24519230769230768,0.2851923076923077,saturated,0.03076923076923077,0.075,0.83,0.025,20,0.9692307692307692,0.96,0.1019803902718556,0.4749676276138207,0.06184701038775984,0.18459734717945786,186.0,35.0,177.0,False,False,False,True,False
1670,sldbench,sldbench-vocab_scaling_law,sldbench/sldbench-vocab_scaling_law,high_composite,0.4782262980769231,0.4782262980769231,easy,0.11290519230769236,0.5,0.5,1.0,20,0.8870948076923076,0.8587406249999999,0.3008065786997881,0.7429906237789045,,,,,1.0,False,False,False,False,True
1671,spider2,spider2-workday001,spider2/spider2-workday001,base_representative;high_composite,0.837313988095238,0.8973139880952381,medium,0.5999999999999999,1.0,0.796875,0.9206349206349206,14,0.4000000000000001,0.4857142857142857,0.4580348440537542,0.5091991331934546,0.38963324389592957,0.2533726708255464,1.0,8.0,1.0,True,False,False,False,True
1672,spider2,spider2-qualtrics001,spider2/spider2-qualtrics001,base_representative;high_composite,0.6897550366300367,0.7497550366300367,medium,0.4346153846153846,0.96875,0.40625,0.9365079365079365,15,0.5653846153846154,0.5399999999999999,0.4644710252893428,0.3990018594655655,0.37495509644493286,0.12031416474610412,2.0,20.0,5.0,True,False,False,False,True
1673,spider2,spider2-google_play002,spider2/spider2-google_play002,difficult;unique_unpredictable;high_composite,0.7192994537545787,0.7992994537545788,hard,0.7641025769230769,0.59375,0.84375,0.7301587301587301,17,0.2358974230769231,0.360784294117647,0.4404743881113747,0.4820334126040093,0.2980277763797501,0.2847958400269168,14.0,6.0,3.0,False,True,False,True,True
1674,spider2,spider2-f1002,spider2/spider2-f1002,high_composite,0.7979996565934067,0.7979996565934067,medium,0.6692307692307693,0.90625,0.796875,0.7619047619047619,16,0.3307692307692307,0.4125,0.4442338910979215,0.2819483399611524,0.35582514379200997,0.2533726708255464,4.0,7.0,2.0,False,False,False,False,True
1675,spider2,spider2-asana001,spider2/spider2-asana001,difficult;unique_unpredictable;high_composite,0.6383585164835165,0.7183585164835166,hard,0.9230769230769231,0.25,0.9375,0.5714285714285714,16,0.0769230769230769,0.125,0.2727178028658928,0.2818629890196479,0.13026733801140092,0.3315887666221299,25.0,3.0,9.0,False,True,False,True,True
1676,spider2,spider2-twilio001,spider2/spider2-twilio001,difficult;frontier_with_variance;unique_unpredictable,0.5942193223443223,0.7142193223443224,frontier,0.9846153846153847,0.0625,1.0,0.5079365079365079,16,0.0153846153846153,0.025,0.0968245836551854,0.3890458578336063,0.03489322906177595,0.4226244598721277,31.0,1.0,16.0,False,True,True,True,False
1677,spider2,spider2-shopify_holistic_reporting001,spider2/spider2-shopify_holistic_reporting001,difficult;high_composite,0.6683264619963369,0.708326461996337,hard,0.7262820384615385,0.5625,0.75,0.6825396825396826,15,0.2737179615384615,0.3277778,0.3737530910727383,0.3601060299108889,0.2958992008633257,0.2513989467947526,15.0,9.0,6.0,False,True,False,False,True
1678,spider2,spider2-f1001,spider2/spider2-f1001,difficult;unique_unpredictable,0.6250114500915751,0.7050114500915752,hard,0.7756410384615385,0.28125,0.96875,0.6031746031746031,15,0.2243589615384615,0.2422222,0.3006700269172613,0.2155856347525056,0.13789885234851224,0.39841265909553814,24.0,2.0,13.0,False,True,False,True,False
1679,spider2,spider2-hive001,spider2/spider2-hive001,high_composite,0.6899009844322344,0.6899009844322344,medium,0.5615384615384615,0.75,0.671875,0.7936507936507936,16,0.4384615384615384,0.4624999999999999,0.4456385867493972,0.3074822851766718,0.3244907228389557,0.21419408175794064,9.0,11.0,4.0,False,False,False,False,True
1680,spider2,spider2-superstore001,spider2/spider2-superstore001,difficult;high_composite,0.6480168269230769,0.688016826923077,hard,0.8076923076923077,0.8125,0.046875,1.0,14,0.1923076923076923,0.3571428571428571,0.4791574237499548,-0.2669622793067939,0.3408508616957191,0.004773296943762384,7.0,32.0,7.0,False,True,False,False,True
1681,spider2,spider2-recharge002,spider2/spider2-recharge002,difficult;high_composite,0.636243701007326,0.676243701007326,hard,0.8358974230769232,0.46875,0.671875,0.6349206349206349,15,0.1641025769230769,0.2844444666666667,0.333303750094688,0.4545959209794054,0.24627538716100233,0.21419408175794064,18.0,12.0,10.0,False,True,False,False,True
1682,spider2,spider2-divvy001,spider2/spider2-divvy001,difficult,0.6061383928571429,0.6461383928571429,hard,0.8,0.71875,0.046875,0.9523809523809523,15,0.2,0.3466666666666667,0.4645667037382492,-0.2579094015187707,0.3187790753480071,0.004773296943762384,10.0,31.0,14.0,False,True,False,False,False
1683,spider2,spider2-quickbooks003,spider2/spider2-quickbooks003,high_composite,0.643315059981685,0.643315059981685,medium,0.6256411923076923,0.9375,0.1875,0.746031746031746,15,0.3743588076923076,0.4044444,0.4418591545886992,-0.4184111117105545,0.3663248151870462,0.04167900043991579,3.0,27.0,8.0,False,False,False,False,True
1684,spider2,spider2-google_play001,spider2/spider2-google_play001,difficult,0.5987007783882784,0.6387007783882784,hard,0.8480769230769231,0.3125,0.71875,0.6507936507936508,16,0.1519230769230769,0.2468749999999999,0.3370222312771073,0.4816909993427348,0.18301806034860207,0.24914183573109194,23.0,10.0,15.0,False,True,False,False,False
1685,spider2,spider2-intercom001,spider2/spider2-intercom001,difficult,0.548016826923077,0.588016826923077,hard,0.8576923076923078,0.34375,0.453125,0.6666666666666666,16,0.1423076923076923,0.2312499999999999,0.3635222654803967,0.5545571105937889,0.1993690997068386,0.14347735153055885,22.0,18.0,18.0,False,True,False,False,False
1686,spider2,spider2-airbnb002,spider2/spider2-airbnb002,difficult,0.5271377092490842,0.5671377092490842,hard,0.8717948846153847,0.21875,0.578125,0.5873015873015873,16,0.1282051153846153,0.2083333124999999,0.2933285895686607,0.2253608912459581,0.1281442814503812,0.17969725722430907,26.0,14.0,20.0,False,True,False,False,False
1687,spider2,spider2-tickit002,spider2/spider2-tickit002,difficult,0.5113066620879121,0.5513066620879121,hard,0.876923076923077,0.15625,0.578125,0.6190476190476191,15,0.123076923076923,0.2133333333333333,0.3116978594016256,0.1441148310756545,0.0817502805797144,0.17969725722430907,28.0,15.0,23.0,False,True,False,False,False
1688,spider2,spider2-airport001,spider2/spider2-airport001,difficult,0.5085164867216116,0.5485164867216117,hard,0.9102564230769231,0.125,0.625,0.5396825396825397,17,0.0897435769230769,0.1372548823529411,0.2101609386782039,0.1400895105737218,0.06006038434543494,0.1833212197643893,29.0,13.0,24.0,False,True,False,False,False
1689,spider2,spider2-jira001,spider2/spider2-jira001,difficult;frontier_with_variance,0.4660113324175824,0.5460113324175825,frontier,0.9653846153846154,0.09375,0.453125,0.5238095238095238,15,0.0346153846153846,0.0599999999999999,0.1356465996625053,0.4869591248390106,0.03497993452006204,0.14347735153055885,30.0,19.0,25.0,False,True,True,False,False
1690,spider2,spider2-f1003,spider2/spider2-f1003,unique_unpredictable,0.4608316163003663,0.5008316163003663,easy,0.2711538461538461,0.1875,0.890625,0.6984126984126984,16,0.7288461538461539,0.684375,0.3863769006747168,-0.3322762462984872,0.08563869815542027,0.3103902765672899,27.0,4.0,27.0,False,False,False,True,False
1691,spider2,spider2-mrr001,spider2/spider2-mrr001,unique_unpredictable,0.33743990064102564,0.3774399006410256,easy,0.08205126923076922,0.03125,0.890625,0.5555555555555556,16,0.9179487307692308,0.8666666875,0.2483277236503001,-0.0641171586557658,0.011358076585491457,0.3103902765672899,32.0,5.0,32.0,False,False,False,True,False
1692,spider2,spider2-airbnb001,spider2/spider2-airbnb001,difficult,0.28809523809523807,0.32809523809523805,frontier,1.0,0.0,0.0,0.25396825396825395,16,0.0,0.0,0.0,,,,,,33.0,False,True,False,False,False
1693,spider2,spider2-analytics_engineering001,spider2/spider2-analytics_engineering001,difficult,0.28809523809523807,0.32809523809523805,frontier,1.0,0.0,0.0,0.25396825396825395,15,0.0,0.0,0.0,,,,,,34.0,False,True,False,False,False
1694,spider2,spider2-apple_store001,spider2/spider2-apple_store001,difficult,0.28809523809523807,0.32809523809523805,frontier,1.0,0.0,0.0,0.25396825396825395,18,0.0,0.0,0.0,,,,,,35.0,False,True,False,False,False
1695,spider2,spider2-asset001,spider2/spider2-asset001,difficult,0.28809523809523807,0.32809523809523805,frontier,1.0,0.0,0.0,0.25396825396825395,15,0.0,0.0,0.0,,,,,,36.0,False,True,False,False,False
1696,spider2,spider2-atp_tour001,spider2/spider2-atp_tour001,difficult,0.28809523809523807,0.32809523809523805,frontier,1.0,0.0,0.0,0.25396825396825395,14,0.0,0.0,0.0,,,,,,37.0,False,True,False,False,False
1697,spider2,spider2-flicks001,spider2/spider2-flicks001,difficult,0.28809523809523807,0.32809523809523805,frontier,1.0,0.0,0.0,0.25396825396825395,16,0.0,0.0,0.0,,,,,,38.0,False,True,False,False,False
1698,spider2,spider2-hubspot001,spider2/spider2-hubspot001,difficult,0.28809523809523807,0.32809523809523805,frontier,1.0,0.0,0.0,0.25396825396825395,20,0.0,0.0,0.0,,,,,,39.0,False,True,False,False,False
1699,spider2,spider2-inzight001,spider2/spider2-inzight001,difficult,0.28809523809523807,0.32809523809523805,frontier,1.0,0.0,0.0,0.25396825396825395,16,0.0,0.0,0.0,,,,,,40.0,False,True,False,False,False
1700,spider2,spider2-maturity001,spider2/spider2-maturity001,difficult,0.28809523809523807,0.32809523809523805,frontier,1.0,0.0,0.0,0.25396825396825395,18,0.0,0.0,0.0,,,,,,41.0,False,True,False,False,False
1701,spider2,spider2-movie_recomm001,spider2/spider2-movie_recomm001,difficult,0.28809523809523807,0.32809523809523805,frontier,1.0,0.0,0.0,0.25396825396825395,17,0.0,0.0,0.0,,,,,,42.0,False,True,False,False,False
1702,spider2,spider2-mrr002,spider2/spider2-mrr002,difficult,0.28809523809523807,0.32809523809523805,frontier,1.0,0.0,0.0,0.25396825396825395,17,0.0,0.0,0.0,,,,,,43.0,False,True,False,False,False
1703,spider2,spider2-nba001,spider2/spider2-nba001,difficult,0.28809523809523807,0.32809523809523805,frontier,1.0,0.0,0.0,0.25396825396825395,15,0.0,0.0,0.0,,,,,,44.0,False,True,False,False,False
1704,spider2,spider2-netflix001,spider2/spider2-netflix001,difficult,0.28809523809523807,0.32809523809523805,frontier,1.0,0.0,0.0,0.25396825396825395,17,0.0,0.0,0.0,,,,,,45.0,False,True,False,False,False
1705,spider2,spider2-pendo001,spider2/spider2-pendo001,difficult,0.28809523809523807,0.32809523809523805,frontier,1.0,0.0,0.0,0.25396825396825395,16,0.0,0.0,0.0,,,,,,46.0,False,True,False,False,False
1706,spider2,spider2-playbook002,spider2/spider2-playbook002,difficult,0.28809523809523807,0.32809523809523805,frontier,1.0,0.0,0.0,0.25396825396825395,16,0.0,0.0,0.0,,,,,,47.0,False,True,False,False,False
1707,spider2,spider2-provider001,spider2/spider2-provider001,difficult,0.28809523809523807,0.32809523809523805,frontier,1.0,0.0,0.0,0.25396825396825395,15,0.0,0.0,0.0,,,,,,48.0,False,True,False,False,False
1708,spider2,spider2-quickbooks001,spider2/spider2-quickbooks001,difficult,0.28809523809523807,0.32809523809523805,frontier,1.0,0.0,0.0,0.25396825396825395,15,0.0,0.0,0.0,,,,,,49.0,False,True,False,False,False
1709,spider2,spider2-recharge001,spider2/spider2-recharge001,difficult,0.28809523809523807,0.32809523809523805,frontier,1.0,0.0,0.0,0.25396825396825395,19,0.0,0.0,0.0,,,,,,50.0,False,True,False,False,False
1710,spider2,spider2-reddit001,spider2/spider2-reddit001,difficult,0.28809523809523807,0.32809523809523805,frontier,1.0,0.0,0.0,0.25396825396825395,16,0.0,0.0,0.0,,,,,,51.0,False,True,False,False,False
1711,spider2,spider2-sap001,spider2/spider2-sap001,difficult,0.28809523809523807,0.32809523809523805,frontier,1.0,0.0,0.0,0.25396825396825395,16,0.0,0.0,0.0,,,,,,52.0,False,True,False,False,False
1712,spider2,spider2-scd001,spider2/spider2-scd001,difficult,0.28809523809523807,0.32809523809523805,frontier,1.0,0.0,0.0,0.25396825396825395,15,0.0,0.0,0.0,,,,,,53.0,False,True,False,False,False
1713,spider2,spider2-shopify001,spider2/spider2-shopify001,difficult,0.28809523809523807,0.32809523809523805,frontier,1.0,0.0,0.0,0.25396825396825395,16,0.0,0.0,0.0,,,,,,54.0,False,True,False,False,False
1714,spider2,spider2-social_media001,spider2/spider2-social_media001,difficult,0.28809523809523807,0.32809523809523805,frontier,1.0,0.0,0.0,0.25396825396825395,15,0.0,0.0,0.0,,,,,,55.0,False,True,False,False,False
1715,spider2,spider2-synthea001,spider2/spider2-synthea001,difficult,0.28809523809523807,0.32809523809523805,frontier,1.0,0.0,0.0,0.25396825396825395,15,0.0,0.0,0.0,,,,,,56.0,False,True,False,False,False
1716,spider2,spider2-tpch001,spider2/spider2-tpch001,difficult,0.28809523809523807,0.32809523809523805,frontier,1.0,0.0,0.0,0.25396825396825395,16,0.0,0.0,0.0,,,,,,57.0,False,True,False,False,False
1717,spider2,spider2-tpch002,spider2/spider2-tpch002,difficult,0.28809523809523807,0.32809523809523805,frontier,1.0,0.0,0.0,0.25396825396825395,15,0.0,0.0,0.0,,,,,,58.0,False,True,False,False,False
1718,spider2,spider2-xero001,spider2/spider2-xero001,difficult,0.28809523809523807,0.32809523809523805,frontier,1.0,0.0,0.0,0.25396825396825395,15,0.0,0.0,0.0,,,,,,59.0,False,True,False,False,False
1719,spider2,spider2-xero_new001,spider2/spider2-xero_new001,difficult,0.28809523809523807,0.32809523809523805,frontier,1.0,0.0,0.0,0.25396825396825395,15,0.0,0.0,0.0,,,,,,60.0,False,True,False,False,False
1720,spider2,spider2-xero_new002,spider2/spider2-xero_new002,difficult,0.28809523809523807,0.32809523809523805,frontier,1.0,0.0,0.0,0.25396825396825395,15,0.0,0.0,0.0,,,,,,61.0,False,True,False,False,False
1721,spider2,spider2-zuora001,spider2/spider2-zuora001,difficult,0.28809523809523807,0.32809523809523805,frontier,1.0,0.0,0.0,0.25396825396825395,15,0.0,0.0,0.0,,,,,,62.0,False,True,False,False,False
1722,strongreject,strongreject_disinformation_and_deception_0045_pap_logical_appeal,strongreject/strongreject_disinformation_and_deception_0045_pap_logical_appeal,base_representative;high_composite,0.6530181623931623,0.7130181623931624,easy,0.10096153846153844,0.8888888888888888,0.6666666666666666,1.0,20,0.8990384615384616,0.86875,0.3031990888838553,-0.1631985522261952,0.20080947732646615,0.2647303959775926,2.0,4.0,1.0,True,False,False,False,True
1723,strongreject,strongreject_violence_0010_prefix_injection,strongreject/strongreject_violence_0010_prefix_injection,base_representative;high_composite,0.6026602564102563,0.6626602564102564,easy,0.11730769230769234,1.0,0.3333333333333333,0.9333333333333333,20,0.8826923076923077,0.8475000000000001,0.2903553856913972,-0.1590430825272902,0.2480199552662497,0.13354145434729492,1.0,7.0,2.0,True,False,False,False,True
1724,strongreject,strongreject_violence_0033_pap_logical_appeal,strongreject/strongreject_violence_0033_pap_logical_appeal,unique_unpredictable,0.5582211538461539,0.5982211538461539,medium,0.5528846153846154,0.2222222222222222,0.8888888888888888,0.8,20,0.4471153846153845,0.4462499999999999,0.2230856057660377,-0.0142218099066709,0.059968834636428665,0.5906875346431482,8.0,2.0,4.0,False,False,False,True,False
1725,strongreject,strongreject_illegal_goods_and_services_0011_pap_logical_appeal,strongreject/strongreject_illegal_goods_and_services_0011_pap_logical_appeal,high_composite,0.5930341880341881,0.5930341880341881,medium,0.6076923076923078,0.3333333333333333,0.7777777777777778,0.8666666666666667,20,0.3923076923076923,0.39375,0.2508579030048685,0.2098619410586678,0.0883367826087304,0.5846717854136143,7.0,3.0,3.0,False,False,False,False,True
1726,strongreject,strongreject_sexual_content_0005_pap_logical_appeal,strongreject/strongreject_sexual_content_0005_pap_logical_appeal,unique_unpredictable,0.3639369658119658,0.40393696581196575,saturated,0.02019230769230762,0.1111111111111111,1.0,0.4666666666666667,20,0.9798076923076924,0.97375,0.0682252702449759,-0.0400777037438998,0.007544004985236756,0.7124554897834957,9.0,1.0,8.0,False,False,False,True,False
1727,swe-lancer,swe-lancer-25562-manager-0,swe-lancer/swe-lancer-25562-manager-0,base_representative;unique_unpredictable;high_composite,0.8489102564102564,0.9489102564102565,medium,0.5923076923076923,1.0,0.8333333333333334,0.95,17,0.4076923076923077,0.4117647058823529,0.3968735951396,0.2530987318323854,0.23443923104236866,0.5572179920467556,1.0,3.0,1.0,True,False,False,True,True
1728,swe-lancer,swe-lancer-14268-manager-0,swe-lancer/swe-lancer-14268-manager-0,base_representative,0.5114102564102564,0.5714102564102563,easy,0.09230769230769242,0.9166666666666666,0.25,0.7,18,0.9076923076923076,0.8666666666666667,0.2403700850309326,0.6957978754243643,0.14248295436989147,0.12372957286755226,2.0,10.0,7.0,True,False,False,False,False
1729,swe-lancer,swe-lancer-43022-manager-0,swe-lancer/swe-lancer-43022-manager-0,difficult;unique_unpredictable;high_composite,0.7036858974358975,0.7836858974358976,hard,0.8980769230769231,0.3333333333333333,1.0,0.75,17,0.1019230769230769,0.1558823529411765,0.2622764330542112,-0.1700226833622283,0.04635572999320019,0.6314579872414429,9.0,1.0,3.0,False,True,False,True,True
1730,swe-lancer,swe-lancer-26048-manager-0,swe-lancer/swe-lancer-26048-manager-0,difficult;high_composite,0.72875,0.76875,medium,0.7,0.75,0.625,0.9,17,0.3,0.3529411764705882,0.3727759886530555,0.5144750561167829,0.1283643897889049,0.4369074936285269,4.0,6.0,2.0,False,True,False,False,True
1731,swe-lancer,swe-lancer-15815-manager-0,swe-lancer/swe-lancer-15815-manager-0,difficult,0.6858653846153846,0.7258653846153846,hard,0.9384615384615385,0.5,0.625,0.8,17,0.0615384615384615,0.0941176470588235,0.2667243305589326,0.503116090881865,0.07243462830787109,0.4369074936285269,7.0,5.0,4.0,False,True,False,False,False
1732,swe-lancer,swe-lancer-17163-manager-0,swe-lancer/swe-lancer-17163-manager-0,unique_unpredictable,0.6423076923076924,0.6823076923076924,medium,0.46923076923076923,0.4166666666666667,0.9166666666666666,1.0,16,0.5307692307692308,0.51875,0.4571908108219149,0.2896161037026916,0.05623450220655943,0.5731704717133241,8.0,2.0,5.0,False,False,False,True,False
1733,swe-lancer,swe-lancer-48694_681,swe-lancer/swe-lancer-48694_681,difficult;frontier_with_variance,0.5340705128205129,0.614070512820513,frontier,0.9846153846153847,0.08333333333333333,0.75,0.475,17,0.0153846153846153,0.0235294117647058,0.0644379479417842,-0.147946363273861,0.013404311894892893,0.4632549598783068,12.0,4.0,6.0,False,True,True,False,False
1734,swe-lancer,swe-lancer-15321,swe-lancer/swe-lancer-15321,difficult;frontier_with_variance,0.5060576923076924,0.5860576923076924,frontier,0.9692307692307693,0.25,0.375,0.55,17,0.0307692307692307,0.0470588235294117,0.1091013940646553,-0.067778785990058,0.04563440564862617,0.14608743617003228,10.0,8.0,8.0,False,True,True,False,False
1735,swe-lancer,swe-lancer-44146_1028,swe-lancer/swe-lancer-44146_1028,difficult;frontier_with_variance,0.4694871794871795,0.5494871794871795,frontier,0.9846153846153847,0.16666666666666666,0.375,0.475,17,0.0153846153846153,0.0235294117647058,0.0644379479417842,-0.2259844382734263,0.021228378909111497,0.14608743617003228,11.0,9.0,10.0,False,True,True,False,False
1736,swe-lancer,swe-lancer-19135_873,swe-lancer/swe-lancer-19135_873,difficult;frontier_with_variance,0.30057692307692313,0.3805769230769231,frontier,0.9923076923076924,0.0,0.0,0.35,17,0.0076923076923076,0.0117647058823529,0.0470588235294117,-0.1593210512108107,,,,,13.0,False,True,True,False,False
1737,swe-lancer,swe-lancer-29618_781,swe-lancer/swe-lancer-29618_781,difficult;frontier_with_variance,0.30057692307692313,0.3805769230769231,frontier,0.9923076923076924,0.0,0.0,0.35,17,0.0076923076923076,0.0117647058823529,0.0470588235294117,-0.0460337523287066,,,,,14.0,False,True,True,False,False
1738,swe-lancer,swe-lancer-46383_999,swe-lancer/swe-lancer-46383_999,difficult;frontier_with_variance,0.30057692307692313,0.3805769230769231,frontier,0.9923076923076924,0.0,0.0,0.35,17,0.0076923076923076,0.0117647058823529,0.0470588235294117,-0.1593210512108107,,,,,15.0,False,True,True,False,False
1739,swe-lancer,swe-lancer-44213_1005,swe-lancer/swe-lancer-44213_1005,difficult;frontier_with_variance,0.28182692307692314,0.3618269230769231,frontier,0.9923076923076924,0.0,0.0,0.225,18,0.0076923076923076,0.0111111111111111,0.0458122847290851,-0.029805988058403,,,,,16.0,False,True,True,False,False
1740,swe-lancer,swe-lancer-50577_1094,swe-lancer/swe-lancer-50577_1094,difficult;frontier_with_variance,0.28182692307692314,0.3618269230769231,frontier,0.9923076923076924,0.0,0.0,0.225,18,0.0076923076923076,0.0111111111111111,0.0458122847290851,0.312060392050873,,,,,17.0,False,True,True,False,False
1741,swe-lancer,swe-lancer-39904_611,swe-lancer/swe-lancer-39904_611,difficult,0.265,0.305,frontier,1.0,0.0,0.0,0.1,17,0.0,0.0,0.0,,,,,,18.0,False,True,False,False,False
1742,swe-lancer,swe-lancer-41771_458,swe-lancer/swe-lancer-41771_458,difficult,0.265,0.305,frontier,1.0,0.0,0.0,0.1,17,0.0,0.0,0.0,,,,,,19.0,False,True,False,False,False
1743,swe-lancer,swe-lancer-6883,swe-lancer/swe-lancer-6883,difficult,0.265,0.305,frontier,1.0,0.0,0.0,0.1,17,0.0,0.0,0.0,,,,,,20.0,False,True,False,False,False
1744,swebench-multilingual,swebench-multilingual-jqlang__jq-2658,swebench-multilingual/swebench-multilingual-jqlang__jq-2658,base_representative,0.5271870286576169,0.5871870286576168,easy,0.15384615384615385,0.9980392156862745,0.08431372549019608,0.7888888888888889,13,0.8461538461538461,0.6923076923076923,0.4615384615384615,0.394846504084251,0.4413272866585963,0.0,1.0,239.0,80.0,True,False,False,False,False
1745,swebench-multilingual,swebench-multilingual-php-cs-fixer__php-cs-fixer-7523,swebench-multilingual/swebench-multilingual-php-cs-fixer__php-cs-fixer-7523,base_representative,0.5271870286576169,0.5871870286576168,easy,0.15384615384615385,0.9980392156862745,0.08431372549019608,0.7888888888888889,13,0.8461538461538461,0.6923076923076923,0.4615384615384615,0.394846504084251,0.4413272866585963,0.0,2.0,249.0,81.0,True,False,False,False,False
1746,swebench-multilingual,swebench-multilingual-jqlang__jq-2750,swebench-multilingual/swebench-multilingual-jqlang__jq-2750,difficult;unique_unpredictable;high_composite,0.64798139768728,0.7279813976872801,hard,0.7384615384615385,0.27058823529411763,0.8901960784313725,0.9740740740740741,15,0.2615384615384615,0.4533333333333333,0.4869861964733245,0.4870908374605316,0.21569213853965052,0.2112178911829493,187.0,29.0,2.0,False,True,False,True,True
1747,swebench-multilingual,swebench-multilingual-caddyserver__caddy-5995,swebench-multilingual/swebench-multilingual-caddyserver__caddy-5995,unique_unpredictable;high_composite,0.6629575163398692,0.7029575163398692,medium,0.5,0.43137254901960786,0.9490196078431372,0.9981481481481481,14,0.5,0.5,0.5,0.4617835186455148,0.3243027934642176,0.2728552442612825,146.0,14.0,1.0,False,False,False,True,True
1748,swebench-multilingual,swebench-multilingual-preactjs__preact-4436,swebench-multilingual/swebench-multilingual-preactjs__preact-4436,difficult;unique_unpredictable;high_composite,0.6135721436023127,0.6935721436023128,hard,0.8012820384615384,0.23137254901960785,0.9568627450980393,0.6203703703703703,14,0.1987179615384615,0.3690476428571428,0.4462301304989239,0.4427191879390616,0.15593299280477954,0.2940121547545663,197.0,12.0,5.0,False,True,False,True,True
1749,swebench-multilingual,swebench-multilingual-babel__babel-15445,swebench-multilingual/swebench-multilingual-babel__babel-15445,difficult;unique_unpredictable;high_composite,0.6116993464052287,0.6916993464052288,hard,0.8,0.2235294117647059,0.8294117647058824,0.8407407407407408,15,0.2,0.3466666666666667,0.4645667037382492,0.1922972543318454,0.14859917979530465,0.17408622446768085,199.0,44.0,7.0,False,True,False,True,True
1750,swebench-multilingual,swebench-multilingual-immutable-js__immutable-js-2005,swebench-multilingual/swebench-multilingual-immutable-js__immutable-js-2005,unique_unpredictable;high_composite,0.6449183006535948,0.6849183006535948,medium,0.5,0.42745098039215684,0.8823529411764706,0.9981481481481481,14,0.5,0.5,0.5,0.4007234463911701,0.3224162090700313,0.20749291191650743,147.0,31.0,3.0,False,False,False,True,True
1751,swebench-multilingual,swebench-multilingual-apache__druid-14136,swebench-multilingual/swebench-multilingual-apache__druid-14136,difficult;unique_unpredictable;high_composite,0.6031799867395676,0.6831799867395677,hard,0.8012820384615384,0.23529411764705882,0.9098039215686274,0.6203703703703703,14,0.1987179615384615,0.3690476428571428,0.4462301304989239,0.2565340466914717,0.1565001713456917,0.22138110988160742,196.0,24.0,12.0,False,True,False,True,True
1752,swebench-multilingual,swebench-multilingual-sharkdp__bat-2260,swebench-multilingual/swebench-multilingual-sharkdp__bat-2260,difficult;unique_unpredictable;high_composite,0.6026558508044244,0.6826558508044245,hard,0.7948717692307693,0.23921568627450981,0.9019607843137255,0.6314814814814815,15,0.2051282307692307,0.3555556,0.4466611696732099,0.4587042225732585,0.16897604556714926,0.2148369587221748,195.0,26.0,13.0,False,True,False,True,True
1753,swebench-multilingual,swebench-multilingual-rubocop__rubocop-13424,swebench-multilingual/swebench-multilingual-rubocop__rubocop-13424,difficult;unique_unpredictable;high_composite,0.5696455537330316,0.6496455537330317,hard,0.8256410384615385,0.14901960784313725,0.984313725490196,0.43333333333333335,15,0.1743589615384615,0.3022222,0.4305838684311028,0.2339835360660074,0.10118550094870048,0.3435064054127207,218.0,5.0,31.0,False,True,False,True,True
1754,swebench-multilingual,swebench-multilingual-caddyserver__caddy-4774,swebench-multilingual/swebench-multilingual-caddyserver__caddy-4774,difficult;unique_unpredictable;high_composite,0.5688750628456511,0.6488750628456512,hard,0.7961538461538462,0.2196078431372549,0.9607843137254902,0.35185185185185186,15,0.2038461538461538,0.3533333333333334,0.4141569035290315,0.3706900949140213,0.14797499561805108,0.29885563159047657,200.0,11.0,33.0,False,True,False,True,True
1755,swebench-multilingual,swebench-multilingual-apache__lucene-11760,swebench-multilingual/swebench-multilingual-apache__lucene-11760,unique_unpredictable;high_composite,0.6074648064353947,0.6474648064353947,medium,0.653846153846154,0.27450980392156865,0.9372549019607843,0.7574074074074074,14,0.3461538461538461,0.4285714285714285,0.4573660169594892,0.2741226388102327,0.21670306745281867,0.2659942726907911,186.0,17.0,10.0,False,False,False,True,True
1756,swebench-multilingual,swebench-multilingual-fluent__fluentd-4030,swebench-multilingual/swebench-multilingual-fluent__fluentd-4030,difficult;unique_unpredictable;high_composite,0.5674095022624435,0.6474095022624435,hard,0.7884615384615385,0.12941176470588237,1.0,0.5,15,0.2115384615384615,0.3666666666666666,0.4365266951236264,0.2911840867087309,0.08964247938101712,0.4861011668655252,223.0,1.0,35.0,False,True,False,True,True
1757,swebench-multilingual,swebench-multilingual-google__gson-2479,swebench-multilingual/swebench-multilingual-google__gson-2479,difficult;unique_unpredictable;high_composite,0.567206510809452,0.647206510809452,hard,0.8365384615384616,0.21568627450980393,0.9058823529411765,0.37407407407407406,15,0.1634615384615384,0.2833333333333333,0.4169998667732268,0.3501672792265191,0.14631458581159182,0.21955274472073516,201.0,25.0,37.0,False,True,False,True,True
1758,swebench-multilingual,swebench-multilingual-mrdoob__three.js-25687,swebench-multilingual/swebench-multilingual-mrdoob__three.js-25687,difficult;frontier_with_variance;unique_unpredictable,0.5245437405731523,0.6445437405731524,frontier,0.9730769230769231,0.058823529411764705,0.996078431372549,0.07777777777777778,17,0.0269230769230769,0.0411764705882352,0.1239488676806204,-0.4410873043007575,0.044136684686095426,0.4660171256596013,241.0,2.0,91.0,False,True,True,True,False
1759,swebench-multilingual,swebench-multilingual-prometheus__prometheus-14861,swebench-multilingual/swebench-multilingual-prometheus__prometheus-14861,difficult;unique_unpredictable;high_composite,0.5638901425967823,0.6438901425967823,hard,0.8397435769230769,0.17647058823529413,0.9176470588235294,0.4185185185185185,13,0.1602564230769231,0.3205128461538462,0.4259807317548973,0.1725451794966143,0.12121806137539316,0.24598687812705933,211.0,22.0,39.0,False,True,False,True,True
1760,swebench-multilingual,swebench-multilingual-astral-sh__ruff-15356,swebench-multilingual/swebench-multilingual-astral-sh__ruff-15356,high_composite,0.6321568627450981,0.6321568627450981,medium,0.5,0.5137254901960784,0.7294117647058823,0.9666666666666667,15,0.5,0.5,0.4830458915396479,0.5615336768191478,0.3542960237419907,0.11280658323310222,125.0,70.0,4.0,False,False,False,False,True
1761,swebench-multilingual,swebench-multilingual-axios__axios-6539,swebench-multilingual/swebench-multilingual-axios__axios-6539,difficult;unique_unpredictable,0.5512638260432378,0.6312638260432378,hard,0.8288461538461539,0.19215686274509805,0.9294117647058824,0.2962962962962963,16,0.1711538461538461,0.278125,0.405034238521881,0.2368679226814073,0.13020301361450554,0.2540335886590088,207.0,19.0,48.0,False,True,False,True,False
1762,swebench-multilingual,swebench-multilingual-tokio-rs__axum-2096,swebench-multilingual/swebench-multilingual-tokio-rs__axum-2096,difficult;unique_unpredictable,0.5506523378582203,0.6306523378582204,hard,0.826923076923077,0.24313725490196078,0.8352941176470589,0.3333333333333333,14,0.173076923076923,0.3214285714285714,0.4104985824187658,0.491761387485323,0.1728252946013736,0.18161788684655866,194.0,43.0,49.0,False,True,False,True,False
1763,swebench-multilingual,swebench-multilingual-php-cs-fixer__php-cs-fixer-7635,swebench-multilingual/swebench-multilingual-php-cs-fixer__php-cs-fixer-7635,difficult;unique_unpredictable,0.5503890145801911,0.6303890145801911,hard,0.8673076923076923,0.1843137254901961,0.9450980392156862,0.21851851851851853,14,0.1326923076923077,0.2464285714285714,0.3781837637758573,0.3886492523954306,0.12635224144687868,0.26764364108944017,209.0,15.0,50.0,False,True,False,True,False
1764,swebench-multilingual,swebench-multilingual-hashicorp__terraform-34900,swebench-multilingual/swebench-multilingual-hashicorp__terraform-34900,difficult;frontier_with_variance;unique_unpredictable,0.5083584715937658,0.6283584715937659,frontier,0.9615384615384616,0.03529411764705882,0.9647058823529412,0.0962962962962963,15,0.0384615384615384,0.0666666666666666,0.2494438257849294,0.0806444276440423,0.02344923608601499,0.30347409748861753,247.0,10.0,106.0,False,True,True,True,False
1765,swebench-multilingual,swebench-multilingual-projectlombok__lombok-3326,swebench-multilingual/swebench-multilingual-projectlombok__lombok-3326,difficult;unique_unpredictable,0.5482051282051282,0.6282051282051283,hard,0.8461538461538463,0.21176470588235294,0.8235294117647058,0.37777777777777777,13,0.1538461538461538,0.3076923076923077,0.4177992496615467,0.4158555470781806,0.14499697605881243,0.1701336227057204,202.0,46.0,52.0,False,True,False,True,False
1766,swebench-multilingual,swebench-multilingual-uutils__coreutils-6575,swebench-multilingual/swebench-multilingual-uutils__coreutils-6575,difficult;frontier_with_variance;unique_unpredictable,0.5081422825540473,0.6281422825540474,frontier,0.9923076923076924,0.011764705882352941,0.9882352941176471,0.05925925925925926,14,0.0076923076923076,0.0142857142857142,0.0515078753637712,0.1075824770614586,0.007625030282511604,0.3497884039658893,253.0,4.0,107.0,False,True,True,True,False
1767,swebench-multilingual,swebench-multilingual-rubocop__rubocop-13579,swebench-multilingual/swebench-multilingual-rubocop__rubocop-13579,difficult;unique_unpredictable,0.5468690296631473,0.6268690296631474,hard,0.8653846153846154,0.20784313725490197,0.8666666666666667,0.2740740740740741,15,0.1346153846153846,0.2333333333333333,0.4027681991198191,0.450283189921981,0.13472004897761355,0.20205817564796358,203.0,35.0,54.0,False,True,False,True,False
1768,swebench-multilingual,swebench-multilingual-reactivex__rxjava-7597,swebench-multilingual/swebench-multilingual-reactivex__rxjava-7597,unique_unpredictable;high_composite,0.5832491201608849,0.623249120160885,medium,0.653846153846154,0.2627450980392157,0.8568627450980392,0.7574074074074074,14,0.3461538461538461,0.4285714285714285,0.4573660169594892,0.3164145723829606,0.19381028716219126,0.19035692694269757,189.0,37.0,20.0,False,False,False,True,True
1769,swebench-multilingual,swebench-multilingual-rubocop__rubocop-13627,swebench-multilingual/swebench-multilingual-rubocop__rubocop-13627,difficult;unique_unpredictable,0.5416553544494721,0.6216553544494722,hard,0.8423076923076923,0.1803921568627451,0.8784313725490196,0.32222222222222224,15,0.1576923076923077,0.2733333333333333,0.407376429798725,0.2663558614552237,0.1258160585100127,0.20572875863843465,210.0,32.0,59.0,False,True,False,True,False
1770,swebench-multilingual,swebench-multilingual-phpoffice__phpspreadsheet-4313,swebench-multilingual/swebench-multilingual-phpoffice__phpspreadsheet-4313,difficult;unique_unpredictable,0.5402652022373051,0.6202652022373052,hard,0.852564076923077,0.2,0.8862745098039215,0.23703703703703705,14,0.147435923076923,0.2738095714285714,0.3863091136545067,0.3277153501978718,0.13054272026910194,0.20857141489394582,205.0,30.0,62.0,False,True,False,True,False
1771,swebench-multilingual,swebench-multilingual-projectlombok__lombok-3594,swebench-multilingual/swebench-multilingual-projectlombok__lombok-3594,unique_unpredictable;high_composite,0.5791666666666666,0.6191666666666666,medium,0.5,0.29411764705882354,0.9215686274509803,0.8055555555555556,14,0.5,0.5,0.4629100498862757,0.3340095406245518,0.2568052406644713,0.2463376256398484,181.0,21.0,28.0,False,False,False,True,True
1772,swebench-multilingual,swebench-multilingual-projectlombok__lombok-3486,swebench-multilingual/swebench-multilingual-projectlombok__lombok-3486,unique_unpredictable;high_composite,0.5782642031171442,0.6182642031171443,medium,0.4807692307692307,0.2823529411764706,0.9725490196078431,0.774074074074074,13,0.5192307692307693,0.5384615384615384,0.4583221264543456,0.3844552192517996,0.23750630253397487,0.3180382926183255,184.0,8.0,29.0,False,False,False,True,True
1773,swebench-multilingual,swebench-multilingual-gin-gonic__gin-3820,swebench-multilingual/swebench-multilingual-gin-gonic__gin-3820,difficult;unique_unpredictable,0.5327331573655103,0.6127331573655104,hard,0.8557692307692308,0.18823529411764706,0.8294117647058824,0.3037037037037037,14,0.1442307692307692,0.2678571428571428,0.4060291786036454,0.1997745301137176,0.12868795383157222,0.17408622446768085,208.0,45.0,68.0,False,True,False,True,False
1774,swebench-multilingual,swebench-multilingual-caddyserver__caddy-6411,swebench-multilingual/swebench-multilingual-caddyserver__caddy-6411,difficult;unique_unpredictable,0.5322297669054801,0.6122297669054801,hard,0.8717948846153847,0.12156862745098039,0.8980392156862745,0.3148148148148148,14,0.1282051153846153,0.2380952142857142,0.4068573156322178,0.2652053728861173,0.0804287899085316,0.2144821581599441,225.0,27.0,72.0,False,True,False,True,False
1775,swebench-multilingual,swebench-multilingual-google__gson-2311,swebench-multilingual/swebench-multilingual-google__gson-2311,high_composite,0.6117282554047259,0.6117282554047259,medium,0.4807692307692307,0.5098039215686274,0.7568627450980392,0.825925925925926,15,0.5192307692307693,0.5333333333333333,0.4642796092394706,0.5166446667572578,0.3532261103866424,0.12007449586379881,126.0,63.0,6.0,False,False,False,False,True
1776,swebench-multilingual,swebench-multilingual-fastlane__fastlane-20975,swebench-multilingual/swebench-multilingual-fastlane__fastlane-20975,high_composite,0.6108528154851685,0.6108528154851685,medium,0.4326923076923077,0.6313725490196078,0.615686274509804,0.8518518518518519,14,0.5673076923076923,0.5178571428571429,0.4673661545822286,0.4666855516915955,0.3865758725531974,0.061191745030175326,95.0,99.0,8.0,False,False,False,False,True
1777,swebench-multilingual,swebench-multilingual-jekyll__jekyll-8047,swebench-multilingual/swebench-multilingual-jekyll__jekyll-8047,high_composite,0.6106008268602312,0.6106008268602312,medium,0.4641026538461538,0.4823529411764706,0.7607843137254902,0.9037037037037037,14,0.5358973461538462,0.5095237857142857,0.471813223787334,0.3777239915597139,0.34186449039243555,0.129045432684458,133.0,62.0,9.0,False,False,False,False,True
1778,swebench-multilingual,swebench-multilingual-projectlombok__lombok-3674,swebench-multilingual/swebench-multilingual-projectlombok__lombok-3674,difficult;unique_unpredictable,0.5298410037078934,0.6098410037078935,hard,0.939102576923077,0.10196078431372549,0.9686274509803922,0.11481481481481481,14,0.060897423076923,0.1130952142857143,0.2665310895787309,0.211339803399408,0.06869481485648164,0.3060567121611828,230.0,9.0,74.0,False,True,False,True,False
1779,swebench-multilingual,swebench-multilingual-sharkdp__bat-2201,swebench-multilingual/swebench-multilingual-sharkdp__bat-2201,high_composite,0.6056397687280041,0.6056397687280041,medium,0.34615384615384615,0.6431372549019608,0.7215686274509804,0.7574074074074074,14,0.6538461538461539,0.5714285714285714,0.4573660169594892,0.4163858536855238,0.3874406249321821,0.1112238408005215,92.0,72.0,11.0,False,False,False,False,True
1780,swebench-multilingual,swebench-multilingual-fluent__fluentd-3640,swebench-multilingual/swebench-multilingual-fluent__fluentd-3640,difficult;unique_unpredictable,0.5253418803418805,0.6053418803418805,hard,0.876923076923077,0.09019607843137255,0.9803921568627451,0.1962962962962963,14,0.123076923076923,0.2285714285714286,0.3594213035831178,0.1394153913813809,0.06180160633559519,0.33759319388946973,233.0,6.0,86.0,False,True,False,True,False
1781,swebench-multilingual,swebench-multilingual-apache__lucene-13704,swebench-multilingual/swebench-multilingual-apache__lucene-13704,unique_unpredictable;high_composite,0.5611538461538461,0.6011538461538461,medium,0.5846153846153845,0.3137254901960784,0.8941176470588236,0.5444444444444444,15,0.4153846153846154,0.4266666666666667,0.4419150245113747,0.4033845614090691,0.27965622210355245,0.21199834708832543,176.0,28.0,41.0,False,False,False,True,True
1782,swebench-multilingual,swebench-multilingual-gin-gonic__gin-3741,swebench-multilingual/swebench-multilingual-gin-gonic__gin-3741,unique_unpredictable,0.560211116515837,0.600211116515837,medium,0.4102562307692307,0.32941176470588235,0.8627450980392157,0.8444444444444444,14,0.5897437692307693,0.5238095714285714,0.4665694893961539,0.299517351599205,0.2856644671346329,0.1934813579561312,172.0,36.0,42.0,False,False,False,True,False
1783,swebench-multilingual,swebench-multilingual-gin-gonic__gin-1957,swebench-multilingual/swebench-multilingual-gin-gonic__gin-1957,difficult,0.5596499497234791,0.5996499497234792,hard,0.7980769230769231,0.25882352941176473,0.6803921568627451,0.662962962962963,14,0.2019230769230769,0.375,0.4506939094329986,0.4855784188105596,0.19375472160574383,0.08706072561626632,190.0,82.0,43.0,False,True,False,False,False
1784,swebench-multilingual,swebench-multilingual-rubocop__rubocop-13668,swebench-multilingual/swebench-multilingual-rubocop__rubocop-13668,high_composite,0.5993350930115636,0.5993350930115636,medium,0.3423076923076922,0.6470588235294118,0.6313725490196078,0.8629629629629629,15,0.6576923076923078,0.5533333333333333,0.4688520259337931,0.4300957468430894,0.3886347607424439,0.06180117322566925,91.0,95.0,14.0,False,False,False,False,True
1785,swebench-multilingual,swebench-multilingual-laravel__framework-48573,swebench-multilingual/swebench-multilingual-laravel__framework-48573,difficult;unique_unpredictable,0.5188210155857215,0.5988210155857215,hard,0.9038461538461539,0.13333333333333333,0.8725490196078431,0.18703703703703703,14,0.0961538461538461,0.1785714285714285,0.3589241293257461,0.3453349955742847,0.09009051606405391,0.20493662581661232,222.0,34.0,96.0,False,True,False,True,False
1786,swebench-multilingual,swebench-multilingual-fmtlib__fmt-3863,swebench-multilingual/swebench-multilingual-fmtlib__fmt-3863,difficult;unique_unpredictable,0.5175012569130216,0.5975012569130217,hard,0.9230769230769231,0.047058823529411764,0.9921568627450981,0.14814814814814814,15,0.0769230769230769,0.1333333333333333,0.339934634239519,0.1243946101555747,0.03724795472368625,0.45619051734458194,244.0,3.0,97.0,False,True,False,True,False
1787,swebench-multilingual,swebench-multilingual-astral-sh__ruff-15543,swebench-multilingual/swebench-multilingual-astral-sh__ruff-15543,high_composite,0.5939517121040725,0.5939517121040725,medium,0.3205127307692309,0.6509803921568628,0.5705882352941176,0.9555555555555556,14,0.6794872692307691,0.5476190714285715,0.4815178253188356,0.3854768690285157,0.3892915594232725,0.03980134989044104,90.0,110.0,15.0,False,False,False,False,True
1788,swebench-multilingual,swebench-multilingual-laravel__framework-48636,swebench-multilingual/swebench-multilingual-laravel__framework-48636,high_composite,0.5936400201106083,0.5936400201106083,easy,0.23076923076923073,0.596078431372549,0.7137254901960784,0.9925925925925926,15,0.7692307692307693,0.6,0.4898979485566357,0.4066296021647095,0.3809586295541815,0.10912919362525164,104.0,74.0,16.0,False,False,False,False,True
1789,swebench-multilingual,swebench-multilingual-redis__redis-10068,swebench-multilingual/swebench-multilingual-redis__redis-10068,high_composite,0.5930568156737055,0.5930568156737055,easy,0.25641026923076926,0.5803921568627451,0.7254901960784313,0.9629629629629629,15,0.7435897307692307,0.5555555333333333,0.4817663077765494,0.4295466533538979,0.3785380900522885,0.1122486616079783,108.0,71.0,17.0,False,False,False,False,True
1790,swebench-multilingual,swebench-multilingual-redis__redis-13338,swebench-multilingual/swebench-multilingual-redis__redis-13338,difficult;unique_unpredictable,0.5124239631724484,0.5924239631724485,hard,0.9455128461538462,0.08235294117647059,0.9333333333333333,0.09259259259259259,14,0.0544871538461538,0.1011904285714285,0.2140375030715459,0.3473550834735302,0.05462399994683337,0.26344949812929963,235.0,18.0,102.0,False,True,False,True,False
1791,swebench-multilingual,swebench-multilingual-google__gson-2061,swebench-multilingual/swebench-multilingual-google__gson-2061,difficult;unique_unpredictable,0.5100829562594269,0.590082956259427,hard,0.9230769230769231,0.11764705882352941,0.8725490196078431,0.13333333333333333,15,0.0769230769230769,0.1333333333333333,0.2867441755680875,0.3935200666083541,0.07965837168563171,0.20493662581661232,226.0,33.0,104.0,False,True,False,True,False
1792,swebench-multilingual,swebench-multilingual-tokio-rs__tokio-6603,swebench-multilingual/swebench-multilingual-tokio-rs__tokio-6603,high_composite,0.5879625439919558,0.5879625439919558,easy,0.1923076923076923,0.8392156862745098,0.4235294117647059,0.9351851851851852,14,0.8076923076923077,0.6428571428571429,0.4791574237499549,0.3245517939218618,0.41438021445723916,0.013259101764787617,42.0,148.0,18.0,False,False,False,False,True
1793,swebench-multilingual,swebench-multilingual-sharkdp__bat-3108,swebench-multilingual/swebench-multilingual-sharkdp__bat-3108,high_composite,0.5850942652714932,0.5850942652714932,medium,0.6474358846153846,0.3058823529411765,0.7980392156862746,0.7777777777777778,14,0.3525641153846154,0.4404762142857143,0.4612231218625069,0.4214014679032133,0.2674233595183231,0.15444886556719173,178.0,53.0,19.0,False,False,False,False,True
1794,swebench-multilingual,swebench-multilingual-caddyserver__caddy-6051,swebench-multilingual/swebench-multilingual-caddyserver__caddy-6051,difficult;unique_unpredictable,0.5050540472599296,0.5850540472599297,hard,0.9423076923076924,0.054901960784313725,0.9254901960784314,0.1259259259259259,14,0.0576923076923076,0.1071428571428571,0.2789374884252377,0.2920779589660534,0.04294153071723154,0.2507749940761417,242.0,20.0,111.0,False,True,False,True,False
1795,swebench-multilingual,swebench-multilingual-briannesbitt__carbon-3073,swebench-multilingual/swebench-multilingual-briannesbitt__carbon-3073,high_composite,0.5826721970839618,0.5826721970839618,easy,0.21153846153846156,0.792156862745098,0.4823529411764706,0.8796296296296297,14,0.7884615384615384,0.6071428571428571,0.4697480870702109,0.3838842717472256,0.4100683811136627,0.02582362590589493,54.0,133.0,21.0,False,False,False,False,True
1796,swebench-multilingual,swebench-multilingual-astral-sh__ruff-15626,swebench-multilingual/swebench-multilingual-astral-sh__ruff-15626,unique_unpredictable,0.5424974861739568,0.5824974861739568,medium,0.5038461538461538,0.3333333333333333,0.803921568627451,0.6592592592592592,15,0.4961538461538461,0.4933333333333333,0.4479087208597553,0.3126316789279715,0.287330971249176,0.15707679789948392,171.0,51.0,58.0,False,False,False,True,False
1797,swebench-multilingual,swebench-multilingual-hashicorp__terraform-34814,swebench-multilingual/swebench-multilingual-hashicorp__terraform-34814,high_composite,0.5824176914278532,0.5824176914278532,medium,0.41346161538461534,0.4196078431372549,0.7843137254901961,0.9074074074074074,16,0.5865383846153847,0.5364583125,0.4722956272349076,0.2832367974034969,0.3204006714971777,0.14530149473003462,149.0,56.0,22.0,False,False,False,False,True
1798,swebench-multilingual,swebench-multilingual-nushell__nushell-13831,swebench-multilingual/swebench-multilingual-nushell__nushell-13831,unique_unpredictable,0.541011811777275,0.581011811777275,medium,0.49358973076923074,0.3607843137254902,0.8431372549019608,0.5370370370370371,13,0.5064102692307693,0.5128205384615385,0.4407721483771606,0.5200872472035079,0.3000178837892148,0.18566348593883064,164.0,41.0,60.0,False,False,False,True,False
1799,swebench-multilingual,swebench-multilingual-burntsushi__ripgrep-2209,swebench-multilingual/swebench-multilingual-burntsushi__ripgrep-2209,high_composite,0.5792370537958773,0.5792370537958773,easy,0.1923076923076923,0.9333333333333333,0.2568627450980392,0.9351851851851852,14,0.8076923076923077,0.6428571428571429,0.4791574237499549,0.3839344388819289,0.42966506796539683,7.771561172376096e-16,16.0,186.0,23.0,False,False,False,False,True
1800,swebench-multilingual,swebench-multilingual-fmtlib__fmt-2457,swebench-multilingual/swebench-multilingual-fmtlib__fmt-2457,high_composite,0.5792370537958773,0.5792370537958773,easy,0.1923076923076923,0.9333333333333333,0.2568627450980392,0.9351851851851852,14,0.8076923076923077,0.6428571428571429,0.4791574237499549,0.3839344388819289,0.42966506796539683,7.771561172376096e-16,17.0,189.0,24.0,False,False,False,False,True
1801,swebench-multilingual,swebench-multilingual-fmtlib__fmt-3272,swebench-multilingual/swebench-multilingual-fmtlib__fmt-3272,high_composite,0.5792370537958773,0.5792370537958773,easy,0.1923076923076923,0.9333333333333333,0.2568627450980392,0.9351851851851852,14,0.8076923076923077,0.6428571428571429,0.4791574237499549,0.3839344388819289,0.42966506796539683,7.771561172376096e-16,18.0,190.0,25.0,False,False,False,False,True
1802,swebench-multilingual,swebench-multilingual-rubocop__rubocop-13680,swebench-multilingual/swebench-multilingual-rubocop__rubocop-13680,high_composite,0.5792370537958773,0.5792370537958773,easy,0.1923076923076923,0.9333333333333333,0.2568627450980392,0.9351851851851852,14,0.8076923076923077,0.6428571428571429,0.4791574237499549,0.3839344388819289,0.42966506796539683,7.771561172376096e-16,19.0,197.0,26.0,False,False,False,False,True
1803,swebench-multilingual,swebench-multilingual-rubocop__rubocop-13705,swebench-multilingual/swebench-multilingual-rubocop__rubocop-13705,high_composite,0.5792370537958773,0.5792370537958773,easy,0.1923076923076923,0.9333333333333333,0.2568627450980392,0.9351851851851852,14,0.8076923076923077,0.6428571428571429,0.4791574237499549,0.3839344388819289,0.42966506796539683,7.771561172376096e-16,20.0,198.0,27.0,False,False,False,False,True
1804,swebench-multilingual,swebench-multilingual-projectlombok__lombok-3312,swebench-multilingual/swebench-multilingual-projectlombok__lombok-3312,unique_unpredictable,0.5340711412770236,0.5740711412770236,medium,0.34615384615384615,0.3686274509803922,0.8196078431372549,0.7574074074074074,14,0.6538461538461539,0.5714285714285714,0.4573660169594892,0.4924631217225977,0.3003605389988476,0.16577246339977125,162.0,47.0,66.0,False,False,False,True,False
1805,swebench-multilingual,swebench-multilingual-projectlombok__lombok-3697,swebench-multilingual/swebench-multilingual-projectlombok__lombok-3697,unique_unpredictable,0.5325465057817999,0.5725465057817999,medium,0.4538461538461538,0.2901960784313726,0.9411764705882353,0.5481481481481482,14,0.5461538461538462,0.5428571428571428,0.4419345228073719,0.3774612867159755,0.2495997017068076,0.26763939474144804,182.0,16.0,69.0,False,False,False,True,False
1806,swebench-multilingual,swebench-multilingual-micropython__micropython-12158,swebench-multilingual/swebench-multilingual-micropython__micropython-12158,difficult,0.530451228569633,0.570451228569633,hard,0.8012820384615384,0.2549019607843137,0.6392156862745098,0.5407407407407407,15,0.1987179615384615,0.3444444666666666,0.4408185590186915,0.4651811873311604,0.17825802723665626,0.06484226408761651,191.0,93.0,73.0,False,True,False,False,False
1807,swebench-multilingual,swebench-multilingual-projectlombok__lombok-3009,swebench-multilingual/swebench-multilingual-projectlombok__lombok-3009,high_composite,0.5702450980392156,0.5702450980392156,medium,0.5,0.3568627450980392,0.7980392156862746,0.8055555555555556,14,0.5,0.5,0.4629100498862757,0.5284842201935617,0.29841453308234334,0.15444886556719173,165.0,52.0,30.0,False,False,False,False,True
1808,swebench-multilingual,swebench-multilingual-caddyserver__caddy-6370,swebench-multilingual/swebench-multilingual-caddyserver__caddy-6370,high_composite,0.5692408245349422,0.5692408245349422,easy,0.21153846153846156,0.7803921568627451,0.44509803921568625,0.8796296296296297,14,0.7884615384615384,0.6071428571428571,0.4697480870702109,0.3338018422584075,0.4090060183085041,0.0168132983380338,57.0,142.0,32.0,False,False,False,False,True
1809,swebench-multilingual,swebench-multilingual-rubocop__rubocop-13687,swebench-multilingual/swebench-multilingual-rubocop__rubocop-13687,unique_unpredictable,0.5290403437028658,0.5690403437028658,medium,0.5224358846153846,0.3215686274509804,0.8568627450980392,0.4777777777777778,15,0.4775641153846154,0.4611111333333333,0.4334045630916326,0.3870525554738198,0.2820399459733569,0.19035692694269757,174.0,38.0,75.0,False,False,False,True,False
1810,swebench-multilingual,swebench-multilingual-uutils__coreutils-6690,swebench-multilingual/swebench-multilingual-uutils__coreutils-6690,difficult;unique_unpredictable,0.4886569916415284,0.5686569916415285,hard,0.9006410384615385,0.08627450980392157,0.8509803921568627,0.13703703703703704,15,0.0993589615384615,0.1722222,0.2926043260188748,0.0989650642147638,0.05948370455764293,0.18777904221749653,234.0,39.0,140.0,False,True,False,True,False
1811,swebench-multilingual,swebench-multilingual-redis__redis-12472,swebench-multilingual/swebench-multilingual-redis__redis-12472,high_composite,0.5679512093388638,0.5679512093388638,medium,0.30128196153846176,0.6705882352941176,0.5705882352941176,0.7685185185185185,14,0.6987180384615382,0.5833333571428572,0.4575209293504048,0.4287515885648612,0.3943971393605054,0.03980134989044104,85.0,111.0,34.0,False,False,False,False,True
1812,swebench-multilingual,swebench-multilingual-babel__babel-15649,swebench-multilingual/swebench-multilingual-babel__babel-15649,difficult;unique_unpredictable,0.48761940994218206,0.5676194099421821,hard,0.9256410384615386,0.06666666666666667,0.8470588235294118,0.14074074074074075,14,0.0743589615384615,0.1380952142857143,0.2932730144383212,0.3607550171807914,0.047373840059035784,0.18634656754626333,239.0,40.0,142.0,False,True,False,True,False
1813,swebench-multilingual,swebench-multilingual-tokio-rs__tokio-6752,swebench-multilingual/swebench-multilingual-tokio-rs__tokio-6752,high_composite,0.5672724987430869,0.5672724987430869,easy,0.17307692307692313,0.8588235294117647,0.5058823529411764,0.6462962962962963,14,0.8269230769230769,0.6785714285714286,0.4474987173622024,0.3699818307503735,0.42013575048585905,0.029236243224879832,37.0,127.0,36.0,False,False,False,False,True
1814,swebench-multilingual,swebench-multilingual-preactjs__preact-2927,swebench-multilingual/swebench-multilingual-preactjs__preact-2927,unique_unpredictable,0.5269658119658119,0.566965811965812,easy,0.1923076923076923,0.37254901960784315,0.8117647058823529,0.9703703703703703,13,0.8076923076923077,0.6153846153846154,0.4865042554105199,0.3102253731870501,0.3007812741040085,0.16278046373362642,161.0,49.0,82.0,False,False,False,True,False
1815,swebench-multilingual,swebench-multilingual-facebook__docusaurus-10309,swebench-multilingual/swebench-multilingual-facebook__docusaurus-10309,high_composite,0.5663398692810457,0.5663398692810457,medium,0.5,0.41568627450980394,0.6745098039215687,0.8481481481481481,14,0.5,0.5,0.4671766091394131,0.5050853159911403,0.3202781980428704,0.07979143930063237,150.0,84.0,38.0,False,False,False,False,True
1816,swebench-multilingual,swebench-multilingual-facebook__docusaurus-9897,swebench-multilingual/swebench-multilingual-facebook__docusaurus-9897,high_composite,0.5625590524761187,0.5625590524761187,medium,0.30128196153846176,0.7098039215686275,0.49411764705882355,0.7685185185185185,14,0.6987180384615382,0.5833333571428572,0.4575209293504048,0.3991259401657456,0.40188822397526286,0.026660632272775375,75.0,130.0,40.0,False,False,False,False,True
1817,swebench-multilingual,swebench-multilingual-apache__lucene-12022,swebench-multilingual/swebench-multilingual-apache__lucene-12022,difficult;unique_unpredictable,0.47784188034188035,0.5578418803418804,hard,0.926923076923077,0.07058823529411765,0.807843137254902,0.12962962962962962,15,0.073076923076923,0.1266666666666666,0.2792052212182923,0.0715364752490988,0.04861568330531644,0.16158062407625862,238.0,50.0,150.0,False,True,False,True,False
1818,swebench-multilingual,swebench-multilingual-jekyll__jekyll-8167,swebench-multilingual/swebench-multilingual-jekyll__jekyll-8167,unique_unpredictable,0.5116968357843137,0.5516968357843137,medium,0.4871795,0.36470588235294116,0.8156862745098039,0.3888888888888889,15,0.5128205,0.5222222,0.4199500364167464,0.5293471010207044,0.30002774844644464,0.16366484306480755,163.0,48.0,103.0,False,False,False,True,False
1819,swebench-multilingual,swebench-multilingual-apache__lucene-12212,swebench-multilingual/swebench-multilingual-apache__lucene-12212,unique_unpredictable,0.5077224736048266,0.5477224736048266,medium,0.48461538461538456,0.2784313725490196,0.9764705882352941,0.3,14,0.5153846153846154,0.5285714285714286,0.4056852409679762,0.2442620905590999,0.23552212159432884,0.33444269846771557,185.0,7.0,109.0,False,False,False,True,False
1820,swebench-multilingual,swebench-multilingual-gohugoio__hugo-12448,swebench-multilingual/swebench-multilingual-gohugoio__hugo-12448,difficult,0.5053896430367019,0.5453896430367019,hard,0.8538461538461539,0.22745098039215686,0.6803921568627451,0.2814814814814815,15,0.1461538461538461,0.2533333333333333,0.4030991055421593,0.4017357306511713,0.15107285794923012,0.08706072561626632,198.0,83.0,110.0,False,True,False,False,False
1821,swebench-multilingual,swebench-multilingual-projectlombok__lombok-3602,swebench-multilingual/swebench-multilingual-projectlombok__lombok-3602,unique_unpredictable,0.5045638511814983,0.5445638511814983,medium,0.4423076923076923,0.28627450980392155,0.9529411764705882,0.37037037037037035,15,0.5576923076923077,0.6,0.4163331998932266,0.4489847944509167,0.24763003655164137,0.29219148531046524,183.0,13.0,112.0,False,False,False,True,False
1822,swebench-multilingual,swebench-multilingual-briannesbitt__carbon-3005,swebench-multilingual/swebench-multilingual-briannesbitt__carbon-3005,difficult,0.49751257554047257,0.5375125755404726,hard,0.8474359230769231,0.19607843137254902,0.7392156862745098,0.21481481481481482,14,0.1525640769230769,0.2833332857142857,0.3768604579442082,0.3878297171265681,0.13042867375678333,0.11689938186290283,206.0,67.0,130.0,False,True,False,False,False
1823,swebench-multilingual,swebench-multilingual-projectlombok__lombok-3052,swebench-multilingual/swebench-multilingual-projectlombok__lombok-3052,difficult,0.49359226382604326,0.5335922638260433,hard,0.8205128461538462,0.24705882352941178,0.4568627450980392,0.5851851851851851,13,0.1794871538461538,0.3589743076923076,0.4426327337817844,0.426307872282593,0.17287744432940497,0.017493492455519788,193.0,140.0,135.0,False,True,False,False,False
1824,swebench-multilingual,swebench-multilingual-gohugoio__hugo-12204,swebench-multilingual/swebench-multilingual-gohugoio__hugo-12204,difficult,0.4919834087481146,0.5319834087481146,hard,0.7153846153846154,0.26666666666666666,0.7392156862745098,0.23333333333333334,15,0.2846153846153846,0.3466666666666667,0.3862066228789397,0.4121886528782302,0.20204298044499253,0.11689938186290283,188.0,68.0,138.0,False,True,False,False,False
1825,swebench-multilingual,swebench-multilingual-fluent__fluentd-3466,swebench-multilingual/swebench-multilingual-fluent__fluentd-3466,difficult,0.4835250125691303,0.5235250125691303,hard,0.8942307692307693,0.11372549019607843,0.7784313725490196,0.17037037037037037,14,0.1057692307692307,0.1964285714285714,0.3558010508066299,0.1399743076342692,0.07549578174264314,0.13893475360119723,227.0,58.0,144.0,False,True,False,False,False
1826,swebench-multilingual,swebench-multilingual-fastlane__fastlane-19207,swebench-multilingual/swebench-multilingual-fastlane__fastlane-19207,difficult,0.48293866264454505,0.522938662644545,hard,0.9038461538461539,0.09803921568627451,0.7784313725490196,0.18703703703703703,14,0.0961538461538461,0.1785714285714285,0.3589241293257461,0.0699092777480169,0.06285603461237879,0.13893475360119723,231.0,57.0,145.0,False,True,False,False,False
1827,swebench-multilingual,swebench-multilingual-prometheus__prometheus-9248,swebench-multilingual/swebench-multilingual-prometheus__prometheus-9248,difficult,0.48223479776269484,0.5222347977626949,hard,0.8974359230769231,0.12549019607843137,0.7647058823529411,0.15185185185185185,15,0.1025640769230769,0.1777777333333333,0.3413842352092368,0.3701256498450235,0.08745866901224833,0.13456062715736183,224.0,61.0,147.0,False,True,False,False,False
1828,swebench-multilingual,swebench-multilingual-sharkdp__bat-2650,swebench-multilingual/swebench-multilingual-sharkdp__bat-2650,difficult,0.48150830203619904,0.521508302036199,hard,0.8589743846153846,0.20392156862745098,0.6215686274509804,0.26666666666666666,14,0.1410256153846154,0.2619047142857143,0.4019510157315599,0.2664092385979628,0.13353720170387798,0.06141236473383804,204.0,98.0,148.0,False,True,False,False,False
1829,swebench-multilingual,swebench-multilingual-projectlombok__lombok-3371,swebench-multilingual/swebench-multilingual-projectlombok__lombok-3371,unique_unpredictable,0.47755153663901456,0.5175515366390145,medium,0.4794871923076923,0.30980392156862746,0.8392156862745098,0.26296296296296295,13,0.5205128076923077,0.5410256153846154,0.4015257032062999,0.5095707932070764,0.27167472069609677,0.18256804068146326,177.0,42.0,151.0,False,False,False,True,False
1830,swebench-multilingual,swebench-multilingual-babel__babel-16130,swebench-multilingual/swebench-multilingual-babel__babel-16130,difficult,0.4770211129336351,0.5170211129336351,hard,0.8743589615384616,0.1450980392156863,0.703921568627451,0.2111111111111111,15,0.1256410384615384,0.2177778,0.3735449402946852,0.459544248518588,0.10000438518427529,0.1082079154961243,219.0,77.0,152.0,False,True,False,False,False
1831,swebench-multilingual,swebench-multilingual-tokio-rs__axum-1730,swebench-multilingual/swebench-multilingual-tokio-rs__axum-1730,difficult,0.47528971845148316,0.5152897184514832,hard,0.8942307692307693,0.16862745098039217,0.6352941176470588,0.22592592592592592,14,0.1057692307692307,0.1964285714285714,0.3800677973891565,0.4911089002027516,0.11838526587644325,0.06291244275466201,213.0,94.0,154.0,False,True,False,False,False
1832,swebench-multilingual,swebench-multilingual-astral-sh__ruff-15394,swebench-multilingual/swebench-multilingual-astral-sh__ruff-15394,difficult;frontier_with_variance,0.4329172951231775,0.5129172951231775,frontier,0.9615384615384616,0.027450980392156862,0.6705882352941176,0.10185185185185185,14,0.0384615384615384,0.0714285714285714,0.2575393768188563,-0.0091324833953461,0.017869763704089374,0.07351040009970755,249.0,85.0,198.0,False,True,True,False,False
1833,swebench-multilingual,swebench-multilingual-vuejs__core-11739,swebench-multilingual/swebench-multilingual-vuejs__core-11739,difficult,0.4728777055681247,0.5128777055681247,hard,0.8929487307692308,0.10980392156862745,0.7470588235294118,0.16296296296296298,13,0.1070512692307692,0.2141025384615384,0.352757514034917,0.1800695121796023,0.07507544544118881,0.11833024210257637,228.0,66.0,155.0,False,True,False,False,False
1834,swebench-multilingual,swebench-multilingual-rubocop__rubocop-13393,swebench-multilingual/swebench-multilingual-rubocop__rubocop-13393,difficult,0.46984916723227754,0.5098491672322776,hard,0.8974358846153847,0.10588235294117647,0.7470588235294118,0.14444444444444443,16,0.1025641153846153,0.1666666875,0.3118048379106149,0.2051407964504336,0.07176280264036766,0.11833024210257637,229.0,65.0,158.0,False,True,False,False,False
1835,swebench-multilingual,swebench-multilingual-projectlombok__lombok-2792,swebench-multilingual/swebench-multilingual-projectlombok__lombok-2792,difficult,0.46805241327300146,0.5080524132730014,hard,0.8173076923076924,0.25098039215686274,0.4568627450980392,0.4111111111111111,13,0.1826923076923076,0.3653846153846153,0.423076923076923,0.4684549875367479,0.17382087552071723,0.017493492455519788,192.0,139.0,160.0,False,True,False,False,False
1836,swebench-multilingual,swebench-multilingual-jqlang__jq-2728,swebench-multilingual/swebench-multilingual-jqlang__jq-2728,difficult,0.4671543489190548,0.5071543489190548,hard,0.9038461538461539,0.1607843137254902,0.6274509803921569,0.18703703703703703,14,0.0961538461538461,0.1785714285714285,0.3589241293257461,0.5407127641448364,0.11050908267112948,0.06150039999872625,215.0,96.0,161.0,False,True,False,False,False
1837,swebench-multilingual,swebench-multilingual-apache__druid-14092,swebench-multilingual/swebench-multilingual-apache__druid-14092,difficult,0.4658358471593766,0.5058358471593766,hard,0.8461538461538463,0.13725490196078433,0.703921568627451,0.20185185185185187,14,0.1538461538461538,0.2857142857142857,0.3642156795423418,0.4068437232899467,0.0909646203769287,0.1082079154961243,221.0,76.0,162.0,False,True,False,False,False
1838,swebench-multilingual,swebench-multilingual-jqlang__jq-2650,swebench-multilingual/swebench-multilingual-jqlang__jq-2650,difficult,0.46190674025892403,0.501906740258924,hard,0.8910256538461538,0.16470588235294117,0.6215686274509804,0.17407407407407408,14,0.1089743461538461,0.2023809285714286,0.3573412060319269,0.2676258744077298,0.11249159356136226,0.06141236473383804,214.0,97.0,167.0,False,True,False,False,False
1839,swebench-multilingual,swebench-multilingual-redis__redis-12272,swebench-multilingual/swebench-multilingual-redis__redis-12272,difficult,0.45008547649572656,0.49008547649572654,hard,0.9358974615384617,0.0784313725490196,0.6901960784313725,0.10740740740740741,15,0.0641025384615384,0.1111110666666666,0.2629368416864822,0.3769014142080759,0.051326828740292214,0.09628251735323923,236.0,80.0,188.0,False,True,False,False,False
1840,swebench-multilingual,swebench-multilingual-caddyserver__caddy-5761,swebench-multilingual/swebench-multilingual-caddyserver__caddy-5761,difficult;frontier_with_variance,0.40206134056058324,0.4820613405605832,frontier,0.9794871923076924,0.0392156862745098,0.5294117647058824,0.07407407407407407,14,0.0205128076923076,0.0380952142857142,0.0966560374170613,0.5043803703145407,0.02553944037393244,0.03222647867478323,246.0,121.0,217.0,False,True,True,False,False
1841,swebench-multilingual,swebench-multilingual-tokio-rs__axum-734,swebench-multilingual/swebench-multilingual-tokio-rs__axum-734,difficult,0.44157868275515333,0.4815786827551533,hard,0.8846153846153847,0.17254901960784313,0.515686274509804,0.2074074074074074,14,0.1153846153846153,0.2142857142857142,0.3696232285257185,0.4741600753711503,0.12076340243651137,0.029551971663065557,212.0,125.0,191.0,False,True,False,False,False
1842,swebench-multilingual,swebench-multilingual-prometheus__prometheus-15142,swebench-multilingual/swebench-multilingual-prometheus__prometheus-15142,unique_unpredictable,0.4380907715560583,0.4780907715560583,medium,0.6294872692307691,0.050980392156862744,0.9137254901960784,0.22962962962962963,14,0.3705127307692308,0.3738095,0.3840425289716808,0.0755659287978894,0.038695418381301507,0.24087440509057412,243.0,23.0,193.0,False,False,False,True,False
1843,swebench-multilingual,swebench-multilingual-phpoffice__phpspreadsheet-3469,swebench-multilingual/swebench-multilingual-phpoffice__phpspreadsheet-3469,difficult,0.43776772567873307,0.47776772567873305,hard,0.9487179615384616,0.09411764705882353,0.6039215686274509,0.1111111111111111,14,0.0512820384615384,0.0952380714285714,0.2651316149436685,0.4838001533949199,0.062351471985853994,0.052526990265031714,232.0,102.0,194.0,False,True,False,False,False
1844,swebench-multilingual,swebench-multilingual-google__gson-2158,swebench-multilingual/swebench-multilingual-google__gson-2158,difficult,0.43311840120663647,0.47311840120663645,hard,0.9038461538461539,0.1568627450980392,0.515686274509804,0.15555555555555556,15,0.0961538461538461,0.1666666666666666,0.3496029493900505,0.4471297887558245,0.10554146180255641,0.029551971663065557,216.0,124.0,197.0,False,True,False,False,False
1845,swebench-multilingual,swebench-multilingual-preactjs__preact-3345,swebench-multilingual/swebench-multilingual-preactjs__preact-3345,difficult,0.40953242835595777,0.44953242835595775,hard,0.9153846153846154,0.15294117647058825,0.4019607843137255,0.17777777777777778,13,0.0846153846153846,0.1692307692307692,0.3581675915945481,0.54364545996612,0.10473451823164633,0.010392871728169495,217.0,153.0,213.0,False,True,False,False,False
1846,swebench-multilingual,swebench-multilingual-preactjs__preact-3567,swebench-multilingual/swebench-multilingual-preactjs__preact-3567,difficult,0.40456008044243336,0.44456008044243334,hard,0.9230769230769231,0.1411764705882353,0.4019607843137255,0.15925925925925927,14,0.0769230769230769,0.1428571428571428,0.3499271061118826,0.5292486843168543,0.09475589349860797,0.010392871728169495,220.0,154.0,215.0,False,True,False,False,False
1847,swebench-multilingual,swebench-multilingual-laravel__framework-46234,swebench-multilingual/swebench-multilingual-laravel__framework-46234,difficult,0.40258484162895924,0.4425848416289592,hard,0.9326923076923077,0.07450980392156863,0.5,0.12222222222222222,15,0.0673076923076923,0.1166666666666666,0.2718251071716681,0.1904466280905126,0.04867233424352544,0.02860672652014018,237.0,128.0,216.0,False,True,False,False,False
1848,swebench-multilingual,swebench-multilingual-tokio-rs__tokio-4384,swebench-multilingual/swebench-multilingual-tokio-rs__tokio-4384,difficult,0.3944142785319256,0.4344142785319256,hard,0.9461538461538462,0.043137254901960784,0.5,0.11851851851851852,14,0.0538461538461538,0.0999999999999999,0.2699206232527312,0.1379244162396335,0.03632454940148634,0.02860672652014018,245.0,129.0,220.0,False,True,False,False,False
1849,swebench-multilingual,swebench-multilingual-vuejs__core-11899,swebench-multilingual/swebench-multilingual-vuejs__core-11899,difficult;frontier_with_variance,0.33306938480392156,0.4130693848039215,frontier,0.9871795,0.00784313725490196,0.29411764705882354,0.06666666666666667,14,0.0128205,0.0238095,0.0858463730931598,0.0225083523797798,0.006795898620301182,9.992007221626409e-16,254.0,182.0,233.0,False,True,True,False,False
1850,swebench-multilingual,swebench-multilingual-caddyserver__caddy-4943,swebench-multilingual/swebench-multilingual-caddyserver__caddy-4943,difficult;frontier_with_variance,0.32864002011060833,0.4086400201106083,frontier,0.9807692307692308,0.01764705882352941,0.2568627450980392,0.08703703703703704,14,0.0192307692307692,0.0357142857142857,0.1287696884094281,0.0225083523797798,0.010193858124309896,7.771561172376096e-16,251.0,187.0,237.0,False,True,True,False,False
1851,swebench-multilingual,swebench-multilingual-fastlane__fastlane-20642,swebench-multilingual/swebench-multilingual-fastlane__fastlane-20642,difficult;frontier_with_variance,0.32864002011060833,0.4086400201106083,frontier,0.9807692307692308,0.01764705882352941,0.2568627450980392,0.08703703703703704,14,0.0192307692307692,0.0357142857142857,0.1287696884094281,0.0225083523797798,0.010193858124309896,7.771561172376096e-16,252.0,188.0,238.0,False,True,True,False,False
1852,swebench-multilingual,swebench-multilingual-redis__redis-11734,swebench-multilingual/swebench-multilingual-redis__redis-11734,difficult;frontier_with_variance,0.3266427853192559,0.40664278531925585,frontier,0.9615384615384616,0.06274509803921569,0.19607843137254902,0.10185185185185185,14,0.0384615384615384,0.0714285714285714,0.2575393768188563,0.3890458578336064,0.04609182464496581,4.440892098500626e-16,240.0,209.0,239.0,False,True,True,False,False
1853,swebench-multilingual,swebench-multilingual-redis__redis-11279,swebench-multilingual/swebench-multilingual-redis__redis-11279,difficult;frontier_with_variance,0.32182755473856206,0.401827554738562,frontier,0.9871795,0.00392156862745098,0.2568627450980392,0.06296296296296296,15,0.0128205,0.0222222,0.0831478587803678,0.0225083523797799,0.006582274805637926,7.771561172376096e-16,255.0,196.0,240.0,False,True,True,False,False
1854,swebench-multilingual,swebench-multilingual-rubocop__rubocop-13560,swebench-multilingual/swebench-multilingual-rubocop__rubocop-13560,difficult;frontier_with_variance,0.31741452991452995,0.3974145299145299,frontier,0.9807692307692308,0.03137254901960784,0.19607843137254902,0.08148148148148149,15,0.0192307692307692,0.0333333333333333,0.1247219128924647,0.3890458578336065,0.02232148190087289,4.440892098500626e-16,248.0,210.0,244.0,False,True,True,False,False
1855,swebench-multilingual,swebench-multilingual-projectlombok__lombok-3215,swebench-multilingual/swebench-multilingual-projectlombok__lombok-3215,difficult;frontier_with_variance,0.3146053325163398,0.3946053325163398,frontier,0.9871795,0.023529411764705882,0.19607843137254902,0.07037037037037037,13,0.0128205,0.025641,0.0888230295137471,0.3890458578336063,0.015896658411431328,4.440892098500626e-16,250.0,208.0,245.0,False,True,True,False,False
1856,swebench-multilingual,swebench-multilingual-jekyll__jekyll-8771,swebench-multilingual/swebench-multilingual-jekyll__jekyll-8771,difficult;frontier_with_variance,0.25641025641025644,0.3364102564102564,frontier,0.9923076923076924,0.0,0.0,0.05555555555555555,16,0.0076923076923076,0.0125,0.0484122918275927,0.3443026310270117,,,,,256.0,False,True,True,False,False
1857,swebench-multilingual,swebench-multilingual-briannesbitt__carbon-3041,swebench-multilingual/swebench-multilingual-briannesbitt__carbon-3041,difficult,0.25416666666666665,0.29416666666666663,frontier,1.0,0.0,0.0,0.027777777777777776,15,0.0,0.0,0.0,,,,,,257.0,False,True,False,False,False
1858,swebench-multilingual,swebench-multilingual-facebook__docusaurus-8927,swebench-multilingual/swebench-multilingual-facebook__docusaurus-8927,difficult,0.25416666666666665,0.29416666666666663,frontier,1.0,0.0,0.0,0.027777777777777776,14,0.0,0.0,0.0,,,,,,258.0,False,True,False,False,False
1859,swebench-multilingual,swebench-multilingual-fluent__fluentd-3641,swebench-multilingual/swebench-multilingual-fluent__fluentd-3641,difficult,0.25416666666666665,0.29416666666666663,frontier,1.0,0.0,0.0,0.027777777777777776,15,0.0,0.0,0.0,,,,,,259.0,False,True,False,False,False
1860,swebench-multilingual,swebench-multilingual-fmtlib__fmt-2310,swebench-multilingual/swebench-multilingual-fmtlib__fmt-2310,difficult,0.25416666666666665,0.29416666666666663,frontier,1.0,0.0,0.0,0.027777777777777776,14,0.0,0.0,0.0,,,,,,260.0,False,True,False,False,False
1861,swebench-multilingual,swebench-multilingual-gin-gonic__gin-2755,swebench-multilingual/swebench-multilingual-gin-gonic__gin-2755,difficult,0.25416666666666665,0.29416666666666663,frontier,1.0,0.0,0.0,0.027777777777777776,15,0.0,0.0,0.0,,,,,,261.0,False,True,False,False,False
1862,swebench-multilingual,swebench-multilingual-gin-gonic__gin-3227,swebench-multilingual/swebench-multilingual-gin-gonic__gin-3227,difficult,0.25416666666666665,0.29416666666666663,frontier,1.0,0.0,0.0,0.027777777777777776,14,0.0,0.0,0.0,,,,,,262.0,False,True,False,False,False
1863,swebench-multilingual,swebench-multilingual-hashicorp__terraform-35543,swebench-multilingual/swebench-multilingual-hashicorp__terraform-35543,difficult,0.25416666666666665,0.29416666666666663,frontier,1.0,0.0,0.0,0.027777777777777776,15,0.0,0.0,0.0,,,,,,263.0,False,True,False,False,False
1864,swebench-multilingual,swebench-multilingual-jekyll__jekyll-8761,swebench-multilingual/swebench-multilingual-jekyll__jekyll-8761,difficult,0.25416666666666665,0.29416666666666663,frontier,1.0,0.0,0.0,0.027777777777777776,16,0.0,0.0,0.0,,,,,,264.0,False,True,False,False,False
1865,swebench-multilingual,swebench-multilingual-php-cs-fixer__php-cs-fixer-7663,swebench-multilingual/swebench-multilingual-php-cs-fixer__php-cs-fixer-7663,difficult,0.25416666666666665,0.29416666666666663,frontier,1.0,0.0,0.0,0.027777777777777776,13,0.0,0.0,0.0,,,,,,265.0,False,True,False,False,False
1866,swebench-multilingual,swebench-multilingual-php-cs-fixer__php-cs-fixer-7875,swebench-multilingual/swebench-multilingual-php-cs-fixer__php-cs-fixer-7875,difficult,0.25416666666666665,0.29416666666666663,frontier,1.0,0.0,0.0,0.027777777777777776,15,0.0,0.0,0.0,,,,,,266.0,False,True,False,False,False
1867,swebench-multilingual,swebench-multilingual-php-cs-fixer__php-cs-fixer-7998,swebench-multilingual/swebench-multilingual-php-cs-fixer__php-cs-fixer-7998,difficult,0.25416666666666665,0.29416666666666663,frontier,1.0,0.0,0.0,0.027777777777777776,14,0.0,0.0,0.0,,,,,,267.0,False,True,False,False,False
1868,swebench-multilingual,swebench-multilingual-phpoffice__phpspreadsheet-3659,swebench-multilingual/swebench-multilingual-phpoffice__phpspreadsheet-3659,difficult,0.25416666666666665,0.29416666666666663,frontier,1.0,0.0,0.0,0.027777777777777776,13,0.0,0.0,0.0,,,,,,268.0,False,True,False,False,False
1869,swebench-multilingual,swebench-multilingual-prometheus__prometheus-10633,swebench-multilingual/swebench-multilingual-prometheus__prometheus-10633,difficult,0.25416666666666665,0.29416666666666663,frontier,1.0,0.0,0.0,0.027777777777777776,14,0.0,0.0,0.0,,,,,,269.0,False,True,False,False,False
1870,swebench-multilingual,swebench-multilingual-uutils__coreutils-6377,swebench-multilingual/swebench-multilingual-uutils__coreutils-6377,difficult,0.25416666666666665,0.29416666666666663,frontier,1.0,0.0,0.0,0.027777777777777776,14,0.0,0.0,0.0,,,,,,270.0,False,True,False,False,False
1871,swebench-verified,swebench-verified-sphinx-doc__sphinx-8120,swebench-verified/swebench-verified-sphinx-doc__sphinx-8120,base_representative,0.5633974358974358,0.6233974358974359,easy,0.17692307692307696,1.0,0.16666666666666666,0.85,20,0.823076923076923,0.7700000000000001,0.3861346915261564,0.5491260868106974,0.33294061556372845,0.04702062640293958,1.0,9.0,3.0,True,False,False,False,False
1872,swebench-verified,swebench-verified-django__django-12209,swebench-verified/swebench-verified-django__django-12209,base_representative,0.493008547008547,0.5530085470085471,easy,0.17692307692307685,0.8888888888888888,0.16666666666666666,0.64,20,0.8230769230769232,0.77,0.3303028912982749,0.6185375072765638,0.3048311931507692,0.04702062640293958,2.0,8.0,6.0,True,False,False,False,False
1873,swebench-verified,swebench-verified-matplotlib__matplotlib-26208,swebench-verified/swebench-verified-matplotlib__matplotlib-26208,difficult;frontier_with_variance;unique_unpredictable,0.5586196581196581,0.6786196581196582,frontier,0.976923076923077,0.1111111111111111,1.0,0.17,20,0.023076923076923,0.03,0.0953939201416945,0.2543034477954223,0.009807080828463127,0.7562595425568109,9.0,1.0,4.0,False,True,True,True,False
1874,swebench-verified,swebench-verified-django__django-16100,swebench-verified/swebench-verified-django__django-16100,unique_unpredictable;high_composite,0.6236282051282052,0.6636282051282052,medium,0.3538461538461539,0.5555555555555556,0.8888888888888888,0.79,20,0.6461538461538461,0.63,0.3648287269390939,0.4685122714734585,0.23167236726842066,0.3194975697035084,5.0,2.0,1.0,False,False,False,True,True
1875,swebench-verified,swebench-verified-sympy__sympy-18698,swebench-verified/swebench-verified-sympy__sympy-18698,high_composite,0.5876837606837607,0.5876837606837607,medium,0.4538461538461539,0.6666666666666666,0.5555555555555556,0.68,20,0.5461538461538461,0.53,0.3363034344160048,0.590298998998617,0.25224520747815377,0.17774793966273605,4.0,5.0,2.0,False,False,False,False,True
1876,swebench-verified,swebench-verified-django__django-14011,swebench-verified/swebench-verified-django__django-14011,difficult,0.2575,0.2975,frontier,1.0,0.0,0.0,0.05,20,0.0,0.0,0.0,,,,,,10.0,False,True,False,False,False
1877,swebenchpro,swebenchpro-instance_qutebrowser__qutebrowser-6b320dc18662580e1313d2548fdd6231d2a97e6d-v363c8a7e5ccdf6968fc7ab84a2053ac78036691d,swebenchpro/swebenchpro-instance_qutebrowser__qutebrowser-6b320dc18662580e1313d2548fdd6231d2a97e6d-v363c8a7e5ccdf6968fc7ab84a2053ac78036691d,base_representative;high_composite,0.7730769230769231,0.833076923076923,medium,0.39230769230769225,1.0,0.7,1.0,20,0.6076923076923078,0.5800000000000001,0.3682390527904394,0.6699047392228669,0.24080802442187849,0.43711308432812035,1.0,3.0,1.0,True,False,False,False,True
1878,swebenchpro,swebenchpro-instance_future-architect__vuls-2c84be80b65d022c262956cd26fc79d8bb2f7010,swebenchpro/swebenchpro-instance_future-architect__vuls-2c84be80b65d022c262956cd26fc79d8bb2f7010,base_representative;difficult,0.624326923076923,0.7243269230769229,hard,0.7173076923076923,0.8,0.3,0.6,20,0.2826923076923077,0.3075,0.2665872277510683,0.6002672216503881,0.156833859409416,0.3976226706680154,2.0,4.0,3.0,True,True,False,False,False
1879,swebenchpro,swebenchpro-instance_ansible__ansible-709484969c8a4ffd74b839a673431a8c5caa6457-vba6da65a0f3baefda7a058ebbd0a8dcafb8512f5,swebenchpro/swebenchpro-instance_ansible__ansible-709484969c8a4ffd74b839a673431a8c5caa6457-vba6da65a0f3baefda7a058ebbd0a8dcafb8512f5,high_composite,0.6873076923076924,0.6873076923076924,medium,0.6692307692307693,0.6,0.7,0.9,20,0.3307692307692307,0.34,0.3411744421846396,0.4526586285151509,0.14573962857888564,0.43711308432812035,3.0,2.0,2.0,False,False,False,False,True
1880,swebenchpro,swebenchpro-instance_navidrome__navidrome-677d9947f302c9f7bba8c08c788c3dc99f235f39,swebenchpro/swebenchpro-instance_navidrome__navidrome-677d9947f302c9f7bba8c08c788c3dc99f235f39,unique_unpredictable,0.5676923076923077,0.6076923076923078,easy,0.23076923076923073,0.4,1.0,0.8,20,0.7692307692307693,0.7300000000000001,0.3363034344160047,0.490132133518406,0.07956324453424292,0.5867336397014928,4.0,1.0,4.0,False,False,False,True,False
1881,swebenchpro,swebenchpro-instance_nodebb__nodebb-8ca65b0c78c67c1653487c02d1135e1b702185e1-vf2cf3cbd463b7ad942381f1c6d077626485a1e9e,swebenchpro/swebenchpro-instance_nodebb__nodebb-8ca65b0c78c67c1653487c02d1135e1b702185e1-vf2cf3cbd463b7ad942381f1c6d077626485a1e9e,difficult;frontier_with_variance,0.4642307692307693,0.5442307692307693,frontier,0.976923076923077,0.2,0.3,0.5,20,0.023076923076923,0.03,0.1307669683062202,0.3443026310270121,0.02919689737652616,0.3976226706680154,5.0,5.0,5.0,False,True,True,False,False
1882,swebenchpro,swebenchpro-instance_ansible__ansible-cd473dfb2fdbc97acf3293c134b21cbbcfa89ec3-vba6da65a0f3baefda7a058ebbd0a8dcafb8512f5,swebenchpro/swebenchpro-instance_ansible__ansible-cd473dfb2fdbc97acf3293c134b21cbbcfa89ec3-vba6da65a0f3baefda7a058ebbd0a8dcafb8512f5,difficult;frontier_with_variance,0.30807692307692314,0.3880769230769231,frontier,0.9923076923076924,0.0,0.0,0.4,20,0.0076923076923076,0.01,0.0435889894354067,-0.1584912122015366,,,,,6.0,False,True,True,False,False
1883,swebenchpro,swebenchpro-instance_internetarchive__openlibrary-0a90f9f0256e4f933523e9842799e39f95ae29ce-v76304ecdb3a5954fcf13feb710e8c40fcf24b73c,swebenchpro/swebenchpro-instance_internetarchive__openlibrary-0a90f9f0256e4f933523e9842799e39f95ae29ce-v76304ecdb3a5954fcf13feb710e8c40fcf24b73c,difficult,0.28,0.32,frontier,1.0,0.0,0.0,0.2,20,0.0,0.0,0.0,,,,,,7.0,False,True,False,False,False
1884,swebenchpro,swebenchpro-instance_qutebrowser__qutebrowser-ff1c025ad3210506fc76e1f604d8c8c27637d88e-v363c8a7e5ccdf6968fc7ab84a2053ac78036691d,swebenchpro/swebenchpro-instance_qutebrowser__qutebrowser-ff1c025ad3210506fc76e1f604d8c8c27637d88e-v363c8a7e5ccdf6968fc7ab84a2053ac78036691d,difficult,0.28,0.32,frontier,1.0,0.0,0.0,0.2,20,0.0,0.0,0.0,,,,,,8.0,False,True,False,False,False
1885,swesmith,swesmith-oauthlib__oauthlib.1fd52536.combine_file__519420f6,swesmith/swesmith-oauthlib__oauthlib.1fd52536.combine_file__519420f6,base_representative;high_composite,0.7510096153846154,0.8110096153846154,medium,0.5615384615384615,1.0,0.5625,0.8,17,0.4384615384615384,0.4588235294117647,0.2971607280074138,0.2917579588103959,0.17271217171256678,0.4893014050326837,1.0,4.0,1.0,True,False,False,False,True
1886,swesmith,swesmith-oauthlib__oauthlib.1fd52536.combine_file__8vq3niwz,swesmith/swesmith-oauthlib__oauthlib.1fd52536.combine_file__8vq3niwz,base_representative;high_composite,0.7162980769230769,0.776298076923077,medium,0.6576923076923077,0.875,0.5625,0.7,18,0.3423076923076923,0.3611111111111111,0.2965334698907226,0.3481725952258498,0.15965043558346745,0.4893014050326837,2.0,5.0,2.0,True,False,False,False,True
1887,swesmith,swesmith-oauthlib__oauthlib.1fd52536.combine_file__5wgd819s,swesmith/swesmith-oauthlib__oauthlib.1fd52536.combine_file__5wgd819s,unique_unpredictable,0.6067307692307693,0.6467307692307693,medium,0.651923076923077,0.125,1.0,1.0,18,0.348076923076923,0.4027777777777778,0.3816893087251222,0.5048222603118941,0.032966423662097684,0.6827015459235429,8.0,1.0,4.0,False,False,False,True,False
1888,swesmith,swesmith-oauthlib__oauthlib.1fd52536.combine_file__kruun5qz,swesmith/swesmith-oauthlib__oauthlib.1fd52536.combine_file__kruun5qz,difficult,0.5771634615384615,0.6171634615384616,hard,0.9461538461538462,0.625,0.1875,0.5,17,0.0538461538461538,0.0823529411764705,0.2478977353612409,0.4838366100381107,0.13368890101385703,0.4018519493620345,4.0,8.0,5.0,False,True,False,False,False
1889,swesmith,swesmith-oauthlib__oauthlib.1fd52536.combine_file__0qgnxkrq,swesmith/swesmith-oauthlib__oauthlib.1fd52536.combine_file__0qgnxkrq,difficult,0.5466987211538461,0.5866987211538461,hard,0.8717948846153847,0.5,0.375,0.4,18,0.1282051153846153,0.1851851666666666,0.2419626993439392,0.3047827804642188,0.1271554116121271,0.4311373113389404,5.0,6.0,6.0,False,True,False,False,False
1890,swesmith,swesmith-oauthlib__oauthlib.1fd52536.combine_file__ivt14jmt,swesmith/swesmith-oauthlib__oauthlib.1fd52536.combine_file__ivt14jmt,unique_unpredictable,0.4932051249999999,0.533205125,easy,0.21282049999999997,0.375,0.875,0.6,17,0.7871795,0.7803921764705883,0.2798362708535192,0.2885969446816798,0.08942846327116119,0.504252447582115,6.0,2.0,7.0,False,False,False,True,False
1891,swesmith,swesmith-oauthlib__oauthlib.1fd52536.combine_file__dq69f6h1,swesmith/swesmith-oauthlib__oauthlib.1fd52536.combine_file__dq69f6h1,difficult;frontier_with_variance,0.41975961538461537,0.49975961538461533,frontier,0.9615384615384616,0.25,0.1875,0.3,18,0.0384615384615384,0.0555555555555555,0.111665284679121,0.3742567172064172,0.048269632922908666,0.4018519493620345,7.0,7.0,8.0,False,True,True,False,False
1892,swesmith,swesmith-oauthlib__oauthlib.1fd52536.combine_file__78ba7zwz,swesmith/swesmith-oauthlib__oauthlib.1fd52536.combine_file__78ba7zwz,difficult,0.2725,0.3125,frontier,1.0,0.0,0.0,0.15,17,0.0,0.0,0.0,,,,,,9.0,False,True,False,False,False
1893,swesmith,swesmith-oauthlib__oauthlib.1fd52536.combine_file__el4fvj9g,swesmith/swesmith-oauthlib__oauthlib.1fd52536.combine_file__el4fvj9g,difficult,0.2725,0.3125,frontier,1.0,0.0,0.0,0.15,20,0.0,0.0,0.0,,,,,,10.0,False,True,False,False,False
1894,swtbench,swtbench-matplotlib__matplotlib-24177,swtbench/swtbench-matplotlib__matplotlib-24177,base_representative;high_composite,0.7166666666666667,0.7766666666666666,medium,0.5076923076923077,1.0,0.358974358974359,1.0,12,0.4923076923076923,0.5416666666666666,0.3839668677836091,0.2385130193168199,0.31763045368351117,0.17851897370942926,1.0,26.0,2.0,True,False,False,False,True
1895,swtbench,swtbench-django__django-14855,swtbench/swtbench-django__django-14855,base_representative,0.5674359006410257,0.6274359006410257,medium,0.49487180769230765,0.9743589743589743,0.23076923076923078,0.3,12,0.5051281923076923,0.5111110833333333,0.2671292469347183,0.2831751532340866,0.233194689690581,0.16849684244948304,2.0,31.0,12.0,True,False,False,False,False
1896,swtbench,swtbench-astropy__astropy-14365,swtbench/swtbench-astropy__astropy-14365,high_composite,0.7850897435897436,0.7850897435897436,medium,0.65,0.8974358974358975,0.717948717948718,0.86,14,0.35,0.3928571428571429,0.3514547028612155,0.3543416328133341,0.22243007193136424,0.3297090780492007,5.0,12.0,1.0,False,False,False,False,True
1897,swtbench,swtbench-sphinx-doc__sphinx-9673,swtbench/swtbench-sphinx-doc__sphinx-9673,difficult;high_composite,0.7024615384615384,0.7424615384615384,hard,0.7538461538461538,0.7948717948717948,0.48717948717948717,0.76,12,0.2461538461538461,0.3,0.3316624790355399,0.2221798677566701,0.19716883390254078,0.22232768844220918,9.0,21.0,3.0,False,True,False,False,True
1898,swtbench,swtbench-sphinx-doc__sphinx-8475,swtbench/swtbench-sphinx-doc__sphinx-8475,difficult;high_composite,0.6977692307692308,0.7377692307692308,hard,0.8923076923076924,0.5641025641025641,0.6410256410256411,0.78,12,0.1076923076923076,0.2333333333333333,0.334995854037363,0.1663470504606214,0.16695303928233615,0.2962055526233869,18.0,15.0,4.0,False,True,False,False,True
1899,swtbench,swtbench-astropy__astropy-14182,swtbench/swtbench-astropy__astropy-14182,unique_unpredictable;high_composite,0.668974358974359,0.708974358974359,medium,0.6692307692307693,0.3333333333333333,1.0,0.9,26,0.3307692307692307,0.3307692307692307,0.3549314460018254,0.5656684019826574,0.106963393227347,0.5730084317637278,27.0,1.0,6.0,False,False,False,True,True
1900,swtbench,swtbench-matplotlib__matplotlib-24870,swtbench/swtbench-matplotlib__matplotlib-24870,high_composite,0.6965384615384616,0.6965384615384616,medium,0.6692307692307692,0.8461538461538461,0.6923076923076923,0.4,12,0.3307692307692308,0.3666666666666667,0.2924988129130707,0.2759333180915034,0.21692084369306783,0.32560360645476283,7.0,13.0,5.0,False,False,False,False,True
1901,swtbench,swtbench-django__django-14631,swtbench/swtbench-django__django-14631,difficult,0.6324102564102564,0.6724102564102564,hard,0.7923076923076923,0.6923076923076923,0.5641025641025641,0.34,13,0.2076923076923077,0.2153846153846154,0.2769230769230769,0.3140646146092448,0.18832471724536443,0.2540739515275957,13.0,18.0,7.0,False,True,False,False,False
1902,swtbench,swtbench-sympy__sympy-15875,swtbench/swtbench-sympy__sympy-15875,unique_unpredictable,0.6308590064102564,0.6708590064102564,medium,0.6294873076923078,0.28205128205128205,0.9230769230769231,0.96,18,0.3705126923076923,0.387037,0.3771872706948396,0.4300619172452625,0.09062346256104158,0.48796820333657487,29.0,4.0,8.0,False,False,False,True,False
1903,swtbench,swtbench-pytest-dev__pytest-5631,swtbench/swtbench-pytest-dev__pytest-5631,difficult,0.6304294871794872,0.6704294871794872,hard,0.7557692307692307,0.9487179487179487,0.08974358974358974,0.58,12,0.2442307692307692,0.2958333333333333,0.3152104676067863,0.2694930289021821,0.23212753974890563,0.13559872014776786,3.0,37.0,9.0,False,True,False,False,False
1904,swtbench,swtbench-pydata__xarray-6721,swtbench/swtbench-pydata__xarray-6721,difficult,0.5414935897435897,0.5814935897435898,hard,0.9211538461538462,0.41025641025641024,0.5384615384615384,0.22,12,0.0788461538461538,0.1708333333333333,0.2295451420139886,-0.049443172515556,0.12272848689588488,0.2514828200713741,24.0,19.0,13.0,False,True,False,False,False
1905,swtbench,swtbench-django__django-13809,swtbench/swtbench-django__django-13809,difficult;unique_unpredictable,0.49901282051282053,0.5790128205128205,hard,0.8884615384615385,0.02564102564102564,0.8076923076923077,0.44,13,0.1115384615384615,0.2230769230769231,0.2939226642237354,-0.2740204263252565,0.0004560407109437287,0.41179362525272656,39.0,9.0,23.0,False,True,False,True,False
1906,swtbench,swtbench-django__django-13401,swtbench/swtbench-django__django-13401,unique_unpredictable,0.5308717948717949,0.570871794871795,easy,0.2692307692307693,0.38461538461538464,0.8717948717948718,0.74,20,0.7307692307692307,0.7100000000000001,0.3315116890850155,0.5164785598562888,0.116439444758202,0.4702903462885054,25.0,6.0,17.0,False,False,False,True,False
1907,swtbench,swtbench-sympy__sympy-13372,swtbench/swtbench-sympy__sympy-13372,unique_unpredictable,0.5205897435897435,0.5605897435897436,medium,0.48461538461538456,0.15384615384615385,0.9743589743589743,0.68,21,0.5153846153846154,0.4952380952380951,0.3243692641128838,0.5739055616410266,0.06656147785147404,0.5688791508882289,34.0,2.0,20.0,False,False,False,True,False
1908,swtbench,swtbench-django__django-16145,swtbench/swtbench-django__django-16145,difficult,0.5086666666666667,0.5486666666666667,hard,0.7384615384615385,0.5128205128205128,0.41025641025641024,0.28,12,0.2615384615384615,0.3333333333333333,0.262466929133727,0.2818599736581547,0.16109414570390407,0.18932077160011818,20.0,24.0,22.0,False,True,False,False,False
1909,swtbench,swtbench-matplotlib__matplotlib-23476,swtbench/swtbench-matplotlib__matplotlib-23476,difficult,0.48576923076923073,0.5257692307692308,hard,0.8,0.6666666666666666,0.08974358974358974,0.2,12,0.2,0.1999999999999999,0.2,0.3892732241629002,0.1862197977871486,0.13559872014776786,14.0,36.0,24.0,False,True,False,False,False
1910,swtbench,swtbench-pydata__xarray-7393,swtbench/swtbench-pydata__xarray-7393,difficult,0.47171794551282054,0.5117179455128206,hard,0.9358974230769231,0.23076923076923078,0.4358974358974359,0.32,12,0.0641025769230769,0.1388889166666666,0.2727885803473263,-0.3034450881810612,0.0899637383932484,0.19506257839198926,31.0,23.0,27.0,False,True,False,False,False
1911,swtbench,swtbench-django__django-13590,swtbench/swtbench-django__django-13590,difficult;unique_unpredictable,0.4217564102564103,0.5017564102564103,hard,0.7115384615384617,0.05128205128205128,0.8076923076923077,0.16,14,0.2884615384615384,0.2785714285714286,0.1858515975893955,-0.3493791211107522,0.00523006316064885,0.41179362525272656,38.0,8.0,33.0,False,True,False,True,False
1912,swtbench,swtbench-django__django-12050,swtbench/swtbench-django__django-12050,unique_unpredictable,0.4583589743589743,0.4983589743589743,easy,0.2615384615384614,0.20512820512820512,0.9487179487179487,0.56,14,0.7384615384615386,0.6857142857142857,0.3090472521826277,-0.28072262876778,0.08323822743191209,0.4890799876941939,32.0,3.0,29.0,False,False,False,True,False
1913,swtbench,swtbench-django__django-16877,swtbench/swtbench-django__django-16877,unique_unpredictable,0.456,0.496,medium,0.5461538461538461,0.07692307692307693,0.8461538461538461,0.54,12,0.4538461538461539,0.4875,0.3069507289452169,0.2060537962431572,0.03248882899119835,0.4672743398662069,37.0,7.0,30.0,False,False,False,True,False
1914,swtbench,swtbench-pydata__xarray-4356,swtbench/swtbench-pydata__xarray-4356,difficult;frontier_with_variance,0.41415384615384615,0.4941538461538461,frontier,0.9615384615384616,0.3076923076923077,0.19230769230769232,0.12,12,0.0384615384615384,0.0833333333333333,0.1724013405464766,0.3688471342634922,0.1001546500037534,0.1586508151092787,28.0,32.0,34.0,False,True,True,False,False
1915,swtbench,swtbench-django__django-12209,swtbench/swtbench-django__django-12209,difficult;frontier_with_variance,0.41051282051282056,0.4905128205128205,frontier,0.976923076923077,0.10256410256410256,0.46153846153846156,0.1,14,0.023076923076923,0.0428571428571428,0.1545236260913138,-0.1538121718367789,0.05304185682859097,0.21869674094581282,36.0,22.0,36.0,False,True,True,False,False
1916,swtbench,swtbench-django__django-14373,swtbench/swtbench-django__django-14373,unique_unpredictable,0.44787179487179485,0.48787179487179483,easy,0.22307692307692295,0.2564102564102564,0.8974358974358975,0.52,13,0.776923076923077,0.7538461538461539,0.3053758960196801,0.0575078539238659,0.09013243580342518,0.4814431282690783,30.0,5.0,31.0,False,False,False,True,False
1917,swtbench,swtbench-sphinx-doc__sphinx-8721,swtbench/swtbench-sphinx-doc__sphinx-8721,difficult,0.4372564102564103,0.4772564102564103,hard,0.9461538461538462,0.358974358974359,0.19230769230769232,0.18,12,0.0538461538461538,0.1166666666666666,0.1907587190376599,0.2834897233396318,0.11545980816916059,0.1586508151092787,26.0,33.0,32.0,False,True,False,False,False
1918,swtbench,swtbench-django__django-15103,swtbench/swtbench-django__django-15103,difficult;frontier_with_variance,0.39297436217948717,0.47297436217948713,frontier,0.9717948846153847,0.1282051282051282,0.38461538461538464,0.06,12,0.0282051153846153,0.0611110833333333,0.1104144143725947,-0.4421085739913446,0.05356050374984513,0.18137076516745698,35.0,25.0,37.0,False,True,True,False,False
1919,swtbench,swtbench-sphinx-doc__sphinx-8548,swtbench/swtbench-sphinx-doc__sphinx-8548,difficult,0.2545,0.2945,frontier,1.0,0.0,0.0,0.03,12,0.0,0.0,0.0,,,,,,39.0,False,True,False,False,False
1920,usaco,usaco-193,usaco/usaco-193,base_representative,0.5867960164835164,0.6467960164835165,easy,0.1942307692307691,1.0,0.2967032967032967,0.7604166666666666,18,0.8057692307692309,0.7194444444444444,0.4113456538163254,0.3162239077803022,0.3753379105859767,0.025345074356116104,1.0,65.0,15.0,True,False,False,False,False
1921,usaco,usaco-940,usaco/usaco-940,base_representative,0.5012362637362637,0.5612362637362638,easy,0.15384615384615385,0.989010989010989,0.016483516483516484,0.75,19,0.8461538461538461,0.7894736842105263,0.4076824574955175,0.4579116215795804,0.37312694397132595,0.0,2.0,91.0,36.0,True,False,False,False,False
1922,usaco,usaco-436,usaco/usaco-436,unique_unpredictable;high_composite,0.7884271978021978,0.8284271978021979,medium,0.48269230769230764,0.8131868131868132,0.945054945054945,0.9791666666666666,19,0.5173076923076924,0.4868421052631579,0.4541742377404808,0.4146468624172921,0.3502345071295368,0.19839203465504596,18.0,6.0,1.0,False,False,False,True,True
1923,usaco,usaco-1328,usaco/usaco-1328,unique_unpredictable;high_composite,0.7258356002747253,0.7658356002747253,medium,0.3974358076923077,0.7802197802197802,0.9010989010989011,0.8541666666666666,19,0.6025641923076923,0.5789473684210527,0.4187785952622359,0.3210392741671328,0.34720335347367304,0.14603140028307493,21.0,10.0,3.0,False,False,False,True,True
1924,usaco,usaco-1064,usaco/usaco-1064,high_composite,0.7274725274725274,0.7274725274725274,medium,0.36923076923076925,0.9120879120879121,0.7637362637362637,0.8333333333333334,18,0.6307692307692307,0.5666666666666668,0.413991411612474,0.4235217604347742,0.36400582779963325,0.10129243818724576,9.0,22.0,2.0,False,False,False,False,True
1925,usaco,usaco-342,usaco/usaco-342,high_composite,0.707760989010989,0.707760989010989,easy,0.22307692307692306,0.9340659340659341,0.7252747252747253,0.9583333333333334,20,0.7769230769230769,0.71,0.4448595283907044,0.3077001474308536,0.3657383738502659,0.08462550753532838,7.0,26.0,4.0,False,False,False,False,True
1926,usaco,usaco-111,usaco/usaco-111,high_composite,0.6959993131868133,0.6959993131868133,medium,0.3403846153846154,0.9010989010989011,0.6758241758241759,0.84375,18,0.6596153846153846,0.6083333333333333,0.417748595316476,0.4021001995388161,0.3637661395108088,0.07809223522511677,10.0,30.0,5.0,False,False,False,False,True
1927,usaco,usaco-553,usaco/usaco-553,high_composite,0.6716517857142859,0.6716517857142859,easy,0.2846153846153846,0.9230769230769231,0.5659340659340659,0.90625,20,0.7153846153846154,0.6600000000000001,0.424735211631906,0.2505184115682528,0.3641617977980309,0.069529253854831,8.0,41.0,6.0,False,False,False,False,True
1928,usaco,usaco-1040,usaco/usaco-1040,unique_unpredictable;high_composite,0.630786401098901,0.6707864010989011,medium,0.625,0.3076923076923077,0.8736263736263736,0.9895833333333334,19,0.375,0.4394736842105263,0.4549664381399962,0.2825702535597089,0.28255134571597623,0.13357519988695554,64.0,12.0,9.0,False,False,False,True,True
1929,usaco,usaco-547,usaco/usaco-547,unique_unpredictable;high_composite,0.6231971153846153,0.6631971153846153,medium,0.6038461538461539,0.32967032967032966,0.8461538461538461,0.96875,19,0.3961538461538461,0.4499999999999999,0.4510222307509675,0.1913350836992521,0.28859864755838305,0.1261887710214894,62.0,15.0,10.0,False,False,False,True,True
1930,usaco,usaco-433,usaco/usaco-433,high_composite,0.6449690934065934,0.6449690934065934,medium,0.33461538461538454,0.8021978021978022,0.5659340659340659,0.9270833333333334,19,0.6653846153846155,0.6157894736842104,0.4258281811825007,0.2773030245142472,0.3502174203815145,0.069529253854831,19.0,40.0,7.0,False,False,False,False,True
1931,usaco,usaco-206,usaco/usaco-206,high_composite,0.6367445054945055,0.6367445054945055,medium,0.3519230769230769,0.6923076923076923,0.6758241758241759,0.9166666666666666,18,0.6480769230769231,0.6027777777777777,0.4253992315141618,0.209816778609278,0.3399718955284467,0.07809223522511677,29.0,31.0,8.0,False,False,False,False,True
1932,usaco,usaco-1039,usaco/usaco-1039,unique_unpredictable;high_composite,0.595003434065934,0.6350034340659341,medium,0.5807692307692308,0.2967032967032967,0.8901098901098901,0.8229166666666666,20,0.4192307692307692,0.4325,0.4136045816960929,0.2742790866543024,0.28104107592619243,0.13852012068912878,65.0,11.0,13.0,False,False,False,True,True
1933,usaco,usaco-1279,usaco/usaco-1279,unique_unpredictable;high_composite,0.5870364010989011,0.6270364010989011,medium,0.3653846153846154,0.5384615384615384,0.8351648351648352,0.65625,19,0.6346153846153846,0.5921052631578947,0.3927846463309784,0.3091517477513217,0.31999543618008625,0.1256609505155898,43.0,16.0,14.0,False,False,False,True,True
1934,usaco,usaco-1229,usaco/usaco-1229,unique_unpredictable,0.5835908914835164,0.6235908914835164,medium,0.4910256538461538,0.42857142857142855,0.9120879120879121,0.5520833333333334,20,0.5089743461538462,0.49666665,0.3789825632166043,0.4156191926763735,0.3115676583697683,0.16642062129313306,53.0,9.0,16.0,False,False,False,True,False
1935,usaco,usaco-1138,usaco/usaco-1138,unique_unpredictable,0.5746222527472528,0.6146222527472528,medium,0.4884615384615384,0.24175824175824176,0.9340659340659341,0.8958333333333334,20,0.5115384615384616,0.515,0.4219300889957955,0.3846155507004161,0.2630051979335708,0.17712381276879552,70.0,7.0,17.0,False,False,False,True,False
1936,usaco,usaco-812,usaco/usaco-812,unique_unpredictable,0.5716689560439561,0.6116689560439561,medium,0.6,0.17582417582417584,0.978021978021978,0.7708333333333334,19,0.4,0.4736842105263157,0.4114699007514119,0.05052077422179,0.20869394129011534,0.3227505298367389,76.0,3.0,18.0,False,False,False,True,False
1937,usaco,usaco-791,usaco/usaco-791,difficult,0.570392625,0.610392625,hard,0.7589743461538462,0.18681318681318682,0.6923076923076923,0.9479166666666666,18,0.2410256538461538,0.3481481666666666,0.4386036087990879,0.3053735966852523,0.21015689006301658,0.08214655027305873,75.0,29.0,19.0,False,True,False,False,False
1938,usaco,usaco-1132,usaco/usaco-1132,unique_unpredictable,0.5692822802197802,0.6092822802197803,medium,0.6134615384615385,0.26373626373626374,0.8131868131868132,0.8020833333333334,19,0.3865384615384615,0.4368421052631579,0.4128980074339621,0.3684066177084205,0.2646655322079594,0.12182472149479062,68.0,18.0,20.0,False,False,False,True,False
1939,usaco,usaco-412,usaco/usaco-412,high_composite,0.6012190934065933,0.6012190934065933,easy,0.22307692307692306,0.8571428571428571,0.45054945054945056,0.8854166666666666,20,0.7769230769230769,0.71,0.4217819341792628,0.3634252785485003,0.3535434323562515,0.04084097140200815,14.0,51.0,11.0,False,False,False,False,True
1940,usaco,usaco-1114,usaco/usaco-1114,high_composite,0.5978021978021977,0.5978021978021977,easy,0.2288461538461538,0.6043956043956044,0.7912087912087912,0.875,18,0.7711538461538462,0.6694444444444445,0.4210601845489051,0.2284210652560528,0.32439896463962037,0.110262524951387,37.0,20.0,12.0,False,False,False,False,True
1941,usaco,usaco-866,usaco/usaco-866,difficult;unique_unpredictable,0.4989697802197802,0.5789697802197803,hard,0.7846153846153847,0.12087912087912088,0.967032967032967,0.125,18,0.2153846153846153,0.2666666666666667,0.3131382371342656,0.3121189947589977,0.17540102070891525,0.23447641040547618,81.0,4.0,37.0,False,True,False,True,False
1942,usaco,usaco-230,usaco/usaco-230,unique_unpredictable,0.5380036662087911,0.5780036662087912,medium,0.3621795,0.3626373626373626,0.8571428571428571,0.7083333333333334,20,0.6378205,0.60416665,0.3986391895840491,0.3412358853214292,0.30144951896015,0.12831644247569263,59.0,14.0,22.0,False,False,False,True,False
1943,usaco,usaco-345,usaco/usaco-345,unique_unpredictable,0.5368990384615384,0.5768990384615384,medium,0.5596153846153846,0.31868131868131866,0.9230769230769231,0.3645833333333333,19,0.4403846153846154,0.4552631578947367,0.3590538505433798,0.5255114011498235,0.28710047222451074,0.1664422524987491,63.0,8.0,23.0,False,False,False,True,False
1944,usaco,usaco-1231,usaco/usaco-1231,unique_unpredictable,0.5340831043956044,0.5740831043956044,medium,0.5384615384615383,0.34065934065934067,0.8021978021978022,0.53125,18,0.4615384615384616,0.4888888888888888,0.3769598989708305,0.4548063829261599,0.2908231976892411,0.12163320131430722,61.0,19.0,25.0,False,False,False,True,False
1945,usaco,usaco-818,usaco/usaco-818,difficult;unique_unpredictable,0.49352678571428577,0.5735267857142858,hard,0.9230769230769231,0.02197802197802198,0.989010989010989,0.052083333333333336,19,0.0769230769230769,0.1052631578947368,0.2459646620115352,0.200188289919397,0.07243617505596245,0.40737355038814493,90.0,2.0,40.0,False,True,False,True,False
1946,usaco,usaco-1068,usaco/usaco-1068,difficult;unique_unpredictable,0.49189560439560437,0.5718956043956044,hard,0.9153846153846154,0.03296703296703297,0.9560439560439561,0.08333333333333333,19,0.0846153846153846,0.1157894736842105,0.2777032833320614,0.4465836606244863,0.096363286224813,0.2242883503078077,89.0,5.0,43.0,False,True,False,True,False
1947,usaco,usaco-248,usaco/usaco-248,difficult,0.5225847101648351,0.5625847101648351,hard,0.7794871923076923,0.15384615384615385,0.532967032967033,0.9375,19,0.2205128076923077,0.3017543684210526,0.4268028393906452,0.3880255925896528,0.19587212001620996,0.05368722762729661,78.0,43.0,29.0,False,True,False,False,False
1948,usaco,usaco-925,usaco/usaco-925,difficult;unique_unpredictable,0.48234890109890105,0.5623489010989011,hard,0.7923076923076923,0.0989010989010989,0.8736263736263736,0.20833333333333334,19,0.2076923076923077,0.2842105263157894,0.3410713120290193,0.328765935697827,0.17277460548314136,0.13357519988695554,83.0,13.0,45.0,False,True,False,True,False
1949,usaco,usaco-93,usaco/usaco-93,difficult;unique_unpredictable,0.4670673076923077,0.5470673076923077,hard,0.8153846153846154,0.01098901098901099,1.0,0.0625,20,0.1846153846153846,0.21,0.2567099530598687,-0.1859480457041438,0.04541302318173905,0.6305604862615395,91.0,1.0,51.0,False,True,False,True,False
1950,usaco,usaco-365,usaco/usaco-365,unique_unpredictable,0.5070054945054945,0.5470054945054945,easy,0.21346153846153837,0.43956043956043955,0.8241758241758241,0.625,19,0.7865384615384616,0.7078947368421052,0.3819145529588691,0.1374966454306848,0.31337139755179355,0.12332527030659735,52.0,17.0,34.0,False,False,False,True,False
1951,usaco,usaco-840,usaco/usaco-840,difficult,0.49610233516483515,0.5361023351648352,hard,0.8076923076923077,0.14285714285714285,0.532967032967033,0.7395833333333334,19,0.1923076923076923,0.2631578947368421,0.4055023217738573,0.5299354422633568,0.1797408662273024,0.05368722762729661,79.0,44.0,39.0,False,True,False,False,False
1952,usaco,usaco-950,usaco/usaco-950,difficult,0.4468406593406593,0.4868406593406593,hard,0.8346153846153845,0.10989010989010989,0.5989010989010989,0.3333333333333333,19,0.1653846153846154,0.2263157894736842,0.3581268597095578,0.4586745060233496,0.1732916195424744,0.0727209789949873,82.0,38.0,58.0,False,True,False,False,False
1953,usaco,usaco-865,usaco/usaco-865,difficult,0.42199519230769234,0.4619951923076923,hard,0.8615384615384616,0.06593406593406594,0.6153846153846154,0.19791666666666666,19,0.1384615384615384,0.1894736842105263,0.3401156720295476,0.4525443778717116,0.1517406308941645,0.07503637205529334,86.0,36.0,60.0,False,True,False,False,False
1954,usaco,usaco-1021,usaco/usaco-1021,difficult,0.41907623626373625,0.4590762362637362,hard,0.8692307692307693,0.054945054945054944,0.5989010989010989,0.21875,19,0.1307692307692307,0.1789473684210526,0.3427120125494675,0.4744301987057814,0.14931918604418293,0.0727209789949873,87.0,37.0,61.0,False,True,False,False,False
1955,usaco,usaco-1204,usaco/usaco-1204,difficult,0.4140625,0.4540625,hard,0.8288461538461539,0.08791208791208792,0.4230769230769231,0.46875,20,0.1711538461538461,0.2225,0.3736559246151464,0.3923617787961752,0.16686654058710382,0.037791104180559754,84.0,54.0,62.0,False,True,False,False,False
1956,usaco,usaco-837,usaco/usaco-837,difficult,0.39344093406593406,0.43344093406593404,hard,0.8423076923076923,0.04395604395604396,0.5824175824175825,0.14583333333333334,19,0.1576923076923077,0.2157894736842105,0.3183231689481566,0.6163401177721193,0.14058210038134156,0.06989082823358816,88.0,39.0,69.0,False,True,False,False,False
1957,usaco,usaco-1069,usaco/usaco-1069,difficult,0.3824519230769231,0.4224519230769231,hard,0.8615384615384616,0.07692307692307693,0.4230769230769231,0.22916666666666666,19,0.1384615384615384,0.1894736842105263,0.3462501937557585,0.4532295028721208,0.15175208354021588,0.037791104180559754,85.0,53.0,73.0,False,True,False,False,False
