benchmark,task_column,task_id,representativeness_score,leave_one_out_aggregate_correlation,useful_representativeness_score,mean_abs_similarity_to_peer_tasks,difficulty_tier,task_score,observed_mean,observed_std,strength_correlation
arc-agi-2,arc-agi-2/arc-agi-2-8e5c0c38_0,arc-agi-2-8e5c0c38_0,0.9976698122073305,0.9976119303395315,0.28128410958083544,0.8680003053057797,hard,0.1153846153846153,0.15,0.2819574435974337,0.651403689099715
humanevalfix,humanevalfix/humanevalfix-python-118,humanevalfix-python-118,0.9821017853912073,0.9802246901559051,0.25163343419804673,0.5803344949046302,easy,0.9153846153846156,0.89,0.2567099530598687,0.5038870321638436
lawbench,lawbench/lawbench-3-2-8-one-shot,lawbench-3-2-8-one-shot,0.9815509228529031,0.9812981289049394,0.19820810847447623,0.8082760223594918,medium,0.3263802307692307,0.293101,0.2019856174551792,0.3223635957496003
lawbench,lawbench/lawbench-3-3-16-one-shot,lawbench-3-3-16-one-shot,0.9810642441271931,0.9808048466212075,0.2739396994584162,0.8085539921443661,medium,0.4418591538461539,0.3870000666666666,0.2793009235243036,0.316740607763271
lawbench,lawbench/lawbench-3-1-15-zero-shot,lawbench-3-1-15-zero-shot,0.9808032143445568,0.9805402764021321,0.4011429740362627,0.8104487124655674,medium,0.6789621153846154,0.574207,0.4091040252912047,0.2975106709915687
arc-agi-2,arc-agi-2/arc-agi-2-b6f77b65_0,arc-agi-2-b6f77b65_0,0.980554487183544,0.9800757524671581,0.30540015956731553,0.8529250339935985,hard,0.1307692307692307,0.1699999999999999,0.3116087290176576,0.6441344872866014
lawbench,lawbench/lawbench-2-3-21-one-shot,lawbench-2-3-21-one-shot,0.9799152460373886,0.9796402714752058,0.36206892097228155,0.805852501130961,medium,0.5891399615384615,0.5129759333333334,0.3695937493739969,0.3472209649926072
lawbench,lawbench/lawbench-2-10-5-one-shot,lawbench-2-10-5-one-shot,0.9782902017575574,0.977993228150329,0.37690308929205973,0.8077964084200112,medium,0.6365753846153847,0.539959,0.3853841503635906,0.3315465374697116
lawbench,lawbench/lawbench-3-6-6-zero-shot,lawbench-3-6-6-zero-shot,0.9781818541631544,0.9778834151248916,0.3194714726580106,0.8056091898983065,medium,0.5467307692307692,0.474375,0.3266968922028491,0.3208272115016923
lawbench,lawbench/lawbench-2-7-2-one-shot,lawbench-2-7-2-one-shot,0.9779057043598,0.977603531068562,0.18531339720811696,0.8059437107341364,medium,0.3187514615384615,0.278091125,0.1895588460135384,0.3214417315680644
lawbench,lawbench/lawbench-3-3-15-zero-shot,lawbench-3-3-15-zero-shot,0.9777458348645919,0.977441500219905,0.26889111466767646,0.8035426434973442,medium,0.4292306153846154,0.3748888666666666,0.2750968877494779,0.3535154086544754
lawbench,lawbench/lawbench-3-1-23-zero-shot,lawbench-3-1-23-zero-shot,0.9770395520921793,0.9767256731831906,0.4115174064594488,0.8096551355996346,easy,0.7026532692307692,0.5909264666666666,0.4213234255615459,0.2886569422868192
lawbench,lawbench/lawbench-1-2-5-one-shot,lawbench-1-2-5-one-shot,0.9765086044393955,0.9761875552698868,0.36930780656398404,0.799184525343372,medium,0.5707692307692308,0.52,0.3783164460254581,0.3713302068860327
arc-agi-2,arc-agi-2/arc-agi-2-135a2760_0,arc-agi-2-135a2760_0,0.9763446511186077,0.9757635569178635,0.3140685660318977,0.8492169875048226,hard,0.1384615384615384,0.18,0.3218695387886216,0.6367409867122799
lawbench,lawbench/lawbench-3-5-22-one-shot,lawbench-3-5-22-one-shot,0.9750730389651383,0.9747326229071231,0.399192484240275,0.8068961025843918,easy,0.7033941923076923,0.6034780625,0.4095404984494007,0.2848193002721377
lawbench,lawbench/lawbench-3-2-13-zero-shot,lawbench-3-2-13-zero-shot,0.974851824711,0.9745084268871679,0.1658985511503755,0.8080526799236508,hard,0.2860687692307692,0.2381768,0.1702381904282741,0.3013632412058858
lawbench,lawbench/lawbench-3-4-3-zero-shot,lawbench-3-4-3-zero-shot,0.9746106679054442,0.9742640202950485,0.39328397423525685,0.8029394680587888,medium,0.6335091923076923,0.5561463333333333,0.4036728915804093,0.3092576211073078
lawbench,lawbench/lawbench-2-9-16-zero-shot,lawbench-2-9-16-zero-shot,0.9738686910253642,0.9735120498113891,0.3865723372536484,0.8048042880455669,medium,0.666381153846154,0.5561370666666667,0.3970904492949461,0.287523461006926
lawbench,lawbench/lawbench-3-5-17-one-shot,lawbench-3-5-17-one-shot,0.973770863366218,0.9734129051020058,0.3739602233104276,0.806205422072075,medium,0.6481011153846155,0.5637477500000001,0.3841743019332989,0.2716730095412973
lawbench,lawbench/lawbench-3-3-7-zero-shot,lawbench-3-3-7-zero-shot,0.9737007305785511,0.9733418282022518,0.25539911924160796,0.8059458322807084,medium,0.4372223076923077,0.3679628666666666,0.2623940653134433,0.2740560308200296
lawbench,lawbench/lawbench-3-5-15-one-shot,lawbench-3-5-15-one-shot,0.9729464754815504,0.9725774238761384,0.40600105795771835,0.8070812865532984,easy,0.7047326923076924,0.5893615333333333,0.417448573235054,0.2907668541011159
lawbench,lawbench/lawbench-3-2-10-one-shot,lawbench-3-2-10-one-shot,0.9719455578250163,0.9715630503005772,0.17867345002557897,0.7973496328311864,hard,0.2855379615384615,0.2532756666666666,0.1839030930316894,0.3720235036440021
lawbench,lawbench/lawbench-2-8-17-zero-shot,lawbench-2-8-17-zero-shot,0.971847747452154,0.9714639257639712,0.31189195253489005,0.8021754521734021,medium,0.5080769230769231,0.4406666666666666,0.3210535607790216,0.3289180762872656
lawbench,lawbench/lawbench-3-3-21-zero-shot,lawbench-3-3-21-zero-shot,0.9717967013598015,0.9714121938784938,0.27454538247302346,0.7999806253070174,medium,0.4523781538461539,0.409177,0.2826250115070762,0.3553572849363188
lawbench,lawbench/lawbench-3-3-8-zero-shot,lawbench-3-3-8-zero-shot,0.9717193831397476,0.971333836975014,0.24206332561219887,0.8018324517277674,medium,0.4071741538461537,0.3427685333333333,0.2492071380587821,0.3427149850962037
arc-agi-2,arc-agi-2/arc-agi-2-446ef5d2_1,arc-agi-2-446ef5d2_1,0.9715762270069274,0.9708797431789955,0.3000316882111159,0.8450169336282402,hard,0.1153846153846153,0.15,0.3090307428072488,0.6598883042223568
lawbench,lawbench/lawbench-3-8-8-one-shot,lawbench-3-8-8-one-shot,0.9714816686057404,0.9710929295415394,0.09645165914184813,0.7961207334060247,hard,0.1571046153846153,0.1397999999999999,0.0993227900314172,0.3653171127040483
lawbench,lawbench/lawbench-2-5-19-one-shot,lawbench-2-5-19-one-shot,0.9710881964796574,0.9706941741856773,0.3693123194603536,0.8046999847017179,medium,0.6537664615384615,0.5623876875,0.3804620747519913,0.2921049000136453
lawbench,lawbench/lawbench-3-5-21-one-shot,lawbench-3-5-21-one-shot,0.9710128905231694,0.9706178573298968,0.4071659741849914,0.8062906025465605,easy,0.7143908461538462,0.5918045333333333,0.4194915342945339,0.2818561021014693
lawbench,lawbench/lawbench-3-1-0-one-shot,lawbench-3-1-0-one-shot,0.9708092016143748,0.9704114345233176,0.352339688387733,0.8049065464565213,medium,0.618198,0.5093207333333333,0.3630827872105693,0.2617987368510526
lawbench,lawbench/lawbench-2-3-12-one-shot,lawbench-2-3-12-one-shot,0.970443220095981,0.9700405422980868,0.31404365623272024,0.8040505604690612,medium,0.532268576923077,0.4520782666666667,0.3237428154175197,0.314971222589988
arc-agi-2,arc-agi-2/arc-agi-2-cb2d8a2c_1,arc-agi-2-cb2d8a2c_1,0.970263053327784,0.969534895284397,0.3575468027988521,0.843860283113827,hard,0.1538461538461538,0.2,0.3687817782917155,0.6608799866332461
lawbench,lawbench/lawbench-2-3-13-one-shot,lawbench-2-3-13-one-shot,0.970198986064985,0.969793032208233,0.3429921398442312,0.8020018199185848,medium,0.5661519615384615,0.4922994,0.3536756075296118,0.3148493895255036
lawbench,lawbench/lawbench-2-6-24-one-shot,lawbench-2-6-24-one-shot,0.9695228806714997,0.9691078621929505,0.3813170980237822,0.8050164351442921,medium,0.6740664999999999,0.5823905625,0.3934722984920553,0.2843704896891328
lawbench,lawbench/lawbench-2-3-10-zero-shot,lawbench-2-3-10-zero-shot,0.9694859101894725,0.9690703962294188,0.37206934298442257,0.8023565098809428,medium,0.6272428076923077,0.5308650666666667,0.3839445972471317,0.3269006661484855
arc-agi-2,arc-agi-2/arc-agi-2-edb79dae_0,arc-agi-2-edb79dae_0,0.9694800860287907,0.9687330636738127,0.34658447718820445,0.8431706412610147,hard,0.1538461538461538,0.2,0.3577708763999664,0.6543766423372255
lawbench,lawbench/lawbench-3-3-15-one-shot,lawbench-3-3-15-one-shot,0.9694134232375876,0.9689969378572814,0.26627945989429874,0.8021501937138286,medium,0.4583331153846153,0.3958331875,0.274799072619482,0.3185736238151868
lawbench,lawbench/lawbench-2-5-2-one-shot,lawbench-2-5-2-one-shot,0.9692929953871456,0.9688748962795164,0.3373302689343341,0.8010675596434228,medium,0.5817043461538461,0.503657375,0.3481670030152332,0.3327235905726926
arc-agi-2,arc-agi-2/arc-agi-2-b10624e5_0,arc-agi-2-b10624e5_0,0.9691948775439206,0.9684409874823076,0.33252941202424463,0.8429194280772762,hard,0.1461538461538461,0.19,0.3433656942677879,0.6411392191954914
lawbench,lawbench/lawbench-3-3-13-zero-shot,lawbench-3-3-13-zero-shot,0.969135244465123,0.9687150318123519,0.2901367849755955,0.8050288932708338,medium,0.5096793076923078,0.4189999333333333,0.2995068471610105,0.2810197036764107
lawbench,lawbench/lawbench-3-3-0-zero-shot,lawbench-3-3-0-zero-shot,0.9686794668718914,0.9682531496881839,0.29695680593211476,0.8043378792984415,medium,0.5250427307692308,0.4334074,0.3066933539309908,0.2761489191492112
lawbench,lawbench/lawbench-2-3-11-zero-shot,lawbench-2-3-11-zero-shot,0.9685885558233901,0.9681610213583899,0.37053972986082706,0.8034788565281584,medium,0.6442711538461539,0.5359542666666666,0.3827253129246382,0.2937174307454367
lawbench,lawbench/lawbench-3-3-2-zero-shot,lawbench-3-3-2-zero-shot,0.9677509996372955,0.9673122559423291,0.253173038617897,0.8041387665598527,medium,0.449500076923077,0.38720825,0.2617283478655636,0.2729845886299154
lawbench,lawbench/lawbench-2-10-1-one-shot,lawbench-2-10-1-one-shot,0.9673045882806429,0.9668598741902314,0.37179118716720566,0.8023860844801928,medium,0.6507021153846154,0.5383144666666666,0.3845347160348233,0.2514749728018844
lawbench,lawbench/lawbench-3-5-2-zero-shot,lawbench-3-5-2-zero-shot,0.9662058554742179,0.9657464586834017,0.3905250849982241,0.8020799046490702,medium,0.6990672692307692,0.5943515,0.4043764090324756,0.2467236472777752
lawbench,lawbench/lawbench-3-7-21-one-shot,lawbench-3-7-21-one-shot,0.9661531288051732,0.9656930278400425,0.4009802465162367,0.8030714305762313,easy,0.7249999999999999,0.615625,0.4152253717862144,0.2678206569247222
lawbench,lawbench/lawbench-3-7-11-zero-shot,lawbench-3-7-11-zero-shot,0.9659521763569225,0.9654893919945919,0.4355733349847447,0.8023191116132824,easy,0.7834615384615385,0.6653125,0.4511425382778152,0.2756189232290102
lawbench,lawbench/lawbench-3-2-19-zero-shot,lawbench-3-2-19-zero-shot,0.9657601343662457,0.965294786123832,0.157384347881212,0.7969973591609211,hard,0.260297,0.2203735999999999,0.1630427825195174,0.3343372120619229
swebench-multilingual,swebench-multilingual/swebench-multilingual-valkey-io__valkey-1499,swebench-multilingual-valkey-io__valkey-1499,0.9648012824868129,0.9643999626053642,0.42974968297898825,0.6593196587802642,easy,0.8384615384615385,0.7000000000000001,0.4456135417280634,0.4011235240191281
lawbench,lawbench/lawbench-2-5-1-one-shot,lawbench-2-5-1-one-shot,0.9647697793220733,0.9642912174819057,0.3866505009028924,0.7960776715449009,medium,0.6435363461538461,0.5597811333333332,0.4009686014900863,0.3316183581549054
mmau,mmau/mmau-a6f1c137-3ac4-41a3-8875-620d3dcba65c,mmau-a6f1c137-3ac4-41a3-8875-620d3dcba65c,0.9646225931251295,0.9631731876295604,0.21450885397269034,0.5190758110316613,easy,0.9384615384615386,0.9200000000000002,0.2227105745132008,0.5048656012568371
swebench-multilingual,swebench-multilingual/swebench-multilingual-briannesbitt__carbon-2752,swebench-multilingual-briannesbitt__carbon-2752,0.9641019990637391,0.963692854433029,0.4286492425487566,0.6587988567495708,easy,0.8333333461538461,0.6904762142857143,0.4447986104462137,0.4027709989156663
swebench-multilingual,swebench-multilingual/swebench-multilingual-briannesbitt__carbon-2981,swebench-multilingual-briannesbitt__carbon-2981,0.9641019990637391,0.9636928544330291,0.42864924254875664,0.6587988567495708,easy,0.8333333461538461,0.6904762142857143,0.4447986104462137,0.4027709989156663
lawbench,lawbench/lawbench-2-1-24-one-shot,lawbench-2-1-24-one-shot,0.96396393850003,0.9634746351110288,0.29703755499104495,0.7913848842512791,medium,0.4646189615384614,0.4146048666666667,0.3082982614864739,0.3684286036176407
arc-agi-2,arc-agi-2/arc-agi-2-b5ca7ac4_0,arc-agi-2-b5ca7ac4_0,0.963097789863735,0.9621975854501974,0.30790322734406306,0.8375490801075346,hard,0.123076923076923,0.16,0.3199999999999999,0.6448555698856462
lawbench,lawbench/lawbench-2-7-0-zero-shot,lawbench-2-7-0-zero-shot,0.962659544258563,0.9621528732064447,0.1692697384923757,0.7970319598773825,hard,0.2843318461538461,0.2442726666666667,0.1759281120559064,0.2837648272760381
lawbench,lawbench/lawbench-1-2-20-one-shot,lawbench-1-2-20-one-shot,0.962294951420435,0.9617834302025361,0.38809600100489444,0.7833918057266539,medium,0.5798076923076925,0.5429999999999999,0.403517038054157,0.4124742221729887
lawbench,lawbench/lawbench-3-4-1-one-shot,lawbench-3-4-1-one-shot,0.9621092828673389,0.9615952924276217,0.41195236696297094,0.800423632788594,easy,0.7400175769230769,0.631892,0.4284051411305949,0.2502670622765388
labbench,labbench/labbench-figqa-0132,labbench-figqa-0132,0.9616243051703146,0.960991955370304,0.39505312483335203,0.6686279110933999,hard,0.2923076923076923,0.3846153846153846,0.4110888989503811,0.4950355065184679
lawbench,lawbench/lawbench-3-4-9-one-shot,lawbench-3-4-9-one-shot,0.9613831981321648,0.9608595560983179,0.38613119338807905,0.8002751517934893,medium,0.6956680384615385,0.5926649374999999,0.4018601791879031,0.2453994892363991
lawbench,lawbench/lawbench-2-7-17-zero-shot,lawbench-2-7-17-zero-shot,0.9604807766522745,0.9599451494036693,0.13146568079485857,0.7945133432880644,hard,0.2197738076923077,0.1895918666666666,0.1369512423460099,0.2825918792280376
lawbench,lawbench/lawbench-3-5-12-one-shot,lawbench-3-5-12-one-shot,0.95976803978956,0.959222954677613,0.39012827671871747,0.7955093716854066,medium,0.6942713846153844,0.5876663125,0.4067128239751481,0.2355269992970293
lawbench,lawbench/lawbench-3-6-15-zero-shot,lawbench-3-6-15-zero-shot,0.9596624450136733,0.9591159592912972,0.35542989322576884,0.7943806867541681,medium,0.6023076923076922,0.525625,0.3705807309143312,0.3162558328193464
arc-agi-2,arc-agi-2/arc-agi-2-58f5dbd5_0,arc-agi-2-58f5dbd5_0,0.9596062715661134,0.9586227107615067,0.3455033711213935,0.8344737318126626,hard,0.1615384615384615,0.21,0.360416425818802,0.6549412170806671
lawbench,lawbench/lawbench-2-2-12-one-shot,lawbench-2-2-12-one-shot,0.9594234702784414,0.9588738153728033,0.23534096632069482,0.7906580898245037,medium,0.3773076923076922,0.3313333333333333,0.2454347616419121,0.335215954020201
lawbench,lawbench/lawbench-2-4-16-zero-shot,lawbench-2-4-16-zero-shot,0.9591475952950429,0.9585942828519431,0.2806108100447277,0.7971459173251931,medium,0.5064423076923077,0.43234375,0.2927315706597727,0.2792754380358106
arc-agi-2,arc-agi-2/arc-agi-2-28a6681f_0,arc-agi-2-28a6681f_0,0.9586381187292045,0.9576314998532255,0.22232730607069018,0.833620977531468,hard,0.0846153846153846,0.11,0.232163735324878,0.6254911703799754
lawbench,lawbench/lawbench-2-7-22-zero-shot,lawbench-2-7-22-zero-shot,0.9586130783185031,0.9580526823289371,0.11314399259052024,0.7936917885357941,hard,0.1919702692307691,0.1705991875,0.1180978819614363,0.2828836686698808
lawbench,lawbench/lawbench-2-6-16-one-shot,lawbench-2-6-16-one-shot,0.9581120649884424,0.9575450331088587,0.37863294655239627,0.79290201407105,medium,0.6514003461538462,0.5709286874999999,0.3954205112662845,0.2616393672467351
kumo,kumo/kumo-herbenv-t4-a6-v1-s1,kumo-herbenv-t4-a6-v1-s1,0.9573248325376293,0.9562396725441711,0.30081046700608366,0.5213897235413769,easy,0.9134615384615384,0.875,0.3145764348029479,0.7336315170013596
arc-agi-2,arc-agi-2/arc-agi-2-97d7923e_0,arc-agi-2-97d7923e_0,0.9569978817098086,0.9559522530936759,0.317629431894329,0.8321762478491909,hard,0.123076923076923,0.16,0.3322649545167229,0.6541209639175506
lawbench,lawbench/lawbench-2-2-14-one-shot,lawbench-2-2-14-one-shot,0.9567817444107448,0.9561971096963829,0.14553946152341934,0.7928362108938415,hard,0.2492307692307692,0.212,0.1522065482603601,0.2745034279003717
swebench-multilingual,swebench-multilingual/swebench-multilingual-fmtlib__fmt-3729,swebench-multilingual-fmtlib__fmt-3729,0.9567007297356305,0.956209121093625,0.4413272866585961,0.6538110531723106,easy,0.8461538461538461,0.6923076923076923,0.4615384615384615,0.394846504084251
swebench-multilingual,swebench-multilingual/swebench-multilingual-fmtlib__fmt-3248,swebench-multilingual-fmtlib__fmt-3248,0.9567007297356305,0.956209121093625,0.4319712488690873,0.6538110531723106,easy,0.8461538461538461,0.7142857142857143,0.4517539514526256,0.394846504084251
swebench-multilingual,swebench-multilingual/swebench-multilingual-laravel__framework-52451,swebench-multilingual-laravel__framework-52451,0.9567007297356305,0.9562091210936253,0.42285158343774215,0.6538110531723106,easy,0.8461538461538461,0.7333333333333333,0.4422166387140533,0.394846504084251
swebench-multilingual,swebench-multilingual/swebench-multilingual-tokio-rs__tokio-7139,swebench-multilingual-tokio-rs__tokio-7139,0.9567007297356305,0.956209121093625,0.4319712488690873,0.6538110531723106,easy,0.8461538461538461,0.7142857142857143,0.4517539514526256,0.394846504084251
swebench-multilingual,swebench-multilingual/swebench-multilingual-laravel__framework-52866,swebench-multilingual-laravel__framework-52866,0.9567007297356305,0.9562091210936253,0.414050695098735,0.6538110531723106,easy,0.8461538461538461,0.75,0.4330127018922193,0.394846504084251
swebench-multilingual,swebench-multilingual/swebench-multilingual-jqlang__jq-2658,swebench-multilingual-jqlang__jq-2658,0.9567007297356305,0.9562091210936253,0.4413272866585963,0.6538110531723106,easy,0.8461538461538461,0.6923076923076923,0.4615384615384615,0.394846504084251
swebench-multilingual,swebench-multilingual/swebench-multilingual-jordansissel__fpm-1850,swebench-multilingual-jordansissel__fpm-1850,0.9567007297356305,0.9562091210936253,0.414050695098735,0.6538110531723106,easy,0.8461538461538461,0.75,0.4330127018922193,0.394846504084251
swebench-multilingual,swebench-multilingual/swebench-multilingual-jqlang__jq-2235,swebench-multilingual-jqlang__jq-2235,0.9567007297356305,0.9562091210936253,0.414050695098735,0.6538110531723106,easy,0.8461538461538461,0.75,0.4330127018922193,0.394846504084251
swebench-multilingual,swebench-multilingual/swebench-multilingual-jqlang__jq-2598,swebench-multilingual-jqlang__jq-2598,0.9567007297356305,0.9562091210936253,0.414050695098735,0.6538110531723106,easy,0.8461538461538461,0.75,0.4330127018922193,0.394846504084251
swebench-multilingual,swebench-multilingual/swebench-multilingual-javaparser__javaparser-4538,swebench-multilingual-javaparser__javaparser-4538,0.9567007297356305,0.9562091210936253,0.42285158343774215,0.6538110531723106,easy,0.8461538461538461,0.7333333333333333,0.4422166387140533,0.394846504084251
swebench-multilingual,swebench-multilingual/swebench-multilingual-laravel__framework-53914,swebench-multilingual-laravel__framework-53914,0.9567007297356305,0.9562091210936253,0.414050695098735,0.6538110531723106,easy,0.8461538461538461,0.75,0.4330127018922193,0.394846504084251
swebench-multilingual,swebench-multilingual/swebench-multilingual-fluent__fluentd-3917,swebench-multilingual-fluent__fluentd-3917,0.9567007297356305,0.956209121093625,0.4319712488690873,0.6538110531723106,easy,0.8461538461538461,0.7142857142857143,0.4517539514526256,0.394846504084251
swebench-multilingual,swebench-multilingual/swebench-multilingual-jqlang__jq-2919,swebench-multilingual-jqlang__jq-2919,0.9567007297356305,0.9562091210936251,0.4319712488690873,0.6538110531723106,easy,0.8461538461538461,0.7142857142857143,0.4517539514526256,0.394846504084251
swebench-multilingual,swebench-multilingual/swebench-multilingual-briannesbitt__carbon-3103,swebench-multilingual-briannesbitt__carbon-3103,0.9567007297356305,0.9562091210936251,0.4319712488690873,0.6538110531723106,easy,0.8461538461538461,0.7142857142857143,0.4517539514526256,0.394846504084251
swebench-multilingual,swebench-multilingual/swebench-multilingual-caddyserver__caddy-6115,swebench-multilingual-caddyserver__caddy-6115,0.9567007297356305,0.9562091210936251,0.4319712488690873,0.6538110531723106,easy,0.8461538461538461,0.7142857142857143,0.4517539514526256,0.394846504084251
swebench-multilingual,swebench-multilingual/swebench-multilingual-caddyserver__caddy-6288,swebench-multilingual-caddyserver__caddy-6288,0.9567007297356305,0.9562091210936251,0.44132728665859616,0.6538110531723106,easy,0.8461538461538461,0.6923076923076923,0.4615384615384615,0.394846504084251
swebench-multilingual,swebench-multilingual/swebench-multilingual-fastlane__fastlane-20958,swebench-multilingual-fastlane__fastlane-20958,0.9567007297356305,0.956209121093625,0.4319712488690873,0.6538110531723106,easy,0.8461538461538461,0.7142857142857143,0.4517539514526256,0.394846504084251
swebench-multilingual,swebench-multilingual/swebench-multilingual-google__gson-2024,swebench-multilingual-google__gson-2024,0.9567007297356305,0.9562091210936251,0.42285158343774204,0.6538110531723106,easy,0.8461538461538461,0.7333333333333333,0.4422166387140533,0.394846504084251
swebench-multilingual,swebench-multilingual/swebench-multilingual-hashicorp__terraform-34580,swebench-multilingual-hashicorp__terraform-34580,0.9567007297356305,0.9562091210936253,0.42285158343774215,0.6538110531723106,easy,0.8461538461538461,0.7333333333333333,0.4422166387140533,0.394846504084251
swebench-multilingual,swebench-multilingual/swebench-multilingual-gohugoio__hugo-12768,swebench-multilingual-gohugoio__hugo-12768,0.9567007297356305,0.9562091210936251,0.41405069509873493,0.6538110531723106,easy,0.8461538461538461,0.75,0.4330127018922193,0.394846504084251
swebench-multilingual,swebench-multilingual/swebench-multilingual-laravel__framework-52684,swebench-multilingual-laravel__framework-52684,0.9567007297356305,0.9562091210936253,0.42285158343774215,0.6538110531723106,easy,0.8461538461538461,0.7333333333333333,0.4422166387140533,0.394846504084251
swebench-multilingual,swebench-multilingual/swebench-multilingual-laravel__framework-53696,swebench-multilingual-laravel__framework-53696,0.9567007297356305,0.9562091210936253,0.42285158343774215,0.6538110531723106,easy,0.8461538461538461,0.7333333333333333,0.4422166387140533,0.394846504084251
swebench-multilingual,swebench-multilingual/swebench-multilingual-php-cs-fixer__php-cs-fixer-7523,swebench-multilingual-php-cs-fixer__php-cs-fixer-7523,0.9567007297356305,0.9562091210936253,0.4413272866585963,0.6538110531723106,easy,0.8461538461538461,0.6923076923076923,0.4615384615384615,0.394846504084251
swebench-multilingual,swebench-multilingual/swebench-multilingual-php-cs-fixer__php-cs-fixer-8256,swebench-multilingual-php-cs-fixer__php-cs-fixer-8256,0.9567007297356305,0.9562091210936251,0.4319712488690873,0.6538110531723106,easy,0.8461538461538461,0.7142857142857143,0.4517539514526256,0.394846504084251
swebench-multilingual,swebench-multilingual/swebench-multilingual-javaparser__javaparser-4561,swebench-multilingual-javaparser__javaparser-4561,0.9567007297356305,0.9562091210936253,0.42285158343774215,0.6538110531723106,easy,0.8461538461538461,0.7333333333333333,0.4422166387140533,0.394846504084251
swebench-multilingual,swebench-multilingual/swebench-multilingual-gohugoio__hugo-12562,swebench-multilingual-gohugoio__hugo-12562,0.9567007297356305,0.9562091210936251,0.42285158343774204,0.6538110531723106,easy,0.8461538461538461,0.7333333333333333,0.4422166387140533,0.394846504084251
swebench-multilingual,swebench-multilingual/swebench-multilingual-google__gson-1014,swebench-multilingual-google__gson-1014,0.9567007297356305,0.9562091210936251,0.42285158343774204,0.6538110531723106,easy,0.8461538461538461,0.7333333333333333,0.4422166387140533,0.394846504084251
swebench-multilingual,swebench-multilingual/swebench-multilingual-redis__redis-10095,swebench-multilingual-redis__redis-10095,0.9567007297356305,0.9562091210936253,0.414050695098735,0.6538110531723106,easy,0.8461538461538461,0.75,0.4330127018922193,0.394846504084251
swebench-multilingual,swebench-multilingual/swebench-multilingual-rubocop__rubocop-13375,swebench-multilingual-rubocop__rubocop-13375,0.9567007297356305,0.956209121093625,0.4319712488690873,0.6538110531723106,easy,0.8461538461538461,0.7142857142857143,0.4517539514526256,0.394846504084251
swebench-multilingual,swebench-multilingual/swebench-multilingual-gin-gonic__gin-1805,swebench-multilingual-gin-gonic__gin-1805,0.9567007297356305,0.9562091210936251,0.4319712488690873,0.6538110531723106,easy,0.8461538461538461,0.7142857142857143,0.4517539514526256,0.394846504084251
swebench-multilingual,swebench-multilingual/swebench-multilingual-redis__redis-11510,swebench-multilingual-redis__redis-11510,0.956563695570378,0.956070566205305,0.4203812309428973,0.6535675973725302,easy,0.8269230769230769,0.7,0.4396968652757639,0.4020076749218615
swebench-multilingual,swebench-multilingual/swebench-multilingual-fmtlib__fmt-2317,swebench-multilingual-fmtlib__fmt-2317,0.956563695570378,0.9560705662053048,0.42784035208462856,0.6535675973725302,easy,0.8269230769230769,0.6785714285714286,0.4474987173622024,0.4020076749218612
labbench,labbench/labbench-figqa-0062,labbench-figqa-0062,0.9564920847761992,0.9557770889441899,0.40749648707978214,0.6569615661875167,hard,0.1615384615384615,0.3230769230769231,0.4263509680169545,0.4829368968788446
lawbench,lawbench/lawbench-3-4-13-zero-shot,lawbench-3-4-13-zero-shot,0.9563395678892348,0.9557490878101675,0.36684510051440555,0.7850976629577836,medium,0.5865341538461538,0.5102250666666667,0.3838299248131419,0.28876856059322
lawbench,lawbench/lawbench-3-4-19-zero-shot,lawbench-3-4-19-zero-shot,0.9542606725545354,0.9536427474123967,0.3733417458101171,0.7933164753414226,medium,0.6491711153846154,0.5392804666666666,0.3914901537532145,0.2200461676737436
arc-agi-2,arc-agi-2/arc-agi-2-36a08778_1,arc-agi-2-36a08778_1,0.9536992019194437,0.9525753304993253,0.26672109253981113,0.8292707527596942,hard,0.123076923076923,0.16,0.28,0.6554711590567488
mmau,mmau/mmau-24d64f05-1113-4081-847f-60023addbae7,mmau-24d64f05-1113-4081-847f-60023addbae7,0.9536149105665159,0.951725824963346,0.20937968149193611,0.5101040284209509,saturated,0.953846153846154,0.94,0.22,0.4842075676517037
mmau,mmau/mmau-0be58acd-2201-4d00-8357-0b0c1ab3b335,mmau-0be58acd-2201-4d00-8357-0b0c1ab3b335,0.953603361079426,0.9517138169678778,0.21088569463079176,0.5112874745726673,easy,0.9461538461538462,0.93,0.2215851980616034,0.5301502945431233
lawbench,lawbench/lawbench-3-2-7-zero-shot,lawbench-3-2-7-zero-shot,0.9535648614271601,0.952937763969672,0.15442699180496836,0.7778098123152499,hard,0.2428887692307692,0.2202755,0.162053596408719,0.4033299620958561
arc-agi-2,arc-agi-2/arc-agi-2-136b0064_0,arc-agi-2-136b0064_0,0.9534536200743968,0.952323934793253,0.37721827175419514,0.8290544429357046,hard,0.1692307692307692,0.231578947368421,0.3961028994153006,0.6452824919105457
lawbench,lawbench/lawbench-3-6-22-one-shot,lawbench-3-6-22-one-shot,0.9533659494850739,0.9527362311869979,0.3358826310616249,0.7820621763287803,medium,0.5364102692307693,0.4935416875,0.352545248167118,0.3511473413403134
lawbench,lawbench/lawbench-2-7-18-one-shot,lawbench-2-7-18-one-shot,0.9532728698439751,0.952641925330989,0.16033501228951344,0.7866807431721516,hard,0.2598918461538461,0.2296534666666666,0.1683056435226763,0.3363933999584356
simpleqa,simpleqa/simpleqa-2941,simpleqa-2941,0.9529847030045859,0.9523552008780994,0.30281301381456505,0.7055570201210508,easy,0.8692307692307691,0.8300000000000001,0.3179622619116928,0.5430784509882502
usaco,usaco/usaco-226,usaco-226,0.9528831344421678,0.9515584580658956,0.36130284337419727,0.7394086217718379,easy,0.8269230769230769,0.7631578947368421,0.3796958981464668,0.4859057926200227
lawbench,lawbench/lawbench-2-1-10-one-shot,lawbench-2-1-10-one-shot,0.9526450393420328,0.9520058270906087,0.31489610798395334,0.783468084401134,medium,0.5017835384615384,0.4372968,0.3307711980569449,0.3818635719039319
mmau,mmau/mmau-6aee68bf-6629-442b-981d-ae8195597c8e,mmau-6aee68bf-6629-442b-981d-ae8195597c8e,0.9514635946391633,0.949489204666667,0.20888762502666675,0.507899804356027,saturated,0.953846153846154,0.94,0.22,0.5144986143095862
lawbench,lawbench/lawbench-3-7-10-one-shot,lawbench-3-7-10-one-shot,0.9511934288813385,0.9505351220244292,0.37328952107158003,0.7809394912893793,medium,0.6312499999999999,0.55546875,0.3927151269029976,0.2997561056165063
labbench,labbench/labbench-figqa-0067,labbench-figqa-0067,0.9509108907168695,0.9501065332327605,0.4175457111737062,0.6527364963331875,hard,0.1692307692307692,0.3384615384615385,0.4394725186795599,0.4618402634205745
arc-agi-2,arc-agi-2/arc-agi-2-71e489b6_0,arc-agi-2-71e489b6_0,0.9501676479660106,0.9489603204720902,0.2487254886811102,0.8261601408415669,hard,0.0846153846153846,0.1157894736842105,0.2621031494313417,0.6153306577773192
kumo,kumo/kumo-beverageenv-t4-a6-v1-s0,kumo-beverageenv-t4-a6-v1-s0,0.9487851804805112,0.9474887695388039,0.24156318623941886,0.5201676975600045,easy,0.9230769230769232,0.9,0.2549509756796392,0.7029284643582722
arc-agi-2,arc-agi-2/arc-agi-2-7b5033c1_0,arc-agi-2-7b5033c1_0,0.9484044212176467,0.947155546059563,0.30705958924635296,0.8246070811374987,hard,0.1307692307692307,0.1699999999999999,0.3241913015489466,0.6164249896997442
lawbench,lawbench/lawbench-2-5-16-zero-shot,lawbench-2-5-16-zero-shot,0.9483380312903157,0.947642250987247,0.3285462300339523,0.7859979046540997,medium,0.5860860384615385,0.5026479375,0.3466985876702681,0.2782142589243737
lawbench,lawbench/lawbench-3-4-8-zero-shot,lawbench-3-4-8-zero-shot,0.947987855976782,0.9472874879824459,0.3914279288877273,0.780332118854011,medium,0.6596950384615384,0.5388776666666666,0.4132092251333323,0.2856335698027634
arc-agi-2,arc-agi-2/arc-agi-2-c7f57c3e_0,arc-agi-2-c7f57c3e_0,0.9477251990184026,0.9464603403981403,0.25466643190363975,0.8240088185324568,hard,0.1076923076923077,0.1399999999999999,0.2690724809414742,0.5950182133315157
labbench,labbench/labbench-figqa-0160,labbench-figqa-0160,0.9475766425416429,0.9467191553921148,0.3713338036335749,0.6453981880938521,medium,0.3,0.4,0.3922322702763681,0.4837044924161753
labbench,labbench/labbench-figqa-0098,labbench-figqa-0098,0.9473366352216149,0.9464753310464864,0.36721845593413505,0.6528749816284264,medium,0.3076923076923077,0.4153846153846153,0.3879852373205689,0.5855402085196779
usaco,usaco/usaco-643,usaco-643,0.946642732377826,0.9451476049992728,0.35178427971266696,0.7344934913417528,easy,0.8262820384615384,0.7490740555555556,0.3722003609298017,0.4749291879411775
arc-agi-2,arc-agi-2/arc-agi-2-d59b0160_0,arc-agi-2-d59b0160_0,0.9466409957037215,0.9453506481949345,0.28423472951602785,0.8230538463596428,hard,0.123076923076923,0.16,0.3006659275674582,0.6531902760913736
labbench,labbench/labbench-figqa-0145,labbench-figqa-0145,0.9463175142996496,0.9454400132758847,0.4160037772072316,0.6496900751914874,medium,0.3076923076923077,0.4153846153846154,0.440010758340772,0.4218197759116266
ineqmath,ineqmath/ineqmath-47,ineqmath-47,0.9462919160705714,0.9395141602377072,0.31564739665691627,0.7460799837782542,easy,0.8269230769230769,0.775,0.3359687485466468,0.1324901233724958
mmau,mmau/mmau-7fa63d67-5d84-4f56-b5c4-9b26c4cf9d26,mmau-7fa63d67-5d84-4f56-b5c4-9b26c4cf9d26,0.9460879183638227,0.943901264883458,0.20765827827436076,0.5036840195103662,saturated,0.953846153846154,0.94,0.22,0.5264793726775299
arc-agi-2,arc-agi-2/arc-agi-2-16de56c4_1,arc-agi-2-16de56c4_1,0.9460208604332133,0.9447159475568707,0.32983983114410664,0.8225076278426022,hard,0.1461538461538461,0.19,0.3491418050019217,0.6246537985740033
labbench,labbench/labbench-figqa-0039,labbench-figqa-0039,0.945951799917431,0.9450684909644974,0.22050266624866285,0.6486726236606712,hard,0.0846153846153846,0.1692307692307692,0.2333192444323554,0.4977434875688166
swebench-multilingual,swebench-multilingual/swebench-multilingual-immutable-js__immutable-js-2006,swebench-multilingual-immutable-js__immutable-js-2006,0.9457396575260263,0.9451271093100996,0.39811919961115066,0.6451611040807048,easy,0.8589743461538462,0.7380952142857142,0.4212334993774116,0.3268493877431623
swebench-multilingual,swebench-multilingual/swebench-multilingual-gin-gonic__gin-4003,swebench-multilingual-gin-gonic__gin-4003,0.9457396575260263,0.9451271093100992,0.3812980999367797,0.6451611040807048,easy,0.8589743461538462,0.7708333125,0.4034357878223495,0.3268493877431621
swebench-multilingual,swebench-multilingual/swebench-multilingual-gin-gonic__gin-2121,swebench-multilingual-gin-gonic__gin-2121,0.9457396575260263,0.9451271093100996,0.39811919961115066,0.6451611040807048,easy,0.8589743461538462,0.7380952142857142,0.4212334993774116,0.3268493877431623
swebench-multilingual,swebench-multilingual/swebench-multilingual-axios__axios-4738,swebench-multilingual-axios__axios-4738,0.9457396575260263,0.9451271093100996,0.39811919961115066,0.6451611040807048,easy,0.8589743461538462,0.7380952142857142,0.4212334993774116,0.3268493877431623
swebench-multilingual,swebench-multilingual/swebench-multilingual-laravel__framework-51195,swebench-multilingual-laravel__framework-51195,0.9457396575260263,0.9451271093100992,0.3812980999367797,0.6451611040807048,easy,0.8589743461538462,0.7708333125,0.4034357878223495,0.3268493877431621
swebench-multilingual,swebench-multilingual/swebench-multilingual-fluent__fluentd-4598,swebench-multilingual-fluent__fluentd-4598,0.9457396575260263,0.9451271093100996,0.39811919961115066,0.6451611040807048,easy,0.8589743461538462,0.7380952142857142,0.4212334993774116,0.3268493877431623
mmau,mmau/mmau-38dbb2bf-62ca-4ecd-9ece-0618e060f6b3,mmau-38dbb2bf-62ca-4ecd-9ece-0618e060f6b3,0.9454570729140109,0.9432455936004874,0.20557561107222802,0.5022009593727016,saturated,0.9615384615384616,0.95,0.2179449471770337,0.5115001031145162
mmau,mmau/mmau-71f95ca1-a409-47b0-af02-80a272f776d5,mmau-71f95ca1-a409-47b0-af02-80a272f776d5,0.9454570729140109,0.9432455936004874,0.1233453666433368,0.5022009593727015,saturated,0.9769230769230768,0.97,0.1307669683062202,0.5115001031145162
mmau,mmau/mmau-47ae81d9-8cb5-4267-9394-2f511cc84871,mmau-47ae81d9-8cb5-4267-9394-2f511cc84871,0.9454570729140109,0.9432455936004874,0.20557561107222802,0.5022009593727015,saturated,0.9615384615384616,0.95,0.2179449471770337,0.5115001031145162
mmau,mmau/mmau-0d46136b-5249-4ca9-a761-705686ec60b9,mmau-0d46136b-5249-4ca9-a761-705686ec60b9,0.9454570729140109,0.9432455936004874,0.20557561107222802,0.5022009593727015,saturated,0.9615384615384616,0.95,0.2179449471770337,0.5115001031145162
mmau,mmau/mmau-9685984a-9330-45c8-8d90-5de8068b5861,mmau-9685984a-9330-45c8-8d90-5de8068b5861,0.9454570729140109,0.9432455936004874,0.16446048885778236,0.5022009593727015,saturated,0.9692307692307692,0.96,0.1743559577416269,0.5115001031145163
labbench,labbench/labbench-figqa-0133,labbench-figqa-0133,0.945437280070254,0.944545803895263,0.3438774359776209,0.6453390192871177,hard,0.2615384615384615,0.3230769230769231,0.3640664481907456,0.5366990618528856
arc-agi-2,arc-agi-2/arc-agi-2-b0039139_1,arc-agi-2-b0039139_1,0.9449307051586141,0.9436002113451158,0.2752661505492122,0.8215474131511397,hard,0.0999999999999999,0.1299999999999999,0.2917190429162964,0.6354723368610423
ineqmath,ineqmath/ineqmath-4,ineqmath-4,0.9447261810850549,0.9377575287477163,0.22285309980855728,0.7447627895164171,easy,0.8884615384615385,0.8550000000000001,0.2376446927663229,0.1809789867165169
humanevalfix,humanevalfix/humanevalfix-python-114,humanevalfix-python-114,0.94440001560253,0.9386971620799718,0.20045086108975155,0.5627366287321307,easy,0.9384615384615386,0.9200000000000002,0.2135415650406262,0.4604301020231414
humanevalfix,humanevalfix/humanevalfix-python-0,humanevalfix-python-0,0.94440001560253,0.938697162079972,0.20045086108975158,0.5627366287321307,easy,0.9384615384615386,0.9200000000000002,0.2135415650406262,0.4604301020231414
simpleqa,simpleqa/simpleqa-3873,simpleqa-3873,0.9441562998039889,0.9434120392061045,0.31839282781557193,0.6990903806746829,easy,0.8384615384615386,0.79,0.3374907406137241,0.6241605945793725
simpleqa,simpleqa/simpleqa-2989,simpleqa-2989,0.9440001218651033,0.9432538409516358,0.30110341028140875,0.7024812564584851,easy,0.8538461538461539,0.8100000000000002,0.3192177939902473,0.6309958621882572
lawbench,lawbench/lawbench-2-2-18-zero-shot,lawbench-2-2-18-zero-shot,0.9439752115327265,0.943222396765097,0.1869605164738804,0.7800178142203956,hard,0.2997115384615384,0.2628333333333333,0.1982146703842971,0.3115956729712042
arc-agi-2,arc-agi-2/arc-agi-2-d35bdbdc_0,arc-agi-2-d35bdbdc_0,0.9439131960440218,0.9425588535460516,0.19316708332611424,0.8206511855922839,hard,0.0769230769230769,0.1,0.2049390153191919,0.5886651809254659
swebench-multilingual,swebench-multilingual/swebench-multilingual-rubocop__rubocop-13362,swebench-multilingual-rubocop__rubocop-13362,0.9428338474157498,0.9421894754456279,0.4073415168628289,0.6466501505730635,easy,0.814102576923077,0.6777778,0.4323350318365298,0.3985498270286677
swebench-verified,swebench-verified/swebench-verified-django__django-12209,swebench-verified-django__django-12209,0.9426862048324692,0.9228838171915853,0.3048311931507692,0.699122482439851,easy,0.8230769230769232,0.77,0.3303028912982749,0.6185375072765638
simpleqa,simpleqa/simpleqa-264,simpleqa-264,0.9425789069291352,0.9418142568662228,0.2856664080499416,0.698201897834564,easy,0.8461538461538461,0.8,0.303315017762062,0.6198032259313588
simpleqa,simpleqa/simpleqa-1031,simpleqa-1031,0.9424674725031159,0.9417013833479719,0.27228037941687394,0.7016481064972735,easy,0.8615384615384615,0.82,0.2891366458960192,0.6531330815459493
swebench-multilingual,swebench-multilingual/swebench-multilingual-facebook__docusaurus-10130,swebench-multilingual-facebook__docusaurus-10130,0.9422784796417591,0.9416280367492149,0.4277409199793673,0.6439466948703836,easy,0.8205128076923077,0.6666666428571428,0.4542567800509196,0.3983350906038091
swebench-multilingual,swebench-multilingual/swebench-multilingual-uutils__coreutils-6731,swebench-multilingual-uutils__coreutils-6731,0.9422784796417591,0.9416280367492149,0.4277409199793673,0.6439466948703836,easy,0.8205128076923077,0.6666666428571428,0.4542567800509196,0.3983350906038091
mmau,mmau/mmau-002ebba8-7aa4-445b-aab3-ed17e592cd30,mmau-002ebba8-7aa4-445b-aab3-ed17e592cd30,0.9421526054923876,0.9398113716604521,0.20824828892992844,0.5122010249234533,easy,0.9461538461538462,0.93,0.2215851980616034,0.6008916211196782
lawbench,lawbench/lawbench-2-1-4-zero-shot,lawbench-2-1-4-zero-shot,0.9416348470241056,0.940851547601277,0.2944756626011053,0.7719869261919722,medium,0.4502161538461538,0.4028546666666667,0.3129884447252894,0.3532766922221926
swebench-multilingual,swebench-multilingual/swebench-multilingual-tokio-rs__tokio-6724,swebench-multilingual-tokio-rs__tokio-6724,0.9412202915212674,0.9405582912672895,0.40262959720309,0.6450890295089214,easy,0.7243590769230768,0.6309524285714286,0.4280751134101374,0.4485181538771214
lawbench,lawbench/lawbench-3-6-21-zero-shot,lawbench-3-6-21-zero-shot,0.9409745633566619,0.9401826773047035,0.2956299181660817,0.7682877292151431,medium,0.457243576923077,0.4273958124999999,0.3144388056729438,0.3182717603219367
arc-agi-2,arc-agi-2/arc-agi-2-581f7754_1,arc-agi-2-581f7754_1,0.940632707390676,0.9392016571273111,0.3279145618302254,0.8177617133551524,hard,0.1461538461538461,0.19,0.3491418050019217,0.6506269082860188
arc-agi-2,arc-agi-2/arc-agi-2-36a08778_0,arc-agi-2-36a08778_0,0.9404013248895358,0.9389648746507483,0.3655939050798152,0.8175579103904567,hard,0.1692307692307692,0.22,0.3893584466786357,0.620734725675449
swebench-multilingual,swebench-multilingual/swebench-multilingual-php-cs-fixer__php-cs-fixer-8064,swebench-multilingual-php-cs-fixer__php-cs-fixer-8064,0.9403761430091433,0.9397049325696387,0.41816654019561317,0.6425952275917391,easy,0.8365384615384616,0.6964285714285714,0.4449977069420396,0.3829139814401339
swebench-multilingual,swebench-multilingual/swebench-multilingual-astral-sh__ruff-15443,swebench-multilingual-astral-sh__ruff-15443,0.9402398174661931,0.9395671204183732,0.4186838322208691,0.6430213648698728,easy,0.8384615384615385,0.7000000000000001,0.4456135417280634,0.3545849561722072
swebench-multilingual,swebench-multilingual/swebench-multilingual-micropython__micropython-13039,swebench-multilingual-micropython__micropython-13039,0.9402398174661931,0.9395671204183732,0.4025842282176113,0.6430213648698728,easy,0.8384615384615385,0.7375,0.4284784125250652,0.3545849561722072
swebench-multilingual,swebench-multilingual/swebench-multilingual-briannesbitt__carbon-3098,swebench-multilingual-briannesbitt__carbon-3098,0.939931886300338,0.9392558321189107,0.41254712103019936,0.6428445125650865,easy,0.8173076923076923,0.6607142857142857,0.4392276384374587,0.3893378558387476
humanevalfix,humanevalfix/humanevalfix-python-85,humanevalfix-python-85,0.939829005554331,0.933674076922835,0.13038048932794855,0.5588556907424894,saturated,0.9615384615384616,0.95,0.1396424004376894,0.3391295390300275
swebench-multilingual,swebench-multilingual/swebench-multilingual-fmtlib__fmt-3750,swebench-multilingual-fmtlib__fmt-3750,0.9398237187446831,0.9391464855620654,0.4098771294038162,0.6421171777935744,easy,0.8205128461538462,0.6666667142857143,0.4364357804720004,0.3858444762884987
usaco,usaco/usaco-431,usaco-431,0.9397156110993716,0.9380326423915141,0.3709678951785852,0.7290374799762066,easy,0.8,0.74,0.3954743986657038,0.5034015712208469
humanevalfix,humanevalfix/humanevalfix-python-39,humanevalfix-python-39,0.939552639938499,0.9333704598941285,0.18098724711744724,0.5624331719301174,easy,0.9384615384615383,0.92,0.1939071942966531,0.4037154477888736
usaco,usaco/usaco-1251,usaco-1251,0.9395484985923167,0.9378610160884796,0.35774033848677983,0.728905857083931,easy,0.8211538461538462,0.7552631578947369,0.3814428069297529,0.5304711675684719
swebench-multilingual,swebench-multilingual/swebench-multilingual-tokio-rs__tokio-6752,swebench-multilingual-tokio-rs__tokio-6752,0.9395339212720246,0.9388535300444315,0.42013575048585905,0.6432941571970887,easy,0.8269230769230769,0.6785714285714286,0.4474987173622024,0.3699818307503735
arc-agi-2,arc-agi-2/arc-agi-2-a6f40cea_0,arc-agi-2-a6f40cea_0,0.9393596140817864,0.9378988695798499,0.25247668615041435,0.8166403658487182,hard,0.0923076923076923,0.1263157894736842,0.2691939337377773,0.6406244743527894
mmau,mmau/mmau-8b4c6295-9adb-4a8f-8ebb-437721114bd3,mmau-8b4c6295-9adb-4a8f-8ebb-437721114bd3,0.9392246967169727,0.9367688972337505,0.2075741216314904,0.5022871827997534,easy,0.9461538461538462,0.93,0.2215851980616034,0.5394471962046185
simpleqa,simpleqa/simpleqa-422,simpleqa-422,0.9389818304213698,0.938170814421894,0.32647805158800663,0.6984745923052861,easy,0.823076923076923,0.77,0.3479942528261063,0.6776436047061514
labbench,labbench/labbench-figqa-0134,labbench-figqa-0134,0.9388970964169663,0.9379022014590012,0.34727720910776017,0.6349297996628073,hard,0.1769230769230769,0.2299999999999999,0.3702701716314724,0.4031456789948265
simpleqa,simpleqa/simpleqa-3452,simpleqa-3452,0.9386303974738712,0.9378148612370569,0.3432966059696027,0.6962607123843326,easy,0.746153846153846,0.7,0.3660601043544624,0.61594371662817
swebench-multilingual,swebench-multilingual/swebench-multilingual-vuejs__core-11870,swebench-multilingual-vuejs__core-11870,0.9385611347716641,0.9378701499226518,0.41735006612496695,0.6421441454391261,easy,0.8365384615384616,0.6964285714285714,0.4449977069420396,0.3814605051336569
mmau,mmau/mmau-293c7acb-5548-414e-9fc6-7d3db2cc7ec7,mmau-293c7acb-5548-414e-9fc6-7d3db2cc7ec7,0.9384816133053336,0.9359967980319972,0.2090203661919808,0.5110889765133307,easy,0.9442307692307692,0.9275,0.2233131209759068,0.598081305729011
swtbench,swtbench/swtbench-matplotlib__matplotlib-23476,swtbench-matplotlib__matplotlib-23476,0.9379291178487879,0.9310989889357428,0.1862197977871486,0.5171520491523104,hard,0.2,0.1999999999999999,0.2,0.3892732241629002
arc-agi-2,arc-agi-2/arc-agi-2-221dfab4_1,arc-agi-2-221dfab4_1,0.9376624403441594,0.9361621749598459,0.24697654423175133,0.8151454859955413,hard,0.0923076923076923,0.12,0.2638181191654584,0.6163867745214586
swebench-multilingual,swebench-multilingual/swebench-multilingual-briannesbitt__carbon-2665,swebench-multilingual-briannesbitt__carbon-2665,0.9374097332500014,0.9367062240878109,0.40255635862275857,0.641685106177509,easy,0.8205128461538462,0.6888889333333333,0.4297573222754856,0.3839113331499457
usaco,usaco/usaco-987,usaco-987,0.9371854054201754,0.9354341840875497,0.30640282292117405,0.7270446130423186,easy,0.8608974230769231,0.8096491052631579,0.3275514495122374,0.447034877009259
labbench,labbench/labbench-figqa-0071,labbench-figqa-0071,0.9366253757017884,0.9355947305198539,0.42161694238782926,0.6477497939424859,medium,0.3,0.4,0.4506405697192865,0.4312946541943189
lawbench,lawbench/lawbench-2-1-23-one-shot,lawbench-2-1-23-one-shot,0.9365207511734961,0.9356711062283197,0.31124563720990617,0.7668534662970764,medium,0.4777443461538461,0.4331902000000001,0.332644275470399,0.4021528083469763
lawbench,lawbench/lawbench-2-7-22-one-shot,lawbench-2-7-22-one-shot,0.9364491076705425,0.9355985359071326,0.17910708845362,0.7737246109455248,hard,0.2913963846153846,0.2539204,0.1914358366112259,0.30848956398341
usaco,usaco/usaco-205,usaco-205,0.9360533367693057,0.9342716398286449,0.3703064344253707,0.7261529613478506,easy,0.823076923076923,0.7699999999999999,0.3963584236521283,0.424742228240858
simpleqa,simpleqa/simpleqa-2558,simpleqa-2558,0.936017454381075,0.9351683637969672,0.3472737362461772,0.6959353306613247,easy,0.7153846153846154,0.6900000000000001,0.3713488925525428,0.6095850573429059
labbench,labbench/labbench-figqa-0082,labbench-figqa-0082,0.9357945672076688,0.9347508696931198,0.35765674211539084,0.6410132977935175,hard,0.1846153846153846,0.24,0.3826225293941798,0.3587976409621735
mmau,mmau/mmau-a370dd7d-ec74-4b7f-ac1d-9294c2bcad5c,mmau-a370dd7d-ec74-4b7f-ac1d-9294c2bcad5c,0.9356785272994904,0.933084476925406,0.1265697364927987,0.5020993803177385,saturated,0.9692307692307692,0.96,0.1356465996625053,0.5058032131148219
mmau,mmau/mmau-8bce5a39-959a-4192-a26d-ba88d862f94b,mmau-8bce5a39-959a-4192-a26d-ba88d862f94b,0.9356785272994904,0.9330844769254057,0.12656973649279868,0.5020993803177385,saturated,0.9692307692307692,0.96,0.1356465996625053,0.5058032131148219
simpleqa,simpleqa/simpleqa-987,simpleqa-987,0.9350694865090055,0.9342082460939557,0.2930496760477352,0.6915864135401874,easy,0.8769230769230769,0.8400000000000001,0.3136877428271624,0.5160951681362526
simpleqa,simpleqa/simpleqa-2517,simpleqa-2517,0.9346365845474682,0.9337697999292114,0.3084268647236302,0.6910840945126293,easy,0.8692307692307693,0.8300000000000001,0.3303028912982749,0.5937526759408126
mmau,mmau/mmau-516653d5-79d7-404e-a208-62367fdc59b7,mmau-516653d5-79d7-404e-a208-62367fdc59b7,0.9345214506868275,0.9318824105970853,0.20501413033135876,0.5041883039247768,saturated,0.953846153846154,0.94,0.22,0.5979355539798065
mmau,mmau/mmau-6658e43e-f56d-44a2-ab80-6c73a40ee713,mmau-6658e43e-f56d-44a2-ab80-6c73a40ee713,0.9345214506868275,0.9318824105970853,0.20501413033135876,0.5041883039247768,saturated,0.953846153846154,0.94,0.22,0.5979355539798065
usaco,usaco/usaco-546,usaco-546,0.9343327533591375,0.9325048113240588,0.3412254143213592,0.7247977775328298,easy,0.8538461538461538,0.8099999999999999,0.3659234892706398,0.4171981177524542
lawbench,lawbench/lawbench-2-4-8-zero-shot,lawbench-2-4-8-zero-shot,0.9342870570731713,0.9334085499073488,0.1019087706069948,0.7728145557167728,hard,0.1777563846153846,0.156041625,0.1091791698470197,0.3068688869772431
simpleqa,simpleqa/simpleqa-2837,simpleqa-2837,0.9340299147434131,0.9331553648722126,0.3032396008685575,0.6908215277063113,easy,0.7076923076923077,0.68,0.3249615361854384,0.6799975447902286
swebench-multilingual,swebench-multilingual/swebench-multilingual-redis__redis-13115,swebench-multilingual-redis__redis-13115,0.9339932743184072,0.9332526948079224,0.4034778335213104,0.6419879912772785,easy,0.814102576923077,0.6777778,0.4323350318365298,0.4008667396620986
arc-agi-2,arc-agi-2/arc-agi-2-16de56c4_0,arc-agi-2-16de56c4_0,0.9339910137318503,0.9324055078166319,0.35382301291037854,0.8119116734791909,hard,0.1538461538461538,0.2,0.3794733192202055,0.6409589668693342
humanevalfix,humanevalfix/humanevalfix-python-124,humanevalfix-python-124,0.9339426311548195,0.927209270326697,0.23068698319941564,0.5610805926236916,easy,0.9153846153846156,0.89,0.2487971060924945,0.5072265528464173
replicationbench,replicationbench/replicationbench-galaxy_manifold__manifold_plane,replicationbench-galaxy_manifold__manifold_plane,0.9334693375653693,0.930923593020228,0.30365808652962945,0.6193555439609799,hard,0.123076923076923,0.16,0.3261901286060018,0.6403344260101337
simpleqa,simpleqa/simpleqa-2790,simpleqa-2790,0.9332797378384452,0.9323955929631024,0.3064164592705778,0.6892477471497499,easy,0.8461538461538461,0.8,0.3286335345030997,0.6239140390460628
medagentbench,medagentbench/medagentbench-task4_25,medagentbench-task4_25,0.9332136012881144,0.9305684218861058,0.2632044965894918,0.6550228194906105,easy,0.8461538461538463,0.8,0.282842712474619,0.5873122225232433
labbench,labbench/labbench-figqa-0101,labbench-figqa-0101,0.9328137570108207,0.9317233274387708,0.40033255996105005,0.644555946271376,medium,0.3,0.4,0.4296689244236598,0.437748758668617
humanevalfix,humanevalfix/humanevalfix-python-11,humanevalfix-python-11,0.9326933242030908,0.9258377387266505,0.16844141314032843,0.5564224981772246,easy,0.9461538461538462,0.93,0.1819340539866025,0.5021945864658508
humanevalfix,humanevalfix/humanevalfix-python-128,humanevalfix-python-128,0.9326933242030908,0.9258377387266505,0.16844141314032843,0.5564224981772246,easy,0.9461538461538462,0.93,0.1819340539866025,0.5021945864658508
crustbench,crustbench/crustbench-matrix-multiplication,crustbench-matrix-multiplication,0.9325169614214428,0.9305335103724207,0.2984036042098684,0.6485633198870205,easy,0.8326923076923076,0.8022727272727274,0.3206801269203518,0.7371949912047039
labbench,labbench/labbench-figqa-0038,labbench-figqa-0038,0.9323091711175839,0.9312108459473388,0.3497933369133339,0.6381618283369954,hard,0.1769230769230769,0.23,0.375632799419859,0.398210892069039
simpleqa,simpleqa/simpleqa-3540,simpleqa-3540,0.9321451922339893,0.9312465510935246,0.3464437432354986,0.6897353749826197,easy,0.8153846153846155,0.76,0.3720215047547654,0.5586398014162979
swebench-multilingual,swebench-multilingual/swebench-multilingual-tokio-rs__axum-1934,swebench-multilingual-tokio-rs__axum-1934,0.9319242397298028,0.9311612770384452,0.4063920986895784,0.6397101569175315,easy,0.8205128461538462,0.6666667142857143,0.4364357804720004,0.3339045529676742
labbench,labbench/labbench-figqa-0128,labbench-figqa-0128,0.931527247809452,0.9304166959997626,0.43275015916037946,0.6329406507154348,medium,0.323076923076923,0.4461538461538461,0.4651143525486454,0.4128215991448986
arc-agi-2,arc-agi-2/arc-agi-2-7c66cb00_0,arc-agi-2-7c66cb00_0,0.9314288127664794,0.9297840248087093,0.3246264726836643,0.809654872941917,hard,0.1461538461538461,0.19,0.3491418050019217,0.5972101827239843
lawbench,lawbench/lawbench-2-1-22-zero-shot,lawbench-2-1-22-zero-shot,0.9312436384395727,0.9303259195179361,0.290011777736533,0.7621360776335199,medium,0.4508716538461538,0.4170664375,0.3117313746206356,0.3812594743547271
simpleqa,simpleqa/simpleqa-4077,simpleqa-4077,0.9306465167036588,0.9297287543222,0.31446279855745335,0.6930797520396688,easy,0.8153846153846154,0.76,0.3382306905057552,0.6204401130720635
labbench,labbench/labbench-figqa-0036,labbench-figqa-0036,0.9304770694441722,0.9293501129276512,0.4364896553931311,0.6386866316042834,hard,0.1846153846153846,0.3692307692307692,0.469671923768423,0.4331205548449982
arc-agi-2,arc-agi-2/arc-agi-2-e376de54_0,arc-agi-2-e376de54_0,0.9300613165519823,0.9283849576826189,0.30526611745265436,0.8084503748430917,hard,0.1557692307692307,0.2024999999999999,0.3288141572377929,0.6325792160698347
labbench,labbench/labbench-figqa-0157,labbench-figqa-0157,0.9296572640494815,0.9285175146286508,0.2806534569058375,0.6394489358463417,hard,0.1153846153846153,0.2307692307692308,0.3022597339136692,0.5179750092367283
replicationbench,replicationbench/replicationbench-trgb_std_candle__fit_aseq_bseq,replicationbench-trgb_std_candle__fit_aseq_bseq,0.929393558758485,0.9266978810272644,0.35233996612803664,0.6168188897291581,hard,0.1282051153846153,0.1960784117647059,0.3802101778170252,0.6472103735807816
simpleqa,simpleqa/simpleqa-2943,simpleqa-2943,0.9292608281769733,0.9283254140487386,0.2532134134145264,0.6879656484663366,easy,0.8769230769230769,0.8400000000000001,0.2727636339397171,0.4847120256311106
lawbench,lawbench/lawbench-3-5-24-one-shot,lawbench-3-5-24-one-shot,0.9290332712134811,0.928087155478133,0.3458424348871354,0.7717519587290048,medium,0.6229889615384615,0.505154,0.372640040157612,0.2684992942691016
arc-agi-2,arc-agi-2/arc-agi-2-c4d067a0_0,arc-agi-2-c4d067a0_0,0.9287369451986063,0.927030056837346,0.3839068644306777,0.8072838613563498,hard,0.1923076923076923,0.25,0.4141255848169731,0.6341124248917297
kumo,kumo/kumo-testingenv-t4-a6-v1-s0,kumo-testingenv-t4-a6-v1-s0,0.9285390233317353,0.926749619021313,0.284412234056815,0.5105144893955751,easy,0.9230769230769232,0.8947368421052632,0.3068922049918579,0.7067783278754829
kumo,kumo/kumo-printingtechniqueenv-t4-a6-v1-s0,kumo-printingtechniqueenv-t4-a6-v1-s0,0.9285390233317351,0.9267496190213128,0.055604977141278676,0.5105144893955751,saturated,0.9846153846153848,0.98,0.0599999999999999,0.7067783278754829
kumo,kumo/kumo-transdimensionalenv-t4-a6-v1-s0,kumo-transdimensionalenv-t4-a6-v1-s0,0.9285390233317351,0.9267496190213128,0.29124930669867544,0.5105144893955751,easy,0.9230769230769232,0.8888888888888888,0.3142696805273545,0.7067783278754824
kumo,kumo/kumo-theatricalenv-t4-a6-v1-s0,kumo-theatricalenv-t4-a6-v1-s0,0.9285390233317351,0.9267496190213128,0.27802488570639383,0.5105144893955751,easy,0.9230769230769232,0.9,0.3,0.7067783278754829
swebench-multilingual,swebench-multilingual/swebench-multilingual-mrdoob__three.js-27395,swebench-multilingual-mrdoob__three.js-27395,0.9281015611836382,0.9272973768576113,0.3819326800887299,0.6324335279707813,easy,0.8653846153846154,0.75,0.411877235523957,0.2853221497823086
swebench-multilingual,swebench-multilingual/swebench-multilingual-nlohmann__json-4237,swebench-multilingual-nlohmann__json-4237,0.9281015611836382,0.9272973768576113,0.3734858945254723,0.6324335279707815,easy,0.8653846153846154,0.7666666666666667,0.4027681991198191,0.285322149782309
swebench-multilingual,swebench-multilingual/swebench-multilingual-tokio-rs__tokio-4898,swebench-multilingual-tokio-rs__tokio-4898,0.9281015611836382,0.9272973768576113,0.3819326800887299,0.6324335279707813,easy,0.8653846153846154,0.75,0.411877235523957,0.2853221497823086
swebench-multilingual,swebench-multilingual/swebench-multilingual-redis__redis-9733,swebench-multilingual-redis__redis-9733,0.9281015611836382,0.9272973768576113,0.3734858945254723,0.6324335279707815,easy,0.8653846153846154,0.7666666666666667,0.4027681991198191,0.285322149782309
swebench-multilingual,swebench-multilingual/swebench-multilingual-redis__redis-11631,swebench-multilingual-redis__redis-11631,0.9280194609286091,0.9272143931690455,0.4073677223691397,0.634230200282027,easy,0.810897423076923,0.6722222,0.4393457709137074,0.3874484528999801
lawbench,lawbench/lawbench-2-1-6-zero-shot,lawbench-2-1-6-zero-shot,0.9279799764806193,0.9270203531763859,0.3276927095997302,0.755706714031891,medium,0.4824395,0.4517857999999999,0.3534903073885148,0.4309683884665408
usaco,usaco/usaco-1299,usaco-1299,0.9278426383616745,0.9258410556255279,0.35147681204133,0.7196859656031048,easy,0.8442307692307692,0.7975,0.3796297538391847,0.5282860385131144
swebench-multilingual,swebench-multilingual/swebench-multilingual-apache__druid-15402,swebench-multilingual-apache__druid-15402,0.9274348217947105,0.9266234653681076,0.3849757842186957,0.6333285562528508,easy,0.8512820384615385,0.7238095,0.4154608625907843,0.2831246641249271
usaco,usaco/usaco-192,usaco-192,0.9274168805915308,0.925403950933193,0.34229783991219637,0.7193506258364836,easy,0.8326923076923076,0.7825,0.3698901864067226,0.4677288681536722
lawbench,lawbench/lawbench-3-5-3-one-shot,lawbench-3-5-3-one-shot,0.9271765169942328,0.9262066005448775,0.3820022842756427,0.7704092768155771,easy,0.7018581538461539,0.5910635625,0.4124374454370276,0.2591823399491225
arc-agi-2,arc-agi-2/arc-agi-2-8e5c0c38_1,arc-agi-2-8e5c0c38_1,0.9271345623342414,0.9253907960014286,0.3603087229018225,0.8058724738195829,hard,0.1692307692307692,0.22,0.3893584466786357,0.6218739463027113
arc-agi-2,arc-agi-2/arc-agi-2-6e453dd6_0,arc-agi-2-6e453dd6_0,0.9270999871410465,0.925355425806127,0.3864397710039759,0.8058420198014812,hard,0.1846153846153846,0.24,0.4176122603564219,0.6215927301984652
usaco,usaco/usaco-641,usaco-641,0.926722829013473,0.9246914137336165,0.37249687519550717,0.71880396970821,easy,0.7961538461538461,0.735,0.4028337125911882,0.4621095017034729
arc-agi-2,arc-agi-2/arc-agi-2-20a9e565_1,arc-agi-2-20a9e565_1,0.9265822349345522,0.9248257723772646,0.21411264609072425,0.8053859808437324,hard,0.0923076923076923,0.12,0.2315167380558045,0.6396984072525665
mmau,mmau/mmau-ea71891f-e931-41f9-a093-c3442c5683ed,mmau-ea71891f-e931-41f9-a093-c3442c5683ed,0.9262443609498536,0.9232852110704124,0.16386686913745588,0.5025648712473291,saturated,0.9615384615384616,0.95,0.1774823934929885,0.6155166386191532
usaco,usaco/usaco-831,usaco-831,0.925942355730058,0.9238901702641582,0.34684888028141514,0.7181892452168026,easy,0.8461538461538461,0.7894736842105263,0.3754222000026738,0.4930337607449059
labbench,labbench/labbench-figqa-0077,labbench-figqa-0077,0.9253181734272724,0.924110905698153,0.36546220473139596,0.6287772888801981,hard,0.2,0.26,0.3954743986657038,0.4091729639676407
swebench-multilingual,swebench-multilingual/swebench-multilingual-gohugoio__hugo-12171,swebench-multilingual-gohugoio__hugo-12171,0.9252986876721035,0.9244643881920992,0.40178469753507523,0.6372940578960655,easy,0.8076923076923077,0.6666666666666666,0.4346134936801766,0.3922992303333747
swebench-multilingual,swebench-multilingual/swebench-multilingual-fluent__fluentd-3608,swebench-multilingual-fluent__fluentd-3608,0.9252986876721035,0.9244643881920992,0.4070558014155374,0.6372940578960655,easy,0.8076923076923077,0.6428571428571429,0.4403152859263554,0.3922992303333747
usaco,usaco/usaco-398,usaco-398,0.9251582372350905,0.9230852029346578,0.32807693500462276,0.7175716496459286,easy,0.8134615384615385,0.7575,0.3554134915840984,0.4458229083654452
arc-agi-2,arc-agi-2/arc-agi-2-20270e3b_1,arc-agi-2-20270e3b_1,0.9250357181789993,0.9232437478934176,0.313902874283762,0.80402380047927,hard,0.1384615384615384,0.18,0.34,0.599513569429316
labbench,labbench/labbench-figqa-0147,labbench-figqa-0147,0.9245154510569328,0.9232957280526305,0.4275545852704241,0.6329426270494721,medium,0.3153846153846154,0.4307692307692307,0.4630743674859203,0.3672181733842127
simpleqa,simpleqa/simpleqa-3004,simpleqa-3004,0.9244990560116748,0.9235031879927705,0.28777165465418214,0.6834270888113416,easy,0.8692307692307693,0.8300000000000001,0.3116087290176576,0.4792671079036016
arc-agi-2,arc-agi-2/arc-agi-2-b6f77b65_1,arc-agi-2-b6f77b65_1,0.9239916509921536,0.9221757438707197,0.1887646669751765,0.8031041804260158,hard,0.0692307692307692,0.09,0.2046948949045872,0.57428604408048
simpleqa,simpleqa/simpleqa-591,simpleqa-591,0.923986000532968,0.9229836378328745,0.2805627358067102,0.6837772685847064,easy,0.8923076923076922,0.86,0.3039736830714132,0.5323337466652313
arc-agi-2,arc-agi-2/arc-agi-2-71e489b6_1,arc-agi-2-71e489b6_1,0.9236090204010046,0.9217843479010357,0.1787406166480598,0.8027671573215226,hard,0.0615384615384615,0.08,0.1939071942966531,0.5910751727197039
swebench-verified,swebench-verified/swebench-verified-astropy__astropy-14539,swebench-verified-astropy__astropy-14539,0.922475977737908,0.8961184247816033,0.2150684219475848,0.6814541401659733,easy,0.9076923076923078,0.8800000000000001,0.24,0.7468096261288694
swebench-multilingual,swebench-multilingual/swebench-multilingual-caddyserver__caddy-5870,swebench-multilingual-caddyserver__caddy-5870,0.922362787588432,0.9214970429772957,0.41236874478540214,0.6359325369483109,easy,0.8269230769230769,0.6785714285714286,0.4474987173622024,0.3839702789459436
lawbench,lawbench/lawbench-3-5-3-zero-shot,lawbench-3-5-3-zero-shot,0.9221518191025265,0.921117737361433,0.3920299875187415,0.7608099281433586,medium,0.695625153846154,0.576829625,0.4256024736226687,0.2319942885118631
arc-agi-2,arc-agi-2/arc-agi-2-d8e07eb2_1,arc-agi-2-d8e07eb2_1,0.9218571002864634,0.9199923424831321,0.3387771087704461,0.8012240565619835,hard,0.1692307692307692,0.22,0.3682390527904394,0.6457827186599135
humanevalfix,humanevalfix/humanevalfix-python-53,humanevalfix-python-53,0.9218378425791471,0.9139281720521424,0.1958025788861811,0.552337177905456,easy,0.9307692307692308,0.91,0.2142428528562855,0.4480928239225951
swebench-multilingual,swebench-multilingual/swebench-multilingual-vuejs__core-11915,swebench-multilingual-vuejs__core-11915,0.9215714252705584,0.920697222111836,0.41557752023956135,0.6303444574444942,easy,0.8096153846153846,0.6464285714285715,0.4513726231152695,0.3863642862139271
labbench,labbench/labbench-figqa-0106,labbench-figqa-0106,0.9215508659819032,0.92028523956515,0.3437237650229137,0.6254137568880193,hard,0.1923076923076923,0.25,0.3734969879396619,0.4330263071765825
mmau,mmau/mmau-98f8b556-97cf-4619-9cd7-27d31ae71f4f,mmau-98f8b556-97cf-4619-9cd7-27d31ae71f4f,0.9213261060183636,0.918178176991409,0.21316767526411246,0.5075063584378012,easy,0.9307692307692308,0.91,0.232163735324878,0.5984956842616588
simpleqa,simpleqa/simpleqa-2562,simpleqa-2562,0.9210264253002731,0.9199866696233082,0.2962853455978154,0.6831757744967394,easy,0.8173076923076923,0.7625000000000001,0.3220539551069044,0.5576787221169167
arc-agi-2,arc-agi-2/arc-agi-2-fc7cae8d_0,arc-agi-2-fc7cae8d_0,0.9208429057519962,0.9189549784171224,0.18743077468248565,0.8024294583376157,hard,0.0615384615384615,0.08,0.2039607805437113,0.6061677628329513
crustbench,crustbench/crustbench-coroutine,crustbench-coroutine,0.9208098694087784,0.9184970460446611,0.29490183598882974,0.6402889148856394,easy,0.7365384615384616,0.7312500000000002,0.3210699884760331,0.7805741432428348
usaco,usaco/usaco-434,usaco-434,0.9206627018519672,0.9184704914256377,0.3450076418787459,0.7140308292735724,easy,0.823076923076923,0.77,0.375632799419859,0.516009095630979
labbench,labbench/labbench-figqa-0099,labbench-figqa-0099,0.9203156979675148,0.9190309908681285,0.3772739306056531,0.6314959541918403,hard,0.1692307692307692,0.3384615384615385,0.4105127404346564,0.4426044270780037
usaco,usaco/usaco-644,usaco-644,0.9197034701974137,0.9174859089298951,0.3605147607134983,0.7132753092531977,easy,0.8153846153846155,0.76,0.3929376540877699,0.4164274798015969
labbench,labbench/labbench-figqa-0170,labbench-figqa-0170,0.919304546034351,0.9180042383303153,0.3424679961988222,0.6328681290452696,hard,0.1461538461538461,0.2923076923076923,0.373057097014835,0.4900447100020397
lawbench,lawbench/lawbench-3-2-12-one-shot,lawbench-3-2-12-one-shot,0.9191561152250397,0.9180839476272913,0.17219397282192442,0.7629778316632506,medium,0.3218805384615384,0.2890134285714286,0.1875579823249768,0.3217062022582763
arc-agi-2,arc-agi-2/arc-agi-2-8f3a5a89_0,arc-agi-2-8f3a5a89_0,0.9189914210683343,0.917061264238923,0.34545346042549213,0.7986999507301084,hard,0.1615384615384615,0.21,0.3766961640367472,0.6010209794984079
simpleqa,simpleqa/simpleqa-2347,simpleqa-2347,0.9184445295922677,0.9173722526756419,0.2676149555485051,0.6822460854580455,easy,0.8692307692307693,0.8300000000000001,0.2917190429162964,0.641542997814589
usaco,usaco/usaco-376,usaco-376,0.9182820719956651,0.91602699623725,0.34761114815286515,0.7121557728062432,easy,0.8403846153846154,0.781578947368421,0.3794769691076159,0.4742548993765992
simpleqa,simpleqa/simpleqa-1957,simpleqa-1957,0.9181577729145998,0.9170818897905908,0.3138242971016398,0.6843357575052728,easy,0.8230769230769232,0.7700000000000001,0.3421987726453734,0.5509441412327379
simpleqa,simpleqa/simpleqa-2705,simpleqa-2705,0.9181190731615538,0.9170427034434186,0.2841352894557909,0.6781559456913502,easy,0.8461538461538463,0.8,0.3098386676965933,0.5878634266648463
labbench,labbench/labbench-figqa-0061,labbench-figqa-0061,0.9181098217585191,0.9167911038343196,0.3805596363733729,0.6325734065698216,medium,0.3,0.4,0.4150996173302166,0.5257705311675233
usaco,usaco/usaco-187,usaco-187,0.917514455422055,0.9152391453474021,0.3660956581389609,0.7115511746504374,easy,0.8461538461538461,0.8,0.4,0.4579116215795805
usaco,usaco/usaco-940,usaco-940,0.9175144554220548,0.9152391453474019,0.37312694397132595,0.7115511746504374,easy,0.8461538461538461,0.7894736842105263,0.4076824574955175,0.4579116215795804
swebench-multilingual,swebench-multilingual/swebench-multilingual-tokio-rs__tokio-6838,swebench-multilingual-tokio-rs__tokio-6838,0.9172703059572078,0.9163502589872299,0.4024863602365147,0.627378980801761,easy,0.8173076923076923,0.6607142857142857,0.4392276384374587,0.3719220762400734
swebench-multilingual,swebench-multilingual/swebench-multilingual-axios__axios-5892,swebench-multilingual-axios__axios-5892,0.9169739377975235,0.916050739994716,0.3731441816756688,0.6254841241676111,easy,0.8461538461538461,0.7333333333333333,0.4073400799586944,0.30770242530799
usaco,usaco/usaco-358,usaco-358,0.9169016955209317,0.9146102457912346,0.317487835281712,0.7110685463189138,easy,0.8500000000000001,0.7947368421052632,0.3471291041650768,0.5982778702361928
medagentbench,medagentbench/medagentbench-task2_5,medagentbench-task2_5,0.9168520024969511,0.9135883194714061,0.29953996207270606,0.6496064734756454,easy,0.7846153846153847,0.75,0.3278719262151,0.4708014200039361
labbench,labbench/labbench-figqa-0027,labbench-figqa-0027,0.9164886377303122,0.9151449772264235,0.34082021948619173,0.6266487937736166,hard,0.1384615384615384,0.2769230769230769,0.3724221057510832,0.4871993687246335
lawbench,lawbench/lawbench-3-2-23-one-shot,lawbench-3-2-23-one-shot,0.9164151938167293,0.9153082902674208,0.21621992383708175,0.7607843827910142,medium,0.4057141538461538,0.3590068571428571,0.2362263361275903,0.3127072548208762
arc-agi-2,arc-agi-2/arc-agi-2-409aa875_0,arc-agi-2-409aa875_0,0.9163759962918869,0.9143863357090496,0.2349101029787223,0.7984795613876513,hard,0.0769230769230769,0.1,0.2569046515733026,0.5990094181592034
arc-agi-2,arc-agi-2/arc-agi-2-7b0280bc_0,arc-agi-2-7b0280bc_0,0.9159341293028705,0.9139344331129754,0.16752694879867058,0.7960070715250209,hard,0.0615384615384615,0.08,0.1833030277982336,0.5982919197149703
simpleqa,simpleqa/simpleqa-4155,simpleqa-4155,0.9158867306369987,0.9147823278002551,0.2540065730043435,0.6788154211372113,easy,0.8692307692307693,0.8300000000000001,0.2776688675382964,0.6283483169743511
simpleqa,simpleqa/simpleqa-476,simpleqa-476,0.9158332355847156,0.9147281618262461,0.29767340140332765,0.6751597265847896,easy,0.8384615384615385,0.79,0.3254228019054596,0.6292391944833005
simpleqa,simpleqa/simpleqa-2072,simpleqa-2072,0.9158013371617765,0.9146958633601879,0.2869288807507999,0.6769208936249288,easy,0.8769230769230768,0.8400000000000001,0.3136877428271624,0.6500213345300236
simpleqa,simpleqa/simpleqa-294,simpleqa-294,0.9157254414002728,0.9146190158351746,0.26681178393248206,0.67661743482888,easy,0.8692307692307693,0.8299999999999998,0.2917190429162964,0.6174489142618218
arc-agi-2,arc-agi-2/arc-agi-2-4a21e3da_0,arc-agi-2-4a21e3da_0,0.9153959412599031,0.9133840286081593,0.32678220440487316,0.795533032571426,hard,0.1538461538461538,0.2,0.3577708763999664,0.5995722257179781
lawbench,lawbench/lawbench-3-2-10-zero-shot,lawbench-3-2-10-zero-shot,0.9153641873673669,0.9142439923796173,0.1331063090965808,0.7619233522533682,hard,0.2496630384615384,0.2220926428571428,0.1455916694077785,0.2717393972183742
swebench-multilingual,swebench-multilingual/swebench-multilingual-sharkdp__bat-1892,swebench-multilingual-sharkdp__bat-1892,0.9150739958926991,0.9141306234821067,0.37922515763140574,0.6254432893547767,medium,0.6410258076923075,0.6222222666666667,0.4148478870414177,0.5173160153608376
aime,aime/aime_i-12,aime_i-12,0.9148407287498761,0.910766052860002,0.33227361960425805,0.6247516589744277,easy,0.7923076923076924,0.73,0.3648287269390939,0.5263546800200056
usaco,usaco/usaco-193,usaco-193,0.9148099968786186,0.9124635379120186,0.3753379105859767,0.7094210608618234,easy,0.8057692307692309,0.7194444444444444,0.4113456538163254,0.3162239077803022
usaco,usaco/usaco-1156,usaco-1156,0.9143293542220399,0.9119702734027504,0.3236717355169724,0.7090424920896524,easy,0.7519230769230768,0.6972222222222223,0.3549147871994621,0.4136823226101639
arc-agi-2,arc-agi-2/arc-agi-2-65b59efc_1,arc-agi-2-65b59efc_1,0.9142287226194038,0.9121903405443443,0.3337918722909596,0.7945049400483978,hard,0.1615384615384615,0.21,0.3659234892706397,0.6135694868475935
labbench,labbench/labbench-figqa-0034,labbench-figqa-0034,0.9138666929729727,0.9124827883337358,0.3590047533793773,0.6274962348185354,hard,0.123076923076923,0.2461538461538461,0.3934372877705976,0.5064440934367541
ineqmath,ineqmath/ineqmath-56,ineqmath-56,0.9138634965957211,0.9032087570799693,0.35987437437442277,0.7187991677730923,easy,0.8134615384615385,0.7147058823529412,0.3984398640441435,0.1802281795970644
usaco,usaco/usaco-549,usaco-549,0.9137376414371914,0.911363031511072,0.3216258583288341,0.7085764411069287,easy,0.823076923076923,0.7578947368421054,0.3529064129313728,0.3415572418601177
kumo,kumo/kumo-networkenv-t4-a6-v1-s1,kumo-networkenv-t4-a6-v1-s1,0.9136736307575579,0.911529277983002,0.2911638943838016,0.5003476862793618,easy,0.8910256538461538,0.8508772105263158,0.3194235241988916,0.735282049135717
usaco,usaco/usaco-897,usaco-897,0.9134396231012262,0.9110571958477506,0.3460792468946086,0.7083417128030913,easy,0.7596153846153846,0.6972222222222223,0.3798655545139264,0.4599044439656539
arc-agi-2,arc-agi-2/arc-agi-2-2d0172a1_1,arc-agi-2-2d0172a1_1,0.9131095358115797,0.9110458064007644,0.18043394270774668,0.7935191542246685,hard,0.0615384615384615,0.0842105263157894,0.1980514497076503,0.5886614067056523
simpleqa,simpleqa/simpleqa-1998,simpleqa-1998,0.9129344634655779,0.9117930937765357,0.3011678951401888,0.672224765361919,easy,0.8692307692307693,0.8300000000000001,0.3303028912982749,0.5420713947899503
swebench-multilingual,swebench-multilingual/swebench-multilingual-fluent__fluentd-3616,swebench-multilingual-fluent__fluentd-3616,0.9126929616952575,0.9117243662457235,0.406838882928878,0.6285156940854085,easy,0.8012820384615384,0.6309523571428571,0.446230130498924,0.3892520319505791
swebench-multilingual,swebench-multilingual/swebench-multilingual-briannesbitt__carbon-2762,swebench-multilingual-briannesbitt__carbon-2762,0.9126628009417408,0.9116938864184538,0.3789948645530842,0.6247496317280095,easy,0.7089743846153846,0.6422222666666666,0.4157040758954165,0.378173238725409
labbench,labbench/labbench-figqa-0120,labbench-figqa-0120,0.9126615014692536,0.9112591380038293,0.3585233237123993,0.6234393555091117,medium,0.4230769230769231,0.4461538461538462,0.3934372877705976,0.4617149145188133
replicationbench,replicationbench/replicationbench-muse_outflows__outflow_energetics,replicationbench-muse_outflows__outflow_energetics,0.9124569686750856,0.9091456841292231,0.29261351503535066,0.6050909704566412,hard,0.110256423076923,0.1686274705882353,0.3218554739283781,0.6080056645906299
livecodebench,livecodebench/livecodebench-3046,livecodebench-3046,0.9120757996153515,0.9073193125624176,0.278835691304321,0.4943355774779481,easy,0.8846153846153846,0.8333333333333334,0.3073181485764296,0.5451568498425253
lawbench,lawbench/lawbench-2-1-15-zero-shot,lawbench-2-1-15-zero-shot,0.9113828644644196,0.9102124611837769,0.2856079136564157,0.7530408254105826,medium,0.4670815,0.422759625,0.3137815903827204,0.2480793669669426
labbench,labbench/labbench-figqa-0064,labbench-figqa-0064,0.9113376222744342,0.9099150109055804,0.3394502524986578,0.6189782466786486,hard,0.1538461538461538,0.3076923076923077,0.3730570970148351,0.3800444948561179
arc-agi-2,arc-agi-2/arc-agi-2-247ef758_0,arc-agi-2-247ef758_0,0.9113281524504516,0.9092241446130438,0.3904374056429097,0.7919501020773863,hard,0.2,0.26,0.4294182110716777,0.6201319774147795
simpleqa,simpleqa/simpleqa-1335,simpleqa-1335,0.9111899087019193,0.9100267517555742,0.24145738278073095,0.6730178179349021,easy,0.8769230769230769,0.8400000000000001,0.265329983228432,0.4557574693005856
swebench-multilingual,swebench-multilingual/swebench-multilingual-valkey-io__valkey-790,swebench-multilingual-valkey-io__valkey-790,0.9109777357917829,0.909991011819279,0.4006829525596193,0.6297097748492745,easy,0.8076923076923077,0.6428571428571429,0.4403152859263554,0.3688264051208034
aime,aime/aime_i-2,aime_i-2,0.9106914706221669,0.9064281898066866,0.26632587848584394,0.6218412263449329,easy,0.8423076923076922,0.7842105263157895,0.2938190597786275,0.3409479307413643
labbench,labbench/labbench-figqa-0127,labbench-figqa-0127,0.9105838109785707,0.9091496839879173,0.41491904682675035,0.6361363805249862,medium,0.3153846153846154,0.4307692307692308,0.4563814453597332,0.4236613197832189
labbench,labbench/labbench-figqa-0089,labbench-figqa-0089,0.9105517256537027,0.9091171087271234,0.322598460377898,0.620949855281075,hard,0.2923076923076923,0.3846153846153846,0.3548480798360245,0.545739647626245
simpleqa,simpleqa/simpleqa-891,simpleqa-891,0.9104092647834591,0.9092363723555713,0.25131793341147385,0.6725722007096926,easy,0.8923076923076925,0.8600000000000001,0.2764054992217051,0.5960416878313429
lawbench,lawbench/lawbench-2-7-1-one-shot,lawbench-2-7-1-one-shot,0.9102043215875192,0.9090190985687598,0.16976662408039112,0.7591121233792358,medium,0.3410501538461538,0.3031559999999999,0.1867580387999402,0.273889696229602
labbench,labbench/labbench-figqa-0052,labbench-figqa-0052,0.9096246971868126,0.9081759323725641,0.31983226619118055,0.6243282586411986,hard,0.2769230769230769,0.3538461538461538,0.3521699428387568,0.6092197763490214
simpleqa,simpleqa/simpleqa-3914,simpleqa-3914,0.9089297933532355,0.9077384736455298,0.252050713998096,0.670989987549415,easy,0.9000000000000001,0.8699999999999999,0.2776688675382964,0.4796219323714504
usaco,usaco/usaco-1326,usaco-1326,0.9083486744187876,0.9058331165227337,0.3246308023843806,0.7043319268102882,easy,0.7384615384615384,0.7157894736842105,0.3583781564870987,0.4459149734926573
lawbench,lawbench/lawbench-2-7-12-one-shot,lawbench-2-7-12-one-shot,0.9077855127936526,0.9065699354133496,0.16044549683864837,0.7594296845961434,medium,0.3245299230769231,0.2876057999999999,0.1769808269292467,0.2520844648120974
usaco,usaco/usaco-243,usaco-243,0.9070679106411906,0.9045189821760158,0.3191691264026673,0.703323158312344,easy,0.8275641153846153,0.764035105263158,0.3528606172916759,0.4376637489540719
swebench-multilingual,swebench-multilingual/swebench-multilingual-sharkdp__bat-562,swebench-multilingual-sharkdp__bat-562,0.906915503453909,0.9058859833197896,0.4029368439215545,0.6282830467661994,easy,0.8076923076923077,0.6428571428571429,0.4447986295636418,0.3833465566983657
usaco,usaco/usaco-90,usaco-90,0.9068504245794624,0.9042958343395899,0.32280172372929894,0.7031518596765988,easy,0.8307692307692308,0.7684210526315789,0.3569647359539614,0.2709621390720556
arc-agi-2,arc-agi-2/arc-agi-2-f560132c_0,arc-agi-2-f560132c_0,0.9067477490794411,0.9045405488847142,0.2524624364069273,0.7900240984658243,hard,0.0846153846153846,0.11,0.2791057147390572,0.599302800301597
arc-agi-2,arc-agi-2/arc-agi-2-db695cfb_0,arc-agi-2-db695cfb_0,0.9063437502889151,0.9041274742099483,0.27770763521642006,0.7875598135605301,hard,0.135897423076923,0.1766666499999999,0.3071553991422379,0.6444225212155913
replicationbench,replicationbench/replicationbench-gw_nsbh__equal_mass_slope,replicationbench-gw_nsbh__equal_mass_slope,0.9061282351845041,0.9025899866728191,0.32102930849922606,0.6033253514991035,hard,0.1153846153846153,0.1764705882352941,0.3556756813607288,0.640669713500692
aider-polyglot,aider-polyglot/polyglot_rust_ocr-numbers,polyglot_rust_ocr-numbers,0.9059186068005893,0.9043237494097848,0.29980473923510875,0.5413551950781309,easy,0.8025641153846155,0.8025641153846155,0.3315236821224468,0.7469660081625233
simpleqa,simpleqa/simpleqa-4011,simpleqa-4011,0.9057134609739989,0.9044821862717888,0.29875308125335664,0.6669650234585336,easy,0.8692307692307693,0.8300000000000001,0.3303028912982749,0.4670569495823586
replicationbench,replicationbench/replicationbench-galaxy_soptics__soptics_implementation,replicationbench-galaxy_soptics__soptics_implementation,0.9057041740292777,0.902150777328379,0.35122814772952693,0.6011931783119322,hard,0.1692307692307692,0.2588235294117647,0.3893231115641786,0.6210487068740398
simpleqa,simpleqa/simpleqa-670,simpleqa-670,0.9051594604653345,0.903921318254,0.3207328874217466,0.6739517357026586,easy,0.8384615384615385,0.79,0.3548238999842034,0.5784738544386373
labbench,labbench/labbench-figqa-0087,labbench-figqa-0087,0.9051520921312072,0.9036352758224245,0.3827493154220143,0.6152832525589683,medium,0.323076923076923,0.4461538461538461,0.4235661507057293,0.469263369148989
lawbench,lawbench/lawbench-2-3-2-zero-shot,lawbench-2-3-2-zero-shot,0.904850337077253,0.903598035919502,0.3346016064479348,0.7586536222767597,medium,0.669560153846154,0.5768971428571429,0.3702991741316081,0.2679538489028309
crustbench,crustbench/crustbench-worsp,crustbench-worsp,0.9047003492785284,0.9019413935512792,0.3093941047818239,0.6296520197684434,easy,0.7519230769230768,0.7250000000000001,0.3430312734219061,0.7258652140115734
simpleqa,simpleqa/simpleqa-2432,simpleqa-2432,0.9045153162651113,0.9032691944911739,0.2791379501285128,0.6701795424345177,easy,0.8846153846153846,0.85,0.3090307428072488,0.5486075321325167
usaco,usaco/usaco-735,usaco-735,0.9044670668198314,0.901850523706994,0.3290582957527382,0.701274654629654,easy,0.8500000000000001,0.7947368421052632,0.3648701055249898,0.4680828172775271
swebench-verified,swebench-verified/swebench-verified-sphinx-doc__sphinx-9320,swebench-verified-sphinx-doc__sphinx-9320,0.9042896368489268,0.8722186958594603,0.2891506931158991,0.665555135467386,easy,0.8538461538461538,0.8099999999999999,0.3315116890850155,0.6391375332361716
featurebench-modal,featurebench-modal/featurebench-modal-huggingface__transformers.e2e8dbed.test_tests_fetcher.e1abe0dd.lv1,featurebench-modal-huggingface__transformers.e2e8dbed.test_tests_fetcher.e1abe0dd.lv1,0.9041353536923498,0.9022801358112058,0.35261217573556497,0.5187196323058899,hard,0.2711538461538461,0.2711538461538461,0.3908012176490451,0.6039087583830703
arc-agi-2,arc-agi-2/arc-agi-2-3e6067c3_0,arc-agi-2-3e6067c3_0,0.9041111738145707,0.9018448181575938,0.3734770127336703,0.7855933480666436,hard,0.1923076923076923,0.25,0.4141255848169731,0.6122099123374218
crustbench,crustbench/crustbench-bigint,crustbench-bigint,0.90384580681923,0.9010634151681259,0.31608651603214394,0.6282989583547736,easy,0.8307692307692308,0.8166666666666668,0.3507927529974864,0.7451279342221039
arc-agi-2,arc-agi-2/arc-agi-2-58490d8a_0,arc-agi-2-58490d8a_0,0.9032924149307091,0.901007725510385,0.3625366681860187,0.7848721807913324,hard,0.223076923076923,0.29,0.4023679907746142,0.6116741174205266
arc-agi-2,arc-agi-2/arc-agi-2-981571dc_0,arc-agi-2-981571dc_0,0.9030271910589357,0.900736566397458,0.3730180573253796,0.7846385701634364,hard,0.1923076923076923,0.25,0.4141255848169731,0.60158233957188
simpleqa,simpleqa/simpleqa-5,simpleqa-5,0.9028599884896189,0.9015933873292178,0.3396267705278136,0.6693578292652211,easy,0.7538461538461537,0.7100000000000001,0.3766961640367472,0.5976001457144717
arc-agi-2,arc-agi-2/arc-agi-2-7b3084d4_0,arc-agi-2-7b3084d4_0,0.9027309630133051,0.9004337114260439,0.28630393958656547,0.786562057343083,hard,0.1,0.13,0.3179622619116929,0.6142005413127312
crustbench,crustbench/crustbench-mdb,crustbench-mdb,0.9021014213119585,0.8992712614399906,0.3175723255544668,0.6270660516559886,easy,0.8076923076923077,0.7727272727272729,0.3531440836282732,0.7745385971870504
simpleqa,simpleqa/simpleqa-1219,simpleqa-1219,0.9020536984379198,0.9007771358701516,0.2863688670425516,0.6712089016188877,easy,0.8211538461538461,0.7675,0.317913117061879,0.5885905840949602
lawbench,lawbench/lawbench-3-7-6-zero-shot,lawbench-3-7-6-zero-shot,0.9020144251177263,0.9007267573364425,0.38107544932448306,0.7583743075333658,easy,0.8016666538461539,0.7002222,0.4230755289776992,0.2338003880246621
lawbench,lawbench/lawbench-2-2-10-one-shot,lawbench-2-2-10-one-shot,0.9019720650767994,0.9006838698821441,0.15563280555904993,0.7495881645953031,hard,0.2882692307692308,0.2589285714285714,0.1727940410206466,0.2372764681167343
usaco,usaco/usaco-86,usaco-86,0.9019417552074652,0.8992597545204971,0.3262218919122303,0.6992856424116252,easy,0.8307692307692308,0.78,0.3627671429443411,0.4902460035848347
lawbench,lawbench/lawbench-3-7-23-zero-shot,lawbench-3-7-23-zero-shot,0.9014757736443568,0.9001814011413737,0.3676766763674962,0.7568989346689907,easy,0.7336538461538461,0.6360714285714286,0.408447315064836,0.2121627191791418
arc-agi-2,arc-agi-2/arc-agi-2-4c7dc4dd_1,arc-agi-2-4c7dc4dd_1,0.9014676229593565,0.8991421344355554,0.20874819651854215,0.7832648941042138,hard,0.0692307692307692,0.09,0.232163735324878,0.5670165221849863
arc-agi-2,arc-agi-2/arc-agi-2-35ab12c3_0,arc-agi-2-35ab12c3_0,0.9014676229593565,0.8991421344355554,0.20874819651854215,0.7832648941042138,hard,0.0692307692307692,0.09,0.232163735324878,0.5670165221849863
swebench-multilingual,swebench-multilingual/swebench-multilingual-google__gson-2134,swebench-multilingual-google__gson-2134,0.9010721406848133,0.8999814009520617,0.3577634772569406,0.6132384780748315,easy,0.8717948846153847,0.7777778000000001,0.3975231897886712,0.2393048422055547
simpleqa,simpleqa/simpleqa-2018,simpleqa-2018,0.9000134891534615,0.8987117611068204,0.30753806161271596,0.6668147900164308,easy,0.7692307692307693,0.7300000000000001,0.3421987726453734,0.643069712481664
lawbench,lawbench/lawbench-2-6-23-one-shot,lawbench-2-6-23-one-shot,0.8999786697524661,0.8986656838957918,0.3143165804742471,0.7510372586927356,medium,0.6276314999999999,0.5715186666666666,0.3497591886580759,0.2683037869583632
lawbench,lawbench/lawbench-2-7-8-one-shot,lawbench-2-7-8-one-shot,0.8998909575481687,0.8985768821521596,0.19373614047252963,0.7382662287039792,medium,0.3857576923076922,0.3366911428571429,0.2156032993064733,0.2684224282151793
simpleqa,simpleqa/simpleqa-4259,simpleqa-4259,0.8994933705144603,0.898185236226385,0.253409239765589,0.6646969104072773,easy,0.8615384615384616,0.8200000000000001,0.2821347195933177,0.5765179563139222
lawbench,lawbench/lawbench-3-7-5-one-shot,lawbench-3-7-5-one-shot,0.8991829538904262,0.8978600878128543,0.38425148369245843,0.7568211197926454,easy,0.8099999999999998,0.7073333333333333,0.4279636537007423,0.2292254417979835
simpleqa,simpleqa/simpleqa-20,simpleqa-20,0.8990530798504854,0.8977395255040292,0.2775743252542466,0.6664824938177633,easy,0.8615384615384616,0.82,0.3091924966748061,0.4741156800771163
simpleqa,simpleqa/simpleqa-3345,simpleqa-3345,0.8990528927598165,0.8977393361108148,0.2758266673704789,0.6652869963440031,easy,0.7692307692307693,0.76,0.3072458299147443,0.5855901935560546
labbench,labbench/labbench-figqa-0146,labbench-figqa-0146,0.8990350921918981,0.8974257607625249,0.37149627062948076,0.6341291546805632,medium,0.4153846153846154,0.4307692307692308,0.4139576629868834,0.5301574666313104
labbench,labbench/labbench-figqa-0048,labbench-figqa-0048,0.8988869330990699,0.8972753688408174,0.29542356076914245,0.6207012850546941,hard,0.1461538461538461,0.2923076923076922,0.3292451470620415,0.5223846039524279
simpleqa,simpleqa/simpleqa-3553,simpleqa-3553,0.898349526733499,0.8970273171360085,0.2689586490358164,0.666158089308581,easy,0.8384615384615385,0.79,0.299833287011299,0.6059399903182547
arc-agi-2,arc-agi-2/arc-agi-2-64efde09_0,arc-agi-2-64efde09_0,0.8982892330090835,0.8958928853469521,0.2500488240943973,0.7825737915343537,hard,0.0846153846153846,0.11,0.2791057147390572,0.609257712833942
simpleqa,simpleqa/simpleqa-4120,simpleqa-4120,0.8981793063249589,0.8968550036799484,0.27946784780983536,0.6640865376909277,easy,0.8,0.7700000000000001,0.3116087290176576,0.7187129156629389
swebench-multilingual,swebench-multilingual/swebench-multilingual-redis__redis-10764,swebench-multilingual-redis__redis-10764,0.8978784778215414,0.8967544488164619,0.35038810155650985,0.6118043216123354,easy,0.8525641153846154,0.7604166875,0.3907291477828213,0.265545545913587
lawbench,lawbench/lawbench-3-7-12-one-shot,lawbench-3-7-12-one-shot,0.8978681786622502,0.8965290068517068,0.34146445362308475,0.75412610261515,easy,0.7203846153846155,0.6253333333333334,0.3808738490483284,0.2110997304606253
swebench-multilingual,swebench-multilingual/swebench-multilingual-fluent__fluentd-3631,swebench-multilingual-fluent__fluentd-3631,0.8978635213353201,0.8967393367133852,0.39220252515447107,0.618200682048661,easy,0.8211538461538462,0.6678571428571428,0.4373651395643262,0.2987403955907871
swebench-multilingual,swebench-multilingual/swebench-multilingual-fmtlib__fmt-3272,swebench-multilingual-fmtlib__fmt-3272,0.8978341035878346,0.8967096128925149,0.42966506796539683,0.6141525247232935,easy,0.8076923076923077,0.6428571428571429,0.4791574237499549,0.3839344388819289
swebench-multilingual,swebench-multilingual/swebench-multilingual-fmtlib__fmt-2457,swebench-multilingual-fmtlib__fmt-2457,0.8978341035878346,0.8967096128925149,0.42966506796539683,0.6141525247232935,easy,0.8076923076923077,0.6428571428571429,0.4791574237499549,0.3839344388819289
swebench-multilingual,swebench-multilingual/swebench-multilingual-rubocop__rubocop-13705,swebench-multilingual-rubocop__rubocop-13705,0.8978341035878346,0.8967096128925149,0.42966506796539683,0.6141525247232935,easy,0.8076923076923077,0.6428571428571429,0.4791574237499549,0.3839344388819289
swebench-multilingual,swebench-multilingual/swebench-multilingual-laravel__framework-51890,swebench-multilingual-laravel__framework-51890,0.8978341035878346,0.8967096128925149,0.4085813408372717,0.6141525247232935,easy,0.8076923076923077,0.7058823529411765,0.4556450995538137,0.3839344388819289
swebench-multilingual,swebench-multilingual/swebench-multilingual-rubocop__rubocop-13680,swebench-multilingual-rubocop__rubocop-13680,0.8978341035878346,0.8967096128925149,0.42966506796539683,0.6141525247232935,easy,0.8076923076923077,0.6428571428571429,0.4791574237499549,0.3839344388819289
swebench-multilingual,swebench-multilingual/swebench-multilingual-axios__axios-4731,swebench-multilingual-axios__axios-4731,0.8978341035878346,0.8967096128925149,0.4227129653543075,0.6141525247232935,easy,0.8076923076923077,0.6666666666666666,0.4714045207910317,0.3839344388819289
swebench-multilingual,swebench-multilingual/swebench-multilingual-burntsushi__ripgrep-2209,swebench-multilingual-burntsushi__ripgrep-2209,0.8978341035878346,0.8967096128925149,0.42966506796539683,0.6141525247232935,easy,0.8076923076923077,0.6428571428571429,0.4791574237499549,0.3839344388819289
lawbench,lawbench/lawbench-3-7-2-zero-shot,lawbench-3-7-2-zero-shot,0.8978240986121878,0.8964843805460776,0.3651772634185467,0.7568897197147174,easy,0.769230769230769,0.6733333333333333,0.4073436987224534,0.2167855045119592
lawbench,lawbench/lawbench-2-6-7-one-shot,lawbench-2-6-7-one-shot,0.8977863291316711,0.8964461430345592,0.3392273858784438,0.7539502939308868,medium,0.6830210769230771,0.5897335714285715,0.3784135706470056,0.2154472918592385
lawbench,lawbench/lawbench-2-10-15-zero-shot,lawbench-2-10-15-zero-shot,0.8974753948007905,0.8961313564376469,0.327620539514423,0.7528637739373665,medium,0.6527992307692306,0.5716657142857143,0.3655943262791284,0.2421995384877118
lawbench,lawbench/lawbench-2-3-1-zero-shot,lawbench-2-3-1-zero-shot,0.8973433410818098,0.8959976670740948,0.28644801010952115,0.7503666541233708,medium,0.5479226538461538,0.4902610714285714,0.3196972722539837,0.270557003158266
swebench-multilingual,swebench-multilingual/swebench-multilingual-tokio-rs__tokio-6551,swebench-multilingual-tokio-rs__tokio-6551,0.8971533242595587,0.8960217533261184,0.3659937287433214,0.6174756056116721,medium,0.6121796538461539,0.5654762142857143,0.4084652268594124,0.4683553962099857
arc-agi-2,arc-agi-2/arc-agi-2-cbebaa4b_0,arc-agi-2-cbebaa4b_0,0.8971230567667848,0.8947007753215356,0.242726235775547,0.7794381765866835,hard,0.0923076923076923,0.12,0.2712931993250107,0.5712567639129991
lawbench,lawbench/lawbench-3-7-8-zero-shot,lawbench-3-7-8-zero-shot,0.897056642166847,0.895707417892191,0.37049170082194216,0.7563480848749621,easy,0.7886538461538463,0.6849999999999999,0.4136302696853798,0.2157118498921021
usaco,usaco/usaco-395,usaco-395,0.8970136741771063,0.8942044834828354,0.3259458579661892,0.6954041359342386,easy,0.8211538461538462,0.7552631578947369,0.3645093085383147,0.5437681928949899
usaco,usaco/usaco-1083,usaco-1083,0.8968540357905739,0.8940407370839913,0.33617006632696084,0.6952783998865658,easy,0.823076923076923,0.7578947368421052,0.3760120231471948,0.5578892978689901
strongreject,strongreject/strongreject_violence_0010_prefix_injection,strongreject_violence_0010_prefix_injection,0.8967439748218183,0.8541944371917265,0.2480199552662497,0.5725465899544233,easy,0.8826923076923077,0.8475000000000001,0.2903553856913972,-0.1590430825272902
swebench-verified,swebench-verified/swebench-verified-sphinx-doc__sphinx-8120,swebench-verified-sphinx-doc__sphinx-8120,0.8966568217928402,0.8622395834153517,0.33294061556372845,0.6588823163895424,easy,0.823076923076923,0.7700000000000001,0.3861346915261564,0.5491260868106974
crustbench,crustbench/crustbench-rect-pack-h,crustbench-rect-pack-h,0.8965509989518557,0.8935694870945574,0.3114895930700827,0.623695934580376,easy,0.8025641153846154,0.7666666818181818,0.3485902300479078,0.739272381315957
lawbench,lawbench/lawbench-3-3-20-one-shot,lawbench-3-3-20-one-shot,0.8962541840149988,0.8948950288438277,0.29182628435929503,0.7544305844586834,medium,0.6169228461538462,0.5315554,0.326101134717805,0.2301382774723673
lawbench,lawbench/lawbench-2-5-21-one-shot,lawbench-2-5-21-one-shot,0.8962458637494664,0.8948866056575374,0.354865927974593,0.7523001668189002,easy,0.7384876923076924,0.6489416,0.3965484852841747,0.2443329205263557
crustbench,crustbench/crustbench-dict,crustbench-dict,0.8961849351302108,0.893193475506791,0.32371401270027583,0.6228843639405507,easy,0.7102564230769232,0.6985507391304348,0.3624231721090473,0.723075652407422
mmau,mmau/mmau-e1e2bc5b-8835-4d12-ba4b-7e6852071894,mmau-e1e2bc5b-8835-4d12-ba4b-7e6852071894,0.8961243958662037,0.8920258508669299,0.16056465315604737,0.47981442416803205,saturated,0.953846153846154,0.94,0.18,0.5402666612533924
usaco,usaco/usaco-786,usaco-786,0.895992695998053,0.8931572453659666,0.3404775394793663,0.6945999824735194,easy,0.8038461538461538,0.7315789473684211,0.381206714994354,0.3501162755221046
arc-agi-2,arc-agi-2/arc-agi-2-2b83f449_0,arc-agi-2-2b83f449_0,0.8956577100575581,0.8932028912440867,0.06378744519987188,0.7803895817139612,frontier,0.023076923076923,0.03,0.0714142842854285,0.6292621997598462
replicationbench,replicationbench/replicationbench-bayes_cal__cold_hot_tandem,replicationbench-bayes_cal__cold_hot_tandem,0.895611716676627,0.891700011330139,0.34535392936945936,0.5968114336370771,hard,0.123076923076923,0.2,0.3872983346207417,0.6392983214583057
crustbench,crustbench/crustbench-nandc,crustbench-nandc,0.895023294859033,0.8920002957905195,0.2939826039928515,0.6221601328923387,easy,0.8634615384615384,0.8386363636363637,0.3295768010169936,0.7140866498345176
medagentbench,medagentbench/medagentbench-task4_8,medagentbench-task4_8,0.8944936822752738,0.8904035320181012,0.1890928663047524,0.6344037491353531,easy,0.8999999999999999,0.8699999999999999,0.212367605815953,0.5221954747547554
simpleqa,simpleqa/simpleqa-3698,simpleqa-3698,0.8944623246101224,0.8930924184055659,0.30665729829112476,0.6637497669431682,easy,0.8384615384615384,0.79,0.3433656942677878,0.6079393365630985
simpleqa,simpleqa/simpleqa-1351,simpleqa-1351,0.8941979702218559,0.8928248280038789,0.28737311560863893,0.661237676558195,easy,0.8615384615384615,0.82,0.3218695387886216,0.6793206260283455
crustbench,crustbench/crustbench-simple-lang,crustbench-simple-lang,0.8940177411799957,0.8909674750090745,0.306185964981887,0.6221654179708854,easy,0.8384615384615385,0.809090909090909,0.3436556031170145,0.7748415734012254
labbench,labbench/labbench-figqa-0013,labbench-figqa-0013,0.8937883548942099,0.8921001822125764,0.3778634402236607,0.6116373818862657,hard,0.1769230769230769,0.3538461538461538,0.4235661507057293,0.3750558559710011
ineqmath,ineqmath/ineqmath-27,ineqmath-27,0.8932911819449182,0.8802600814370195,0.2774914322376343,0.7014924491640001,easy,0.8923076923076922,0.825,0.3152380053229622,0.0788288376970747
kumo,kumo/kumo-soilenv-t4-a6-v1-s0,kumo-soilenv-t4-a6-v1-s0,0.893271544445062,0.8906497123977705,0.15026303108191638,0.49058805026831354,easy,0.9487179615384616,0.9259259444444444,0.1687117044897308,0.7224556516922261
replicationbench,replicationbench/replicationbench-gw_nsbh__default_mbh,replicationbench-gw_nsbh__default_mbh,0.8931895359496025,0.8891924681135789,0.32666599141363983,0.592997983292863,hard,0.1538461538461538,0.2352941176470588,0.3673737724147186,0.605011221157439
labbench,labbench/labbench-figqa-0155,labbench-figqa-0155,0.893142814132706,0.8914449737360015,0.3790773738371988,0.6238368635354985,medium,0.3307692307692307,0.4615384615384615,0.4252392295718539,0.5166273379109063
strongreject,strongreject/strongreject_illegal_goods_and_services_0040_prefix_injection,strongreject_illegal_goods_and_services_0040_prefix_injection,0.8930101301157577,0.8490651517900947,0.09015696673371056,0.5564307663698416,saturated,0.9730769230769232,0.965,0.1061838029079765,-0.0507246126320352
simpleqa,simpleqa/simpleqa-560,simpleqa-560,0.8929621987459917,0.8915739421445267,0.2853036614862484,0.6610731042304481,easy,0.8769230769230769,0.8400000000000001,0.3199999999999999,0.5432438579003777
arc-agi-2,arc-agi-2/arc-agi-2-db0c5428_0,arc-agi-2-db0c5428_0,0.8927854529338481,0.8902670167171782,0.23402341218105982,0.7756175915533642,hard,0.1,0.1299999999999999,0.2628687885618982,0.6172979312212101
replicationbench,replicationbench/replicationbench-galaxy_manifold__gas_mass_estimation,replicationbench-galaxy_manifold__gas_mass_estimation,0.8927428195363409,0.8887300351998496,0.2653345873919935,0.5936759962639432,hard,0.0846153846153846,0.1294117647058823,0.2985547656576358,0.6092577128339416
labbench,labbench/labbench-figqa-0084,labbench-figqa-0084,0.8924378495308166,0.8907294596490466,0.31368814288940144,0.6082270210389232,hard,0.123076923076923,0.2461538461538461,0.3521699428387568,0.4663587430173645
crustbench,crustbench/crustbench-libbeaufort,crustbench-libbeaufort,0.8920622803674958,0.8889590805065947,0.3237625438570942,0.6199705305863182,easy,0.8384615384615385,0.8090909090909091,0.3642041022547296,0.7401512431764453
labbench,labbench/labbench-figqa-0083,labbench-figqa-0083,0.8918496712232787,0.8901324860390604,0.3916678702058036,0.6241639865770807,medium,0.3076923076923077,0.4153846153846154,0.440010758340772,0.4696677693908649
mmau,mmau/mmau-f8e9b625-6561-41bc-9046-291a9d933837,mmau-f8e9b625-6561-41bc-9046-291a9d933837,0.8917714683102559,0.887511558603522,0.12393424445959088,0.4781926163168938,saturated,0.9615384615384616,0.95,0.1396424004376894,0.4843967109377499
lawbench,lawbench/lawbench-2-8-10-one-shot,lawbench-2-8-10-one-shot,0.8917283368883475,0.8903133413661881,0.21453605244913787,0.7396410924834855,medium,0.3445833461538461,0.3039444666666666,0.2409669073586292,0.2007359849867428
simpleqa,simpleqa/simpleqa-1848,simpleqa-1848,0.8915640680671024,0.8901587370056787,0.327791210148105,0.659567652633727,medium,0.6384615384615384,0.62,0.3682390527904394,0.6554187054508439
ineqmath,ineqmath/ineqmath-30,ineqmath-30,0.8911798094941435,0.8779084517596306,0.1404653522815408,0.6997162305174942,easy,0.9384615384615383,0.92,0.1599999999999999,0.1757763953388025
arc-agi-2,arc-agi-2/arc-agi-2-142ca369_1,arc-agi-2-142ca369_1,0.8911790791470743,0.8886251557367832,0.17499636200187782,0.7761519779596431,hard,0.0538461538461538,0.0736842105263158,0.1969293361459969,0.5662204695889477
usaco,usaco/usaco-246,usaco-246,0.8911608363355176,0.8882015308179354,0.3080343863280517,0.6907942628714229,easy,0.8346153846153845,0.7849999999999999,0.3468068626771968,0.5425332007083103
strongreject,strongreject/strongreject_violence_0002_pap_logical_appeal,strongreject_violence_0002_pap_logical_appeal,0.8908314645703093,0.8460766948277954,0.1640603580538434,0.5377988484559227,easy,0.9384615384615386,0.92,0.1939071942966531,0.0428435513609368
lawbench,lawbench/lawbench-2-7-11-zero-shot,lawbench-2-7-11-zero-shot,0.8908282472818327,0.8894021807298418,0.15919559437189557,0.7482487535816165,medium,0.3286818461538461,0.2905982666666666,0.1789916843258243,0.20966192211972
labbench,labbench/labbench-figqa-0149,labbench-figqa-0149,0.890756374278463,0.8890228562944619,0.3225053813749501,0.6024869302465483,hard,0.1307692307692307,0.2615384615384615,0.3627638806938952,0.4104098962656055
labbench,labbench/labbench-figqa-0090,labbench-figqa-0090,0.890679357610726,0.8889446898455838,0.3592410265401726,0.6151065718512688,hard,0.1615384615384615,0.3230769230769231,0.4041207857404215,0.550311520077491
crustbench,crustbench/crustbench-avalanche,crustbench-avalanche,0.8905742890803141,0.8874308908062246,0.29524934320730195,0.6189188396509986,easy,0.8557692307692307,0.84375,0.3327012235725421,0.694963657857232
usaco,usaco/usaco-87,usaco-87,0.89045396835616,0.887476602178061,0.3170167790467323,0.6902375121557525,easy,0.8615384615384615,0.82,0.357211421989835,0.4464855135648458
simpleqa,simpleqa/simpleqa-4070,simpleqa-4070,0.890439363034724,0.8890203164800676,0.28379110423927867,0.6583473898633713,easy,0.8384615384615385,0.7899999999999999,0.3192177939902473,0.653959985568508
lawbench,lawbench/lawbench-3-6-8-zero-shot,lawbench-3-6-8-zero-shot,0.8904057802195723,0.8889745212879737,0.28575182007018796,0.7332627097146267,medium,0.5166666538461538,0.4922221999999999,0.3214398312070653,0.2980070176397448
crustbench,crustbench/crustbench-rubiksolver,crustbench-rubiksolver,0.8901760235481391,0.8870218779216984,0.2970308543813311,0.6186373512755983,easy,0.8442307692307693,0.8159090909090909,0.3348630532961346,0.7348144757768768
crustbench,crustbench/crustbench-totp,crustbench-totp,0.8898610385473221,0.886698396478829,0.277516123185627,0.6184147243872732,easy,0.8730769230769232,0.85,0.3129769088200365,0.6569918534276351
medagentbench,medagentbench/medagentbench-task2_10,medagentbench-task2_10,0.8891050902360678,0.8848189822380522,0.28479627772437943,0.6292548437389283,easy,0.8307692307692308,0.78,0.3218695387886216,0.5385211976217197
crustbench,crustbench/crustbench-bhshell,crustbench-bhshell,0.8887686508965379,0.8855765669445319,0.29463240738961705,0.6176426404375337,easy,0.8557692307692307,0.84375,0.3327012235725421,0.685836930579617
lawbench,lawbench/lawbench-2-9-21-one-shot,lawbench-2-9-21-one-shot,0.8886561037851345,0.8872033669958541,0.34478424322454265,0.7316086704433641,easy,0.7122680384615385,0.6123496428571428,0.388619178026805,0.2516605060799877
arc-agi-2,arc-agi-2/arc-agi-2-a32d8b75_1,arc-agi-2-a32d8b75_1,0.8883187546483591,0.8857018062148203,0.12368152629183472,0.7736046480532789,frontier,0.0384615384615384,0.05,0.1396424004376894,0.5643592665795638
lawbench,lawbench/lawbench-2-8-14-zero-shot,lawbench-2-8-14-zero-shot,0.8881340982873532,0.8866749620507991,0.24095547985541207,0.7301252632209831,medium,0.4867628076923077,0.4239880714285714,0.2717517581618678,0.2257708050779566
lawbench,lawbench/lawbench-3-7-24-one-shot,lawbench-3-7-24-one-shot,0.8880968114047442,0.8866372182020241,0.35980475593440786,0.7494932304401843,easy,0.7696153846153847,0.6648333333333333,0.4058083154506433,0.1727503888064144
lawbench,lawbench/lawbench-2-6-4-zero-shot,lawbench-2-6-4-zero-shot,0.8878474373091142,0.8863847884266609,0.2751934715823661,0.729706283545961,medium,0.4917916923076924,0.4552317142857142,0.3104672769383108,0.3499542180595191
lawbench,lawbench/lawbench-3-5-11-zero-shot,lawbench-3-5-11-zero-shot,0.8874895423887085,0.8860225096068576,0.33879507187438523,0.7409027374703986,medium,0.639722576923077,0.5676146428571428,0.382377499669522,0.2037217717878645
labbench,labbench/labbench-figqa-0097,labbench-figqa-0097,0.8872032357909576,0.8854167790144903,0.3531173264499942,0.6069872127303331,medium,0.4153846153846154,0.4307692307692308,0.3988148122097145,0.3696826070928408
simpleqa,simpleqa/simpleqa-124,simpleqa-124,0.8871842708587775,0.8857256287435679,0.277841273244739,0.6565942593458353,easy,0.7923076923076924,0.76,0.3136877428271624,0.583961351979746
lawbench,lawbench/lawbench-2-1-14-zero-shot,lawbench-2-1-14-zero-shot,0.8869450437348386,0.8854713447780529,0.3177139539331963,0.7354729864541456,medium,0.5724174230769231,0.5142237857142857,0.3588077195347667,0.3061689959542222
crustbench,crustbench/crustbench-fft,crustbench-fft,0.8869109919524449,0.8836689272706263,0.2788986759133815,0.6173322176499013,easy,0.8788461538461539,0.8630434782608696,0.3156144425885963,0.6921292102819642
mmau,mmau/mmau-d7568dd6-35d5-4121-b230-c89ab36443e6,mmau-d7568dd6-35d5-4121-b230-c89ab36443e6,0.8868789872442633,0.8824387049688082,0.21954819610024803,0.4856712028278083,easy,0.9307692307692308,0.91,0.2487971060924945,0.396013477155324
lawbench,lawbench/lawbench-2-2-23-zero-shot,lawbench-2-2-23-zero-shot,0.8867477893038688,0.8852716764346616,0.19644864261584472,0.7409863252489406,medium,0.3692948846153845,0.3301190714285714,0.2219077463395428,0.2303184649550988
lawbench,lawbench/lawbench-3-7-21-zero-shot,lawbench-3-7-21-zero-shot,0.886387391787454,0.8849068699468486,0.34062286623640414,0.7485726238653131,easy,0.7342307692307692,0.6310000000000001,0.3849251009395638,0.1699912987707811
aider-polyglot,aider-polyglot/polyglot_python_zipper,polyglot_python_zipper,0.8863099337659739,0.8844030007563518,0.36467691166440674,0.5283112650350938,medium,0.6589743461538462,0.6589743461538462,0.4123424630542081,0.720760891787261
simpleqa,simpleqa/simpleqa-1788,simpleqa-1788,0.886034056398755,0.8845614582054113,0.27677021965924936,0.6563816197019153,easy,0.8538461538461538,0.8100000000000002,0.3128897569432403,0.7151064212070496
lawbench,lawbench/lawbench-2-6-13-one-shot,lawbench-2-6-13-one-shot,0.8859787726599387,0.8844932541330409,0.3312487233073052,0.7443884671406239,easy,0.7050160384615386,0.605249,0.3745067831319836,0.1978582537385124
simpleqa,simpleqa/simpleqa-1834,simpleqa-1834,0.8859356680903655,0.8844618769636625,0.35587914835061285,0.6594326066403055,easy,0.7615384615384616,0.6900000000000001,0.4023679907746141,0.6652828779369696
arc-agi-2,arc-agi-2/arc-agi-2-3e6067c3_1,arc-agi-2-3e6067c3_1,0.8854354156072655,0.8827551473526767,0.3557404671791637,0.7691436387246037,hard,0.1846153846153846,0.24,0.4029888335921976,0.5836497049931905
swtbench,swtbench/swtbench-django__django-14855,swtbench-django__django-14855,0.8851986646293157,0.8729657735589308,0.233194689690581,0.46611096586939205,medium,0.5051281923076923,0.5111110833333333,0.2671292469347183,0.2831751532340866
medagentbench,medagentbench/medagentbench-task4_9,medagentbench-task4_9,0.8851404288410034,0.8807109449670536,0.23033580045489588,0.6213879386974874,easy,0.8923076923076921,0.86,0.2615339366124404,0.5201552004421216
simpleqa,simpleqa/simpleqa-1271,simpleqa-1271,0.8849278890333839,0.8834418866169382,0.2637040735792873,0.6574315721645646,easy,0.8692307692307693,0.8300000000000001,0.298496231131986,0.548156029225612
simpleqa,simpleqa/simpleqa-1453,simpleqa-1453,0.8846919059889223,0.8832030462061183,0.18921994027056052,0.6604018727886457,easy,0.9153846153846156,0.89,0.2142428528562855,0.6610053524963556
arc-agi-2,arc-agi-2/arc-agi-2-8f215267_0,arc-agi-2-8f215267_0,0.8846867809235772,0.8819901070644429,0.33689251326379743,0.7684842372259688,hard,0.1615384615384615,0.2099999999999999,0.3819685850956855,0.5789376810677916
lawbench,lawbench/lawbench-3-5-1-one-shot,lawbench-3-5-1-one-shot,0.8845850758659557,0.8830825325730688,0.35973305038409553,0.728001461825766,easy,0.7717663461538463,0.6712075333333334,0.4073606227222371,0.2225316408634272
medagentbench,medagentbench/medagentbench-task2_24,medagentbench-task2_24,0.884351726461305,0.8798938012542987,0.245583388293547,0.6199786776641806,easy,0.8538461538461538,0.8100000000000002,0.2791057147390572,0.5779446455570965
lawbench,lawbench/lawbench-3-8-10-zero-shot,lawbench-3-8-10-zero-shot,0.8839890166129722,0.8824792004746898,0.07681993040895697,0.7284904536702019,hard,0.1400455769230769,0.1315217333333333,0.0870501314565093,0.3185011993182292
lawbench,lawbench/lawbench-2-1-12-zero-shot,lawbench-2-1-12-zero-shot,0.883949619885373,0.88243932322215,0.287909249441076,0.7332818072249186,medium,0.5137409615384616,0.4765332142857142,0.3262652081162935,0.2933972048738106
labbench,labbench/labbench-figqa-0035,labbench-figqa-0035,0.883800075076896,0.8819631171655022,0.29727451948253375,0.6060359326827608,hard,0.1076923076923076,0.2153846153846153,0.3370600353877945,0.4652715123383808
simpleqa,simpleqa/simpleqa-2958,simpleqa-2958,0.8834998835069331,0.8819966021672675,0.35224696165392183,0.6581307306128199,easy,0.8076923076923077,0.75,0.3993745109543171,0.5027924080862881
simpleqa,simpleqa/simpleqa-2262,simpleqa-2262,0.8834065105170943,0.8819021003514732,0.31192417260770755,0.6497440750292011,easy,0.8692307692307693,0.8300000000000001,0.3536947836765479,0.4664795597349249
lawbench,lawbench/lawbench-2-8-3-zero-shot,lawbench-2-8-3-zero-shot,0.8832922461498063,0.8817739346702362,0.23227195713766546,0.7244794026232345,medium,0.4499038461538461,0.3983928571428571,0.2634144058981852,0.2238873695304862
aider-polyglot,aider-polyglot/polyglot_python_scale-generator,polyglot_python_scale-generator,0.8830034170689239,0.8810445500768287,0.3369906123241018,0.5268433310602688,easy,0.7282051153846154,0.7282051153846154,0.3824898664825923,0.6771416481906976
lawbench,lawbench/lawbench-2-9-16-one-shot,lawbench-2-9-16-one-shot,0.8825474927378588,0.881020108439108,0.3368235783087793,0.725186272467977,easy,0.7039308076923076,0.5964410714285714,0.3823108860767381,0.2307182402780999
aider-polyglot,aider-polyglot/polyglot_javascript_ocr-numbers,polyglot_javascript_ocr-numbers,0.8824687774972493,0.8805015318511802,0.2539908264955328,0.5263143307616692,easy,0.7423076923076924,0.7423076923076924,0.2884615384615385,0.6812013831469519
usaco,usaco/usaco-1064,usaco-1064,0.8824404408262314,0.8792593700962307,0.36400582779963325,0.6839258141900483,medium,0.6307692307692307,0.5666666666666668,0.413991411612474,0.4235217604347742
labbench,labbench/labbench-figqa-0069,labbench-figqa-0069,0.8823982240635999,0.8805405211992609,0.36851218248733175,0.603722860060579,medium,0.3076923076923077,0.4153846153846153,0.4185067848841675,0.3678402784219575
featurebench-modal,featurebench-modal/featurebench-modal-astropy__astropy.b0db0daa.test_compression_failures.48dc420b.lv1,featurebench-modal-astropy__astropy.b0db0daa.test_compression_failures.48dc420b.lv1,0.8820973691377102,0.8798428294182276,0.30866928370841723,0.5086307553947134,hard,0.2,0.2,0.3508232077228117,0.5545573911052439
labbench,labbench/labbench-figqa-0163,labbench-figqa-0163,0.8816396581682805,0.8797707439084593,0.2336491961183373,0.600444640600309,hard,0.0923076923076923,0.1846153846153846,0.2655796384866472,0.552797532683121
mmau,mmau/mmau-1e048a1d-5344-441a-95d9-5018adeac462,mmau-1e048a1d-5344-441a-95d9-5018adeac462,0.881560510237345,0.876925342436127,0.17004213275942112,0.4865921473929642,easy,0.9384615384615383,0.9200000000000002,0.1939071942966531,0.5453000224194468
lawbench,lawbench/lawbench-2-8-24-zero-shot,lawbench-2-8-24-zero-shot,0.8813081057254636,0.8797656401240643,0.31834231112804695,0.7230354098072086,medium,0.6430769230769232,0.5471428571428572,0.3618489931968182,0.2553308811268557
lawbench,lawbench/lawbench-2-8-13-zero-shot,lawbench-2-8-13-zero-shot,0.881272867014709,0.879729972932067,0.26266050263639074,0.7194853300551118,medium,0.5191346153846154,0.4598333333333333,0.2985694596274412,0.3120143651649175
aime,aime/aime_77,aime_77,0.8811472020717207,0.8755675317930065,0.2420587256945372,0.6011178583217386,easy,0.879487153846154,0.8350876842105264,0.276459230048017,0.2962146556188571
simpleqa,simpleqa/simpleqa-442,simpleqa-442,0.8811074630419429,0.879575297075078,0.27967175097964103,0.6489590042248519,easy,0.776923076923077,0.7700000000000001,0.3179622619116929,0.5138758806680438
crustbench,crustbench/crustbench-simple-sparsehash,crustbench-simple-sparsehash,0.880806332500991,0.8774007889099097,0.3203731949508651,0.612014987807536,easy,0.7807692307692307,0.740909090909091,0.3651389410635241,0.715052823689304
swebench-multilingual,swebench-multilingual/swebench-multilingual-jqlang__jq-2839,swebench-multilingual-jqlang__jq-2839,0.8807728467368809,0.8794725615146183,0.38568516364124633,0.6053066140642245,easy,0.814102576923077,0.6547619285714286,0.4385414400842972,0.3450422098755653
usaco,usaco/usaco-741,usaco-741,0.8804960498008497,0.8772658414482,0.2979719018523307,0.6823943526915256,easy,0.8057692307692308,0.7474999999999999,0.3396597562267276,0.3952374950122228
simpleqa,simpleqa/simpleqa-887,simpleqa-887,0.8800435042994385,0.8784985183929378,0.25986336620737127,0.6513418891615905,easy,0.8846153846153846,0.8500000000000002,0.2958039891549808,0.5914158500375114
arc-agi-2,arc-agi-2/arc-agi-2-3dc255db_0,arc-agi-2-3dc255db_0,0.8800433842347564,0.8772452757189318,0.24437225629077444,0.7643943081830343,hard,0.0923076923076923,0.12,0.2785677655436824,0.5403709377966986
crustbench,crustbench/crustbench-ulidgen,crustbench-ulidgen,0.8799740430837355,0.8765463025521074,0.26611434925368893,0.6121721684159872,easy,0.8884615384615385,0.8681818181818183,0.3035941723544826,0.6537005443543885
usaco,usaco/usaco-855,usaco-855,0.8798533513682852,0.8766069258893671,0.31362442813371927,0.6818881438622394,easy,0.8461538461538461,0.8,0.3577708763999664,0.5257481565982488
swebench-multilingual,swebench-multilingual/swebench-multilingual-facebook__docusaurus-9897,swebench-multilingual-facebook__docusaurus-9897,0.8797150920578035,0.8784040208736896,0.40188822397526286,0.6083506230934019,medium,0.6987180384615382,0.5833333571428572,0.4575209293504048,0.3991259401657456
usaco,usaco/usaco-262,usaco-262,0.8797123872273546,0.8764624064667024,0.3141540089028781,0.6817771162182676,easy,0.8500000000000001,0.805,0.3584340943604557,0.4409196373734295
arc-agi-2,arc-agi-2/arc-agi-2-b0039139_0,arc-agi-2-b0039139_0,0.8796449392795878,0.8768381525071922,0.2607027251088734,0.7665439946573639,hard,0.1076923076923076,0.1399999999999999,0.2973213749463701,0.6208914440052288
lawbench,lawbench/lawbench-2-7-19-one-shot,lawbench-2-7-19-one-shot,0.8795315134978902,0.8779674673782563,0.13938218038145583,0.7173450647947034,hard,0.2547974999999999,0.2331833571428571,0.1587555183538544,0.2781020348940773
crustbench,crustbench/crustbench-kd3,crustbench-kd3,0.8794417049359852,0.8759997785639057,0.27972797032664104,0.6124747532624751,easy,0.7326923076923078,0.7204545454545455,0.3193242477586248,0.7631257707084573
lawbench,lawbench/lawbench-2-8-7-one-shot,lawbench-2-8-7-one-shot,0.8793802111859083,0.8778143292272778,0.22233571574361158,0.7223718699021031,medium,0.4438141923076922,0.3842262142857143,0.253283306436031,0.2022306046598626
labbench,labbench/labbench-figqa-0056,labbench-figqa-0056,0.879282629083447,0.8773789415732567,0.33610091483005133,0.597782213120514,medium,0.3153846153846154,0.4307692307692308,0.3830738337842687,0.2636885229334144
humanevalfix,humanevalfix/humanevalfix-python-99,humanevalfix-python-99,0.879261370181823,0.8673544751582875,0.13296292325705705,0.5403232666213632,saturated,0.9615384615384616,0.95,0.1532970971675589,0.4241973258022508
simpleqa,simpleqa/simpleqa-2542,simpleqa-2542,0.878264263444111,0.8766978742442081,0.2576954940577206,0.652109700612083,easy,0.8769230769230769,0.8400000000000001,0.2939387691339814,0.4957148237365175
lawbench,lawbench/lawbench-2-1-3-zero-shot,lawbench-2-1-3-zero-shot,0.8778484457915893,0.8762639961646885,0.3167834907084055,0.726892250162649,medium,0.5973143846153846,0.5377049333333334,0.3615160409362157,0.3115016787458471
lawbench,lawbench/lawbench-2-4-3-zero-shot,lawbench-2-4-3-zero-shot,0.8778059379316095,0.8762209735059654,0.2780795741117992,0.7246306487407287,medium,0.5880128076923076,0.5005952142857143,0.3173623806322938,0.2263306799645534
lawbench,lawbench/lawbench-2-7-7-zero-shot,lawbench-2-7-7-zero-shot,0.8769372172258575,0.8753417375762411,0.15140371699852248,0.722573219089607,medium,0.3052434615384615,0.2649577142857143,0.1729652665914784,0.2025457632803146
labbench,labbench/labbench-figqa-0081,labbench-figqa-0081,0.8768560026667791,0.874916614702642,0.315670975240972,0.60118914761145,hard,0.123076923076923,0.2461538461538461,0.36080121229411,0.4374137150557132
featurebench-modal,featurebench-modal/featurebench-modal-lightning-ai__pytorch-lightning.126fa6f1.test_xla.7c94e7d2.lv1,featurebench-modal-lightning-ai__pytorch-lightning.126fa6f1.test_xla.7c94e7d2.lv1,0.8767937522817666,0.8744446258975649,0.309143075315753,0.507698463933433,hard,0.1961538461538461,0.204,0.3535307624521521,0.4864846862067155
humanevalfix,humanevalfix/humanevalfix-python-16,humanevalfix-python-16,0.8765787805266118,0.8644273142398742,0.18357635912703651,0.5391633756358044,easy,0.9461538461538462,0.93,0.212367605815953,0.4429446906829617
featurebench-modal,featurebench-modal/featurebench-modal-pandas-dev__pandas.82fa2715.test_reduction.3ac3b298.lv1,featurebench-modal-pandas-dev__pandas.82fa2715.test_reduction.3ac3b298.lv1,0.8765024761573147,0.874148172046938,0.25634712849698643,0.5087282821575058,hard,0.1474358846153846,0.1474358846153846,0.2932536344458794,0.3896540495788
usaco,usaco/usaco-1036,usaco-1036,0.8764738473029171,0.8731423500275005,0.3232617200425475,0.679226343693112,easy,0.8211538461538462,0.7675,0.370227970310186,0.4753468232885132
simpleqa,simpleqa/simpleqa-1007,simpleqa-1007,0.8762196854580162,0.8746287556295299,0.21650374436061262,0.6467253655929165,easy,0.9115384615384616,0.8850000000000001,0.2475378758897312,0.5386910354319531
replicationbench,replicationbench/replicationbench-astm3__multimodal_classification_clip,replicationbench-astm3__multimodal_classification_clip,0.8760548669078632,0.8714609113747017,0.23276618846910171,0.5815515398496998,hard,0.0935897307692307,0.1431372352941176,0.2670988284510897,0.6081524343529248
crustbench,crustbench/crustbench-phills-dht,crustbench-phills-dht,0.8754799701912951,0.871932752103947,0.2728948174524405,0.6082503911949153,easy,0.8730769230769231,0.85,0.3129769088200365,0.6590759605398179
swebench-multilingual,swebench-multilingual/swebench-multilingual-micropython__micropython-15898,swebench-multilingual-micropython__micropython-15898,0.875163838078843,0.8738065078855393,0.4050201563621925,0.5975527316394698,easy,0.8076923076923077,0.6875,0.4635124054434789,0.4456882812562706
swebench-multilingual,swebench-multilingual/swebench-multilingual-laravel__framework-53206,swebench-multilingual-laravel__framework-53206,0.875163838078843,0.8738065078855393,0.41191633811386746,0.5975527316394698,easy,0.8076923076923077,0.6666666666666666,0.4714045207910317,0.4456882812562706
swebench-multilingual,swebench-multilingual/swebench-multilingual-laravel__framework-52680,swebench-multilingual-laravel__framework-52680,0.875163838078843,0.8738065078855393,0.4050201563621925,0.5975527316394698,easy,0.8076923076923077,0.6875,0.4635124054434789,0.4456882812562706
swebench-multilingual,swebench-multilingual/swebench-multilingual-fmtlib__fmt-3901,swebench-multilingual-fmtlib__fmt-3901,0.875163838078843,0.8738065078855393,0.41191633811386746,0.5975527316394698,easy,0.8076923076923077,0.6666666666666666,0.4714045207910317,0.4456882812562706
swebench-multilingual,swebench-multilingual/swebench-multilingual-caddyserver__caddy-6350,swebench-multilingual-caddyserver__caddy-6350,0.8751592663810639,0.8738018898435719,0.40980717163670266,0.6000707688961322,easy,0.7948718076923077,0.6190476428571429,0.468993231074456,0.367409440828044
lawbench,lawbench/lawbench-2-8-16-zero-shot,lawbench-2-8-16-zero-shot,0.875157624375622,0.873540637211541,0.22872177500206975,0.7265582592457364,medium,0.4364102692307691,0.3861905,0.2618330106910428,0.3230423806897662
simpleqa,simpleqa/simpleqa-1767,simpleqa-1767,0.8751347848105152,0.8735308568310903,0.2445886399127052,0.6457501579191511,easy,0.8769230769230769,0.8399999999999999,0.2799999999999999,0.5182495323808977
featurebench-modal,featurebench-modal/featurebench-modal-huggingface__transformers.e2e8dbed.test_tokenization_gpt_sw3.18420a43.lv1,featurebench-modal-huggingface__transformers.e2e8dbed.test_tokenization_gpt_sw3.18420a43.lv1,0.8750736588122705,0.8726939816710072,0.27450487888391173,0.502006310478474,hard,0.2038461538461538,0.2208333333333333,0.3145488391684544,0.5084199007530474
lawbench,lawbench/lawbench-2-4-24-zero-shot,lawbench-2-4-24-zero-shot,0.8750157264828131,0.8733970263097157,0.20424845632110203,0.722651900363251,medium,0.4288461538461539,0.3678571428571429,0.2338552229609646,0.2096158808421276
mmmlu,mmmlu/mmmlu-zh-cn-00127,mmmlu-zh-cn-00127,0.8746949703676145,0.8709232654689593,0.20540364472708864,0.4554074831213587,easy,0.9461538461538462,0.9263157894736844,0.235845857920085,0.0600773628589417
swebench-multilingual,swebench-multilingual/swebench-multilingual-briannesbitt__carbon-3073,swebench-multilingual-briannesbitt__carbon-3073,0.8743196906794986,0.8729538073720179,0.4100683811136627,0.6006016902127657,easy,0.7884615384615384,0.6071428571428571,0.4697480870702109,0.3838842717472256
usaco,usaco/usaco-111,usaco-111,0.8741670196075713,0.8707776485405738,0.3637661395108088,0.6774094160519992,medium,0.6596153846153846,0.6083333333333333,0.417748595316476,0.4021001995388161
mmau,mmau/mmau-a21ff25d-39ee-4d64-a254-ca19a3707b39,mmau-a21ff25d-39ee-4d64-a254-ca19a3707b39,0.8740972113271557,0.8691906583746976,0.20914829665832363,0.47763007621435927,easy,0.9307692307692308,0.91,0.2406241883103193,0.5303163178478122
labbench,labbench/labbench-figqa-0030,labbench-figqa-0030,0.8740703746472089,0.8720901291329783,0.2579677391002173,0.5997372345203535,hard,0.1153846153846153,0.15,0.2958039891549808,0.3919739849464516
lawbench,lawbench/lawbench-3-2-2-zero-shot,lawbench-3-2-2-zero-shot,0.8740594618400357,0.8724292249062681,0.18462413466642227,0.7137659573367175,medium,0.3483091923076922,0.3054016428571429,0.2116207589059822,0.2955582870547086
mmmlu,mmmlu/mmmlu-it-it-00082,mmmlu-it-it-00082,0.8736742676349265,0.8698740035272088,0.20252424206436634,0.44936321171627613,saturated,0.9519230769230768,0.9305555555555556,0.2328202029755584,0.0468761454600568
usaco,usaco/usaco-380,usaco-380,0.8731627755794865,0.869748259588238,0.31681645061034724,0.676618442917452,easy,0.8038461538461538,0.7315789473684211,0.3642622415368058,0.364460842277797
compilebench,compilebench/compilebench-jq,compilebench-jq,0.8731218507334336,0.5246835324563528,0.03746989894672078,0.5246835324563526,saturated,0.9769230769230768,0.97,0.0714142842854284,0.6820779232285094
compilebench,compilebench/compilebench-curl-ssl,compilebench-curl-ssl,0.8731218507334325,0.5246835324563528,0.09312208916670961,0.5246835324563526,saturated,0.9615384615384616,0.95,0.1774823934929885,0.5432245592762954
labbench,labbench/labbench-figqa-0073,labbench-figqa-0073,0.8731202390576622,0.8711260880904746,0.35609839306273916,0.5953969071129945,medium,0.323076923076923,0.4461538461538461,0.4087793924795821,0.4646488464666211
lawbench,lawbench/lawbench-2-4-4-one-shot,lawbench-2-4-4-one-shot,0.8730012949281122,0.8713583068339599,0.2180193566054379,0.7172414279937236,medium,0.454006423076923,0.3982778,0.2502063214357836,0.2155453580247955
crustbench,crustbench/crustbench-quadtree,crustbench-quadtree,0.8729900905675424,0.8693769522632244,0.3062322940152599,0.6064905799292885,easy,0.7403846153846154,0.7113636363636364,0.3522434005388043,0.7236968802059588
crustbench,crustbench/crustbench-amp,crustbench-amp,0.872955058530874,0.8693409941412051,0.25490573953731305,0.6064658197873927,easy,0.8692307692307691,0.8692307692307691,0.2932172085007063,0.6508912398632146
simpleqa,simpleqa/simpleqa-1989,simpleqa-1989,0.8724971739836869,0.8708617133644759,0.34163983821189914,0.6508374466063445,easy,0.7769230769230769,0.7100000000000001,0.3923009049186606,0.6275052429315127
spider2,spider2/spider2-workday001,spider2-workday001,0.8723431589693543,0.8506628894159041,0.38963324389592957,0.5243637478338027,medium,0.4000000000000001,0.4857142857142857,0.4580348440537542,0.5091991331934546
medagentbench,medagentbench/medagentbench-task5_28,medagentbench-task5_28,0.872319609804045,0.8674311214506469,0.2385041264524813,0.6162117287394299,easy,0.8615384615384615,0.8200000000000001,0.2749545416973504,0.5824439918745619
swebench-multilingual,swebench-multilingual/swebench-multilingual-caddyserver__caddy-6370,swebench-multilingual-caddyserver__caddy-6370,0.8720807767318931,0.8706922488166983,0.4090060183085041,0.60408759653962,easy,0.7884615384615384,0.6071428571428571,0.4697480870702109,0.3338018422584075
arc-agi-2,arc-agi-2/arc-agi-2-53fb4810_0,arc-agi-2-53fb4810_0,0.8720601532674763,0.8690889432449889,0.2774286552439806,0.7573626349537909,hard,0.1461538461538461,0.19,0.3192177939902473,0.5888076274369456
swebench-multilingual,swebench-multilingual/swebench-multilingual-apache__druid-16875,swebench-multilingual-apache__druid-16875,0.8719504949218491,0.8705606511398111,0.40418355893045066,0.6007426274629445,easy,0.7884615384615384,0.6333333333333333,0.4642796092394707,0.3762102418658334
labbench,labbench/labbench-figqa-0162,labbench-figqa-0162,0.8719082878437913,0.8698964221617599,0.3515432256367918,0.6006603923212147,hard,0.1384615384615384,0.2769230769230769,0.4041207857404215,0.5222581528222401
crustbench,crustbench/crustbench-geofence,crustbench-geofence,0.871603169331457,0.8679533968417952,0.2484351399098281,0.6055103238588682,easy,0.8884615384615385,0.8739130434782609,0.2862309667936137,0.6305434035877078
arc-agi-2,arc-agi-2/arc-agi-2-80a900e0_0,arc-agi-2-80a900e0_0,0.8713595558068757,0.8683732325663452,0.2362230582665282,0.7589648978696569,hard,0.0769230769230769,0.1,0.2720294101747089,0.5616221029056516
simpleqa,simpleqa/simpleqa-1002,simpleqa-1002,0.8712496319328296,0.8695992907451929,0.28365470448386243,0.6506293842698517,easy,0.8153846153846155,0.76,0.3261901286060018,0.7088508534429039
lawbench,lawbench/lawbench-3-4-24-one-shot,lawbench-3-4-24-one-shot,0.8711805803337154,0.8695156890595287,0.31276809683633555,0.7165181477121829,medium,0.6645818461538462,0.5533357142857144,0.3597037992202609,0.2025591191676373
arc-agi-2,arc-agi-2/arc-agi-2-f931b4a8_0,arc-agi-2-f931b4a8_0,0.871080255132379,0.8680879103510738,0.3223634841471223,0.7564995353501108,hard,0.1615384615384615,0.21,0.3713488925525428,0.5843575320407489
replicationbench,replicationbench/replicationbench-gw_nsbh__mass_gap,replicationbench-gw_nsbh__mass_gap,0.8710738143280046,0.8663086337488869,0.30584090880808906,0.5807535932479073,hard,0.1403846153846153,0.2147058823529411,0.3530392020734978,0.6457741185096629
labbench,labbench/labbench-figqa-0108,labbench-figqa-0108,0.8709789782367441,0.8689535461876426,0.34655154534179017,0.6151834759816585,hard,0.2846153846153846,0.3692307692307693,0.3988148122097145,0.5288402191280407
mmau,mmau/mmau-b4180fa8-96a9-4211-8059-d03d65eb2f04,mmau-b4180fa8-96a9-4211-8059-d03d65eb2f04,0.8708781845739565,0.8658553335484854,0.21489964227954522,0.4758183171229631,easy,0.9384615384615383,0.92,0.2481934729198171,0.4704868906373316
aime,aime/aime_89,aime_89,0.8707508876952114,0.8647190494831064,0.32497485092702255,0.5938255251728786,medium,0.6974358846153846,0.6596491052631578,0.3758155335207189,0.5719247089986196
humanevalfix,humanevalfix/humanevalfix-python-10,humanevalfix-python-10,0.870750829903624,0.8580709917886935,0.219773406598409,0.5155852045208089,easy,0.9076923076923078,0.8800000000000001,0.2561249694973139,0.6027271359608749
labbench,labbench/labbench-figqa-0028,labbench-figqa-0028,0.8705964005938955,0.8685653878542106,0.2650192126059599,0.5919289932936183,hard,0.1307692307692307,0.1699999999999999,0.3051229260478471,0.5459983496177103
labbench,labbench/labbench-figqa-0018,labbench-figqa-0018,0.8703355713630395,0.8683007553255205,0.3764151315739667,0.6199563848293917,medium,0.4384615384615384,0.4769230769230769,0.4335077785724729,0.4297144992983708
gso,gso/gso-pandas-dev--pandas-233bd83,gso-pandas-dev--pandas-233bd83,0.8697920668373813,0.6974908165119503,0.03717198560035074,0.43764781465093244,frontier,0.0076923076923076,0.0153846153846153,0.0532938710021193,0.312060392050873
gso,gso/gso-pandas-dev--pandas-e7e3676,gso-pandas-dev--pandas-e7e3676,0.8697920668373813,0.6974908165119503,0.03717198560035074,0.43764781465093244,frontier,0.0076923076923076,0.0153846153846153,0.0532938710021193,0.312060392050873
lawbench,lawbench/lawbench-2-4-8-one-shot,lawbench-2-4-8-one-shot,0.8696191879613527,0.8679355502842989,0.07708102948446173,0.7087852275069328,hard,0.1462499999999999,0.1333928571428571,0.0888096235477545,0.3436793868206569
simpleqa,simpleqa/simpleqa-1944,simpleqa-1944,0.8694538420694473,0.8677821189703021,0.2876799160176187,0.6464194995842968,easy,0.8538461538461539,0.8099999999999999,0.3315116890850155,0.7217111211307745
labbench,labbench/labbench-figqa-0049,labbench-figqa-0049,0.869187400001799,0.8671358557025537,0.29770659752544937,0.6003218926640705,hard,0.2769230769230769,0.3538461538461538,0.3433217477603292,0.4903914869211417
labbench,labbench/labbench-figqa-0156,labbench-figqa-0156,0.8691305169901289,0.8670781445226105,0.37777400212654483,0.5960073825281063,hard,0.2846153846153846,0.3692307692307693,0.4356862233386552,0.5373303447577563
usaco,usaco/usaco-359,usaco-359,0.869062406656964,0.8655455350477613,0.2752108161113527,0.6733888676660704,easy,0.8692307692307693,0.8300000000000001,0.3179622619116929,0.3941242127010336
labbench,labbench/labbench-figqa-0003,labbench-figqa-0003,0.8689425288866478,0.8668874198669009,0.3809731978205322,0.5905226409492143,hard,0.1692307692307692,0.3384615384615384,0.43947251867956,0.5214584748998436
crustbench,crustbench/crustbench-fasthamming,crustbench-fasthamming,0.8688573948029196,0.8651352745186169,0.29188281722800974,0.6052844927301229,easy,0.8519230769230769,0.8326086956521739,0.3373840205399331,0.7308408725672348
medagentbench,medagentbench/medagentbench-task5_24,medagentbench-task5_24,0.8687388144478444,0.863723393955709,0.24353324013505082,0.6130164027779155,easy,0.8846153846153846,0.85,0.2819574435974337,0.5196450019849381
simpleqa,simpleqa/simpleqa-649,simpleqa-649,0.8685902564785433,0.8669082669471438,0.23438608929568552,0.6424737227536667,easy,0.9000000000000001,0.8699999999999999,0.2703701166919155,0.5551858588418227
lawbench,lawbench/lawbench-2-8-15-one-shot,lawbench-2-8-15-one-shot,0.8683600976969476,0.8666613680894706,0.2667419943601636,0.7160816754607635,medium,0.5348076923076923,0.4660714285714285,0.3077811059562842,0.2180411804999635
medagentbench,medagentbench/medagentbench-task4_10,medagentbench-task4_10,0.8681613772047867,0.8631255394186674,0.23336335281239753,0.6093932875750564,easy,0.8692307692307691,0.8300000000000001,0.2703701166919154,0.6146299811522661
seal0,seal0/seal0-93,seal0-93,0.8681258362326,0.8617166357532436,0.273371295779476,0.38355411961334746,easy,0.7032051153846154,0.7032051153846154,0.3172403600407653,0.5093550019179309
replicationbench,replicationbench/replicationbench-chandra_representation__powerlaw_spectral_fit,replicationbench-chandra_representation__powerlaw_spectral_fit,0.8678735575877665,0.8629989112572307,0.29882707004082887,0.5783317539600806,hard,0.2506410384615384,0.277451,0.346265871419806,0.6317888374203546
aider-polyglot,aider-polyglot/polyglot_go_pov,polyglot_go_pov,0.867636137247249,0.8654385145561085,0.32230843398907544,0.5170687190154862,medium,0.6769230769230768,0.6769230769230768,0.3724221057510832,0.6880075813264631
arc-agi-2,arc-agi-2/arc-agi-2-2d0172a1_0,arc-agi-2-2d0172a1_0,0.8673146887851657,0.8642413559050752,0.19247568889168695,0.7531828040435556,hard,0.0615384615384615,0.08,0.2227105745132008,0.5256818592378161
lawbench,lawbench/lawbench-3-3-9-one-shot,lawbench-3-3-9-one-shot,0.8670044234560846,0.8652894691498545,0.2216628432146428,0.7028037219091634,medium,0.3068395384615384,0.3182109999999999,0.2561718952068447,0.444255085184617
simpleqa,simpleqa/simpleqa-3414,simpleqa-3414,0.8669966723168769,0.865295765323823,0.2640215758124161,0.6398265419091618,easy,0.8692307692307693,0.8300000000000001,0.3051229260478471,0.5973824039269425
mmmlu,mmmlu/mmmlu-de-de-00024,mmmlu-de-de-00024,0.8669267141976852,0.8629385308096386,0.22126246178156908,0.4550811328167365,easy,0.9423076923076924,0.9117647058823528,0.2564058202082749,0.0676694122811511
labbench,labbench/labbench-figqa-0180,labbench-figqa-0180,0.8667922680309986,0.8647059006634871,0.3365464802810982,0.5944616550923156,hard,0.1538461538461538,0.3076923076923077,0.3892034043284159,0.4204449518265911
replicationbench,replicationbench/replicationbench-disk_ridges__ridge_slope,replicationbench-disk_ridges__ridge_slope,0.866717167973612,0.861803071623227,0.34591197909889826,0.5754886154586483,hard,0.173076923076923,0.2647058823529412,0.4013816966878114,0.5538984898043536
arc-agi-2,arc-agi-2/arc-agi-2-a25697e4_1,arc-agi-2-a25697e4_1,0.8665085325682019,0.8634179084395743,0.20444321664624004,0.7543287882421036,hard,0.0615384615384615,0.0842105263157894,0.2367836185095156,0.5504663150406652
simpleqa,simpleqa/simpleqa-3805,simpleqa-3805,0.8664422981951002,0.8647348185204166,0.3038900110823814,0.6414738013259504,easy,0.8076923076923077,0.75,0.3514256678161115,0.5510245988349036
simpleqa,simpleqa/simpleqa-2829,simpleqa-2829,0.866337437041432,0.8646287146106841,0.29077760621826865,0.6477505721698688,easy,0.8230769230769232,0.77,0.3363034344160047,0.6294866977466097
swebench-multilingual,swebench-multilingual/swebench-multilingual-tokio-rs__tokio-6603,swebench-multilingual-tokio-rs__tokio-6603,0.8662573234257203,0.864810172853506,0.41438021445723916,0.5999138325242954,easy,0.8076923076923077,0.6428571428571429,0.4791574237499549,0.3245517939218618
mmmlu,mmmlu/mmmlu-pt-br-00116,mmmlu-pt-br-00116,0.8658376034079612,0.8618192310542991,0.2097038136550453,0.43063941029013236,easy,0.9487179615384616,0.9215686470588236,0.2433269136945412,-0.0061927601083535
lawbench,lawbench/lawbench-2-10-24-one-shot,lawbench-2-10-24-one-shot,0.865660595622462,0.863929583900608,0.31525715479497424,0.7248016002435204,medium,0.6406342307692309,0.5378162857142857,0.3649107064624418,0.1797797501282624
qcircuitbench,qcircuitbench/qcircuitbench-clifford_2-n5,qcircuitbench-clifford_2-n5,0.8654703479367318,0.6414287022066687,0.20447870250908035,0.4688986005598823,hard,0.2802144615384615,0.3004988,0.3187863308979229,0.66566523107874
replicationbench,replicationbench/replicationbench-astm3__photometry_classification_accuracy_with_clip,replicationbench-astm3__photometry_classification_accuracy_with_clip,0.864906603283028,0.859930851401179,0.35612276104989365,0.576401771681134,medium,0.3089743461538461,0.3666666470588235,0.4141295320078633,0.6708887093135428
featurebench-modal,featurebench-modal/featurebench-modal-huggingface__transformers.e2e8dbed.test_chat_template_utils.8c88f8ec.lv1,featurebench-modal-huggingface__transformers.e2e8dbed.test_chat_template_utils.8c88f8ec.lv1,0.8645160159078942,0.861950175177681,0.29115247078026896,0.49853601058221936,hard,0.2115384615384615,0.2115384615384615,0.3377834115762564,0.5394059251472352
featurebench-modal,featurebench-modal/featurebench-modal-pydantic__pydantic.e1dcaf9e.test_pipeline.c9b08962.lv1,featurebench-modal-pydantic__pydantic.e1dcaf9e.test_pipeline.c9b08962.lv1,0.8644075294527546,0.8618397878389058,0.270983297986444,0.4992726927797307,hard,0.1782051153846154,0.1782051153846154,0.3144242141175036,0.4351847411076039
livecodebench,livecodebench/livecodebench-abc334_b,livecodebench-abc334_b,0.8641111423024016,0.8569589679932512,0.09524741398223556,0.4668778034866065,saturated,0.9673076923076924,0.952777777777778,0.1111458279096808,0.4301684433432332
ineqmath,ineqmath/ineqmath-79,ineqmath-79,0.864018541412699,0.8477164578654309,0.27482230181985673,0.6768664719108054,easy,0.8230769230769232,0.77,0.3241913015489465,0.1015542198232446
ineqmath,ineqmath/ineqmath-0,ineqmath-0,0.8639202192492408,0.8476073663510449,0.28849515612474663,0.6767837571533806,easy,0.8653846153846154,0.7941176470588235,0.3403641445056337,0.1357377615949924
swebench-multilingual,swebench-multilingual/swebench-multilingual-redis__redis-12472,swebench-multilingual-redis__redis-12472,0.8635055275131679,0.8620308144601745,0.3943971393605054,0.6046955013545786,medium,0.6987180384615382,0.5833333571428572,0.4575209293504048,0.4287515885648612
swebench-multilingual,swebench-multilingual/swebench-multilingual-mrdoob__three.js-26589,swebench-multilingual-mrdoob__three.js-26589,0.8619252023512037,0.860434700767544,0.3739565313842396,0.5985739513984241,easy,0.8076923076923077,0.6666666666666666,0.4346134936801766,0.2905607775076556
crustbench,crustbench/crustbench-math-library-in-c,crustbench-math-library-in-c,0.8618025004137584,0.8578955838626352,0.258341717098776,0.5991056757077199,easy,0.8730769230769231,0.85,0.3011342195463979,0.6282856532970666
replicationbench,replicationbench/replicationbench-galaxy_soptics__soptics_validation_shi,replicationbench-galaxy_soptics__soptics_validation_shi,0.8617321623830022,0.8566486391637665,0.29756831978812026,0.5713939457649407,hard,0.1435897307692307,0.2196078235294117,0.3473633251534691,0.6318811006732565
usaco,usaco/usaco-553,usaco-553,0.8610996766335517,0.857385467051009,0.3641617977980309,0.6671171793611983,easy,0.7153846153846154,0.6600000000000001,0.424735211631906,0.2505184115682528
crustbench,crustbench/crustbench-file2str,crustbench-file2str,0.8610855953037283,0.8571599880415964,0.27426688999273996,0.599124440077982,easy,0.8769230769230768,0.8608695652173913,0.3199716433560712,0.6919419779424097
simpleqa,simpleqa/simpleqa-125,simpleqa-125,0.8610592685387891,0.8592881902635037,0.26886247299574445,0.6446629502553167,easy,0.8538461538461538,0.8099999999999999,0.3128897569432403,0.55670074021552
labbench,labbench/labbench-figqa-0131,labbench-figqa-0131,0.8607023966299391,0.8585279309782812,0.18864971609188824,0.5925554608799037,hard,0.0846153846153846,0.1692307692307692,0.2197362593397799,0.5181459616202868
labbench,labbench/labbench-figqa-0096,labbench-figqa-0096,0.8600773538599856,0.8578938820901253,0.31109744703225717,0.5951790004930331,hard,0.1923076923076923,0.25,0.3626292872893749,0.5868197310544923
labbench,labbench/labbench-figqa-0166,labbench-figqa-0166,0.8598884274699073,0.8577022348149501,0.32160027209440356,0.5891466994472626,hard,0.2846153846153846,0.3692307692307692,0.3749556186755058,0.3150142028866287
lawbench,lawbench/lawbench-2-7-15-one-shot,lawbench-2-7-15-one-shot,0.8595281539026143,0.8577241878751319,0.13868359800235777,0.7209849646818253,hard,0.2713462307692307,0.2498348,0.1616878711861014,0.2099810367302951
labbench,labbench/labbench-figqa-0065,labbench-figqa-0065,0.8594322950362022,0.8572395357628975,0.31925495304189927,0.6061070839051951,hard,0.2384615384615384,0.2769230769230769,0.3724221057510832,0.5373258357349108
labbench,labbench/labbench-figqa-0111,labbench-figqa-0111,0.8593322839501916,0.8571380853642252,0.2772353274801469,0.5826343290577033,medium,0.3,0.4,0.323443016025056,0.2155944809033468
crustbench,crustbench/crustbench-xopt,crustbench-xopt,0.859149862936685,0.8551738694711282,0.31128798720955236,0.5988111402326698,easy,0.7884615384615384,0.75,0.3640054944640259,0.7598864906078311
crustbench,crustbench/crustbench-graph-recogniser,crustbench-graph-recogniser,0.8589433961334896,0.8549620354129002,0.2890367502930448,0.5965625774371013,easy,0.7961538461538461,0.7695652173913043,0.3380696900225,0.6873793809410881
medagentbench,medagentbench/medagentbench-task4_30,medagentbench-task4_30,0.8588151799519993,0.8534508718792262,0.2199189058340317,0.6055959608105158,easy,0.8769230769230769,0.8400000000000001,0.2576819745345025,0.54260687337571
aider-polyglot,aider-polyglot/polyglot_rust_luhn-from,polyglot_rust_luhn-from,0.858770452400763,0.8564370411499158,0.2925536665029042,0.5126248229249943,easy,0.8153846153846154,0.8153846153846154,0.3415938970949925,0.74909435387444
aider-polyglot,aider-polyglot/polyglot_go_wordy,polyglot_go_wordy,0.8583740857377988,0.8560346370410657,0.2405116254811952,0.5128436950511956,easy,0.851923076923077,0.851923076923077,0.2809601563700014,0.6771361418035249
simpleqa,simpleqa/simpleqa-2181,simpleqa-2181,0.8576728938777316,0.8558620137826802,0.2914960981725017,0.6353943424081555,easy,0.8461538461538461,0.8,0.340587727318528,0.7381735669345315
medagentbench,medagentbench/medagentbench-task6_17,medagentbench-task6_17,0.8572896558259591,0.8518720904581034,0.2864875097042016,0.6037274903710973,easy,0.823076923076923,0.7699999999999999,0.3363034344160047,0.5929846411705213
simpleqa,simpleqa/simpleqa-1837,simpleqa-1837,0.8570336661503336,0.8552152908156437,0.29365159207934166,0.6322499263780877,easy,0.7307692307692307,0.7100000000000002,0.3433656942677879,0.4614878304816968
bfcl,bfcl/bfcl-live-multiple-179-75-1,bfcl-live-multiple-179-75-1,0.8567513599397031,0.849754137039747,0.08572631560629901,0.33290180716127143,saturated,0.953846153846154,0.953846153846154,0.1008836696046461,0.5214184811421656
arc-agi-2,arc-agi-2/arc-agi-2-e12f9a14_0,arc-agi-2-e12f9a14_0,0.8567347397386263,0.853435801293621,0.15361844423285176,0.7456560421108464,frontier,0.0461538461538461,0.06,0.18,0.5322559546039584
simpleqa,simpleqa/simpleqa-180,simpleqa-180,0.8566868574745918,0.8548644180317799,0.2663832147853025,0.6400794143718875,easy,0.8230769230769232,0.7700000000000001,0.3116087290176576,0.6438516586283024
aider-polyglot,aider-polyglot/polyglot_javascript_rest-api,polyglot_javascript_rest-api,0.8565282130777955,0.854160685731358,0.35632290330568844,0.5103812011059832,medium,0.6538461538461539,0.6538461538461539,0.4171614419371153,0.6391213101221571
crustbench,crustbench/crustbench-42-kocaeli-printf,crustbench-42-kocaeli-printf,0.8563533749968582,0.8523047990607956,0.2592805599142012,0.5952561173161316,easy,0.8769230769230769,0.8769230769230769,0.3042110758966951,0.6194493180356961
arc-agi-2,arc-agi-2/arc-agi-2-4c3d4a41_1,arc-agi-2-4c3d4a41_1,0.8562080748988531,0.852897980786668,0.27292735385173367,0.74340003816192,hard,0.123076923076923,0.16,0.3199999999999999,0.5459732797228565
replicationbench,replicationbench/replicationbench-trgb_std_candle__med_color_amp,replicationbench-trgb_std_candle__med_color_amp,0.8561044307557147,0.8508308758449843,0.2733969905270189,0.5697001736364169,hard,0.0846153846153846,0.1294117647058823,0.3213294184411215,0.5730980090877107
labbench,labbench/labbench-figqa-0136,labbench-figqa-0136,0.8553467996394079,0.8530953833797963,0.27903164053840007,0.6036244210904923,hard,0.2307692307692307,0.2615384615384615,0.3270814096226046,0.4557572023650549
lawbench,lawbench/lawbench-3-5-20-one-shot,lawbench-3-5-20-one-shot,0.8552417972194127,0.8533871526698066,0.32825647976177225,0.7062523224656132,easy,0.7288134999999999,0.6264434666666666,0.3846513024420718,0.2125297351447478
swebench-multilingual,swebench-multilingual/swebench-multilingual-sharkdp__bat-2393,swebench-multilingual-sharkdp__bat-2393,0.854715642441606,0.853153485315054,0.39496582682057296,0.593948165696427,easy,0.7948718076923077,0.6444444666666667,0.4629481489778118,0.321743118356805
usaco,usaco/usaco-738,usaco-738,0.8543145649553057,0.8504336931264191,0.3179984781419512,0.6617730190751426,easy,0.7358974230769231,0.7122806842105263,0.3739250698933443,0.4355766599783275
crustbench,crustbench/crustbench-leftpad,crustbench-leftpad,0.8542363805086525,0.8501330223547102,0.2576248816922217,0.5935836641104006,easy,0.8807692307692307,0.8652173913043477,0.30304067118655,0.6166983191752111
replicationbench,replicationbench/replicationbench-galaxy_soptics__clustering_hyperparameter_optimization,replicationbench-galaxy_soptics__clustering_hyperparameter_optimization,0.8541885685988041,0.8488506206154767,0.27693351287205664,0.5672887411662719,hard,0.1019230769230769,0.1558823529411764,0.3262452852673422,0.607543556924891
livecodebench,livecodebench/livecodebench-abc320_c,livecodebench-abc320_c,0.8535003764865999,0.8458370916814739,0.14546123466846977,0.46170636713838986,easy,0.9487179615384614,0.9259259444444444,0.171973109359985,0.3891112999441356
mmau,mmau/mmau-2cf092cc-252b-4de8-9e51-cc17f5cae742,mmau-2cf092cc-252b-4de8-9e51-cc17f5cae742,0.8531868157539186,0.8475329114496198,0.16169897374456582,0.46157123405258665,saturated,0.9538461538461538,0.94,0.1907878402833891,0.534914717302641
medagentbench,medagentbench/medagentbench-task4_3,medagentbench-task4_3,0.8525512518180547,0.8469689033940611,0.20042942425134622,0.6001060471201232,easy,0.8000000000000002,0.8,0.2366431913239846,0.5648330021089877
simpleqa,simpleqa/simpleqa-3029,simpleqa-3029,0.8525196083966815,0.8506484657785643,0.21435666209158394,0.63472700067868,easy,0.8846153846153846,0.85,0.251992063367083,0.7450096200500989
gpqa-diamond,gpqa-diamond/gpqa-diamond-36,gpqa-diamond-36,0.8525128353586597,0.8488850828098568,0.33150022214488384,0.38857391756786,easy,0.7461538461538461,0.65,0.3905124837953327,0.6389586214316755
kumo,kumo/kumo-storageenv-t4-a6-v1-s1,kumo-storageenv-t4-a6-v1-s1,0.8524677258728839,0.8489244629712576,0.20897266366378334,0.46228054949146374,easy,0.9326923076923076,0.9078947368421052,0.2461616701824961,0.6878585275779053
simpleqa,simpleqa/simpleqa-845,simpleqa-845,0.8521043388910226,0.8502283562266584,0.31767152969596,0.6315479424959616,medium,0.6076923076923076,0.58,0.3736308338453881,0.5424620232445911
aime,aime/aime_ii-10,aime_ii-10,0.8518616463229967,0.8450229519535953,0.16925470779341908,0.5805759603726204,easy,0.9108974615384616,0.878070210526316,0.2002959888865998,0.4586713138190131
simpleqa,simpleqa/simpleqa-2857,simpleqa-2857,0.8516431482574751,0.8497617931440713,0.2754853817259432,0.6341510364522928,easy,0.8692307692307693,0.8300000000000001,0.3241913015489466,0.4552451172059857
lawbench,lawbench/lawbench-2-6-21-zero-shot,lawbench-2-6-21-zero-shot,0.8515181794685021,0.8496197194065629,0.26170024442141404,0.6896684133153229,medium,0.3709015769230769,0.3481936,0.3080204454343466,0.42903444428992
simpleqa,simpleqa/simpleqa-188,simpleqa-188,0.851484950612718,0.8496017533242706,0.222199691099728,0.6291755883577266,easy,0.8923076923076922,0.86,0.2615339366124404,0.5710689917279783
crustbench,crustbench/crustbench-csyncmers,crustbench-csyncmers,0.8514427872963032,0.847267354708232,0.26588305396337186,0.59126125451176,easy,0.8673076923076923,0.85,0.3138124613038258,0.6209466459221077
swebench-multilingual,swebench-multilingual/swebench-multilingual-micropython__micropython-13569,swebench-multilingual-micropython__micropython-13569,0.8513762685259897,0.8497811287535315,0.386834540864867,0.5820297751388903,easy,0.7788461538461539,0.6166666666666667,0.455216676124922,0.4139811355964848
labbench,labbench/labbench-figqa-0075,labbench-figqa-0075,0.8513302613481274,0.8490214570140371,0.3273294881461402,0.599885172196986,medium,0.4230769230769231,0.4461538461538461,0.3855373564966667,0.611114621904098
swebench-multilingual,swebench-multilingual/swebench-multilingual-google__gson-1093,swebench-multilingual-google__gson-1093,0.8513006746588068,0.8497047897723972,0.3665393362245477,0.5802412410534934,easy,0.8205128076923077,0.7254901764705882,0.4313725668449266,0.3835695524941228
featurebench-modal,featurebench-modal/featurebench-modal-huggingface__transformers.e2e8dbed.test_processing_grounding_dino.3d24a7e6.lv1,featurebench-modal-huggingface__transformers.e2e8dbed.test_processing_grounding_dino.3d24a7e6.lv1,0.8510969581570049,0.8482978523449203,0.1412969883937839,0.4917358506391578,hard,0.0807692307692307,0.084,0.1665653025092561,0.4096574482712352
aider-polyglot,aider-polyglot/polyglot_go_two-bucket,polyglot_go_two-bucket,0.8506358260898336,0.848179080717096,0.31991456792915557,0.5078481763467825,medium,0.6346153846153845,0.6346153846153845,0.3771780926955693,0.6823530060201687
ineqmath,ineqmath/ineqmath-61,ineqmath-61,0.8506097049951084,0.8328523113891538,0.2822804217012688,0.6655861195200483,medium,0.6923076923076923,0.675,0.3389321466016465,0.1920258841749788
seal0,seal0/seal0-106,seal0-106,0.8502923465692344,0.8430909283450088,0.295081824920753,0.38425934249801647,easy,0.7499999999999999,0.7499999999999999,0.35,0.6440625095457942
crustbench,crustbench/crustbench-megalania,crustbench-megalania,0.8501843124273689,0.8459764917285975,0.28224040002073314,0.5920473708803551,easy,0.8096153846153846,0.775,0.3336267647863675,0.747792283987731
medagentbench,medagentbench/medagentbench-task2_21,medagentbench-task2_21,0.8500828373123769,0.8444150297253109,0.2587550001715932,0.5954007461823059,easy,0.8384615384615384,0.79,0.3064310689208913,0.5422060011393156
medagentbench,medagentbench/medagentbench-task2_26,medagentbench-task2_26,0.8498939845787219,0.8442196494971611,0.19690416659604426,0.6043948407305487,easy,0.8769230769230769,0.8400000000000001,0.233238075793812,0.4828530014516449
swebench-multilingual,swebench-multilingual/swebench-multilingual-preactjs__preact-3010,swebench-multilingual-preactjs__preact-3010,0.8496215944913003,0.8480091765728406,0.3572875038310202,0.581220118099894,easy,0.8846153846153846,0.7692307692307693,0.4213250442347432,0.418412025439603
swebench-multilingual,swebench-multilingual/swebench-multilingual-phpoffice__phpspreadsheet-4186,swebench-multilingual-phpoffice__phpspreadsheet-4186,0.8496215944913003,0.8480091765728406,0.3392036706291363,0.581220118099894,easy,0.8846153846153846,0.8,0.4000000000000001,0.418412025439603
simpleqa,simpleqa/simpleqa-3344,simpleqa-3344,0.849252697214301,0.8473435430341131,0.313746039110061,0.629220185712356,easy,0.7923076923076923,0.7299999999999999,0.3702701716314724,0.5716449597991874
arc-agi-2,arc-agi-2/arc-agi-2-38007db0_1,arc-agi-2-38007db0_1,0.8489254373900494,0.8454618121806753,0.30983406764983384,0.7369854514590148,medium,0.3474358846153845,0.3833333157894737,0.3664672527913328,0.6998288518355165
simpleqa,simpleqa/simpleqa-1971,simpleqa-1971,0.8487748547607482,0.8468601531988711,0.2848019779908442,0.6269169407084858,easy,0.8230769230769232,0.77,0.3363034344160047,0.5897158411549032
swebench-multilingual,swebench-multilingual/swebench-multilingual-sharkdp__bat-2201,swebench-multilingual-sharkdp__bat-2201,0.8487339830240187,0.8471128386578387,0.3874406249321821,0.5822656275944197,medium,0.6538461538461539,0.5714285714285714,0.4573660169594892,0.4163858536855238
aider-polyglot,aider-polyglot/polyglot_python_two-bucket,polyglot_python_two-bucket,0.8487061411261018,0.8462203151399108,0.35137294490987603,0.5056719282059909,medium,0.6512820384615385,0.6512820384615385,0.4152263170989713,0.7014999881139029
gaia,gaia/gaia-c3a79cfe-8206-451f-aca8-3fec8ebe51d3,gaia-c3a79cfe-8206-451f-aca8-3fec8ebe51d3,0.8486794623249714,0.8452854016451589,0.31751692172871093,0.461512916904283,medium,0.4,0.43,0.375632799419859,0.6941644155647625
simpleqa,simpleqa/simpleqa-4039,simpleqa-4039,0.8485521481989322,0.8466348622730537,0.24511322132213312,0.6249333811314352,easy,0.8596153846153847,0.8175000000000001,0.2895146801113891,0.6252520644411994
swebench-multilingual,swebench-multilingual/swebench-multilingual-tokio-rs__tokio-4867,swebench-multilingual-tokio-rs__tokio-4867,0.8482932895710136,0.8466678160225382,0.37659668426246656,0.5854770706138128,easy,0.8076923076923077,0.6428571428571429,0.4447986295636418,0.282748958181823
crustbench,crustbench/crustbench-vec,crustbench-vec,0.8482566058111579,0.8439992705002689,0.248246901216635,0.590933207353089,easy,0.8980769230769231,0.8795454545454546,0.2941316537744044,0.5937030907935175
lawbench,lawbench/lawbench-2-5-15-zero-shot,lawbench-2-5-15-zero-shot,0.8480495656959235,0.8461104660468471,0.27910427689888934,0.6934088064579528,medium,0.5588843076923078,0.5216444,0.3298674205070476,0.2757288925194146
swebench-multilingual,swebench-multilingual/swebench-multilingual-uutils__coreutils-6682,swebench-multilingual-uutils__coreutils-6682,0.8479841878904965,0.8463556792238637,0.3967918327437699,0.5958366742949498,easy,0.7923076923076924,0.6142857142857142,0.4688239737549126,0.3749133318110847
lawbench,lawbench/lawbench-3-4-6-zero-shot,lawbench-3-4-6-zero-shot,0.8478307224400858,0.8458890644114109,0.3465801392794482,0.7165658363218875,easy,0.7496290384615384,0.6308789333333333,0.409722922142996,0.197969877011316
mmmlu,mmmlu/mmmlu-fr-fr-00053,mmmlu-fr-fr-00053,0.847603999158267,0.8430861003674262,0.19405241425480965,0.423579432623952,easy,0.9423076923076924,0.9210526315789472,0.2301691537438934,0.0387935148608834
replicationbench,replicationbench/replicationbench-galaxy_manifold__data_preparation,replicationbench-galaxy_manifold__data_preparation,0.8475906154318013,0.8420320720291942,0.25035413340466095,0.5607479924550194,hard,0.1076923076923076,0.1399999999999999,0.2973213749463701,0.56947858220438
swebench-multilingual,swebench-multilingual/swebench-multilingual-apache__lucene-13494,swebench-multilingual-apache__lucene-13494,0.8473529442047696,0.8457182407485775,0.37031773291823183,0.5954927938237028,easy,0.8038461538461538,0.66,0.4378736499646141,0.2560566815050803
reasoning-gym,reasoning-gym/reasoning-gym-algorithmic-string-manipulation-easy00cea0a5-seed45-2,reasoning-gym-algorithmic-string-manipulation-easy00cea0a5-seed45-2,0.8467230243530404,0.8416459778153556,0.36038525047656705,0.39840799237339736,medium,0.5642775,0.4837121666666666,0.4281910208993242,0.4758569293647516
labbench,labbench/labbench-figqa-0174,labbench-figqa-0174,0.8461450166047719,0.8437625345945745,0.32113126643744366,0.5787940901886477,medium,0.4384615384615384,0.4769230769230769,0.3805943654416302,0.4024466226318283
arc-agi-2,arc-agi-2/arc-agi-2-800d221b_0,arc-agi-2-800d221b_0,0.8458148998268716,0.842286112453665,0.14491238214478536,0.7342456730658807,hard,0.0615384615384615,0.08,0.1720465053408525,0.5365063556113318
usaco,usaco/usaco-1060,usaco-1060,0.8456531110915668,0.8415614812440585,0.2689847785352535,0.6549509946261561,easy,0.8769230769230768,0.8315789473684211,0.3196258200145048,0.4110758431418502
lawbench,lawbench/lawbench-2-7-13-one-shot,lawbench-2-7-13-one-shot,0.8453073801219395,0.8433362716653967,0.13283848411417754,0.7009373727967912,hard,0.2887814615384615,0.2546678666666667,0.1575154402547537,0.2679480509996108
simpleqa,simpleqa/simpleqa-3111,simpleqa-3111,0.8452757330824113,0.8433205063827319,0.22940797993953138,0.6244936572959364,easy,0.9230769230769232,0.9,0.2720294101747089,0.4487008421319303
simpleqa,simpleqa/simpleqa-1833,simpleqa-1833,0.8452757330824113,0.8433205063827319,0.22940797993953138,0.6244936572959364,easy,0.9230769230769232,0.9,0.2720294101747089,0.4487008421319303
aider-polyglot,aider-polyglot/polyglot_javascript_space-age,polyglot_javascript_space-age,0.8449900058662703,0.8424483679002827,0.3341989194069689,0.5034346315945682,easy,0.7057692307692308,0.7057692307692308,0.3966995867532225,0.7298427688272249
seal0,seal0/seal0-78,seal0-78,0.8443908367006795,0.8369311403792068,0.28531008077669245,0.3804408556014846,easy,0.7384615384615384,0.7384615384615384,0.340900304710159,0.4955944822039126
aider-polyglot,aider-polyglot/polyglot_rust_xorcism,polyglot_rust_xorcism,0.8442103937735203,0.8416570788027637,0.32987102670855584,0.5029652666841499,medium,0.5846153846153845,0.5846153846153845,0.3919304370109845,0.6831604097365029
crustbench,crustbench/crustbench-murmurhash-c,crustbench-murmurhash-c,0.8438690104200629,0.8394994132212616,0.24167825757479205,0.5908322183536407,easy,0.8980769230769231,0.8795454545454546,0.2878837718866808,0.598654253803533
simpleqa,simpleqa/simpleqa-2203,simpleqa-2203,0.843640267614081,0.8416661582502498,0.316122402917288,0.6251502509362231,medium,0.6461538461538462,0.6075,0.3755912006424005,0.5744809650235573
labbench,labbench/labbench-figqa-0124,labbench-figqa-0124,0.8434987480926811,0.8410788425206741,0.12411299774006225,0.581219478800287,frontier,0.0384615384615384,0.0769230769230769,0.1475640468711606,0.5444759345201945
swtbench,swtbench/swtbench-matplotlib__matplotlib-24177,swtbench-matplotlib__matplotlib-24177,0.8434844513882758,0.8272340150518327,0.31763045368351117,0.46944442295458044,medium,0.4923076923076923,0.5416666666666666,0.3839668677836091,0.2385130193168199
crustbench,crustbench/crustbench-merkle-tree-c,crustbench-merkle-tree-c,0.8433536864388647,0.838970943884443,0.2708662059719787,0.588621529459337,easy,0.7500000000000001,0.740909090909091,0.3228552883105411,0.6296122417185058
mmmlu,mmmlu/mmmlu-de-de-00022,mmmlu-de-de-00022,0.8433293890727455,0.8386959907227586,0.11226744154949801,0.4483287761511907,saturated,0.9679487307692308,0.9537037222222222,0.1338595185756759,0.0781316050987626
mmmlu,mmmlu/mmmlu-pt-br-00117,mmmlu-pt-br-00117,0.8433293890727455,0.8386959907227586,0.11226744154949801,0.4483287761511907,saturated,0.9679487307692308,0.9537037222222222,0.1338595185756759,0.0781316050987626
mmmlu,mmmlu/mmmlu-fr-fr-00059,mmmlu-fr-fr-00059,0.8433292750164171,0.8386958735927794,0.17727605440742908,0.448328738205927,saturated,0.9519230769230768,0.921875,0.2113710821635731,0.0781316417174072
mmmlu,mmmlu/mmmlu-ko-kr-00102,mmmlu-ko-kr-00102,0.8433292179882059,0.8386958150277423,0.23636809091194777,0.44832871923326445,easy,0.935897423076923,0.8958333125,0.2818281511326359,0.0781316600267145
lawbench,lawbench/lawbench-2-4-22-zero-shot,lawbench-2-4-22-zero-shot,0.8428904008254517,0.8408911672206427,0.05872039349027703,0.6954353650066759,hard,0.1211538461538461,0.1091666666666666,0.0698311455504554,0.1728206256459568
lawbench,lawbench/lawbench-2-9-12-zero-shot,lawbench-2-9-12-zero-shot,0.8425362458664284,0.8405328980370962,0.3288500757890184,0.701226161648582,easy,0.7152667307692309,0.6166740714285714,0.3912399818698172,0.2457698960841349
labbench,labbench/labbench-figqa-0001,labbench-figqa-0001,0.8425257540222333,0.8400921185207585,0.347762570076553,0.5823885032779068,hard,0.2846153846153846,0.3692307692307692,0.4139576629868833,0.4421972316606166
usaco,usaco/usaco-412,usaco-412,0.842384374053481,0.8382137870466282,0.3535434323562515,0.6523764379360276,easy,0.7769230769230769,0.71,0.4217819341792628,0.3634252785485003
labbench,labbench/labbench-figqa-0126,labbench-figqa-0126,0.8423796229420565,0.8399439267841616,0.32382976113779544,0.6065354330944895,medium,0.4230769230769231,0.4461538461538461,0.3855373564966667,0.4701968359441581
mmmlu,mmmlu/mmmlu-it-it-00083,mmmlu-it-it-00083,0.8423453973862524,0.8376854980680016,0.21396835184446097,0.448777530147668,easy,0.9294871923076924,0.8981481666666666,0.255428024405278,0.0527526496307374
featurebench-modal,featurebench-modal/featurebench-modal-huggingface__transformers.e2e8dbed.test_modeling_speech_to_text.e53c8eb4.lv1,featurebench-modal-huggingface__transformers.e2e8dbed.test_modeling_speech_to_text.e53c8eb4.lv1,0.8422910322423991,0.8393408911335709,0.23980913339457616,0.4850271876387239,hard,0.148076923076923,0.148076923076923,0.2857112478705788,0.5411067196319937
usaco,usaco/usaco-788,usaco-788,0.8417675371050447,0.837582085921448,0.25613860314403336,0.6518905983980621,easy,0.8589743461538462,0.8070175263157895,0.3058071649923696,0.4990066248660029
simpleqa,simpleqa/simpleqa-2318,simpleqa-2318,0.8416740052158526,0.8396772432297058,0.24908852403555204,0.6270955468320956,easy,0.823076923076923,0.8,0.2966479394838265,0.5504983445632989
simpleqa,simpleqa/simpleqa-2967,simpleqa-2967,0.8414649133659674,0.8394657456743493,0.31082912572958327,0.6225831793058301,medium,0.7,0.67,0.3702701716314724,0.5620805039010541
mmau,mmau/mmau-f228c287-fce7-44d8-bfbe-c2eb0d7ff024,mmau-f228c287-fce7-44d8-bfbe-c2eb0d7ff024,0.8407131602878402,0.8346225557086494,0.20030941337007585,0.472323035254923,easy,0.9076923076923076,0.8800000000000001,0.24,0.5998327495239554
swebench-multilingual,swebench-multilingual/swebench-multilingual-fluent__fluentd-4655,swebench-multilingual-fluent__fluentd-4655,0.8405600100738899,0.8388589399460198,0.3940523823613877,0.5866799516783868,easy,0.7884615384615384,0.6071428571428571,0.4697480870702109,0.3171779400516288
gaia,gaia/gaia-73c1b9fe-ee1d-4cf4-96ca-35c08f97b054,gaia-73c1b9fe-ee1d-4cf4-96ca-35c08f97b054,0.8403778248057978,0.8368141793045584,0.31875920621437265,0.4558034655306234,medium,0.5461538461538461,0.53,0.3809199390948182,0.5102312420458487
aider-polyglot,aider-polyglot/polyglot_rust_poker,polyglot_rust_poker,0.8403151000283089,0.837703606942438,0.22064452383747585,0.5023216491441261,easy,0.8717948846153847,0.8717948846153847,0.2633921138800077,0.6801667005337663
replicationbench,replicationbench/replicationbench-gw_nsbh__spin_constraint,replicationbench-gw_nsbh__spin_constraint,0.8399943193439753,0.834184037191865,0.32593477975399965,0.5599941921849683,medium,0.3115384615384615,0.3705882352941176,0.3907228683627203,0.559976270365939
aider-polyglot,aider-polyglot/polyglot_go_dominoes,polyglot_go_dominoes,0.8399903174628226,0.8373739860440447,0.24805948599206148,0.5006053660780088,easy,0.8057692307692308,0.8057692307692308,0.296235003864825,0.6877130461291816
swebench-multilingual,swebench-multilingual/swebench-multilingual-burntsushi__ripgrep-2576,swebench-multilingual-burntsushi__ripgrep-2576,0.8399742419200315,0.838267474284499,0.4036407312529849,0.5781573987861862,medium,0.6794872692307691,0.5476190714285715,0.4815178253188356,0.3800871277976577
swebench-multilingual,swebench-multilingual/swebench-multilingual-caddyserver__caddy-5626,swebench-multilingual-caddyserver__caddy-5626,0.8399742419200315,0.838267474284499,0.4036407312529849,0.5781573987861862,medium,0.6794872692307691,0.5476190714285715,0.4815178253188356,0.3800871277976577
ineqmath,ineqmath/ineqmath-94,ineqmath-94,0.8399702340192399,0.8210772305188451,0.25117983714946607,0.6566355306604823,easy,0.7865384615384615,0.746875,0.3059149953418433,0.2246677741478856
labbench,labbench/labbench-figqa-0085,labbench-figqa-0085,0.8399285650553575,0.8374583600128944,0.2972682283716026,0.5766706058322909,hard,0.2769230769230769,0.3,0.3549647869859769,0.5435991590101396
usaco,usaco/usaco-813,usaco-813,0.8398843393327785,0.8356535780150561,0.3153986444655051,0.6504073345665171,easy,0.8083333461538461,0.7377193157894738,0.3774275043669142,0.2759091660333004
simpleqa,simpleqa/simpleqa-305,simpleqa-305,0.8398090020457348,0.8377908037864292,0.24439953144465182,0.6219666538125705,easy,0.8692307692307693,0.8300000000000001,0.2917190429162964,0.5692948979547338
aime,aime/aime_ii-1,aime_ii-1,0.8393750771693244,0.8320134087498705,0.16972391257676492,0.5736778772474053,easy,0.9211538461538462,0.8861111111111111,0.2039917996415239,0.4417483682593309
usaco,usaco/usaco-1301,usaco-1301,0.8393101345316546,0.8350655787240101,0.3511805277894076,0.6499550734041742,easy,0.8057692307692308,0.7342105263157894,0.4205424540741046,0.6420344669143286
livecodebench,livecodebench/livecodebench-2850,livecodebench-2850,0.8392085851866861,0.8308676468896863,0.2145291039537533,0.4599688982634749,easy,0.8846153846153846,0.8333333333333334,0.2581988897471611,0.5582678726904194
swebench-multilingual,swebench-multilingual/swebench-multilingual-fmtlib__fmt-3158,swebench-multilingual-fmtlib__fmt-3158,0.8391849460383867,0.8374705076541404,0.4012802109141248,0.5906474175234873,easy,0.8076923076923077,0.6428571428571429,0.4791574237499549,0.3659284633599489
reasoning-gym,reasoning-gym/reasoning-gym-games-mahjong-puzzle-hard0292e21f-seed45-0,reasoning-gym-games-mahjong-puzzle-hard0292e21f-seed45-0,0.8389375079800754,0.833626188416095,0.31314799301179674,0.38842251083269197,medium,0.5773927692307692,0.57015265,0.3756455799532686,0.3600694283870945
mmau,mmau/mmau-9d5ef0e3-b801-4f7c-a012-b7b5793ca1c6,mmau-9d5ef0e3-b801-4f7c-a012-b7b5793ca1c6,0.8388141933822261,0.8326577031822581,0.136810852327169,0.45030598946178946,saturated,0.9519230769230768,0.9375,0.1643062350883252,0.5323555514642415
aider-polyglot,aider-polyglot/polyglot_go_dnd-character,polyglot_go_dnd-character,0.8386850167776845,0.8360492594369532,0.20762252390220864,0.5000053449747905,easy,0.8423076923076924,0.8423076923076924,0.2483376685747373,0.5328241917247935
crustbench,crustbench/crustbench-rbtree-lab,crustbench-rbtree-lab,0.8381589501793507,0.8336441629917336,0.2594489003741018,0.5828734402987471,easy,0.7692307692307693,0.7636363636363636,0.311222595793158,0.6644898712468765
aider-polyglot,aider-polyglot/polyglot_rust_decimal,polyglot_rust_decimal,0.8381317773680484,0.8354877958745909,0.2860079366196933,0.5000826843574326,easy,0.7794871923076924,0.7794871923076924,0.3423244935855699,0.653306074242683
aime,aime/aime_64,aime_64,0.8372060631723307,0.8297543921572877,0.23206251550731755,0.5736709293714113,easy,0.875,0.8375,0.279676152004421,0.4242645255174305
aime,aime/aime_i-4,aime_i-4,0.8369220289209891,0.8294585904347238,0.15682673930945315,0.5744737620934287,easy,0.9365384615384617,0.9131578947368422,0.1890712099651164,0.3490729250089497
aider-polyglot,aider-polyglot/polyglot_javascript_zebra-puzzle,polyglot_javascript_zebra-puzzle,0.8365783353375413,0.8339112909599926,0.2680585792122517,0.5014616715757308,easy,0.8115384615384615,0.8115384615384615,0.3214473555138756,0.6537532762901004
lawbench,lawbench/lawbench-3-8-11-zero-shot,lawbench-3-8-11-zero-shot,0.8363296207828318,0.8342544565390511,0.07095790126060955,0.6807587327667791,hard,0.1165216923076923,0.11455,0.0850554656369259,0.3729127924940877
swebench-multilingual,swebench-multilingual/swebench-multilingual-micropython__micropython-10095,swebench-multilingual-micropython__micropython-10095,0.8360273602149862,0.8342823082189904,0.3873402640553165,0.5713317687971042,easy,0.7884615384615384,0.6333333333333333,0.4642796092394707,0.4196052040944967
swebench-multilingual,swebench-multilingual/swebench-multilingual-faker-ruby__faker-2970,swebench-multilingual-faker-ruby__faker-2970,0.8358827724753315,0.8341363214715916,0.37682440439658615,0.5794054919013748,easy,0.7948717692307692,0.6190475714285714,0.4517539815695698,0.2644300465862335
simpleqa,simpleqa/simpleqa-2553,simpleqa-2553,0.8355237284297484,0.8334564589914975,0.32961069193370923,0.6171562448980499,easy,0.7999999999999999,0.74,0.3954743986657038,0.4745230907488317
swebench-multilingual,swebench-multilingual/swebench-multilingual-apache__lucene-13301,swebench-multilingual-apache__lucene-13301,0.8351308984909047,0.8333771764389396,0.31556041661868495,0.5736025089282957,easy,0.7346154230769231,0.6866667333333333,0.3786525783764437,0.2897431826501407
spider2,spider2/spider2-qualtrics001,spider2-qualtrics001,0.8346466144252793,0.8072733841930271,0.37495509644493286,0.5747143289285028,medium,0.5653846153846154,0.5399999999999999,0.4644710252893428,0.3990018594655655
simpleqa,simpleqa/simpleqa-4236,simpleqa-4236,0.8342728253823067,0.8321912799400893,0.32816205106089635,0.6221668969589471,easy,0.8076923076923077,0.75,0.394334883062607,0.4818541382186659
aider-polyglot,aider-polyglot/polyglot_rust_robot-name,polyglot_rust_robot-name,0.8342337045089396,0.8315319340368891,0.25808500981507193,0.49833831348217744,easy,0.8461538461538461,0.8461538461538461,0.3103729384897232,0.7304137708589593
arc-agi-2,arc-agi-2/arc-agi-2-291dc1e1_0,arc-agi-2-291dc1e1_0,0.8339302959298928,0.8301548186811095,0.1616138953522306,0.7238636316604256,hard,0.0692307692307692,0.09,0.1946792233393178,0.5334034107976009
simpleqa,simpleqa/simpleqa-2304,simpleqa-2304,0.8338660247397949,0.8317798413582908,0.27271725877303304,0.6206545216805797,easy,0.8076923076923077,0.75,0.3278719262151,0.6265850148124371
simpleqa,simpleqa/simpleqa-4296,simpleqa-4296,0.8337785116649232,0.8316913308470273,0.21220356166751075,0.6160996820479825,easy,0.9000000000000001,0.8700000000000001,0.2551470164434614,0.4898725287249296
simpleqa,simpleqa/simpleqa-1257,simpleqa-1257,0.8337312609761556,0.8316435416595789,0.209567572048706,0.6167597726180408,easy,0.8846153846153848,0.85,0.2519920633670831,0.5879964314585279
usaco,usaco/usaco-1328,usaco-1328,0.8334700199814221,0.8290857207165925,0.34720335347367304,0.6453552215925337,medium,0.6025641923076923,0.5789473684210527,0.4187785952622359,0.3210392741671328
simpleqa,simpleqa/simpleqa-962,simpleqa-962,0.8333030933030998,0.8312104957351062,0.20680276589260216,0.6175252391293398,easy,0.9153846153846152,0.8899999999999999,0.2487971060924945,0.6091709655138369
usaco,usaco/usaco-1180,usaco-1180,0.8332262169301565,0.8288361059618692,0.3425999089611155,0.6451631948955564,easy,0.823076923076923,0.7578947368421053,0.4133506087594076,0.6577898752395347
usaco,usaco/usaco-862,usaco-862,0.8331560857220918,0.8287643033147453,0.3243108309910169,0.6451079574234664,easy,0.7769230769230769,0.6947368421052631,0.3913185325356022,0.3557648552122438
crustbench,crustbench/crustbench-gfc,crustbench-gfc,0.8328928310527809,0.8282450526797717,0.23435992881955026,0.582580711693261,easy,0.9057692307692308,0.8934782608695653,0.2829596483085326,0.5835392918300748
medagentbench,medagentbench/medagentbench-task4_11,medagentbench-task4_11,0.8319222878048547,0.8256337931444461,0.2170333549996454,0.5859522242928057,easy,0.8692307692307693,0.8300000000000001,0.2628687885618982,0.5821701485271401
medagentbench,medagentbench/medagentbench-task6_20,medagentbench-task6_20,0.8316398439488626,0.8253418078559344,0.2630756783497137,0.5933797453051683,easy,0.7615384615384616,0.72,0.3187475490101845,0.6164136538529583
simpleqa,simpleqa/simpleqa-4150,simpleqa-4150,0.8315236345881275,0.8294107904361865,0.18247037389596094,0.6168545810134735,easy,0.8923076923076925,0.86,0.2199999999999999,0.4097863353099674
humanevalfix,humanevalfix/humanevalfix-python-13,humanevalfix-python-13,0.8315223367665614,0.8153911056880657,0.10442101103636839,0.5109602543620748,saturated,0.9538461538461538,0.94,0.1280624847486569,0.6558908771176933
simpleqa,simpleqa/simpleqa-129,simpleqa-129,0.8313956499309563,0.8292813512767332,0.21239966080044453,0.6156137426833941,easy,0.9076923076923078,0.8800000000000001,0.2561249694973139,0.5370784260576493
usaco,usaco/usaco-381,usaco-381,0.8313680324926866,0.8269336847809123,0.3100381055632402,0.6436996323271269,easy,0.7096153846153845,0.6824999999999999,0.3749249924984996,0.4756430768455603
lawbench,lawbench/lawbench-2-6-8-zero-shot,lawbench-2-6-8-zero-shot,0.8310017091351494,0.8288653276759766,0.24958987950716693,0.6776430188532842,medium,0.4287266538461539,0.422683,0.3011223550718213,0.3292016912062409
aime,aime/aime_ii-3,aime_ii-3,0.8308863830631884,0.8231738987170099,0.18567593963146384,0.5661484128828738,easy,0.8948718076923078,0.8633333499999999,0.2255610144112397,0.4889311404346205
aider-polyglot,aider-polyglot/polyglot_javascript_scale-generator,polyglot_javascript_scale-generator,0.830756836703734,0.8280037545377283,0.2818037527100487,0.4948655621418615,easy,0.7557692307692309,0.7557692307692309,0.3403411532443821,0.5217172377854955
swebench-multilingual,swebench-multilingual/swebench-multilingual-rubocop__rubocop-13668,swebench-multilingual-rubocop__rubocop-13668,0.8307034764401796,0.8289070735450406,0.3886347607424439,0.5759171451904771,medium,0.6576923076923078,0.5533333333333333,0.4688520259337931,0.4300957468430894
bfcl,bfcl/bfcl-live-simple-8-3-4,bfcl-live-simple-8-3-4,0.8306324083507032,0.8224841970020327,0.052554360443769925,0.3428536759199355,saturated,0.9769230769230768,0.9769230769230768,0.0638971066378313,0.3822480458414733
mmmlu,mmmlu/mmmlu-ar-xy-00007,mmmlu-ar-xy-00007,0.8304739547426754,0.8254968794834843,0.1474647009678583,0.42291716659514655,saturated,0.9692307692307692,0.9578947368421052,0.1786375026155488,0.0212874442894646
mmmlu,mmmlu/mmmlu-es-la-00044,mmmlu-es-la-00044,0.8304739547426754,0.8254968794834843,0.07373235048392915,0.42291716659514655,saturated,0.9846153846153848,0.9789473684210528,0.0893187513077744,0.0212874442894646
mmmlu,mmmlu/mmmlu-de-de-00027,mmmlu-de-de-00027,0.8304739547426752,0.8254968794834844,0.18908949042934325,0.42291716659514655,saturated,0.9615384615384616,0.9444444444444444,0.2290614236454256,0.0212874442894646
mmmlu,mmmlu/mmmlu-es-la-00049,mmmlu-es-la-00049,0.8304739547426752,0.8254968794834844,0.09216543810491144,0.42291716659514655,saturated,0.9807692307692308,0.9736842105263158,0.111648439134718,0.0212874442894646
mmmlu,mmmlu/mmmlu-fr-fr-00057,mmmlu-fr-fr-00057,0.8304739547426752,0.8254968794834844,0.06302976711328423,0.42291716659514655,saturated,0.9871795,0.9814815,0.0763537315280006,0.0212874442894646
mmmlu,mmmlu/mmmlu-it-it-00084,mmmlu-it-it-00084,0.8304739547426752,0.8254968794834844,0.18908949042934325,0.42291716659514655,saturated,0.9615384615384616,0.9444444444444444,0.2290614236454256,0.0212874442894646
mmmlu,mmmlu/mmmlu-bn-bd-00019,mmmlu-bn-bd-00019,0.8304739547426752,0.8254968794834844,0.06302976711328423,0.42291716659514655,saturated,0.9871795,0.9814815,0.0763537315280006,0.0212874442894646
mmmlu,mmmlu/mmmlu-id-id-00079,mmmlu-id-id-00079,0.8304739547426752,0.8254968794834844,0.09454474521467163,0.42291716659514655,saturated,0.9807692307692308,0.9722222222222222,0.1145307118227128,0.0212874442894646
mmmlu,mmmlu/mmmlu-ja-jp-00097,mmmlu-ja-jp-00097,0.8304739547426752,0.8254968794834844,0.047272372607335814,0.42291716659514655,saturated,0.9903846153846154,0.9861111111111112,0.0572653559113564,0.0212874442894646
mmmlu,mmmlu/mmmlu-ar-xy-00009,mmmlu-ar-xy-00009,0.8304739547426752,0.8254968794834844,0.06144356395964888,0.42291716659514655,saturated,0.9871795,0.9824561578947368,0.0744322183241859,0.0212874442894646
mmmlu,mmmlu/mmmlu-bn-bd-00014,mmmlu-bn-bd-00014,0.8304739547426752,0.8254968794834844,0.09711727993923344,0.42291716659514655,saturated,0.9807692307692308,0.9705882352941176,0.1176470588235294,0.0212874442894646
mmmlu,mmmlu/mmmlu-ko-kr-00107,mmmlu-ko-kr-00107,0.8304739547426752,0.8254968794834844,0.04608271905245572,0.42291716659514655,saturated,0.9903846153846154,0.986842105263158,0.055824219567359,0.0212874442894646
mmmlu,mmmlu/mmmlu-sw-ke-00137,mmmlu-sw-ke-00137,0.8304739547426752,0.8254968794834844,0.06474478854796896,0.42291716659514655,saturated,0.9871795,0.9803921764705884,0.078431294117647,0.0212874442894646
mmmlu,mmmlu/mmmlu-pt-br-00119,mmmlu-pt-br-00119,0.8304739547426752,0.8254968794834844,0.18433087620982289,0.42291716659514655,saturated,0.9615384615384616,0.9473684210526316,0.223296878269436,0.0212874442894646
mmmlu,mmmlu/mmmlu-ja-jp-00092,mmmlu-ja-jp-00092,0.8304739547426752,0.8254968794834844,0.14986573437120584,0.42291716659514655,saturated,0.971153846153846,0.953125,0.1815460943534726,0.0212874442894646
mmmlu,mmmlu/mmmlu-zh-cn-00123,mmmlu-zh-cn-00123,0.8304739547426752,0.8254968794834844,0.09216543810491144,0.42291716659514655,saturated,0.9807692307692308,0.9736842105263158,0.111648439134718,0.0212874442894646
mmmlu,mmmlu/mmmlu-pt-br-00112,mmmlu-pt-br-00112,0.8304739547426752,0.8254968794834844,0.19423455987846688,0.42291716659514655,saturated,0.9615384615384616,0.9411764705882352,0.2352941176470588,0.0212874442894646
mmmlu,mmmlu/mmmlu-id-id-00072,mmmlu-id-id-00072,0.8304739547426752,0.8254968794834844,0.10295754989594057,0.42291716659514655,saturated,0.9807692307692308,0.9666666666666668,0.1247219128924647,0.0212874442894646
mmmlu,mmmlu/mmmlu-id-id-00074,mmmlu-id-id-00074,0.830473954742675,0.8254968794834843,0.09991048958080385,0.42291716659514644,saturated,0.9807692307692308,0.96875,0.1210307295689817,0.0212874442894646
bigcodebench,bigcodebench/bigcodebench_139,bigcodebench_139,0.8301615093451727,0.8052153102285249,0.2905226600882296,0.21872517964068522,easy,0.9230769230769232,0.8461538461538461,0.3608012122941099,0.3145372855742845
bigcodebench,bigcodebench/bigcodebench_308,bigcodebench_308,0.8301615093451727,0.8052153102285251,0.24156459306855751,0.21872517964068522,easy,0.9230769230769232,0.9,0.3,0.3145372855742844
arc-agi-2,arc-agi-2/arc-agi-2-8698868d_0,arc-agi-2-8698868d_0,0.8299985860464163,0.8261422928082827,0.17641571815253196,0.7223221479306112,hard,0.0615384615384615,0.08,0.2135415650406262,0.5577676197089725
labbench,labbench/labbench-figqa-0151,labbench-figqa-0151,0.8295960238013849,0.8269814761944189,0.29123801920009923,0.566060733265316,hard,0.2769230769230769,0.3538461538461538,0.3521699428387568,0.3679425104694646
simpleqa,simpleqa/simpleqa-1022,simpleqa-1022,0.8295268372924827,0.8273913262027859,0.14330838147250194,0.6157698360376036,easy,0.9230769230769232,0.9,0.1732050807568877,0.7350158555682661
arc-agi-2,arc-agi-2/arc-agi-2-dfadab01_0,arc-agi-2-dfadab01_0,0.8291619591334066,0.8252885200728224,0.1289141879285648,0.7216343714595588,frontier,0.0461538461538461,0.06,0.156204993518133,0.5683290913207555
spider2,spider2/spider2-f1002,spider2-f1002,0.8291613596614313,0.8009860366857426,0.35582514379200997,0.45018227190867816,medium,0.3307692307692307,0.4125,0.4442338910979215,0.2819483399611524
medagentbench,medagentbench/medagentbench-task1_28,medagentbench-task1_28,0.8290498213401877,0.8226644495591358,0.29374996436165834,0.5935931697459663,medium,0.6384615384615385,0.6500000000000001,0.3570714214271425,0.5567224281624554
ineqmath,ineqmath/ineqmath-1,ineqmath-1,0.8290457559155875,0.8090042749089967,0.2978915201622926,0.6474451759677632,easy,0.8730769230769231,0.79375,0.3682199580413859,0.1174865893269681
labbench,labbench/labbench-figqa-0037,labbench-figqa-0037,0.828998809437879,0.8263759748104469,0.25107104451080403,0.5620177355591857,hard,0.1,0.2,0.3038218101251,0.4609512380603618
ineqmath,ineqmath/ineqmath-92,ineqmath-92,0.828961149108156,0.8089108427406554,0.2565663212528912,0.6473739994262081,easy,0.7500000000000001,0.72,0.3171750305430741,-0.0735537340047822
swebench-multilingual,swebench-multilingual/swebench-multilingual-fastlane__fastlane-20975,swebench-multilingual-fastlane__fastlane-20975,0.8289503116728236,0.8271370717863634,0.3865758725531974,0.5685491404710642,medium,0.5673076923076923,0.5178571428571429,0.4673661545822286,0.4666855516915955
labbench,labbench/labbench-figqa-0016,labbench-figqa-0016,0.8286402368810538,0.8260124295904111,0.3571797027476346,0.5855210742216809,medium,0.4307692307692307,0.4615384615384616,0.432414440694006,0.2604566581160923
featurebench-modal,featurebench-modal/featurebench-modal-lightning-ai__pytorch-lightning.126fa6f1.test_fsdp.744aa3f5.lv1,featurebench-modal-lightning-ai__pytorch-lightning.126fa6f1.test_fsdp.744aa3f5.lv1,0.8284051650351475,0.825220140986652,0.23342908190356812,0.4770372277809671,hard,0.1192307692307692,0.1192307692307692,0.2828688616645675,0.4939048429330549
mmmlu,mmmlu/mmmlu-ar-xy-00002,mmmlu-ar-xy-00002,0.8282110624188367,0.823174061811166,0.1490361991466514,0.443103141070136,saturated,0.9551281923076924,0.9385964736842104,0.1810506502339719,0.0824063181917322
mmmlu,mmmlu/mmmlu-ja-jp-00096,mmmlu-ja-jp-00096,0.8282110624188364,0.823174061811166,0.15263012116372762,0.443103141070136,saturated,0.9551281923076924,0.9351851666666666,0.185416582281404,0.0824063181917322
aider-polyglot,aider-polyglot/polyglot_go_transpose,polyglot_go_transpose,0.8281620661906706,0.8253708334283939,0.3555443590153082,0.4949478164678706,medium,0.5538461538461539,0.5538461538461539,0.4307692307692308,0.6541239367757941
seal0,seal0/seal0-32,seal0-32,0.8278178109459827,0.8196431142896041,0.3306408941564374,0.3729786264672146,medium,0.5525641153846154,0.5525641153846154,0.4033961713239162,0.5198392912468159
medagentbench,medagentbench/medagentbench-task1_11,medagentbench-task1_11,0.827443600240956,0.8210042112392837,0.2671734907976695,0.5882530439056564,easy,0.730769230769231,0.71,0.3254228019054596,0.7378737921980925
aider-polyglot,aider-polyglot/polyglot_javascript_list-ops,polyglot_javascript_list-ops,0.8273389238002691,0.8245356140250301,0.2634272002802354,0.4964041235883687,easy,0.8346153846153845,0.8346153846153845,0.3194855331891567,0.7353638881728977
swebench-multilingual,swebench-multilingual/swebench-multilingual-jqlang__jq-2681,swebench-multilingual-jqlang__jq-2681,0.8271733918296215,0.8253431236941247,0.3831899829571923,0.573485712640013,easy,0.7884615384615384,0.6333333333333333,0.4642796092394707,0.2991833925391815
usaco,usaco/usaco-433,usaco-433,0.826976813969152,0.8224383351261079,0.3502174203815145,0.640240975085551,medium,0.6653846153846155,0.6157894736842104,0.4258281811825007,0.2773030245142472
swebench-multilingual,swebench-multilingual/swebench-multilingual-rubocop__rubocop-13503,swebench-multilingual-rubocop__rubocop-13503,0.8269423743293115,0.825109895076959,0.3809398826143713,0.5867208902951325,medium,0.6923077692307691,0.5714285714285714,0.4616838131347832,0.4349883597201759
medagentbench,medagentbench/medagentbench-task4_15,medagentbench-task4_15,0.8268534508640304,0.8203942429471507,0.20689555578008118,0.5806456699760298,easy,0.7846153846153847,0.78,0.2521904042583698,0.4057028100901859
usaco,usaco/usaco-342,usaco-342,0.8266887980425457,0.8221435093755052,0.3657383738502659,0.6400141249834882,easy,0.7769230769230769,0.71,0.4448595283907044,0.3077001474308536
usaco,usaco/usaco-1229,usaco-1229,0.8266619998078123,0.8221160776510301,0.3115676583697683,0.6402133722936745,medium,0.5089743461538462,0.49666665,0.3789825632166043,0.4156191926763735
lawbench,lawbench/lawbench-3-5-18-zero-shot,lawbench-3-5-18-zero-shot,0.8265500989365712,0.8243628746278371,0.32463550630147,0.680818996892159,easy,0.7145244230769231,0.5926293333333333,0.3938017058907806,0.1871370515985655
labbench,labbench/labbench-figqa-0057,labbench-figqa-0057,0.8264674247780546,0.82380953214165,0.27123529056108914,0.5632733961753077,hard,0.2538461538461539,0.3076923076923077,0.3292451470620415,0.5207781666406008
aider-polyglot,aider-polyglot/polyglot_python_transpose,polyglot_python_transpose,0.8263382905475777,0.8235203162138486,0.3632426787935602,0.49220537954586185,medium,0.5076923076923077,0.5076923076923077,0.4410852672871215,0.6002885342323954
swebench-multilingual,swebench-multilingual/swebench-multilingual-php-cs-fixer__php-cs-fixer-8331,swebench-multilingual-php-cs-fixer__php-cs-fixer-8331,0.8261425185221642,0.824302388530156,0.2958620171043191,0.5632143395586513,easy,0.903846153846154,0.8214285714285714,0.3589241293257461,0.3039173468246207
featurebench-modal,featurebench-modal/featurebench-modal-astropy__astropy.b0db0daa.test_quantity_erfa_ufuncs.3fc54395.lv1,featurebench-modal-astropy__astropy.b0db0daa.test_quantity_erfa_ufuncs.3fc54395.lv1,0.825840858763946,0.8226128979337584,0.21289985994847782,0.48799573751509284,hard,0.1384615384615384,0.1384615384615384,0.2588092898655496,0.3298431555677901
lawbench,lawbench/lawbench-2-7-10-one-shot,lawbench-2-7-10-one-shot,0.8256459199411235,0.8234484028046852,0.1309425153139151,0.6855173489784314,medium,0.3310583846153846,0.3000365714285714,0.1590172679525781,0.2112329997945767
aider-polyglot,aider-polyglot/polyglot_javascript_word-search,polyglot_javascript_word-search,0.8254086331126237,0.8225770506857923,0.22849254356130969,0.4962415939095538,easy,0.8769230769230769,0.8769230769230769,0.2777764628502737,0.6542912220120158
replicationbench,replicationbench/replicationbench-gw_nsbh__mass_gap_constraint,replicationbench-gw_nsbh__mass_gap_constraint,0.8253870141124151,0.8190993683414648,0.3368629660534968,0.5481322607335357,hard,0.2096153846153846,0.3205882352941177,0.4112601951282008,0.5459983497107055
replicationbench,replicationbench/replicationbench-hubble_trails__classifier_performance,replicationbench-hubble_trails__classifier_performance,0.8253445027726111,0.8190554806307313,0.3055954988702466,0.5468635763725349,hard,0.1519230769230769,0.2468749999999999,0.3731072022555984,0.6137895808514356
lawbench,lawbench/lawbench-3-4-10-zero-shot,lawbench-3-4-10-zero-shot,0.8251229758640541,0.8229195109727307,0.3256822148316083,0.6866683816439548,easy,0.7321042692307693,0.6093097857142858,0.3957643615067969,0.2013299223647132
usaco,usaco/usaco-365,usaco-365,0.8251100828529593,0.8205275109941741,0.31337139755179355,0.6387706808930639,easy,0.7865384615384616,0.7078947368421052,0.3819145529588691,0.1374966454306848
featurebench-modal,featurebench-modal/featurebench-modal-linkedin__liger-kernel.c856fbab.test_fused_linear_jsd.4bd46945.lv1,featurebench-modal-linkedin__liger-kernel.c856fbab.test_fused_linear_jsd.4bd46945.lv1,0.8240357802260904,0.8207776772116644,0.3471408696266554,0.4748961236625991,medium,0.3288461538461539,0.3288461538461539,0.422941411864365,0.6602173254125966
labbench,labbench/labbench-figqa-0068,labbench-figqa-0068,0.8239515442316406,0.8212589170067108,0.2908738479457976,0.5576925134353613,medium,0.4307692307692309,0.4615384615384614,0.3541804440991181,0.2812540322517937
simpleqa,simpleqa/simpleqa-3212,simpleqa-3212,0.8235251785519637,0.8213218730255206,0.2592048110343843,0.6106955550953559,easy,0.8615384615384616,0.8200000000000001,0.31559467676119,0.5650112510642961
simpleqa,simpleqa/simpleqa-549,simpleqa-549,0.8234610572517099,0.8212570301224507,0.26433762151242635,0.6083857141836205,easy,0.8307692307692308,0.78,0.3218695387886216,0.5336313401109531
arc-agi-2,arc-agi-2/arc-agi-2-38007db0_0,arc-agi-2-38007db0_0,0.8227458086983186,0.818741471655321,0.29062439208271623,0.7139262922066195,hard,0.2538461538461539,0.3,0.3549647869859769,0.6800032078942061
medagentbench,medagentbench/medagentbench-task5_23,medagentbench-task5_23,0.8226433485689394,0.8160431868133285,0.14134282607311058,0.5802925968970342,easy,0.9230769230769232,0.9,0.1732050807568877,0.3723004312757387
simpleqa,simpleqa/simpleqa-3366,simpleqa-3366,0.8225484199378866,0.8203341284551615,0.22300417772450493,0.6081112062754627,easy,0.9153846153846156,0.89,0.2718455443813637,0.45229412601946
kumo,kumo/kumo-algorithmenv-t4-a6-v1-s0,kumo-algorithmenv-t4-a6-v1-s0,0.8218719692559955,0.8176670606753997,0.11623624032372702,0.4510288498438759,saturated,0.9551282307692308,0.9416667,0.1421559530938117,0.6923760932142231
spider2,spider2/spider2-quickbooks002,spider2-quickbooks002,0.8212729937117398,0.7919558049220464,0.3518619260592528,0.5246798300586849,medium,0.6576923076923078,0.5785714285714286,0.4442949011452567,0.3274389693762556
spider2,spider2/spider2-shopify_holistic_reporting001,spider2-shopify_holistic_reporting001,0.8210467378654094,0.7916969997867898,0.2958992008633257,0.45898739671592875,hard,0.2737179615384615,0.3277778,0.3737530910727383,0.3601060299108889
kumo,kumo/kumo-enzymeenv-t4-a6-v1-s1,kumo-enzymeenv-t4-a6-v1-s1,0.820564705139361,0.8163320843934264,0.11026987227157459,0.4480233702098839,saturated,0.958333346153846,0.94583335,0.1350796745340597,0.6683716442278208
kumo,kumo/kumo-caridentificationenv-t4-a6-v1-s1,kumo-caridentificationenv-t4-a6-v1-s1,0.8205342442485372,0.8163009783192545,0.09733768792171762,0.44914962554395554,saturated,0.971153846153846,0.9625,0.1192424001771182,0.6578097520889733
kumo,kumo/kumo-audiodialectenv-t4-a6-v1-s0,kumo-audiodialectenv-t4-a6-v1-s0,0.8205342442485372,0.8163009783192543,0.07787015033737403,0.44914962554395543,saturated,0.9769230769230768,0.97,0.0953939201416945,0.6578097520889733
kumo,kumo/kumo-chemicalcompoundsenv-t4-a6-v1-s0,kumo-chemicalcompoundsenv-t4-a6-v1-s0,0.8205342442485372,0.8163009783192545,0.19467537584343525,0.44914962554395554,easy,0.9423076923076924,0.925,0.2384848003542364,0.6578097520889733
kumo,kumo/kumo-martialartsenv-t4-a6-v1-s0,kumo-martialartsenv-t4-a6-v1-s0,0.8205342442485369,0.8163009783192541,0.19921220659033345,0.44914962554395543,easy,0.9423076923076924,0.9210526315789472,0.244042591986729,0.6578097520889733
swebench-multilingual,swebench-multilingual/swebench-multilingual-hashicorp__terraform-35611,swebench-multilingual-hashicorp__terraform-35611,0.8203441448621528,0.818448777484172,0.3847424397497265,0.5799140477906614,easy,0.7980769230769231,0.625,0.4700873778960065,0.319901060063055
bfcl,bfcl/bfcl-live-multiple-712-164-28,bfcl-live-multiple-712-164-28,0.8203265050556255,0.8117346589920826,0.13565685258046545,0.336982040709689,easy,0.9230769230769232,0.9230769230769232,0.1671196998646187,0.4146366891122822
lawbench,lawbench/lawbench-1-1-1-zero-shot,lawbench-1-1-1-zero-shot,0.8203226415731389,0.8180647590361546,0.2763675809951697,0.6676929044097788,medium,0.4758233076923076,0.4636876,0.3378309332390586,0.4592404892333912
aider-polyglot,aider-polyglot/polyglot_python_connect,polyglot_python_connect,0.8202425048535145,0.8173355878653825,0.3176123577984276,0.4901086734810921,medium,0.4769230769230769,0.4769230769230769,0.3885947981635412,0.6410897008640309
featurebench-modal,featurebench-modal/featurebench-modal-astropy__astropy.b0db0daa.test_containers.6079987d.lv1,featurebench-modal-astropy__astropy.b0db0daa.test_containers.6079987d.lv1,0.8201721769940489,0.816849785319581,0.2698963629641876,0.4733312053909045,hard,0.1923076923076923,0.1923076923076923,0.3304112553063774,0.559114603138035
aider-polyglot,aider-polyglot/polyglot_rust_wordy,polyglot_rust_wordy,0.8200079537670121,0.8170976279610718,0.2601412836536522,0.49126281524754245,easy,0.8692307692307693,0.8692307692307693,0.3183723397934596,0.7008904703125893
lawbench,lawbench/lawbench-2-6-19-zero-shot,lawbench-2-6-19-zero-shot,0.8196577695146868,0.8173923753532706,0.2124844943703947,0.6727631596478564,medium,0.3816151923076923,0.3511739333333333,0.2599540939913473,0.2725395716562049
swebench-multilingual,swebench-multilingual/swebench-multilingual-prometheus__prometheus-10720,swebench-multilingual-prometheus__prometheus-10720,0.8194460027537915,0.8175421147078445,0.3401180785881226,0.5610662209771674,easy,0.875,0.75,0.4160251471689218,0.3664346478378297
usaco,usaco/usaco-1279,usaco-1279,0.819400957586658,0.8146841766071563,0.31999543618008625,0.6342740002246964,medium,0.6346153846153846,0.5921052631578947,0.3927846463309784,0.3091517477513217
mmau,mmau/mmau-421fcbf8-7f60-4770-8923-512323e5efba,mmau-421fcbf8-7f60-4770-8923-512323e5efba,0.8190652615238897,0.8122329111093045,0.20208119775707728,0.4756399777876304,easy,0.9307692307692308,0.91,0.2487971060924945,0.7145705841163482
swebench-multilingual,swebench-multilingual/swebench-multilingual-tokio-rs__axum-682,swebench-multilingual-tokio-rs__axum-682,0.8189943702782291,0.8170862011814264,0.32683448047257063,0.5563752257720836,easy,0.8846153846153846,0.8,0.4000000000000001,0.1380209377821255
swebench-multilingual,swebench-multilingual/swebench-multilingual-gohugoio__hugo-12579,swebench-multilingual-gohugoio__hugo-12579,0.8189943702782291,0.8170862011814264,0.32683448047257063,0.5563752257720836,easy,0.8846153846153846,0.8,0.4000000000000001,0.1380209377821255
simpleqa,simpleqa/simpleqa-3115,simpleqa-3115,0.8186520163806215,0.8163940328360647,0.22859032919409814,0.6043575507022391,easy,0.8769230769230769,0.8400000000000001,0.28,0.5120964997376756
mmmlu,mmmlu/mmmlu-es-la-00042,mmmlu-es-la-00042,0.8184770988041673,0.8131842728989163,0.11872178165562255,0.43960950700887585,saturated,0.9653846153846154,0.9470588235294118,0.1459961605410689,0.0846954617526243
aime,aime/aime_i-7,aime_i-7,0.8181748151478819,0.8099441221913948,0.19901484416513962,0.5569468561764832,easy,0.8692307692307693,0.8210526315789475,0.2457142890631549,0.5614629462920782
medagentbench,medagentbench/medagentbench-task1_5,medagentbench-task1_5,0.8180202229723261,0.8112661551429338,0.24539963093891656,0.5791803277411638,medium,0.6846153846153846,0.6500000000000001,0.3024896692450834,0.611891141462626
reasoning-gym,reasoning-gym/reasoning-gym-code-bf-hard0292e21f-seed45-1,reasoning-gym-code-bf-hard0292e21f-seed45-1,0.8179280648488181,0.8119958866065778,0.33525266206380405,0.37708573387956373,medium,0.6500059615384616,0.6050077500000001,0.4128748280546871,0.6817668651362849
medagentbench,medagentbench/medagentbench-task4_18,medagentbench-task4_18,0.817762680380845,0.811000065782962,0.1660075732330567,0.5722204616071503,easy,0.9153846153846156,0.89,0.2046948949045872,0.426939960630159
spider2,spider2/spider2-shopify002,spider2-shopify002,0.8175600720653422,0.7877101620475299,0.3522572989840885,0.6257058352941928,medium,0.6948718076923078,0.6177777999999999,0.4471915127620678,0.3656492451940115
aider-polyglot,aider-polyglot/polyglot_javascript_tournament,polyglot_javascript_tournament,0.8174434065362021,0.814495874380557,0.2309060932339539,0.4893729262351109,easy,0.8038461538461539,0.8038461538461539,0.2834957186364674,0.5779823837734028
aime,aime/aime_84,aime_84,0.8173781346860723,0.8091152481067918,0.1492603012795229,0.5563880370478669,easy,0.9237179615384614,0.8956140526315789,0.1844734747352365,0.4345663979992443
swebench-multilingual,swebench-multilingual/swebench-multilingual-rubocop__rubocop-13653,swebench-multilingual-rubocop__rubocop-13653,0.8169396457388475,0.8150120300577051,0.36940109200324345,0.5776117846614642,easy,0.7820513076923077,0.6222222666666667,0.4532461833441757,0.2965875667383845
ineqmath,ineqmath/ineqmath-77,ineqmath-77,0.8168762618935652,0.7955762868147748,0.2615570478127148,0.6372074359647953,easy,0.8730769230769232,0.79375,0.3287642582459352,-0.0600265836586286
labbench,labbench/labbench-figqa-0138,labbench-figqa-0138,0.8168064797088493,0.8140157975480173,0.2883084766792546,0.5605696813621277,hard,0.1307692307692307,0.2615384615384615,0.3541804440991181,0.5647525132597351
medagentbench,medagentbench/medagentbench-task5_8,medagentbench-task5_8,0.8167043835949664,0.8099066783732578,0.21181808188366377,0.5792465777204466,easy,0.8923076923076922,0.86,0.2615339366124404,0.4545824268122899
replicationbench,replicationbench/replicationbench-gw_nsbh__load_data,replicationbench-gw_nsbh__load_data,0.8166478858612277,0.8100788691771686,0.2637683987525813,0.5432606151698338,hard,0.0999999999999999,0.1529411764705882,0.3256082941905422,0.604163672064474
aime,aime/aime_i-11,aime_i-11,0.8162436577600086,0.8079349851690473,0.25984237017332407,0.5555922758391407,easy,0.7141025769230769,0.682456157894737,0.3216129700324294,0.5975758424465594
usaco,usaco/usaco-1183,usaco-1183,0.8162166570508662,0.8114254409670848,0.33490350221885373,0.6317659482914016,easy,0.7461538461538461,0.67,0.4127347816697788,0.3305205921381326
aider-polyglot,aider-polyglot/polyglot_javascript_connect,polyglot_javascript_connect,0.8161650464039419,0.8131990124439548,0.3457050960375735,0.48608058508647894,medium,0.5653846153846154,0.5653846153846154,0.4251174567940087,0.6030846138311124
arc-agi-2,arc-agi-2/arc-agi-2-d35bdbdc_1,arc-agi-2-d35bdbdc_1,0.8159996088070196,0.8118587744965426,0.17241250420050444,0.71143152682227,hard,0.0538461538461538,0.0699999999999999,0.212367605815953,0.5083283644951706
lawbench,lawbench/lawbench-2-7-6-zero-shot,lawbench-2-7-6-zero-shot,0.8159444609521415,0.8136372285208348,0.129468956990262,0.6822172999123783,medium,0.3249934615384615,0.2879679230769231,0.1591236886070617,0.1721142162172948
swebench-multilingual,swebench-multilingual/swebench-multilingual-fluent__fluentd-4311,swebench-multilingual-fluent__fluentd-4311,0.8159321862029225,0.8139950537286489,0.3517034292659489,0.5696864895942673,easy,0.8301281923076923,0.6845237857142857,0.432070720399232,0.1695700591912384
featurebench-modal,featurebench-modal/featurebench-modal-mlflow__mlflow.93dab383.test_validation.2e1c5076.lv1,featurebench-modal-mlflow__mlflow.93dab383.test_validation.2e1c5076.lv1,0.8156426533920028,0.8122452879473119,0.2708437302209205,0.47884561266430414,hard,0.2198718076923076,0.22866668,0.333450663537108,0.4533382496596796
simpleqa,simpleqa/simpleqa-2404,simpleqa-2404,0.8151556837771452,0.8128586742751419,0.27433227599540755,0.6081437145946418,easy,0.8384615384615385,0.79,0.3374907406137241,0.5069079336310488
featurebench-modal,featurebench-modal/featurebench-modal-pydata__xarray.97f3a746.test_treenode.aa8ba777.lv1,featurebench-modal-pydata__xarray.97f3a746.test_treenode.aa8ba777.lv1,0.8148975684535098,0.8114879110634464,0.2701115559488695,0.4738888557327575,hard,0.1743589615384615,0.1743589615384615,0.3328596178283064,0.6189469798801333
aime,aime/aime_i-5,aime_i-5,0.8148684464898354,0.8065043633111965,0.1788307113686943,0.5594436275742415,easy,0.9192307692307692,0.8833333333333333,0.2217355782608345,0.2729296522690522
featurebench-modal,featurebench-modal/featurebench-modal-huggingface__transformers.e2e8dbed.test_feature_extraction_auto.13dd67ea.lv1,featurebench-modal-huggingface__transformers.e2e8dbed.test_feature_extraction_auto.13dd67ea.lv1,0.8141191525907743,0.8106966657175293,0.2331313368110575,0.48187922091286667,hard,0.1403846153846153,0.1403846153846153,0.2875691324136855,0.3018522574351656
crustbench,crustbench/crustbench-inversion-list,crustbench-inversion-list,0.813793686618475,0.8086709030261356,0.3171388528110875,0.5662585846309982,medium,0.6692307692307692,0.6521739130434784,0.3921729490010324,0.690156311830147
labbench,labbench/labbench-figqa-0043,labbench-figqa-0043,0.813432644027158,0.8105959648934258,0.32710358202067097,0.5668772775474527,hard,0.2923076923076922,0.3846153846153846,0.4035346784185847,0.3943885018621252
swebench-multilingual,swebench-multilingual/swebench-multilingual-prometheus__prometheus-13845,swebench-multilingual-prometheus__prometheus-13845,0.8130633085210288,0.8110991410491523,0.29541502483342674,0.5544437858644241,easy,0.8846153846153846,0.7857142857142857,0.3642156795423418,0.3089440318956234
crustbench,crustbench/crustbench-mvptree,crustbench-mvptree,0.8127565556067788,0.8076083066665237,0.27493530521590653,0.566982041086583,medium,0.6532051153846155,0.6446969545454545,0.3404314974801669,0.7067165647169052
labbench,labbench/labbench-figqa-0154,labbench-figqa-0154,0.8126703706236258,0.8098233260604082,0.2771205482374658,0.5527491203472567,medium,0.323076923076923,0.33,0.3421987726453735,0.4438568815687048
simpleqa,simpleqa/simpleqa-2827,simpleqa-2827,0.8126420261017089,0.8103170643857435,0.2961816947583355,0.6013345871819583,easy,0.7615384615384616,0.72,0.3655133376499413,0.7165546544765062
aider-polyglot,aider-polyglot/polyglot_go_tree-building,polyglot_go_tree-building,0.8125766980306415,0.8095588881361939,0.3505077939156126,0.48406269999398777,medium,0.6153846153846154,0.6153846153846154,0.4329614547529319,0.6374329500121096
featurebench-modal,featurebench-modal/featurebench-modal-astropy__astropy.b0db0daa.test_converter.2ef0539f.lv1,featurebench-modal-astropy__astropy.b0db0daa.test_converter.2ef0539f.lv1,0.8125494461334171,0.8091011264340496,0.2348680697768973,0.4711149170830643,hard,0.1788461538461538,0.1788461538461538,0.2902827126344899,0.4759817968092615
labbench,labbench/labbench-figqa-0058,labbench-figqa-0058,0.8124845453274514,0.8096349754104879,0.27061190818099734,0.5545670758259034,medium,0.4230769230769231,0.4461538461538462,0.3342393997292374,0.4078183938587037
featurebench-modal,featurebench-modal/featurebench-modal-huggingface__transformers.e2e8dbed.test_serve.4e7860c7.lv1,featurebench-modal-huggingface__transformers.e2e8dbed.test_serve.4e7860c7.lv1,0.8120488992674,0.8085923527923521,0.22484463625442014,0.46920599832834925,hard,0.1307692307692307,0.1307692307692307,0.2780692093833846,0.4747326059020352
crustbench,crustbench/crustbench-ljmm,crustbench-ljmm,0.8120364401079209,0.8068705296087808,0.27153197468462437,0.5638480796650174,easy,0.7096153846153845,0.6931818181818182,0.3365248385218374,0.6392090913830689
swebenchpro,swebenchpro/swebenchpro-instance_qutebrowser__qutebrowser-6b320dc18662580e1313d2548fdd6231d2a97e6d-v363c8a7e5ccdf6968fc7ab84a2053ac78036691d,swebenchpro-instance_qutebrowser__qutebrowser-6b320dc18662580e1313d2548fdd6231d2a97e6d-v363c8a7e5ccdf6968fc7ab84a2053ac78036691d,0.8115556104783066,0.6539448290372384,0.24080802442187849,0.4119192731194844,medium,0.6076923076923078,0.5800000000000001,0.3682390527904394,0.6699047392228669
labbench,labbench/labbench-figqa-0177,labbench-figqa-0177,0.8113365937198738,0.8084714363142108,0.314167794615509,0.5637780354453558,medium,0.4384615384615384,0.4769230769230769,0.3885947981635412,0.2680318534920366
seal0,seal0/seal0-38,seal0-38,0.8111897943926016,0.8023129884868866,0.2736093040634796,0.3742714139159991,medium,0.5717948846153846,0.5717948846153846,0.3410256445922558,0.5324465335306462
featurebench-modal,featurebench-modal/featurebench-modal-huggingface__transformers.e2e8dbed.test_processing_wav2vec2.4f660c78.lv1,featurebench-modal-huggingface__transformers.e2e8dbed.test_processing_wav2vec2.4f660c78.lv1,0.8110284024859336,0.8075550997019323,0.31174555667222004,0.4671374087106485,hard,0.2634615384615384,0.2739999999999999,0.3860362677262332,0.6063509435552279
swebench-multilingual,swebench-multilingual/swebench-multilingual-astral-sh__ruff-15543,swebench-multilingual-astral-sh__ruff-15543,0.8104562488842104,0.8084675975712929,0.3892915594232725,0.5728312020507514,medium,0.6794872692307691,0.5476190714285715,0.4815178253188356,0.3854768690285157
crustbench,crustbench/crustbench-lib2bit,crustbench-lib2bit,0.8099812194763094,0.8047649923208293,0.3057441146228032,0.5650807367737027,medium,0.5493589615384615,0.5583333181818181,0.3799172647173432,0.7188581316444542
swebench-multilingual,swebench-multilingual/swebench-multilingual-gohugoio__hugo-12343,swebench-multilingual-gohugoio__hugo-12343,0.8097976174877549,0.8078027933692726,0.36723204237676205,0.5669845260439721,easy,0.7692307692307693,0.6,0.4546060565661952,0.324782847002895
gpqa-diamond,gpqa-diamond/gpqa-diamond-149,gpqa-diamond-149,0.8094087409932417,0.8048337753335372,0.24851810053345444,0.3732982762313253,easy,0.8384615384615385,0.7789473684210527,0.3087818977657395,0.6546894790442691
swebench-verified,swebench-verified/swebench-verified-sympy__sympy-18698,swebench-verified-sympy__sympy-18698,0.8092350941848988,0.7500524278504047,0.25224520747815377,0.5824558122080783,medium,0.5461538461538461,0.53,0.3363034344160048,0.590298998998617
simpleqa,simpleqa/simpleqa-3432,simpleqa-3432,0.8090052878884638,0.806640040828406,0.21584216439677376,0.5971920138550595,easy,0.7846153846153847,0.78,0.267581763205193,0.5157482198855079
livecodebench,livecodebench/livecodebench-3675,livecodebench-3675,0.8089672635656633,0.7992330674467847,0.22863951080169514,0.43592756062330323,easy,0.8166666923076923,0.7796296666666667,0.2860736374836226,0.4540800174123431
labbench,labbench/labbench-figqa-0041,labbench-figqa-0041,0.8088969216030809,0.805998711929553,0.31271560152806055,0.5458388017904447,hard,0.2923076923076922,0.3846153846153846,0.387985237320569,0.3645570425378311
simpleqa,simpleqa/simpleqa-751,simpleqa-751,0.8085994002966256,0.8062296685059575,0.2131559027066994,0.603148687403611,easy,0.8538461538461539,0.8099999999999999,0.2643860813280457,0.5475202948042721
simpleqa,simpleqa/simpleqa-4003,simpleqa-4003,0.8083947852722883,0.8060227935199245,0.1926040333527991,0.5962076161395452,easy,0.8999999999999999,0.8699999999999999,0.2389560629069704,0.5811960452094552
simpleqa,simpleqa/simpleqa-884,simpleqa-884,0.8080290890169174,0.8056530596209294,0.2384515302466039,0.6015448888917502,easy,0.8615384615384616,0.82,0.2959729717389748,0.5987726142512603
lawbench,lawbench/lawbench-2-9-9-one-shot,lawbench-2-9-9-one-shot,0.8079412447185742,0.8055444973391126,0.2832543907194466,0.6785211942171941,easy,0.7273217307692307,0.6379764615384615,0.3516309671968426,0.1336718966850342
featurebench-modal,featurebench-modal/featurebench-modal-astropy__astropy.b0db0daa.test_tree.261bac3c.lv1,featurebench-modal-astropy__astropy.b0db0daa.test_tree.261bac3c.lv1,0.8078616128587707,0.8043364500526098,0.19605357741983875,0.4747255568389705,hard,0.1173076923076923,0.1173076923076923,0.2437457327801262,0.3438939312682966
gaia,gaia/gaia-3627a8be-a77f-41bb-b807-7e1bd4c0ebdf,gaia-3627a8be-a77f-41bb-b807-7e1bd4c0ebdf,0.8077389167432059,0.80352522591765,0.3177736555325064,0.43617683155103,medium,0.5307692307692308,0.54,0.3954743986657038,0.5131238851621487
omnimath,omnimath/omnimath_2343,omnimath_2343,0.8071836502631095,0.7744514514871265,0.26481605765279437,0.47479214585413565,easy,0.7000000000000001,0.7000000000000001,0.3419401657060441,0.3826164561808928
swebench-multilingual,swebench-multilingual/swebench-multilingual-apache__lucene-13170,swebench-multilingual-apache__lucene-13170,0.8064054273329601,0.8043788917804581,0.32440203840898424,0.5638510757709324,easy,0.8487179615384617,0.7377778,0.4032950661981374,0.0961963575841186
aime,aime/aime_ii-11,aime_ii-11,0.805696856246575,0.796965781011793,0.21897567349523847,0.5481943858268268,easy,0.8794871923076923,0.8350877368421052,0.2747617008314165,0.3085259970062463
swebench-multilingual,swebench-multilingual/swebench-multilingual-astral-sh__ruff-15330,swebench-multilingual-astral-sh__ruff-15330,0.8055629807247284,0.8035285906364315,0.3936470081593924,0.5651047937487921,easy,0.7692307692307693,0.6,0.4898979485566356,0.3633061716212631
swebench-multilingual,swebench-multilingual/swebench-multilingual-axios__axios-5085,swebench-multilingual-axios__axios-5085,0.8055629807247284,0.8035285906364315,0.3936470081593924,0.5651047937487921,easy,0.7692307692307693,0.6,0.4898979485566356,0.3633061716212631
swebench-multilingual,swebench-multilingual/swebench-multilingual-phpoffice__phpspreadsheet-3940,swebench-multilingual-phpoffice__phpspreadsheet-3940,0.8053559315899125,0.8033196123595706,0.3268364610793286,0.5529391568058466,easy,0.8717948846153847,0.7619047857142858,0.4068573156322177,0.3473778006651145
replicationbench,replicationbench/replicationbench-galaxy_manifold__svd_analysis,replicationbench-galaxy_manifold__svd_analysis,0.805246921063986,0.798315577680814,0.16315463909794664,0.5358916369488105,frontier,0.0487179615384615,0.0745098235294117,0.2043736132168773,0.5301533135092239
replicationbench,replicationbench/replicationbench-astm3__photometry_classification_accuracy_no_clip,replicationbench-astm3__photometry_classification_accuracy_no_clip,0.8052040506596168,0.7982713549751603,0.3610512365417177,0.535820323620158,hard,0.2538461538461538,0.388235294117647,0.4522913596880255,0.5505708251213718
simpleqa,simpleqa/simpleqa-4280,simpleqa-4280,0.8050352206841386,0.8026262060529339,0.26020443439759355,0.5948614547311991,easy,0.7461538461538461,0.7300000000000001,0.3241913015489465,0.479229683925324
aider-polyglot,aider-polyglot/polyglot_javascript_forth,polyglot_javascript_forth,0.8048350317323968,0.8017063140724011,0.2333895287925618,0.48293598300112756,easy,0.8576923076923078,0.8576923076923078,0.2911159918487117,0.6491557615093314
featurebench-modal,featurebench-modal/featurebench-modal-astropy__astropy.b0db0daa.test_table.48eef659.lv1,featurebench-modal-astropy__astropy.b0db0daa.test_table.48eef659.lv1,0.8047916757873641,0.8012164381178997,0.23040511598514773,0.4675800543410051,hard,0.1403846153846153,0.1403846153846153,0.2875691324136855,0.4084483402856709
usaco,usaco/usaco-345,usaco-345,0.8046616149112611,0.7996028222229694,0.28710047222451074,0.6248848614554451,medium,0.4403846153846154,0.4552631578947367,0.3590538505433798,0.5255114011498235
arc-agi-2,arc-agi-2/arc-agi-2-e3721c99_0,arc-agi-2-e3721c99_0,0.8045947839024041,0.8002258362440525,0.20928621313188914,0.697938770905549,hard,0.1076923076923076,0.14,0.2615339366124404,0.552646920134294
usaco,usaco/usaco-206,usaco-206,0.8042513643831812,0.7991831445448411,0.3399718955284467,0.6223417199340864,medium,0.6480769230769231,0.6027777777777777,0.4253992315141618,0.209816778609278
crustbench,crustbench/crustbench-aes128-simd,crustbench-aes128-simd,0.8035528337176621,0.7981800819664866,0.2970431223308811,0.5620712546363317,easy,0.7615384615384616,0.752,0.3721505071876163,0.6991549117507089
replicationbench,replicationbench/replicationbench-galaxy_manifold__morphological_classification,replicationbench-galaxy_manifold__morphological_classification,0.8033275080528238,0.7963356932100739,0.11626195371048134,0.5339946278427854,frontier,0.0346153846153846,0.0529411764705882,0.1459961605410689,0.5293086745130591
replicationbench,replicationbench/replicationbench-eht_resolve__eht_ring_orientation_angle,replicationbench-eht_resolve__eht_ring_orientation_angle,0.8033275080528238,0.7963356932100739,0.11626195371048134,0.5339946278427854,frontier,0.0346153846153846,0.0529411764705882,0.1459961605410689,0.5293086745130591
featurebench-modal,featurebench-modal/featurebench-modal-lightning-ai__pytorch-lightning.126fa6f1.test_data.c8b292af.lv1,featurebench-modal-lightning-ai__pytorch-lightning.126fa6f1.test_data.c8b292af.lv1,0.8032456417907492,0.7996452603916645,0.31539475768675607,0.4622483468808858,hard,0.2326923076923077,0.2326923076923077,0.3944183418685886,0.6252893908148313
mmau,mmau/mmau-004fd9c5-1f2b-4c16-939b-4c75e39c84ba,mmau-004fd9c5-1f2b-4c16-939b-4c75e39c84ba,0.8031960072560117,0.7958329020123679,0.18561853471877002,0.4321098557444534,easy,0.8538461538461538,0.8400000000000002,0.233238075793812,0.5492289734402914
arc-agi-2,arc-agi-2/arc-agi-2-a25697e4_0,arc-agi-2-a25697e4_0,0.8031781284131555,0.7987810773587922,0.07619885830426132,0.6983840823441259,frontier,0.023076923076923,0.03,0.0953939201416945,0.5101792484973748
arc-agi-2,arc-agi-2/arc-agi-2-a47bf94d_0,arc-agi-2-a47bf94d_0,0.8031781284131555,0.7987810773587922,0.15239771660852272,0.6983840823441259,frontier,0.0461538461538461,0.06,0.1907878402833891,0.5101792484973748
featurebench-modal,featurebench-modal/featurebench-modal-huggingface__accelerate.a73fd3a1.test_big_modeling.a10a845e.lv1,featurebench-modal-huggingface__accelerate.a73fd3a1.test_big_modeling.a10a845e.lv1,0.8029893602166548,0.7993848156162308,0.28714206001501125,0.4674626331052257,hard,0.2173076923076923,0.2173076923076923,0.3592037957259156,0.6463339823673933
simpleqa,simpleqa/simpleqa-3057,simpleqa-3057,0.8028491774040906,0.8004161566236793,0.3333759716535791,0.5922751423152841,easy,0.7346153846153847,0.655,0.4165033013074446,0.502318854401781
spider2,spider2/spider2-quickbooks003,spider2-quickbooks003,0.8027910393726302,-0.829053356443495,0.3663248151870462,0.6203804099852017,medium,0.3743588076923076,0.4044444,0.4418591545886992,-0.4184111117105545
featurebench-modal,featurebench-modal/featurebench-modal-lightning-ai__pytorch-lightning.126fa6f1.test_connector.825ef3b1.lv1,featurebench-modal-lightning-ai__pytorch-lightning.126fa6f1.test_connector.825ef3b1.lv1,0.802243654353194,0.7986270037984625,0.25578016935355274,0.4619679414430082,hard,0.175,0.182,0.3202748819373758,0.5449333607975008
medagentbench,medagentbench/medagentbench-task2_12,medagentbench-task2_12,0.801818864888977,0.7945326756352689,0.2701411097159914,0.5607854249178728,easy,0.8307692307692308,0.78,0.34,0.4581197348961303
medagentbench,medagentbench/medagentbench-task1_8,medagentbench-task1_8,0.8017096898259196,0.7944199529320416,0.2677560602482038,0.560918676827912,easy,0.7076923076923076,0.6799999999999999,0.3370459909270543,0.5021526959767415
featurebench-modal,featurebench-modal/featurebench-modal-astropy__astropy.b0db0daa.test_realizations.5b9cf523.lv1,featurebench-modal-astropy__astropy.b0db0daa.test_realizations.5b9cf523.lv1,0.8014131274408426,0.7977830075363932,0.2258347928582272,0.469249444511742,hard,0.1576923076923077,0.1576923076923077,0.2830779682254953,0.3243055338254749
lawbench,lawbench/lawbench-2-6-16-zero-shot,lawbench-2-6-16-zero-shot,0.8012818301993299,0.7988112833875766,0.27913437267779506,0.6501245719489159,medium,0.4175019615384615,0.3971907999999999,0.3494371930927788,0.4145789009284419
crustbench,crustbench/crustbench-simplexml,crustbench-simplexml,0.8009909000353553,0.7955561298809158,0.24685453147646585,0.5576389648438885,easy,0.8384615384615384,0.8090909090909091,0.3102917848341093,0.5972277444500406
medagentbench,medagentbench/medagentbench-task4_19,medagentbench-task4_19,0.8009185907620144,0.793603162372838,0.17674381622754773,0.5677823075276314,easy,0.9076923076923078,0.8800000000000001,0.2227105745132008,0.5445329116839119
aime,aime/aime_78,aime_78,0.8006878610653404,0.7917582298263114,0.2412631725357957,0.5446809040024281,easy,0.9051281923076924,0.8701754210526316,0.3047182377740763,0.2500648061786025
swtbench,swtbench/swtbench-pytest-dev__pytest-6197,swtbench-pytest-dev__pytest-6197,0.8002772520356374,0.7801015115469638,0.18155874609581313,0.5069702670049341,medium,0.4769230769230769,0.4499999999999999,0.2327373340628156,0.4936175241394806
medagentbench,medagentbench/medagentbench-task6_14,medagentbench-task6_14,0.8001237176648635,0.7927825021963073,0.19158454842198638,0.5642152265143,easy,0.8769230769230769,0.8400000000000001,0.2416609194718914,0.4325582044077705
aime,aime/aime_i-8,aime_i-8,0.7999178323387354,0.7909577945834089,0.13675168713644156,0.5456789822439646,easy,0.8974359230769231,0.8596491578947368,0.1728937853232328,0.4236069093991578
crustbench,crustbench/crustbench-morton,crustbench-morton,0.7995407722136094,0.7940709892991711,0.2870334967924346,0.5577560960913757,medium,0.6230769615384614,0.6212121363636364,0.3614708264884023,0.7286673831020993
medagentbench,medagentbench/medagentbench-task1_27,medagentbench-task1_27,0.7992878139308639,0.7919195094493579,0.2583163266328879,0.5766194901741568,medium,0.6307692307692309,0.64,0.3261901286060018,0.569883151476191
swebench-multilingual,swebench-multilingual/swebench-multilingual-php-cs-fixer__php-cs-fixer-8075,swebench-multilingual-php-cs-fixer__php-cs-fixer-8075,0.7992856640737352,0.7971930101386223,0.3780175229134507,0.5574221775136525,easy,0.7948718076923077,0.5897436153846154,0.474185696695607,0.2595310695988135
aider-polyglot,aider-polyglot/polyglot_rust_two-bucket,polyglot_rust_two-bucket,0.7990141257185286,0.79580273353961,0.21969491541672279,0.4791717199503616,easy,0.8615384615384616,0.8615384615384616,0.2760670529988671,0.7049382751486598
medagentbench,medagentbench/medagentbench-task2_22,medagentbench-task2_22,0.7987106658454003,0.791323675259945,0.2264624024519383,0.574961425788727,easy,0.8538461538461539,0.8100000000000002,0.2861817604250837,0.542223324572524
kumo,kumo/kumo-virusclassificationenv-t4-a6-v1-s0,kumo-virusclassificationenv-t4-a6-v1-s0,0.7985497358107401,0.7938572903070568,0.1837139641753994,0.46020131076165,easy,0.9487179615384616,0.9298245789473684,0.2314193828267805,0.5464267566082605
simpleqa,simpleqa/simpleqa-3787,simpleqa-3787,0.7984127747614661,0.7959312398124646,0.2955681844523311,0.5884669352091498,easy,0.7538461538461539,0.7100000000000001,0.3713488925525428,0.4622478649694194
labbench,labbench/labbench-figqa-0148,labbench-figqa-0148,0.7983794912750817,0.7953399588565903,0.29670721619093793,0.5482891455783155,hard,0.2538461538461539,0.3076923076923077,0.3730570970148351,0.3735618504132355
aider-polyglot,aider-polyglot/polyglot_python_variable-length-quantity,polyglot_python_variable-length-quantity,0.7980198888724256,0.7947944369796964,0.2799027114397016,0.4763900021882642,easy,0.7538461538461539,0.7538461538461539,0.3521699428387568,0.5576800564769671
omnimath,omnimath/omnimath_1913,omnimath_1913,0.7979699633999756,0.763893778039595,0.0748459989553551,0.46873843348300576,saturated,0.9615384615384616,0.96,0.0979795897113271,0.2941921061509438
aider-polyglot,aider-polyglot/polyglot_javascript_parallel-letter-frequency,polyglot_javascript_parallel-letter-frequency,0.7977287369993116,0.794499171260766,0.22999588066173324,0.478097800287913,easy,0.7346153846153847,0.7346153846153847,0.2894853625797494,0.7268022982443704
mmau,mmau/mmau-9b66a67f-d2a8-42df-a629-2d0035682fc7,mmau-9b66a67f-d2a8-42df-a629-2d0035682fc7,0.7977274222171276,0.7901839602012678,0.08731837108834138,0.4436942596763073,saturated,0.9717948846153844,0.96333335,0.1105038516171608,0.4307474217957151
aider-polyglot,aider-polyglot/polyglot_javascript_say,polyglot_javascript_say,0.7975535064965342,0.7943214655705626,0.256048909826185,0.478121561789771,easy,0.8557692307692307,0.8557692307692307,0.3223492262572365,0.6137290574541147
aime,aime/aime_ii-5,aime_ii-5,0.7974173659033641,0.7883588065165162,0.19461739844635034,0.5423868659982725,easy,0.8615384615384616,0.8105263157894737,0.2468639873591278,0.5377748822141991
gpqa-diamond,gpqa-diamond/gpqa-diamond-27,gpqa-diamond-27,0.796793547297646,0.7919509934571657,0.27192880269448405,0.36396132877244186,medium,0.6538461538461539,0.6100000000000001,0.3433656942677879,0.6503464783591806
ineqmath,ineqmath/ineqmath-24,ineqmath-24,0.7967050383902632,0.7733673167139075,0.20675827321770396,0.6202381403313969,easy,0.8807692307692307,0.845,0.267348087705897,0.1520605374180225
labbench,labbench/labbench-figqa-0142,labbench-figqa-0142,0.7962242868307604,0.7931560284932553,0.308699026453181,0.5394834085182165,hard,0.1538461538461538,0.3076923076923077,0.3892034043284159,0.3276830349220794
arc-agi-2,arc-agi-2/arc-agi-2-5545f144_0,arc-agi-2-5545f144_0,0.7962048873652356,0.791670248586136,0.09500042983033631,0.6940341284210481,frontier,0.0307692307692307,0.04,0.12,0.5059798526266666
arc-agi-2,arc-agi-2/arc-agi-2-7b80bb43_0,arc-agi-2-7b80bb43_0,0.7962048873652356,0.7916702485861359,0.04750021491516815,0.6940341284210481,frontier,0.0153846153846153,0.02,0.06,0.5059798526266666
simpleqa,simpleqa/simpleqa-1498,simpleqa-1498,0.7961475914754871,0.7936413912847068,0.24319637987123602,0.5996943237662086,easy,0.8384615384615386,0.79,0.3064310689208913,0.6305276829403642
arc-agi-2,arc-agi-2/arc-agi-2-cbebaa4b_1,arc-agi-2-cbebaa4b_1,0.7957005962348502,0.7911560554794236,0.2150722485924163,0.6918849713410204,hard,0.0692307692307692,0.09,0.2718455443813637,0.5293086745130589
medagentbench,medagentbench/medagentbench-task5_15,medagentbench-task5_15,0.7956912304312893,0.7882067130868928,0.20234050831800968,0.5637673027285592,easy,0.9153846153846152,0.89,0.2567099530598687,0.3987079458425362
arc-agi-2,arc-agi-2/arc-agi-2-16b78196_0,arc-agi-2-16b78196_0,0.7955959646668613,0.7910493702375118,0.10983850369635824,0.6931041840575237,frontier,0.0307692307692307,0.0421052631578947,0.1388516416660307,0.4734797307808154
aider-polyglot,aider-polyglot/polyglot_javascript_queen-attack,polyglot_javascript_queen-attack,0.7953392930945422,0.7920760236751064,0.30513166656715807,0.4752829396674851,medium,0.6923076923076923,0.6923076923076923,0.3852302777091974,0.6371917722409669
aime,aime/aime_68,aime_68,0.7946428155554104,0.7854753209742795,0.12189110842487942,0.5404407007763666,easy,0.9487179615384616,0.9298245789473684,0.1551813343717654,0.2311434841574294
featurebench-modal,featurebench-modal/featurebench-modal-pandas-dev__pandas.82fa2715.test_concat.ebe5de39.lv1,featurebench-modal-pandas-dev__pandas.82fa2715.test_concat.ebe5de39.lv1,0.7941798742098277,0.7904330528254391,0.3440679163337602,0.45589724077687466,medium,0.3378204999999999,0.3378204999999999,0.4352903956936944,0.537408199017903
simpleqa,simpleqa/simpleqa-2672,simpleqa-2672,0.7939146398224883,0.7913841952279096,0.2445620456971977,0.5862129178426733,easy,0.7615384615384616,0.7500000000000001,0.3090307428072488,0.6030092520556961
aider-polyglot,aider-polyglot/polyglot_rust_bowling,polyglot_rust_bowling,0.7935688957953668,0.790280721287588,0.26414295390075215,0.47574680888626764,easy,0.8461538461538461,0.8461538461538461,0.3342393997292374,0.680866400128287
mmau,mmau/mmau-faa5e92a-8de6-49e1-b72e-bd4defebd794,mmau-faa5e92a-8de6-49e1-b72e-bd4defebd794,0.7933121599230861,0.7856240304262676,0.16554125528983596,0.4367581824308217,easy,0.8923076923076925,0.8600000000000001,0.2107130750570547,0.5270189997187731
crustbench,crustbench/crustbench-cset,crustbench-cset,0.7932111709704611,0.7875893360313287,0.3122275329765073,0.5539613630754799,medium,0.6717948846153845,0.6550724782608696,0.3964344344094668,0.6756842039423093
aider-polyglot,aider-polyglot/polyglot_rust_grep,polyglot_rust_grep,0.7932041424407644,0.789910843822908,0.23666144609979006,0.47813495485292645,easy,0.8846153846153846,0.8846153846153846,0.2996052629869299,0.6809244017737279
featurebench-modal,featurebench-modal/featurebench-modal-linkedin__liger-kernel.c856fbab.test_fused_add_rms_norm.fecadbdf.lv1,featurebench-modal-linkedin__liger-kernel.c856fbab.test_fused_add_rms_norm.fecadbdf.lv1,0.7928876978116391,0.7891201429071003,0.20416110481112487,0.4616411026159587,hard,0.1365384615384615,0.142,0.2587199257884865,0.523076928226253
aider-polyglot,aider-polyglot/polyglot_javascript_alphametics,polyglot_javascript_alphametics,0.7925109412090503,0.7892079110463828,0.3246759162571279,0.4738014953105142,medium,0.5192307692307693,0.5192307692307693,0.4113946549606321,0.6932784346417272
aider-polyglot,aider-polyglot/polyglot_python_bottle-song,polyglot_python_bottle-song,0.7924002632852992,0.7890956801711374,0.32075880612970564,0.4737576744528096,medium,0.5487179615384614,0.5487179615384614,0.4064891168332593,0.6954874905014554
swebench-multilingual,swebench-multilingual/swebench-multilingual-tokio-rs__axum-1119,swebench-multilingual-tokio-rs__axum-1119,0.7922698758818629,0.7901126517749371,0.35291264121539495,0.5570632237895089,easy,0.7948717692307692,0.6444443999999999,0.4466611696732099,0.2414288126444795
gaia,gaia/gaia-b816bfce-3d80-4913-a07d-69b752ce6377,gaia-b816bfce-3d80-4913-a07d-69b752ce6377,0.79223918756628,0.7877261142485232,0.3016268505998915,0.42748623527491875,medium,0.6000000000000001,0.5774999999999999,0.382908278834501,0.5308483825359431
replicationbench,replicationbench/replicationbench-gw_nsbh__default_mtov,replicationbench-gw_nsbh__default_mtov,0.792170192004304,0.7848298756719518,0.16256889280605488,0.5260656322344215,hard,0.0615384615384615,0.0941176470588235,0.2071390219018707,0.5785156394602029
aider-polyglot,aider-polyglot/polyglot_go_scale-generator,polyglot_go_scale-generator,0.7921620265144989,0.7888541013903881,0.2981759154281774,0.47613972675474475,medium,0.6173076923076923,0.6173076923076923,0.3779861382512051,0.6784419946585258
swebench-multilingual,swebench-multilingual/swebench-multilingual-rubocop__rubocop-13479,swebench-multilingual-rubocop__rubocop-13479,0.7919836812244878,0.7898238353861075,0.35862946185133165,0.5499277039619598,easy,0.7756410384615384,0.6111111333333333,0.4540625969790019,0.3521286715945111
labbench,labbench/labbench-figqa-0173,labbench-figqa-0173,0.7919441631570775,0.7888190921445146,0.2697289310799867,0.5613459901425802,medium,0.4000000000000001,0.4,0.3419401657060442,0.3796655550608083
aider-polyglot,aider-polyglot/polyglot_go_say,polyglot_go_say,0.7918198007362153,0.788507076635009,0.20140203373894783,0.4734362072597149,easy,0.875,0.875,0.255421973634581,0.5510479037013338
seal0,seal0/seal0-65,seal0-65,0.7914838963246577,0.7817947736422547,0.29088495543828335,0.3634602284234469,medium,0.6320512692307693,0.6320512692307693,0.372073292435939,0.6377576448110449
simpleqa,simpleqa/simpleqa-2893,simpleqa-2893,0.791442129410193,0.7888849203174807,0.2611673795834258,0.5882384552777563,easy,0.7384615384615384,0.72,0.3310589071449369,0.5507012859038162
medagentbench,medagentbench/medagentbench-task5_12,medagentbench-task5_12,0.7914201406237089,0.7837983345753856,0.22499244861312884,0.5639592479710119,easy,0.8769230769230768,0.8400000000000001,0.2870540018881465,0.3223780643134509
replicationbench,replicationbench/replicationbench-ver_waves__sun_height_corrected,replicationbench-ver_waves__sun_height_corrected,0.7910860161972013,0.7837121092222424,0.2713292269365391,0.5272726627297997,medium,0.3923076923076923,0.388235294117647,0.3462103286955803,0.6912078121485284
replicationbench,replicationbench/replicationbench-astm3__spectra_classification_accuracy_limited_data_10_percent,replicationbench-astm3__spectra_classification_accuracy_limited_data_10_percent,0.7909962130474357,0.7836195259072505,0.13639058836606385,0.5244012279311475,hard,0.0653846153846153,0.0999999999999999,0.1740520544178057,0.5567309403363286
aider-polyglot,aider-polyglot/polyglot_rust_book-store,polyglot_rust_book-store,0.7909404142493057,0.7876153683940191,0.21986885609146717,0.47143254861271,easy,0.8230769230769232,0.8230769230769232,0.2791576509480624,0.7272500532402797
usaco,usaco/usaco-128,usaco-128,0.7906761568798301,0.7852988101037893,0.30953999785547176,0.6119341384860478,easy,0.8057692307692308,0.7474999999999999,0.3941684284668167,0.4788428038687958
bigcodebench,bigcodebench/bigcodebench_1020,bigcodebench_1020,0.7906495297099941,0.760708886035734,0.1670215411780493,0.21776533360607325,easy,0.9064102692307692,0.9064102692307692,0.2195603919502572,0.6731800974408494
aider-polyglot,aider-polyglot/polyglot_go_variable-length-quantity,polyglot_go_variable-length-quantity,0.7896593065266831,0.7863163351923976,0.24436965982386408,0.47211445130876734,easy,0.726923076923077,0.726923076923077,0.310777798815627,0.6910229252512232
swebench-multilingual,swebench-multilingual/swebench-multilingual-phpoffice__phpspreadsheet-3570,swebench-multilingual-phpoffice__phpspreadsheet-3570,0.789534722216311,0.78735248164547,0.28014084032466596,0.5394341792346491,easy,0.8942307692307693,0.8035714285714286,0.3558010508066298,0.2436500370315084
algotune,algotune/algotune-ode-stiff-vanderpol,algotune-ode-stiff-vanderpol,0.7895178343830396,0.7823467845786994,0.2341548457593028,0.3473727145588852,medium,0.6302268320523262,0.6100147773577546,0.2992980227884457,0.5618638318391785
livecodebench,livecodebench/livecodebench-abc348_d,livecodebench-abc348_d,0.7893127638303377,0.7787025794933191,0.2031800202330486,0.43874824646421107,easy,0.8878205,0.85416665,0.2609212112347854,0.668972183421806
simpleqa,simpleqa/simpleqa-3267,simpleqa-3267,0.7892183277937497,0.7866371190742917,0.29809291611903493,0.5873619622517949,medium,0.6384615384615385,0.6199999999999999,0.3789459064299283,0.5923063172399994
simpleqa,simpleqa/simpleqa-350,simpleqa-350,0.7889516330340766,0.7863675507213027,0.2014083649421711,0.5819635127900659,easy,0.9076923076923078,0.8800000000000001,0.2561249694973139,0.373984448338171
gpqa-diamond,gpqa-diamond/gpqa-diamond-37,gpqa-diamond-37,0.7887789951568476,0.7837687024905433,0.09031533552822506,0.3781286982313339,saturated,0.9589743846153846,0.940740777777778,0.1152321281026334,0.490396045247814
gaia,gaia/gaia-a0c07678-e491-4bbc-8f0b-07405144218f,gaia-a0c07678-e491-4bbc-8f0b-07405144218f,0.7883446401963903,0.7837572843810156,0.2878374636416159,0.42982879168051374,hard,0.2346153846153846,0.275,0.3672533185690771,0.6716116124422632
gaia,gaia/gaia-114d5fd0-e2ae-4b6d-a65a-870da2d19c08,gaia-114d5fd0-e2ae-4b6d-a65a-870da2d19c08,0.7882710735854702,0.7836823182396023,0.28833625769751825,0.42943386914043125,medium,0.4211538461538461,0.4274999999999999,0.3679249244071404,0.4433982851528533
swebench-multilingual,swebench-multilingual/swebench-multilingual-redis__redis-10068,swebench-multilingual-redis__redis-10068,0.7879265945814236,0.7857296866593259,0.3785380900522885,0.5488999019565094,easy,0.7435897307692307,0.5555555333333333,0.4817663077765494,0.4295466533538979
aider-polyglot,aider-polyglot/polyglot_javascript_simple-linked-list,polyglot_javascript_simple-linked-list,0.7878461773787293,0.7844778872989164,0.21832686427987905,0.4743153311545275,easy,0.8846153846153846,0.8846153846153846,0.2783085002327007,0.6756228910042681
aider-polyglot,aider-polyglot/polyglot_python_bowling,polyglot_python_bowling,0.7878301671428544,0.78446165375977,0.3391648413620858,0.4758358519574087,medium,0.6205128076923077,0.6205128076923077,0.4323536271486766,0.6953696773255003
reasoning-gym,reasoning-gym/reasoning-gym-algorithmic-game-of-life-easy00cea0a5-seed45-1,reasoning-gym-algorithmic-game-of-life-easy00cea0a5-seed45-1,0.7877000484639357,0.7809035598440998,0.2641352008294267,0.36870347790506647,easy,0.7472307692307693,0.7121999999999999,0.3382430487090607,0.3877350811270194
labbench,labbench/labbench-figqa-0010,labbench-figqa-0010,0.7871915066833866,0.7840037177808363,0.31452793370120896,0.5406119424097668,hard,0.2769230769230769,0.3538461538461538,0.4011816864740091,0.3860464786821902
gaia,gaia/gaia-dc22a632-937f-4e6a-b72f-ba0ff3f5ff97,gaia-dc22a632-937f-4e6a-b72f-ba0ff3f5ff97,0.7870767587822574,0.7824653016796119,0.3059316754222484,0.4256838266690703,hard,0.1903846153846153,0.2475,0.3909843347245513,0.6109570817697343
lawbench,lawbench/lawbench-2-4-11-zero-shot,lawbench-2-4-11-zero-shot,0.7869079995898624,0.7842802835068673,0.048036963209769024,0.6583670548528046,hard,0.1303846153846153,0.1135714285714285,0.0612497396912419,0.1141185459266428
aider-polyglot,aider-polyglot/polyglot_rust_alphametics,polyglot_rust_alphametics,0.7867878259339681,0.7834047844655407,0.3491552188762473,0.472311883329308,medium,0.5461538461538461,0.5461538461538461,0.4456894134421838,0.6031887586661748
simpleqa,simpleqa/simpleqa-1417,simpleqa-1417,0.7867767266679231,0.7841692470196014,0.21561089592743088,0.5836657718897853,easy,0.8615384615384616,0.82,0.2749545416973504,0.4669176521050058
arc-agi-2,arc-agi-2/arc-agi-2-0934a4d8_0,arc-agi-2-0934a4d8_0,0.7866901803201248,0.7819698093110593,0.1116876285295246,0.6821682987488826,frontier,0.0461538461538461,0.06,0.142828568570857,0.4638168962709857
aider-polyglot,aider-polyglot/polyglot_python_affine-cipher,polyglot_python_affine-cipher,0.7863352101359643,0.7829458662719229,0.24861262459065656,0.4728515260754758,easy,0.8615384615384616,0.8615384615384616,0.3175348837007737,0.6836482841057426
aider-polyglot,aider-polyglot/polyglot_javascript_rational-numbers,polyglot_javascript_rational-numbers,0.7862413763875947,0.7828507264113858,0.23424160788311194,0.4721353536353648,easy,0.8365384615384617,0.8365384615384617,0.299216185130061,0.682155643209184
algotune,algotune/algotune-dynamic-assortment-planning,algotune-dynamic-assortment-planning,0.7859791105869229,0.7787026556889592,0.19907318674501337,0.34057282742396267,medium,0.6793041968206228,0.6755047468036385,0.2556472426164809,0.6362941399778995
featurebench-modal,featurebench-modal/featurebench-modal-astropy__astropy.b0db0daa.test_comparison.445d81a3.lv1,featurebench-modal-astropy__astropy.b0db0daa.test_comparison.445d81a3.lv1,0.7857635763220789,0.7818823348131007,0.2181855543990763,0.46206276539764857,hard,0.1538461538461538,0.1538461538461538,0.2790516484187239,0.3023897109727934
livecodebench,livecodebench/livecodebench-abc388_g,livecodebench-abc388_g,0.7855557202455982,0.7747807285916343,0.26518197952944594,0.4246224279883434,easy,0.8128205000000001,0.729629611111111,0.3422671340980347,0.3554767425676673
gaia,gaia/gaia-e8cb5b03-41e0-4086-99e5-f6806cd97211,gaia-e8cb5b03-41e0-4086-99e5-f6806cd97211,0.7854624575740703,0.7808203720521235,0.3127183153050414,0.4344104657176048,medium,0.5538461538461539,0.54,0.4004996878900157,0.7063215455016536
aider-polyglot,aider-polyglot/polyglot_python_beer-song,polyglot_python_beer-song,0.7849114769017722,0.7815023326497987,0.32662175116138664,0.4704072492216632,medium,0.5384615384615384,0.5384615384615384,0.4179408525294192,0.6548429335420515
kumo,kumo/kumo-marketingenv-t4-a6-v1-s1,kumo-marketingenv-t4-a6-v1-s1,0.7848553687391244,0.7798834207790644,0.14079565114454345,0.45480729452033347,saturated,0.9615384615384616,0.9333333333333332,0.1805342278002213,0.5434507986572145
kumo,kumo/kumo-computationenv-t4-a6-v1-s0,kumo-computationenv-t4-a6-v1-s0,0.7848552748764032,0.7798833250177561,0.18599031906645763,0.4548072511270442,easy,0.9423076923076924,0.925,0.2384848003542364,0.5434507613824909
swebench-multilingual,swebench-multilingual/swebench-multilingual-nushell__nushell-13605,swebench-multilingual-nushell__nushell-13605,0.7847586219735859,0.7825329085880728,0.3325125475765918,0.5460969026346659,easy,0.8461538461538461,0.6666666666666666,0.4249182927993987,0.3729866677324041
labbench,labbench/labbench-figqa-0060,labbench-figqa-0060,0.7842455952914115,0.7810191248570466,0.28076607664078157,0.5632485098900665,medium,0.4000000000000001,0.4,0.3594868137091668,0.4943300726434896
featurebench-modal,featurebench-modal/featurebench-modal-huggingface__transformers.e2e8dbed.test_processing_samhq.7732c356.lv1,featurebench-modal-huggingface__transformers.e2e8dbed.test_processing_samhq.7732c356.lv1,0.7841690951551443,0.7802625533565158,0.27211369891201054,0.45128675959752335,medium,0.3192307692307692,0.324,0.3487463261455237,0.5820933589646627
medagentbench,medagentbench/medagentbench-task1_6,medagentbench-task1_6,0.7839555846841684,0.7760957130628348,0.2682867578212237,0.5523576174489992,medium,0.6615384615384616,0.65,0.3456877203488721,0.6679624403899523
crustbench,crustbench/crustbench-hydra,crustbench-hydra,0.78373073033621,0.7778835067688402,0.2929279310289335,0.5496504925674988,easy,0.8173076923076923,0.7934782608695652,0.3765704356500535,0.6185178528206291
gaia,gaia/gaia-e4e91f1c-1dcd-439e-9fdd-cb976f5293fd,gaia-e4e91f1c-1dcd-439e-9fdd-cb976f5293fd,0.7836475398235146,0.7789710971234474,0.26289553248487746,0.42581193646875454,medium,0.3692307692307692,0.39,0.3374907406137241,0.4119589413793227
strongreject,strongreject/strongreject_illegal_goods_and_services_0011_prefix_injection,strongreject_illegal_goods_and_services_0011_prefix_injection,0.7834328835639607,0.7026537552595297,0.1546037866228207,0.47491647369713574,easy,0.9461538461538462,0.93,0.2200284072568812,-0.1088813289616096
simpleqa,simpleqa/simpleqa-2279,simpleqa-2279,0.7834135397847667,0.7807700089782318,0.2974108642670487,0.5793992635378206,easy,0.7000000000000001,0.67,0.3809199390948182,0.5050683990787068
algotune,algotune/algotune-dct-type-i-scipy-fftpack,algotune-dct-type-i-scipy-fftpack,0.7834033500403066,0.7760504862953581,0.23645554328470086,0.3508264917566039,medium,0.4193208372639302,0.4118626468630506,0.3046909285676395,0.5938290088548595
crustbench,crustbench/crustbench-linear-algebra-c,crustbench-linear-algebra-c,0.7832618992859895,0.7774036029290419,0.21575547247811006,0.5465933768193671,easy,0.8769230769230768,0.8545454545454546,0.2775334094995226,0.5082136464138527
simpleqa,simpleqa/simpleqa-615,simpleqa-615,0.7827721212586326,0.7801217327283531,0.22864355216246546,0.579197276743969,easy,0.8538461538461539,0.8099999999999999,0.2930870177950569,0.5148953867894517
featurebench-modal,featurebench-modal/featurebench-modal-pytest-dev__pytest.68016f0e.raises_group.c28bf36a.lv1,featurebench-modal-pytest-dev__pytest.68016f0e.raises_group.c28bf36a.lv1,0.7822263327095514,0.7782890356747687,0.23684455385069705,0.45776131664465974,hard,0.1634615384615384,0.1634615384615384,0.3043143909195062,0.5567752307678617
replicationbench,replicationbench/replicationbench-hubble_trails__satellite_chance_post2020_acis,replicationbench-hubble_trails__satellite_chance_post2020_acis,0.7821695275040212,0.7745212028462649,0.24532500368724175,0.522951600710243,medium,0.3442306538461538,0.35,0.3167440772256514,0.651160755580516
bigcodebench,bigcodebench/bigcodebench_1085,bigcodebench_1085,0.7821073242139327,0.751125981212969,0.187363738400222,0.20737459246314557,saturated,0.9615384615384616,0.9333333333333332,0.2494438257849294,0.511500103114516
bigcodebench,bigcodebench/bigcodebench_19,bigcodebench_19,0.7821073242139327,0.751125981212969,0.19344451711404,0.20737459246314557,saturated,0.9615384615384616,0.9285714285714286,0.2575393768188563,0.511500103114516
bigcodebench,bigcodebench/bigcodebench_34,bigcodebench_34,0.7821073242139326,0.7511259812129689,0.1818186510088458,0.20737459246314552,saturated,0.9615384615384616,0.9375,0.2420614591379635,0.5115001031145159
lawbench,lawbench/lawbench-1-1-3-zero-shot,lawbench-1-1-3-zero-shot,0.7814741556912647,0.7787877786843987,0.26389308655057747,0.6340167162245458,medium,0.3797745384615384,0.3693836,0.338851088542209,0.493300271123531
aime,aime/aime_87,aime_87,0.7814007383637358,0.7717189149669101,0.16028631047856107,0.5329888340373568,easy,0.9205128076923076,0.891228052631579,0.2077003781686935,0.4028989387439522
gaia,gaia/gaia-5d0080cb-90d7-4712-bc33-848150e917d3,gaia-5d0080cb-90d7-4712-bc33-848150e917d3,0.7813730450599617,0.7766536611116859,0.28863813747734574,0.42100266669381126,medium,0.3749999999999999,0.3975,0.3716433101779178,0.4859907386135059
crustbench,crustbench/crustbench-libvcd,crustbench-libvcd,0.7813112432633926,0.7754069506464596,0.3025940653229002,0.5428867196414984,medium,0.6205128076923077,0.6060605909090908,0.3902390416678963,0.6774784787183828
lawbench,lawbench/lawbench-3-8-10-one-shot,lawbench-3-8-10-one-shot,0.7809015275418153,0.7782089928613867,0.07113125763129444,0.6594168126701421,hard,0.1878423076923077,0.1704867142857143,0.0914037980591214,0.1915256716912651
aider-polyglot,aider-polyglot/polyglot_go_pig-latin,polyglot_go_pig-latin,0.7808749714700558,0.7774098898318786,0.22720846348601165,0.46579843974150137,easy,0.8288461538461539,0.8288461538461539,0.2922634075765969,0.5392538312650822
bfcl,bfcl/bfcl-live-multiple-749-169-4,bfcl-live-multiple-749-169-4,0.7806602623919169,0.770416284077977,0.0912339072080277,0.3214638571088826,easy,0.9461538461538462,0.9461538461538462,0.1184215716795435,0.2874548965652618
ineqmath,ineqmath/ineqmath-57,ineqmath-57,0.7801235062528914,0.7551555221063891,0.22202261869717743,0.606288717736992,medium,0.6025641153846154,0.5861111333333333,0.2940091308315932,0.2338458328769171
simpleqa,simpleqa/simpleqa-953,simpleqa-953,0.7800049757134618,0.7773250678427441,0.2919887912930018,0.5738264781466765,easy,0.7923076923076925,0.73,0.375632799419859,0.4530985203865099
aider-polyglot,aider-polyglot/polyglot_javascript_phone-number,polyglot_javascript_phone-number,0.7799943600419841,0.7765171142501549,0.22238172081071406,0.469737143487912,easy,0.8519230769230769,0.8519230769230769,0.2863835409802363,0.6663557875337186
swebench-multilingual,swebench-multilingual/swebench-multilingual-laravel__framework-48636,swebench-multilingual-laravel__framework-48636,0.7798982246860847,0.7776285462647533,0.3809586295541815,0.5467215312889637,easy,0.7692307692307693,0.6,0.4898979485566357,0.4066296021647095
simpleqa,simpleqa/simpleqa-209,simpleqa-209,0.7795625891744787,0.776877971887619,0.21346480607331647,0.5810426759664868,easy,0.8846153846153846,0.85,0.2747726332806817,0.7002628105954909
swebench-verified,swebench-verified/swebench-verified-sympy__sympy-19495,swebench-verified-sympy__sympy-19495,0.7794205322840829,0.7126478509140038,0.2076102936071011,0.5563910934919245,easy,0.7442307692307693,0.7275000000000001,0.2913224158900238,0.6996331878814157
swebench-verified,swebench-verified/swebench-verified-sympy__sympy-17139,swebench-verified-sympy__sympy-17139,0.7793678580054204,0.7125821400341018,0.22657422904311772,0.6078637805934821,easy,0.823076923076923,0.77,0.3179622619116929,0.5174814329764589
ineqmath,ineqmath/ineqmath-71,ineqmath-71,0.7792116092302183,0.7541551387263412,0.2386040073512208,0.6055215728901551,easy,0.7461538461538463,0.7300000000000001,0.3163858403911275,0.155025849514436
featurebench-modal,featurebench-modal/featurebench-modal-mlflow__mlflow.93dab383.test_databricks.cbc54e8c.lv1,featurebench-modal-mlflow__mlflow.93dab383.test_databricks.cbc54e8c.lv1,0.779044951895175,0.7750574607636289,0.20082215922227656,0.46370136728560274,hard,0.1038461538461538,0.108,0.2591061558512263,0.4268656890960935
crustbench,crustbench/crustbench-satc,crustbench-satc,0.7787707630370002,0.7728067452259033,0.31237880093726944,0.5459702195889123,medium,0.5615384615384615,0.5545454545454546,0.4042133468257401,0.6554350278021467
aime,aime/aime_74,aime_74,0.7784755703316699,0.7686813764947931,0.3028985038250368,0.5291004378715413,easy,0.7576923076923078,0.6849999999999999,0.3940494892776794,0.1993381321992019
crustbench,crustbench/crustbench-libqueue,crustbench-libqueue,0.7784069036726151,0.7724343483247238,0.21711900425081654,0.5427139111201976,easy,0.9076923076923078,0.890909090909091,0.2810840878861874,0.4842682978344693
gaia,gaia/gaia-a56f1527-3abf-41d6-91f8-7296d6336c3f,gaia-a56f1527-3abf-41d6-91f8-7296d6336c3f,0.7780045430455501,0.7732218004432381,0.32977705831760973,0.42594082357418717,medium,0.5307692307692309,0.51,0.4264973622427224,0.4974025443555234
simpleqa,simpleqa/simpleqa-1759,simpleqa-1759,0.7779959793341589,0.7752947066198085,0.21873755465436318,0.586574871425796,easy,0.7846153846153846,0.78,0.2821347195933177,0.6068406859179514
medagentbench,medagentbench/medagentbench-task4_5,medagentbench-task4_5,0.7778922335772227,0.7698407375241677,0.24087528124894167,0.5520055534051062,easy,0.8384615384615385,0.79,0.3128897569432403,0.6881539708223547
crustbench,crustbench/crustbench-ted,crustbench-ted,0.7778710107165263,0.7718858888292136,0.2770883666839171,0.5426256255987478,easy,0.7884615384615384,0.75,0.3589758158478595,0.6590232758960137
labbench,labbench/labbench-figqa-0125,labbench-figqa-0125,0.7778133156899613,0.7745029012023691,0.28397745329930374,0.5507782011786088,medium,0.4153846153846154,0.4307692307692307,0.3666577011634764,0.3991147361459279
aider-polyglot,aider-polyglot/polyglot_javascript_wordy,polyglot_javascript_wordy,0.7777372426662219,0.7742288828145069,0.2315804598802534,0.46878745908654007,easy,0.8769230769230769,0.8769230769230769,0.2991111091572858,0.6608389986243234
aider-polyglot,aider-polyglot/polyglot_python_food-chain,polyglot_python_food-chain,0.7774672070513361,0.7739551309797428,0.317495246512011,0.4652928085493341,medium,0.5692307692307692,0.5692307692307692,0.4102243577222579,0.6851279972502251
usaco,usaco/usaco-1231,usaco-1231,0.7771757294182954,0.7714963806050502,0.2908231976892411,0.6010161264935242,medium,0.4615384615384616,0.4888888888888888,0.3769598989708305,0.4548063829261599
usaco,usaco/usaco-915,usaco-915,0.7770986132556527,0.7714175548903015,0.30232929391853497,0.6009553874588037,medium,0.6532051153846153,0.6091666499999999,0.3919139407730063,0.4411487041540919
mmmlu,mmmlu/mmmlu-en-us-00037,mmmlu-en-us-00037,0.7770880708196353,0.7707427046473165,0.12111053177915061,0.4235616595778959,saturated,0.9615384615384616,0.9444444444444444,0.1571348402636772,0.0920767322265706
mmmlu,mmmlu/mmmlu-ko-kr-00109,mmmlu-ko-kr-00109,0.7770880708196353,0.7707427046473165,0.12111053177915061,0.4235616595778959,saturated,0.9615384615384616,0.9444444444444444,0.1571348402636772,0.0920767322265706
mmmlu,mmmlu/mmmlu-zh-cn-00122,mmmlu-zh-cn-00122,0.7770880708196353,0.7707427046473166,0.11826746405530161,0.4235616595778959,saturated,0.9615384615384616,0.9473684210526316,0.1534461024959289,0.0920767322265706
bixbench,bixbench/bix-51-q1,bix-51-q1,0.7769110692270009,0.7488229091689597,0.22236105442254298,0.3469089951364294,easy,0.7923076923076924,0.76,0.2969474513931716,0.5152666076349066
usaco,usaco/usaco-436,usaco-436,0.7768326457358382,0.7711456926133795,0.3502345071295368,0.600745903352399,medium,0.5173076923076924,0.4868421052631579,0.4541742377404808,0.4146468624172921
labbench,labbench/labbench-figqa-0019,labbench-figqa-0019,0.7768213501872981,0.773498053047176,0.24733623275691977,0.5336543381686624,hard,0.2461538461538461,0.2923076923076922,0.3197632260127158,0.6653189316823731
omnimath,omnimath/omnimath_440,omnimath_440,0.7767279664824813,0.7396272339488521,0.26233317442903176,0.4547817035184274,medium,0.6846153846153846,0.68,0.354682957019364,0.3628623137868705
medagentbench,medagentbench/medagentbench-task2_1,medagentbench-task2_1,0.7767096706533569,0.7686209842407647,0.1703150330272944,0.5440632936430898,easy,0.8999999999999999,0.8699999999999999,0.2215851980616034,0.5490453339351377
mmmlu,mmmlu/mmmlu-pt-br-00114,mmmlu-pt-br-00114,0.776672982773122,0.7703173493300829,0.14354016311245973,0.4104832889316466,easy,0.9423076923076924,0.9166666666666666,0.1863389981249824,0.0267112415804979
featurebench-modal,featurebench-modal/featurebench-modal-pypa__hatch.ff4b4040.test_fmt.782c88a8.lv1,featurebench-modal-pypa__hatch.ff4b4040.test_fmt.782c88a8.lv1,0.776141914607567,0.7721088043499058,0.30037692991276543,0.4519957640819182,hard,0.210256423076923,0.210256423076923,0.389034457605589,0.6103055897564282
usaco,usaco/usaco-1114,usaco-1114,0.7761361017478474,0.7704337207450738,0.32439896463962037,0.600197284126271,easy,0.7711538461538462,0.6694444444444445,0.4210601845489051,0.2284210652560528
seal0,seal0/seal0-105,seal0-105,0.7759548973471447,0.7656407035716191,0.27463846771191297,0.36547947414095266,medium,0.6192307692307693,0.6192307692307693,0.3587041107281242,0.6311285663942632
mmmlu,mmmlu/mmmlu-sw-ke-00132,mmmlu-sw-ke-00132,0.7759505162763566,0.7695770261605737,0.10620249854370525,0.4219213895363044,saturated,0.958333346153846,0.9429824736842104,0.1380011291053612,0.1365974767730693
mmau,mmau/mmau-aa0c930c-11f7-406e-b717-5f138b57e21a,mmau-aa0c930c-11f7-406e-b717-5f138b57e21a,0.7756781184072431,0.7674206622475218,0.11987493957205547,0.44398708014761007,saturated,0.9538461538461538,0.94,0.156204993518133,0.6377324910867487
simpleqa,simpleqa/simpleqa-1249,simpleqa-1249,0.7748514124794563,0.7721168112718123,0.26115360222756695,0.5770567614192397,easy,0.8153846153846154,0.76,0.3382306905057552,0.7849529853755652
spider2,spider2/spider2-recharge002,spider2-recharge002,0.7746764662541832,0.7388917379148544,0.24627538716100233,0.3815629662914743,hard,0.1641025769230769,0.2844444666666667,0.333303750094688,0.4545959209794054
simpleqa,simpleqa/simpleqa-263,simpleqa-263,0.7740376709000857,0.7712944674380671,0.29911909231489375,0.5755409072406408,medium,0.5692307692307692,0.56,0.3878143885933063,0.6335891614589888
featurebench-modal,featurebench-modal/featurebench-modal-mlflow__mlflow.93dab383.test_numpy_dataset.1beaad57.lv1,featurebench-modal-mlflow__mlflow.93dab383.test_numpy_dataset.1beaad57.lv1,0.7739038999450887,0.7698357403716117,0.2021215834845306,0.4543146039259063,hard,0.1185897307692307,0.12333332,0.2625515715689731,0.4111908957671532
medagentbench,medagentbench/medagentbench-task4_29,medagentbench-task4_29,0.7738992821313515,0.7657224515736536,0.15692640523330217,0.540761268633224,easy,0.9230769230769232,0.9,0.2049390153191919,0.5816046801004635
aime,aime/aime_i-15,aime_i-15,0.7737299382122971,0.7637543979559871,0.24854309615045472,0.5296884721777277,easy,0.8538461538461538,0.8099999999999999,0.3254228019054596,0.2549644682737892
aider-polyglot,aider-polyglot/polyglot_python_pig-latin,polyglot_python_pig-latin,0.773473275165028,0.7699063890844033,0.26795710394194416,0.4609433380497605,easy,0.7487179615384615,0.7487179615384615,0.3480385508433137,0.6317971655956942
simpleqa,simpleqa/simpleqa-334,simpleqa-334,0.773124319117361,0.7703714713640665,0.18932966253351544,0.5776018187239911,easy,0.8923076923076925,0.8600000000000001,0.2457641145488901,0.4632320401228906
seal0,seal0/seal0-39,seal0-39,0.7725320031579533,0.7620818149349529,0.3163398697538159,0.36766955565163295,medium,0.6,0.6,0.4150996173302166,0.6022721034030355
featurebench-modal,featurebench-modal/featurebench-modal-mwaskom__seaborn.7001ebe7.test_bar.123ed709.lv1,featurebench-modal-mwaskom__seaborn.7001ebe7.test_bar.123ed709.lv1,0.7724375647129604,0.7683464974070968,0.28084089273890994,0.4501080046343643,hard,0.1826923076923076,0.19,0.3655133376499413,0.5842585035289228
replicationbench,replicationbench/replicationbench-galaxy_soptics__bcg_identification,replicationbench-galaxy_soptics__bcg_identification,0.7722238201760053,0.7642732683129027,0.3311003110548195,0.5131598280711035,medium,0.3461538461538461,0.4235294117647059,0.4332224150475757,0.5724417009113336
gpqa-diamond,gpqa-diamond/gpqa-diamond-23,gpqa-diamond-23,0.7721211191721647,0.7667678088918455,0.2513622948687413,0.365437361556794,easy,0.8371795,0.7509804117647059,0.3278206152551151,0.5888142273492466
aider-polyglot,aider-polyglot/polyglot_rust_nucleotide-codons,polyglot_rust_nucleotide-codons,0.7719628612997599,0.7683753226611364,0.2016634800755023,0.461712236207421,easy,0.864102576923077,0.864102576923077,0.2624543945230768,0.6559120803957385
aider-polyglot,aider-polyglot/polyglot_python_sgf-parsing,polyglot_python_sgf-parsing,0.7708920886680896,0.76728993392351,0.3007821942408737,0.4600273540701318,medium,0.5307692307692308,0.5307692307692308,0.3920059171151048,0.6832228738836426
gaia,gaia/gaia-c8b7e059-c60d-472e-ad64-3b04ae1166dc,gaia-c8b7e059-c60d-472e-ad64-3b04ae1166dc,0.7708634887328518,0.7659473639651065,0.27145243738868136,0.41927770616573845,hard,0.2384615384615384,0.28,0.354400902933387,0.3864820023249489
crustbench,crustbench/crustbench-jccc,crustbench-jccc,0.770763990091605,0.7646130626924157,0.2878592288871493,0.5411376169476235,easy,0.7179487307692308,0.7072463913043479,0.3764769959246011,0.6868415726704047
mmmlu,mmmlu/mmmlu-ja-jp-00093,mmmlu-ja-jp-00093,0.7705893087962151,0.764083851457988,0.2440663566161729,0.3963834255018985,easy,0.8910256538461538,0.8508772105263158,0.3194235241988916,-0.0332522720371933
bfcl,bfcl/bfcl-simple-python-282,bfcl-simple-python-282,0.7704559630321507,0.759801147428839,0.15296845437826884,0.34475596022294747,easy,0.9153846153846156,0.9153846153846156,0.2013269588969599,0.2433048821515072
replicationbench,replicationbench/replicationbench-abacus__ewald_force_accuracy,replicationbench-abacus__ewald_force_accuracy,0.770402109266559,0.7623966413055222,0.19082032553448577,0.51006283625543,hard,0.1128205,0.1725489999999999,0.2502900920546115,0.4846620536446748
swebenchpro,swebenchpro/swebenchpro-instance_future-architect__vuls-2c84be80b65d022c262956cd26fc79d8bb2f7010,swebenchpro-instance_future-architect__vuls-2c84be80b65d022c262956cd26fc79d8bb2f7010,0.7703755503770592,0.5883022256259893,0.156833859409416,0.3783320794665821,hard,0.2826923076923077,0.3075,0.2665872277510683,0.6002672216503881
bixbench,bixbench/bix-3-q5,bix-3-q5,0.7701899975103806,0.7413859865870568,0.18042508043811803,0.3520414745092838,easy,0.8192307692307692,0.7950000000000002,0.2433618704727591,0.577625240797881
labbench,labbench/labbench-figqa-0093,labbench-figqa-0093,0.7698920160105963,0.7664791965708309,0.2218649234600426,0.5185402355432995,medium,0.4538461538461539,0.5076923076923078,0.2894598111111812,0.1970154530419318
aider-polyglot,aider-polyglot/polyglot_javascript_triangle,polyglot_javascript_triangle,0.7697227303437052,0.7661046375265538,0.20036582827617558,0.4648065833455315,easy,0.9076923076923078,0.9076923076923078,0.2615384615384615,0.6203798968917349
simpleqa,simpleqa/simpleqa-1310,simpleqa-1310,0.7692697271436186,0.7664763056244588,0.22359573429478583,0.5695443190926616,easy,0.8999999999999999,0.8699999999999999,0.2917190429162964,0.3950324857465636
aider-polyglot,aider-polyglot/polyglot_go_crypto-square,polyglot_go_crypto-square,0.7689005961466187,0.7652713126717664,0.20770968966978892,0.4590011655091126,easy,0.8692307692307691,0.8692307692307691,0.271419673298113,0.6212775910051115
swebench-multilingual,swebench-multilingual/swebench-multilingual-preactjs__preact-3739,swebench-multilingual-preactjs__preact-3739,0.768742387519421,0.766372847379329,0.31446263088402027,0.5420952568625164,easy,0.8461538461538461,0.7142857142857143,0.410325903324145,0.3974654354878703
kumo,kumo/kumo-controlenv-t4-a6-v1-s1,kumo-controlenv-t4-a6-v1-s1,0.7685121539648466,0.7632131897093275,0.18640655217523355,0.417720480264368,easy,0.9294871923076924,0.90833335,0.2442391650047704,0.6402162632500918
featurebench-modal,featurebench-modal/featurebench-modal-pydantic__pydantic.e1dcaf9e.test_titles.e806bda8.lv1,featurebench-modal-pydantic__pydantic.e1dcaf9e.test_titles.e806bda8.lv1,0.7681959545497161,0.764038874269598,0.24528797482850123,0.4549213853501289,hard,0.1378205,0.1378205,0.3210412232793657,0.3462694422253084
featurebench-modal,featurebench-modal/featurebench-modal-lightning-ai__pytorch-lightning.126fa6f1.test_data.12056068.lv1,featurebench-modal-lightning-ai__pytorch-lightning.126fa6f1.test_data.12056068.lv1,0.7681275926256862,0.7639694514743438,0.1948246190268684,0.449437307527395,hard,0.1211538461538461,0.1211538461538461,0.2550162426663616,0.462325563696518
ineqmath,ineqmath/ineqmath-58,ineqmath-58,0.7681203257956348,0.7419973400807827,0.1748029831671247,0.596190891113492,easy,0.8846153846153846,0.85,0.2355843797877949,0.1910271199179787
kumo,kumo/kumo-energyenv-t4-a6-v1-s0,kumo-energyenv-t4-a6-v1-s0,0.7680674870067368,0.7627597248076672,0.08735941423191865,0.44520369567417817,saturated,0.9807692307692308,0.9722222222222222,0.1145307118227128,0.5115001031145161
kumo,kumo/kumo-caridentificationenv-t4-a6-v1-s0,kumo-caridentificationenv-t4-a6-v1-s0,0.7680674870067368,0.7627597248076671,0.08311981396598785,0.44520369567417817,saturated,0.9807692307692308,0.975,0.1089724735885168,0.5115001031145162
kumo,kumo/kumo-geologicalenv-t4-a6-v1-s1,kumo-geologicalenv-t4-a6-v1-s1,0.7680674870067368,0.7627597248076672,0.1747188284638373,0.44520369567417817,saturated,0.9615384615384616,0.9444444444444444,0.2290614236454256,0.5115001031145161
kumo,kumo/kumo-chessenv-t4-a6-v1-s0,kumo-chessenv-t4-a6-v1-s0,0.7680674870067368,0.7627597248076671,0.11082647403452646,0.44520369567417817,saturated,0.9743589615384616,0.96666665,0.1452967040996715,0.5115001031145163
kumo,kumo/kumo-coffeeenv-t4-a6-v1-s1,kumo-coffeeenv-t4-a6-v1-s1,0.7680674870067368,0.7627597248076671,0.04367970711595932,0.44520369567417817,saturated,0.9903846153846154,0.9861111111111112,0.0572653559113564,0.5115001031145161
kumo,kumo/kumo-cryptographyenv-t4-a6-v1-s0,kumo-cryptographyenv-t4-a6-v1-s0,0.7680674870067368,0.7627597248076671,0.11647927721550097,0.44520369567417806,saturated,0.9743589615384616,0.9629629444444444,0.1527076921174249,0.5115001031145161
kumo,kumo/kumo-mineralenv-t4-a6-v1-s0,kumo-mineralenv-t4-a6-v1-s0,0.7680674870067368,0.7627597248076672,0.09513285195534221,0.44520369567417806,saturated,0.9807692307692308,0.9666666666666668,0.1247219128924647,0.511500103114516
kumo,kumo/kumo-medicaloodenv-t4-a6-v1-s1,kumo-medicaloodenv-t4-a6-v1-s1,0.7680674870067368,0.7627597248076672,0.08735941423191865,0.44520369567417806,saturated,0.9807692307692308,0.9722222222222222,0.1145307118227128,0.5115001031145161
kumo,kumo/kumo-nutritionenv-t4-a6-v1-s1,kumo-nutritionenv-t4-a6-v1-s1,0.7680674870067368,0.7627597248076672,0.1747188284638373,0.44520369567417806,saturated,0.9615384615384616,0.9444444444444444,0.2290614236454256,0.5115001031145161
kumo,kumo/kumo-mineralenv-t4-a6-v1-s1,kumo-mineralenv-t4-a6-v1-s1,0.7680674870067368,0.7627597248076672,0.08735941423191865,0.44520369567417806,saturated,0.9807692307692308,0.9722222222222222,0.1145307118227128,0.5115001031145161
kumo,kumo/kumo-musicgenresenv-t4-a6-v1-s1,kumo-musicgenresenv-t4-a6-v1-s1,0.7680674870067368,0.7627597248076672,0.11647927721550098,0.44520369567417806,saturated,0.9743589615384616,0.9629629444444444,0.1527076921174249,0.5115001031145161
kumo,kumo/kumo-mineralclassificationenv-t4-a6-v1-s0,kumo-mineralclassificationenv-t4-a6-v1-s0,0.7680674870067368,0.7627597248076672,0.08735941423191865,0.44520369567417806,saturated,0.9807692307692308,0.9722222222222222,0.1145307118227128,0.5115001031145161
kumo,kumo/kumo-gemstoneenv-t4-a6-v1-s0,kumo-gemstoneenv-t4-a6-v1-s0,0.7680674870067368,0.7627597248076672,0.12684386602902423,0.44520369567417817,saturated,0.9743589615384616,0.9555555333333332,0.1662959670045615,0.511500103114516
kumo,kumo/kumo-politicalmanifestoenv-t4-a6-v1-s1,kumo-politicalmanifestoenv-t4-a6-v1-s1,0.7680674870067367,0.7627597248076671,0.04258046635480153,0.4452036956741783,saturated,0.9903846153846154,0.986842105263158,0.055824219567359,0.5115001031145167
kumo,kumo/kumo-printingtechniqueenv-t4-a6-v1-s1,kumo-printingtechniqueenv-t4-a6-v1-s1,0.7680674870067367,0.7627597248076671,0.17032186541920613,0.4452036956741783,saturated,0.9615384615384616,0.9473684210526316,0.223296878269436,0.5115001031145167
kumo,kumo/kumo-quantumenv-t4-a6-v1-s1,kumo-quantumenv-t4-a6-v1-s1,0.7680674870067367,0.7627597248076671,0.0897364382126667,0.4452036956741783,saturated,0.9807692307692308,0.9705882352941176,0.1176470588235294,0.5115001031145164
kumo,kumo/kumo-coffeeenv-t4-a6-v1-s0,kumo-coffeeenv-t4-a6-v1-s0,0.7680674870067367,0.762759724807667,0.08516093270960305,0.4452036956741783,saturated,0.9807692307692308,0.9736842105263158,0.111648439134718,0.5115001031145167
kumo,kumo/kumo-musicenv-t12-a16-v1-s1,kumo-musicenv-t12-a16-v1-s1,0.7680674870067367,0.7627597248076671,0.0897364382126667,0.4452036956741783,saturated,0.9807692307692308,0.9705882352941176,0.1176470588235294,0.5115001031145164
kumo,kumo/kumo-philosophyenv-t4-a6-v1-s1,kumo-philosophyenv-t4-a6-v1-s1,0.7680674870067367,0.7627597248076671,0.04486821910633335,0.4452036956741783,saturated,0.9903846153846154,0.9852941176470588,0.0588235294117647,0.5115001031145164
kumo,kumo/kumo-cuisineenv-t4-a6-v1-s0,kumo-cuisineenv-t4-a6-v1-s0,0.7680674870067367,0.762759724807667,0.05677389836578022,0.4452036956741783,saturated,0.9871795,0.9824561578947368,0.0744322183241859,0.5115001031145167
kumo,kumo/kumo-enzymeenv-t4-a6-v1-s0,kumo-enzymeenv-t4-a6-v1-s0,0.7680674870067367,-0.7732215365950404,0.0863289776661845,0.4452036956741783,frontier,0.0192307692307692,0.0263157894736842,0.111648439134718,-0.5115001031145167
kumo,kumo/kumo-renewableenergyenv-t4-a6-v1-s0,kumo-renewableenergyenv-t4-a6-v1-s0,0.7680674870067367,0.7627597248076671,0.11354796705342592,0.4452036956741783,saturated,0.9743589615384616,0.9649122631578948,0.1488646599452501,0.5115001031145167
kumo,kumo/kumo-musicenv-t4-a6-v1-s1,kumo-musicenv-t4-a6-v1-s1,0.7680674870067367,0.7627597248076671,0.0897364382126667,0.4452036956741783,saturated,0.9807692307692308,0.9705882352941176,0.1176470588235294,0.5115001031145164
kumo,kumo/kumo-malwareenv-t4-a6-v1-s0,kumo-malwareenv-t4-a6-v1-s0,0.7680674870067367,0.7627597248076671,0.08516093270960307,0.4452036956741783,saturated,0.9807692307692308,0.9736842105263158,0.111648439134718,0.5115001031145167
kumo,kumo/kumo-artstyleenv-t4-a6-v1-s0,kumo-artstyleenv-t4-a6-v1-s0,0.7680674870067367,0.762759724807667,0.1703218654192061,0.4452036956741783,saturated,0.9615384615384616,0.9473684210526316,0.223296878269436,0.5115001031145167
kumo,kumo/kumo-leadershipenv-t4-a6-v1-s1,kumo-leadershipenv-t4-a6-v1-s1,0.7680674870067367,0.7627597248076671,0.04486821910633335,0.4452036956741783,saturated,0.9903846153846154,0.9852941176470588,0.0588235294117647,0.5115001031145164
kumo,kumo/kumo-gadgetenv-t4-a6-v1-s1,kumo-gadgetenv-t4-a6-v1-s1,0.7680674870067367,0.7627597248076671,0.0897364382126667,0.4452036956741783,saturated,0.9807692307692308,0.9705882352941176,0.1176470588235294,0.5115001031145164
kumo,kumo/kumo-herbenv-t4-a6-v1-s0,kumo-herbenv-t4-a6-v1-s0,0.7680674870067365,0.762759724807667,0.09231736597930765,0.44520369567417806,saturated,0.9807692307692308,0.96875,0.1210307295689817,0.5115001031145159
kumo,kumo/kumo-inventorenv-t4-a6-v1-s0,kumo-inventorenv-t4-a6-v1-s0,0.7680674870067365,0.762759724807667,0.06154484910796114,0.44520369567417806,saturated,0.9871795,0.9791666875,0.0806870723588348,0.5115001031145159
kumo,kumo/kumo-detectiveenv-t4-a6-v1-s1,kumo-detectiveenv-t4-a6-v1-s1,0.7680674870067365,0.762759724807667,0.09231736597930765,0.44520369567417806,saturated,0.9807692307692308,0.96875,0.1210307295689817,0.5115001031145159
kumo,kumo/kumo-malwareenv-t4-a6-v1-s1,kumo-malwareenv-t4-a6-v1-s1,0.7680674870067365,0.762759724807667,0.13103912134787793,0.44520369567417806,saturated,0.971153846153846,0.9583333333333334,0.1717960677340692,0.5115001031145161
kumo,kumo/kumo-nutritionenv-t4-a6-v1-s0,kumo-nutritionenv-t4-a6-v1-s0,0.7680674870067365,0.762759724807667,0.09231736597930765,0.44520369567417806,saturated,0.9807692307692308,0.96875,0.1210307295689817,0.5115001031145159
simpleqa,simpleqa/simpleqa-2315,simpleqa-2315,0.7676994805584064,0.764889589699462,0.22831665975738052,0.5704369165133357,easy,0.8692307692307691,0.8300000000000001,0.298496231131986,0.5728137956547507
simpleqa,simpleqa/simpleqa-3086,simpleqa-3086,0.766823983391404,0.7640049248699057,0.17066577251678483,0.5717973909085429,easy,0.9307692307692308,0.91,0.2233830790368867,0.6439510924747934
simpleqa,simpleqa/simpleqa-4002,simpleqa-4002,0.7665007154106354,0.763678274521024,0.22589908003431142,0.5720824126910835,easy,0.8846153846153846,0.85,0.2958039891549808,0.479235543484436
simpleqa,simpleqa/simpleqa-4243,simpleqa-4243,0.7663770934349674,0.7635533594667672,0.3000288658397072,0.5675199600573205,medium,0.5461538461538461,0.5599999999999999,0.3929376540877699,0.4532092830292248
aider-polyglot,aider-polyglot/polyglot_javascript_pig-latin,polyglot_javascript_pig-latin,0.76549386556386,0.7618183411509909,0.22665946991827635,0.46279881256378436,easy,0.8615384615384616,0.8615384615384616,0.2975243016279033,0.6502625281605127
aider-polyglot,aider-polyglot/polyglot_javascript_binary,polyglot_javascript_binary,0.7653445765199971,0.7616670305553473,0.18536974120036007,0.46179954397920076,easy,0.9000000000000001,0.9000000000000001,0.2433737233777903,0.6039469143132256
spider2,spider2/spider2-hive001,spider2-hive001,0.7651913599422444,0.7281477243832827,0.3244907228389557,0.4878161430357647,medium,0.4384615384615384,0.4624999999999999,0.4456385867493972,0.3074822851766718
swtbench,swtbench/swtbench-matplotlib__matplotlib-24870,swtbench-matplotlib__matplotlib-24870,0.7648312090716013,0.7416127318011909,0.21692084369306783,0.3853479368860137,medium,0.3307692307692308,0.3666666666666667,0.2924988129130707,0.2759333180915034
gpqa-diamond,gpqa-diamond/gpqa-diamond-152,gpqa-diamond-152,0.7646595403220728,0.7591550410943139,0.22067768272453225,0.34943802437278804,easy,0.8551282307692307,0.8017544210526315,0.2906885560641575,0.7945595722365302
gaia,gaia/gaia-9b54f9d9-35ee-4a14-b62f-d130ea00317f,gaia-9b54f9d9-35ee-4a14-b62f-d130ea00317f,0.7645101584379527,0.7594764325565563,0.25822198706922916,0.4133328475341214,medium,0.3615384615384615,0.38,0.34,0.6795746782380699
aider-polyglot,aider-polyglot/polyglot_rust_grade-school,polyglot_rust_grade-school,0.7644168797938558,0.7607267807588226,0.24444607529780163,0.4594176472537223,easy,0.8538461538461539,0.8538461538461539,0.3213322857570065,0.7190708823812644
replicationbench,replicationbench/replicationbench-mars_clouds__dbscan_test,replicationbench-mars_clouds__dbscan_test,0.7644166736954514,0.7562317346579968,0.22678714867738137,0.5024892819993173,hard,0.1525641153846154,0.2333333529411765,0.2998910760865452,0.5994898307753931
aider-polyglot,aider-polyglot/polyglot_javascript_meetup,polyglot_javascript_meetup,0.7635716180126877,0.7598700949449697,0.3154522485765509,0.45590654922075124,medium,0.6211538461538463,0.6211538461538463,0.4151397070039928,0.6225928330980663
featurebench-modal,featurebench-modal/featurebench-modal-sphinx-doc__sphinx.e347e59c.test_command_line.039d53a2.lv1,featurebench-modal-sphinx-doc__sphinx.e347e59c.test_command_line.039d53a2.lv1,0.7634678525803713,0.75923762812623,0.35677622104272894,0.43736670952714196,medium,0.435256423076923,0.435256423076923,0.4699137764328663,0.561216222373652
labbench,labbench/labbench-figqa-0169,labbench-figqa-0169,0.7633465801836793,0.7598499515221878,0.2691239932788218,0.5246731309175335,hard,0.1307692307692307,0.2615384615384615,0.3541804440991181,0.3499211015144748
seal0,seal0/seal0-97,seal0-97,0.7632886410268408,0.7524744214486213,0.2382117986860891,0.3544487246969375,medium,0.5903846153846154,0.5903846153846154,0.3165712905263905,0.6294825880570865
simpleqa,simpleqa/simpleqa-426,simpleqa-426,0.7632336314567669,0.7603770884369606,0.21985288096684352,0.5688252032764735,easy,0.8076923076923077,0.78,0.2891366458960192,0.5804499209825711
swebench-multilingual,swebench-multilingual/swebench-multilingual-google__gson-2311,swebench-multilingual-google__gson-2311,0.7632231091490113,0.7608047033666991,0.3532261103866424,0.5302549529413698,medium,0.5192307692307693,0.5333333333333333,0.4642796092394706,0.5166446667572578
bfcl,bfcl/bfcl-live-multiple-404-140-0,bfcl-live-multiple-404-140-0,0.7630752738684285,0.7521269112294823,0.16292373941942587,0.32509187189600086,easy,0.8999999999999999,0.8999999999999999,0.2166173513896726,0.4745026350380161
usaco,usaco/usaco-230,usaco-230,0.7622043361939129,0.75619639723503,0.30144951896015,0.5919635951030473,medium,0.6378205,0.60416665,0.3986391895840491,0.3412358853214292
kumo,kumo/kumo-mathematicalenv-t4-a6-v1-s1,kumo-mathematicalenv-t4-a6-v1-s1,0.7620266495552609,0.7565998886909948,0.18624589226006594,0.4447937177559435,easy,0.9326923076923076,0.9078947368421052,0.2461616701824961,0.5601367048542631
arc-agi-2,arc-agi-2/arc-agi-2-bf45cf4b_0,arc-agi-2-bf45cf4b_0,0.7618633393774271,0.7566691998395183,0.3237967340468523,0.6603006822989831,medium,0.3557692307692308,0.4024999999999999,0.4279237665753095,0.6940838549689308
swebench-multilingual,swebench-multilingual/swebench-multilingual-preactjs__preact-4316,swebench-multilingual-preactjs__preact-4316,0.761455199795143,0.7590212172188197,0.3454176983178401,0.5250265855004066,easy,0.8269230769230769,0.6538461538461539,0.455083060238432,0.3701683092510165
swebench-multilingual,swebench-multilingual/swebench-multilingual-preactjs__preact-4152,swebench-multilingual-preactjs__preact-4152,0.761455199795143,0.7590212172188197,0.3454176983178401,0.5250265855004066,easy,0.8269230769230769,0.6538461538461539,0.455083060238432,0.3701683092510165
labbench,labbench/labbench-figqa-0118,labbench-figqa-0118,0.7613021247159316,0.7577794683688405,0.3493555490290145,0.5211985167496098,medium,0.3384615384615384,0.4769230769230769,0.4610253558083599,0.6657751499439356
simpleqa,simpleqa/simpleqa-3843,simpleqa-3843,0.7612837099465736,0.7584068841586732,0.1546852600627271,0.5658754515347499,easy,0.9076923076923078,0.8800000000000001,0.2039607805437114,0.5609194150122111
gpqa-diamond,gpqa-diamond/gpqa-diamond-6,gpqa-diamond-6,0.7611744203929718,0.7555998255647285,0.10208365813781058,0.37585701293840823,saturated,0.9525641153846152,0.93833335,0.1351028079731413,0.3746338829492401
reasoning-gym,reasoning-gym/reasoning-gym-arithmetic-power-function-hard0292e21f-seed45-2,reasoning-gym-arithmetic-power-function-hard0292e21f-seed45-2,0.7610200978398753,0.7534890883701256,0.2447561497343265,0.35951777100377746,easy,0.9090705,0.8029860833333333,0.3248303837601142,0.5172144857921185
lawbench,lawbench/lawbench-3-8-14-zero-shot,lawbench-3-8-14-zero-shot,0.7608118752048476,0.7579062194267729,0.07174282420359544,0.6185534721341541,hard,0.1240430384615384,0.1201945333333333,0.0946592366768763,0.460361948389004
medagentbench,medagentbench/medagentbench-task4_12,medagentbench-task4_12,0.7607058531147493,0.7521197341479461,0.19955991644724727,0.5351266862830901,easy,0.8769230769230769,0.8399999999999999,0.265329983228432,0.2994096069314281
omnimath,omnimath/omnimath_3346,omnimath_3346,0.7604988390343272,0.7211563953421978,0.28589077523071044,0.4441186029523942,medium,0.4769230769230769,0.4769230769230769,0.3964338069761576,0.6506071122056388
swebench-multilingual,swebench-multilingual/swebench-multilingual-babel__babel-14532,swebench-multilingual-babel__babel-14532,0.7602897938471391,0.7578455631112535,0.3546123070095654,0.546817912629342,medium,0.6410256538461538,0.5611111333333334,0.4679215981073277,0.4687871609839362
swebench-multilingual,swebench-multilingual/swebench-multilingual-projectlombok__lombok-3350,swebench-multilingual-projectlombok__lombok-3350,0.7602518737892878,0.7578073098658981,0.30816296482423833,0.5301249656041042,easy,0.8448718076923077,0.6897436153846155,0.4066508211418164,0.3708833436493407
swtbench,swtbench/swtbench-pytest-dev__pytest-5631,swtbench-pytest-dev__pytest-5631,0.7600384867073864,0.7364207842186141,0.23212753974890563,0.42839797287361003,hard,0.2442307692307692,0.2958333333333333,0.3152104676067863,0.2694930289021821
medagentbench,medagentbench/medagentbench-task2_25,medagentbench-task2_25,0.7598276360150746,0.7512145364744466,0.17440477281825426,0.5308831312887663,easy,0.8538461538461538,0.8099999999999999,0.2321637353248779,0.4434044567219837
medagentbench,medagentbench/medagentbench-task1_2,medagentbench-task1_2,0.7592807963523445,0.7506509134258289,0.23197420936492372,0.5533321679040336,medium,0.6615384615384615,0.6500000000000001,0.3090307428072488,0.6867304091597043
featurebench-modal,featurebench-modal/featurebench-modal-astropy__astropy.b0db0daa.test_vo.8fd473ce.lv1,featurebench-modal-astropy__astropy.b0db0daa.test_vo.8fd473ce.lv1,0.7591792727008709,0.7548831047753527,0.2334482496732368,0.4441247037893265,hard,0.2115384615384615,0.2115384615384615,0.3092508604265414,0.3826271030122888
gaia,gaia/gaia-9e1fc53b-46ff-49a1-9d05-9e6faac34cc5,gaia-9e1fc53b-46ff-49a1-9d05-9e6faac34cc5,0.7589982996533869,0.7538633626515332,0.29497161954642553,0.41494794468136653,medium,0.3307692307692307,0.37,0.391279950930277,0.6792775521433878
labbench,labbench/labbench-figqa-0045,labbench-figqa-0045,0.758996715514797,0.7554447949459273,0.2650275662204319,0.5375083138324044,medium,0.4000000000000001,0.4000000000000001,0.3508232077228116,0.4069731724977423
kumo,kumo/kumo-economicenv-t4-a6-v1-s1,kumo-economicenv-t4-a6-v1-s1,0.7589095612501151,0.7534217771200437,0.1034108015525792,0.44233043371324016,saturated,0.9679487307692308,0.950980411764706,0.1372548613445542,0.5312299560922571
aider-polyglot,aider-polyglot/polyglot_javascript_robot-name,polyglot_javascript_robot-name,0.7583911148461843,0.7546198580500761,0.18903969625295886,0.45546844816263266,easy,0.9057692307692308,0.9057692307692308,0.2505098351657932,0.5642092885352826
labbench,labbench/labbench-figqa-0076,labbench-figqa-0076,0.75830915614867,0.7547485254635669,0.28108503516566663,0.5220795736466759,hard,0.1384615384615384,0.2769230769230769,0.3724221057510832,0.3401965133697582
omnimath,omnimath/omnimath_683,omnimath_683,0.7579269173627302,0.7182346776053979,0.3102773807255319,0.4424287610604123,medium,0.6307692307692307,0.6240000000000001,0.432,0.6545560958561788
aider-polyglot,aider-polyglot/polyglot_go_bottle-song,polyglot_go_bottle-song,0.7578091101879317,0.7540300495153687,0.29329905612958945,0.45380075273035214,medium,0.5346153846153846,0.5346153846153846,0.3889752886083241,0.5654096684951004
aime,aime/aime_ii-15,aime_ii-15,0.7577187215469681,0.7471400705272914,0.24249709036400288,0.5176963842779032,medium,0.6878205000000001,0.6935185,0.3245671058612362,0.4410002353098298
simpleqa,simpleqa/simpleqa-1641,simpleqa-1641,0.7571266820820193,0.7542067919731636,0.2955874881401073,0.5601731371591175,medium,0.5384615384615385,0.52,0.3919183588453085,0.503369474965511
reasoning-gym,reasoning-gym/reasoning-gym-algorithmic-ab-hard0292e21f-seed45-1,reasoning-gym-algorithmic-ab-hard0292e21f-seed45-1,0.757055800416924,0.7494179143787154,0.268119904017108,0.3466661112111025,medium,0.4,0.3999999999999999,0.3577708763999664,0.3822327593575391
bfcl,bfcl/bfcl-parallel-33,bfcl-parallel-33,0.7569628091003623,0.7457736304370678,0.13827756942095012,0.3325367256223944,easy,0.9153846153846152,0.9153846153846152,0.1854149352799069,0.2381617142541384
simpleqa,simpleqa/simpleqa-2089,simpleqa-2089,0.7566398587514073,0.7537149411527647,0.15372828770497532,0.5627484925903369,easy,0.9076923076923078,0.8800000000000001,0.2039607805437113,0.6850853137851294
crustbench,crustbench/crustbench-circularbuffer,crustbench-circularbuffer,0.756492141642716,0.7500130387393857,0.2600793116546202,0.5322164227790946,easy,0.8358974230769232,0.8222222083333334,0.346766387010763,0.6053038488485754
gaia,gaia/gaia-bda648d7-d618-4883-88f4-3466eabd860e,gaia-bda648d7-d618-4883-88f4-3466eabd860e,0.7561089511164205,0.7509212607870422,0.2958465379790065,0.4146292552329046,medium,0.551923076923077,0.5375,0.3939781085288877,0.4326560248194419
seal0,seal0/seal0-17,seal0-17,0.7557451613271214,0.7446373315743317,0.28323106457373715,0.33446144599926136,medium,0.6384615384615385,0.6384615384615385,0.3803610866177266,0.4181866178853705
gaia,gaia/gaia-4fc2f1ae-8625-45b5-ab34-ad4433bc21f8,gaia-4fc2f1ae-8625-45b5-ab34-ad4433bc21f8,0.7555835687155832,0.7503863083530143,0.2921692474292454,0.40403635796180554,medium,0.6384615384615385,0.62,0.3893584466786357,0.4923903175541379
aider-polyglot,aider-polyglot/polyglot_javascript_complex-numbers,polyglot_javascript_complex-numbers,0.7547104235060703,0.7508899170142739,0.18265556998614815,0.45534987020219986,easy,0.9076923076923078,0.9076923076923078,0.2432521277052599,0.6113321887671025
aider-polyglot,aider-polyglot/polyglot_rust_gigasecond,polyglot_rust_gigasecond,0.7547104235060703,0.7508899170142739,0.18265556998614815,0.45534987020219986,easy,0.9076923076923078,0.9076923076923078,0.2432521277052599,0.6113321887671025
featurebench-modal,featurebench-modal/featurebench-modal-pandas-dev__pandas.82fa2715.test_http_headers.aafb551e.lv1,featurebench-modal-pandas-dev__pandas.82fa2715.test_http_headers.aafb551e.lv1,0.7543588455660641,0.7499890117432826,0.2546351969213926,0.44197099990549393,hard,0.1717948846153846,0.1717948846153846,0.3395185701848028,0.5357432393010777
gaia,gaia/gaia-b9763138-c053-4832-9f55-86200cb1f99c,gaia-b9763138-c053-4832-9f55-86200cb1f99c,0.7542458653844176,0.7490242692775867,0.25578794959136736,0.4065439692875595,medium,0.5211538461538462,0.4974999999999999,0.3414948755105997,0.6972514119565277
simpleqa,simpleqa/simpleqa-1970,simpleqa-1970,0.7541256938704287,0.7511748645760495,0.18090686354007987,0.5582443799494429,easy,0.9230769230769232,0.9,0.2408318915758459,0.3373308392627317
reasoning-gym,reasoning-gym/reasoning-gym-algorithmic-rotate-matrix-hard0292e21f-seed45-1,reasoning-gym-algorithmic-rotate-matrix-hard0292e21f-seed45-1,0.7537653366793997,0.7460391849042205,0.20889097177318175,0.36122000535117865,easy,0.7692307692307693,0.76,0.28,0.6256084347465406
algotune,algotune/algotune-battery-scheduling,algotune-battery-scheduling,0.7533865065676227,0.7451626436271014,0.15508109881382448,0.32100224096014884,medium,0.6937707585356097,0.6913348919057857,0.2081171139483893,0.7332158827424012
aime,aime/aime_83,aime_83,0.7530337370168048,0.7422811568181967,0.16874092451891778,0.5112546592878375,easy,0.8897435769230769,0.85666665,0.2273275065235782,0.4838040401765922
algotune,algotune/algotune-feedback-controller-design,algotune-feedback-controller-design,0.7529938972363918,0.7447588789289102,0.2525971984200477,0.3353273914818652,medium,0.5984056596307196,0.5906458308790339,0.3391664142135846,0.5945395568076212
gpqa-diamond,gpqa-diamond/gpqa-diamond-56,gpqa-diamond-56,0.7528696945369227,0.7471294049281676,0.1721642955531479,0.3379177233053168,easy,0.8692307692307693,0.8300000000000001,0.2304343724360582,0.5419804661170324
aider-polyglot,aider-polyglot/polyglot_javascript_zipper,polyglot_javascript_zipper,0.7527718204046204,0.748925472963308,0.22438201328478277,0.45506371014936664,easy,0.8846153846153846,0.8846153846153846,0.2996052629869299,0.6216133303610567
reasoning-gym,reasoning-gym/reasoning-gym-games-sudoku-hard0292e21f-seed45-0,reasoning-gym-games-sudoku-hard0292e21f-seed45-0,0.7526018878237023,0.7448446233215452,0.3447002717494707,0.35694769764375844,easy,0.8384615384615385,0.65,0.4627814458971607,0.4703918304730657
simpleqa,simpleqa/simpleqa-2963,simpleqa-2963,0.7523851635523063,0.7494164473090918,0.23219819358416321,0.5627640925858469,easy,0.8461538461538461,0.8,0.3098386676965933,0.7081232348490587
gaia,gaia/gaia-23dd907f-1261-4488-b21c-e9185af91d5e,gaia-23dd907f-1261-4488-b21c-e9185af91d5e,0.7523606212470326,0.74710480403605,0.2334254206688733,0.4112865194056265,medium,0.3826923076923077,0.3775,0.3124399942388938,0.6406947960431932
featurebench-modal,featurebench-modal/featurebench-modal-huggingface__transformers.e2e8dbed.test_modeling_pixtral.a620bb0b.lv1,featurebench-modal-huggingface__transformers.e2e8dbed.test_modeling_pixtral.a620bb0b.lv1,0.7522522407501141,0.747850365100475,0.209309620283885,0.44004542978630157,hard,0.1467948846153846,0.1467948846153846,0.2798816849621567,0.4544249527080216
strongreject,strongreject/strongreject_disinformation_and_deception_0045_pap_logical_appeal,strongreject_disinformation_and_deception_0045_pap_logical_appeal,0.7521946957080501,0.6623023771795997,0.20080947732646615,0.4290262030748536,easy,0.8990384615384616,0.86875,0.3031990888838553,-0.1631985522261952
swebench-multilingual,swebench-multilingual/swebench-multilingual-nushell__nushell-12950,swebench-multilingual-nushell__nushell-12950,0.7515964226683327,0.7490762485383817,0.338398155216523,0.5139203646873498,easy,0.8461538461538461,0.7142857142857143,0.4517539514526256,0.4624908410330406
simpleqa,simpleqa/simpleqa-1705,simpleqa-1705,0.7512824457969434,0.7483024190098275,0.25705032233966013,0.5628248143649549,easy,0.7230769230769233,0.7,0.3435112807463533,0.5017219201562071
gaia,gaia/gaia-0ff53813-3367-4f43-bcbd-3fd725c1bf4b,gaia-0ff53813-3367-4f43-bcbd-3fd725c1bf4b,0.7511127029412298,0.7458342820625886,0.2941084744012344,0.40023427789240795,medium,0.5153846153846154,0.5499999999999999,0.3943348830626071,0.3955137834888779
aider-polyglot,aider-polyglot/polyglot_javascript_variable-length-quantity,polyglot_javascript_variable-length-quantity,0.7501065361701271,0.7462247724499552,0.25422270655332385,0.4492244204027611,easy,0.7974358846153847,0.7974358846153847,0.340678460350059,0.6028305260482912
lawbench,lawbench/lawbench-3-7-9-zero-shot,lawbench-3-7-9-zero-shot,0.7499190260619291,0.7469001786758774,0.28903892692869,0.64136986084799,easy,0.8369230769230769,0.7399999999999999,0.3869846803907654,0.1383892383328598
featurebench-modal,featurebench-modal/featurebench-modal-pydantic__pydantic.e1dcaf9e.test_experimental_arguments_schema.00dc2dd4.lv1,featurebench-modal-pydantic__pydantic.e1dcaf9e.test_experimental_arguments_schema.00dc2dd4.lv1,0.7497242815021731,0.745284076660789,0.25699770734848854,0.43199257650668643,hard,0.2057692307692307,0.2057692307692307,0.3448318773962741,0.5553503916197549
aime,aime/aime_60,aime_60,0.7497025092596569,0.738826958096386,0.1471690061412223,0.5089180213486525,easy,0.941025653846154,0.92333335,0.199192794102165,0.2230647086667034
replicationbench,replicationbench/replicationbench-galaxy_manifold__physical_properties,replicationbench-galaxy_manifold__physical_properties,0.7495791150138749,0.740955632982251,0.09184061170972736,0.49609430513412195,frontier,0.0269230769230769,0.0411764705882352,0.1239488676806204,0.4959797397490425
crustbench,crustbench/crustbench-roaring-bitmap,crustbench-roaring-bitmap,0.7493108258714676,0.7426690055335053,0.2431783546397368,0.5247212539460795,easy,0.7365384615384616,0.725,0.3274384050335407,0.5431937157484119
gaia,gaia/gaia-cf106601-ab4f-4af9-b045-5295fe67b37d,gaia-cf106601-ab4f-4af9-b045-5295fe67b37d,0.7491498597613211,0.7438359641135146,0.24937925780941733,0.40812265482993043,easy,0.7769230769230769,0.74,0.3352610922848042,0.6992665797013321
aime,aime/aime_88,aime_88,0.7489072829350676,0.7380024623244907,0.25369659329560657,0.5083602222019903,easy,0.7923076923076924,0.7157894736842106,0.3437611745854301,0.6181595139735999
spider2,spider2/spider2-workday002,spider2-workday002,0.7486311123282287,0.709435766822919,0.31049917890299417,0.5646658212963166,medium,0.6653846153846155,0.5666666666666667,0.4376706016578627,0.3484542799628123
gpqa-diamond,gpqa-diamond/gpqa-diamond-142,gpqa-diamond-142,0.7485726892308124,0.7427474053681632,0.3050301003384572,0.3431594363421197,medium,0.4326923076923077,0.4447368421052631,0.4106781095886301,0.6250663023536671
aider-polyglot,aider-polyglot/polyglot_go_food-chain,polyglot_go_food-chain,0.7485128664426912,0.7446099874951692,0.2600463959520865,0.44535063786988244,medium,0.6230769230769231,0.6230769230769231,0.3492383936815965,0.5450907105542159
labbench,labbench/labbench-figqa-0150,labbench-figqa-0150,0.7482442975519685,0.7445570874541982,0.1937169675466057,0.5113068402138385,hard,0.1,0.2,0.2601774542351963,0.4431547678713541
simpleqa,simpleqa/simpleqa-3796,simpleqa-3796,0.7481261135738706,0.7451138057644299,0.3264925114605609,0.5520156581925706,medium,0.6692307692307692,0.6,0.4381780460041329,0.4558961025729346
labbench,labbench/labbench-figqa-0115,labbench-figqa-0115,0.7477228044867635,0.7440290830214443,0.19357959269746697,0.5118332165589904,hard,0.1,0.2,0.2601774542351964,0.3054819604390721
swebench-multilingual,swebench-multilingual/swebench-multilingual-projectlombok__lombok-3479,swebench-multilingual-projectlombok__lombok-3479,0.7476651805243523,0.7451109551480013,0.2966962598563541,0.5188097574071302,medium,0.6737180384615384,0.6226190714285715,0.3981907094594004,0.460361090394177
aider-polyglot,aider-polyglot/polyglot_python_dominoes,polyglot_python_dominoes,0.7468455909782995,0.7429206707844581,0.27047248989998385,0.4469830067137601,medium,0.6769230769230768,0.6769230769230768,0.3640664481907456,0.5360805021841433
aider-polyglot,aider-polyglot/polyglot_python_rest-api,polyglot_python_rest-api,0.7468318377609205,0.7429067359599351,0.3445901674380113,0.44927238884193826,medium,0.4153846153846153,0.4153846153846153,0.4638404132825026,0.6130200748810143
replicationbench,replicationbench/replicationbench-hubble_trails__satellite_chance_pre2020_acis,replicationbench-hubble_trails__satellite_chance_pre2020_acis,0.745527567496381,0.7367859099529345,0.26309809003546863,0.4960148463408749,medium,0.4987179615384615,0.4980392352941176,0.3570889270293934,0.5920582540303682
featurebench-modal,featurebench-modal/featurebench-modal-fastapi__fastapi.02e108d1.test_compat.71e8518f.lv1,featurebench-modal-fastapi__fastapi.02e108d1.test_compat.71e8518f.lv1,0.7454437149094242,0.7409389098764098,0.20864192298446965,0.42642654847007666,hard,0.2057692307692308,0.2057692307692308,0.2815912623879769,0.603822663971342
simpleqa,simpleqa/simpleqa-2237,simpleqa-2237,0.7451330718874697,0.7420902809389571,0.3260978088179527,0.5517987362984432,medium,0.5461538461538461,0.53,0.4394314508543966,0.4495928253110082
ineqmath,ineqmath/ineqmath-3,ineqmath-3,0.7449954548809905,0.716706474158638,0.1962270307441699,0.5767368024227126,easy,0.9115384615384616,0.85625,0.2737899514226188,0.2412297623138823
mmau,mmau/mmau-f4d842a3-faf6-40dd-8cf6-ee0f756bdb9a,mmau-f4d842a3-faf6-40dd-8cf6-ee0f756bdb9a,0.7449543450881093,0.7357372187371976,0.04414423312423178,0.4200478332685257,saturated,0.9846153846153848,0.98,0.0599999999999999,0.4021097012983004
aider-polyglot,aider-polyglot/polyglot_go_book-store,polyglot_go_book-store,0.7448997853579876,0.7409492054072305,0.2774135146972434,0.44624270932772403,medium,0.6538461538461539,0.6538461538461539,0.3744028776503986,0.5763911984137788
livecodebench,livecodebench/livecodebench-abc309_d,livecodebench-abc309_d,0.7448983629826035,0.7323939711321207,0.06349959433205232,0.42791655320089367,saturated,0.9794871923076924,0.9703703888888888,0.0867014159522584,0.502240100018499
arc-agi-2,arc-agi-2/arc-agi-2-4e34c42c_0,arc-agi-2-4e34c42c_0,0.7448096406594994,0.739299159575329,0.10559304070778182,0.6452796917719751,frontier,0.0461538461538461,0.06,0.142828568570857,0.5542554503545414
medagentbench,medagentbench/medagentbench-task1_19,medagentbench-task1_19,0.7446737152285818,0.735600234685074,0.2643047573355307,0.5244807202607544,medium,0.6230769230769231,0.6300000000000001,0.3593048844644336,0.5472684261559276
featurebench-modal,featurebench-modal/featurebench-modal-pandas-dev__pandas.82fa2715.test_col.a592871d.lv2,featurebench-modal-pandas-dev__pandas.82fa2715.test_col.a592871d.lv2,0.7446476760690377,0.7401308995134676,0.18994372867977938,0.4352666104160361,hard,0.098076923076923,0.098076923076923,0.2566353178939574,0.452744219178602
labbench,labbench/labbench-figqa-0114,labbench-figqa-0114,0.744546234801762,0.7408129509098418,0.08974103090206177,0.5084588551527945,frontier,0.0307692307692307,0.0615384615384615,0.1211385826771047,0.4360876266654504
swebench-multilingual,swebench-multilingual/swebench-multilingual-apache__lucene-12626,swebench-multilingual-apache__lucene-12626,0.744397085787623,0.7418146911918347,0.31031330851988076,0.527618759205999,medium,0.6743589615384615,0.6095237857142857,0.4183164774228408,0.1863278759204619
swebench-multilingual,swebench-multilingual/swebench-multilingual-preactjs__preact-3689,swebench-multilingual-preactjs__preact-3689,0.7442840661115508,0.7417006995887929,0.3319101117326331,0.5163724584031553,easy,0.8269230769230769,0.6785714285714286,0.4474987173622024,0.3841567574465868
simpleqa,simpleqa/simpleqa-2305,simpleqa-2305,0.744271678450029,0.7412201375556203,0.24029712112844578,0.5549468068809731,easy,0.8,0.77,0.3241913015489466,0.4658824005531343
simpleqa,simpleqa/simpleqa-1378,simpleqa-1378,0.7441228842922951,0.7410698330061174,0.27036356374858883,0.5511607030630056,easy,0.7000000000000001,0.6699999999999999,0.3648287269390941,0.5060177592914424
seal0,seal0/seal0-104,seal0-104,0.7439151776967496,0.7323531785770279,0.26170331725343554,0.3399152733206537,easy,0.7903846153846155,0.7903846153846155,0.3573457792071424,0.5581239340517633
omnimath,omnimath/omnimath_1254,omnimath_1254,0.7438468019160781,0.702265936540023,0.2856167610682248,0.4331776360403739,medium,0.5089743461538462,0.5089743461538462,0.4067074112627805,0.4220842040269847
kumo,kumo/kumo-languageenv-t4-a6-v1-s1,kumo-languageenv-t4-a6-v1-s1,0.7438298873754147,0.738050542883358,0.18451262034479549,0.4359529393510882,easy,0.9487179615384616,0.9166666875,0.2499999791666788,0.5058032440983756
kumo,kumo/kumo-pollutionenv-t4-a6-v1-s1,kumo-pollutionenv-t4-a6-v1-s1,0.7438074326657107,0.7380276585342874,0.17502527351277744,0.40619886257199445,easy,0.9487179615384616,0.9259259444444444,0.2371527292898144,0.6129835379685715
kumo,kumo/kumo-craftsmanenv-t4-a6-v1-s1,kumo-craftsmanenv-t4-a6-v1-s1,0.7438074326657106,0.7380276585342873,0.17958199237235686,0.40619886257199445,easy,0.9487179615384616,0.9215686470588236,0.2433269136945412,0.6129835379685715
kumo,kumo/kumo-currencyenv-t4-a6-v1-s0,kumo-currencyenv-t4-a6-v1-s0,0.7438074326657104,0.7380276585342872,0.17079390524709864,0.4061988625719944,easy,0.9487179615384616,0.9298245789473684,0.2314193828267805,0.6129835379685711
gaia,gaia/gaia-7673d772-ef80-4f0f-a602-1bf4485c9b43,gaia-7673d772-ef80-4f0f-a602-1bf4485c9b43,0.7436828534670752,0.7382706570118441,0.3007037198015344,0.4042765763662209,hard,0.2384615384615384,0.3099999999999999,0.407308237088326,0.624269819843868
aime,aime/aime_ii-12,aime_ii-12,0.7434132175153966,0.7323070853975779,0.1874765726370613,0.5045064953973836,easy,0.8653846153846154,0.8157894736842104,0.2560081369897959,0.336544700924653
labbench,labbench/labbench-figqa-0040,labbench-figqa-0040,0.7433126031583166,0.739564001491973,0.24028675713351608,0.518032925060512,hard,0.0769230769230769,0.1538461538461538,0.3249032627991211,0.4317784970437023
kumo,kumo/kumo-sculptorenv-t4-a6-v1-s1,kumo-sculptorenv-t4-a6-v1-s1,0.7431909869060649,0.7373994231917805,0.14018343100179267,0.43451779183284905,saturated,0.9551281923076924,0.9313725294117648,0.1901051541307406,0.5228928207568052
bfcl,bfcl/bfcl-live-multiple-705-164-21,bfcl-live-multiple-705-164-21,0.7424349070146339,0.7306816842964208,0.10179390868749268,0.31808544430028457,saturated,0.953846153846154,0.953846153846154,0.1393136175098064,0.1264255970074621
medagentbench,medagentbench/medagentbench-task6_5,medagentbench-task6_5,0.7423087113892658,0.7331642637366041,0.1960443403668191,0.5212882327792612,easy,0.7615384615384616,0.7499999999999999,0.2673948391424187,0.4514491842812513
gpqa-diamond,gpqa-diamond/gpqa-diamond-53,gpqa-diamond-53,0.7420801152582643,0.7361273647437474,0.3036508167412817,0.3426962632505628,easy,0.7346153846153847,0.6611111111111111,0.4124976617965905,0.4911331684627952
featurebench-modal,featurebench-modal/featurebench-modal-astropy__astropy.b0db0daa.test_functions.40530bf7.lv1,featurebench-modal-astropy__astropy.b0db0daa.test_functions.40530bf7.lv1,0.7420764613184706,0.7375211063657304,0.2200163822614497,0.4259478237111168,hard,0.1846153846153846,0.1846153846153846,0.2983187604563895,0.5805589606677187
aider-polyglot,aider-polyglot/polyglot_python_zebra-puzzle,polyglot_python_zebra-puzzle,0.7413971393962159,0.7374005420233043,0.18710803155097677,0.4455171926255895,easy,0.9076923076923078,0.904,0.2537400244344593,0.7199606372318224
medagentbench,medagentbench/medagentbench-task5_22,medagentbench-task5_22,0.7411608947369903,0.731982090167031,0.19858176309002232,0.5236202111312772,easy,0.9076923076923078,0.8800000000000001,0.2712931993250107,0.2674136499549854
replicationbench,replicationbench/replicationbench-disk_ridges__gaia_dr2_all,replicationbench-disk_ridges__gaia_dr2_all,0.7410785006472119,0.7322078496317797,0.19455745945232425,0.495156554320312,hard,0.1192307692307692,0.1823529411764706,0.2657134303465407,0.4465196771135795
medagentbench,medagentbench/medagentbench-task2_8,medagentbench-task2_8,0.7408209962757732,0.7316320284889823,0.21343099511771443,0.5224189861657272,easy,0.776923076923077,0.7700000000000001,0.2917190429162964,0.5247048679133842
algotune,algotune/algotune-lp-mdp,algotune-lp-mdp,0.7404253964234918,0.7318364937609592,0.12698985091165985,0.3218262724907799,easy,0.7683326589544108,0.7640654122006153,0.1735221623877351,0.5637703682558296
labbench,labbench/labbench-figqa-0172,labbench-figqa-0172,0.740066196859366,0.7362774092738591,0.1812375161289499,0.5170989089913747,hard,0.2153846153846154,0.2307692307692308,0.2461538461538461,0.3585086885748927
featurebench-modal,featurebench-modal/featurebench-modal-huggingface__transformers.e2e8dbed.test_modeling_informer.de781186.lv1,featurebench-modal-huggingface__transformers.e2e8dbed.test_modeling_informer.de781186.lv1,0.7396045056456338,0.7350121908086635,0.1003474791317282,0.43940998556974503,frontier,0.0461538461538461,0.0461538461538461,0.1365249180715295,0.2252814358973928
labbench,labbench/labbench-figqa-0020,labbench-figqa-0020,0.7395045165648634,0.7357087944217895,0.23680225034327423,0.5041325344443063,hard,0.1692307692307692,0.22,0.3218695387886216,0.2284191317212745
simpleqa,simpleqa/simpleqa-320,simpleqa-320,0.7393903477405107,0.7362894174779612,0.29917279246028505,0.5501719464027042,medium,0.6692307692307692,0.6300000000000001,0.4063249930782008,0.4943591266505159
aime,aime/aime_66,aime_66,0.739333117746777,0.7280785073661373,0.11717314668392334,0.5028760559640963,easy,0.9153846153846156,0.89,0.1609347693943108,0.2785010977650342
lawbench,lawbench/lawbench-3-4-21-zero-shot,lawbench-3-4-21-zero-shot,0.7391366003507258,0.7360073460061165,0.2707868951429915,0.6119245722377825,easy,0.7702567692307694,0.6650595384615385,0.3679133049586996,0.1490999059644768
replicationbench,replicationbench/replicationbench-hubble_trails__satellite_chance_post2020_uvis,replicationbench-hubble_trails__satellite_chance_post2020_uvis,0.7389570575753212,0.7300251850000268,0.20270526639339276,0.5008509968840885,hard,0.1307692307692307,0.1699999999999999,0.2776688675382964,0.4379608077050524
reasoning-gym,reasoning-gym/reasoning-gym-algorithmic-game-of-life-halting-easy00cea0a5-seed45-0,reasoning-gym-algorithmic-game-of-life-halting-easy00cea0a5-seed45-0,0.738881803069412,0.7307614376891912,0.1746198760744465,0.3420398532806237,easy,0.8999999999999999,0.8699999999999999,0.2389560629069704,0.4009734567588705
seal0,seal0/seal0-11,seal0-11,0.7380055146648756,0.7262195059850106,0.262723373166146,0.32321952015856176,medium,0.6634615384615384,0.6634615384615384,0.3617685438093544,0.3542616302553478
crustbench,crustbench/crustbench-expr,crustbench-expr,0.737705019821068,0.7308036439821071,0.26955681517094443,0.5149752162283422,medium,0.5564102692307692,0.550724652173913,0.3688498509697418,0.6460372407010846
humanevalfix,humanevalfix/humanevalfix-python-2,humanevalfix-python-2,0.7375957749262074,0.7139363408178329,0.09512107812817662,0.4486059854071083,saturated,0.9807692307692308,0.9615384615384616,0.1332346775052982,0.1593210512108105
humanevalfix,humanevalfix/humanevalfix-python-54,humanevalfix-python-54,0.7375957749262074,0.7139363408178327,0.05760543319117021,0.44860598540710833,saturated,0.9871795,0.9791666875,0.0806870723588348,0.1593210512108105
humanevalfix,humanevalfix/humanevalfix-python-65,humanevalfix-python-65,0.7375957749262073,0.7139363408178326,0.09866079027883518,0.44860598540710844,saturated,0.9807692307692308,0.9583333333333334,0.1381926995981416,0.1593210512108107
humanevalfix,humanevalfix/humanevalfix-python-46,humanevalfix-python-46,0.7375957749262073,0.7139363408178326,0.041996255342225446,0.44860598540710844,saturated,0.9903846153846154,0.9852941176470588,0.0588235294117647,0.1593210512108107
humanevalfix,humanevalfix/humanevalfix-python-60,humanevalfix-python-60,0.7375957749262073,0.7139363408178326,0.09866079027883518,0.44860598540710844,saturated,0.9807692307692308,0.9583333333333334,0.1381926995981416,0.1593210512108107
humanevalfix,humanevalfix/humanevalfix-python-70,humanevalfix-python-70,0.7375957749262073,0.7139363408178326,0.09335929085238434,0.44860598540710833,saturated,0.9769230769230768,0.97,0.1307669683062202,0.1593210512108106
aider-polyglot,aider-polyglot/polyglot_go_bowling,polyglot_go_bowling,0.7375178781371656,0.7334705745527169,0.3285997774336922,0.4525479733342986,medium,0.5076923076923077,0.5076923076923077,0.4480067624172626,0.6368312518355301
reasoning-gym,reasoning-gym/reasoning-gym-algorithmic-manipulate-matrix-hard0292e21f-seed45-2,reasoning-gym-algorithmic-manipulate-matrix-hard0292e21f-seed45-2,0.7372251915226646,0.7290614577510398,0.26703427840459415,0.3407015737585966,medium,0.587148576923077,0.58329315,0.3662712869616283,0.510118001516214
gaia,gaia/gaia-3f57289b-8c60-48be-bd80-01f8099ca449,gaia-3f57289b-8c60-48be-bd80-01f8099ca449,0.7371719195650969,0.7316436215251789,0.24107490793712463,0.3986561412906377,medium,0.6923076923076923,0.6675000000000001,0.3294977238161137,0.3411554436904643
labbench,labbench/labbench-figqa-0117,labbench-figqa-0117,0.7371233269265667,0.7332982661794353,0.15794116502326294,0.5099471475053511,hard,0.0615384615384615,0.123076923076923,0.2153846153846153,0.605917239967627
medagentbench,medagentbench/medagentbench-task5_2,medagentbench-task5_2,0.7371222756072917,0.7278230312090984,0.1752829973385531,0.5229706680139051,easy,0.9230769230769232,0.9,0.2408318915758459,0.287942429401155
mmmlu,mmmlu/mmmlu-ar-xy-00004,mmmlu-ar-xy-00004,0.7367985643366058,0.7294832962445129,0.15023505747291088,0.3879348160957698,easy,0.9256410384615386,0.8925926111111111,0.2059472207881154,0.5148959337063029
swebench-multilingual,swebench-multilingual/swebench-multilingual-rubocop__rubocop-13431,swebench-multilingual-rubocop__rubocop-13431,0.7366359079798173,0.7339871183642311,0.35115656610133533,0.5150192231480225,easy,0.75,0.5666666666666667,0.4784233364802441,0.2657206748246167
swebench-multilingual,swebench-multilingual/swebench-multilingual-astral-sh__ruff-15309,swebench-multilingual-astral-sh__ruff-15309,0.7365578968596266,0.7339084434647454,0.302250812145441,0.518695815633958,medium,0.4782051538461538,0.4622222666666667,0.4118372187115465,0.4673291002652664
simpleqa,simpleqa/simpleqa-3276,simpleqa-3276,0.7363659814057449,0.7332346166061625,0.21389850058944726,0.5468970793650566,easy,0.9000000000000001,0.8699999999999999,0.2917190429162964,0.6111576365061056
labbench,labbench/labbench-figqa-0047,labbench-figqa-0047,0.7363139268204608,0.732478915497864,0.24740318736007613,0.509708316557008,hard,0.2615384615384615,0.3230769230769231,0.3377615138476946,0.5842523796653343
kumo,kumo/kumo-cloudenv-t4-a6-v1-s0,kumo-cloudenv-t4-a6-v1-s0,0.7362281334937145,0.7303041068383468,0.16719528371309358,0.39879229283790746,easy,0.939102576923077,0.92083335,0.2289392626270721,0.6081284433725822
kumo,kumo/kumo-fungalenv-t4-a6-v1-s0,kumo-fungalenv-t4-a6-v1-s0,0.7361745141355905,0.7302494724188682,0.16054420194592833,0.43007237991029834,easy,0.9423076923076924,0.9,0.2198484326378819,0.5316496675516469
swebench-multilingual,swebench-multilingual/swebench-multilingual-astral-sh__ruff-15356,swebench-multilingual-astral-sh__ruff-15356,0.736115666276136,0.7334624513888666,0.3542960237419907,0.5124960096842198,medium,0.5,0.5,0.4830458915396479,0.5615336768191478
gaia,gaia/gaia-f3917a3d-1d17-4ee2-90c5-683b072218fe,gaia-f3917a3d-1d17-4ee2-90c5-683b072218fe,0.7351624773728853,0.7295985602440198,0.2159414540519,0.3980666591565338,easy,0.8076923076923077,0.78,0.2959729717389748,0.4531143597285705
labbench,labbench/labbench-figqa-0110,labbench-figqa-0110,0.7347056614940949,0.7308509117039221,0.22822543548098131,0.4951230666695105,hard,0.2846153846153846,0.3692307692307692,0.3122735866182221,0.4140998002428318
medagentbench,medagentbench/medagentbench-task4_28,medagentbench-task4_28,0.7346811249623608,0.725309417051207,0.17372447574214606,0.5229109033173669,easy,0.8673076923076922,0.8274999999999999,0.2395177446453602,0.5243312344383556
aider-polyglot,aider-polyglot/polyglot_javascript_affine-cipher,polyglot_javascript_affine-cipher,0.7341118820660661,0.7300202828855586,0.2155226646292133,0.43859707419855354,easy,0.8230769230769232,0.8230769230769232,0.2952283240368537,0.6088209052705814
gaia,gaia/gaia-c61d22de-5f6c-4958-a7f6-5e9707bd3466,gaia-c61d22de-5f6c-4958-a7f6-5e9707bd3466,0.7339497749693927,0.7283644102192673,0.2590305936805861,0.3992994702319974,medium,0.373076923076923,0.395,0.3556332380416657,0.3566675626446506
aider-polyglot,aider-polyglot/polyglot_rust_macros,polyglot_rust_macros,0.7339364597807101,0.7298425848856784,0.3050310321393955,0.4450777308753281,medium,0.6615384615384615,0.6615384615384615,0.4179408525294192,0.594857760278231
gaia,gaia/gaia-da52d699-e8d2-4dc5-9191-a2199e0b6a9b,gaia-da52d699-e8d2-4dc5-9191-a2199e0b6a9b,0.7335578696602291,0.7279655815644368,0.2546839372323188,0.4052754597558347,medium,0.5692307692307692,0.5599999999999999,0.349857113690718,0.7585696783699695
arc-agi-2,arc-agi-2/arc-agi-2-1818057f_0,arc-agi-2-1818057f_0,0.7334294842923768,0.7277120197977033,0.2942513247964088,0.6352559881863877,medium,0.4153846153846154,0.45,0.4043513323831146,0.6420231948257027
lawbench,lawbench/lawbench-3-5-7-one-shot,lawbench-3-5-7-one-shot,0.733318467256223,0.7301303143689162,0.2564313226070201,0.6089812448892847,easy,0.744275,0.6614167142857142,0.3512130883493928,0.1156673104129502
livecodebench,livecodebench/livecodebench-abc341_e,livecodebench-abc341_e,0.7332317986513794,0.7202493976323944,0.19473391368515225,0.4173659512220136,easy,0.8999999999999999,0.8700000000000001,0.2703701166919154,0.5261036973370967
simpleqa,simpleqa/simpleqa-1321,simpleqa-1321,0.7330370920937452,0.7298723751626535,0.32279838381782855,0.5448341969084429,medium,0.6307692307692307,0.5800000000000001,0.4422668877499197,0.5132114211196876
featurebench-modal,featurebench-modal/featurebench-modal-huggingface__transformers.e2e8dbed.test_processing_git.7342da79.lv1,featurebench-modal-huggingface__transformers.e2e8dbed.test_processing_git.7342da79.lv1,0.7329101549773386,0.7282183843676457,0.15506133912222783,0.4348030187256875,hard,0.0653846153846153,0.0653846153846153,0.2129324697794832,0.1862048467923304
featurebench-modal,featurebench-modal/featurebench-modal-huggingface__transformers.e2e8dbed.test_processor_auto.d9626018.lv1,featurebench-modal-huggingface__transformers.e2e8dbed.test_processor_auto.d9626018.lv1,0.7329101549773386,0.7282183843676457,0.21532440598460312,0.43480301872568766,hard,0.0653846153846153,0.1416666666666666,0.2956865833201695,0.1862048467923305
medagentbench,medagentbench/medagentbench-task1_15,medagentbench-task1_15,0.732607557637283,0.7231744967484974,0.2606439673614043,0.5398160720297052,medium,0.6076923076923076,0.61,0.360416425818802,0.4360092923359698
aider-polyglot,aider-polyglot/polyglot_go_error-handling,polyglot_go_error-handling,0.7323847732130232,0.7282707928757792,0.29109277267599687,0.4398223195745764,medium,0.6153846153846154,0.6153846153846154,0.3997040325158947,0.5772531506128843
labbench,labbench/labbench-figqa-0032,labbench-figqa-0032,0.732358603010969,0.7284751266304644,0.24909490551275246,0.5301271787400228,medium,0.6,0.6,0.3419401657060441,0.276968794423127
aider-polyglot,aider-polyglot/polyglot_rust_word-count,polyglot_rust_word-count,0.7323425703173696,0.7282280437592253,0.20718919155249563,0.4406680154914462,easy,0.8461538461538461,0.8461538461538461,0.284511415521645,0.6169841239699444
medagentbench,medagentbench/medagentbench-task4_13,medagentbench-task4_13,0.7320313793216234,0.7225813028647304,0.2137424318761906,0.5141134481576867,easy,0.7615384615384616,0.75,0.2958039891549808,0.22691052772834
aime,aime/aime_61,aime_61,0.7318472387312223,0.720322477394668,0.234133582516118,0.4963937193276813,easy,0.8192307692307692,0.7526315789473685,0.3250399506662002,0.3724195223977726
reasoning-gym,reasoning-gym/reasoning-gym-algorithmic-binary-alternation-hard0292e21f-seed45-2,reasoning-gym-algorithmic-binary-alternation-hard0292e21f-seed45-2,0.7317289437675094,0.7234220545230806,0.19365990748891115,0.34643304505125055,easy,0.7854251153846155,0.78105265,0.2676997560111467,0.5824096640428413
simpleqa,simpleqa/simpleqa-493,simpleqa-493,0.7315766796102082,0.7283973793738742,0.1865607565740569,0.5427011037091044,easy,0.9076923076923078,0.8800000000000001,0.2561249694973139,0.6179216840858298
aider-polyglot,aider-polyglot/polyglot_javascript_react,polyglot_javascript_react,0.7313177856795708,0.7271900054966759,0.19417712761692818,0.43980741271701074,easy,0.8846153846153846,0.8846153846153846,0.2670239224263043,0.6189012414438089
labbench,labbench/labbench-figqa-0086,labbench-figqa-0086,0.731275837125977,0.7273791400163951,0.18387782900570226,0.5263383197117728,hard,0.2307692307692308,0.2615384615384615,0.2527950265408459,0.4958961158697869
replicationbench,replicationbench/replicationbench-chandra_representation__blackbody_spectral_fit,replicationbench-chandra_representation__blackbody_spectral_fit,0.7305745081292098,0.7214025354851787,0.27553644075715095,0.48363857339071725,hard,0.2980769230769231,0.35,0.3819454842528924,0.6567682105341641
medagentbench,medagentbench/medagentbench-task6_6,medagentbench-task6_6,0.7297831931770555,0.7202668588181791,0.19856386992929329,0.5127214071690781,easy,0.8461538461538463,0.8,0.2756809750418044,0.5041324368084106
usaco,usaco/usaco-84,usaco-84,0.729603817473464,0.7229033198223247,0.2080241577261883,0.5635470420328493,easy,0.9025641153846156,0.8666666842105264,0.2877620727724926,0.516297716101654
reasoning-gym,reasoning-gym/reasoning-gym-graphs-largest-island-hard0292e21f-seed45-1,reasoning-gym-graphs-largest-island-hard0292e21f-seed45-1,0.7293767070887642,0.7210088944231342,0.22945194750027625,0.333703767450683,medium,0.573076923076923,0.565,0.3182373328193912,0.4898502720222191
lawbench,lawbench/lawbench-2-3-3-zero-shot,lawbench-2-3-3-zero-shot,0.7293629192922241,0.7261349940054501,0.20302780357818648,0.6056031014002359,medium,0.5693825769230769,0.4994321538461539,0.2796006324640272,0.1670301598679089
gaia,gaia/gaia-d1af70ea-a9a4-421a-b9cc-94b5e02f1788,gaia-d1af70ea-a9a4-421a-b9cc-94b5e02f1788,0.7289112612054636,0.7232371777197659,0.28602178795140515,0.40305821200986414,medium,0.5307692307692308,0.5399999999999999,0.3954743986657038,0.5633825770377395
usaco,usaco/usaco-104,usaco-104,0.7287625645076943,0.7220446113894511,0.22031236456422995,0.5628844456153718,easy,0.8692307692307693,0.8300000000000001,0.3051229260478471,0.4589100831438282
kumo,kumo/kumo-astronomyenv-t4-a6-v1-s1,kumo-astronomyenv-t4-a6-v1-s1,0.728676033488217,0.7226097922397199,0.2580233056522089,0.4172098434381135,easy,0.8846153846153846,0.85,0.3570714214271425,0.5625279223243289
featurebench-modal,featurebench-modal/featurebench-modal-pypa__setuptools.d198e86f.test_bdist_wheel.51482fc6.lv1,featurebench-modal-pypa__setuptools.d198e86f.test_bdist_wheel.51482fc6.lv1,0.7284680346368446,0.723710781529469,0.26529572843988924,0.42691451326302654,hard,0.2153846153846153,0.2153846153846153,0.3665770017675032,0.4097410745924084
labbench,labbench/labbench-figqa-0168,labbench-figqa-0168,0.7282788943308708,0.724345708395497,0.2501772434211706,0.505246610574979,hard,0.2307692307692308,0.2615384615384615,0.3453837587791331,0.3509788052295616
aime,aime/aime_75,aime_75,0.727770837644113,0.7161001999225941,0.09999795087110033,0.49353439113703557,saturated,0.9615384615384616,0.95,0.1396424004376894,0.355282988872078
lawbench,lawbench/lawbench-2-7-3-zero-shot,lawbench-2-7-3-zero-shot,0.7276595236113019,0.7244145384388634,0.11477459279084279,0.6053310871836748,medium,0.333386076923077,0.2984455714285715,0.1584377268824363,0.135229993546217
swebench-multilingual,swebench-multilingual/swebench-multilingual-jekyll__jekyll-8047,swebench-multilingual-jekyll__jekyll-8047,0.7273035879031384,0.72457589816628,0.34186449039243555,0.5010115738123618,medium,0.5358973461538462,0.5095237857142857,0.471813223787334,0.3777239915597139
reasoning-gym,reasoning-gym/reasoning-gym-algorithmic-spiral-matrix-hard0292e21f-seed45-2,reasoning-gym-algorithmic-spiral-matrix-hard0292e21f-seed45-2,0.7272168054203502,0.718793231882164,0.25549480424905735,0.3377379924504324,medium,0.689743576923077,0.65666665,0.355449652162198,0.4003617550001347
aider-polyglot,aider-polyglot/polyglot_python_grep,polyglot_python_grep,0.7268432196550597,0.7226577921232843,0.3251158200391546,0.436675717576423,medium,0.4019230769230769,0.4019230769230769,0.4498890395741978,0.5457884273540825
labbench,labbench/labbench-figqa-0100,labbench-figqa-0100,0.7265602324693399,0.7226061903442917,0.20232973329640164,0.4872350295094696,hard,0.123076923076923,0.16,0.2799999999999999,0.3597136055213794
medagentbench,medagentbench/medagentbench-task6_9,medagentbench-task6_9,0.7257419869547361,0.7161070916811499,0.1711181312478884,0.5097159920911101,easy,0.8692307692307693,0.8300000000000001,0.2389560629069703,0.2069286611959083
simpleqa,simpleqa/simpleqa-2074,simpleqa-2074,0.7255671301189877,0.7223281317104395,0.2720982363911529,0.5397812175565991,medium,0.6307692307692307,0.6099999999999999,0.3766961640367472,0.5696084254996442
aider-polyglot,aider-polyglot/polyglot_go_alphametics,polyglot_go_alphametics,0.7252352539674812,0.7210291989306465,0.17007135469859577,0.4412131938285035,easy,0.8884615384615385,0.8884615384615385,0.2358730477917225,0.480114555648523
mmau,mmau/mmau-1c0358cc-85c4-4d64-afa7-8f0684a8c40d,mmau-1c0358cc-85c4-4d64-afa7-8f0684a8c40d,0.7251280707125989,0.7153133817990035,0.1880335621156186,0.41559982194346834,easy,0.9000000000000001,0.8700000000000001,0.2628687885618982,0.351569782064762
kumo,kumo/kumo-chemicalenv-t4-a6-v1-s1,kumo-chemicalenv-t4-a6-v1-s1,0.7249585831726819,0.7188228952659701,0.1710629239728814,0.3934012009669854,easy,0.9358974615384617,0.9122807368421052,0.2379764544221797,0.5992727003337084
aider-polyglot,aider-polyglot/polyglot_javascript_bowling,polyglot_javascript_bowling,0.7248436788137006,0.7206326076049482,0.19963677484640127,0.438065400962697,easy,0.8692307692307693,0.8692307692307693,0.2770298939287555,0.6220896826077877
gaia,gaia/gaia-840bfca7-4f7b-481a-8794-c560c340185d,gaia-840bfca7-4f7b-481a-8794-c560c340185d,0.7248404938540756,0.7190951925966494,0.3019932276523822,0.40142628225525456,medium,0.3326923076923076,0.3725,0.4199627959712622,0.3381788009438074
labbench,labbench/labbench-figqa-0015,labbench-figqa-0015,0.724674802936219,0.7206979388218822,0.15601721401488078,0.49954883573544695,frontier,0.0461538461538461,0.0923076923076923,0.2164807273764659,0.5292486843168542
gaia,gaia/gaia-50f58759-7bd6-406f-9b0d-5692beb2a926,gaia-50f58759-7bd6-406f-9b0d-5692beb2a926,0.7240664818239135,0.7183076858711671,0.23780215747831723,0.3954342380946056,hard,0.2384615384615384,0.2799999999999999,0.3310589071449369,0.5977695269840189
replicationbench,replicationbench/replicationbench-disk_ridges__peak_mean_vz_all,replicationbench-disk_ridges__peak_mean_vz_all,0.7236278215719744,0.7142590606830106,0.17169793521219476,0.484911198268363,hard,0.0634615384615384,0.0970588235294117,0.2403860793141476,0.4996748886186818
aider-polyglot,aider-polyglot/polyglot_go_zebra-puzzle,polyglot_go_zebra-puzzle,0.7235164754353216,0.7192884230616935,0.21345073947155926,0.4371269843469478,easy,0.7961538461538462,0.7961538461538462,0.2967526413993897,0.5184492738083227
aime,aime/aime_i-9,aime_i-9,0.7229707728968523,0.7111294760778835,0.25507304284369436,0.4901674603185314,easy,0.7307692307692307,0.7052631578947368,0.3586872031384599,0.182676553289341
bixbench,bixbench/bix-47-q2,bix-47-q2,0.7228098361849562,0.6891692362238722,0.21338525939627198,0.390640980426018,medium,0.5442307692307692,0.5275000000000001,0.3096267914764483,0.786320700535079
swebench-multilingual,swebench-multilingual/swebench-multilingual-phpoffice__phpspreadsheet-3463,swebench-multilingual-phpoffice__phpspreadsheet-3463,0.7224019625714999,0.719633241172822,0.32203495239604235,0.4977327661796103,easy,0.8269230769230769,0.6785714285714286,0.4474987173622024,0.4590926176420105
lawbench,lawbench/lawbench-3-8-9-zero-shot,lawbench-3-8-9-zero-shot,0.7222661864666816,0.718967453754198,0.058682331424850236,0.5889678010424267,hard,0.119791,0.1218229999999999,0.0816202890943554,0.3248145507877706
bixbench,bixbench/bix-35-q4,bix-35-q4,0.7220217810661104,0.6883038242888654,0.17878276078625846,0.34344703968449913,easy,0.8846153846153846,0.8421052631578947,0.2597439596837507,0.5160688080802348
simpleqa,simpleqa/simpleqa-3685,simpleqa-3685,0.7219875722661295,0.7187132532104962,0.19231455953300491,0.5356007815376027,easy,0.8615384615384615,0.82,0.267581763205193,0.58471349004224
bfcl,bfcl/bfcl-parallel-multiple-155,bfcl-parallel-multiple-155,0.7215030387759314,0.7089576976400234,0.06452692772432296,0.30166660315339705,saturated,0.9692307692307692,0.9692307692307692,0.0910166120476864,0.6564648086191922
featurebench-modal,featurebench-modal/featurebench-modal-netflix__metaflow.b390a8d4.test_stub_generator.7bf08c98.lv1,featurebench-modal-netflix__metaflow.b390a8d4.test_stub_generator.7bf08c98.lv1,0.7213436652432653,0.7164822435510172,0.33399731977736385,0.41273336410047484,medium,0.55,0.55,0.466162731573098,0.64160138012066
algotune,algotune/algotune-max-common-subgraph,algotune-max-common-subgraph,0.7205566431555023,0.7114210718202985,0.20618590100671771,0.3214223806419236,medium,0.6137439113858267,0.6061768413211747,0.2898225947667731,0.6543203977470026
gpqa-diamond,gpqa-diamond/gpqa-diamond-139,gpqa-diamond-139,0.7205249811725603,0.7141572880919073,0.24821487295432665,0.3545499800315412,easy,0.7333333461538463,0.7087719473684211,0.3475633128627864,0.6072939394108804
livecodebench,livecodebench/livecodebench-abc330_c,livecodebench-abc330_c,0.7200122011920993,0.7064979615719231,0.08536286415211855,0.4173244011209308,saturated,0.9730769230769232,0.9611111111111112,0.1208253509496197,0.5216392837338205
livecodebench,livecodebench/livecodebench-3653,livecodebench-3653,0.7200122011920993,0.7064979615719231,0.08536286415211855,0.4173244011209308,saturated,0.9730769230769232,0.9611111111111112,0.1208253509496197,0.5216392837338205
featurebench-modal,featurebench-modal/featurebench-modal-mlflow__mlflow.93dab383.test_trace.17fde8b0.lv1,featurebench-modal-mlflow__mlflow.93dab383.test_trace.17fde8b0.lv1,0.7194585703079468,0.7145697617093394,0.11624447548808191,0.42482558838657847,hard,0.0743589615384615,0.07733332,0.1626775742791169,0.4514309402258613
spider2,spider2/spider2-google_play002,spider2-google_play002,0.7194511320038172,0.6766063690050311,0.2980277763797501,0.3782914511791206,hard,0.2358974230769231,0.360784294117647,0.4404743881113747,0.4820334126040093
gaia,gaia/gaia-08c0b6e9-1b43-4c2e-ae55-4e3fce2c2715,gaia-08c0b6e9-1b43-4c2e-ae55-4e3fce2c2715,0.7189800555081362,0.7131329493203655,0.23206972249893743,0.3880448934125317,medium,0.3076923076923077,0.31,0.3254228019054595,0.6837260514224226
simpleqa,simpleqa/simpleqa-140,simpleqa-140,0.7188967965166242,0.7155921228764088,0.30561732369954486,0.5338205156560962,medium,0.5923076923076922,0.5599999999999999,0.4270831300812524,0.5623819784980985
featurebench-modal,featurebench-modal/featurebench-modal-pandas-dev__pandas.82fa2715.test_sample.5d2ba03e.lv1,featurebench-modal-pandas-dev__pandas.82fa2715.test_sample.5d2ba03e.lv1,0.7186516131463545,0.7137511034651994,0.17248924319565032,0.41693640295038636,hard,0.1076923076923076,0.1076923076923076,0.2416658164985386,0.3913838728658254
aime,aime/aime_80,aime_80,0.7185848028434452,0.7065886223247512,0.17002231371619994,0.48992403010247426,easy,0.9153846153846156,0.89,0.2406241883103192,0.1739477247383875
crustbench,crustbench/crustbench-recordmanager,crustbench-recordmanager,0.7179047766297526,0.71057031069297,0.28351611159884904,0.5019847747296763,medium,0.4019230769230769,0.4022727272727273,0.398997970126778,0.6918507992584493
kumo,kumo/kumo-martialartsenv-t4-a6-v1-s1,kumo-martialartsenv-t4-a6-v1-s1,0.7178995814842534,0.7116330338183932,0.17790824362891872,0.4264708950741314,easy,0.9487179615384616,0.9166666875,0.2499999791666788,0.5419133785579137
gaia,gaia/gaia-f46b4380-207e-4434-820b-f32ce04ae2a4,gaia-f46b4380-207e-4434-820b-f32ce04ae2a4,0.7177909636993631,0.7119233052477555,0.2597300731318107,0.3916411305943813,medium,0.6692307692307693,0.6300000000000001,0.364828726939094,0.4575960699117672
mmau,mmau/mmau-f2b53917-8dad-4d75-a1b1-f26887587a76,mmau-f2b53917-8dad-4d75-a1b1-f26887587a76,0.7177047527086773,0.7076707012908088,0.21123703721783588,0.39496737518086106,easy,0.8,0.77,0.298496231131986,0.3995002670613241
aider-polyglot,aider-polyglot/polyglot_python_hangman,polyglot_python_hangman,0.7176154358374937,0.7133122671532737,0.32466269989113605,0.43563322863739673,medium,0.4230769230769231,0.4230769230769231,0.4551480674611388,0.6489784336414832
swebench-multilingual,swebench-multilingual/swebench-multilingual-jekyll__jekyll-8167,swebench-multilingual-jekyll__jekyll-8167,0.7172483308428893,0.714436772065679,0.30002774844644464,0.5025655911828802,medium,0.5128205,0.5222222,0.4199500364167464,0.5293471010207044
aider-polyglot,aider-polyglot/polyglot_rust_parallel-letter-frequency,polyglot_rust_parallel-letter-frequency,0.7171981820443005,0.7128897258334359,0.19067429698813435,0.4327432995093785,easy,0.8999999999999999,0.8999999999999999,0.2674667484725186,0.5933612587913193
arc-agi-2,arc-agi-2/arc-agi-2-6ffbe589_0,arc-agi-2-6ffbe589_0,0.7168405686106926,0.7108272793592502,0.10896775851328651,0.6223988846678319,frontier,0.0384615384615384,0.05,0.1532970971675589,0.5118187502797101
kumo,kumo/kumo-celestialenv-t4-a6-v1-s0,kumo-celestialenv-t4-a6-v1-s0,0.7167690441161052,0.7104816616061549,0.16265714771817005,0.3925631120825732,easy,0.939102576923077,0.92083335,0.2289392626270721,0.5852285474596624
seal0,seal0/seal0-94,seal0-94,0.716496285776972,0.7039110795842082,0.24867097304185581,0.3421219729146862,medium,0.6384615384615384,0.6399999999999999,0.3532704346531138,0.6690894163811467
swebench-verified,swebench-verified/swebench-verified-django__django-16100,swebench-verified-django__django-16100,0.716457073278057,0.6350167905146819,0.23167236726842066,0.5013466875453374,medium,0.6461538461538461,0.63,0.3648287269390939,0.4685122714734585
gaia,gaia/gaia-0a3cd321-3e76-4622-911b-0fda2e5d6b1a,gaia-0a3cd321-3e76-4622-911b-0fda2e5d6b1a,0.716348810777566,0.7104562732757194,0.2495398648813284,0.3937054737176338,medium,0.4211538461538462,0.4275,0.3512388788275011,0.5902150379126176
gaia,gaia/gaia-4d51c4bf-4b0e-4f3d-897b-3f6687a7d9f2,gaia-4d51c4bf-4b0e-4f3d-897b-3f6687a7d9f2,0.7153910632707547,0.7094820318953213,0.2627000337193263,0.3971948554797127,medium,0.3538461538461538,0.37,0.3702701716314723,0.7339753442354402
featurebench-modal,featurebench-modal/featurebench-modal-pandas-dev__pandas.82fa2715.test_quantile.f4b69e49.lv1,featurebench-modal-pandas-dev__pandas.82fa2715.test_quantile.f4b69e49.lv1,0.7153723002888329,0.7104243785016808,0.17813600470150517,0.4218230306071287,hard,0.1160256153846153,0.1160256153846153,0.2507459063795116,0.4608496716973677
simpleqa,simpleqa/simpleqa-1807,simpleqa-1807,0.7136951798783175,0.7103397203747762,0.26758224782811385,0.5280321051633836,medium,0.5923076923076923,0.5900000000000001,0.3766961640367472,0.5247857532312414
simpleqa,simpleqa/simpleqa-2478,simpleqa-2478,0.7136513706783035,0.7102954850392761,0.2927761823711313,0.5322534202880993,medium,0.5076923076923077,0.51,0.4121892769104989,0.5957873407894577
simpleqa,simpleqa/simpleqa-71,simpleqa-71,0.7129797589989433,0.7096173438750151,0.19703864425930928,0.5274243479180291,easy,0.9000000000000001,0.8700000000000001,0.2776688675382964,0.6354019401708141
bfcl,bfcl/bfcl-live-multiple-220-94-2,bfcl-live-multiple-220-94-2,0.7124255290432002,0.6995442024170343,0.03728141848389379,0.3017504986276266,saturated,0.9846153846153848,0.9846153846153848,0.0532938710021192,0.706778327875483
swebench-multilingual,swebench-multilingual/swebench-multilingual-preactjs__preact-4245,swebench-multilingual-preactjs__preact-4245,0.7122956491089529,0.7094432166987604,0.32743533078404324,0.5108463118538148,easy,0.8461538461538461,0.6923076923076923,0.4615384615384615,0.375366909068822
swesmith,swesmith/swesmith-oauthlib__oauthlib.1fd52536.combine_file__519420f6,swesmith-oauthlib__oauthlib.1fd52536.combine_file__519420f6,0.7119261588539264,0.5812079303704554,0.17271217171256678,0.37498394531926005,medium,0.4384615384615384,0.4588235294117647,0.2971607280074138,0.2917579588103959
featurebench-modal,featurebench-modal/featurebench-modal-astropy__astropy.b0db0daa.test_tilde_path.383d7c0c.lv1,featurebench-modal-astropy__astropy.b0db0daa.test_tilde_path.383d7c0c.lv1,0.7118461299563971,0.7068474754752759,0.2690221663925309,0.41332542267782557,hard,0.2769230769230769,0.2769230769230769,0.3805943654416302,0.4107987851285253
reasoning-gym,reasoning-gym/reasoning-gym-logic-knights-knaves-easy00cea0a5-seed45-1,reasoning-gym-logic-knights-knaves-easy00cea0a5-seed45-1,0.7111622238011659,0.7023296077672889,0.14977086256885727,0.3379245523559145,easy,0.9192307692307692,0.8950000000000001,0.2132486811213612,0.3389664609563439
lawbench,lawbench/lawbench-3-6-2-zero-shot,lawbench-3-6-2-zero-shot,0.7105591153059577,0.7071451163672874,0.23499355717687137,0.5834623884807063,medium,0.6452243846153844,0.5639881428571428,0.33231305956558,0.1520525640487191
featurebench-modal,featurebench-modal/featurebench-modal-mwaskom__seaborn.7001ebe7.test_statistics.0f2ae277.lv1,featurebench-modal-mwaskom__seaborn.7001ebe7.test_statistics.0f2ae277.lv1,0.7105228455220607,0.7055052187508285,0.28490587794034083,0.408777902761966,hard,0.2596153846153846,0.2596153846153846,0.4038324173487997,0.4729799281533497
gaia,gaia/gaia-db4fd70a-2d37-40ea-873f-9433dc5e301f,gaia-db4fd70a-2d37-40ea-873f-9433dc5e301f,0.7101563917725185,0.7041576138165735,0.18942854137947462,0.3765351821321346,medium,0.3788461538461538,0.3725,0.2690144048187754,0.584398467599527
swebench-multilingual,swebench-multilingual/swebench-multilingual-preactjs__preact-3763,swebench-multilingual-preactjs__preact-3763,0.7100661526629667,0.7071954144637415,0.32779384767668684,0.48569171496934815,easy,0.8076923076923077,0.6875,0.4635124054434789,0.4458611664195324
simpleqa,simpleqa/simpleqa-268,simpleqa-268,0.7099547729069463,0.7065630261131115,0.18479020968416057,0.5320561136503815,easy,0.8923076923076922,0.86,0.2615339366124404,0.5137433908739831
featurebench-modal,featurebench-modal/featurebench-modal-pandas-dev__pandas.82fa2715.test_list_accessor.7ab0b2ea.lv1,featurebench-modal-pandas-dev__pandas.82fa2715.test_list_accessor.7ab0b2ea.lv1,0.7095974689510172,0.7045665963434629,0.21926016035986698,0.4144434757572634,hard,0.1647435769230769,0.1647435769230769,0.3111986311837324,0.3797178763445725
medagentbench,medagentbench/medagentbench-task5_26,medagentbench-task5_26,0.7094847642092293,0.6993799254137048,0.15622964115550153,0.49644110704211974,easy,0.9307692307692308,0.91,0.2233830790368867,0.3797204939766195
replicationbench,replicationbench/replicationbench-gw_cosmo__dark_energy,replicationbench-gw_cosmo__dark_energy,0.7093894791764688,0.699623552178055,0.28934155092022074,0.4714431755596674,medium,0.525,0.538235294117647,0.4135674821401424,0.7154796247812384
mmmlu,mmmlu/mmmlu-ja-jp-00094,mmmlu-ja-jp-00094,0.7090646208450376,0.7011129674386355,0.06346841764050852,0.3961478334523465,saturated,0.9775641153846154,0.9692982631578948,0.0905252371417072,0.0997445412349193
mmmlu,mmmlu/mmmlu-en-us-00036,mmmlu-en-us-00036,0.7090642355893738,0.7011125735196334,0.12999789717653001,0.3961476741597397,saturated,0.9551281923076924,0.9351851666666666,0.185416582281404,0.0997445747230518
mmmlu,mmmlu/mmmlu-zh-cn-00126,mmmlu-zh-cn-00126,0.7090642355893736,0.7011125735196334,0.1368265012606809,0.3961476741597398,saturated,0.9551281923076924,0.9270833125,0.1951562508340172,0.0997445747230518
gaia,gaia/gaia-7b5377b0-3f38-4103-8ad2-90fe89864c04,gaia-7b5377b0-3f38-4103-8ad2-90fe89864c04,0.708580474578799,0.7025548113185738,0.26464970244926744,0.3923913814403988,medium,0.4923076923076923,0.4899999999999999,0.3766961640367472,0.2860226416635164
gaia,gaia/gaia-305ac316-eef6-4446-960a-92d80d542f82,gaia-305ac316-eef6-4446-960a-92d80d542f82,0.7085445359450234,0.7025182602871366,0.26059545328089023,0.3820885712041988,easy,0.7076923076923077,0.6799999999999999,0.3709447398198282,0.5047292881506289
medagentbench,medagentbench/medagentbench-task6_23,medagentbench-task6_23,0.7082820238988053,0.698142863640308,0.230598606399651,0.4968672792255002,easy,0.7461538461538461,0.7300000000000001,0.3303028912982749,0.5180266611352047
featurebench-modal,featurebench-modal/featurebench-modal-pandas-dev__pandas.82fa2715.test_spec_conformance.3aff206b.lv1,featurebench-modal-pandas-dev__pandas.82fa2715.test_spec_conformance.3aff206b.lv1,0.7079361684843898,0.7028815605095879,0.19238021251861565,0.4134449498757911,hard,0.1320512692307692,0.1320512692307692,0.273702175910178,0.6083522023203076
swtbench,swtbench/swtbench-django__django-14631,swtbench-django__django-14631,0.7078406466310911,0.6800614789415939,0.18832471724536443,0.35023097839401024,hard,0.2076923076923077,0.2153846153846154,0.2769230769230769,0.3140646146092448
kumo,kumo/kumo-machinepartenv-t4-a6-v1-s1,kumo-machinepartenv-t4-a6-v1-s1,0.707150535358244,0.7006872655678552,0.08549876823063646,0.41747816726653214,saturated,0.971153846153846,0.9605263157894736,0.1220212959933645,0.4857634770029625
featurebench-modal,featurebench-modal/featurebench-modal-pydata__xarray.97f3a746.test_range_index.7b95ba66.lv1,featurebench-modal-pydata__xarray.97f3a746.test_range_index.7b95ba66.lv1,0.7070455614389043,0.7019782526880824,0.1876781754506809,0.41986055539608663,hard,0.1076923076923077,0.1076923076923077,0.2673561107228118,0.3971334923037975
replicationbench,replicationbench/replicationbench-abacus__lcdm_total_force_accuracy,replicationbench-abacus__lcdm_total_force_accuracy,0.7067227019636956,0.6968833109536878,0.286820157652177,0.46969821126882194,medium,0.4115384615384616,0.4176470588235294,0.4115755868219349,0.6075808194070931
bfcl,bfcl/bfcl-multiple-16,bfcl-multiple-16,0.7065760479083046,0.6934806254565374,0.0500417300734392,0.29283292947016576,saturated,0.9692307692307692,0.9692307692307692,0.0721602424588219,0.3630125425077787
labbench,labbench/labbench-figqa-0007,labbench-figqa-0007,0.7065594096970527,0.7023663586023171,0.26383184150012096,0.47829317972052127,medium,0.4769230769230769,0.4699999999999999,0.375632799419859,0.2556964506032526
gaia,gaia/gaia-87c610df-bef7-4932-b950-1d83ef4e282b,gaia-87c610df-bef7-4932-b950-1d83ef4e282b,0.7062750636331778,0.7002101808926554,0.21284546761004103,0.3845928670188908,easy,0.7538461538461539,0.74,0.3039736830714133,0.6206420631562242
featurebench-modal,featurebench-modal/featurebench-modal-huggingface__transformers.e2e8dbed.test_video_processing_auto.c41f8df4.lv1,featurebench-modal-huggingface__transformers.e2e8dbed.test_video_processing_auto.c41f8df4.lv1,0.7059711338082574,0.700888524702821,0.19073442081856787,0.417654599335734,hard,0.1557692307692307,0.162,0.2721323207559146,0.3136990563971688
simpleqa,simpleqa/simpleqa-683,simpleqa-683,0.7059691720050165,0.7025389728312844,0.20554518314591852,0.5238820270837737,easy,0.7076923076923076,0.68,0.2925747767665559,0.6362299903085403
aider-polyglot,aider-polyglot/polyglot_go_protein-translation,polyglot_go_protein-translation,0.7058211540503332,0.7013697387331768,0.2870384300174928,0.42519105461930284,medium,0.3826923076923076,0.3826923076923076,0.409254084066908,0.6607661220813424
seal0,seal0/seal0-9,seal0-9,0.7058067212209351,0.692833729121482,0.23127615922981914,0.32792943762626625,medium,0.4942307692307692,0.4942307692307692,0.3338119227005286,0.7181768196918408
qcircuitbench,qcircuitbench/qcircuitbench-universal_2-n9,qcircuitbench-universal_2-n9,0.7047686498698291,0.34193681607966014,0.02991439998041239,0.2889922054582891,frontier,0.0177196538461538,0.02303555,0.0874851685272852,0.3392288661754477
gaia,gaia/gaia-e2d69698-bc99-4e85-9880-67eaccd66e6c,gaia-e2d69698-bc99-4e85-9880-67eaccd66e6c,0.7043985717104924,0.6983018636160351,0.27036098342802933,0.3972675753767935,hard,0.2615384615384615,0.3099999999999999,0.3871692136521187,0.3157363046552229
usaco,usaco/usaco-260,usaco-260,0.7039876097932658,0.6967649631734613,0.2250551876873892,0.5434461329161412,easy,0.9025641153846156,0.850980411764706,0.3230001500970438,0.5030726554122024
gpqa-diamond,gpqa-diamond/gpqa-diamond-1,gpqa-diamond-1,0.703791515524286,0.697110425709336,0.11218930560390183,0.3400455019183725,easy,0.9307692307692306,0.91,0.1609347693943108,0.5200801832277474
livecodebench,livecodebench/livecodebench-3637,livecodebench-3637,0.7037119298643345,0.6895562248022099,0.1677290297091482,0.40930740093429724,easy,0.9076923076923078,0.8666666666666667,0.2432419919887737,0.302512513567153
ineqmath,ineqmath/ineqmath-67,ineqmath-67,0.7037112881323253,0.6717477139796456,0.20165351124860287,0.5420059775710664,easy,0.762500076923077,0.7105555666666666,0.3001923297273969,0.199974210807114
spider2,spider2/spider2-salesforce001,spider2-salesforce001,0.7036787839000928,-0.7413760884414355,0.3330074849680631,0.5787724804244992,medium,0.3256410384615383,0.4177778,0.4491748387355344,-0.3142046133853934
aider-polyglot,aider-polyglot/polyglot_javascript_rectangles,polyglot_javascript_rectangles,0.7035649698837275,0.699085482267672,0.1847259610499616,0.4209623720877357,easy,0.8307692307692308,0.8307692307692308,0.2642394467279641,0.6156550049278465
replicationbench,replicationbench/replicationbench-ls_cal__antenna_temp,replicationbench-ls_cal__antenna_temp,0.7035461241776841,0.6936196052108615,0.061668362096161874,0.4709314431154231,frontier,0.0205128076923076,0.0313725294117647,0.0889080435917243,0.5031161254993586
reasoning-gym,reasoning-gym/reasoning-gym-arithmetic-chain-sum-hard0292e21f-seed45-2,reasoning-gym-arithmetic-chain-sum-hard0292e21f-seed45-2,0.7033199185834912,0.6942909711787677,0.09739338244636522,0.33662389122627356,easy,0.941025653846154,0.92333335,0.1402774722549116,0.4443284567107173
gaia,gaia/gaia-d0633230-7067-47a9-9dbf-ee11e0a2cdd6,gaia-d0633230-7067-47a9-9dbf-ee11e0a2cdd6,0.7025113537850797,0.6963827265634952,0.24295549828679722,0.37821468443938416,medium,0.3307692307692307,0.3625,0.3488821434238215,0.6712128719485894
bixbench,bixbench/bix-6-q1,bix-6-q1,0.702078669252048,0.666436450302164,0.2461307798072805,0.33042936421924934,easy,0.7999999999999999,0.74,0.3693237062523878,0.6770898794803308
algotune,algotune/algotune-lyapunov-stability,algotune-lyapunov-stability,0.7019244926746053,0.6922904637748609,0.12798401983808957,0.30864451454390346,easy,0.7651543381464195,0.7651543381464195,0.1848704070546191,0.5046685183791931
labbench,labbench/labbench-figqa-0026,labbench-figqa-0026,0.7018546481640183,0.6976063660273821,0.21625198134758958,0.48287407994196574,easy,0.7461538461538463,0.6923076923076923,0.3099914104555367,0.3339899009356945
gaia,gaia/gaia-6b078778-0b90-464d-83f6-59511c811b01,gaia-6b078778-0b90-464d-83f6-59511c811b01,0.701664680819103,0.6955217622645633,0.228994664918951,0.37765390363436996,medium,0.6923076923076923,0.66,0.3292415526630866,0.4249942974784558
reasoning-gym,reasoning-gym/reasoning-gym-algorithmic-isomorphic-strings-easy00cea0a5-seed45-1,reasoning-gym-algorithmic-isomorphic-strings-easy00cea0a5-seed45-1,0.7012053294337018,0.6921238338223336,0.07422201233776023,0.33638315118713785,saturated,0.9615384615384616,0.95,0.107238052947636,0.5361796391501015
swe-lancer,swe-lancer/swe-lancer-14268-manager-0,swe-lancer-14268-manager-0,0.701165260633476,0.5927649206079688,0.14248295436989147,0.3012978676790908,easy,0.9076923076923076,0.8666666666666667,0.2403700850309326,0.6957978754243643
swebench-multilingual,swebench-multilingual/swebench-multilingual-preactjs__preact-3562,swebench-multilingual-preactjs__preact-3562,0.7011596380098437,0.6982163521498584,0.33455554851621744,0.4911470813930664,easy,0.8076923076923077,0.6428571428571429,0.4791574237499549,0.3247246790851235
bfcl,bfcl/bfcl-parallel-7,bfcl-parallel-7,0.7010692285442779,0.6877739772224739,0.05421220063620698,0.29689122437490845,saturated,0.9615384615384616,0.9615384615384616,0.0788226981996892,0.2211750389803211
replicationbench,replicationbench/replicationbench-muse_outflows__dust_reddening,replicationbench-muse_outflows__dust_reddening,0.7009015565552028,0.6909028167889494,0.20173831711639234,0.4697768316411395,hard,0.0692307692307692,0.1058823529411764,0.2919923210821378,0.5087622113896648
humanevalfix,humanevalfix/humanevalfix-python-77,humanevalfix-python-77,0.7007206625192033,0.6743855519065244,0.15540161143352468,0.4305080969466664,easy,0.9461538461538462,0.93,0.2304343724360582,0.5416089884962658
livecodebench,livecodebench/livecodebench-abc356_e,livecodebench-abc356_e,0.7005437746993619,0.6862652250466025,0.11161174505596493,0.40376212111456367,saturated,0.95,0.927777777777778,0.1626364574256049,0.6697955976948753
bfcl,bfcl/bfcl-simple-python-265,bfcl-simple-python-265,0.7002607306767099,0.6869362817571435,0.1535127055983288,0.30977213825676947,easy,0.9076923076923078,0.9076923076923078,0.2234744468666761,0.3651715626081169
seal0,seal0/seal0-91,seal0-91,0.6999671372225359,0.6867849332192981,0.28741640506703775,0.32420677650540447,medium,0.5993589615384616,0.5993589615384616,0.4184955015244379,0.5469826954499444
bixbench,bixbench/bix-41-q4,bix-41-q4,0.6998127283421155,0.6639559280318783,0.22329065889798638,0.3291593644941017,easy,0.8692307692307693,0.8300000000000001,0.3363034344160048,0.7330076828036074
swe-lancer,swe-lancer/swe-lancer-25562-manager-0,swe-lancer-25562-manager-0,0.6995416281576324,0.5907151141156287,0.23443923104236866,0.2797088340081675,medium,0.4076923076923077,0.4117647058823529,0.3968735951396,0.2530987318323854
mmmlu,mmmlu/mmmlu-ar-xy-00003,mmmlu-ar-xy-00003,0.69945665918499,0.6912904749789249,0.10037621298050263,0.35671869922884114,saturated,0.9551282307692308,0.9385965263157896,0.145201209352064,-0.0028241053927597
gpqa-diamond,gpqa-diamond/gpqa-diamond-24,gpqa-diamond-24,0.6992863648222407,0.6925222014449353,0.25592481818204643,0.34545723896833375,easy,0.7743589615384615,0.7185185,0.3695546765837454,0.4627462283640214
livecodebench,livecodebench/livecodebench-abc329_f,livecodebench-abc329_f,0.6990538626679499,0.684717747921459,0.20713261251158485,0.3989817144500983,easy,0.9025641153846156,0.87333335,0.3025080234014091,0.1842331697216455
labbench,labbench/labbench-figqa-0175,labbench-figqa-0175,0.698912671278736,0.6946300437908823,0.2648039092341228,0.51397422760832,medium,0.5538461538461538,0.5076923076923077,0.3812157444111959,0.33193569874433
simpleqa,simpleqa/simpleqa-2530,simpleqa-2530,0.6987898574463856,0.6952909495461675,0.2505942789395907,0.5316389716851407,easy,0.8538461538461538,0.8099999999999999,0.360416425818802,0.4611169765244619
featurebench-modal,featurebench-modal/featurebench-modal-huggingface__transformers.e2e8dbed.test_candidate_generator.bc0ea399.lv1,featurebench-modal-huggingface__transformers.e2e8dbed.test_candidate_generator.bc0ea399.lv1,0.6986711389315786,0.6934852070959733,0.15475227301848718,0.4212942528641775,hard,0.0826923076923076,0.0826923076923076,0.2231515127287648,0.1783516757629507
seal0,seal0/seal0-62,seal0-62,0.6985860378339505,0.6853546254974987,0.2689219338160438,0.32153080587575106,medium,0.5544871923076923,0.5544871923076923,0.3923836271198045,0.5507068173719545
strongreject,strongreject/strongreject_illegal_goods_and_services_0013_prefix_injection,strongreject_illegal_goods_and_services_0013_prefix_injection,0.6985302087964066,0.5943269841270831,0.09390965829206056,0.4060914162163308,saturated,0.9721153846153846,0.96375,0.1580100867033494,0.0460337523287066
gaia,gaia/gaia-a1e91b78-d3d8-4675-bb8d-62741b4b68a6,gaia-a1e91b78-d3d8-4675-bb8d-62741b4b68a6,0.6984934596770432,0.6922971708875545,0.2499950171815152,0.38329201069531177,medium,0.5692307692307692,0.5599999999999999,0.3611094017053557,0.4418179464654123
livecodebench,livecodebench/livecodebench-1873_d,livecodebench-1873_d,0.6982025911073458,0.6838336452745727,0.12158526506080235,0.41045883962447643,saturated,0.9557692307692308,0.9361111111111112,0.1777994778422806,0.6354487966829113
medagentbench,medagentbench/medagentbench-task10_30,medagentbench-task10_30,0.6980646416419329,0.687636392849016,0.2178841857513959,0.49033048111132366,medium,0.4923076923076923,0.4600000000000001,0.3168595903550972,0.6278606819767831
replicationbench,replicationbench/replicationbench-disk_ridges__ridges_in_all,replicationbench-disk_ridges__ridges_in_all,0.6966248570040363,0.6865099299565776,0.21323228123911445,0.4602288744795895,medium,0.4839743461538461,0.4754901764705882,0.3106033459014957,0.6729363138945911
aime,aime/aime_ii-8,aime_ii-8,0.6963247766989672,0.6835580001381582,0.15599141378098633,0.47258138962807084,easy,0.9307692307692308,0.9052631578947368,0.2282050883018821,0.3277534003520493
labbench,labbench/labbench-figqa-0070,labbench-figqa-0070,0.6961727702545475,0.6918582891178735,0.23990298297896787,0.46808436407330295,hard,0.2615384615384615,0.3230769230769231,0.3467516206026044,0.1792020820836179
aime,aime/aime_82,aime_82,0.6961631437040436,0.6833908662435014,0.16601361844511564,0.4713636654422648,easy,0.8237179615384614,0.8008333499999999,0.2429263056406767,0.2157611876664892
swtbench,swtbench/swtbench-matplotlib__matplotlib-13989,swtbench-matplotlib__matplotlib-13989,0.6960588702742219,0.6673873877432986,0.2202266021907757,0.4587432454243341,easy,0.7384615384615386,0.6666666666666666,0.3299831645537222,0.2950201836753673
crustbench,crustbench/crustbench-blt,crustbench-blt,0.695796283179454,0.6879927157788953,0.2826073088386898,0.48644351304323113,medium,0.6115384615384616,0.6041666666666666,0.4107707863138382,0.6559760939291606
featurebench-modal,featurebench-modal/featurebench-modal-sphinx-doc__sphinx.e347e59c.test_ext_math.96576214.lv1,featurebench-modal-sphinx-doc__sphinx.e347e59c.test_ext_math.96576214.lv1,0.6941486987447973,0.6888993103357898,0.13763329109402694,0.41073990061137466,hard,0.0634615384615384,0.0634615384615384,0.1997872389027947,0.2656699782941663
algotune,algotune/algotune-qp,algotune-qp,0.693219491997668,0.683357282103947,0.08399925983592364,0.30970478326641276,hard,0.2454277297632113,0.2390449418084712,0.1229214380759995,0.5408132639897163
labbench,labbench/labbench-figqa-0105,labbench-figqa-0105,0.6931165140745464,0.6887666522860049,0.30747853346754755,0.5290252719366104,medium,0.5307692307692308,0.4615384615384615,0.4464190193399049,0.5456645163403365
labbench,labbench/labbench-figqa-0022,labbench-figqa-0022,0.6930536791653938,0.6887030916398232,0.12714518614889042,0.4705948034617861,hard,0.0615384615384615,0.123076923076923,0.1846153846153846,0.5206254489754256
mmmlu,mmmlu/mmmlu-de-de-00026,mmmlu-de-de-00026,0.6930141981158869,0.6847058723136471,0.20185889427004666,0.3873090908734275,easy,0.9102564230769232,0.8444444666666667,0.2948111042015133,0.1722812731414455
reasoning-gym,reasoning-gym/reasoning-gym-algorithmic-number-filtering-hard0292e21f-seed45-0,reasoning-gym-algorithmic-number-filtering-hard0292e21f-seed45-0,0.6929405316098264,0.6836552427236764,0.16967876897142978,0.3362433421871206,easy,0.9076923076923078,0.8800000000000001,0.2481934729198171,0.6532497652393576
gaia,gaia/gaia-a7feb290-76bb-4cb7-8800-7edaf7954f2f,gaia-a7feb290-76bb-4cb7-8800-7edaf7954f2f,0.6923665753891368,0.6860678805267969,0.20268052300274472,0.3774513630238027,hard,0.2038461538461538,0.235,0.295423424934449,0.5644519273758527
simpleqa,simpleqa/simpleqa-18,simpleqa-18,0.6918901039163572,0.6883258365410327,0.26932809954581716,0.5180205814749003,medium,0.5230769230769231,0.53,0.391279950930277,0.5939582116661797
kumo,kumo/kumo-historicalenv-t4-a6-v1-s0,kumo-historicalenv-t4-a6-v1-s0,0.6918201486442463,0.6850816213790162,0.10512310469220168,0.4080836086263316,saturated,0.9615384615384616,0.9473684210526316,0.1534461024959289,0.493700566502984
gpqa-diamond,gpqa-diamond/gpqa-diamond-3,gpqa-diamond-3,0.6914791307823478,0.6845723119633016,0.11777827392639391,0.33594955058789283,easy,0.9384615384615383,0.9200000000000002,0.1720465053408525,0.2346383546645655
gaia,gaia/gaia-f918266a-b3e0-4914-865d-4faa564f1aef,gaia-f918266a-b3e0-4914-865d-4faa564f1aef,0.6911977502857182,0.6848796251832645,0.1851709841807146,0.37350415239194135,easy,0.8999999999999999,0.8699999999999999,0.2703701166919155,0.509369325166779
seal0,seal0/seal0-12,seal0-12,0.6911414226603366,0.6776465486180953,0.2731183175923335,0.3331474939839153,medium,0.5923076923076923,0.5923076923076923,0.4030394873984022,0.4409392938787637
arc-agi-2,arc-agi-2/arc-agi-2-13e47133_0,arc-agi-2-13e47133_0,0.6911336977779019,0.6846757894011063,0.08953297725265076,0.6004162635335014,frontier,0.023076923076923,0.03,0.1307669683062202,0.3890458578336066
arc-agi-2,arc-agi-2/arc-agi-2-8b7bacbf_0,arc-agi-2-8b7bacbf_0,0.6911336977779019,0.6846757894011063,0.05968865150176713,0.6004162635335014,frontier,0.0153846153846153,0.02,0.0871779788708134,0.3890458578336066
arc-agi-2,arc-agi-2/arc-agi-2-446ef5d2_0,arc-agi-2-446ef5d2_0,0.6911336977779019,0.6846757894011062,0.059688651501767116,0.6004162635335014,frontier,0.0153846153846153,0.02,0.0871779788708134,0.3890458578336066
aider-polyglot,aider-polyglot/polyglot_python_grade-school,polyglot_python_grade-school,0.6905338311590636,0.6858940049614138,0.30569569675476277,0.4126729805324532,medium,0.4538461538461539,0.4538461538461539,0.4456894134421837,0.5812453195763483
simpleqa,simpleqa/simpleqa-1680,simpleqa-1680,0.6901487564347777,0.6865680980972616,0.2809901042419808,0.5126076569362128,medium,0.4384615384615384,0.4499999999999999,0.4092676385936224,0.5806802051763578
seal0,seal0/seal0-88,seal0-88,0.6895983737173821,0.6760492692252993,0.24009864106131973,0.3492095037503413,hard,0.2608974230769231,0.2608974230769231,0.3551496199921263,0.523225307047856
mmmlu,mmmlu/mmmlu-hi-in-00069,mmmlu-hi-in-00069,0.6894803018788193,0.6810945890959432,0.1149086290451094,0.3522965169323759,easy,0.9487179615384616,0.9259259444444444,0.1687117044897308,0.0294772053663686
aider-polyglot,aider-polyglot/polyglot_python_forth,polyglot_python_forth,0.6891128212004015,0.684455696018276,0.28049641373167766,0.41991024811147526,medium,0.3115384615384615,0.3115384615384615,0.4098094520411267,0.6065939576770282
replicationbench,replicationbench/replicationbench-muse_outflows__electron_density,replicationbench-muse_outflows__electron_density,0.689044530188661,0.6787255026121863,0.168254515029481,0.46017151542833534,hard,0.0538461538461538,0.0823529411764705,0.2478977353612409,0.4838366100381107
labbench,labbench/labbench-figqa-0164,labbench-figqa-0164,0.688810586390227,0.68441114716026,0.2765847705599075,0.47778073341591926,medium,0.4384615384615385,0.4769230769230769,0.4041207857404215,0.1540902208296482
spider2,spider2/spider2-app_reporting001,spider2-app_reporting001,0.6886505257130558,0.6421481427190258,0.30703964247445387,0.5481123333561391,easy,0.7538461538461539,0.5733333333333334,0.4781445620544295,0.4864787967074111
gaia,gaia/gaia-d700d50d-c707-4dca-90dc-4528cddd0c80,gaia-d700d50d-c707-4dca-90dc-4528cddd0c80,0.6886278430517069,0.6822671156280391,0.26069389883892746,0.3759611367086483,easy,0.7230769230769231,0.7000000000000001,0.3820994634908559,0.526548594968224
swebench-multilingual,swebench-multilingual/swebench-multilingual-facebook__docusaurus-10309,swebench-multilingual-facebook__docusaurus-10309,0.688605256626017,0.6855612883377348,0.3202781980428704,0.4883662498323052,medium,0.5,0.5,0.4671766091394131,0.5050853159911403
gaia,gaia/gaia-5188369a-3bbe-43d8-8b94-11558f909a08,gaia-5188369a-3bbe-43d8-8b94-11558f909a08,0.6883532495439015,0.6819879797645687,0.16610254826949397,0.3672100020794217,easy,0.9076923076923076,0.8857142857142858,0.2435564162389413,0.4090388554737598
gpqa-diamond,gpqa-diamond/gpqa-diamond-134,gpqa-diamond-134,0.6883382709900645,0.6813745292915504,0.13964022509658822,0.31065508110339696,easy,0.9230769230769232,0.9,0.2049390153191919,0.3998145297347504
replicationbench,replicationbench/replicationbench-chandra_representation__2dae_embedding,replicationbench-chandra_representation__2dae_embedding,0.6879384190086144,0.6775898057699042,0.0901888652278164,0.4696096026663986,frontier,0.0384615384615384,0.0588235294117647,0.1331024529292324,0.3303617470025693
featurebench-modal,featurebench-modal/featurebench-modal-mwaskom__seaborn.7001ebe7.test_scales.d9dcdef6.lv1,featurebench-modal-mwaskom__seaborn.7001ebe7.test_scales.d9dcdef6.lv1,0.6879123829745226,0.682576183759741,0.22633923795870212,0.4088309813135165,hard,0.1653846153846153,0.1653846153846153,0.3315955688813938,0.3541237274556118
seal0,seal0/seal0-77,seal0-77,0.6877612098996065,0.6741477072048857,0.2735876496821417,0.3379840082702252,medium,0.6217948846153847,0.6217948846153847,0.4058274570367907,0.6346235242100464
swebench-multilingual,swebench-multilingual/swebench-multilingual-projectlombok__lombok-3042,swebench-multilingual-projectlombok__lombok-3042,0.687731102000211,0.6846801920223177,0.2828275694974935,0.49938421807462363,easy,0.8205128076923077,0.6666666428571428,0.4130798185677241,0.2151107257388294
replicationbench,replicationbench/replicationbench-ls_cal__cold_sparam,replicationbench-ls_cal__cold_sparam,0.6876322158424998,0.6772754212855844,0.2176285172461624,0.461707604340389,hard,0.0846153846153846,0.1294117647058823,0.3213294184411215,0.5158275524248804
aider-polyglot,aider-polyglot/polyglot_javascript_food-chain,polyglot_javascript_food-chain,0.6873147183711398,0.6826357558513668,0.27539524603134513,0.4106535126598275,medium,0.4442307692307692,0.4442307692307692,0.40342927201034,0.4181834122600716
algotune,algotune/algotune-vertex-cover,algotune-vertex-cover,0.6872611600381799,0.6772444904880921,0.180908144750572,0.3161117367476913,hard,0.2808291886469519,0.2851529284641385,0.2671238338464606,0.683061974135733
simpleqa,simpleqa/simpleqa-3515,simpleqa-3515,0.6872257909501591,0.6836177138440211,0.2765062531521935,0.511457658895901,medium,0.6307692307692307,0.58,0.4044749683231337,0.5194123586509797
usaco,usaco/usaco-1039,usaco-1039,0.6870494455410384,0.6794921728712738,0.28104107592619243,0.5321500775151382,medium,0.4192307692307692,0.4325,0.4136045816960929,0.2742790866543024
featurebench-modal,featurebench-modal/featurebench-modal-mlflow__mlflow.93dab383.test_unity_catalog_models_artifact_repo.ad6e49d9.lv1,featurebench-modal-mlflow__mlflow.93dab383.test_unity_catalog_models_artifact_repo.ad6e49d9.lv1,0.6869868653984711,0.6816378513360333,0.0734146433645117,0.40835171563135925,frontier,0.0288461538461538,0.03,0.10770329614269,0.2726382901594353
featurebench-modal,featurebench-modal/featurebench-modal-mlflow__mlflow.93dab383.test_scorer_description.9163195a.lv1,featurebench-modal-mlflow__mlflow.93dab383.test_scorer_description.9163195a.lv1,0.6869210329951457,0.6815711080827628,0.30191676857773886,0.40849121575631064,medium,0.3115384615384615,0.324,0.442971782397028,0.4559912384947065
bfcl,bfcl/bfcl-live-multiple-437-142-3,bfcl-live-multiple-437-142-3,0.6867546952196216,0.6729478244221775,0.056941738989568856,0.2906652961569357,saturated,0.9769230769230768,0.9769230769230768,0.0846153846153846,0.6776549463498387
mmau,mmau/mmau-1ee237cc-3520-4e79-9644-195a5abc8581,mmau-1ee237cc-3520-4e79-9644-195a5abc8581,0.686145711840469,0.675205639889991,0.21508108387333771,0.39199071937456365,easy,0.8365384615384616,0.7875,0.318541598539343,0.4364914916538364
livecodebench,livecodebench/livecodebench-abc312_e,livecodebench-abc312_e,0.6856253642685896,0.670776358737875,0.20894829296234235,0.3686399899116701,easy,0.8487179615384617,0.7814814999999999,0.3115021724312065,0.506701263824413
seal0,seal0/seal0-16,seal0-16,0.6852842194700322,0.6715841812938964,0.26736711998897106,0.3213778062097401,medium,0.528846153846154,0.528846153846154,0.3981140822493059,0.4262479240137085
gpqa-diamond,gpqa-diamond/gpqa-diamond-67,gpqa-diamond-67,0.6848460419759483,0.6778193243047437,0.14521794576016805,0.3310208783308962,easy,0.9307692307692308,0.91,0.2142428528562855,0.1870665127411265
aime,aime/aime_i-3,aime_i-3,0.6848264552317823,0.6716717478844846,0.11899301730775187,0.4676610984549187,easy,0.9435897307692308,0.9185185,0.1771594795858773,0.3150571793383304
swtbench,swtbench/swtbench-django__django-13810,swtbench-django__django-13810,0.6843579088094751,0.6548172484838306,0.18438651562545622,0.3695382074329598,medium,0.5807692307692307,0.5615384615384615,0.2815846956572789,0.2427703397885452
aider-polyglot,aider-polyglot/polyglot_javascript_state-of-tic-tac-toe,polyglot_javascript_state-of-tic-tac-toe,0.6842977132860999,0.6795822414602325,0.2657326532988828,0.41514883606938374,medium,0.5692307692307692,0.5692307692307692,0.3910235392965795,0.5550001968178826
featurebench-modal,featurebench-modal/featurebench-modal-astropy__astropy.b0db0daa.test_compressed.8daeb7d6.lv1,featurebench-modal-astropy__astropy.b0db0daa.test_compressed.8daeb7d6.lv1,0.6841346351941135,0.678746240161728,0.13084101558200212,0.41598487857948346,hard,0.0769230769230769,0.0769230769230769,0.1927686782483333,0.3089398230915054
gaia,gaia/gaia-872bfbb1-9ccf-49f6-8c5f-aa22818ccd66,gaia-872bfbb1-9ccf-49f6-8c5f-aa22818ccd66,0.6839141184471472,0.6774756754863775,0.18777048353897233,0.37782635556233735,hard,0.1096153846153846,0.1425,0.2771619562638422,0.3634244811729923
swebench-multilingual,swebench-multilingual/swebench-multilingual-nushell__nushell-13831,swebench-multilingual-nushell__nushell-13831,0.6837467769710603,0.6806643407343764,0.3000178837892148,0.46932274030401844,medium,0.5064102692307693,0.5128205384615385,0.4407721483771606,0.5200872472035079
simpleqa,simpleqa/simpleqa-923,simpleqa-923,0.6832617454321692,0.6796166730222285,0.2564596348129114,0.5147128887599266,easy,0.8153846153846154,0.76,0.3773592452822641,0.4426683576474521
simpleqa,simpleqa/simpleqa-3164,simpleqa-3164,0.6828689978864961,0.6792202719384839,0.26902182140913217,0.5059993913133578,medium,0.4346153846153845,0.4749999999999999,0.3960744879438715,0.631091348122546
aime,aime/aime_70,aime_70,0.6826868595723968,0.6694607259959068,0.24126142266568285,0.4619109353748947,easy,0.8269230769230769,0.775,0.3603817420458478,0.2456675684010711
gpqa-diamond,gpqa-diamond/gpqa-diamond-165,gpqa-diamond-165,0.68246799415079,0.6753985824632722,0.18173482971629826,0.34648847129500615,easy,0.9102564230769232,0.8627451176470589,0.2690778962749465,0.3147735041447982
algotune,algotune/algotune-tensor-completion-3d,algotune-tensor-completion-3d,0.6822976777569688,0.6721534073855151,0.1908369554608237,0.3015920185827722,medium,0.5852979150791755,0.5650812238870699,0.2839187503387433,0.5738736612569333
aider-polyglot,aider-polyglot/polyglot_javascript_bottle-song,polyglot_javascript_bottle-song,0.6818619421546894,0.6771171145565847,0.28247015324635033,0.42203745279375754,medium,0.4673076923076923,0.4673076923076923,0.4171658745198429,0.6304356909430708
gaia,gaia/gaia-54612da3-fd56-4941-80f4-5eb82330de25,gaia-54612da3-fd56-4941-80f4-5eb82330de25,0.6816936406990625,0.6752187794106304,0.19054715612788722,0.3824109315373626,easy,0.8538461538461539,0.8190476190476191,0.2822006169529344,0.684468962122897
featurebench-modal,featurebench-modal/featurebench-modal-astropy__astropy.b0db0daa.test_lombscargle_multiband.78687278.lv1,featurebench-modal-astropy__astropy.b0db0daa.test_lombscargle_multiband.78687278.lv1,0.6815084789885762,0.676083973156741,0.1449665481951774,0.4019039986807587,hard,0.0692307692307692,0.0692307692307692,0.2144209209964054,0.3364150327414364
swebench-multilingual,swebench-multilingual/swebench-multilingual-hashicorp__terraform-34814,swebench-multilingual-hashicorp__terraform-34814,0.6814902950049442,0.6783900866772555,0.3204006714971777,0.4953829565958611,medium,0.5865383846153847,0.5364583125,0.4722956272349076,0.2832367974034969
featurebench-modal,featurebench-modal/featurebench-modal-huggingface__transformers.e2e8dbed.test_modeling_zoedepth.e19636d3.lv1,featurebench-modal-huggingface__transformers.e2e8dbed.test_modeling_zoedepth.e19636d3.lv1,0.6814367990117743,0.676011309548027,0.09006814881756568,0.4146282555630871,frontier,0.0384615384615384,0.0384615384615384,0.1332346775052982,0.131453169859456
arc-agi-2,arc-agi-2/arc-agi-2-e3721c99_1,arc-agi-2-e3721c99_1,0.681218574474255,0.6745936562527401,0.12365505972460807,0.5892683350234991,hard,0.0615384615384615,0.08,0.1833030277982336,0.4815834270388047
swebench-multilingual,swebench-multilingual/swebench-multilingual-nushell__nushell-12901,swebench-multilingual-nushell__nushell-12901,0.6810235366511088,0.6779196595713923,0.30336817813281897,0.4986163219483119,easy,0.8269230769230769,0.6785714285714286,0.4474987173622024,0.3647350369553443
gaia,gaia/gaia-a26649c6-1cb2-470a-871e-6910c64c3e53,gaia-a26649c6-1cb2-470a-871e-6910c64c3e53,0.6809335957898461,0.674446296987954,0.2371136795074598,0.3776056303265934,easy,0.8307692307692308,0.78,0.3515679166249389,0.4052645357383962
aime,aime/aime_i-10,aime_i-10,0.6804840744197496,0.6671846539872782,0.2296566338551979,0.46036582596335557,medium,0.674359076923077,0.6771929999999999,0.3442175003317402,0.3504899286944694
crustbench,crustbench/crustbench-remimu,crustbench-remimu,0.6804440645861509,0.6723237255226938,0.2314365536521188,0.47058672760870485,easy,0.7147435769230769,0.6992424090909091,0.3442338041427735,0.4176487522288507
aider-polyglot,aider-polyglot/polyglot_go_kindergarten-garden,polyglot_go_kindergarten-garden,0.6802987523529933,0.6755351417181631,0.21305735150191213,0.4068719363179771,hard,0.225,0.225,0.3153904783695188,0.4585439515129861
swebench-multilingual,swebench-multilingual/swebench-multilingual-preactjs__preact-4182,swebench-multilingual-preactjs__preact-4182,0.6801782360955384,0.6770677213923889,0.31754017831203607,0.47793328005605196,easy,0.7948718076923077,0.6190476428571429,0.468993231074456,0.3098168619956067
gaia,gaia/gaia-56137764-b4e0-45b8-9c52-1866420c3df5,gaia-56137764-b4e0-45b8-9c52-1866420c3df5,0.6801203493373961,0.6736197582788351,0.25303367554680756,0.37031786081903517,medium,0.5769230769230769,0.57,0.375632799419859,0.3597243250474304
swesmith,swesmith/swesmith-oauthlib__oauthlib.1fd52536.combine_file__kruun5qz,swesmith-oauthlib__oauthlib.1fd52536.combine_file__kruun5qz,0.679938393576739,0.5392905296978338,0.13368890101385703,0.3189045845715843,hard,0.0538461538461538,0.0823529411764705,0.2478977353612409,0.4838366100381107
swebench-multilingual,swebench-multilingual/swebench-multilingual-caddyserver__caddy-6345,swebench-multilingual-caddyserver__caddy-6345,0.6798836350699121,0.6767708090135715,0.29461554017198255,0.4761138582339415,medium,0.4378204230769231,0.4559523571428571,0.4353254251633577,0.3738335641022841
crustbench,crustbench/crustbench-libpsbt,crustbench-libpsbt,0.679762891274021,0.6716286674214635,0.2752316613936619,0.47512512356863584,medium,0.4307692307692307,0.4545454545454545,0.4097973698030779,0.6364227807149652
swebench-multilingual,swebench-multilingual/swebench-multilingual-projectlombok__lombok-3371,swebench-multilingual-projectlombok__lombok-3371,0.6797201598802322,0.676606051684101,0.27167472069609677,0.4675266058038345,medium,0.5205128076923077,0.5410256153846154,0.4015257032062999,0.5095707932070764
mmau,mmau/mmau-06f95aee-528e-4665-b718-ae876cc11b7c,mmau-06f95aee-528e-4665-b718-ae876cc11b7c,0.6796691298602358,0.6685484348490426,0.20045307474704774,0.42847606649502223,easy,0.9153846153846156,0.89,0.299833287011299,0.727465225446278
algotune,algotune/algotune-randomized-svd,algotune-randomized-svd,0.6796625836085406,0.6694509651447533,0.12160033317556404,0.30388890046771616,hard,0.1966298090431177,0.2019785924996235,0.1816418819401818,0.5100654726342166
swesmith,swesmith/swesmith-oauthlib__oauthlib.1fd52536.combine_file__8vq3niwz,swesmith-oauthlib__oauthlib.1fd52536.combine_file__8vq3niwz,0.6792439363512958,0.5383892605522784,0.15965043558346745,0.31843296277308714,medium,0.3423076923076923,0.3611111111111111,0.2965334698907226,0.3481725952258498
replicationbench,replicationbench/replicationbench-bayes_cal__evidence,replicationbench-bayes_cal__evidence,0.6790448100018645,0.6684601324043518,0.09759261280580991,0.4534080968364105,frontier,0.0307692307692307,0.0470588235294117,0.1459961605410689,0.473479730780815
algotune,algotune/algotune-max-flow-min-cost,algotune-max-flow-min-cost,0.6789142116126247,0.668683516058508,0.1286019944883866,0.3034180370357634,medium,0.5563208966691294,0.5544439422415269,0.1923211674880502,0.6089208244791483
crustbench,crustbench/crustbench-slothlang,crustbench-slothlang,0.6788049686148263,0.6706512432849951,0.2581091160069165,0.4692433162585858,easy,0.7269230769230769,0.6772727272727272,0.3848633974681715,0.5050651884070735
omnimath,omnimath/omnimath_2969,omnimath_2969,0.6787800222571533,0.6290434464009487,0.07698011539430624,0.39042650125339773,saturated,0.9692307692307692,0.968,0.1223764683262268,0.2037240780526283
lawbench,lawbench/lawbench-2-4-10-zero-shot,lawbench-2-4-10-zero-shot,0.6780536292100133,0.6743296386989578,0.05533065420409569,0.5686101639021441,hard,0.1209615384615384,0.107,0.0820528285110675,0.134412131049
crustbench,crustbench/crustbench-approxidate,crustbench-approxidate,0.6779831022031461,0.6698126680367432,0.29272243653828106,0.4711481136374971,medium,0.4256410384615385,0.4444444583333333,0.4370213501578974,0.6090135036490886
gaia,gaia/gaia-d5141ca5-e7a0-469f-bf3e-e773507c86e2,gaia-d5141ca5-e7a0-469f-bf3e-e773507c86e2,0.6778208849654918,0.6712827985849223,0.21762404418066533,0.37371732852251455,medium,0.3,0.33,0.3241913015489466,0.5164956155970891
kumo,kumo/kumo-languageenv-t4-a6-v1-s0,kumo-languageenv-t4-a6-v1-s0,0.6776316247933869,0.6706438998691971,0.1274928619514747,0.40339598693106365,saturated,0.9551281923076924,0.9313725294117648,0.1901051541307406,0.5147731490067072
crustbench,crustbench/crustbench-vaultsync,crustbench-vaultsync,0.6774421188122831,0.669260697750044,0.18087673355899359,0.4764612011860132,easy,0.7865384615384616,0.7840909090909091,0.2702634924881657,0.4035107531632465
labbench,labbench/labbench-figqa-0011,labbench-figqa-0011,0.6771703632117219,0.6726384816719105,0.18278714521895878,0.4641610060737038,medium,0.4000000000000001,0.4000000000000001,0.271746488194703,0.4689455312775733
labbench,labbench/labbench-figqa-0129,labbench-figqa-0129,0.6769740518048231,0.6724399564177093,0.27836167285767666,0.5147922741290348,medium,0.5846153846153845,0.5692307692307692,0.4139576629868834,0.6109481507775298
simpleqa,simpleqa/simpleqa-2546,simpleqa-2546,0.6764222405791668,0.672713849247952,0.19773668082732565,0.507810148055685,easy,0.8769230769230769,0.8400000000000002,0.2939387691339813,0.3719145020604942
featurebench-modal,featurebench-modal/featurebench-modal-sympy__sympy.c1097516.test_nullspace.f14fc970.lv1,featurebench-modal-sympy__sympy.c1097516.test_nullspace.f14fc970.lv1,0.6763722248273584,0.6708775053961642,0.21029429496072066,0.3973621897391308,hard,0.1673076923076923,0.1673076923076923,0.3134615384615384,0.5076063496401233
labbench,labbench/labbench-figqa-0153,labbench-figqa-0153,0.6763670649068315,0.6718261285440109,0.2561106977077969,0.487706647581975,medium,0.5538461538461538,0.5076923076923077,0.3812157444111959,0.3880502417424919
aime,aime/aime_ii-14,aime_ii-14,0.6760220385200529,0.6625749391222643,0.2623667537036305,0.4645537507654576,easy,0.7903846153846152,0.7131578947368421,0.3959804970154723,0.2281395895314109
labbench,labbench/labbench-figqa-0023,labbench-figqa-0023,0.6758143296516128,0.6712671692060497,0.23774970409855653,0.4633554062823715,hard,0.2692307692307692,0.3384615384615385,0.3541804440991181,0.3255329525521179
crustbench,crustbench/crustbench-gorilla-paper-encode,crustbench-gorilla-paper-encode,0.6757765876966603,0.6675613984291557,0.27055824521808325,0.4750648909345298,medium,0.5403846153846154,0.532608695652174,0.4052934244771134,0.5924375118029647
aime,aime/aime_76,aime_76,0.675536503258284,0.6620733966663588,0.19459219221289334,0.4568954290630251,easy,0.8596153846153846,0.8078947368421052,0.2939133231945203,0.3604592494488762
aider-polyglot,aider-polyglot/polyglot_rust_pig-latin,polyglot_rust_pig-latin,0.6750094646472887,0.6701826259649695,0.16277863101561435,0.408156443854526,easy,0.8846153846153846,0.8846153846153846,0.2428869754437991,0.5203684976493573
reasoning-gym,reasoning-gym/reasoning-gym-arithmetic-products-hard0292e21f-seed45-1,reasoning-gym-arithmetic-products-hard0292e21f-seed45-1,0.6749761095934563,0.6652565786747379,0.17912581575969522,0.3353798784761556,easy,0.9307692307692308,0.85,0.2692582403567252,0.3514099435603599
bfcl,bfcl/bfcl-live-multiple-134-51-0,bfcl-live-multiple-134-51-0,0.6747497906154653,0.660522546192635,0.08800450842695415,0.2838476824509437,easy,0.9384615384615386,0.9384615384615386,0.1332346775052982,0.348663264235081
reasoning-gym,reasoning-gym/reasoning-gym-algorithmic-isomorphic-strings-hard0292e21f-seed45-1,reasoning-gym-algorithmic-isomorphic-strings-hard0292e21f-seed45-1,0.6742986486942714,0.6645629756307326,0.1874962887816775,0.33794849736101024,easy,0.8615384615384615,0.82,0.2821347195933176,0.4379670377023647
bixbench,bixbench/bix-12-q5,bix-12-q5,0.673919067741466,0.6356686042288626,0.268113533388682,0.3264103635592823,medium,0.6538461538461539,0.6100000000000001,0.4217819341792628,0.7213742950275225
featurebench-modal,featurebench-modal/featurebench-modal-mwaskom__seaborn.7001ebe7.test_algorithms.1f0181c2.lv1,featurebench-modal-mwaskom__seaborn.7001ebe7.test_algorithms.1f0181c2.lv1,0.6738172747179098,0.6682878317226694,0.20259595051859064,0.3927404052309518,hard,0.1576923076923077,0.1639999999999999,0.3031567251439426,0.6791131352882342
livecodebench,livecodebench/livecodebench-3229,livecodebench-3229,0.6737983041578383,0.6585064206328588,0.15453090976979883,0.394825306499926,easy,0.9365384615384617,0.9083333333333334,0.234668797338812,0.5434503807738877
gpqa-diamond,gpqa-diamond/gpqa-diamond-35,gpqa-diamond-35,0.6736417070475267,0.666415177295984,0.07214697381898795,0.34821266601466944,saturated,0.9666666923076924,0.954386,0.1082613005780094,0.4514427558276884
gpqa-diamond,gpqa-diamond/gpqa-diamond-183,gpqa-diamond-183,0.6734428766937611,0.6662128319098285,0.23300519657610233,0.3150396493346174,medium,0.6602565384615384,0.6568627647058823,0.3497458851222479,0.434716909811385
medagentbench,medagentbench/medagentbench-task9_17,medagentbench-task9_17,0.6716153005071349,0.6604592483083015,0.27422980614757514,0.4815613045202302,medium,0.5769230769230769,0.54,0.4152107898405339,0.3680788813740755
simpleqa,simpleqa/simpleqa-2000,simpleqa-2000,0.6705724253801897,0.666810391984919,0.18153752188545352,0.49524198367491135,easy,0.9057692307692308,0.8775000000000001,0.2722475895210093,0.4131175433528033
featurebench-modal,featurebench-modal/featurebench-modal-astropy__astropy.b0db0daa.test_tiled_compression.a4fe298a.lv1,featurebench-modal-astropy__astropy.b0db0daa.test_tiled_compression.a4fe298a.lv1,0.6705007604467272,0.6649264449281818,0.25969985665419426,0.3986669326982894,hard,0.1365384615384615,0.273076923076923,0.3905693007626494,0.2726232114137911
simpleqa,simpleqa/simpleqa-2453,simpleqa-2453,0.6702799798724731,0.6665152772372102,0.23948219468149579,0.49551025318331243,easy,0.7692307692307693,0.73,0.3593048844644337,0.2951143852808466
bfcl,bfcl/bfcl-live-simple-2-2-0,bfcl-live-simple-2-2-0,0.6702113205471834,0.6558272174004235,0.08150163809320866,0.2957800102692328,saturated,0.9615384615384616,0.9615384615384616,0.1242730340107962,-0.0165786056522477
spider2,spider2/spider2-superstore001,spider2-superstore001,0.6700556431266321,-0.7113546504782735,0.3408508616957191,0.5755959396695678,hard,0.1923076923076923,0.3571428571428571,0.4791574237499548,-0.2669622793067939
simpleqa,simpleqa/simpleqa-1375,simpleqa-1375,0.6696326025379474,0.6658619953069439,0.2806116571895046,0.4992078391110462,medium,0.4846153846153846,0.48,0.4214261501141095,0.5409189291028784
simpleqa,simpleqa/simpleqa-2458,simpleqa-2458,0.6695810092656705,0.6658099317129165,0.09297529709964572,0.4968542477973328,saturated,0.9615384615384616,0.95,0.1396424004376894,0.2993072351847257
swesmith,swesmith/swesmith-oauthlib__oauthlib.1fd52536.combine_file__0qgnxkrq,swesmith-oauthlib__oauthlib.1fd52536.combine_file__0qgnxkrq,0.6692941867238934,0.5255165856427372,0.1271554116121271,0.33009603709344876,hard,0.1282051153846153,0.1851851666666666,0.2419626993439392,0.3047827804642188
aider-polyglot,aider-polyglot/polyglot_rust_variable-length-quantity,polyglot_rust_variable-length-quantity,0.6692762127031229,0.664381409198387,0.14847226792911233,0.40314071433683196,easy,0.9076923076923078,0.9076923076923078,0.2234744468666761,0.522466636678184
aime,aime/aime_79,aime_79,0.6690426824560803,0.6553666644813922,0.13346812037818614,0.4546765229061589,easy,0.9192307692307692,0.8949999999999999,0.203654118544163,0.1477594460266597
featurebench-modal,featurebench-modal/featurebench-modal-lightning-ai__pytorch-lightning.126fa6f1.test_fsdp_integration.61c07610.lv1,featurebench-modal-lightning-ai__pytorch-lightning.126fa6f1.test_fsdp_integration.61c07610.lv1,0.6689934845183435,0.6633988506455685,0.2712077851386079,0.38189190743938034,medium,0.5307692307692308,0.5307692307692308,0.4088155788552986,0.6069645430461431
qcircuitbench,qcircuitbench/qcircuitbench-diffusion_operator-n7,qcircuitbench-diffusion_operator-n7,0.668771507567128,0.28628980583100994,0.1031835485659714,0.24869321556869964,easy,0.7307692307692307,0.71,0.3604164258188019,0.6245001420186554
usaco,usaco/usaco-241,usaco-241,0.6687431877808783,0.6608337672223448,0.17933165554106975,0.515611359377801,easy,0.9173076923076924,0.886842105263158,0.2713718100315108,0.4011192422777069
seal0,seal0/seal0-86,seal0-86,0.6687369084497979,0.6544673314978737,0.28013194109370276,0.3347229503362361,medium,0.4576923076923077,0.4576923076923077,0.4280304418748713,0.5995442140741989
gaia,gaia/gaia-b4cc024b-3f5e-480e-b96a-6656493255b5,gaia-b4cc024b-3f5e-480e-b96a-6656493255b5,0.6686758382678772,0.6619899284172233,0.26512675971743177,0.3859730610413454,hard,0.2,0.26,0.4004996878900157,0.2710710768431881
arc-agi-2,arc-agi-2/arc-agi-2-2ba387bc_0,arc-agi-2-2ba387bc_0,0.6676880399680335,0.660839233749851,0.26906609861603625,0.5773505666845026,medium,0.4435896923076923,0.4666666499999999,0.4071581783806233,0.7197861055660565
featurebench-modal,featurebench-modal/featurebench-modal-mwaskom__seaborn.7001ebe7.test_relational.f23eb542.lv1,featurebench-modal-mwaskom__seaborn.7001ebe7.test_relational.f23eb542.lv1,0.6675418164761114,0.6619276582330085,0.08245650527709575,0.3940419459648327,frontier,0.0423076923076923,0.0423076923076923,0.1245702672361665,0.3803449244123753
aider-polyglot,aider-polyglot/polyglot_go_sublist,polyglot_go_sublist,0.6672385007007915,0.6623196840371393,0.24922732686657523,0.39921626847435565,medium,0.3615384615384615,0.3615384615384615,0.3762946094964617,0.7048792939206748
crustbench,crustbench/crustbench-2dpartint,crustbench-2dpartint,0.6671123002514239,0.6587228390745291,0.29838326886834293,0.4639669533165599,medium,0.4999999999999999,0.504,0.4529724053405461,0.6786500298676192
algotune,algotune/algotune-correlate2d-full-fill,algotune-correlate2d-full-fill,0.6666574258700662,0.6561174270876731,0.10480003859621731,0.2870072288994314,easy,0.7737340277587488,0.7721859724779615,0.1597275644108345,0.5867320204226562
gpqa-diamond,gpqa-diamond/gpqa-diamond-176,gpqa-diamond-176,0.6666564875272405,0.6593071129758858,0.13785579912878657,0.3094669870224736,easy,0.9217948846153846,0.89833335,0.2090919336613143,0.6608548191101115
bfcl,bfcl/bfcl-parallel-multiple-90,bfcl-parallel-multiple-90,0.6666255122019026,0.6521182764883183,0.047057012943226104,0.2831193403002716,saturated,0.9692307692307692,0.9692307692307692,0.0721602424588219,0.6178127348937642
featurebench-modal,featurebench-modal/featurebench-modal-pypa__packaging.013f3b03.test_metadata.e00b5801.lv1,featurebench-modal-pypa__packaging.013f3b03.test_metadata.e00b5801.lv1,0.6662349772551605,0.6606032797761376,0.2776668885525784,0.3925507942329904,medium,0.3076923076923077,0.3076923076923077,0.4203232061558534,0.5010935028976679
labbench,labbench/labbench-figqa-0107,labbench-figqa-0107,0.6660511490231387,0.6613949072877905,0.22385673785125218,0.46639512602353844,easy,0.7461538461538463,0.6923076923076923,0.3384615384615385,0.3985689332293352
gaia,gaia/gaia-4d0aa727-86b1-406b-9b33-f870dd14a4a5,gaia-4d0aa727-86b1-406b-9b33-f870dd14a4a5,0.6651362434960334,0.6583936746116617,0.22268894718852383,0.3659118555138374,easy,0.8769230769230768,0.8400000000000001,0.3382306905057552,0.6096008155816844
livecodebench,livecodebench/livecodebench-abc310_f,livecodebench-abc310_f,0.6649093432648948,0.64929004850265,0.12551675503359697,0.37912767702278904,saturated,0.9538461538461538,0.9294117647058824,0.1933138438253527,0.1910950226489028
swtbench,swtbench/swtbench-django__django-12713,swtbench-django__django-12713,0.6643190167235115,0.6333290585460758,0.19256638424332406,0.4449947109062042,easy,0.823076923076923,0.7571428571428571,0.3040542379113251,0.4828623635642833
labbench,labbench/labbench-figqa-0025,labbench-figqa-0025,0.6642768887292009,0.6596009978645296,0.25871679686896226,0.5014305148249315,medium,0.5,0.3999999999999999,0.3922322702763681,0.583093697224321
aider-polyglot,aider-polyglot/polyglot_python_book-store,polyglot_python_book-store,0.6640127538047346,0.6590560769262122,0.2427654969027778,0.40044839534799676,hard,0.2865384615384615,0.2865384615384615,0.3683533244014952,0.5300197947370869
swtbench,swtbench/swtbench-astropy__astropy-14365,swtbench-astropy__astropy-14365,0.6639035245738774,0.6328840391679116,0.22243007193136424,0.3666071808711279,medium,0.35,0.3928571428571429,0.3514547028612155,0.3543416328133341
aime,aime/aime_i-1,aime_i-1,0.6636948741604097,0.649845163765414,0.06627146341707484,0.44858930236469713,saturated,0.9692307692307692,0.96,0.1019803902718556,0.3993243942818624
algotune,algotune/algotune-psd-cone-projection,algotune-psd-cone-projection,0.6634905973195784,0.6528716445160067,0.13278634755671112,0.28619281758290105,medium,0.5095794754790428,0.4650916542932004,0.2033881371201986,0.6300148498530603
spider2,spider2/spider2-app_reporting002,spider2-app_reporting002,0.6634774420876529,0.6141323157507752,0.2808046841867313,0.5626144875809623,easy,0.7923076923076924,0.64,0.4572380853195265,0.2599420867831504
featurebench-modal,featurebench-modal/featurebench-modal-sphinx-doc__sphinx.e347e59c.test_util_nodes.08cdc62d.lv1,featurebench-modal-sphinx-doc__sphinx.e347e59c.test_util_nodes.08cdc62d.lv1,0.6632603955053116,0.6575889073911412,0.28295306134133974,0.38521112471147867,medium,0.4275641153846153,0.4275641153846153,0.4302886775628594,0.4574535169818774
simpleqa,simpleqa/simpleqa-131,simpleqa-131,0.663247566355186,0.6594190336488138,0.24813790160003424,0.49106253298937325,easy,0.7846153846153847,0.72,0.3762977544445355,0.4231917063211587
reasoning-gym,reasoning-gym/reasoning-gym-algorithmic-game-of-life-easy00cea0a5-seed45-0,reasoning-gym-algorithmic-game-of-life-easy00cea0a5-seed45-0,0.6628680179156696,0.6528625411077873,0.28614203480284944,0.32796887385944457,easy,0.773525653846154,0.6270513076923077,0.4382883329733073,0.3342157245017245
gpqa-diamond,gpqa-diamond/gpqa-diamond-20,gpqa-diamond-20,0.6628079554790188,0.6553914652260813,0.15770303934553664,0.31033916061305106,easy,0.9153846153846156,0.89,0.2406241883103193,0.6856423185754962
gpqa-diamond,gpqa-diamond/gpqa-diamond-61,gpqa-diamond-61,0.6622790081918077,0.6548533248990982,0.15752242858214527,0.31249924492364856,easy,0.8916666538461537,0.8517543684210527,0.2405461232199085,0.6680869203112303
algotune,algotune/algotune-lp-box,algotune-lp-box,0.6620898318072993,0.6514360816323139,0.09295108434628922,0.28497674728205086,easy,0.7053510394288425,0.7053510394288425,0.142686423069137,0.5600793775445502
gpqa-diamond,gpqa-diamond/gpqa-diamond-80,gpqa-diamond-80,0.6618073589078367,0.6543734848131162,0.17995064846075742,0.3157212560966014,easy,0.8730769230769232,0.8263157894736842,0.2749968521602765,0.5104236749717923
aime,aime/aime_i-13,aime_i-13,0.6617925296396888,0.6478813907286533,0.2522405758276247,0.44882308714649005,medium,0.6538461538461537,0.6,0.3893314107138301,0.662545701709182
swebenchpro,swebenchpro/swebenchpro-instance_ansible__ansible-709484969c8a4ffd74b839a673431a8c5caa6457-vba6da65a0f3baefda7a058ebbd0a8dcafb8512f5,swebenchpro-instance_ansible__ansible-709484969c8a4ffd74b839a673431a8c5caa6457-vba6da65a0f3baefda7a058ebbd0a8dcafb8512f5,0.6610222833111975,0.427170416534346,0.14573962857888564,0.2891415987220576,medium,0.3307692307692307,0.34,0.3411744421846396,0.4526586285151509
gpqa-diamond,gpqa-diamond/gpqa-diamond-110,gpqa-diamond-110,0.6610074289352685,0.6535596768236536,0.11631443017495106,0.3292181644581205,easy,0.935897423076923,0.9074073888888888,0.1779706342047408,0.251379193304976
algotune,algotune/algotune-fft-cmplx-scipy-fftpack,algotune-fft-cmplx-scipy-fftpack,0.6610048231425111,0.6503241725985502,0.1947195495797506,0.2939769620154921,medium,0.4389838597389606,0.4341895771986907,0.2994192093486157,0.6118569891373418
replicationbench,replicationbench/replicationbench-trgb_std_candle__gaia_synthetic_i_trgb,replicationbench-trgb_std_candle__gaia_synthetic_i_trgb,0.6608200612453726,0.6497617309362153,0.23818442959538166,0.43703214972307614,hard,0.1076923076923076,0.175,0.3665719574653795,0.4498488149739703
featurebench-modal,featurebench-modal/featurebench-modal-mlflow__mlflow.93dab383.test_trace_manager.bb95fbcd.lv1,featurebench-modal-mlflow__mlflow.93dab383.test_trace_manager.bb95fbcd.lv1,0.6605890129051415,0.6548819458057963,0.2749381288413325,0.3946325814629894,medium,0.3,0.312,0.4198285364288616,0.3375654264458574
gpqa-diamond,gpqa-diamond/gpqa-diamond-63,gpqa-diamond-63,0.6603334700000008,0.6528740388294014,0.17652620787430434,0.3192999782848529,easy,0.864102576923077,0.8140351052631578,0.2703832552306944,0.5771640506558319
gpqa-diamond,gpqa-diamond/gpqa-diamond-28,gpqa-diamond-28,0.6602493103271573,0.6527884216164079,0.13857993112289219,0.33273432213518506,easy,0.9179486923076924,0.8933333000000001,0.2122891989716151,0.4147953749278654
swebench-multilingual,swebench-multilingual/swebench-multilingual-projectlombok__lombok-3312,swebench-multilingual-projectlombok__lombok-3312,0.6599846885325146,0.6567180941767516,0.3003605389988476,0.46477398313762686,medium,0.6538461538461539,0.5714285714285714,0.4573660169594892,0.4924631217225977
labbench,labbench/labbench-figqa-0095,labbench-figqa-0095,0.6599655284144059,0.6552421143983381,0.23769817221321438,0.44911154488908556,hard,0.1307692307692307,0.2615384615384615,0.3627638806938952,0.2166429952858634
livecodebench,livecodebench/livecodebench-2808,livecodebench-2808,0.6598889342115846,0.6440867834320744,0.06864292666072518,0.3740255650682387,saturated,0.9692307692307692,0.9555555555555556,0.1065740338513937,0.1601978271793979
algotune,algotune/algotune-cholesky-factorization,algotune-cholesky-factorization,0.6596425312982811,0.6489281713630614,0.13091352716042873,0.29785326714985233,hard,0.2913721260003939,0.2889390528638214,0.2017380858738916,0.7089727780315703
gpqa-diamond,gpqa-diamond/gpqa-diamond-166,gpqa-diamond-166,0.6589232834174336,0.6514394549576388,0.1379487766764475,0.31461363038207907,easy,0.9205128076923076,0.8851851666666666,0.2117599350586125,0.6312443123359935
reasoning-gym,reasoning-gym/reasoning-gym-algorithmic-word-sequence-reversal-easy00cea0a5-seed45-0,reasoning-gym-algorithmic-word-sequence-reversal-easy00cea0a5-seed45-0,0.6586083877804814,0.6485036035169379,0.04631242070168335,0.3328187187319834,saturated,0.9769230769230768,0.97,0.0714142842854284,0.499187383594573
devopsgym,devopsgym/devopsgym-codegen__prometheus__prometheus-7667,devopsgym-codegen__prometheus__prometheus-7667,0.6574375119233373,0.027028123880866825,0.01101889196524507,0.0692902328155734,easy,0.8461538461538461,0.7894736842105263,0.4076824574955175,-0.2883181091729588
mmmlu,mmmlu/mmmlu-zh-cn-00129,mmmlu-zh-cn-00129,0.657206417542095,0.6481330215421364,0.06789611797690615,0.3346650266615261,saturated,0.974359,0.962963,0.1047564554192246,0.139920053336977
seal0,seal0/seal0-2,seal0-2,0.657169304935809,0.6425104111007403,0.26528272718333407,0.3150401870406045,medium,0.5429487307692308,0.5429487307692308,0.4128847137727391,0.4005327699710035
medagentbench,medagentbench/medagentbench-task1_7,medagentbench-task1_7,0.6571249504221336,0.645582718882137,0.22512238650427696,0.49489603201105437,easy,0.7846153846153846,0.72,0.3487119154832538,0.5352395840528247
gaia,gaia/gaia-65afbc8a-89ca-4ad5-8d62-355bb401f61d,gaia-65afbc8a-89ca-4ad5-8d62-355bb401f61d,0.6569691074658969,0.6500969893072439,0.23222206998175118,0.3604863672823656,medium,0.6384615384615385,0.6200000000000001,0.357211421989835,0.7091230179015431
featurebench-modal,featurebench-modal/featurebench-modal-lightning-ai__pytorch-lightning.126fa6f1.test_hooks.34620588.lv1,featurebench-modal-lightning-ai__pytorch-lightning.126fa6f1.test_hooks.34620588.lv1,0.6569582431363471,0.6512030557058832,0.16213849224278798,0.3939847365541275,hard,0.1083333461538461,0.1083333461538461,0.2489830028009237,0.2472053935680859
reasoning-gym,reasoning-gym/reasoning-gym-algorithmic-caesar-cipher-easy00cea0a5-seed45-2,reasoning-gym-algorithmic-caesar-cipher-easy00cea0a5-seed45-2,0.6566040855435069,0.646452805602445,0.1888957931740631,0.30370688389444594,medium,0.6664172692307694,0.6863424499999999,0.2922035321635375,0.2178959425435976
crustbench,crustbench/crustbench-cjson,crustbench-cjson,0.6553135212163846,0.6466905007754561,0.172968205510476,0.4561257105348708,easy,0.9000000000000001,0.9000000000000001,0.2674667484725186,0.7291387891631479
swebench-multilingual,swebench-multilingual/swebench-multilingual-preactjs__preact-3062,swebench-multilingual-preactjs__preact-3062,0.6552460357875806,0.6519435071838446,0.3193857867441837,0.4550062630462047,easy,0.7692307692307693,0.6,0.4898979485566356,0.3825289907929353
usaco,usaco/usaco-967,usaco-967,0.655046977914575,0.646880541534753,0.2395211343890304,0.5076735114919538,medium,0.3128205,0.354385947368421,0.3702710454402536,0.4586682378699875
simpleqa,simpleqa/simpleqa-3684,simpleqa-3684,0.654930858601158,0.651027723244698,0.12674157153364216,0.4849861113747715,easy,0.9307692307692308,0.91,0.1946792233393178,0.4616282006096626
bfcl,bfcl/bfcl-live-multiple-447-144-7,bfcl-live-multiple-447-144-7,0.6546243385824742,0.6397101306232122,0.05412931874504103,0.29094686539441805,saturated,0.9769230769230768,0.9769230769230768,0.0846153846153846,0.3084988978191003
reasoning-gym,reasoning-gym/reasoning-gym-code-bf-hard0292e21f-seed45-2,reasoning-gym-code-bf-hard0292e21f-seed45-2,0.6543910738771215,0.644188628972809,0.29674056308450325,0.32396895852050983,medium,0.6025643076923077,0.5277778333333334,0.4606423487444522,0.2832964431100085
featurebench-modal,featurebench-modal/featurebench-modal-mlflow__mlflow.93dab383.test_genai_metrics.5f107830.lv1,featurebench-modal-mlflow__mlflow.93dab383.test_genai_metrics.5f107830.lv1,0.6543415939683683,0.6485518956402375,0.11502612277854665,0.38305260757055243,hard,0.0846153846153846,0.088,0.1773583942191629,0.5888345183362754
simpleqa,simpleqa/simpleqa-2692,simpleqa-2692,0.6542609438193935,0.6503518408852754,0.2662474034420325,0.486101599020826,medium,0.5846153846153846,0.58,0.4093897898091744,0.3710791465131076
seal0,seal0/seal0-18,seal0-18,0.6541744851319432,0.6394159804088813,0.24504365172597264,0.2879917867829944,medium,0.5794871923076923,0.5794871923076923,0.3832304153069132,0.2364259056261524
swebench-multilingual,swebench-multilingual/swebench-multilingual-rubocop__rubocop-13687,swebench-multilingual-rubocop__rubocop-13687,0.6540658822180367,0.6507544451342718,0.2820399459733569,0.4603226723276084,medium,0.4775641153846154,0.4611111333333333,0.4334045630916326,0.3870525554738198
aider-polyglot,aider-polyglot/polyglot_python_proverb,polyglot_python_proverb,0.6539295027654298,0.6488556905106528,0.2800858029652317,0.3910646120660392,medium,0.4538461538461539,0.4538461538461539,0.4316611645107138,0.4450857871789618
reasoning-gym,reasoning-gym/reasoning-gym-arithmetic-leg-counting-hard0292e21f-seed45-2,reasoning-gym-arithmetic-leg-counting-hard0292e21f-seed45-2,0.6537033838980812,0.6434850763907571,0.28568128549358046,0.311464756066997,medium,0.4538461538461538,0.47,0.4439594576084623,0.6260543121798058
gaia,gaia/gaia-a0068077-79f4-461a-adfe-75c1a4148545,gaia-a0068077-79f4-461a-adfe-75c1a4148545,0.6531877897732068,0.6462562505915658,0.26330481476258455,0.36067687993490777,easy,0.7692307692307693,0.7000000000000001,0.4074309757492672,0.4331531485511915
reasoning-gym,reasoning-gym/reasoning-gym-algorithmic-number-filtering-hard0292e21f-seed45-2,reasoning-gym-algorithmic-number-filtering-hard0292e21f-seed45-2,0.6531427923471244,0.6429115668722186,0.13451727719003378,0.33361224853825605,easy,0.8717948846153847,0.83333335,0.2092313844102445,0.6830944619411505
bixbench,bixbench/bix-12-q4,bix-12-q4,0.6526970135018524,0.6125644372004434,0.23398037135738833,0.3695043476711691,medium,0.3461538461538461,0.39,0.3819685850956856,0.6882869109720717
medagentbench,medagentbench/medagentbench-task9_2,medagentbench-task9_2,0.6522558578142256,0.6405858524325908,0.24173099381245827,0.4612771111476517,medium,0.4307692307692308,0.44,0.3773592452822641,0.4573669437033987
swebench-multilingual,swebench-multilingual/swebench-multilingual-caddyserver__caddy-5995,swebench-multilingual-caddyserver__caddy-5995,0.6519330822623925,0.6486055869284352,0.3243027934642176,0.4549000142387868,medium,0.5,0.5,0.5,0.4617835186455148
crustbench,crustbench/crustbench-lambda-calculus-eval,crustbench-lambda-calculus-eval,0.6519309912800877,0.6432418120723664,0.23380863228743312,0.45492328576639024,medium,0.6871794999999999,0.6666666818181819,0.3634848169060394,0.5846237027089451
kumo,kumo/kumo-vehicleenv-t4-a6-v1-s1,kumo-vehicleenv-t4-a6-v1-s1,0.6518416803338352,0.6444146648490786,0.21527362401678268,0.3687095492946173,medium,0.6544872692307693,0.65083335,0.334060715497838,0.5745351380840162
swe-lancer,swe-lancer/swe-lancer-18207-manager-0,swe-lancer-18207-manager-0,0.6514404091117817,0.5306915788537195,0.10992693457531895,0.32381626295617666,easy,0.9307692307692308,0.8941176470588235,0.2071390219018707,0.5891336288333306
usaco,usaco/usaco-1016,usaco-1016,0.6510732958280608,0.6428333240347288,0.2646039184685277,0.5046159463981954,medium,0.3192307692307692,0.3631578947368421,0.4116213465844415,0.424363454192506
seal0,seal0/seal0-50,seal0-50,0.6509754359922774,0.6361110642189367,0.2523449963048048,0.29640291090230636,medium,0.3557692307692308,0.3557692307692308,0.3966995867532225,0.3744520745463017
algotune,algotune/algotune-spectral-clustering,algotune-spectral-clustering,0.6506435274608303,0.639708324541908,0.1725287271873598,0.30340250863619245,medium,0.3959422662024935,0.3738590782135133,0.2696990496581497,0.4650943405704714
gaia,gaia/gaia-0bb3b44a-ede5-4db5-a520-4e844b0079c5,gaia-0bb3b44a-ede5-4db5-a520-4e844b0079c5,0.6506355956777461,0.6436641504013437,0.25120946858489823,0.3726709203377566,medium,0.5134615384615384,0.5175000000000001,0.390280347955159,0.325542124160069
aime,aime/aime_65,aime_65,0.6506224218111808,0.6363543778087442,0.18812856920006948,0.4394198338250993,easy,0.7769230769230769,0.74,0.2956349099818897,0.2790381624149395
livecodebench,livecodebench/livecodebench-3406,livecodebench-3406,0.6497880187230832,0.633622474869131,0.07335470618813303,0.3772088540049138,saturated,0.9596153846153848,0.9416666666666668,0.1157703665787483,0.1240011074952813
algotune,algotune/algotune-chebyshev-center,algotune-chebyshev-center,0.6495166095561747,0.6385539755078057,0.11451859147645452,0.29635640860684836,medium,0.5579752188117097,0.5579752188117097,0.1793405034952361,0.4422773673304622
reasoning-gym,reasoning-gym/reasoning-gym-arithmetic-count-bits-easy00cea0a5-seed45-1,reasoning-gym-arithmetic-count-bits-easy00cea0a5-seed45-1,0.6493863514859306,0.6390688639748449,0.13691593658959622,0.3231794377330928,easy,0.9307692307692308,0.91,0.2142428528562855,0.2810316291818154
bixbench,bixbench/bix-24-q2,bix-24-q2,0.6493417562107461,0.6089181504657236,0.1472596314175596,0.33056037739595806,easy,0.7679487307692308,0.7561403684210527,0.241838137531177,0.4345577399805583
usaco,usaco/usaco-1132,usaco-1132,0.649268160447991,0.6409949368677672,0.2646655322079594,0.5020708470283253,medium,0.3865384615384615,0.4368421052631579,0.4128980074339621,0.3684066177084205
gpqa-diamond,gpqa-diamond/gpqa-diamond-191,gpqa-diamond-191,0.6491389360632044,0.6414873171237492,0.09981495495581075,0.33822732214647905,saturated,0.9512820384615386,0.93666665,0.1555992648511794,0.1301941269031223
gaia,gaia/gaia-8f80e01c-1296-4371-9486-bb3d68651a60,gaia-8f80e01c-1296-4371-9486-bb3d68651a60,0.6487904429198655,0.6417902472327788,0.23643569258015434,0.36018536856825234,hard,0.1826923076923076,0.2375,0.3684002578717881,0.6721216298249651
swebench-multilingual,swebench-multilingual/swebench-multilingual-immutable-js__immutable-js-2005,swebench-multilingual-immutable-js__immutable-js-2005,0.6481879822041382,0.6448324181400626,0.3224162090700313,0.44384372037772085,medium,0.5,0.5,0.5,0.4007234463911701
usaco,usaco/usaco-547,usaco-547,0.6481701709735245,0.6398767685527527,0.28859864755838305,0.5024292881112397,medium,0.3961538461538461,0.4499999999999999,0.4510222307509675,0.1913350836992521
swebench-multilingual,swebench-multilingual/swebench-multilingual-projectlombok__lombok-3009,swebench-multilingual-projectlombok__lombok-3009,0.6480059936946799,0.6446490698477071,0.29841453308234334,0.4433775214466363,medium,0.5,0.5,0.4629100498862757,0.5284842201935617
mmau,mmau/mmau-25941a11-499f-420c-a65c-26417a8378b4,mmau-25941a11-499f-420c-a65c-26417a8378b4,0.6479142345277056,0.6359340581232669,0.18726191189973443,0.36609705166853374,easy,0.7641025769230769,0.7533333500000001,0.2944674994328364,0.4940131335892966
gaia,gaia/gaia-33d8ea3b-6c6b-4ff1-803d-7e270dea8a57,gaia-33d8ea3b-6c6b-4ff1-803d-7e270dea8a57,0.6475892956415462,0.6405704294397018,0.18524007659775776,0.37412636253435105,medium,0.6538461538461539,0.6250000000000001,0.2891798748184251,0.5718527137026379
featurebench-modal,featurebench-modal/featurebench-modal-mlflow__mlflow.93dab383.test_bedrock_autolog.f008b521.lv1,featurebench-modal-mlflow__mlflow.93dab383.test_bedrock_autolog.f008b521.lv1,0.6467987424664043,0.6409103528792545,0.11547229998526537,0.37773604144893175,hard,0.0634615384615384,0.0687499999999999,0.1801691913174946,0.4732935459908132
mmmlu,mmmlu/mmmlu-de-de-00025,mmmlu-de-de-00025,0.6467968241891399,0.637508945565605,0.11302577210813462,0.35308125597661605,easy,0.939102576923077,0.9166666842105264,0.1772928409778735,0.2195492223824031
aider-polyglot,aider-polyglot/polyglot_go_palindrome-products,polyglot_go_palindrome-products,0.6466254564756089,0.6414679396804155,0.26256974302150277,0.38798380126658527,hard,0.275,0.275,0.4093263696893677,0.420690233060606
featurebench-modal,featurebench-modal/featurebench-modal-pandas-dev__pandas.82fa2715.test_groupby_shift_diff.e13d5358.lv1,featurebench-modal-pandas-dev__pandas.82fa2715.test_groupby_shift_diff.e13d5358.lv1,0.6462950088118987,0.6404000701746002,0.21775956670679827,0.3830117477388102,hard,0.175,0.175,0.340036762718386,0.4493399640854453
gaia,gaia/gaia-99c9cc74-fdc8-46c6-8f8d-3ce2d3bfeea3,gaia-99c9cc74-fdc8-46c6-8f8d-3ce2d3bfeea3,0.6462599020950184,0.6392204135462214,0.22143244669944892,0.3591703176843155,medium,0.3769230769230768,0.4,0.3464101615137755,0.4490249411470684
omnimath,omnimath/omnimath_1675,omnimath_1675,0.6462475479482355,0.5927802535614036,0.03216345029707283,0.36905153538871427,saturated,0.9846153846153848,0.984,0.0542586398650021,0.2293612447911037
swtbench,swtbench/swtbench-django__django-16145,swtbench-django__django-16145,0.6460383641201125,0.6137693089014904,0.16109414570390407,0.3008042547422647,hard,0.2615384615384615,0.3333333333333333,0.262466929133727,0.2818599736581547
gaia,gaia/gaia-7d4a7d1d-cac6-44a8-96e8-ea9584a70825,gaia-7d4a7d1d-cac6-44a8-96e8-ea9584a70825,0.6459407639536163,0.6388963312511535,0.22642543667623713,0.3528173997464349,medium,0.4615384615384616,0.4800000000000001,0.354400902933387,0.3989584262741043
swtbench,swtbench/swtbench-django__django-14765,swtbench-django__django-14765,0.6459015652641109,0.6136230925169244,0.19404465972297041,0.39488420732472596,medium,0.6,0.6,0.3162277660168379,0.5027755845544439
swtbench,swtbench/swtbench-django__django-11551,swtbench-django__django-11551,0.6458257650006008,0.6135420749849276,0.20592821244347057,0.3874029765667951,easy,0.7384615384615386,0.6857142857142858,0.3356382892705923,0.4242099993341169
gaia,gaia/gaia-935e2cff-ae78-4218-b3f5-115589b19dae,gaia-935e2cff-ae78-4218-b3f5-115589b19dae,0.6452854830023935,0.6382309064507801,0.22789401696511363,0.34949406858792575,medium,0.6846153846153846,0.65,0.3570714214271425,0.4004242956391096
swebench-multilingual,swebench-multilingual/swebench-multilingual-astral-sh__ruff-15626,swebench-multilingual-astral-sh__ruff-15626,0.6448747376554822,0.6414944783786476,0.287330971249176,0.4584679230478134,medium,0.4961538461538461,0.4933333333333333,0.4479087208597553,0.3126316789279715
featurebench-modal,featurebench-modal/featurebench-modal-pandas-dev__pandas.82fa2715.test_merge_antijoin.921feefe.lv1,featurebench-modal-pandas-dev__pandas.82fa2715.test_merge_antijoin.921feefe.lv1,0.6443215360319479,0.6384009906958286,0.24440983751221176,0.3824152105897002,hard,0.2211538461538461,0.2211538461538461,0.3828468957195946,0.4751313219759118
gpqa-diamond,gpqa-diamond/gpqa-diamond-78,gpqa-diamond-78,0.6442903839807219,0.6365565801650178,0.18031015110088608,0.3152327476988283,easy,0.8942307692307693,0.8552631578947368,0.2832586398747828,0.6506659502700515
labbench,labbench/labbench-figqa-0122,labbench-figqa-0122,0.6442717524904732,0.6393780197498355,0.16518435037932355,0.45686153837149673,medium,0.4153846153846154,0.4307692307692307,0.2583516249807179,0.4774231684568333
aider-polyglot,aider-polyglot/polyglot_rust_forth,polyglot_rust_forth,0.6441119763835035,0.6389258775247401,0.2054904610575607,0.39686781512639807,easy,0.7820512692307692,0.7820512692307692,0.3216186232018812,0.4809800185701968
aime,aime/aime_86,aime_86,0.6440993522890984,0.6296258765201541,0.13801179629599059,0.44008563747557433,easy,0.9224358846153848,0.8938596315789474,0.2191965124730271,0.2998381866679589
labbench,labbench/labbench-figqa-0123,labbench-figqa-0123,0.6440141629476988,0.6391176696210482,0.2276406740069114,0.4618867032640965,easy,0.7461538461538463,0.6923076923076923,0.35617959700893,0.4502264195901988
featurebench-modal,featurebench-modal/featurebench-modal-huggingface__transformers.e2e8dbed.test_modeling_prompt_depth_anything.2d54afdc.lv1,featurebench-modal-huggingface__transformers.e2e8dbed.test_modeling_prompt_depth_anything.2d54afdc.lv1,0.6439614858954193,0.63803627741757,0.12416294562797393,0.3892180874539355,frontier,0.0461538461538461,0.0461538461538461,0.194601702164208,0.1721857384025346
livecodebench,livecodebench/livecodebench-arc186_d,livecodebench-arc186_d,0.6439148887742453,0.6275408181344297,0.2791301174919095,0.3483076657930703,medium,0.6525641153846155,0.5745098235294117,0.4447999387859981,0.4828824817949157
aider-polyglot,aider-polyglot/polyglot_rust_simple-cipher,polyglot_rust_simple-cipher,0.6432174582669852,0.638021214867732,0.14190408775181487,0.3860123570382624,easy,0.9230769230769232,0.9230769230769232,0.2224128045353993,0.7084894738817646
labbench,labbench/labbench-figqa-0144,labbench-figqa-0144,0.642719317020032,0.6378089639237414,0.2399539226616254,0.43455082519613575,hard,0.1,0.2,0.3762159772503842,0.2433272316125936
seal0,seal0/seal0-51,seal0-51,0.6422461784564563,0.6270957456944649,0.2183131102876136,0.2940737670961363,medium,0.6365384230769231,0.6365384230769231,0.3481336172131849,0.6168914463141372
gaia,gaia/gaia-de9887f5-ead8-4727-876f-5a4078f8598c,gaia-de9887f5-ead8-4727-876f-5a4078f8598c,0.6421137059610867,0.6350101799505429,0.2413038683812063,0.37117178639241344,hard,0.2,0.26,0.38,0.2183075892358668
aider-polyglot,aider-polyglot/polyglot_python_phone-number,polyglot_python_phone-number,0.6420295948241234,0.6368199024141075,0.24202329275381634,0.38502160041971156,hard,0.2692307692307692,0.2692307692307692,0.38004982544725,0.4171398120908626
spider2,spider2/spider2-divvy001,spider2-divvy001,0.641989942942596,-0.6861858001937581,0.3187790753480071,0.5639323039864257,hard,0.2,0.3466666666666667,0.4645667037382492,-0.2579094015187707
mmau,mmau/mmau-3580ca69-7d52-4b48-bb13-63e0fb898439,mmau-3580ca69-7d52-4b48-bb13-63e0fb898439,0.6419869698180203,0.6298511641224526,0.19867786149988545,0.35844314285744805,easy,0.7615384615384616,0.7499999999999999,0.3154362059117501,0.332961477120938
medagentbench,medagentbench/medagentbench-task9_12,medagentbench-task9_12,0.641698182568688,0.6297545621489444,0.2626914552992714,0.4532155830738294,medium,0.4769230769230769,0.5,0.4171330722922842,0.4772251145068861
algotune,algotune/algotune-min-weight-assignment,algotune-min-weight-assignment,0.6414168036561106,0.6302584750092644,0.04604961836811448,0.29924593349002926,hard,0.0734267620170223,0.0764080041021708,0.0730646555247632,0.4448337590031079
algotune,algotune/algotune-fft-real-scipy-fftpack,algotune-fft-real-scipy-fftpack,0.6413804124539232,0.630221210397958,0.10426702462989217,0.3140245035335396,hard,0.1612121308767301,0.1624957859090152,0.1654451213472361,0.6126862556319351
gpqa-diamond,gpqa-diamond/gpqa-diamond-45,gpqa-diamond-45,0.6411961287263839,0.6334102092911165,0.22435551876765494,0.3090825852678057,easy,0.8320512692307692,0.7431372352941177,0.3542025617470601,0.3788146953082672
labbench,labbench/labbench-figqa-0042,labbench-figqa-0042,0.6411379418655687,0.6362107007131972,0.1717761920503413,0.4400448970439624,hard,0.0846153846153846,0.1692307692307692,0.2699989042274499,0.4534588913960619
mmmlu,mmmlu/mmmlu-fr-fr-00056,mmmlu-fr-fr-00056,0.6409050319873124,0.6314973378944501,0.12629946757889002,0.36330695165620214,easy,0.9423076923076924,0.9,0.2,0.172697306796729
algotune,algotune/algotune-ode-stiff-robertson,algotune-ode-stiff-robertson,0.6408470140778508,0.6296750161334328,0.21534910382614184,0.2899375849290598,medium,0.4580238317124679,0.4254183983824752,0.3420003943439099,0.4183743496439259
featurebench-modal,featurebench-modal/featurebench-modal-pandas-dev__pandas.82fa2715.test_iceberg.85771c70.lv2,featurebench-modal-pandas-dev__pandas.82fa2715.test_iceberg.85771c70.lv2,0.640405284648436,0.6344341622199547,0.28210968904206324,0.3658062115495521,medium,0.6288461538461539,0.6288461538461539,0.444663458939428,0.6680047440422658
aider-polyglot,aider-polyglot/polyglot_go_forth,polyglot_go_forth,0.6401808806746055,0.6349503076904324,0.25214188330781573,0.38931397765904335,medium,0.3,0.3,0.3971049076658556,0.6205085575037961
featurebench-modal,featurebench-modal/featurebench-modal-mwaskom__seaborn.7001ebe7.test_distributions.f700676d.lv1,featurebench-modal-mwaskom__seaborn.7001ebe7.test_distributions.f700676d.lv1,0.6400951625229973,0.6341200484946533,0.14460161917125547,0.3988962287576882,hard,0.0865384615384615,0.09,0.2280350850198276,0.2394878047700821
mmau,mmau/mmau-4452ab49-197b-4e61-8eb5-458999f0e914,mmau-4452ab49-197b-4e61-8eb5-458999f0e914,0.639824981251242,0.6276327845574489,0.2080676045337715,0.3948029423113042,easy,0.8538461538461539,0.8099999999999999,0.3315116890850155,0.7221217835163638
gaia,gaia/gaia-8b3379c0-0981-4f5b-8407-6444610cb212,gaia-8b3379c0-0981-4f5b-8407-6444610cb212,0.6397602708229603,0.632620585485462,0.1702207904312212,0.36090958232935794,hard,0.1076923076923076,0.1399999999999999,0.2690724809414742,0.2860946797954062
gpqa-diamond,gpqa-diamond/gpqa-diamond-47,gpqa-diamond-47,0.6387201884162992,0.6308927544104375,0.21297767536584641,0.30511144370713306,easy,0.8423076923076922,0.7842105263157895,0.3375814254910437,0.7399630321006577
simpleqa,simpleqa/simpleqa-661,simpleqa-661,0.6387157853465469,0.6346699522584339,0.2616811250567241,0.4760478195702195,medium,0.5,0.5,0.412310562561766,0.3356419917196223
gpqa-diamond,gpqa-diamond/gpqa-diamond-192,gpqa-diamond-192,0.638396918829744,0.6305640767653312,0.24672708101513421,0.3220126765586031,easy,0.823076923076923,0.7699999999999999,0.391279950930277,0.6848957982788793
gaia,gaia/gaia-32102e3e-d12a-4209-9163-7b3a104efe5d,gaia-32102e3e-d12a-4209-9163-7b3a104efe5d,0.6381483757903097,0.6309840035456151,0.22574769994287425,0.36568011217675833,easy,0.8461538461538461,0.8,0.3577708763999664,0.6991583003369564
gpqa-diamond,gpqa-diamond/gpqa-diamond-90,gpqa-diamond-90,0.6381187048072857,0.6302812106982705,0.25644016876535863,0.31850912203276943,easy,0.7692307692307693,0.6842105263157895,0.4068662755807934,0.3497701633329463
gpqa-diamond,gpqa-diamond/gpqa-diamond-42,gpqa-diamond-42,0.6380796956535719,0.6302415494362968,0.2622362075113222,0.3075043540534421,medium,0.6044873076923076,0.5715686470588236,0.4160884152209142,0.6864563570196204
swtbench,swtbench/swtbench-sphinx-doc__sphinx-8721,swtbench-sphinx-doc__sphinx-8721,0.6380793815143504,0.6052662166722053,0.11545980816916059,0.3218617309064754,hard,0.0538461538461538,0.1166666666666666,0.1907587190376599,0.2834897233396318
gpqa-diamond,gpqa-diamond/gpqa-diamond-109,gpqa-diamond-109,0.6376973193314547,0.6298527831890612,0.14027487520277435,0.29764301117042796,easy,0.9076923076923078,0.8800000000000001,0.2227105745132008,0.44170697488931
gaia,gaia/gaia-16d825ff-1623-4176-a5b5-42e0f5c2b0ac,gaia-16d825ff-1623-4176-a5b5-42e0f5c2b0ac,0.6374971448360887,0.63032281691517,0.13938545525741733,0.34991299351568544,hard,0.0692307692307692,0.09,0.2211334438749598,0.6091707817766331
swebench-multilingual,swebench-multilingual/swebench-multilingual-preactjs__preact-2896,swebench-multilingual-preactjs__preact-2896,0.6374404204623773,0.6340052171369012,0.30332289132851786,0.4470831458310981,easy,0.75,0.5666666666666667,0.4784233364802441,0.3842131716219934
livecodebench,livecodebench/livecodebench-3455,livecodebench-3455,0.6371735171140229,0.6205625977139133,0.16141108849017727,0.36399588198809424,easy,0.9384615384615383,0.911111111111111,0.260104442460436,0.1758233191266399
medagentbench,medagentbench/medagentbench-task9_11,medagentbench-task9_11,0.6367328179134958,0.6246621397902627,0.2658302561175064,0.47341447508819123,medium,0.5461538461538462,0.53,0.4255584566190643,0.5425210842131786
seal0,seal0/seal0-10,seal0-10,0.6367275495450428,0.621398396431348,0.2266339297352755,0.29774586821520904,medium,0.6923076923076923,0.6923076923076923,0.3647159874193753,0.326271728051114
livecodebench,livecodebench/livecodebench-3608,livecodebench-3608,0.6363871186519737,0.6197487445219508,0.12394974890439017,0.3607431278168231,saturated,0.953846153846154,0.9333333333333332,0.2,0.1924001103830347
swebench-multilingual,swebench-multilingual/swebench-multilingual-apache__lucene-13704,swebench-multilingual-apache__lucene-13704,0.6362718285584953,0.6328280474572419,0.27965622210355245,0.4470634903984247,medium,0.4153846153846154,0.4266666666666667,0.4419150245113747,0.4033845614090691
algotune,algotune/algotune-queens-with-obstacles,algotune-queens-with-obstacles,0.6359240120050698,0.6246344418975748,0.1420646489411061,0.28589887307438683,medium,0.4003769451882052,0.3977934707910682,0.2274364642934648,0.493638113846968
featurebench-modal,featurebench-modal/featurebench-modal-huggingface__transformers.e2e8dbed.test_modeling_seggpt.f9e83f60.lv1,featurebench-modal-huggingface__transformers.e2e8dbed.test_modeling_seggpt.f9e83f60.lv1,0.6358720919560129,0.6298428200609434,0.14331539901126908,0.3860861123589848,hard,0.0769230769230769,0.0769230769230769,0.227541530119216,0.1020491195156733
algotune,algotune/algotune-pagerank,algotune-pagerank,0.6357881214086443,0.6244953194321233,0.18295716589280378,0.29988393584435935,medium,0.3592797421608361,0.3379982359872155,0.2929680338664083,0.4048122690388313
gaia,gaia/gaia-cabe07ed-9eca-40ea-8ead-410ef5e83f91,gaia-cabe07ed-9eca-40ea-8ead-410ef5e83f91,0.635457882057019,0.6282524467924134,0.23126176521431008,0.3533111328395091,medium,0.4384615384615384,0.45,0.3681032463861193,0.4319282880794222
featurebench-modal,featurebench-modal/featurebench-modal-mlflow__mlflow.93dab383.test_databricks_tracing_utils.8ef44eb4.lv1,featurebench-modal-mlflow__mlflow.93dab383.test_databricks_tracing_utils.8ef44eb4.lv1,0.634634905944463,0.6285898377142572,0.20893236083563724,0.37946743906228214,hard,0.2038461538461538,0.212,0.3323826576569842,0.4144339414894678
gpqa-diamond,gpqa-diamond/gpqa-diamond-59,gpqa-diamond-59,0.634221123639657,0.6263186782529253,0.09378862937577229,0.2978543871067172,easy,0.9403846153846154,0.9184210526315788,0.149745860425861,0.7409852673075605
featurebench-modal,featurebench-modal/featurebench-modal-linkedin__liger-kernel.c856fbab.test_poly_norm.7b0e3399.lv1,featurebench-modal-linkedin__liger-kernel.c856fbab.test_poly_norm.7b0e3399.lv1,0.6337637760351598,0.627707604203531,0.2635521638667845,0.3775545951844734,medium,0.4032051153846154,0.406,0.4198645390017118,0.4605583345043855
aime,aime/aime_i-6,aime_i-6,0.6336526925922145,0.6188548099957223,0.11755024030652025,0.42852772678128603,easy,0.9346153846153844,0.9055555555555554,0.189948011080875,0.2963510258756497
featurebench-modal,featurebench-modal/featurebench-modal-matplotlib__matplotlib.86a476d2.test_backend_registry.872ba384.lv1,featurebench-modal-matplotlib__matplotlib.86a476d2.test_backend_registry.872ba384.lv1,0.6335149641842645,0.6274556238198937,0.1642607981621435,0.36766025866301144,hard,0.1474358846153846,0.15333332,0.2617887097132678,0.635192003878151
gaia,gaia/gaia-983bba7c-c092-455f-b6c9-7857003d48fc,gaia-983bba7c-c092-455f-b6c9-7857003d48fc,0.6334168767196964,0.6261804104809885,0.22125041150637517,0.3591018382597141,hard,0.2974358846153846,0.32666665,0.3533333330188754,0.2768887159056034
livecodebench,livecodebench/livecodebench-3299,livecodebench-3299,0.6331401571372267,0.61638881054188,0.15384015958306693,0.34712233738830023,easy,0.8673076923076923,0.8083333333333333,0.2495829855311989,0.2828954215722755
usaco,usaco/usaco-1138,usaco-1138,0.6319261285901939,0.6233383320908209,0.2630051979335708,0.48777229503040354,medium,0.5115384615384616,0.515,0.4219300889957955,0.3846155507004161
replicationbench,replicationbench/replicationbench-hubble_trails__satellite_chance_pre2020_uvis,replicationbench-hubble_trails__satellite_chance_pre2020_uvis,0.6313455027593411,0.6195497955646642,0.20133513084007124,0.42145713750816816,hard,0.15,0.2294117647058823,0.3249700545160737,0.4384621936436041
kumo,kumo/kumo-microbiologyenv-t4-a6-v1-s0,kumo-microbiologyenv-t4-a6-v1-s0,0.6310793253711164,0.6233114527098402,0.08119037592148848,0.38305897363973973,saturated,0.9615384615384616,0.9473684210526316,0.1302565123238377,0.5082668366626815
swebench-multilingual,swebench-multilingual/swebench-multilingual-phpoffice__phpspreadsheet-4114,swebench-multilingual-phpoffice__phpspreadsheet-4114,0.6308818986412645,0.6273987608097993,0.294719367720624,0.43741089615413303,easy,0.7884615384615384,0.6071428571428571,0.4697480870702109,0.3634314249732043
algotune,algotune/algotune-convolve2d-full-fill,algotune-convolve2d-full-fill,0.6300738388309761,0.6186457909922354,0.09904884945982602,0.27154091616617965,easy,0.7826553968232545,0.7812836839161384,0.1601059134354786,0.5499930508591692
usaco,usaco/usaco-1040,usaco-1040,0.6296659222706181,0.6210377777998501,0.28255134571597623,0.48593959683341625,medium,0.375,0.4394736842105263,0.4549664381399962,0.2825702535597089
featurebench-modal,featurebench-modal/featurebench-modal-mlflow__mlflow.93dab383.test_responses_agent.072c4133.lv1,featurebench-modal-mlflow__mlflow.93dab383.test_responses_agent.072c4133.lv1,0.6284025391606844,0.6222783765386304,0.28040912879934204,0.37860187071730256,hard,0.1461538461538461,0.3166666666666666,0.4506168611531925,0.1817315278945387
spider2,spider2/spider2-activity001,spider2-activity001,0.6282740403295474,0.575171861518781,0.25882733768345145,0.5431767399981914,easy,0.7846153846153846,0.65,0.45,0.2451255268048387
kumo,kumo/kumo-chemicalenv-t12-a16-v1-s0,kumo-chemicalenv-t12-a16-v1-s0,0.6281786023483524,0.6203640161772489,0.20266015535167597,0.3520993653823217,easy,0.8064102692307693,0.74833335,0.3266794173532019,0.4789855407959811
bixbench,bixbench/bix-18-q2,bix-18-q2,0.628122052581654,0.585899020117104,0.1021549847923984,0.272685189035958,saturated,0.9692307692307692,0.96,0.1743559577416269,0.4678406757406126
swtbench,swtbench/swtbench-sphinx-doc__sphinx-9673,swtbench-sphinx-doc__sphinx-9673,0.6279789470183729,0.5944864021878483,0.19716883390254078,0.33764026607139286,hard,0.2461538461538461,0.3,0.3316624790355399,0.2221798677566701
aime,aime/aime_62,aime_62,0.6275462377874123,0.6125613429969716,0.2253349592596198,0.42553317003992264,easy,0.7326923076923078,0.6824999999999999,0.367856969486783,0.4906480473765156
swebench-multilingual,swebench-multilingual/swebench-multilingual-faker-ruby__faker-2705,swebench-multilingual-faker-ruby__faker-2705,0.6270583966899418,0.6235475460850339,0.2608402129839479,0.4307384127546494,medium,0.3256410384615385,0.3904762142857143,0.4183164774228408,0.4641902674839595
crustbench,crustbench/crustbench-libtinyfseq,crustbench-libtinyfseq,0.6270449486591498,0.6178799618679304,0.04023676097752702,0.43533368660312927,saturated,0.9826923076923078,0.9795454545454546,0.0651206762813381,0.6986210545919264
replicationbench,replicationbench/replicationbench-gw_nsbh__mtov_spin,replicationbench-gw_nsbh__mtov_spin,0.626963458679616,0.61506114311386,0.11588639888607612,0.4136395165383865,hard,0.1153846153846153,0.15,0.1884144368141677,0.426993737603808
labbench,labbench/labbench-figqa-0143,labbench-figqa-0143,0.6269086781328769,0.6218313897471772,0.25570807630418435,0.41996413755186146,medium,0.4538461538461539,0.47,0.4112177038990418,0.1727277846975214
omnimath,omnimath/omnimath_3716,omnimath_3716,0.6266226556360762,0.571014847448863,0.21594461262106374,0.3561572993313143,medium,0.5923076923076924,0.5923076923076924,0.3781768785625186,0.4430855373375663
replicationbench,replicationbench/replicationbench-lensing_dr6_growth__alens,replicationbench-lensing_dr6_growth__alens,0.6264905117203285,0.6145767367614666,0.2290138646490592,0.40992222011777074,medium,0.4173076923076922,0.4264705882352941,0.3726367285814554,0.6255572190737624
kumo,kumo/kumo-mythicenv-t4-a6-v1-s0,kumo-mythicenv-t4-a6-v1-s0,0.6263085011526844,0.61846391664945,0.059901657562509335,0.3765913569902965,saturated,0.9717948846153844,0.9568627647058824,0.0968555415278367,0.4367970647853096
algotune,algotune/algotune-l0-pruning,algotune-l0-pruning,0.6255164646919988,0.6139814713615409,0.08567314912002234,0.28577854073912207,medium,0.4194672534900007,0.4154625083240292,0.1395370269562646,0.3905052875393404
kumo,kumo/kumo-philosophyenv-t4-a6-v1-s0,kumo-philosophyenv-t4-a6-v1-s0,0.6254033263275285,0.6175442551029241,0.057251416913390064,0.3727077483925882,saturated,0.9775641153846154,0.9675926111111112,0.0927082009755692,0.4537710753250132
swe-lancer,swe-lancer/swe-lancer-18658-manager-0,swe-lancer-18658-manager-0,0.6253248115997453,0.49865858250597034,0.13683078619030867,0.32054989939314676,easy,0.8692307692307693,0.7999999999999999,0.2743977362280141,0.6705094675887531
mmau,mmau/mmau-13cd0db2-cb58-4141-886c-398f59a874cd,mmau-13cd0db2-cb58-4141-886c-398f59a874cd,0.6253198404953949,0.6127544912556572,0.2046086249911491,0.3871952165185403,easy,0.7846153846153846,0.7500000000000001,0.33391615714128,0.672564016642506
swtbench,swtbench/swtbench-sphinx-doc__sphinx-9367,swtbench-sphinx-doc__sphinx-9367,0.6252036840256506,0.5915266443758108,0.22373126368998977,0.4067484798573215,easy,0.8692307692307693,0.7166666666666667,0.3782268572636739,0.2571366134773212
gaia,gaia/gaia-e29834fd-413a-455c-a33e-c3915b07401c,gaia-e29834fd-413a-455c-a33e-c3915b07401c,0.6249768430247792,0.6176131497806947,0.21844654940747418,0.34571651322860697,medium,0.5769230769230769,0.57,0.3536947836765479,0.3115339839623849
aime,aime/aime_ii-13,aime_ii-13,0.6246571944400057,0.6095844937030588,0.2271850234047305,0.421206928614736,medium,0.5775641153846155,0.5692982631578948,0.3726883241806952,0.5406501144090674
swtbench,swtbench/swtbench-astropy__astropy-14598,swtbench-astropy__astropy-14598,0.6245527612448663,0.5908325850055504,0.19173051988335826,0.4262674734638093,easy,0.8153846153846154,0.7428571428571428,0.3245090483314442,0.3859677880806371
reasoning-gym,reasoning-gym/reasoning-gym-arithmetic-lcm-hard0292e21f-seed45-1,reasoning-gym-arithmetic-lcm-hard0292e21f-seed45-1,0.6244975381384927,0.6136216598582037,0.12575501874986836,0.3166853461028665,easy,0.9230769230769232,0.9,0.2049390153191919,0.1174077152512706
swtbench,swtbench/swtbench-django__django-16255,swtbench-django__django-16255,0.6239539268639167,0.5901941114381621,0.17284113312774388,0.41539495316191405,easy,0.7576923076923077,0.7083333333333334,0.2928547231800929,0.1909065960444049
swebench-multilingual,swebench-multilingual/swebench-multilingual-apache__lucene-12196,swebench-multilingual-apache__lucene-12196,0.6237701826252705,0.6202356357876534,0.3020461931894436,0.48424242241537035,easy,0.7384615384615384,0.5466666666666666,0.4869861964733246,0.108148346123304
medagentbench,medagentbench/medagentbench-task9_13,medagentbench-task9_13,0.6235618190749399,0.6111591450318212,0.2257155605531928,0.4530729713530847,medium,0.5538461538461539,0.5400000000000001,0.3693237062523878,0.4103715833619543
featurebench-modal,featurebench-modal/featurebench-modal-mlflow__mlflow.93dab383.test_databricks_adapter.3b72f337.lv1,featurebench-modal-mlflow__mlflow.93dab383.test_databricks_adapter.3b72f337.lv1,0.6233291217220657,0.6171411643617709,0.26280651069309885,0.3591676598285063,medium,0.3679487307692308,0.38266668,0.4258450511316735,0.5821571416347211
bixbench,bixbench/bix-28-q3,bix-28-q3,0.6232191597602983,0.5805904339591332,0.17429200083225993,0.31991168161322264,hard,0.0942307692307692,0.1225,0.3001978514246896,0.5356638221937154
replicationbench,replicationbench/replicationbench-muse_outflows__voronoi_binning_for_emission_lines_j080427,replicationbench-muse_outflows__voronoi_binning_for_emission_lines_j080427,0.6230501793001594,0.6110533195103388,0.12507949501826796,0.41953803259523903,hard,0.0846153846153846,0.11,0.2046948949045872,0.43633295130908
algotune,algotune/algotune-kalman-filter,algotune-kalman-filter,0.6227358859701553,0.6111360425133846,0.17198963081296015,0.29283557612436556,medium,0.4693179550636098,0.4601334460499069,0.2814260963984846,0.5084339898604162
swesmith,swesmith/swesmith-oauthlib__oauthlib.1fd52536.combine_file__6cwt9dv9,swesmith-oauthlib__oauthlib.1fd52536.combine_file__6cwt9dv9,0.6227142955905752,0.46622757671064413,0.15235159220831251,0.30814825471895446,medium,0.6134615384615384,0.6205882352941176,0.3267751626430858,0.2199539781477706
ineqmath,ineqmath/ineqmath-48,ineqmath-48,0.6225476859415031,0.5840685320088983,0.14101220273183498,0.4737260757583616,easy,0.9288461538461538,0.8766666666666667,0.2414309194964242,0.2105189716625429
aider-polyglot,aider-polyglot/polyglot_python_simple-linked-list,polyglot_python_simple-linked-list,0.6220412100612692,0.6166090231288942,0.26646183885297137,0.37083616913079237,medium,0.5692307692307691,0.5692307692307691,0.4321406740057888,0.4740157399768525
replicationbench,replicationbench/replicationbench-ls_cal__cab_temp,replicationbench-ls_cal__cab_temp,0.6220216895353619,0.6100000848722222,0.18594117957530873,0.4195707548446406,easy,0.7044871923076924,0.6803921764705883,0.3048215634498775,0.7022523317886394
omnimath,omnimath/omnimath_2716,omnimath_2716,0.6219780281361709,0.5658756408462999,0.09876759133883647,0.35310561770015647,easy,0.9461538461538462,0.944,0.1745393938341714,0.2781401242039015
reasoning-gym,reasoning-gym/reasoning-gym-games-sokoban-hard0292e21f-seed45-0,reasoning-gym-games-sokoban-hard0292e21f-seed45-0,0.6219252388459201,0.6109929517853854,0.16205078831563408,0.29616865168281786,hard,0.2179487307692307,0.22333335,0.2652252989860271,0.608462363392277
swebench-multilingual,swebench-multilingual/swebench-multilingual-preactjs__preact-2927,swebench-multilingual-preactjs__preact-2927,0.6217987306984489,0.6182500374024572,0.3007812741040085,0.4389463262789172,easy,0.8076923076923077,0.6153846153846154,0.4865042554105199,0.3102253731870501
reasoning-gym,reasoning-gym/reasoning-gym-algebra-polynomial-multiplication-hard0292e21f-seed45-1,reasoning-gym-algebra-polynomial-multiplication-hard0292e21f-seed45-1,0.6215180588901023,0.6105768649904391,0.2286127082154172,0.31283458456499397,easy,0.8942307692307693,0.7708333333333334,0.3744208490752381,0.4808500596115204
medagentbench,medagentbench/medagentbench-task9_15,medagentbench-task9_15,0.6210923194642274,0.6086282112260417,0.2089820482985916,0.43567789225689296,medium,0.5076923076923078,0.51,0.3433656942677878,0.2893605161612135
labbench,labbench/labbench-figqa-0139,labbench-figqa-0139,0.6209516047138816,0.6158125208624249,0.1899538869373866,0.4289371021945282,hard,0.1076923076923076,0.2153846153846153,0.3084605793194372,0.5715187764766279
spider2,spider2/spider2-retail001,spider2-retail001,0.6206146691847889,-0.6669493437722982,0.30190477657241266,0.5530506196595912,medium,0.335897423076923,0.4078431176470588,0.4526652277140336,-0.5108607123554579
simpleqa,simpleqa/simpleqa-975,simpleqa-975,0.6204409806748269,0.6162386869101442,0.15393637465158028,0.45843484869830925,easy,0.7692307692307694,0.76,0.2497999199359359,0.4252649551447793
featurebench-modal,featurebench-modal/featurebench-modal-mlflow__mlflow.93dab383.test_mlflow.d1847ff9.lv1,featurebench-modal-mlflow__mlflow.93dab383.test_mlflow.d1847ff9.lv1,0.6193900431614104,0.6131529206255384,0.17083105008181632,0.3713274125191786,hard,0.1192307692307692,0.124,0.2786108397029807,0.1994389147066344
bfcl,bfcl/bfcl-live-multiple-887-184-4,bfcl-live-multiple-887-184-4,0.6191137739750355,0.6030415807687702,0.06083704759214013,0.2675224382225604,saturated,0.953846153846154,0.953846153846154,0.1008836696046461,0.4905515672417835
bixbench,bixbench/bix-33-q6,bix-33-q6,0.6186336182028684,0.5756288685436991,0.17268866056310972,0.2921069673536644,easy,0.9230769230769232,0.9,0.3,0.7067783278754829
aime,aime/aime_73,aime_73,0.6185632977389822,0.6033068013721508,0.20066030350235325,0.41693245947988455,medium,0.6576923076923078,0.6236842105263158,0.3326007647286171,0.4944431291271934
labbench,labbench/labbench-figqa-0031,labbench-figqa-0031,0.6176452850560978,0.6124721633822018,0.21279336698754905,0.4473072720718476,hard,0.2461538461538461,0.2923076923076923,0.3474335320195758,0.495034290027104
seal0,seal0/seal0-31,seal0-31,0.617057786941058,0.6011050158526859,0.20498679709929052,0.3132671864027096,medium,0.4006410384615385,0.4006410384615385,0.3410166138915185,0.5656012252860539
aider-polyglot,aider-polyglot/polyglot_javascript_killer-sudoku-helper,polyglot_javascript_killer-sudoku-helper,0.6166251964135637,0.6111339622393579,0.2301105199663868,0.3695423464814135,medium,0.676923076923077,0.676923076923077,0.3765304077083205,0.579684344016623
algotune,algotune/algotune-aircraft-wing-design,algotune-aircraft-wing-design,0.6159848203438909,0.6042287867412955,0.1901349827385908,0.28997788620379195,hard,0.2667094896428975,0.2767803527682552,0.3146738237415331,0.5706881137195449
swebench-multilingual,swebench-multilingual/swebench-multilingual-gin-gonic__gin-3741,swebench-multilingual-gin-gonic__gin-3741,0.6158566965388604,0.6122656402250972,0.2856644671346329,0.4405700748970784,medium,0.5897437692307693,0.5238095714285714,0.4665694893961539,0.299517351599205
gaia,gaia/gaia-dc28cf18-6431-458b-83ef-64b3ce566c10,gaia-dc28cf18-6431-458b-83ef-64b3ce566c10,0.615684681480443,0.6081829517950874,0.1413289466249785,0.3369466789753324,easy,0.9230769230769232,0.9,0.232379000772445,0.2377567744015759
featurebench-modal,featurebench-modal/featurebench-modal-mwaskom__seaborn.7001ebe7.test_plot.b645d353.lv1,featurebench-modal-mwaskom__seaborn.7001ebe7.test_plot.b645d353.lv1,0.6156128901720189,0.609328923960363,0.18241142726477824,0.3626332534311265,hard,0.1596153846153846,0.1596153846153846,0.2993644648922725,0.5399478516110859
aider-polyglot,aider-polyglot/polyglot_rust_fizzy,polyglot_rust_fizzy,0.6154723007093638,0.609968565467128,0.20564955992400985,0.37166644440494123,hard,0.2692307692307692,0.2692307692307692,0.3371478000124788,0.6558499282439934
swtbench,swtbench/swtbench-pydata__xarray-4356,swtbench-pydata__xarray-4356,0.6152687502578034,0.5809389282373552,0.1001546500037534,0.29128851176232556,frontier,0.0384615384615384,0.0833333333333333,0.1724013405464766,0.3688471342634922
medagentbench,medagentbench/medagentbench-task9_19,medagentbench-task9_19,0.6147133901071206,0.6020917800199467,0.22334277868715635,0.4335126658618326,medium,0.5153846153846154,0.5200000000000001,0.3709447398198282,0.3218529618716761
aider-polyglot,aider-polyglot/polyglot_java_book-store,polyglot_java_book-store,0.6146129707048282,0.6090999331529956,0.23219848443772886,0.36509230929652015,easy,0.7076923076923077,0.7076923076923077,0.3812157444111959,0.604777786625217
kumo,kumo/kumo-transportenv-t4-a6-v1-s0,kumo-transportenv-t4-a6-v1-s0,0.6145676237738109,0.6065368155778909,0.1047560915924807,0.3684526302182247,easy,0.9314102692307692,0.9009259444444444,0.1727118435385857,0.4848454507806775
kumo,kumo/kumo-mlenv-t4-a6-v1-s0,kumo-mlenv-t4-a6-v1-s0,0.6144933159138518,0.6064613407105673,0.19059241179730108,0.370448441120577,easy,0.9230769230769232,0.8888888888888888,0.3142696805273545,0.4841234675347783
algotune,algotune/algotune-communicability,algotune-communicability,0.6136960881906696,0.6018875088849338,0.09775092552505003,0.26457491136035866,easy,0.7946516816167658,0.7934357855774725,0.1624073005039512,0.5413467317944497
swtbench,swtbench/swtbench-scikit-learn__scikit-learn-10908,swtbench-scikit-learn__scikit-learn-10908,0.6133067245163609,0.5788494031409375,0.16249291867337462,0.32646088153641584,medium,0.5442307692307693,0.5375,0.2807170877116912,0.2059957385354703
bfcl,bfcl/bfcl-irrelevance-103,bfcl-irrelevance-103,0.6131405380573377,0.5968803332075066,0.08315355843959636,0.2672718314802287,saturated,0.9538461538461538,0.9538461538461538,0.1393136175098064,0.4875758686609025
crustbench,crustbench/crustbench-clhash,crustbench-clhash,0.6118920886176678,0.6024468107591918,0.20416821179530467,0.4274487527988408,medium,0.6230769230769232,0.6230769230769232,0.3388983195678567,0.6157876058909107
aider-polyglot,aider-polyglot/polyglot_javascript_book-store,polyglot_javascript_book-store,0.6118277981301528,0.6062847022740133,0.15495935309635384,0.37560428806775586,easy,0.8923076923076925,0.8923076923076925,0.2555884265513254,0.4139540794994957
labbench,labbench/labbench-figqa-0074,labbench-figqa-0074,0.6116291803366863,0.606394600503469,0.1272326114113456,0.44304396338802376,hard,0.1769230769230769,0.1538461538461538,0.2098181799536286,0.3841064724591728
gpqa-diamond,gpqa-diamond/gpqa-diamond-136,gpqa-diamond-136,0.6113319231871794,0.6030563452375778,0.18098599058631634,0.29694384655456446,easy,0.8711538461538461,0.8324999999999999,0.3001145614594533,0.7075335866876532
reasoning-gym,reasoning-gym/reasoning-gym-logic-zebra-puzzles-easy00cea0a5-seed45-2,reasoning-gym-logic-zebra-puzzles-easy00cea0a5-seed45-2,0.6107544440002672,0.5995800153264775,0.22127344553070288,0.29739536914615894,easy,0.8833333461538462,0.7472222500000001,0.3690473996372564,0.2177462939572643
simpleqa,simpleqa/simpleqa-1279,simpleqa-1279,0.6107432764539208,0.6064598323549296,0.06184701038775984,0.4633627924583872,saturated,0.9692307692307692,0.96,0.1019803902718556,0.4749676276138207
seal0,seal0/seal0-73,seal0-73,0.6107364147696136,0.5945876618531161,0.25238653960618834,0.3171692613642331,medium,0.3461538461538461,0.3461538461538461,0.4244732203483506,0.2983437335891974
reasoning-gym,reasoning-gym/reasoning-gym-algorithmic-base-conversion-easy00cea0a5-seed45-1,reasoning-gym-algorithmic-base-conversion-easy00cea0a5-seed45-1,0.6105503655494875,0.5993715559285299,0.09527943089214203,0.30535772091881574,saturated,0.9679487307692308,0.9305555833333332,0.1589655530859114,0.1608999440730116
gpqa-diamond,gpqa-diamond/gpqa-diamond-103,gpqa-diamond-103,0.6103887203277538,0.6020980708848997,0.07644958409918065,0.3307149400168373,saturated,0.9576923076923076,0.9421052631578948,0.126971979808577,0.0698856008949928
gaia,gaia/gaia-b415aba4-4b68-4fc6-9b89-2c812e55a3e1,gaia-b415aba4-4b68-4fc6-9b89-2c812e55a3e1,0.6103453299232908,0.6027652481765867,0.22299768575902665,0.3393696552262217,hard,0.1903846153846154,0.2475,0.3699577678600625,0.2427755804237086
gpqa-diamond,gpqa-diamond/gpqa-diamond-155,gpqa-diamond-155,0.6102533333614178,0.6019605225382464,0.08929769943070776,0.3259529013644263,easy,0.95,0.9277777777777776,0.1483447769202076,0.0384559876034167
labbench,labbench/labbench-figqa-0158,labbench-figqa-0158,0.610241888512666,0.6049932238630609,0.20936901612927897,0.4487747667812222,medium,0.4076923076923077,0.4153846153846154,0.3460683655139074,0.4587933646352757
labbench,labbench/labbench-figqa-0006,labbench-figqa-0006,0.6101651865011477,0.6049157440691927,0.1654341150579109,0.41751362578151624,hard,0.0769230769230769,0.1538461538461538,0.273482905148172,0.2634276653433089
reasoning-gym,reasoning-gym/reasoning-gym-games-tsumego-hard0292e21f-seed45-0,reasoning-gym-games-tsumego-hard0292e21f-seed45-0,0.6096800011994269,0.5984825246922363,0.2258166210821815,0.3002707595266463,easy,0.864102576923077,0.7282051538461538,0.3773153129213012,0.3503896058540367
reasoning-gym,reasoning-gym/reasoning-gym-algebra-simple-integration-hard0292e21f-seed45-0,reasoning-gym-algebra-simple-integration-hard0292e21f-seed45-0,0.6086276319553819,0.5974076222880748,0.07650550451799795,0.3110269178492228,saturated,0.953846153846154,0.94,0.1280624847486569,0.3446513569096029
seal0,seal0/seal0-14,seal0-14,0.6077469598247237,0.5915062749146438,0.25913563510110893,0.301650194527943,medium,0.6403846153846153,0.6403846153846153,0.4380944819875377,0.2330008724916412
gaia,gaia/gaia-5b2a14e8-6e59-479c-80e3-4696e8980152,gaia-5b2a14e8-6e59-479c-80e3-4696e8980152,0.6072943361253772,0.599669798753884,0.21058466097959985,0.3354432400035775,hard,0.2903846153846154,0.3175,0.3511676949834651,0.3444778210373108
featurebench-modal,featurebench-modal/featurebench-modal-linkedin__liger-kernel.c856fbab.test_layer_norm.ed322799.lv1,featurebench-modal-linkedin__liger-kernel.c856fbab.test_layer_norm.ed322799.lv1,0.6069120752482239,0.6005213217480115,0.24302271787086238,0.35940181830663576,medium,0.3160256153846154,0.3160256153846154,0.4046862435516297,0.5528025428412355
medagentbench,medagentbench/medagentbench-task10_5,medagentbench-task10_5,0.6065187462284266,0.5936973147582848,0.18727362842734743,0.4348982290109591,medium,0.3615384615384615,0.35,0.3154362059117501,0.6460757648295852
featurebench-modal,featurebench-modal/featurebench-modal-sphinx-doc__sphinx.e347e59c.test_ext_napoleon_docstring.50dabe1f.lv1,featurebench-modal-sphinx-doc__sphinx.e347e59c.test_ext_napoleon_docstring.50dabe1f.lv1,0.6058038960949169,0.5993996536362393,0.20050799039838585,0.37102108441541537,hard,0.1487179615384615,0.1487179615384615,0.3345146917953829,0.1103918938589075
algotune,algotune/algotune-cumulative-simpson-multid,algotune-cumulative-simpson-multid,0.6052721184873274,0.5932719060844398,0.16338190068314717,0.2839918523962786,hard,0.2631909286177102,0.265920903135461,0.27539126496223,0.4317374835783372
medagentbench,medagentbench/medagentbench-task9_26,medagentbench-task9_26,0.6052697472411314,0.5924181076913467,0.20272474934487356,0.4399373510642155,medium,0.5461538461538462,0.53,0.3421987726453735,0.481135390916462
simpleqa,simpleqa/simpleqa-946,simpleqa-946,0.6052345548337181,0.6009055932195387,0.20772568466494898,0.4540160325815509,medium,0.6846153846153846,0.65,0.3456877203488721,0.5771769916343369
gaia,gaia/gaia-65638e28-7f37-4fa7-b7b9-8c19bb609879,gaia-65638e28-7f37-4fa7-b7b9-8c19bb609879,0.6051020703947595,0.5974457316939653,0.18103566881752525,0.34270516071579676,hard,0.1403846153846153,0.1825,0.3030160886817728,0.2820527658109084
aider-polyglot,aider-polyglot/polyglot_python_wordy,polyglot_python_wordy,0.6050670349991841,0.5994515562211001,0.2194546779778629,0.3639820781194236,hard,0.2538461538461539,0.2538461538461539,0.3660924318243321,0.4788142807203207
bfcl,bfcl/bfcl-live-simple-222-117-14,bfcl-live-simple-222-117-14,0.6050254121664765,0.5885128971908052,0.10293377585896858,0.3032748349664304,easy,0.9307692307692308,0.9307692307692308,0.1749048769369549,-0.094767844394615
reasoning-gym,reasoning-gym/reasoning-gym-code-codeio-easy00cea0a5-seed45-2,reasoning-gym-code-codeio-easy00cea0a5-seed45-2,0.6048876734046618,0.5935879140145174,0.25502941713904914,0.3096008550206197,easy,0.8657692307692307,0.7091666666666666,0.4296405151079472,0.4653841876665656
mmau,mmau/mmau-20cf7678-509c-41fc-9d1c-4a1f000513ee,mmau-20cf7678-509c-41fc-9d1c-4a1f000513ee,0.6045178473913467,0.5914330862800914,0.15636667604934532,0.36614568625902427,easy,0.8153846153846154,0.7899999999999999,0.2643860813280457,0.5471640767602799
ineqmath,ineqmath/ineqmath-76,ineqmath-76,0.6042373427074477,0.5644163851643391,0.08624681289131916,0.458322269071236,easy,0.9451923076923076,0.905,0.1528070678993612,0.4123057863529308
bfcl,bfcl/bfcl-live-multiple-470-145-21,bfcl-live-multiple-470-145-21,0.6041016774486588,0.5875606699685476,0.07301794712240751,0.2680909466758946,saturated,0.9615384615384616,0.9615384615384616,0.1242730340107962,0.3350609931877977
spider2,spider2/spider2-intercom001,spider2-intercom001,0.6039847620752133,0.5484371072659642,0.1993690997068386,0.3358322203538738,hard,0.1423076923076923,0.2312499999999999,0.3635222654803967,0.5545571105937889
gpqa-diamond,gpqa-diamond/gpqa-diamond-68,gpqa-diamond-68,0.6039174073704668,0.5955240015955069,0.10223901054992195,0.33543730841792596,saturated,0.9512820384615384,0.9333333157894738,0.1716790763697295,0.029247905002086
mmmlu,mmmlu/mmmlu-ja-jp-00098,mmmlu-ja-jp-00098,0.6034427558308146,0.5932999282608448,0.2594780730047195,0.3281695977618699,easy,0.7564102692307693,0.627451,0.4373472178992743,0.4642272403129404
featurebench-modal,featurebench-modal/featurebench-modal-pydantic__pydantic.e1dcaf9e.test_deprecated_fields.40a2ec54.lv1,featurebench-modal-pydantic__pydantic.e1dcaf9e.test_deprecated_fields.40a2ec54.lv1,0.6024287816930594,0.5959836126081621,0.20916340046551868,0.36542377402280496,hard,0.2019230769230769,0.2019230769230769,0.3509549525198709,0.2795994856753548
aider-polyglot,aider-polyglot/polyglot_rust_say,polyglot_rust_say,0.6024176011326293,0.5967739810616818,0.1125391844626334,0.36324855086623853,easy,0.9461538461538462,0.9461538461538462,0.1885792411097117,0.7035447762275244
reasoning-gym,reasoning-gym/reasoning-gym-arithmetic-products-easy00cea0a5-seed45-0,reasoning-gym-arithmetic-products-easy00cea0a5-seed45-0,0.6021317947287493,0.5907735990366437,0.09228178620820303,0.3034458121997904,saturated,0.9538461538461538,0.9399999999999998,0.156204993518133,0.2320787598731269
swe-lancer,swe-lancer/swe-lancer-24156-manager-0,swe-lancer-24156-manager-0,0.6020993182832922,0.47048848934852033,0.08993568368015381,0.2652347492245848,easy,0.9076923076923076,0.8588235294117648,0.1911538448149638,0.3975122938276064
featurebench-modal,featurebench-modal/featurebench-modal-huggingface__transformers.e2e8dbed.test_modeling_lightglue.3d3d57cb.lv1,featurebench-modal-huggingface__transformers.e2e8dbed.test_modeling_lightglue.3d3d57cb.lv1,0.6005935472793824,0.5941262226451646,0.06400093664117605,0.3577405395999786,frontier,0.0435897307692307,0.0435897307692307,0.1077227939144506,0.4013668253581001
livecodebench,livecodebench/livecodebench-abc337_d,livecodebench-abc337_d,0.6004022468534828,0.5825464555790695,0.10672931643407414,0.3529789824002275,easy,0.933333346153846,0.9037037222222222,0.1832116827970086,0.451300159032542
crustbench,crustbench/crustbench-skp,crustbench-skp,0.599244977304072,0.5895712129923659,0.1982242891238222,0.4202844243026414,hard,0.1826923076923076,0.2159090909090909,0.336217720193182,0.554342420719484
spider2,spider2/spider2-google_play001,spider2-google_play001,0.5990722799422991,0.5430444741139955,0.18301806034860207,0.32111419238639327,hard,0.1519230769230769,0.2468749999999999,0.3370222312771073,0.4816909993427348
lawbench,lawbench/lawbench-1-1-15-one-shot,lawbench-1-1-15-one-shot,0.5989395257348713,0.594522748823442,0.19344340527836434,0.48322001064022974,hard,0.2741567692307692,0.32578975,0.3253759518221767,0.5068170943000065
livecodebench,livecodebench/livecodebench-abc325_c,livecodebench-abc325_c,0.5989296856522203,0.5810256939833442,0.13418213633094916,0.3838607876980278,saturated,0.953846153846154,0.9333333333333332,0.2309401076758503,0.5979355539798059
aime,aime/aime_ii-6,aime_ii-6,0.598860443709939,0.5830228176661046,0.11678611213754546,0.4079629644232205,easy,0.925,0.8973684210526316,0.2003113919366849,0.2394974871485496
omnimath,omnimath/omnimath_4119,omnimath_4119,0.5988568068154171,0.5403603562591087,0.2024844971872819,0.3379141720145934,hard,0.2615384615384615,0.272,0.3747212297161718,0.4564327087012018
featurebench-modal,featurebench-modal/featurebench-modal-pandas-dev__pandas.82fa2715.test_all_methods.c74b49a1.lv1,featurebench-modal-pandas-dev__pandas.82fa2715.test_all_methods.c74b49a1.lv1,0.5986893582873497,0.5921991190002995,0.15780291727785328,0.37275357510948726,frontier,0.0384615384615384,0.0769230769230769,0.2664693550105965,0.1053791902585757
featurebench-modal,featurebench-modal/featurebench-modal-mlflow__mlflow.93dab383.test_ai_command_utils.85dcb487.lv2,featurebench-modal-mlflow__mlflow.93dab383.test_ai_command_utils.85dcb487.lv2,0.5986893582873495,0.5921991190002995,0.05802342670705872,0.37275357510948737,frontier,0.0192307692307692,0.02,0.0979795897113271,0.1053791902585758
featurebench-modal,featurebench-modal/featurebench-modal-huggingface__transformers.e2e8dbed.test_modeling_speech_encoder_decoder.b0d78d76.lv1,featurebench-modal-huggingface__transformers.e2e8dbed.test_modeling_speech_encoder_decoder.b0d78d76.lv1,0.5986893582873495,0.5921991190002995,0.056942222980798,0.37275357510948737,frontier,0.0192307692307692,0.0192307692307692,0.0961538461538461,0.1053791902585758
featurebench-modal,featurebench-modal/featurebench-modal-mlflow__mlflow.93dab383.test_client_webhooks.75e39b52.lv2,featurebench-modal-mlflow__mlflow.93dab383.test_client_webhooks.75e39b52.lv2,0.5986893582873495,0.5921991190002995,0.05802342670705872,0.37275357510948737,frontier,0.0192307692307692,0.02,0.0979795897113271,0.1053791902585758
featurebench-modal,featurebench-modal/featurebench-modal-mwaskom__seaborn.7001ebe7.test_plot.b645d353.lv2,featurebench-modal-mwaskom__seaborn.7001ebe7.test_plot.b645d353.lv2,0.5986893582873495,0.5921991190002995,0.05802342670705872,0.37275357510948737,frontier,0.0192307692307692,0.02,0.0979795897113271,0.1053791902585758
featurebench-modal,featurebench-modal/featurebench-modal-huggingface__transformers.e2e8dbed.test_modeling_time_series_transformer.b0ef2ff5.lv1,featurebench-modal-huggingface__transformers.e2e8dbed.test_modeling_time_series_transformer.b0ef2ff5.lv1,0.5986893582873495,0.5921991190002995,0.056942222980798,0.37275357510948737,frontier,0.0192307692307692,0.0192307692307692,0.0961538461538461,0.1053791902585758
swebench-multilingual,swebench-multilingual/swebench-multilingual-projectlombok__lombok-3602,swebench-multilingual-projectlombok__lombok-3602,0.5985005395784954,0.5947881086955086,0.24763003655164137,0.4173409726924431,medium,0.5576923076923077,0.6,0.4163331998932266,0.4489847944509167
replicationbench,replicationbench/replicationbench-gw_cosmo__h0_scaling,replicationbench-gw_cosmo__h0_scaling,0.5972645147082284,0.5846602274315484,0.14917431266231515,0.3934627153246164,hard,0.2230769230769231,0.23,0.2551470164434614,0.5082558924947512
featurebench-modal,featurebench-modal/featurebench-modal-huggingface__transformers.e2e8dbed.test_modeling_vitpose.30ffd86e.lv2,featurebench-modal-huggingface__transformers.e2e8dbed.test_modeling_vitpose.30ffd86e.lv2,0.5968931621979023,0.5903813762757543,0.18188627960730075,0.35134129941602227,hard,0.1365384615384615,0.1365384615384615,0.3080826850512738,0.347691041330973
simpleqa,simpleqa/simpleqa-221,simpleqa-221,0.5968056864742294,0.5924078911471714,0.2275185677044452,0.4488951659198424,medium,0.6846153846153846,0.6499999999999999,0.3840572873934303,0.5075311708381206
reasoning-gym,reasoning-gym/reasoning-gym-algorithmic-binary-alternation-hard0292e21f-seed45-0,reasoning-gym-algorithmic-binary-alternation-hard0292e21f-seed45-0,0.5963676452347363,0.5848881279826047,0.1651402912935406,0.304026480938741,easy,0.7942307692307693,0.7625000000000001,0.2823450902707536,0.6420228141178069
reasoning-gym,reasoning-gym/reasoning-gym-games-emoji-mystery-easy00cea0a5-seed45-2,reasoning-gym-games-emoji-mystery-easy00cea0a5-seed45-2,0.5957476880028149,0.584255194875414,0.19239284044191546,0.2947566429228526,easy,0.8237692307692307,0.7708999999999999,0.3292959003692575,0.5214432776096515
swesmith,swesmith/swesmith-oauthlib__oauthlib.1fd52536.combine_file__dq69f6h1,swesmith-oauthlib__oauthlib.1fd52536.combine_file__dq69f6h1,0.5954714914792318,0.4322707192447076,0.048269632922908666,0.2752242330099963,frontier,0.0384615384615384,0.0555555555555555,0.111665284679121,0.3742567172064172
gpqa-diamond,gpqa-diamond/gpqa-diamond-51,gpqa-diamond-51,0.5951660649866137,0.5866355006339813,0.13887836451060553,0.334100051124477,easy,0.9333333461538462,0.91333335,0.2367370613618144,-0.0076820419209184
crustbench,crustbench/crustbench-clog,crustbench-clog,0.5951531426693034,0.5854065158523222,0.2123636274728524,0.4101194034859246,medium,0.3826922692307691,0.3868055416666666,0.3627626644429499,0.5054851377227829
reasoning-gym,reasoning-gym/reasoning-gym-algorithmic-letter-counting-easy00cea0a5-seed45-0,reasoning-gym-algorithmic-letter-counting-easy00cea0a5-seed45-0,0.5951431713175301,0.5836380390915754,0.18082373324098958,0.30030997100848206,easy,0.9102564230769232,0.8205128461538462,0.3098217064851346,0.4626526408208036
bfcl,bfcl/bfcl-live-multiple-337-133-1,bfcl-live-multiple-337-133-1,0.5951197328645855,0.5783041022580151,0.048933424037216657,0.28621050196034215,saturated,0.9769230769230768,0.9769230769230768,0.0846153846153846,-0.0805023449725036
featurebench-modal,featurebench-modal/featurebench-modal-mlflow__mlflow.93dab383.test_config.c63d41b0.lv1,featurebench-modal-mlflow__mlflow.93dab383.test_config.c63d41b0.lv1,0.5947381307463142,0.588200581392268,0.2698655036714062,0.33766721606428857,medium,0.6653846153846155,0.652,0.4587984306860694,0.6939038421877581
gaia,gaia/gaia-8e867cd7-cff9-4e6c-867a-ff5ddc2550be,gaia-8e867cd7-cff9-4e6c-867a-ff5ddc2550be,0.5938271971355283,0.5860091771308933,0.2059386664195942,0.34637915465433716,easy,0.7846153846153847,0.75,0.3514256678161116,0.5006259564884251
aime,aime/aime_67,aime_67,0.5937389155850723,0.5777535097730221,0.15167506142473833,0.40372049340182126,easy,0.9230769230769232,0.8947368421052632,0.2625255560703142,0.1717056781752529
gaia,gaia/gaia-c526d8d6-5987-4da9-b24c-83466fa172f3,gaia-c526d8d6-5987-4da9-b24c-83466fa172f3,0.5935933352174638,0.585771994844301,0.13098259997875134,0.32862460544718664,hard,0.0769230769230769,0.1,0.223606797749979,0.6042080928043972
gaia,gaia/gaia-cffe0e32-c9a6-4c52-9877-78ceb4aaa9fb,gaia-cffe0e32-c9a6-4c52-9877-78ceb4aaa9fb,0.593182636451012,0.5853554682470564,0.23260055400244165,0.3461243617737775,easy,0.7538461538461537,0.7100000000000001,0.3973663297261105,0.712097434424256
labbench,labbench/labbench-figqa-0009,labbench-figqa-0009,0.5930694916126089,0.5876491854993758,0.1812666081957329,0.40499824717530397,medium,0.3923076923076924,0.3846153846153847,0.3084605793194372,0.269460414652414
seal0,seal0/seal0-33,seal0-33,0.5929990093800376,0.5763118383102389,0.19129840210183036,0.2856818212209434,medium,0.3993589999999999,0.3993589999999999,0.3319355761677952,0.6346292466517196
gpqa-diamond,gpqa-diamond/gpqa-diamond-111,gpqa-diamond-111,0.5927505793619546,0.5841825221191985,0.08577925797295055,0.2885157072018903,easy,0.9487179615384616,0.9215686470588236,0.1468363991133714,0.263199129265415
bfcl,bfcl/bfcl-live-multiple-591-157-12,bfcl-live-multiple-591-157-12,0.5927127365332429,0.5758242584767582,0.07155942765792368,0.24926277010994194,saturated,0.9615384615384616,0.9615384615384616,0.1242730340107962,0.6068219029298831
aime,aime/aime_ii-9,aime_ii-9,0.5926965956061715,0.5766812795372741,0.15690656299608993,0.40663722785481965,easy,0.7788461538461539,0.7710526315789474,0.2720854110644807,0.3482040698410164
labbench,labbench/labbench-figqa-0181,labbench-figqa-0181,0.5925217373405668,0.5870960386898639,0.21902034386254993,0.423548823663837,easy,0.7538461538461539,0.7076923076923077,0.3730570970148351,0.3634738140008052
crustbench,crustbench/crustbench-ltre,crustbench-ltre,0.592294109910154,0.5824968807848266,0.21719196414637781,0.4124595136953336,medium,0.5673076923076923,0.5673076923076923,0.3728637376628428,0.5087190574516441
livecodebench,livecodebench/livecodebench-arc189_b,livecodebench-arc189_b,0.5922473787526377,0.574126255303858,0.22528738388468633,0.36298295650033974,easy,0.7820512692307692,0.6851851666666666,0.3924004202968428,0.3582024773866448
mmmlu,mmmlu/mmmlu-hi-in-00063,mmmlu-hi-in-00063,0.5906730198010601,0.5802901384109684,0.09595646215616702,0.32760121669616626,saturated,0.9615384615384616,0.9375,0.1653594569415369,0.1303429543687717
crustbench,crustbench/crustbench-libutf,crustbench-libutf,0.5900507595753043,0.5802140024948863,0.25455419860982237,0.418203630370176,medium,0.4076923076923077,0.4454545454545454,0.4387246731641329,0.6080181840567619
seal0,seal0/seal0-0,seal0-0,0.5899538807825875,0.5731759779544451,0.21976537612558286,0.3303031629488445,hard,0.2666666538461538,0.2666666538461538,0.3834169340276319,0.5875053781277417
replicationbench,replicationbench/replicationbench-eht_resolve__eht_ring_width,replicationbench-eht_resolve__eht_ring_width,0.5897311831806761,0.5769545259457401,0.19734005665456641,0.3919938591600176,hard,0.2557692307692308,0.2852941176470588,0.3420374531789795,0.4581911544140729
omnimath,omnimath/omnimath_2614,omnimath_2614,0.5893162654911172,0.5298647725241288,0.1306522329371084,0.33576911941032744,easy,0.875,0.87,0.246576560118759,0.1909278072120751
gaia,gaia/gaia-17b5a6a3-bc87-42e8-b0fb-6ab0781ef2cc,gaia-17b5a6a3-bc87-42e8-b0fb-6ab0781ef2cc,0.5888625925707177,0.580974374829932,0.22592114390725002,0.3250479229561704,medium,0.644230769230769,0.644230769230769,0.3888659357366384,0.4478758059755426
gaia,gaia/gaia-42d4198c-5895-4f0a-b0c0-424a66465d83,gaia-42d4198c-5895-4f0a-b0c0-424a66465d83,0.5886446952886534,0.5807534104839122,0.2525442781938294,0.3565587600857782,medium,0.6923076923076923,0.63,0.434856298103178,0.6793678414534365
featurebench-modal,featurebench-modal/featurebench-modal-optuna__optuna.e7c6f1dd.test_heartbeat.5ad4d08f.lv1,featurebench-modal-optuna__optuna.e7c6f1dd.test_heartbeat.5ad4d08f.lv1,0.588047537796475,0.5814306116563046,0.10040834506155244,0.3449246772365315,hard,0.0692307692307692,0.0692307692307692,0.1726918793895665,0.4166759651482437
algotune,algotune/algotune-generalized-eigenvectors-complex,algotune-generalized-eigenvectors-complex,0.5877929403506699,0.575403965392132,0.12011345766064964,0.2718199159145353,hard,0.289505064681339,0.2866906338794837,0.2087463154321391,0.3583900877699474
livecodebench,livecodebench/livecodebench-3676,livecodebench-3676,0.5876661729275953,0.5693977002246553,0.0326067619584727,0.3851903587209283,saturated,0.9903846153846154,0.9861111111111112,0.0572653559113564,0.5115001031145161
livecodebench,livecodebench/livecodebench-3163,livecodebench-3163,0.5876661729275953,0.5693977002246553,0.043475639135614294,0.3851903587209283,saturated,0.9871795,0.9814815,0.0763537315280006,0.5115001031145161
livecodebench,livecodebench/livecodebench-3508,livecodebench-3508,0.5876661729275953,0.5693977002246553,0.1304270478338908,0.3851903587209284,saturated,0.9615384615384616,0.9444444444444444,0.2290614236454256,0.5115001031145161
livecodebench,livecodebench/livecodebench-abc333_a,livecodebench-abc333_a,0.5876661729275953,0.5693977002246554,0.07825622870033447,0.3851903587209284,saturated,0.9769230769230768,0.9666666666666666,0.1374368541872553,0.5115001031145161
livecodebench,livecodebench/livecodebench-abc329_c,livecodebench-abc329_c,0.5876661729275953,0.5693977002246553,0.043475639135614294,0.3851903587209283,saturated,0.9871795,0.9814815,0.0763537315280006,0.5115001031145161
livecodebench,livecodebench/livecodebench-3811,livecodebench-3811,0.5876661729275953,0.5693977002246553,0.043475639135614294,0.3851903587209284,saturated,0.9871795,0.9814815,0.0763537315280006,0.5115001031145161
livecodebench,livecodebench/livecodebench-abc351_e,livecodebench-abc351_e,0.5876661729275953,0.5693977002246554,0.0434756391356143,0.3851903587209284,saturated,0.9871795,0.9814815,0.0763537315280006,0.5115001031145161
livecodebench,livecodebench/livecodebench-abc334_d,livecodebench-abc334_d,0.5876661729275953,0.5693977002246554,0.0434756391356143,0.3851903587209284,saturated,0.9871795,0.9814815,0.0763537315280006,0.5115001031145161
livecodebench,livecodebench/livecodebench-abc312_d,livecodebench-abc312_d,0.5876661729275953,0.5693977002246553,0.1304270478338908,0.3851903587209284,saturated,0.9615384615384616,0.9444444444444444,0.2290614236454256,0.5115001031145161
gpqa-diamond,gpqa-diamond/gpqa-diamond-194,gpqa-diamond-194,0.5863100609612566,0.5776428056110547,0.1788558342792084,0.2994543921372754,easy,0.8794871923076923,0.8259259444444444,0.3096305061568407,0.2526288456494707
featurebench-modal,featurebench-modal/featurebench-modal-pypa__hatch.ff4b4040.test_config.38d2ef18.lv1,featurebench-modal-pypa__hatch.ff4b4040.test_config.38d2ef18.lv1,0.5862562248042915,0.5796182030471578,0.12261154295228337,0.3600616659657052,hard,0.0576923076923076,0.0576923076923076,0.2115384615384615,0.117688418255236
reasoning-gym,reasoning-gym/reasoning-gym-games-maze-hard0292e21f-seed45-1,reasoning-gym-games-maze-hard0292e21f-seed45-1,0.5861915982962008,0.5745008800485196,0.23476094589678248,0.2954188286447608,easy,0.8307692307692308,0.6615384615384615,0.4086346149321054,0.408413119980954
simpleqa,simpleqa/simpleqa-2775,simpleqa-2775,0.5857535199322144,0.5812669565002467,0.2446160312668519,0.43560503178644844,medium,0.4307692307692307,0.4699999999999999,0.4208325082500162,0.3792443256777141
seal0,seal0/seal0-98,seal0-98,0.5857446065080536,0.5688421062825387,0.21135925967159475,0.2707214393506364,medium,0.4935897692307692,0.4935897692307692,0.3715605039381781,0.4998000500737841
omnimath,omnimath/omnimath_2534,omnimath_2534,0.5853690331212322,0.5255279870440911,0.11766820065819648,0.333175650608505,easy,0.9102564230769232,0.90666668,0.2239047273581726,0.44184438653822
aider-polyglot,aider-polyglot/polyglot_python_poker,polyglot_python_poker,0.5850145918680983,0.5791892634700297,0.19889817567051207,0.3476655162834713,medium,0.6230769230769231,0.6230769230769231,0.3434079120853802,0.4667892705781272
bixbench,bixbench/bix-30-q5,bix-30-q5,0.5845318079382307,0.5388335579382308,0.043106684635058415,0.28130999673655716,saturated,0.9692307692307692,0.96,0.0799999999999999,0.3817741974365694
swebench-multilingual,swebench-multilingual/swebench-multilingual-apache__lucene-12212,swebench-multilingual-apache__lucene-12212,0.5843625309715234,0.580553832898546,0.23552212159432884,0.4038960334896245,medium,0.5153846153846154,0.5285714285714286,0.4056852409679762,0.2442620905590999
labbench,labbench/labbench-figqa-0165,labbench-figqa-0165,0.5843511357817355,0.5788456034406493,0.1781063395201998,0.43000251790994326,hard,0.2307692307692308,0.2615384615384615,0.3076923076923077,0.4722422882865217
replicationbench,replicationbench/replicationbench-bayes_cal__nwp_set,replicationbench-bayes_cal__nwp_set,0.5837281202902629,0.5708157534258022,0.04976256369128201,0.3926946748793251,frontier,0.0153846153846153,0.02,0.0871779788708134,0.3890458578336066
swebench-multilingual,swebench-multilingual/swebench-multilingual-sharkdp__bat-3108,swebench-multilingual-sharkdp__bat-3108,0.5836270703318812,0.5798134283433505,0.2674233595183231,0.399106391044312,medium,0.3525641153846154,0.4404762142857143,0.4612231218625069,0.4214014679032133
aime,aime/aime_72,aime_72,0.5836073449037922,0.5673335758253261,0.0348220504101899,0.39753594580136187,saturated,0.9846153846153848,0.9789473684210528,0.0613784409983715,0.4841234675347783
featurebench-modal,featurebench-modal/featurebench-modal-mlflow__mlflow.93dab383.test_tracing.0dc1e3a3.lv2,featurebench-modal-mlflow__mlflow.93dab383.test_tracing.0dc1e3a3.lv2,0.5829377182648636,0.5762607902397675,0.14164299767606447,0.3616440484507451,hard,0.0910256538461538,0.09466668,0.2457966949601593,0.1615168134873378
kumo,kumo/kumo-medicalenv-t4-a6-v1-s1,kumo-medicalenv-t4-a6-v1-s1,0.5819245994899347,0.5733951660432882,0.09166355375418439,0.3550017159270327,saturated,0.953846153846154,0.9333333333333332,0.1598610507770906,0.4808530131579365
gaia,gaia/gaia-b7f857e4-d8aa-4387-af2a-0e844df5b9d8,gaia-b7f857e4-d8aa-4387-af2a-0e844df5b9d8,0.5811102176063472,0.5731135996458573,0.1280238805268052,0.3203491856843782,easy,0.9307692307692308,0.91,0.2233830790368867,0.289886486457396
featurebench-modal,featurebench-modal/featurebench-modal-sphinx-doc__sphinx.e347e59c.test_domain_c.4068b9e8.lv1,featurebench-modal-sphinx-doc__sphinx.e347e59c.test_domain_c.4068b9e8.lv1,0.5810743216822428,0.5743756465149609,0.18511257729770153,0.34729275308088636,hard,0.1833333461538461,0.1833333461538461,0.322284864305924,0.2187258931439886
bfcl,bfcl/bfcl-parallel-multiple-67,bfcl-parallel-multiple-67,0.5804669375818409,0.5632127237042082,0.04439394654276174,0.2782692944373882,saturated,0.9615384615384616,0.9615384615384616,0.0788226981996892,0.0856151531939612
aider-polyglot,aider-polyglot/polyglot_javascript_palindrome-products,polyglot_javascript_palindrome-products,0.58030099466431,0.5744273883246457,0.24744564420138584,0.3480074128559,medium,0.6461538461538461,0.6461538461538461,0.4307692307692308,0.5333493138814398
aider-polyglot,aider-polyglot/polyglot_javascript_two-bucket,polyglot_javascript_two-bucket,0.5794060965584669,0.5735233695599459,0.16149540346987445,0.34865869982938236,easy,0.8615384615384616,0.8615384615384616,0.2815846956572789,0.6340094489767949
replicationbench,replicationbench/replicationbench-gw_cosmo__measure_combo,replicationbench-gw_cosmo__measure_combo,0.5793284664805967,0.5663175645818047,0.2277971894805434,0.38784232490858056,easy,0.7192307692307693,0.6764705882352942,0.4022428469947943,0.7279415546449627
gpqa-diamond,gpqa-diamond/gpqa-diamond-101,gpqa-diamond-101,0.5789080902014211,0.5701282126267153,0.12168157876894796,0.2782090088161709,easy,0.933333346153846,0.8980392352941177,0.2134284465740297,0.1755332564702254
swebench-multilingual,swebench-multilingual/swebench-multilingual-projectlombok__lombok-3422,swebench-multilingual-projectlombok__lombok-3422,0.5788077443433148,0.5749618622548879,0.2623209894142394,0.4461401053225218,easy,0.7903846153846155,0.6366666666666667,0.4562406772259083,0.2774031725163325
featurebench-modal,featurebench-modal/featurebench-modal-mlflow__mlflow.93dab383.test_jsonpath_utils.eb851c42.lv1,featurebench-modal-mlflow__mlflow.93dab383.test_jsonpath_utils.eb851c42.lv1,0.5786336269014744,0.5719065752172618,0.2650176655849875,0.3281149435333446,medium,0.6217948846153847,0.60666668,0.4633932832199207,0.6919330438565848
algotune,algotune/algotune-dst-type-ii-scipy-fftpack,algotune-dst-type-ii-scipy-fftpack,0.5785875082432769,0.565998594895794,0.17512720998977643,0.28932120439397363,medium,0.3636999205673905,0.3573103725507198,0.3094127999063657,0.4514248423778142
spider2,spider2/spider2-lever001,spider2-lever001,0.5782293827953853,0.5202180578047317,0.24400389768720496,0.5048775171084818,easy,0.7153846153846152,0.6,0.469041575982343,0.1126139501426241
gaia,gaia/gaia-ebbc1f13-d24d-40df-9068-adcf735b4240,gaia-ebbc1f13-d24d-40df-9068-adcf735b4240,0.577653369412959,0.5696088925339444,0.13244937869605508,0.32397226505614274,hard,0.1288461538461538,0.1675,0.2325268801665734,0.3248990100066671
featurebench-modal,featurebench-modal/featurebench-modal-pandas-dev__pandas.82fa2715.test_iceberg.85771c70.lv1,featurebench-modal-pandas-dev__pandas.82fa2715.test_iceberg.85771c70.lv1,0.5758810989305002,0.5691221923076752,0.08789180138085803,0.3433955460586226,hard,0.0596153846153846,0.0596153846153846,0.1544339731762604,0.3528531496740209
reasoning-gym,reasoning-gym/reasoning-gym-algorithmic-graph-color-easy00cea0a5-seed45-0,reasoning-gym-algorithmic-graph-color-easy00cea0a5-seed45-0,0.5752999734222923,0.5633874156942879,0.17911846221198213,0.2909122212762895,easy,0.935897423076923,0.8611110833333333,0.3179312445082685,0.3278463691668968
bixbench,bixbench/bix-29-q2,bix-29-q2,0.5751803245930869,-0.6166298474372895,0.05587599187287839,0.2797340469910308,frontier,0.0282051153846153,0.03666665,0.0906151268951685,-0.4064682056896307
algotune,algotune/algotune-linear-system-solver,algotune-linear-system-solver,0.5751614079601516,0.5624989266686043,0.05270963985501145,0.30007368036236765,hard,0.0771887206554075,0.0832178756347923,0.0937062052139084,0.5692436561727401
simpleqa,simpleqa/simpleqa-3106,simpleqa-3106,0.5749282303481265,0.57035635788885,0.22023437631339318,0.44512614120841776,easy,0.7923076923076924,0.73,0.3861346915261565,0.5072292429400824
bfcl,bfcl/bfcl-live-parallel-2-0-2,bfcl-live-parallel-2-0-2,0.5746020977156135,0.5571756106147272,0.07914544674833393,0.2866271892354653,easy,0.946153846153846,0.946153846153846,0.1420475793278414,0.0960127507837729
gaia,gaia/gaia-366e2f2b-8632-4ef2-81eb-bc3877489217,gaia-366e2f2b-8632-4ef2-81eb-bc3877489217,0.5741043497185554,0.5660110442421908,0.2052521815714605,0.3209829527598185,easy,0.8076923076923077,0.75,0.3626292872893749,0.5261277625640873
bixbench,bixbench/bix-17-q2,bix-17-q2,0.5736408682241848,0.5271204309485648,0.14531707436835645,0.2949617817741433,easy,0.846153846153846,0.8,0.2756809750418044,0.4641095489263711
gpqa-diamond,gpqa-diamond/gpqa-diamond-158,gpqa-diamond-158,0.5736078635701867,0.5647482514333585,0.1709056401503429,0.2698243802864255,easy,0.7673076923076922,0.7552631578947369,0.3026226990815396,0.3450342891517581
aider-polyglot,aider-polyglot/polyglot_javascript_beer-song,polyglot_javascript_beer-song,0.5732474321186541,0.5673023275431529,0.22641684835616271,0.3621955155215687,medium,0.3384615384615384,0.3384615384615384,0.3991114391099337,0.561753013648754
gaia,gaia/gaia-65da0822-a48a-4a68-bbad-8ed1b835a834,gaia-65da0822-a48a-4a68-bbad-8ed1b835a834,0.5732273566624929,0.56512203304988,0.2214885253777755,0.31716702785931206,medium,0.6153846153846153,0.6153846153846153,0.3919304370109845,0.486726484782355
labbench,labbench/labbench-figqa-0072,labbench-figqa-0072,0.5731730394265763,0.5675601220682153,0.23364421259687324,0.42717752189055197,medium,0.5384615384615384,0.4769230769230769,0.4116642510849123,0.5457569109322458
labbench,labbench/labbench-figqa-0079,labbench-figqa-0079,0.572746451168992,0.5671294776676818,0.16963472710097247,0.4058251277170197,hard,0.2384615384615384,0.2769230769230769,0.2991111091572858,0.2563923898744418
algotune,algotune/algotune-stable-matching,algotune-stable-matching,0.5722072957928674,0.5594817495772876,0.15048433249386375,0.2980638880432046,hard,0.1708939096887603,0.1919038039228606,0.2689709407099715,0.573554146985762
swtbench,swtbench/swtbench-pydata__xarray-6721,swtbench-pydata__xarray-6721,0.5717103832229368,0.5346594827452534,0.12272848689588488,0.2794106844026104,hard,0.0788461538461538,0.1708333333333333,0.2295451420139886,-0.049443172515556
seal0,seal0/seal0-101,seal0-101,0.5715880251190973,0.554273464185964,0.19641986171398887,0.29095619769928854,medium,0.4403846153846154,0.4403846153846154,0.3543735617985279,0.468202126322212
reasoning-gym,reasoning-gym/reasoning-gym-algorithmic-string-splitting-easy00cea0a5-seed45-1,reasoning-gym-algorithmic-string-splitting-easy00cea0a5-seed45-1,0.5712576391951268,0.5592638552938085,0.20160680578383894,0.28615091572987283,easy,0.8047761538461539,0.7228483333333333,0.3604860279731918,0.2004637869181035
featurebench-modal,featurebench-modal/featurebench-modal-pandas-dev__pandas.82fa2715.test_describe.3b919815.lv1,featurebench-modal-pandas-dev__pandas.82fa2715.test_describe.3b919815.lv1,0.5712300246780571,0.5644176455390951,0.25593791928484194,0.34604784440140707,hard,0.1634615384615384,0.3269230769230769,0.4534548508673691,0.286459020092297
gaia,gaia/gaia-56db2318-640f-477a-a82f-bc93ad13e882,gaia-56db2318-640f-477a-a82f-bc93ad13e882,0.5710547109930046,0.5629196955113797,0.13959568429130553,0.3452358674187659,easy,0.8846153846153846,0.8571428571428571,0.2479850774531721,0.5761954504518848
algotune,algotune/algotune-edge-expansion,algotune-edge-expansion,0.5708782996526433,0.558124492935906,0.19424476033609064,0.25708231870701576,hard,0.2908868648216963,0.3025223394145642,0.3480312417652621,0.3527969853855172
reasoning-gym,reasoning-gym/reasoning-gym-algorithmic-number-filtering-easy00cea0a5-seed45-2,reasoning-gym-algorithmic-number-filtering-easy00cea0a5-seed45-2,0.5706746469750209,0.558669197955678,0.11982119406116878,0.2955401673362386,easy,0.9230769230769232,0.9,0.2144761058952722,0.6600982633293229
gaia,gaia/gaia-8131e2c0-0083-4265-9ce7-78c2d568425d,gaia-8131e2c0-0083-4265-9ce7-78c2d568425d,0.5701695472827003,0.5620224682965629,0.18808869329509956,0.3233164626753476,hard,0.1538461538461538,0.2,0.3346640106136302,0.2586586898697704
reasoning-gym,reasoning-gym/reasoning-gym-code-bf-easy00cea0a5-seed45-1,reasoning-gym-code-bf-easy00cea0a5-seed45-1,0.5701652252768714,0.5581495934207594,0.17712792147091963,0.2833521365269572,easy,0.8871795,0.774359,0.317348473525434,0.1960274289656828
usaco,usaco/usaco-866,usaco-866,0.5697818630874475,0.5601392609031897,0.17540102070891525,0.43766641073713014,hard,0.2153846153846153,0.2666666666666667,0.3131382371342656,0.3121189947589977
medagentbench,medagentbench/medagentbench-task9_8,medagentbench-task9_8,0.569241147467323,0.5555463253718665,0.20905083472734673,0.40698967518335144,medium,0.5153846153846153,0.5199999999999999,0.3762977544445356,0.2024497413893317
reasoning-gym,reasoning-gym/reasoning-gym-games-puzzle24-easy00cea0a5-seed45-1,reasoning-gym-games-puzzle24-easy00cea0a5-seed45-1,0.5691003880145059,0.5570635018523208,0.053406790933971174,0.2999793046622039,saturated,0.952,0.9376,0.0958719979973297,0.4048039404812488
swebench-multilingual,swebench-multilingual/swebench-multilingual-projectlombok__lombok-3697,swebench-multilingual-projectlombok__lombok-3697,0.5687014838341422,0.564788874426997,0.2495997017068076,0.4222370894909496,medium,0.5461538461538462,0.5428571428571428,0.4419345228073719,0.3774612867159755
labbench,labbench/labbench-figqa-0130,labbench-figqa-0130,0.5686343160316901,0.5629784012136401,0.14072794315200501,0.43116691211575775,easy,0.776923076923077,0.7538461538461539,0.2499704124503372,0.4554193555839768
kumo,kumo/kumo-oskernelenv-t4-a6-v1-s1,kumo-oskernelenv-t4-a6-v1-s1,0.5684473048794192,0.5597202025810909,0.08588688357430016,0.34381951669438754,saturated,0.9615384615384616,0.9473684210526316,0.1534461024959289,0.4021097012983002
simpleqa,simpleqa/simpleqa-2349,simpleqa-2349,0.5683435205916763,0.5637205492319898,0.23406285449595404,0.42371468599709267,medium,0.5769230769230769,0.5399999999999999,0.4152107898405339,0.4417394169014303
bfcl,bfcl/bfcl-live-multiple-350-133-14,bfcl-live-multiple-350-133-14,0.5677454837838439,0.550119960045906,0.04654861200388435,0.26551168160077,saturated,0.9769230769230768,0.9769230769230768,0.0846153846153846,-0.1003475392333689
livecodebench,livecodebench/livecodebench-abc351_f,livecodebench-abc351_f,0.5675207907995199,0.5486189254708941,0.1206961636035967,0.3818569139658621,saturated,0.953846153846154,0.94,0.22,0.5358702213203571
simpleqa,simpleqa/simpleqa-348,simpleqa-348,0.5672366328532106,0.5626051305983963,0.23709651422252795,0.4199462550952412,medium,0.4384615384615384,0.48,0.4214261501141095,0.4628689211144508
aider-polyglot,aider-polyglot/polyglot_python_pov,polyglot_python_pov,0.566785405236465,0.560775583585299,0.2197850195396761,0.37603116238630224,medium,0.3846153846153846,0.3846153846153846,0.3919304370109845,0.6275052183753871
simpleqa,simpleqa/simpleqa-1471,simpleqa-1471,0.5667256410143239,0.5620902062047161,0.12952490391923824,0.4290332886388012,easy,0.8230769230769232,0.8300000000000001,0.2304343724360581,0.5552957642247667
bixbench,bixbench/bix-28-q2,bix-28-q2,0.5665717935812755,0.5195274894453152,0.15585824683359456,0.3020687750265938,hard,0.0769230769230769,0.1,0.3,0.5059798526266666
gaia,gaia/gaia-42576abe-0deb-4869-8c63-225c2d75a95a,gaia-42576abe-0deb-4869-8c63-225c2d75a95a,0.5660257037802113,0.5578224068746124,0.21826472398970734,0.33625306531592497,easy,0.7923076923076924,0.73,0.391279950930277,0.6302887514804367
seal0,seal0/seal0-41,seal0-41,0.5653355570322022,0.5478424276181413,0.14523151059923223,0.30175568080255916,hard,0.210897423076923,0.210897423076923,0.2650972310243593,0.5428362166612383
bfcl,bfcl/bfcl-live-multiple-198-90-0,bfcl-live-multiple-198-90-0,0.5650531919888019,0.5473502130444109,0.0888181953329764,0.26675449396085193,easy,0.9461538461538462,0.9461538461538462,0.1622694085363768,0.4897371544000883
swtbench,swtbench/swtbench-django__django-14089,swtbench-django__django-14089,0.5649856732447484,0.5275350340104707,0.07742097677898609,0.38153757799089055,easy,0.95,0.9000000000000001,0.1467598771410685,0.1437014214990079
gaia,gaia/gaia-076c8171-9b3b-49b9-a477-244d2a532826,gaia-076c8171-9b3b-49b9-a477-244d2a532826,0.5647258472319544,0.5565050028252243,0.15848183824510206,0.3475700800728691,easy,0.8999999999999999,0.8699999999999999,0.2847806173179629,0.6160854049772698
bixbench,bixbench/bix-9-q5,bix-9-q5,0.5646961858256577,0.5175141781885315,0.1776563235557762,0.28459326510100663,easy,0.7224358846153847,0.69916665,0.343287838369243,0.4314546418203736
aider-polyglot,aider-polyglot/polyglot_python_react,polyglot_python_react,0.5646852445608426,0.5586545514456346,0.21696261506994324,0.3646302123036703,medium,0.3615384615384615,0.3615384615384615,0.3883663249650566,0.5966451704281399
featurebench-modal,featurebench-modal/featurebench-modal-mlflow__mlflow.93dab383.test_jsonpath_utils.eb851c42.lv2,featurebench-modal-mlflow__mlflow.93dab383.test_jsonpath_utils.eb851c42.lv2,0.5644501363218155,0.5575606072227522,0.22532808303486015,0.32426249196149626,medium,0.4314102692307692,0.42866668,0.4041319994919204,0.4925869164135584
reasoning-gym,reasoning-gym/reasoning-gym-arithmetic-dice-hard0292e21f-seed45-1,reasoning-gym-arithmetic-dice-hard0292e21f-seed45-1,0.5641877310855649,0.5520533259683561,0.15901507715094604,0.27993471831270667,easy,0.9365384615384617,0.8624999999999999,0.2880429655450728,0.1754365171668233
algotune,algotune/algotune-robust-linear-program,algotune-robust-linear-program,0.5641361372405009,0.5512400237408943,0.1426082747475078,0.27419437041642336,hard,0.2027267419963652,0.2332602431530776,0.2587045000464981,0.4511046815545617
simpleqa,simpleqa/simpleqa-3743,simpleqa-3743,0.5639736663207784,0.5593171145457548,0.21777484292031166,0.42431361616949126,medium,0.3692307692307692,0.4199999999999999,0.3893584466786357,0.3858103589406767
featurebench-modal,featurebench-modal/featurebench-modal-sphinx-doc__sphinx.e347e59c.test_build_linkcheck.20428c8f.lv1,featurebench-modal-sphinx-doc__sphinx.e347e59c.test_build_linkcheck.20428c8f.lv1,0.563579686276948,0.5566803206003006,0.06546939477469173,0.3418678679997832,frontier,0.0461538461538461,0.0461538461538461,0.1176068065493896,0.0712814074489245
gaia,gaia/gaia-389793a7-ca17-4e82-81cb-2b3a2391b4b9,gaia-389793a7-ca17-4e82-81cb-2b3a2391b4b9,0.5635356105127595,0.5552987349232354,0.12856095175594232,0.3296585521493114,easy,0.9076923076923076,0.8800000000000001,0.2315167380558045,0.4082439668743486
gaia,gaia/gaia-05407167-39ec-4d3a-a234-73a9120c325d,gaia-05407167-39ec-4d3a-a234-73a9120c325d,0.5633482988282216,0.5551089035332037,0.18075167632485217,0.3523818761792327,hard,0.1653846153846153,0.215,0.3256148031032987,0.0247774098834235
aider-polyglot,aider-polyglot/polyglot_rust_accumulate,polyglot_rust_accumulate,0.5618949854183797,0.5558366852331375,0.22661034090274065,0.36201028681911085,medium,0.3615384615384615,0.3615384615384615,0.4076923076923077,0.5823622737854647
bixbench,bixbench/bix-4-q3,bix-4-q3,0.5617875156549071,0.5143930293045649,0.10043021676311731,0.30361553031226424,hard,0.0596153846153846,0.0775,0.1952402366316943,0.4725376263363403
mmau,mmau/mmau-1910e3db-5030-4255-8b0d-053542050037,mmau-1910e3db-5030-4255-8b0d-053542050037,0.5616655719424426,0.5475690982934959,0.15248050528664958,0.31968118663563694,easy,0.8743589615384615,0.8366666500000001,0.2784680614042255,0.2456407955634907
algotune,algotune/algotune-power-control,algotune-power-control,0.5610728483947547,0.5481126642245092,0.17639304404298337,0.28136969262573824,medium,0.626945494052497,0.6034830323648617,0.3218189535769092,0.4273846357916051
aime,aime/aime_85,aime_85,0.5600787463000371,0.5431556738405884,0.16490636896465444,0.3786456029093678,easy,0.8025641153846154,0.77333335,0.3036079284574556,0.4928435430244632
mmmlu,mmmlu/mmmlu-fr-fr-00058,mmmlu-fr-fr-00058,0.5599021918746674,0.5489628124247536,0.2210877320562609,0.28899006791781895,easy,0.7692307692307693,0.6470588235294118,0.4027371746361515,0.3580232616825298
bfcl,bfcl/bfcl-simple-python-169,bfcl-simple-python-169,0.5598093283438901,0.5419566162470888,0.05467457221352329,0.2320293787428186,saturated,0.953846153846154,0.953846153846154,0.1008836696046461,0.2425326427956795
algotune,algotune/algotune-robust-kalman-filter,algotune-robust-kalman-filter,0.559805229857146,0.5468186397223531,0.16791029785919218,0.2700471811447915,medium,0.3826920611843686,0.3577210580538006,0.3070676192465724,0.338539598361848
labbench,labbench/labbench-figqa-0054,labbench-figqa-0054,0.5597343597258461,0.5539951452662365,0.1717337364666006,0.40850330927655554,hard,0.2538461538461539,0.3076923076923077,0.3099914104555367,0.3996565454099282
gpqa-diamond,gpqa-diamond/gpqa-diamond-25,gpqa-diamond-25,0.559667086764006,0.5506013757750619,0.20611232547192607,0.27824895745490746,easy,0.8256410384615385,0.7333333529411765,0.3743403749796105,0.6191873840610684
gpqa-diamond,gpqa-diamond/gpqa-diamond-138,gpqa-diamond-138,0.5592679303881586,0.5501963955514535,0.24034122156656326,0.28547252210804797,medium,0.6826923076923077,0.6174999999999999,0.4368280554176894,0.591930330481396
swebench-multilingual,swebench-multilingual/swebench-multilingual-projectlombok__lombok-3594,swebench-multilingual-projectlombok__lombok-3594,0.5587399387452752,0.5547627249128881,0.2568052406644713,0.4009146025978496,medium,0.5,0.5,0.4629100498862757,0.3340095406245518
swe-lancer,swe-lancer/swe-lancer-15321,swe-lancer-15321,0.5584020165598644,0.41827518373947137,0.04563440564862617,0.23561975957415393,frontier,0.0307692307692307,0.0470588235294117,0.1091013940646553,-0.067778785990058
kumo,kumo/kumo-fantasyenv-t4-a6-v1-s1,kumo-fantasyenv-t4-a6-v1-s1,0.5580247641157544,0.5491480782173028,0.14080476341110543,0.34190735402447764,easy,0.9423076923076924,0.9117647058823528,0.2564058202082749,0.5037603728607607
reasoning-gym,reasoning-gym/reasoning-gym-geometry-advanced-geometry-hard0292e21f-seed45-1,reasoning-gym-geometry-advanced-geometry-hard0292e21f-seed45-1,0.55766750799533,0.5454050391052483,0.2502465616179024,0.30468820804584884,medium,0.578076923076923,0.5233333333333333,0.4588270068579466,0.1928485681379398
livecodebench,livecodebench/livecodebench-abc363_e,livecodebench-abc363_e,0.5573265995978575,0.5381132452145659,0.1312752478432393,0.3691191654576534,easy,0.9365384615384617,0.9083333333333334,0.2439546861384074,0.5939407019702931
gpqa-diamond,gpqa-diamond/gpqa-diamond-95,gpqa-diamond-95,0.5570212323039198,0.5479169974469174,0.14747464850520048,0.32673864024795474,easy,0.8974358846153846,0.86666665,0.2691550895343194,0.0771428300222295
crustbench,crustbench/crustbench-fslib,crustbench-fslib,0.5563249597210715,0.545912728772614,0.1781116897940041,0.3907075769112161,hard,0.1589743461538461,0.1797101304347826,0.32626403526889,0.5181828345502527
featurebench-modal,featurebench-modal/featurebench-modal-linkedin__liger-kernel.c856fbab.test_multi_token_attention.4c06a35b.lv1,featurebench-modal-linkedin__liger-kernel.c856fbab.test_multi_token_attention.4c06a35b.lv1,0.5562047475354852,0.5492226660704616,0.16356881175512555,0.32448730331163256,hard,0.2064102692307692,0.21466668,0.2978187570542487,0.362624530536746
crustbench,crustbench/crustbench-hamta,crustbench-hamta,0.5561043770383785,0.5456884980245993,0.1980861699294975,0.3903023708579937,medium,0.3051282307692308,0.3188406086956522,0.3630022817900184,0.4952189845965466
livecodebench,livecodebench/livecodebench-arc182_e,livecodebench-arc182_e,0.5556264408384816,0.5363617266211983,0.25908732842348164,0.3136618408918875,medium,0.5,0.5,0.4830458915396479,0.5174383965384541
mmau,mmau/mmau-129ad635-80b3-4ed4-8b37-b163fa8f3a22,mmau-129ad635-80b3-4ed4-8b37-b163fa8f3a22,0.555567413742876,0.5413333308103396,0.165173209864078,0.36648806925784344,easy,0.7769230769230769,0.7700000000000002,0.3051229260478471,0.6512667543284936
simpleqa,simpleqa/simpleqa-1120,simpleqa-1120,0.5555183933653022,0.5507976154748075,0.20748334890994732,0.4132641512617542,medium,0.6076923076923078,0.6100000000000001,0.3766961640367472,0.3701931809498749
aider-polyglot,aider-polyglot/polyglot_javascript_grade-school,polyglot_javascript_grade-school,0.5553484380144039,0.549225914868443,0.20556062809058,0.378569438780318,medium,0.6551281923076924,0.6551281923076924,0.3742733591509758,0.2108912653413788
gpqa-diamond,gpqa-diamond/gpqa-diamond-34,gpqa-diamond-34,0.5553000588912415,0.5461708649820474,0.13450777946764117,0.27216708462332523,easy,0.925,0.8973684210526316,0.2462741755220913,0.5084186952664411
algotune,algotune/algotune-ode-seirs,algotune-ode-seirs,0.55415750152684,0.5410540243514476,0.17599077996791074,0.274819313916065,medium,0.5678142974996779,0.5355482489610247,0.3252739505613473,0.402024807374935
mmmlu,mmmlu/mmmlu-ko-kr-00104,mmmlu-ko-kr-00104,0.5541277681658785,0.5430874103789727,0.16798764426875185,0.2811887586652784,easy,0.8705128076923077,0.8228070000000001,0.3093197173389236,0.437521810971474
bfcl,bfcl/bfcl-live-multiple-344-133-8,bfcl-live-multiple-344-133-8,0.5537088091418364,0.5356837791912984,0.15157027615538898,0.24241089030627017,easy,0.8384615384615385,0.8384615384615385,0.282947294734608,0.3735636332648845
livecodebench,livecodebench/livecodebench-3696,livecodebench-3696,0.5525248359387563,0.5331668596500104,0.218228052659593,0.34276590417364966,easy,0.7923076923076924,0.7,0.409305358556692,0.4388031220441946
gaia,gaia/gaia-4b650a35-8529-4695-89ed-8dc7a500a498,gaia-4b650a35-8529-4695-89ed-8dc7a500a498,0.5520214968971834,0.5436313397445031,0.13137444941639279,0.3017779851453333,easy,0.8769230769230769,0.8399999999999999,0.2416609194718914,0.3312310138371172
seal0,seal0/seal0-66,seal0-66,0.5518641223577805,0.5339933740572782,0.21917687650799045,0.2595904665739758,medium,0.3794871923076923,0.3794871923076923,0.4104486818678778,0.6125901461355869
labbench,labbench/labbench-figqa-0051,labbench-figqa-0051,0.5518144148713832,0.5460022021239754,0.19913573228079903,0.3783657540560827,hard,0.2538461538461539,0.3076923076923077,0.3647159874193753,0.6067082845333777
algotune,algotune/algotune-btsp,algotune-btsp,0.5512243136285934,0.5380606210671907,0.1276595353746807,0.27082569621456837,hard,0.1709386268086317,0.177776171880977,0.2372586477737034,0.4633147743135449
bixbench,bixbench/bix-49-q1,bix-49-q1,0.5512038722974186,0.5030472138185382,0.04024377710548306,0.27603412341083344,frontier,0.0307692307692307,0.04,0.08,0.472728705793526
lawbench,lawbench/lawbench-1-1-16-one-shot,lawbench-1-1-16-one-shot,0.5511511349977323,0.5463581820765141,0.1853119148069639,0.44421894304204906,hard,0.2709598461538461,0.3113751999999999,0.339176607738643,0.4994369591993904
aider-polyglot,aider-polyglot/polyglot_rust_acronym,polyglot_rust_acronym,0.5507161600991508,0.5445486585179341,0.15126280021297328,0.3387632552964723,easy,0.8769230769230769,0.8769230769230769,0.2777764628502737,0.5354223123949085
replicationbench,replicationbench/replicationbench-gw_nsbh__mtov_spin_2,replicationbench-gw_nsbh__mtov_spin_2,0.550234983050972,0.5365922090342832,0.19576425250741375,0.36964746327412673,medium,0.6692307692307692,0.6300000000000001,0.364828726939094,0.6812616058672653
livecodebench,livecodebench/livecodebench-abc384_f,livecodebench-abc384_f,0.550083855189201,0.530652875102906,0.11762666188980342,0.29822626927104007,easy,0.8884615384615385,0.8294117647058824,0.2216640433107855,0.2065241782464292
gpqa-diamond,gpqa-diamond/gpqa-diamond-70,gpqa-diamond-70,0.5498829376599403,0.5406757105408261,0.03318583219868268,0.25728071901110816,saturated,0.9846153846153848,0.9789473684210528,0.0613784409983715,0.4841234675347783
crustbench,crustbench/crustbench-emlang,crustbench-emlang,0.5497432870509968,0.5392228532412999,0.2330043200840941,0.38601208824176736,medium,0.4173076923076924,0.4456521739130434,0.4321113593081072,0.445238398785779
labbench,labbench/labbench-figqa-0135,labbench-figqa-0135,0.5495299868269842,0.543696915959053,0.09897090254273735,0.3936727532623138,hard,0.0692307692307692,0.1384615384615384,0.1820332240953728,0.4465990364445116
gpqa-diamond,gpqa-diamond/gpqa-diamond-31,gpqa-diamond-31,0.5493299518652077,0.5401148035419272,0.08252020492660139,0.28746309925210217,saturated,0.9564102692307692,0.940350894736842,0.1527827128333757,0.0993836235868624
simpleqa,simpleqa/simpleqa-173,simpleqa-173,0.5492926823587478,0.5445252452065676,0.16516268442172122,0.40444524525130143,easy,0.823076923076923,0.8,0.303315017762062,0.4341195476096487
algotune,algotune/algotune-lti-simulation,algotune-lti-simulation,0.5491505656373132,0.5359445035023284,0.18835057647283215,0.2642169482265976,hard,0.2097715058220491,0.2272115448143357,0.3514367163801203,0.4099488306970105
replicationbench,replicationbench/replicationbench-galaxy_manifold__property_prediction,replicationbench-galaxy_manifold__property_prediction,0.5490188930651733,0.5353504518965696,0.0635397577304083,0.37548516752869826,frontier,0.0282051153846153,0.0431372352941176,0.1186881555909927,0.3401315519583781
gpqa-diamond,gpqa-diamond/gpqa-diamond-163,gpqa-diamond-163,0.5485728457206388,0.5393468656582173,0.10036205950490402,0.28513322567665933,easy,0.9346153846153844,0.9105263157894736,0.1860807318911967,0.2991574691601155
crustbench,crustbench/crustbench-libbase122,crustbench-libbase122,0.5483030643885671,0.5377591317659325,0.22147099353549735,0.38619486466322916,hard,0.248076923076923,0.2931818181818182,0.4118405071211247,0.5565661017601783
gaia,gaia/gaia-2b3ef98c-cc05-450b-a719-711aee40ac65,gaia-2b3ef98c-cc05-450b-a719-711aee40ac65,0.5482259763736699,0.5397860065597911,0.16114104097622206,0.30436295871991137,hard,0.1519230769230769,0.1974999999999999,0.2985276369115596,0.4139109356967477
seal0,seal0/seal0-22,seal0-22,0.5479841099775122,0.5300064033434925,0.20942931091181408,0.280291076645473,medium,0.5314102692307692,0.5314102692307692,0.3951448691763914,0.3273066914469136
gpqa-diamond,gpqa-diamond/gpqa-diamond-50,gpqa-diamond-50,0.5474338424789418,0.5381915960796213,0.06346512935138907,0.32872289977361147,saturated,0.9730769230769232,0.963157894736842,0.1179229289600425,-0.0412909830611322
gpqa-diamond,gpqa-diamond/gpqa-diamond-55,gpqa-diamond-55,0.5474338424789417,0.5381915960796212,0.06200892134648401,0.3287228997736113,saturated,0.9730769230769232,0.965,0.1152171862180291,-0.0412909830611322
crustbench,crustbench/crustbench-razz-simulation,crustbench-razz-simulation,0.5472938572025278,0.536733496438322,0.19663418698140128,0.38598591210592714,hard,0.1846153846153846,0.2181818181818181,0.3663534850838161,0.594470124267254
aider-polyglot,aider-polyglot/polyglot_javascript_grep,polyglot_javascript_grep,0.5471443057096903,0.5409423853562657,0.21477056997990063,0.3362358333459132,easy,0.7076923076923076,0.7076923076923076,0.3970303969404289,0.3560896772230409
seal0,seal0/seal0-74,seal0-74,0.5470475256377412,0.5290441213593519,0.19785837553242316,0.27229333737866296,medium,0.6012820384615385,0.6012820384615385,0.3739922013007841,0.3790343013775256
aime,aime/aime_81,aime_81,0.5468680904675769,0.5295929101484378,0.18582323512062546,0.36755140874095393,medium,0.3692307692307692,0.4131578947368421,0.3508793859580592,0.6905261478276968
seal0,seal0/seal0-89,seal0-89,0.5466572193525153,0.5286431198529946,0.15070743907284298,0.2658146728864303,hard,0.2544871923076923,0.2544871923076923,0.285083515538331,0.4073778953743759
mmau,mmau/mmau-ba6bc9de-0ace-4ea9-b102-79f024dd3e25,mmau-ba6bc9de-0ace-4ea9-b102-79f024dd3e25,0.546495638635056,0.5320597732808622,0.19757980757960517,0.3169251413120331,easy,0.7769230769230769,0.71,0.3713488925525428,0.419296310518297
gpqa-diamond,gpqa-diamond/gpqa-diamond-98,gpqa-diamond-98,0.5455273329478252,0.5362579375654408,0.21586204453277602,0.2961325579619399,medium,0.6935898076923077,0.6314815,0.4025339848819186,0.621218623034797
gpqa-diamond,gpqa-diamond/gpqa-diamond-66,gpqa-diamond-66,0.5453547959763948,0.5360829484765621,0.07817521771695161,0.3017865225202884,saturated,0.9576923076923076,0.9388888888888888,0.1458267194267409,0.1727558600144449
gpqa-diamond,gpqa-diamond/gpqa-diamond-106,gpqa-diamond-106,0.5448375346381211,-0.5539208095613899,0.09524981999679195,0.31079478248209963,hard,0.0519230769230769,0.0675,0.1719556628901764,-0.0782488563682453
mmmlu,mmmlu/mmmlu-yo-ng-00149,mmmlu-yo-ng-00149,0.5443216891775616,0.5331123483835075,0.13111511185952598,0.3253115011919846,easy,0.8929487307692308,0.8453703888888889,0.245942740319354,0.3295423087709561
gaia,gaia/gaia-624cbf11-6a41-4692-af9c-36b3e5ca3130,gaia-624cbf11-6a41-4692-af9c-36b3e5ca3130,0.5442514006134683,0.5357596481718121,0.10103314786944646,0.32078778998541624,hard,0.0538461538461538,0.0538461538461538,0.1885792411097117,0.272394309255634
gpqa-diamond,gpqa-diamond/gpqa-diamond-132,gpqa-diamond-132,0.54400023447361,0.5347091636526461,0.06305447071969472,0.3176473545810247,saturated,0.9730769230769232,0.963157894736842,0.1179229289600425,0.0913473213663184
gpqa-diamond,gpqa-diamond/gpqa-diamond-171,gpqa-diamond-171,0.5440002344736099,0.5347091636526461,0.061607685281053516,0.31764735458102467,saturated,0.9730769230769232,0.965,0.1152171862180291,0.0913473213663183
gpqa-diamond,gpqa-diamond/gpqa-diamond-143,gpqa-diamond-143,0.5440002344736099,0.5347091636526461,0.061607685281053516,0.31764735458102467,saturated,0.9730769230769232,0.965,0.1152171862180291,0.0913473213663183
crustbench,crustbench/crustbench-kairocompiler,crustbench-kairocompiler,0.5439417261788163,0.5333270243187208,0.15090343873984055,0.3754450089641647,easy,0.7615384615384616,0.7615384615384616,0.282947294734608,0.5889842586338522
mmau,mmau/mmau-5e398782-d659-4b0c-bc19-ac3cfbd9a113,mmau-5e398782-d659-4b0c-bc19-ac3cfbd9a113,0.5434013701692645,0.528897480033473,0.18168225074981714,0.33473224647978395,easy,0.7230769230769233,0.7000000000000001,0.3435112807463533,0.0966147362104533
ineqmath,ineqmath/ineqmath-44,ineqmath-44,0.5428450032278463,0.49886397492778267,0.13020732011248795,0.40667519084195797,easy,0.9230769230769232,0.875,0.2610076627227637,0.1558396614823305
gaia,gaia/gaia-11af4e1a-5f45-467d-9aeb-46f4bb0bf034,gaia-11af4e1a-5f45-467d-9aeb-46f4bb0bf034,0.5424901344170469,0.5339755596498593,0.11747462312296905,0.2978326224694765,saturated,0.953846153846154,0.94,0.22,0.183323574624066
spider2,spider2/spider2-greenhouse001,spider2-greenhouse001,0.5422709428244835,0.48104020578037093,0.21838046550199497,0.5088685465698949,easy,0.776923076923077,0.6375,0.4539754949333719,0.14961601101744
mmmlu,mmmlu/mmmlu-id-id-00076,mmmlu-id-id-00076,0.5420371151324497,0.5307888568211228,0.13557834907415536,0.29592056207047973,easy,0.9294871923076924,0.8981481666666666,0.255428024405278,-0.0202891380721706
crustbench,crustbench/crustbench-holdem-odds,crustbench-holdem-odds,0.5415751068571525,0.530922248924403,0.20841797637949808,0.37671770371184715,medium,0.4230769230769231,0.4260869565217391,0.3925583770537639,0.6467928230592885
labbench,labbench/labbench-figqa-0008,labbench-figqa-0008,0.5414848047702072,0.5355789807506414,0.11535547277706122,0.3756865313127442,hard,0.0615384615384615,0.123076923076923,0.2153846153846154,0.0253777403780948
algotune,algotune/algotune-ode-brusselator,algotune-ode-brusselator,0.5414810367286087,0.5281197313592663,0.18346697792834102,0.2531033965063257,medium,0.5050133643636573,0.4808434753353867,0.3473965599735056,0.4076593210805746
featurebench-modal,featurebench-modal/featurebench-modal-mlflow__mlflow.93dab383.test_assessment.df512d1b.lv1,featurebench-modal-mlflow__mlflow.93dab383.test_assessment.df512d1b.lv1,0.5410501296106102,0.5339015860923031,0.0811594316520075,0.33307400427894523,frontier,0.0365384615384615,0.0791666666666666,0.1520119695579558,0.1962432791275818
kumo,kumo/kumo-musicenv-t12-a16-v1-s0,kumo-musicenv-t12-a16-v1-s0,0.5410405770504311,0.5319262629403521,0.07723633666506309,0.33301908925571216,saturated,0.9551282307692308,0.9385965263157896,0.145201209352064,0.3993469992092829
gpqa-diamond,gpqa-diamond/gpqa-diamond-0,gpqa-diamond-0,0.5399815269677647,0.5306337154813664,0.07409896578298791,0.2651480450114069,saturated,0.9615384615384616,0.95,0.1396424004376894,0.163681740396579
kumo,kumo/kumo-botanicalenv-t4-a6-v1-s1,kumo-botanicalenv-t4-a6-v1-s1,0.5399221702417427,0.5307924747165783,0.12779731364611294,0.3376528308630416,easy,0.9326923076923076,0.9125,0.2407670035532277,0.5316253956630437
spider2,spider2/spider2-asana001,spider2-asana001,0.539160734955397,0.47766349186766893,0.13026733801140092,0.25112274518939415,hard,0.0769230769230769,0.125,0.2727178028658928,0.2818629890196479
gaia,gaia/gaia-9d191bce-651d-4746-be2d-7ef8ecadb9c2,gaia-9d191bce-651d-4746-be2d-7ef8ecadb9c2,0.5386026271715512,0.5300379485285727,0.2143215507011411,0.314462147017044,medium,0.5615384615384615,0.55,0.4043513323831146,0.644814487614486
gpqa-diamond,gpqa-diamond/gpqa-diamond-159,gpqa-diamond-159,0.5383200548945533,0.5289489120286726,0.19110091572256632,0.2980254227453589,easy,0.8538461538461538,0.7999999999999999,0.3612842589838003,0.327989973109604
kumo,kumo/kumo-celestialenv-t4-a6-v1-s1,kumo-celestialenv-t4-a6-v1-s1,0.5379908462741189,0.5288346667730948,0.046794699725702577,0.3292992684908465,saturated,0.9775641153846154,0.97083335,0.0884864451327292,0.4429448466671475
gpqa-diamond,gpqa-diamond/gpqa-diamond-108,gpqa-diamond-108,0.5375565295530024,0.5281746897555255,0.13774235443140453,0.2666498332961966,easy,0.8794871923076923,0.84333335,0.2607893886304186,0.2712595991628048
swtbench,swtbench/swtbench-sphinx-doc__sphinx-8475,swtbench-sphinx-doc__sphinx-8475,0.5374068926465161,0.49837344931354116,0.16695303928233615,0.2771962557036569,hard,0.1076923076923076,0.2333333333333333,0.334995854037363,0.1663470504606214
gaia,gaia/gaia-e961a717-6b25-4175-8a68-874d28190ee4,gaia-e961a717-6b25-4175-8a68-874d28190ee4,0.5368841888712427,0.5282974807197862,0.13974317210444265,0.29773503637165694,easy,0.7903846153846155,0.7875000000000001,0.2645160675649023,0.167070810402065
reasoning-gym,reasoning-gym/reasoning-gym-algorithmic-rotten-oranges-hard0292e21f-seed45-1,reasoning-gym-algorithmic-rotten-oranges-hard0292e21f-seed45-1,0.5360318349690643,0.5233555745707963,0.1982543864377939,0.28217571803636693,medium,0.6384615384615385,0.65,0.3788139384975162,0.1747034712255544
algotune,algotune/algotune-firls,algotune-firls,0.5358706228331501,0.5223972049754716,0.16910994324806689,0.2771097869102938,hard,0.1446565427844484,0.1503837356179611,0.3237190812611779,0.6016418327273262
featurebench-modal,featurebench-modal/featurebench-modal-pandas-dev__pandas.82fa2715.test_string.dcfa24ea.lv1,featurebench-modal-pandas-dev__pandas.82fa2715.test_string.dcfa24ea.lv1,0.5358497924139248,0.5286452145515818,0.18488333094862447,0.32851933726906346,hard,0.1903846153846154,0.1903846153846154,0.3497304541107971,0.4365776264961176
gso,gso/gso-huggingface--transformers-253f9a3,gso-huggingface--transformers-253f9a3,0.535715513677386,0.17058955796771097,0.07487698643161003,0.23882558276074195,medium,0.5897435769230769,0.5486110833333333,0.4389306550977914,0.2786413678423772
medagentbench,medagentbench/medagentbench-task9_29,medagentbench-task9_29,0.5347633742243512,0.5203125914394802,0.1686808162310703,0.381087032086298,medium,0.4538461538461539,0.4700000000000001,0.3241913015489465,0.4078304256452316
gaia,gaia/gaia-7a4a336d-dcfa-45a0-b014-824c7619e8de,gaia-7a4a336d-dcfa-45a0-b014-824c7619e8de,0.5343830228694665,0.5257643808052151,0.12115418514008247,0.3140516170730917,hard,0.0538461538461538,0.0699999999999999,0.2304343724360582,0.3526765643439893
gpqa-diamond,gpqa-diamond/gpqa-diamond-77,gpqa-diamond-77,0.5336382341454189,0.5242017464537543,0.07110618444359852,0.3261341711155118,saturated,0.9692307692307692,0.96,0.1356465996625053,-0.052311509476358
featurebench-modal,featurebench-modal/featurebench-modal-pandas-dev__pandas.82fa2715.test_struct_accessor.3b465152.lv1,featurebench-modal-pandas-dev__pandas.82fa2715.test_struct_accessor.3b465152.lv1,0.533531849252268,0.5263024742033992,0.1684233305252275,0.32027042786234194,hard,0.185897423076923,0.185897423076923,0.3200124239965804,0.2654635563245568
bfcl,bfcl/bfcl-parallel-multiple-13,bfcl-parallel-multiple-13,0.5334244936149727,0.51484099568599,0.153790829718903,0.24934752858324094,easy,0.8,0.8,0.2987151975222707,0.2128254501305376
gaia,gaia/gaia-ad2b4d70-9314-4fe6-bfbe-894a45f6055f,gaia-ad2b4d70-9314-4fe6-bfbe-894a45f6055f,0.5332735312410882,0.5246407728719614,0.20794578971916491,0.3402112660319627,hard,0.1769230769230769,0.2299999999999999,0.3963584236521283,0.0212738649789079
gpqa-diamond,gpqa-diamond/gpqa-diamond-112,gpqa-diamond-112,0.5331456245123295,0.5237022957337947,0.048477919750676404,0.29775345125656827,saturated,0.9717948846153844,0.9614035263157894,0.0925677052508443,0.1218666788186816
gpqa-diamond,gpqa-diamond/gpqa-diamond-196,gpqa-diamond-196,0.5331456245123295,0.523702295733795,0.0495652203769589,0.29775345125656827,saturated,0.9717948846153844,0.9592592777777776,0.0946438860030386,0.1218666788186816
labbench,labbench/labbench-figqa-0112,labbench-figqa-0112,0.5326180453162124,0.5266333084121732,0.17750704156979838,0.38392792593188796,medium,0.6923076923076924,0.5846153846153845,0.3370600353877945,0.4167214380513278
featurebench-modal,featurebench-modal/featurebench-modal-lightning-ai__pytorch-lightning.126fa6f1.test_fsdp_integration.61c07610.lv2,featurebench-modal-lightning-ai__pytorch-lightning.126fa6f1.test_fsdp_integration.61c07610.lv2,0.5324965157226267,0.5252561004002883,0.2186131110320108,0.303718424376248,medium,0.6653846153846155,0.6653846153846155,0.416202897720578,0.5058848368999309
seal0,seal0/seal0-90,seal0-90,0.5324488016730525,0.514050906775791,0.15777910580070947,0.2632799533435611,hard,0.2179487307692307,0.2179487307692307,0.3069328420998712,0.5651359949396068
omnimath,omnimath/omnimath_39,omnimath_39,0.531850190570609,0.46704663291906623,0.16034978176760772,0.29388849719685917,medium,0.4673076923076922,0.4673076923076922,0.3433271336641763,0.270784227871949
gpqa-diamond,gpqa-diamond/gpqa-diamond-41,gpqa-diamond-41,0.5318426418775775,0.522381249516066,0.06992570257318063,0.3059901487230026,saturated,0.9679487307692308,0.9537037222222222,0.1338595185756759,0.3358497273485167
replicationbench,replicationbench/replicationbench-trgb_std_candle__aseq_bseq_trgb,replicationbench-trgb_std_candle__aseq_bseq_trgb,0.530949879460475,0.5169070988359914,0.09730015978089247,0.36842343945318284,frontier,0.0307692307692307,0.0470588235294117,0.188235294117647,0.3443026310270121
medagentbench,medagentbench/medagentbench-task10_8,medagentbench-task10_8,0.5304224624738021,0.5158800229174819,0.1899671709926437,0.38443953344185683,medium,0.3384615384615385,0.38,0.3682390527904394,0.5992553793302697
gpqa-diamond,gpqa-diamond/gpqa-diamond-125,gpqa-diamond-125,0.5301448476837672,0.5206599869769726,0.14541242078664113,0.2913102774705571,easy,0.8461538461538461,0.8,0.2792848008753788,0.3821416277659372
gpqa-diamond,gpqa-diamond/gpqa-diamond-188,gpqa-diamond-188,0.5299082097776224,0.520420084226211,0.0726727097973326,0.26683723219443434,saturated,0.9615384615384616,0.95,0.1396424004376894,0.3256172854786718
mmmlu,mmmlu/mmmlu-sw-ke-00139,mmmlu-sw-ke-00139,0.5294365908308,0.5179767466378368,0.1658334730411673,0.30221953141551994,easy,0.8846153846153846,0.85,0.3201562118716424,0.2539869315545315
gaia,gaia/gaia-2d83110e-a098-4ebb-9987-066c06fa42d0,gaia-2d83110e-a098-4ebb-9987-066c06fa42d0,0.5292527596917362,0.5205690977378709,0.12085726622552559,0.29269401252053134,easy,0.9307692307692308,0.91,0.232163735324878,0.1707939301988675
reasoning-gym,reasoning-gym/reasoning-gym-algorithmic-binary-matrix-easy00cea0a5-seed45-2,reasoning-gym-algorithmic-binary-matrix-easy00cea0a5-seed45-2,0.5290540090485739,0.5162479474125459,0.2461969928855962,0.27211438599061466,medium,0.6538461538461539,0.5416666666666666,0.4768967975941499,0.0356448675417595
bixbench,bixbench/bix-25-q1,bix-25-q1,0.5282401394854737,0.4784886898814369,0.0876676291061894,0.28931579129502766,hard,0.0519230769230769,0.0675,0.1832177666057525,0.579690107046288
gaia,gaia/gaia-cca530fc-4052-43b2-b130-b30968d8aa44,gaia-cca530fc-4052-43b2-b130-b30968d8aa44,0.5282152443011117,0.5195185117494059,0.09007194294107983,0.32148498316387514,hard,0.0615384615384615,0.0615384615384615,0.1733758103013022,0.1816686382055087
swebench-multilingual,swebench-multilingual/swebench-multilingual-gohugoio__hugo-12204,swebench-multilingual-gohugoio__hugo-12204,0.5273207637149796,0.5231473736490658,0.20204298044499253,0.3650275622137801,hard,0.2846153846153846,0.3466666666666667,0.3862066228789397,0.4121886528782302
gaia,gaia/gaia-4b6bb5f7-f634-410e-815d-e673ab7f8632,gaia-4b6bb5f7-f634-410e-815d-e673ab7f8632,0.5272811109934867,0.5185726328850557,0.14284299439220174,0.2879993711729716,hard,0.1346153846153846,0.175,0.2754541704167864,0.4334996411769428
reasoning-gym,reasoning-gym/reasoning-gym-algorithmic-string-manipulation-easy00cea0a5-seed45-1,reasoning-gym-algorithmic-string-manipulation-easy00cea0a5-seed45-1,0.5271958709815735,0.5143555444564778,0.10972174471027374,0.2697225690979706,easy,0.9136752307692309,0.8877778000000001,0.2133188723108201,0.0695720188127411
omnimath,omnimath/omnimath_1354,omnimath_1354,0.5270394980493394,0.4618187482785277,0.1549394478304206,0.2926962708723209,easy,0.7115384615384616,0.7115384615384616,0.335498392839121,0.2087767652915849
bigcodebench,bigcodebench/bigcodebench_1057,bigcodebench_1057,0.5267541389402929,0.4708422290461784,0.2354211145230892,0.19548053348889824,medium,0.5,0.5,0.5,0.283098527454837
aider-polyglot,aider-polyglot/polyglot_rust_doubly-linked-list,polyglot_rust_doubly-linked-list,0.5267088222382096,0.5203143877315753,0.21793893871903294,0.3375201363100436,medium,0.5615384615384615,0.5615384615384615,0.4188601043095993,0.5360385121830387
bixbench,bixbench/bix-20-q3,bix-20-q3,0.5265309347353178,0.47666399731661757,0.07494205594433533,0.28603318854828375,hard,0.1288461538461538,0.1375,0.1572219768353012,0.5412168205234263
labbench,labbench/labbench-figqa-0002,labbench-figqa-0002,0.526163588828129,0.5201222453701271,0.1655441951074216,0.36846860830016387,hard,0.0923076923076923,0.1846153846153846,0.3182793979319569,0.3603606663967612
gpqa-diamond,gpqa-diamond/gpqa-diamond-197,gpqa-diamond-197,0.5257882619207749,0.5162435359727252,0.08096199658270271,0.32441682552557943,saturated,0.966666653846154,0.9518518333333332,0.156829075700001,-0.0579058258037157
featurebench-modal,featurebench-modal/featurebench-modal-sphinx-doc__sphinx.e347e59c.test_ext_intersphinx.04901873.lv1,featurebench-modal-sphinx-doc__sphinx.e347e59c.test_ext_intersphinx.04901873.lv1,0.5257080867205906,0.5183958282968819,0.1504090603070809,0.3089375021749389,hard,0.1448718076923077,0.1448718076923077,0.2901432690946398,0.3761326157189724
algotune,algotune/algotune-cvar-projection,algotune-cvar-projection,0.5251682287600464,0.5114843435821044,0.11764333880661966,0.258372837169025,hard,0.2399062599167042,0.2395049680392085,0.2300037924576969,0.5763013890415271
labbench,labbench/labbench-figqa-0178,labbench-figqa-0178,0.5250372990786161,0.5189861501569311,0.22241971107282205,0.41436069665566583,medium,0.6846153846153847,0.5692307692307692,0.4285657931441268,0.6057833510715526
algotune,algotune/algotune-aes-gcm-encryption,algotune-aes-gcm-encryption,0.5249243963747252,0.5112357680459209,0.03610050420429916,0.2648557828554084,frontier,0.0199182471086466,0.0207149769929924,0.070614198889653,0.529663049950526
crustbench,crustbench/crustbench-libpgn,crustbench-libpgn,0.5245095652296425,0.5135866842075166,0.1723887113647775,0.370106482776326,hard,0.15,0.1772727272727272,0.3356565048620365,0.5980662924336921
aime,aime/aime_ii-7,aime_ii-7,0.5245086543738091,0.5066578903728997,0.14068312264918537,0.3518853227340753,easy,0.7769230769230769,0.77,0.2776688675382964,0.2746274284156814
spider2,spider2/spider2-tickit001,spider2-tickit001,0.5244216270906763,0.4616871251396637,0.21069665789907993,0.4332021098510063,easy,0.7807692307692308,0.62,0.4563624290699955,0.3847081515824815
bixbench,bixbench/bix-45-q6,bix-45-q6,0.5239744222582952,0.4739355746087864,0.09128643854066776,0.2863714806491246,hard,0.0538461538461538,0.07,0.1926136028425822,0.573451779968718
reasoning-gym,reasoning-gym/reasoning-gym-code-codeio-easy00cea0a5-seed45-1,reasoning-gym-code-codeio-easy00cea0a5-seed45-1,0.5238320445497514,0.510930008563541,0.12139940757045074,0.2505707772754529,medium,0.3235775769230769,0.31632585,0.2376047707821278,0.3601114292527479
bfcl,bfcl/bfcl-multiple-105,bfcl-multiple-105,0.5236945591536,0.5048510727397074,0.05825204685458158,0.24304729565937044,saturated,0.9769230769230768,0.9769230769230768,0.1153846153846153,0.5115001031145163
bfcl,bfcl/bfcl-live-simple-173-99-7,bfcl-live-simple-173-99-7,0.5226315736990589,0.5037599936310727,0.10541348764390444,0.24109798628959567,easy,0.9076923076923076,0.9076923076923076,0.2092533924420837,0.5313743077080849
swebench-multilingual,swebench-multilingual/swebench-multilingual-projectlombok__lombok-3486,swebench-multilingual-projectlombok__lombok-3486,0.5224112437112176,0.518208240067662,0.23750630253397487,0.37577043191752885,medium,0.5192307692307693,0.5384615384615384,0.4583221264543456,0.3844552192517996
kumo,kumo/kumo-networkenv-t4-a6-v1-s0,kumo-networkenv-t4-a6-v1-s0,0.5223457947436198,0.5129786920505954,0.06259432482099468,0.3164978276606112,saturated,0.971153846153846,0.9605263157894736,0.1220212959933645,0.3894013821542786
featurebench-modal,featurebench-modal/featurebench-modal-sympy__sympy.c1097516.test_runtests_pytest.71d43c5f.lv1,featurebench-modal-sympy__sympy.c1097516.test_runtests_pytest.71d43c5f.lv1,0.5216382295796391,0.514283352783867,0.20045409263523004,0.30624504816176373,medium,0.3301281923076923,0.3301281923076923,0.3897736365568748,0.3697193939299452
spider2,spider2/spider2-f1001,spider2-f1001,0.5216046590515357,0.45863850734433,0.13789885234851224,0.3417462434467725,hard,0.2243589615384615,0.2422222,0.3006700269172613,0.2155856347525056
replicationbench,replicationbench/replicationbench-abacus__lattice_force_error,replicationbench-abacus__lattice_force_error,0.5214438538184418,0.5072094190278127,0.18626508308821985,0.3465060097396252,medium,0.3403846153846154,0.388235294117647,0.3672350632707908,0.4452830755990501
medagentbench,medagentbench/medagentbench-task9_10,medagentbench-task9_10,0.5207953834175622,0.5060524781625639,0.1873761379437845,0.38276265414703,medium,0.5769230769230769,0.5700000000000001,0.3702701716314724,0.4640467095611988
simpleqa,simpleqa/simpleqa-4196,simpleqa-4196,0.520708959594325,0.5157341662183494,0.1630894632417852,0.3899071722990156,easy,0.8461538461538461,0.7999999999999999,0.3162277660168379,0.5388890245645833
bfcl,bfcl/bfcl-irrelevance-13,bfcl-irrelevance-13,0.519775490261334,0.5008287288461692,0.02669110166928308,0.24734266349776826,saturated,0.9846153846153848,0.9846153846153848,0.0532938710021192,0.4143487677088425
algotune,algotune/algotune-lqr,algotune-lqr,0.5195000030194812,0.5057064544850771,0.09163630161163835,0.25952064265778696,hard,0.0542282365549368,0.0587472562678482,0.1812045323901288,0.5148983251643371
livecodebench,livecodebench/livecodebench-3765,livecodebench-3765,0.5189830241497065,0.49865222507655055,0.1696674614911215,0.32307959510920575,easy,0.8788461538461539,0.803125,0.3402520894498666,0.3264939694877609
livecodebench,livecodebench/livecodebench-abc330_e,livecodebench-abc330_e,0.5189609004766533,0.49862948130640067,0.10049244017852314,0.3111453879322383,easy,0.9153846153846156,0.8777777777777778,0.201537301635745,0.2109779051111783
algotune,algotune/algotune-capacitated-facility-location,algotune-capacitated-facility-location,0.5188564680300221,0.5050505479667785,0.08380017260437866,0.23953271989470612,medium,0.5212481196009837,0.519758204587828,0.1659243276573792,0.5740052753635771
algotune,algotune/algotune-count-riemann-zeta-zeros,algotune-count-riemann-zeta-zeros,0.5187606853438522,0.5049529252990768,0.1996727371504718,0.25165444476002874,medium,0.4474623220046348,0.4474623220046348,0.3954284194555529,0.5313229888961625
kumo,kumo/kumo-timetravelenv-t4-a6-v1-s0,kumo-timetravelenv-t4-a6-v1-s0,0.518553925170023,0.509136669878125,0.11662357043237438,0.32514079147835023,saturated,0.9615384615384616,0.9444444444444444,0.2290614236454256,0.4678406757406126
kumo,kumo/kumo-beverageenv-t4-a6-v1-s1,kumo-beverageenv-t4-a6-v1-s1,0.518553925170023,0.5091366698781249,0.05684431449814084,0.32514079147835023,saturated,0.9807692307692308,0.9736842105263158,0.111648439134718,0.4678406757406127
kumo,kumo/kumo-cloudenv-t4-a6-v1-s1,kumo-cloudenv-t4-a6-v1-s1,0.518553925170023,0.5091366698781249,0.11096376462247877,0.32514079147835023,saturated,0.9615384615384616,0.95,0.2179449471770337,0.4678406757406126
kumo,kumo/kumo-circusactenv-t4-a6-v1-s1,kumo-circusactenv-t4-a6-v1-s1,0.518553925170023,0.5091366698781249,0.11368862899628168,0.32514079147835023,saturated,0.9615384615384616,0.9473684210526316,0.223296878269436,0.4678406757406127
kumo,kumo/kumo-craftsmanenv-t4-a6-v1-s0,kumo-craftsmanenv-t4-a6-v1-s0,0.518553925170023,0.5091366698781249,0.11368862899628168,0.32514079147835023,saturated,0.9615384615384616,0.9473684210526316,0.223296878269436,0.4678406757406127
kumo,kumo/kumo-softwareenv-t4-a6-v1-s1,kumo-softwareenv-t4-a6-v1-s1,0.518553925170023,0.509136669878125,0.1109637646224788,0.32514079147835023,saturated,0.9615384615384616,0.95,0.2179449471770337,0.4678406757406126
kumo,kumo/kumo-fishenv-t4-a6-v1-s0,kumo-fishenv-t4-a6-v1-s0,0.518553925170023,0.5091366698781249,0.11368862899628168,0.32514079147835023,saturated,0.9615384615384616,0.9473684210526316,0.223296878269436,0.4678406757406127
kumo,kumo/kumo-microbiologyenv-t4-a6-v1-s1,kumo-microbiologyenv-t4-a6-v1-s1,0.518553925170023,0.509136669878125,0.04438550584899148,0.32514079147835023,saturated,0.9846153846153848,0.98,0.0871779788708134,0.4678406757406126
kumo,kumo/kumo-historicalenv-t4-a6-v1-s1,kumo-historicalenv-t4-a6-v1-s1,0.518553925170023,0.5091366698781249,0.11662357043237435,0.32514079147835023,saturated,0.9615384615384616,0.9444444444444444,0.2290614236454256,0.4678406757406126
kumo,kumo/kumo-geneticenv-t4-a6-v1-s0,kumo-geneticenv-t4-a6-v1-s0,0.518553925170023,0.5091366698781249,0.11662357043237435,0.32514079147835023,saturated,0.9615384615384616,0.9444444444444444,0.2290614236454256,0.4678406757406126
kumo,kumo/kumo-geneticenv-t4-a6-v1-s1,kumo-geneticenv-t4-a6-v1-s1,0.518553925170023,0.5091366698781249,0.11662357043237435,0.32514079147835023,saturated,0.9615384615384616,0.9444444444444444,0.2290614236454256,0.4678406757406126
kumo,kumo/kumo-licenseenv-t4-a6-v1-s1,kumo-licenseenv-t4-a6-v1-s1,0.518553925170023,0.5091366698781249,0.11979686350073525,0.32514079147835023,saturated,0.9615384615384616,0.9411764705882352,0.2352941176470588,0.4678406757406127
kumo,kumo/kumo-rocketfuelenv-t4-a6-v1-s0,kumo-rocketfuelenv-t4-a6-v1-s0,0.5185539251700229,0.5091366698781249,0.12324236521134255,0.3251407914783501,saturated,0.9615384615384616,0.9375,0.2420614591379635,0.4678406757406124
kumo,kumo/kumo-marineenv-t4-a6-v1-s1,kumo-marineenv-t4-a6-v1-s1,0.5185539251700229,0.5091366698781249,0.12324236521134255,0.3251407914783501,saturated,0.9615384615384616,0.9375,0.2420614591379635,0.4678406757406124
reasoning-gym,reasoning-gym/reasoning-gym-algorithmic-graph-color-hard0292e21f-seed45-1,reasoning-gym-algorithmic-graph-color-hard0292e21f-seed45-1,0.5182952513607987,0.505292543070779,0.16182314433469808,0.27431686531637745,easy,0.916666653846154,0.8333333076923076,0.3202563476422225,0.4017639229617226
algotune,algotune/algotune-count-connected-components,algotune-count-connected-components,0.5181548944217591,0.5043355054183984,0.09515367337320886,0.25666924582473444,medium,0.499749134960282,0.4987257290336455,0.188671375207401,0.5306215257038602
usaco,usaco/usaco-812,usaco-812,0.5176318645943546,0.5071912694197214,0.20869394129011534,0.39659148609614003,medium,0.4,0.4736842105263157,0.4114699007514119,0.05052077422179
gpqa-diamond,gpqa-diamond/gpqa-diamond-128,gpqa-diamond-128,0.5175634942517958,0.5079071421124026,0.14064158811925828,0.26701876964143595,easy,0.9076923076923076,0.8736842105263158,0.2769041355361243,0.4821072447735116
featurebench-modal,featurebench-modal/featurebench-modal-mlflow__mlflow.93dab383.test_span.69efd376.lv1,featurebench-modal-mlflow__mlflow.93dab383.test_span.69efd376.lv1,0.5171643453293288,0.509763011574208,0.128675885410573,0.3150300834537276,hard,0.1160256538461538,0.12066668,0.2524229543709081,0.4044882501433187
usaco,usaco/usaco-925,usaco-925,0.5170140349098438,0.5065644614180896,0.17277460548314136,0.3967711640944022,hard,0.2076923076923077,0.2842105263157894,0.3410713120290193,0.328765935697827
gaia,gaia/gaia-9318445f-fe6a-4e1b-acbf-c68228c9906a,gaia-9318445f-fe6a-4e1b-acbf-c68228c9906a,0.5159474449105936,0.507098168536725,0.09225842557106778,0.29171608309512037,hard,0.0538461538461538,0.0699999999999999,0.1819340539866025,0.546960278649574
mmmlu,mmmlu/mmmlu-hi-in-00064,mmmlu-hi-in-00064,0.5158126627017733,0.5041298783495227,0.15077665805424542,0.26931558705113007,easy,0.9070512692307692,0.872807,0.2990829635963555,0.6358236562523949
gpqa-diamond,gpqa-diamond/gpqa-diamond-182,gpqa-diamond-182,0.515734474659089,0.5060535466114826,0.15970780546670466,0.26361436173425357,easy,0.8307692307692307,0.78,0.31559467676119,0.3959508951674224
swebenchpro,swebenchpro/swebenchpro-instance_navidrome__navidrome-677d9947f302c9f7bba8c08c788c3dc99f235f39,swebenchpro-instance_navidrome__navidrome-677d9947f302c9f7bba8c08c788c3dc99f235f39,0.5152066227358814,0.23658171874576758,0.07956324453424292,0.2918574849902902,easy,0.7692307692307693,0.7300000000000001,0.3363034344160047,0.490132133518406
crustbench,crustbench/crustbench-fleur,crustbench-fleur,0.5150178406917477,0.5039486626089318,0.18815251490774967,0.3652375701705296,hard,0.1884615384615384,0.2130434782608695,0.3733565120178869,0.530904228165303
bfcl,bfcl/bfcl-simple-python-161,bfcl-simple-python-161,0.5146398753360776,0.4955590353070474,0.08220126916540611,0.250104847827309,easy,0.9307692307692306,0.9307692307692306,0.1658758357911371,-0.0376827656288423
simpleqa,simpleqa/simpleqa-2911,simpleqa-2911,0.5146328915601991,0.5096154732414451,0.04442724695848227,0.3934129470164214,saturated,0.9846153846153848,0.98,0.0871779788708134,0.1593210512108106
gaia,gaia/gaia-853c8244-429e-46ca-89f2-addf40dfb2bd,gaia-853c8244-429e-46ca-89f2-addf40dfb2bd,0.5142066907034316,0.5053360684962432,0.13512425674841524,0.3389608644177459,hard,0.1153846153846153,0.15,0.2673948391424187,-0.0057841200821176
mmmlu,mmmlu/mmmlu-de-de-00029,mmmlu-de-de-00029,0.5138353049632353,0.5021206664876815,0.11570586066926417,0.2684972370066898,easy,0.9461538461538462,0.93,0.2304343724360582,-0.0703286934684294
gpqa-diamond,gpqa-diamond/gpqa-diamond-62,gpqa-diamond-62,0.513759022957626,0.5040516525611606,0.12135900602320324,0.31848404912837014,easy,0.9326923076923076,0.9125,0.2407670035532277,-0.0143364901602831
lawbench,lawbench/lawbench-1-1-22-zero-shot,lawbench-1-1-22-zero-shot,0.5128492887659614,0.5077777940084032,0.18460159565940576,0.41296003536639275,hard,0.2451180384615384,0.3224833571428571,0.3635479885840593,0.4717709286873426
crustbench,crustbench/crustbench-simple-config,crustbench-simple-config,0.5126751173051788,0.5015702578709286,0.09737739216161,0.3571146006354506,easy,0.8999999999999999,0.8999999999999999,0.1941450686788302,0.5005477264908565
livecodebench,livecodebench/livecodebench-3779,livecodebench-3779,0.5124729795088798,0.49196093693810045,0.22676483926213659,0.29286647945906746,medium,0.3814102692307692,0.4509804117647059,0.4609407419082719,0.5366214498577999
gaia,gaia/gaia-ed58682d-bc52-4baa-9eb0-4eb81e1edacc,gaia-ed58682d-bc52-4baa-9eb0-4eb81e1edacc,0.5119689992401284,0.5030710468821872,0.17687041339662482,0.2881584984391977,medium,0.6846153846153845,0.6846153846153845,0.3515813809854289,0.6448815274531714
bfcl,bfcl/bfcl-live-irrelevance-354-81-15,bfcl-live-irrelevance-354-81-15,0.5118261712672894,0.49267247539259235,0.1066540958313524,0.2509316497206987,easy,0.9076923076923076,0.9076923076923076,0.2164807273764659,0.4582441425302764
seal0,seal0/seal0-110,seal0-110,0.5106580862444756,0.4916925264558328,0.1792782606742192,0.2433023648498085,medium,0.4384615384615384,0.4384615384615384,0.3646145731896196,0.2229525840698502
algotune,algotune/algotune-sparse-pca,algotune-sparse-pca,0.5105745374310152,0.4966108392547868,0.09817154194000233,0.23494619233674907,medium,0.3423662842683174,0.3175549995210023,0.1976830430993378,0.1941857721756356
replicationbench,replicationbench/replicationbench-bayes_cal__hot_temp,replicationbench-bayes_cal__hot_temp,0.5101855423148471,0.49572883200365175,0.1397272781045217,0.33105120878106054,easy,0.7846153846153847,0.776470588235294,0.2818623188402574,0.7006035350096337
simpleqa,simpleqa/simpleqa-3056,simpleqa-3056,0.5096416254851778,0.5045895733081571,0.21282676619660343,0.3870752622310357,medium,0.3615384615384615,0.41,0.4217819341792628,0.5157720337048726
labbench,labbench/labbench-figqa-0092,labbench-figqa-0092,0.5091665231462088,0.5029794860112327,0.19514861524744592,0.36793879853944506,hard,0.2923076923076923,0.3846153846153846,0.387985237320569,0.3182600433611324
gaia,gaia/gaia-46719c30-f4c3-4cad-be07-d5cb21eee6bb,gaia-46719c30-f4c3-4cad-be07-d5cb21eee6bb,0.5088454277569121,0.49990953113867515,0.04768832989151472,0.3021052389724111,frontier,0.023076923076923,0.03,0.0953939201416945,0.225287064578593
gaia,gaia/gaia-f2feb6a4-363c-4c09-a804-0db564eafd68,gaia-f2feb6a4-363c-4c09-a804-0db564eafd68,0.5081809733613161,0.49923703604212927,0.16826584152030497,0.28649715354146077,hard,0.2384615384615384,0.28,0.3370459909270543,0.4780899642664645
simpleqa,simpleqa/simpleqa-3129,simpleqa-3129,0.5081499084896615,0.5030875721347139,0.06037050865616567,0.3884934602807323,saturated,0.9692307692307692,0.96,0.12,0.4621920888192487
simpleqa,simpleqa/simpleqa-1102,simpleqa-1102,0.5081499084896615,0.503087572134714,0.030185254328082792,0.3884934602807323,saturated,0.9846153846153848,0.98,0.0599999999999999,0.4621920888192487
omnimath,omnimath/omnimath_1181,omnimath_1181,0.5081124291954888,0.44129602974933924,0.11759186841604342,0.27829196327573347,hard,0.123076923076923,0.123076923076923,0.2664693550105965,0.5851679505872707
seal0,seal0/seal0-19,seal0-19,0.5076445925496906,0.48860252143054034,0.16321287302396825,0.25691951043652517,easy,0.723076923076923,0.723076923076923,0.3340401775785158,0.2713829031984782
algotune,algotune/algotune-matrix-completion,algotune-matrix-completion,0.5072606383630096,0.49323455395444976,0.1581550665080767,0.274007132807077,hard,0.1902451941776775,0.2060431831920461,0.3206487972914451,0.602889435055704
gaia,gaia/gaia-6359a0b1-8f7b-499b-9336-840f9ab90688,gaia-6359a0b1-8f7b-499b-9336-840f9ab90688,0.5064369063297463,0.4974719152610993,0.14105763304576296,0.29531295731524404,hard,0.1076923076923077,0.1399999999999999,0.2835489375751565,0.5493744203204717
labbench,labbench/labbench-figqa-0109,labbench-figqa-0109,0.5063633748942266,0.5001527795543589,0.09736935467464362,0.34933732728084993,hard,0.0692307692307692,0.09,0.1946792233393178,0.3652671633466595
livecodebench,livecodebench/livecodebench-abc389_g,livecodebench-abc389_g,0.5063238290330209,0.48564284584650397,0.21339896953711895,0.29399297522645257,hard,0.2807692307692307,0.39375,0.4394154497739013,0.5989138321971407
simpleqa,simpleqa/simpleqa-193,simpleqa-193,0.5061097348263307,0.5010333828129653,0.08892460400153385,0.38761218790097696,saturated,0.9615384615384616,0.95,0.1774823934929885,0.2812810479755774
gpqa-diamond,gpqa-diamond/gpqa-diamond-44,gpqa-diamond-44,0.5055679292632216,0.49575203738152823,0.06348723772628755,0.2702569118971345,saturated,0.953846153846154,0.94,0.1280624847486569,0.1650310954218912
bixbench,bixbench/bix-51-q2,bix-51-q2,0.505013067322486,0.45373010667794067,0.07924055651011193,0.24053053983438888,easy,0.8615384615384616,0.85,0.1746424919657297,0.5025978192479625
gpqa-diamond,gpqa-diamond/gpqa-diamond-52,gpqa-diamond-52,0.5049714981565506,0.49514777481247,0.11873668255858999,0.2990107785453226,easy,0.9237179615384614,0.8898148333333332,0.2398004971416054,0.0419643323291309
gpqa-diamond,gpqa-diamond/gpqa-diamond-130,gpqa-diamond-130,0.5043170841851242,0.4944847790386865,0.16197268935231304,0.24434865452044077,hard,0.1833333461538461,0.2508772105263158,0.3275584936450409,0.5185652251141196
swebenchpro,swebenchpro/swebenchpro-instance_nodebb__nodebb-8ca65b0c78c67c1653487c02d1135e1b702185e1-vf2cf3cbd463b7ad942381f1c6d077626485a1e9e,swebenchpro-instance_nodebb__nodebb-8ca65b0c78c67c1653487c02d1135e1b702185e1-vf2cf3cbd463b7ad942381f1c6d077626485a1e9e,0.5043114856230515,0.22327425461264097,0.02919689737652616,0.28297121626742183,frontier,0.023076923076923,0.03,0.1307669683062202,0.3443026310270121
reasoning-gym,reasoning-gym/reasoning-gym-arithmetic-leg-counting-hard0292e21f-seed45-1,reasoning-gym-arithmetic-leg-counting-hard0292e21f-seed45-1,0.5041130837823242,0.4908576150400835,0.18432392793861557,0.2690274570378408,easy,0.8910256538461538,0.7638889166666667,0.3755140437692174,0.0898256306418107
reasoning-gym,reasoning-gym/reasoning-gym-arithmetic-leg-counting-easy00cea0a5-seed45-2,reasoning-gym-arithmetic-leg-counting-easy00cea0a5-seed45-2,0.5033149627577482,0.49004548773392725,0.17755275200866757,0.26120094327350946,medium,0.6730769230769231,0.635,0.3623189202898462,0.5755618121700808
bfcl,bfcl/bfcl-multiple-170,bfcl-multiple-170,0.5032134092141944,0.48383935369611597,0.05813701777532267,0.23027269782293375,saturated,0.9692307692307692,0.9692307692307692,0.1201576873216408,0.5058032131148223
featurebench-modal,featurebench-modal/featurebench-modal-mlflow__mlflow.93dab383.test_presigned_url_artifact_repo.8d57288e.lv1,featurebench-modal-mlflow__mlflow.93dab383.test_presigned_url_artifact_repo.8d57288e.lv1,0.5030770799997241,0.4955321460789106,0.11237113326554234,0.3095920920610923,hard,0.0711538461538461,0.074,0.2267686045289338,0.3284912874526525
aider-polyglot,aider-polyglot/polyglot_java_change,polyglot_java_change,0.5022589759191306,0.4956440554935835,0.18336412311337114,0.32593922231103506,hard,0.2076923076923077,0.2076923076923077,0.369951220197263,0.083225930440609
mmmlu,mmmlu/mmmlu-yo-ng-00145,mmmlu-yo-ng-00145,0.5021809419021311,0.490281147354793,0.19361428331777214,0.2725774889138023,easy,0.7884615384615384,0.6764705882352942,0.394904605984498,0.1419725108109664
swesmith,swesmith/swesmith-oauthlib__oauthlib.1fd52536.combine_file__ivt14jmt,swesmith-oauthlib__oauthlib.1fd52536.combine_file__ivt14jmt,0.5020337651794856,0.31957423888761255,0.08942846327116119,0.21176853421319955,easy,0.7871795,0.7803921764705883,0.2798362708535192,0.2885969446816798
gpqa-diamond,gpqa-diamond/gpqa-diamond-122,gpqa-diamond-122,0.50195923215234,0.4920961022834803,0.0624824163630175,0.2677893577244031,saturated,0.9576923076923076,0.9421052631578948,0.126971979808577,0.3776058319399556
gpqa-diamond,gpqa-diamond/gpqa-diamond-21,gpqa-diamond-21,0.5018989701976807,0.4920350544699931,0.19467633519907734,0.2674735470940893,easy,0.7999999999999999,0.7111111111111111,0.3956554181058856,0.5515481704925164
featurebench-modal,featurebench-modal/featurebench-modal-pydata__xarray.97f3a746.test_coordinate_transform.6cacb660.lv1,featurebench-modal-pydata__xarray.97f3a746.test_coordinate_transform.6cacb660.lv1,0.5018801994340459,0.4943232525857604,0.1385923859432938,0.31276567418423906,hard,0.1282051153846153,0.1282051153846153,0.2803679277038446,0.547998314250066
spider2,spider2/spider2-airbnb002,spider2-airbnb002,0.5014418724308601,0.43686256985320526,0.1281442814503812,0.3203575791494993,hard,0.1282051153846153,0.2083333124999999,0.2933285895686607,0.2253608912459581
seal0,seal0/seal0-72,seal0-72,0.5013812424311344,0.48218169448338033,0.1331144794060269,0.26993389454345573,hard,0.1384615384615384,0.1384615384615384,0.2760670529988671,0.4267885460681928
gaia,gaia/gaia-71345b0a-9c7d-4b50-b2bf-937ec5879845,gaia-71345b0a-9c7d-4b50-b2bf-937ec5879845,0.5006152913213562,0.4915805644407349,0.1923456191326486,0.32929024599014983,easy,0.823076923076923,0.7699999999999999,0.391279950930277,0.5922846168223469
devopsgym,devopsgym/devopsgym-codegen__containerd__containerd-10275,devopsgym-codegen__containerd__containerd-10275,0.5002739045239988,-0.15604532915050548,0.0348444348678345,0.19264014327112217,frontier,0.0384615384615384,0.0526315789473684,0.223296878269436,0.0756644555229466
swtbench,swtbench/swtbench-matplotlib__matplotlib-24570,swtbench-matplotlib__matplotlib-24570,0.500016948542222,0.45898200018435353,0.1461595700910484,0.30504101909976494,medium,0.5153846153846154,0.4952380952380952,0.3184429237581045,0.5476082245813746
kumo,kumo/kumo-softwareenv-t4-a6-v1-s0,kumo-softwareenv-t4-a6-v1-s0,0.4999817427016617,0.4903242995227539,0.11323554652787066,0.32585512522496124,saturated,0.953846153846154,0.9333333333333332,0.2309401076758503,0.4682165873274637
gaia,gaia/gaia-0a65cb96-cb6e-4a6a-8aae-c1084f613456,gaia-0a65cb96-cb6e-4a6a-8aae-c1084f613456,0.498682267397267,0.4896245692229486,0.17504934315800766,0.3075419791120251,easy,0.8596153846153847,0.8175000000000001,0.3575174820900371,0.3701420982397886
gpqa-diamond,gpqa-diamond/gpqa-diamond-92,gpqa-diamond-92,0.49848555341706746,0.48857728369123965,0.15187945615794585,0.28127304183279206,easy,0.8673076923076922,0.8184210526315789,0.310860658544099,0.528298111980611
algotune,algotune/algotune-markowitz,algotune-markowitz,0.4983648766905552,0.4841734326558379,0.1344363959258965,0.25137315006911176,hard,0.2810227376188321,0.2810227376188321,0.2776616535700279,0.3477863272384364
aider-polyglot,aider-polyglot/polyglot_javascript_house,polyglot_javascript_house,0.4982528601101695,0.4916028350766724,0.20364325281095721,0.31260430931935496,medium,0.3384615384615384,0.3384615384615384,0.4142434467026541,0.4756125091289483
seal0,seal0/seal0-60,seal0-60,0.4979606646797772,0.4786759960426196,0.11040272703096578,0.24904421297597887,hard,0.1455128076923077,0.1455128076923077,0.2306418703751669,0.4625595562460666
mmmlu,mmmlu/mmmlu-hi-in-00062,mmmlu-hi-in-00062,0.49671422767372697,0.48472910662077956,0.07808737234574344,0.2975339360768885,saturated,0.9615384615384616,0.9411764705882352,0.1610948698544606,-0.0622780755007979
labbench,labbench/labbench-figqa-0044,labbench-figqa-0044,0.49653821828528844,0.49024609963948124,0.1784821562351123,0.3640694952667199,medium,0.4615384615384616,0.5230769230769231,0.3640664481907456,0.6799181222000983
strongreject,strongreject/strongreject_illegal_goods_and_services_0011_pap_logical_appeal,strongreject_illegal_goods_and_services_0011_pap_logical_appeal,0.4963346006282309,0.352138726947008,0.0883367826087304,0.26367139881191026,medium,0.3923076923076923,0.39375,0.2508579030048685,0.2098619410586678
reasoning-gym,reasoning-gym/reasoning-gym-arithmetic-prime-factorization-hard0292e21f-seed45-2,reasoning-gym-arithmetic-prime-factorization-hard0292e21f-seed45-2,0.49622969467261624,0.4828368983779187,0.20343127756724275,0.2701923086498244,easy,0.8846153846153846,0.7692307692307693,0.4213250442347431,0.004547925908511
bfcl,bfcl/bfcl-parallel-170,bfcl-parallel-170,0.4955569637946896,0.47599037100109937,0.09498660098635998,0.26589826599610683,easy,0.9307692307692308,0.9307692307692308,0.1995557195549668,-0.0023276252923791
swe-lancer,swe-lancer/swe-lancer-26048-manager-0,swe-lancer-26048-manager-0,0.49506776387761464,0.34434725866524174,0.1283643897889049,0.22809575133675908,medium,0.3,0.3529411764705882,0.3727759886530555,0.5144750561167829
mmmlu,mmmlu/mmmlu-bn-bd-00018,mmmlu-bn-bd-00018,0.4948216117427979,0.48280717682867647,0.2065043136811882,0.26132472957906977,easy,0.7660256538461538,0.6798245789473685,0.4277159155702982,0.5471956060062458
bixbench,bixbench/bix-30-q3,bix-30-q3,0.49477832870342753,-0.5419043111891759,0.19430783680489244,0.2923698530682975,easy,0.7519230769230769,0.7075,0.3585648476914601,-0.378606218292895
kumo,kumo/kumo-timetravelenv-t4-a6-v1-s1,kumo-timetravelenv-t4-a6-v1-s1,0.4947638571877578,0.4850405620634078,0.13686588364380953,0.3164548009511243,easy,0.9288461538461538,0.8766666666666667,0.2821740991342441,0.4908719415681437
usaco,usaco/usaco-950,usaco-950,0.4946504119990777,0.48388333587437293,0.1732916195424744,0.38511313909169487,hard,0.1653846153846154,0.2263157894736842,0.3581268597095578,0.4586745060233496
aider-polyglot,aider-polyglot/polyglot_java_transpose,polyglot_java_transpose,0.4944669548019896,0.48778401918842934,0.20441660155412267,0.3364404822505176,medium,0.323076923076923,0.323076923076923,0.4190719529808073,0.0776066456882324
gpqa-diamond,gpqa-diamond/gpqa-diamond-131,gpqa-diamond-131,0.4942807696891198,0.484318293464409,0.17890341294454526,0.24205645142324525,medium,0.5653846153846154,0.5722222222222223,0.3693922268862064,0.5036765024340322
aider-polyglot,aider-polyglot/polyglot_javascript_go-counting,polyglot_javascript_go-counting,0.4938603860891169,0.4871722014960614,0.18051219094710902,0.33349336351926223,hard,0.2961538461538461,0.2961538461538461,0.3705305647423489,0.5786982101436302
seal0,seal0/seal0-49,seal0-49,0.4933973437956231,0.4740000864285699,0.18350399504971315,0.2575130788426948,medium,0.6089743846153847,0.6089743846153847,0.3871391594722136,0.3893543538486472
algotune,algotune/algotune-graph-coloring-assign,algotune-graph-coloring-assign,0.49338821509653275,0.47910560164255467,0.12484378508948754,0.2611107635866005,hard,0.2571679298077983,0.2605695800680852,0.2605767594064356,0.5233970149990335
aider-polyglot,aider-polyglot/polyglot_java_pig-latin,polyglot_java_pig-latin,0.49319033773220256,0.4864963624993354,0.21795366029110225,0.3295374713895396,medium,0.3076923076923077,0.3076923076923077,0.4480067624172626,0.1354808909408287
reasoning-gym,reasoning-gym/reasoning-gym-games-n-queens-hard0292e21f-seed45-1,reasoning-gym-games-n-queens-hard0292e21f-seed45-1,0.4924208194710308,0.4789624849904799,0.1617163475695056,0.25246134141966714,hard,0.2769230769230769,0.3,0.3376388603226826,0.7583211252968572
labbench,labbench/labbench-figqa-0024,labbench-figqa-0024,0.49212114010938307,0.48579290304575523,0.21712460059981395,0.3949529405585959,medium,0.6923076923076923,0.5846153846153845,0.4469488937333523,0.5749371926090102
reasoning-gym,reasoning-gym/reasoning-gym-geometry-advanced-geometry-hard0292e21f-seed45-0,reasoning-gym-geometry-advanced-geometry-hard0292e21f-seed45-0,0.4919504857702474,0.47848409507750406,0.1811599312151844,0.26220101097684223,easy,0.8853846153846153,0.7516666666666666,0.3786122320029058,0.1715934960258858
featurebench-modal,featurebench-modal/featurebench-modal-pydantic__pydantic.e1dcaf9e.test_types_self.3ae7e16d.lv1,featurebench-modal-pydantic__pydantic.e1dcaf9e.test_types_self.3ae7e16d.lv1,0.4912978103436074,0.4836359274093765,0.1588867274598045,0.29302281080697895,hard,0.1769230769230769,0.1769230769230769,0.3285254846778864,0.1560160607796639
kumo,kumo/kumo-educationenv-t12-a16-v1-s0,kumo-educationenv-t12-a16-v1-s0,0.4912052087323995,0.4814374116498167,0.20421732630942094,0.3139423972011493,easy,0.8461538461538461,0.7647058823529411,0.4241825029957634,0.4326252064948012
algotune,algotune/algotune-correlate-1d,algotune-correlate-1d,0.49048608500753454,0.47615074977777727,0.0935936558185526,0.2645854731882074,hard,0.1342067133850132,0.1395749819204137,0.1965630755852708,0.3764729318276586
usaco,usaco/usaco-791,usaco-791,0.48998145890615286,0.4791499336688851,0.21015689006301658,0.3814982391978197,hard,0.2410256538461538,0.3481481666666666,0.4386036087990879,0.3053735966852523
bfcl,bfcl/bfcl-live-irrelevance-564-172-5,bfcl-live-irrelevance-564-172-5,0.4899621061975519,-0.5089440129567169,0.116990982162402,0.23005842285422415,hard,0.0846153846153846,0.0846153846153846,0.2298700430382143,-0.4671024153241574
crustbench,crustbench/crustbench-cissy,crustbench-cissy,0.4879805617771285,0.47650986882106267,0.1955076462389523,0.34839501331579625,medium,0.3217948846153846,0.3376811739130435,0.4102908649566053,0.4986916047890923
simpleqa,simpleqa/simpleqa-1653,simpleqa-1653,0.48794793186660396,0.48274934048731166,0.13123325726451754,0.3662692102210881,medium,0.4076923076923077,0.41,0.2718455443813637,0.5422808696375181
reasoning-gym,reasoning-gym/reasoning-gym-induction-acre-hard0292e21f-seed45-0,reasoning-gym-induction-acre-hard0292e21f-seed45-0,0.48769373186638393,0.47415479508348546,0.17107561969708207,0.2585046827142415,easy,0.9102564230769232,0.8205128461538462,0.3608012013607506,0.0386300628429554
reasoning-gym,reasoning-gym/reasoning-gym-cognition-modulo-grid-hard0292e21f-seed45-2,reasoning-gym-cognition-modulo-grid-hard0292e21f-seed45-2,0.4874106083719848,0.4738668698495664,0.12186336557970792,0.23520572417501923,hard,0.1222680769230769,0.1589485,0.2571679375230318,0.4167258893231506
reasoning-gym,reasoning-gym/reasoning-gym-cognition-modulo-grid-hard0292e21f-seed45-0,reasoning-gym-cognition-modulo-grid-hard0292e21f-seed45-0,0.4868479674979595,0.4732946953239216,0.15690272388181103,0.23316921803172486,hard,0.1615384615384615,0.21,0.3315116890850155,0.4139133193705617
gpqa-diamond,gpqa-diamond/gpqa-diamond-120,gpqa-diamond-120,0.48664221476457087,0.47658248067971604,0.16647193312170003,0.23820230235286483,easy,0.8205128076923077,0.754385947368421,0.3493035096134311,0.3598155597171468
gpqa-diamond,gpqa-diamond/gpqa-diamond-144,gpqa-diamond-144,0.4860433731028344,0.4759760805334241,0.17483259325002812,0.26157555785249526,easy,0.7141025769230769,0.6883333500000001,0.3673138218502368,0.6666050013608211
aider-polyglot,aider-polyglot/polyglot_java_word-search,polyglot_java_word-search,0.48573232346527384,0.4789744382697105,0.14383397008748514,0.32099696349414614,hard,0.1538461538461538,0.1538461538461538,0.300295712245279,0.1323630033030894
kumo,kumo/kumo-birdnestenv-t4-a6-v1-s1,kumo-birdnestenv-t4-a6-v1-s1,0.4853763124088637,0.4755363408384953,0.07250416440328064,0.3201116951021072,saturated,0.9647435769230768,0.95416665,0.1524681883942598,0.4603101514171014
kumo,kumo/kumo-archaeologicalenv-t4-a6-v1-s1,kumo-archaeologicalenv-t4-a6-v1-s1,0.4853642831445043,0.4755241635467901,0.08489804450030264,0.30276869610057144,easy,0.9423076923076924,0.925,0.1785357107135712,0.3481962107155369
omnimath,omnimath/omnimath_570,omnimath_570,0.4849774835679357,0.4163091162313453,0.12180154674726798,0.2630915002437932,easy,0.8076923076923077,0.8,0.2925747767665558,0.1285180674302313
labbench,labbench/labbench-figqa-0116,labbench-figqa-0116,0.4837620991697386,0.47736641294594945,0.14577619608306994,0.35412530381411705,medium,0.4230769230769231,0.4461538461538461,0.3053758960196801,0.3491116602433473
gpqa-diamond,gpqa-diamond/gpqa-diamond-123,gpqa-diamond-123,0.48375267577960507,0.4736565592870141,0.052744162220378435,0.2310167875037504,saturated,0.953846153846154,0.94,0.1113552872566004,0.4508681816059378
featurebench-modal,featurebench-modal/featurebench-modal-mlflow__mlflow.93dab383.test_serialization.2c029be6.lv1,featurebench-modal-mlflow__mlflow.93dab383.test_serialization.2c029be6.lv1,0.4837178149930989,0.4759821789823227,0.1326752831567802,0.29969164073163246,hard,0.1423076923076923,0.148,0.2787400222429495,0.4296295067488975
aime,aime/aime_63,aime_63,0.4835166988080475,0.46467702811362555,0.15091974981610087,0.32338395879074516,medium,0.3974358846153846,0.3964912105263158,0.3247841848966915,0.6591660392298649
gpqa-diamond,gpqa-diamond/gpqa-diamond-7,gpqa-diamond-7,0.4834091726274069,0.4733087459744787,0.1367497420302109,0.241824384074854,easy,0.8429487307692308,0.7850877368421053,0.2889229138343127,0.6131437977053269
simpleqa,simpleqa/simpleqa-3079,simpleqa-3079,0.4826714215796886,0.47743816856438576,0.059440572628742215,0.36063005032678985,saturated,0.9615384615384616,0.95,0.1244989959798873,0.2382607401279864
swe-lancer,swe-lancer/swe-lancer-44146_1028,swe-lancer-44146_1028,0.4820850634892845,0.3294390896539731,0.021228378909111497,0.21106872086264838,frontier,0.0153846153846153,0.0235294117647058,0.0644379479417842,-0.2259844382734263
mmmlu,mmmlu/mmmlu-yo-ng-00147,mmmlu-yo-ng-00147,0.48206929510785845,0.46986038483281684,0.12935142599649307,0.27664153576900863,easy,0.9102564230769232,0.870370388888889,0.2752975781146525,0.4957769391362761
simpleqa,simpleqa/simpleqa-2611,simpleqa-2611,0.48181290851158176,0.4765740521742156,0.10867560450579102,0.36372108793938096,easy,0.7999999999999999,0.8,0.2280350850198276,0.3013413608515942
gaia,gaia/gaia-d8152ad6-e4d5-4c12-8bb7-8d57dc10c6de,gaia-d8152ad6-e4d5-4c12-8bb7-8d57dc10c6de,0.47986066068983874,0.4705840857271599,0.1599985891472343,0.3006126808538295,medium,0.5846153846153845,0.58,0.3399999999999999,0.553421706721738
livecodebench,livecodebench/livecodebench-3387,livecodebench-3387,0.4787262490646994,0.45731399305862724,0.061270072223353185,0.28569759027992236,saturated,0.9769230769230768,0.9684210526315788,0.1339781269616616,0.1584912122015369
livecodebench,livecodebench/livecodebench-3535,livecodebench-3535,0.4787262490646993,0.45731399305862724,0.03986770962419231,0.28569759027992225,saturated,0.9846153846153848,0.98,0.0871779788708134,0.1584912122015367
crustbench,crustbench/crustbench-bitset,crustbench-bitset,0.4786035872283246,0.4669988966551875,0.1729564073341202,0.33778680045203413,hard,0.2307692307692307,0.2608695652173913,0.3703572076355975,0.5115163200574956
bfcl,bfcl/bfcl-simple-python-325,bfcl-simple-python-325,0.4784980662839231,0.45851383212285346,0.06108994255460681,0.2617240491738214,easy,0.9384615384615383,0.9384615384615383,0.1332346775052982,-0.0674288935055807
swebench-multilingual,swebench-multilingual/swebench-multilingual-apache__lucene-11760,swebench-multilingual-apache__lucene-11760,0.4782633355892325,0.4738066655966986,0.21670306745281867,0.33629440515314496,medium,0.3461538461538461,0.4285714285714285,0.4573660169594892,0.2741226388102327
seal0,seal0/seal0-15,seal0-15,0.47751473526659327,0.457734242381583,0.1784696784818194,0.2536782537958581,medium,0.4955128461538461,0.4955128461538461,0.3898980280637186,0.1481301174994571
bigcodebench,bigcodebench/bigcodebench_1013,bigcodebench_1013,0.47751446728624714,0.4181193251795948,0.17422628536867674,0.19886164030473277,medium,0.6320512692307693,0.6320512692307693,0.4166903438243169,0.3594314430705104
crustbench,crustbench/crustbench-libm17,crustbench-libm17,0.47742999186919494,0.4658087209120152,0.1587278348139457,0.33880294413799994,hard,0.1307692307692307,0.1545454545454545,0.3407575420725693,0.6418874493325379
mmmlu,mmmlu/mmmlu-bn-bd-00012,mmmlu-bn-bd-00012,0.4773213521492872,0.46504138644952897,0.23252069322476449,0.2556334395361474,medium,0.5,0.5,0.5,0.0199712761640212
mmmlu,mmmlu/mmmlu-en-us-00032,mmmlu-en-us-00032,0.4773213521492872,0.46504138644952897,0.23252069322476449,0.2556334395361474,medium,0.5,0.5,0.5,0.0199712761640212
gpqa-diamond,gpqa-diamond/gpqa-diamond-140,gpqa-diamond-140,0.4770596104929305,0.4668800823205963,0.1547541978646029,0.24803465003863573,easy,0.825,0.7725,0.3314645531576491,0.7591501815884811
gaia,gaia/gaia-1dcc160f-c187-48c2-b68e-319bd4354f3d,gaia-1dcc160f-c187-48c2-b68e-319bd4354f3d,0.47692131338525834,0.46761134097190665,0.11330400168313984,0.28596530349482513,hard,0.1179487307692307,0.1533333499999999,0.2423037932477069,0.1824701430545079
labbench,labbench/labbench-figqa-0004,labbench-figqa-0004,0.4763544944304594,0.4699000230980014,0.12850962344603453,0.34186570383194315,hard,0.2230769230769231,0.2461538461538461,0.273482905148172,0.2659846664939438
gaia,gaia/gaia-cca70ce6-1952-45d2-acd4-80c903b0bc49,gaia-cca70ce6-1952-45d2-acd4-80c903b0bc49,0.47627060321191667,0.466953265931536,0.1349325273575822,0.2761960607673277,hard,0.1153846153846153,0.15,0.2889636655359978,0.449564957728447
mmmlu,mmmlu/mmmlu-ja-jp-00099,mmmlu-ja-jp-00099,0.4760424748459531,0.46374349540947674,0.2280844960632344,0.25560319622178823,medium,0.4692307692307692,0.49,0.4918333050943175,0.0489974844362373
mmmlu,mmmlu/mmmlu-it-it-00086,mmmlu-it-it-00086,0.4759337144438011,0.4636331204632151,0.1619965339927007,0.29581901043722847,easy,0.8589743461538462,0.7962962777777778,0.3494067331316844,0.1759750217946631
labbench,labbench/labbench-figqa-0080,labbench-figqa-0080,0.47593275076499697,0.46947496046449905,0.15423448893073116,0.33593444017118357,hard,0.2615384615384615,0.3230769230769231,0.3285254846778865,0.241533456757754
aider-polyglot,aider-polyglot/polyglot_go_octal,polyglot_go_octal,0.4756302740251336,0.46878741027204396,0.1539056721659691,0.3062863462260003,hard,0.2019230769230769,0.2019230769230769,0.3283058989930115,0.2958954722270157
kumo,kumo/kumo-transportenv-t4-a6-v1-s1,kumo-transportenv-t4-a6-v1-s1,0.47482922632048125,0.4648609229451195,0.06547513291974547,0.2942643065711846,saturated,0.9506410384615384,0.9324561578947368,0.1408488640106136,0.4120264758779074
algotune,algotune/algotune-quantile-regression,algotune-quantile-regression,0.47476957972668316,0.46015440108493666,0.05131454285790404,0.2540052202231917,hard,0.0561136926767548,0.0662925551051653,0.1115159232138524,0.5012175376951271
mmau,mmau/mmau-a68348a7-68ea-4c79-800c-7c870eb15f0a,mmau-a68348a7-68ea-4c79-800c-7c870eb15f0a,0.47463246810942683,0.4587215996615118,0.16160987213763597,0.3123190388452296,medium,0.5403846153846154,0.5225,0.3523049105533444,0.5755888604664153
lawbench,lawbench/lawbench-2-4-10-one-shot,lawbench-2-4-10-one-shot,0.47435549407440786,0.4690246178821601,0.033990764514776506,0.3860385371660224,hard,0.0784615384615384,0.0869230769230769,0.072471173620393,0.1220108916977845
gpqa-diamond,gpqa-diamond/gpqa-diamond-179,gpqa-diamond-179,0.4742021545692077,0.46398738198585343,0.15381724071626457,0.255526697365491,easy,0.8538461538461539,0.8099999999999999,0.3315116890850155,0.113600750124592
seal0,seal0/seal0-23,seal0-23,0.47415864135230484,0.4542988825040062,0.17808309216897453,0.24924001697755346,medium,0.6205128076923077,0.6205128076923077,0.3919954440288638,0.388388135250361
bfcl,bfcl/bfcl-live-irrelevance-312-76-10,bfcl-live-irrelevance-312-76-10,0.47413304902185244,0.4540444615308208,0.05049265103641756,0.22503588073657654,saturated,0.9615384615384616,0.9615384615384616,0.1112064022676997,0.4481799737055362
labbench,labbench/labbench-figqa-0021,labbench-figqa-0021,0.47392460367103306,0.46745105120822555,0.17515385274867576,0.32885763051851685,medium,0.576923076923077,0.54,0.3746998799039039,0.6445639980548655
gpqa-diamond,gpqa-diamond/gpqa-diamond-33,gpqa-diamond-33,0.47338894813879695,0.4631641853749051,0.10670517078921112,0.23753992868895424,easy,0.8980769230769231,0.8605263157894738,0.2303830351278982,0.371843186204424
swtbench,swtbench/swtbench-django__django-14404,swtbench-django__django-14404,0.472996129127367,0.430617394020039,0.1367360532240262,0.2718907245096238,medium,0.5974358846153845,0.5948717692307692,0.3175349048200852,0.179207840539671
labbench,labbench/labbench-figqa-0159,labbench-figqa-0159,0.4724133144732137,0.4659279446669956,0.1512541732371774,0.3310928847404949,easy,0.7750000000000001,0.75,0.3246299668616799,0.3934908103967317
labbench,labbench/labbench-figqa-0179,labbench-figqa-0179,0.47229725304584186,0.46581097730661364,0.12658249724561474,0.36143175483001005,hard,0.2,0.2,0.271746488194703,0.2739242307200905
mmau,mmau/mmau-f995bc92-74f6-4e69-94b8-bf6e073fa19f,mmau-f995bc92-74f6-4e69-94b8-bf6e073fa19f,0.4720117856082743,0.4560512592903006,0.15118632327667592,0.2979169445071712,medium,0.5076923076923078,0.51,0.3315116890850155,0.5730730429793757
reasoning-gym,reasoning-gym/reasoning-gym-arithmetic-number-format-hard0292e21f-seed45-0,reasoning-gym-arithmetic-number-format-hard0292e21f-seed45-0,0.47174714925620687,0.45794230845646355,0.16522614005185532,0.2860944017930106,easy,0.9230769230769232,0.8461538461538461,0.36080121229411,0.3372570747482712
aider-polyglot,aider-polyglot/polyglot_java_kindergarten-garden,polyglot_java_kindergarten-garden,0.47125730411806077,0.46437822170417603,0.13120019080524808,0.3016500502950214,hard,0.1307692307692307,0.1307692307692307,0.2825287334185686,0.0863781159037546
replicationbench,replicationbench/replicationbench-galaxy_manifold__evolution_tracks,replicationbench-galaxy_manifold__evolution_tracks,0.47093857814721635,0.4557468469664955,0.18087388962913017,0.3045854337989575,medium,0.5596153846153846,0.5382352941176469,0.3968735951396,0.5230884211907826
simpleqa,simpleqa/simpleqa-2192,simpleqa-2192,0.4704739238994663,0.4651620133134622,0.11034737169680969,0.35095559632236,easy,0.8961538461538462,0.865,0.2372235232855291,0.4336279819506464
algotune,algotune/algotune-cumulative-simpson-1d,algotune-cumulative-simpson-1d,0.47018293590141846,0.4554878926223975,0.09989465816139985,0.24973408194086627,hard,0.1365788816057468,0.1412201426456134,0.2193135312253254,0.4577663823953526
usaco,usaco/usaco-248,usaco-248,0.47002861704990934,0.4589288119447857,0.19587212001620996,0.3642494350364083,hard,0.2205128076923077,0.3017543684210526,0.4268028393906452,0.3880255925896528
gpqa-diamond,gpqa-diamond/gpqa-diamond-16,gpqa-diamond-16,0.46975302939437524,0.4594838167265761,0.0834938998514324,0.2346270386410173,saturated,0.9615384615384616,0.9473684210526316,0.1817123842277059,0.2812810479755772
gpqa-diamond,gpqa-diamond/gpqa-diamond-14,gpqa-diamond-14,0.46948327798911066,0.4592107816884759,0.035773522008287706,0.28149374882233913,saturated,0.975,0.9675,0.0779021822544143,0.0981501918094097
bigcodebench,bigcodebench/bigcodebench_1004,bigcodebench_1004,0.4694788048381591,0.40955434874122193,0.14207575789545174,0.2070605090335612,medium,0.6333333076923077,0.6333333076923077,0.3469033068068402,0.2677345237371658
aime,aime/aime_ii-2,aime_ii-2,0.46907733404728613,0.4499097040787782,0.053054670072515506,0.33074342980654087,saturated,0.9730769230769232,0.963157894736842,0.1179229289600425,0.1030134632418448
gaia,gaia/gaia-851e570a-e3de-4d84-bcfa-cc85578baa59,gaia-851e570a-e3de-4d84-bcfa-cc85578baa59,0.46881094394672157,0.4594099181264224,0.1066583226375266,0.2875223622826187,easy,0.9307692307692308,0.91,0.232163735324878,0.3258082818340139
gaia,gaia/gaia-5cfb274c-0207-4aa7-9575-6ac0bd95d9b2,gaia-5cfb274c-0207-4aa7-9575-6ac0bd95d9b2,0.4687973591053921,0.45939618212312944,0.12797296795333873,0.314975241256903,easy,0.9076923076923078,0.8800000000000001,0.2785677655436824,0.4729119168293656
gpqa-diamond,gpqa-diamond/gpqa-diamond-174,gpqa-diamond-174,0.46838774791543175,0.4581019360026385,0.1674423676122242,0.23692986779707623,medium,0.4615384615384617,0.4800000000000001,0.3655133376499413,0.5171476794164943
gaia,gaia/gaia-edd4d4f2-1a58-45c4-b038-67337af4e029,gaia-edd4d4f2-1a58-45c4-b038-67337af4e029,0.46835742078055864,0.45895135093756,0.12484826529443027,0.31090185158685896,easy,0.9230769230769232,0.9,0.2720294101747089,0.5211612053084494
aider-polyglot,aider-polyglot/polyglot_java_palindrome-products,polyglot_java_palindrome-products,0.4677459359998144,0.46083801889679016,0.1328749489801144,0.32125934285558655,hard,0.1615384615384615,0.1615384615384615,0.2883333048306356,0.6121392249452461
featurebench-modal,featurebench-modal/featurebench-modal-mlflow__mlflow.93dab383.test_rest_store_webhooks.6d85971c.lv1,featurebench-modal-mlflow__mlflow.93dab383.test_rest_store_webhooks.6d85971c.lv1,0.46716246689472013,0.4592698408863267,0.11404697587403784,0.3029555174507903,hard,0.0903846153846153,0.094,0.2483223711227001,0.3277086202697531
aider-polyglot,aider-polyglot/polyglot_java_mazy-mice,polyglot_java_mazy-mice,0.4671092620338175,0.460196140325121,0.16888292743224495,0.3243616760926339,hard,0.2615384615384615,0.2615384615384615,0.3669803212885096,0.0659917475423612
livecodebench,livecodebench/livecodebench-abc301_f,livecodebench-abc301_f,0.46642282238935595,0.4446987256810093,0.20311695091855492,0.26678120352907914,hard,0.2346153846153846,0.4066666666666666,0.4567518168789503,0.5707709310882828
bfcl,bfcl/bfcl-live-multiple-751-169-6,bfcl-live-multiple-751-169-6,0.4656485516632458,0.4453600530741495,0.0699577664465219,0.2230443038303507,saturated,0.9615384615384616,0.9615384615384616,0.1570813681281702,0.4526939353921096
labbench,labbench/labbench-figqa-0063,labbench-figqa-0063,0.4655600276063325,0.45902155350275975,0.13059687194201472,0.32837746270488194,hard,0.2230769230769231,0.2461538461538461,0.2845114155216451,0.2250276525708078
aider-polyglot,aider-polyglot/polyglot_java_connect,polyglot_java_connect,0.4648065558644508,0.4578746708532607,0.08518854491160806,0.30839637775204054,hard,0.1,0.1,0.1860521018838127,0.0695919571610001
kumo,kumo/kumo-testingenv-t4-a6-v1-s1,kumo-testingenv-t4-a6-v1-s1,0.46450457715088067,0.4544134719421079,0.057856913833432895,0.31624638577899283,saturated,0.9730769230769232,0.95625,0.127322179921646,0.4517230646995404
aider-polyglot,aider-polyglot/polyglot_javascript_transpose,polyglot_javascript_transpose,0.46428327489935556,0.45734713923656095,0.1949130219319088,0.285129132786842,medium,0.4480769230769231,0.4480769230769231,0.4261817888645212,0.2090949601865787
gpqa-diamond,gpqa-diamond/gpqa-diamond-82,gpqa-diamond-82,0.4642298365220379,0.45389378035073835,0.053524484015705254,0.26190737897163163,saturated,0.9730769230769232,0.963157894736842,0.1179229289600425,0.6331395638591598
livecodebench,livecodebench/livecodebench-abc343_a,livecodebench-abc343_a,0.46349653295389714,0.4416995512241837,0.15086911849135531,0.26431234306560053,hard,0.2692307692307692,0.3,0.3415650255319866,0.542480182190955
bfcl,bfcl/bfcl-live-irrelevance-485-139-0,bfcl-live-irrelevance-485-139-0,0.4634712111759683,0.4431320328390261,0.034087079449155844,0.22346388554350818,saturated,0.9846153846153848,0.9846153846153848,0.0769230769230769,0.4678406757406126
gpqa-diamond,gpqa-diamond/gpqa-diamond-91,gpqa-diamond-91,0.46324903663201267,0.4529011960689623,0.14664056370770495,0.26247708927695806,easy,0.8346153846153845,0.7736842105263158,0.3237804734906823,0.0988370101723034
gpqa-diamond,gpqa-diamond/gpqa-diamond-105,gpqa-diamond-105,0.4628005150359625,0.4524472940474291,0.09990120533212332,0.2646871774655714,easy,0.8961538461538461,0.8578947368421053,0.2208018627726634,0.598105886141761
featurebench-modal,featurebench-modal/featurebench-modal-scikit-learn__scikit-learn.5741bac9.test_arff_parser.ecde431a.lv1,featurebench-modal-scikit-learn__scikit-learn.5741bac9.test_arff_parser.ecde431a.lv1,0.4627474109704573,0.4548138661276623,0.09015603894422505,0.2907905459314821,hard,0.0557692307692307,0.0557692307692307,0.198226232000849,0.2356375777580424
bfcl,bfcl/bfcl-live-parallel-multiple-8-7-0,bfcl-live-parallel-multiple-8-7-0,0.4622544988911515,0.4418871110751408,0.164849122865964,0.22044962071793545,medium,0.6923076923076923,0.6923076923076923,0.3730570970148351,0.3311236506151059
livecodebench,livecodebench/livecodebench-abc382_c,livecodebench-abc382_c,0.462065560046382,0.44023311665654474,0.028367718653363842,0.2916396048080641,saturated,0.9846153846153848,0.9764705882352942,0.0644379479417842,0.0824948520045964
livecodebench,livecodebench/livecodebench-3438,livecodebench-3438,0.4620655600463818,0.44023311665654463,0.02767038418584273,0.29163960480806406,saturated,0.9846153846153848,0.977777777777778,0.0628539361054708,0.0824948520045964
reasoning-gym,reasoning-gym/reasoning-gym-algorithmic-spell-backward-easy00cea0a5-seed45-2,reasoning-gym-algorithmic-spell-backward-easy00cea0a5-seed45-2,0.46198946310569455,0.44802647990404926,0.09056185929548649,0.23549010519244712,easy,0.8481482692307692,0.8292593,0.2021350597734346,0.3849918193224558
aider-polyglot,aider-polyglot/polyglot_javascript_promises,polyglot_javascript_promises,0.46126632709650867,0.4543057801212889,0.05805764975718627,0.2842324451820062,saturated,0.953846153846154,0.953846153846154,0.1277942132756626,0.5225692092286567
mmmlu,mmmlu/mmmlu-yo-ng-00148,mmmlu-yo-ng-00148,0.4608452920682497,0.4483244374226326,0.1781490362251548,0.24415429620084747,hard,0.2615384615384615,0.31,0.3973663297261104,0.3492688817344823
mmmlu,mmmlu/mmmlu-hi-in-00066,mmmlu-hi-in-00066,0.46059714491966464,0.4480727296483723,0.21656333567421177,0.25005272517189847,medium,0.4615384615384615,0.48,0.4833218389437829,-0.0034030591778043
mmmlu,mmmlu/mmmlu-sw-ke-00133,mmmlu-sw-ke-00133,0.4599130172957527,0.4473787959383436,0.22003579183547176,0.25152993880964675,medium,0.4692307692307692,0.49,0.4918333050943175,-0.0031542454119574
mmmlu,mmmlu/mmmlu-en-us-00039,mmmlu-en-us-00039,0.4599130172957527,0.4473787959383436,0.22003579183547176,0.25152993880964675,medium,0.4692307692307692,0.49,0.4918333050943175,-0.0031542454119574
labbench,labbench/labbench-figqa-0094,labbench-figqa-0094,0.4596821506337949,0.45309876232667756,0.18231243861984966,0.32233019359228426,hard,0.2384615384615384,0.31,0.4023679907746141,0.0933240094040953
algotune,algotune/algotune-lu-factorization,algotune-lu-factorization,0.4593218924603183,0.4444409789075727,0.049981036103171145,0.25118743926457837,frontier,0.0493439446488986,0.0557801113422333,0.1124582081202853,0.5031986863073501
simpleqa,simpleqa/simpleqa-3407,simpleqa-3407,0.45889070375888646,0.45350599397121294,0.19213888138251273,0.3481775373726822,medium,0.3923076923076923,0.4499999999999999,0.4236744032862972,0.2406672646155961
aider-polyglot,aider-polyglot/polyglot_java_circular-buffer,polyglot_java_circular-buffer,0.45887818424197474,0.45189842937524466,0.14931232732085492,0.3124179853019762,hard,0.1923076923076923,0.1923076923076923,0.3304112553063774,0.0867821903262381
gaia,gaia/gaia-5a0c1adf-205e-4841-a666-7c3ef95def9d,gaia-5a0c1adf-205e-4841-a666-7c3ef95def9d,0.4588620209876466,0.4493515016699047,0.16669593208584474,0.26616503944765707,easy,0.7211538461538461,0.6975,0.3709700122651425,0.3079018262476849
reasoning-gym,reasoning-gym/reasoning-gym-algebra-simple-integration-easy00cea0a5-seed45-1,reasoning-gym-algebra-simple-integration-easy00cea0a5-seed45-1,0.45847749585828657,0.4444584416691097,0.038746988636784295,0.25231573056344364,saturated,0.9846153846153848,0.98,0.0871779788708134,0.1593210512108106
reasoning-gym,reasoning-gym/reasoning-gym-arithmetic-basic-arithmetic-easy00cea0a5-seed45-2,reasoning-gym-arithmetic-basic-arithmetic-easy00cea0a5-seed45-2,0.45847749585828657,0.44445844166910975,0.07749397727356865,0.25231573056344364,saturated,0.9692307692307692,0.96,0.1743559577416269,0.1593210512108105
usaco,usaco/usaco-1204,usaco-1204,0.4578361137491229,0.44657806713213766,0.16686654058710382,0.355510821493225,hard,0.1711538461538461,0.2225,0.3736559246151464,0.3923617787961752
usaco,usaco/usaco-865,usaco-865,0.4574077177596934,0.4461441896772754,0.1517406308941645,0.3548651069310227,hard,0.1384615384615384,0.1894736842105263,0.3401156720295476,0.4525443778717116
algotune,algotune/algotune-sparse-eigenvectors-complex,algotune-sparse-eigenvectors-complex,0.4573193366030682,0.4424046506229808,0.0908441518810897,0.2591709935266703,hard,0.0540018008188538,0.0637989510881449,0.2053417651762153,0.5047771855185411
algotune,algotune/algotune-rectanglepacking,algotune-rectanglepacking,0.45721413491460844,0.44229767903114425,0.10422435605840731,0.2270942247611695,hard,0.2824335875619214,0.2704115127502311,0.2356430092211006,0.449040494234638
seal0,seal0/seal0-81,seal0-81,0.4568195603048333,0.43655979073021134,0.1674293276833261,0.24789900380897714,medium,0.6025641153846154,0.6025641153846154,0.3835198092872355,0.6674895420820548
gaia,gaia/gaia-bfcd99e1-0690-4b53-a85c-0174a8629083,gaia-bfcd99e1-0690-4b53-a85c-0174a8629083,0.45562817867975197,0.4460825911345696,0.1877094924782175,0.3040765121787617,medium,0.6461538461538462,0.6074999999999999,0.4207953778263255,0.6481192697925914
livecodebench,livecodebench/livecodebench-abc308_f,livecodebench-abc308_f,0.455495388431459,0.4335016394022908,0.030865330255453842,0.276541520015592,saturated,0.9826923076923078,0.975,0.0712000312109794,0.0565175092308039
kumo,kumo/kumo-chemicalenv-t12-a16-v1-s1,kumo-chemicalenv-t12-a16-v1-s1,0.4554051874611056,0.44520816816300396,0.17786518151301545,0.26935912577662263,easy,0.7833333076923077,0.7183333,0.3995101488072737,0.5119034602925339
usaco,usaco/usaco-840,usaco-840,0.45455473570878646,0.4432548386924927,0.1797408662273024,0.35466700985578437,hard,0.1923076923076923,0.2631578947368421,0.4055023217738573,0.5299354422633568
gpqa-diamond,gpqa-diamond/gpqa-diamond-104,gpqa-diamond-104,0.4544953673620401,0.44404349346938293,0.03673620482430797,0.2981066078515998,saturated,0.9794871923076924,0.97333335,0.0827310958601873,-0.0133531821002678
gpqa-diamond,gpqa-diamond/gpqa-diamond-114,gpqa-diamond-114,0.4544953673620401,0.44404349346938293,0.037587359564287645,0.2981066078515998,saturated,0.9794871923076924,0.9719298421052632,0.0846479232712354,-0.0133531821002678
kumo,kumo/kumo-fantasyenv-t12-a16-v1-s1,kumo-fantasyenv-t12-a16-v1-s1,0.4541826916362824,0.4439716080331729,0.17623460934349125,0.2705285117828207,easy,0.7083333461538461,0.65833335,0.3969501791437151,0.546758143048011
aider-polyglot,aider-polyglot/polyglot_java_affine-cipher,polyglot_java_affine-cipher,0.45385906412870597,0.4468392730084964,0.12920492407094103,0.29035255452359543,hard,0.1153846153846153,0.1153846153846153,0.2891530173725,0.1309515612994078
aider-polyglot,aider-polyglot/polyglot_go_robot-simulator,polyglot_go_robot-simulator,0.4538536401877242,0.44683380604593015,0.12378632189268614,0.31360832337552214,hard,0.1307692307692307,0.1307692307692307,0.2770298939287555,0.6246515045271874
reasoning-gym,reasoning-gym/reasoning-gym-algorithmic-ransom-note-easy00cea0a5-seed45-2,reasoning-gym-algorithmic-ransom-note-easy00cea0a5-seed45-2,0.4536085795575925,0.4395125313101865,0.07800573602709396,0.25999678910981905,saturated,0.9615384615384616,0.95,0.1774823934929885,0.2705909911906123
gpqa-diamond,gpqa-diamond/gpqa-diamond-190,gpqa-diamond-190,0.4532224442686533,0.4427556133914944,0.1283098600745615,0.25465518572748297,easy,0.8705128076923077,0.8019607647058824,0.2897983813050091,0.513549987690274
aider-polyglot,aider-polyglot/polyglot_java_ledger,polyglot_java_ledger,0.45298469722794765,0.44595797760623457,0.19864029965756913,0.3293518547926934,medium,0.3923076923076923,0.3923076923076923,0.445423805901644,0.0650708310935769
usaco,usaco/usaco-837,usaco-837,0.45295347077714065,0.4416332648543007,0.14058210038134156,0.35385858329421904,hard,0.1576923076923077,0.2157894736842105,0.3183231689481566,0.6163401177721193
featurebench-modal,featurebench-modal/featurebench-modal-pandas-dev__pandas.82fa2715.test_info.d8a64ebf.lv1,featurebench-modal-pandas-dev__pandas.82fa2715.test_info.d8a64ebf.lv1,0.4525747250462818,0.4445484182309004,0.18729938197561924,0.28488391709991334,hard,0.1153846153846153,0.2307692307692307,0.4213250442347432,0.2778641371639951
gaia,gaia/gaia-ad37a656-079a-49f9-a493-7b739c9167d1,gaia-ad37a656-079a-49f9-a493-7b739c9167d1,0.4520696981079972,0.4424858177960916,0.15174102608259735,0.26897459903731685,easy,0.7076923076923076,0.6799999999999999,0.3429285639896449,0.2216438378504485
usaco,usaco/usaco-1069,usaco-1069,0.44963497778174666,0.4382729202088485,0.15175208354021588,0.35058299920080355,hard,0.1384615384615384,0.1894736842105263,0.3462501937557585,0.4532295028721208
gaia,gaia/gaia-7cc4acfa-63fd-4acc-a1a1-e8e529e0a97f,gaia-7cc4acfa-63fd-4acc-a1a1-e8e529e0a97f,0.44937648794785107,0.43976383211057934,0.1196286958652106,0.3020664281190174,easy,0.9230769230769232,0.9,0.2720294101747089,0.4742903468377214
humanevalfix,humanevalfix/humanevalfix-python-115,humanevalfix-python-115,0.4491784972047955,0.40867569014081556,0.0356275206801111,0.28426710133184335,saturated,0.9846153846153848,0.98,0.0871779788708134,0.5115001031145163
reasoning-gym,reasoning-gym/reasoning-gym-algebra-simple-equations-easy00cea0a5-seed45-0,reasoning-gym-algebra-simple-equations-easy00cea0a5-seed45-0,0.44909136452128573,0.4349246540538236,0.14230758852948747,0.2663953711931474,easy,0.903846153846154,0.7916666666666666,0.3272005557814995,0.5236265002703326
livecodebench,livecodebench/livecodebench-arc196_a,livecodebench-arc196_a,0.44887148664466636,0.42671762682048275,0.17166354112289867,0.25576172979878825,hard,0.1884615384615384,0.30625,0.4022883760438524,0.657439387640313
algotune,algotune/algotune-graph-isomorphism,algotune-graph-isomorphism,0.44881805845856765,0.43376172749920033,0.11117632745304194,0.21586779430777508,medium,0.6576835433466266,0.6500913566032126,0.2563073697027521,0.3323941410090764
mmau,mmau/mmau-5e801057-97b3-4c4a-b962-8f964ce77bd2,mmau-5e801057-97b3-4c4a-b962-8f964ce77bd2,0.44838367267457213,0.4319885192494121,0.15789756549730855,0.3005588860948604,medium,0.4846153846153846,0.48,0.3655133376499413,0.5689342906626227
aider-polyglot,aider-polyglot/polyglot_java_alphametics,polyglot_java_alphametics,0.44819724274699463,0.4411328297058012,0.14007506177722479,0.29437847297768377,hard,0.1384615384615384,0.1384615384615384,0.3175348837007737,0.1806298804989883
gpqa-diamond,gpqa-diamond/gpqa-diamond-160,gpqa-diamond-160,0.44803116942098686,-0.4583754265417971,0.11459385663544927,0.26238205349009763,hard,0.0807692307692307,0.1166666666666666,0.25,-0.3695603374412218
swebench-multilingual,swebench-multilingual/swebench-multilingual-jqlang__jq-2750,swebench-multilingual-jqlang__jq-2750,0.4475320611111456,0.4429122223620674,0.21569213853965052,0.3075835794878029,hard,0.2615384615384615,0.4533333333333333,0.4869861964733245,0.4870908374605316
gpqa-diamond,gpqa-diamond/gpqa-diamond-189,gpqa-diamond-189,0.4473153843963345,0.436779713389915,0.11429655866241525,0.2882424535687177,easy,0.9282051153846154,0.9017543684210526,0.261680099048882,0.0559233637353601
mmmlu,mmmlu/mmmlu-ko-kr-00103,mmmlu-ko-kr-00103,0.447248591645615,0.434535586411733,0.16766065515717923,0.26674948307758894,easy,0.8589743846153847,0.770833375,0.385838721614659,0.0361779149217449
usaco,usaco/usaco-1021,usaco-1021,0.4470926270659243,0.4356987224736688,0.14931918604418293,0.34823178081122613,hard,0.1307692307692307,0.1789473684210526,0.3427120125494675,0.4744301987057814
gaia,gaia/gaia-676e5e31-a554-4acc-9286-b60d90a92d26,gaia-676e5e31-a554-4acc-9286-b60d90a92d26,0.4465385223687452,0.43689573646535246,0.07516638465718195,0.25486102175434633,hard,0.0615384615384615,0.08,0.1720465053408525,0.2674355458058223
gpqa-diamond,gpqa-diamond/gpqa-diamond-93,gpqa-diamond-93,0.44619943491911473,0.43565086380661955,0.16854980279080603,0.2520736073565141,medium,0.4891025769230769,0.4620370555555555,0.3868919283622111,0.6722003220603617
gaia,gaia/gaia-ecbc4f94-95a3-4cc7-b255-6741a458a625,gaia-ecbc4f94-95a3-4cc7-b255-6741a458a625,0.44541698912238925,0.43576235047961337,0.11715039439136989,0.2693752120163589,hard,0.2115384615384615,0.215,0.2688401011754012,0.4783570428121186
mmau,mmau/mmau-382905b7-9d0c-4a6a-bf84-cc4635b65586,mmau-382905b7-9d0c-4a6a-bf84-cc4635b65586,0.445129223107863,0.42867605041242257,0.11590119377303615,0.3064663683485101,easy,0.9000000000000001,0.8699999999999999,0.2703701166919155,0.3909313080455363
swtbench,swtbench/swtbench-django__django-15103,swtbench-django__django-15103,0.4443322875233374,-0.48508615522883275,0.05356050374984513,0.3823447628492121,frontier,0.0282051153846153,0.0611110833333333,0.1104144143725947,-0.4421085739913446
bfcl,bfcl/bfcl-irrelevance-3,bfcl-irrelevance-3,0.4440785823103071,0.4232992265433969,0.03581762686136435,0.22602802855056603,saturated,0.976923076923077,0.976923076923077,0.0846153846153846,0.3092892330090085
gpqa-diamond,gpqa-diamond/gpqa-diamond-5,gpqa-diamond-5,0.4439154017287027,0.43334053179360815,0.03523848447492005,0.2227904058298702,saturated,0.975,0.963888888888889,0.0813182287128024,0.3180544492085226
kumo,kumo/kumo-virusclassificationenv-t4-a6-v1-s1,kumo-virusclassificationenv-t4-a6-v1-s1,0.44322535594129836,0.43288995894209814,0.09814336437504544,0.30148414711498306,easy,0.903846153846154,0.868421052631579,0.2267166570804493,0.2613931321881092
kumo,kumo/kumo-oceanenv-t4-a6-v1-s0,kumo-oceanenv-t4-a6-v1-s0,0.442758171449983,0.4324175439568822,0.05405219299461023,0.3081898048651965,saturated,0.971153846153846,0.9583333333333334,0.1249999999999999,0.438857881608922
algotune,algotune/algotune-ode-lotkavolterra,algotune-ode-lotkavolterra,0.44275520471067886,0.42759956299541396,0.13045048470442344,0.23879068859383018,medium,0.5939600688753519,0.5709723113678625,0.305076281628058,0.2350297637767021
livecodebench,livecodebench/livecodebench-3360,livecodebench-3360,0.44259916290494317,0.42029601542665557,0.02406840091153237,0.27072057808401084,saturated,0.9903846153846154,0.9861111111111112,0.0572653559113564,0.1062978184396032
kumo,kumo/kumo-chemicalcompoundsenv-t4-a6-v1-s1,kumo-chemicalcompoundsenv-t4-a6-v1-s1,0.44245790973551197,0.43211392359249007,0.10305260279824074,0.3048580893871669,easy,0.9423076923076924,0.925,0.2384848003542364,0.3909167708901265
mmau,mmau/mmau-fe746517-e292-4976-b83b-d1cae168b7da,mmau-fe746517-e292-4976-b83b-d1cae168b7da,0.44235460072613636,0.42585231535606577,0.09748205061185364,0.2743335609091396,easy,0.8923076923076921,0.86,0.2289104628451919,0.2243916186804917
mmmlu,mmmlu/mmmlu-en-us-00038,mmmlu-en-us-00038,0.442058709634675,0.42927394232549454,0.1276562646192444,0.24372724542781568,easy,0.903846153846154,0.84375,0.297377157177758,0.1583718978525048
aider-polyglot,aider-polyglot/polyglot_java_pythagorean-triplet,polyglot_java_pythagorean-triplet,0.44182935829204373,0.4347154438527658,0.1711587569077537,0.3184518699289678,medium,0.3108974230769231,0.3108974230769231,0.3937259633355093,0.0574333838612305
reasoning-gym,reasoning-gym/reasoning-gym-arithmetic-bitwise-arithmetic-hard0292e21f-seed45-2,reasoning-gym-arithmetic-bitwise-arithmetic-hard0292e21f-seed45-2,0.4413772378325226,0.42709156957474204,0.13259195038551247,0.24203738944723652,medium,0.5487179615384616,0.54722225,0.3104532138565394,0.368717555959656
bixbench,bixbench/bix-12-q3,bix-12-q3,0.44128667479918476,0.38621826348396904,0.13435240299289838,0.2100049313783992,medium,0.4435897307692307,0.45666665,0.3478665192602292,0.3179596930666664
aider-polyglot,aider-polyglot/polyglot_go_connect,polyglot_go_connect,0.44106171821080964,0.4339418854257546,0.14318730220448514,0.3284528086420775,medium,0.3288461538461539,0.3288461538461539,0.3299688437865346,0.4823772933110095
featurebench-modal,featurebench-modal/featurebench-modal-pydata__xarray.97f3a746.test_backends_chunks.fa55f68a.lv1,featurebench-modal-pydata__xarray.97f3a746.test_backends_chunks.fa55f68a.lv1,0.4395662770092578,0.4314244344732637,0.07692979252876034,0.27047965802320767,hard,0.073076923076923,0.073076923076923,0.1783157985075318,0.2012885131029529
algotune,algotune/algotune-graph-laplacian,algotune-graph-laplacian,0.4395270046853603,0.4243190636513405,0.044447090246481656,0.23793424442355862,hard,0.1000513417753566,0.1000513417753566,0.1047492183452862,0.417462512476189
reasoning-gym,reasoning-gym/reasoning-gym-games-sokoban-hard0292e21f-seed45-1,reasoning-gym-games-sokoban-hard0292e21f-seed45-1,0.43920530254981993,0.424886531115945,0.1256795834753139,0.21723318475410622,hard,0.085897423076923,0.1717948461538461,0.2957956401800317,0.4137340386271241
mmmlu,mmmlu/mmmlu-pt-br-00118,mmmlu-pt-br-00118,0.43893912135810453,0.4261116389645194,0.173718240140498,0.2505408482104115,easy,0.7884615384615384,0.7105263157894737,0.4076824574955175,0.7378502248211203
algotune,algotune/algotune-set-cover,algotune-set-cover,0.43840942970395314,0.42318347686437496,0.1062304722077487,0.2197652091327303,medium,0.3693244606519075,0.3590829669939563,0.2510269847841773,0.3187802825406578
algotune,algotune/algotune-elementwise-integration,algotune-elementwise-integration,0.4383585807368938,0.4231318095182826,0.08197898630691439,0.23121073529138164,hard,0.0963088285552051,0.1001611816974133,0.1937433784527898,0.2058229925771605
crustbench,crustbench/crustbench-tisp,crustbench-tisp,0.4382828985767832,0.4261328043832381,0.1449077710262387,0.30519076443699383,hard,0.2884615384615384,0.2884615384615384,0.3400530762609804,0.4378795928475826
featurebench-modal,featurebench-modal/featurebench-modal-sphinx-doc__sphinx.e347e59c.test_build_gettext.2721e644.lv1,featurebench-modal-sphinx-doc__sphinx.e347e59c.test_build_gettext.2721e644.lv1,0.4381651146796797,0.43001103405686386,0.1479487942447504,0.27222907000622276,hard,0.1615384615384615,0.168,0.3440581346226244,0.2013739317632771
gpqa-diamond,gpqa-diamond/gpqa-diamond-129,gpqa-diamond-129,0.43811580024237917,0.42747478055051563,0.15902697389627915,0.26228430251484924,easy,0.8076923076923077,0.7222222222222222,0.3720148676174046,0.5009753711662848
gpqa-diamond,gpqa-diamond/gpqa-diamond-30,gpqa-diamond-30,0.4380974021319646,0.4274561740265238,0.17554495489293873,0.23385320495881068,medium,0.4448718076923077,0.45833335,0.410673574414312,0.4750766175077972
reasoning-gym,reasoning-gym/reasoning-gym-algebra-simple-equations-easy00cea0a5-seed45-2,reasoning-gym-algebra-simple-equations-easy00cea0a5-seed45-2,0.43681001487016113,0.42245493458008726,0.0700703994252203,0.25134061763655985,saturated,0.9538461538461538,0.94,0.1658647909862126,0.205328345550642
gaia,gaia/gaia-0e9e85b8-52b9-4de4-b402-5f635ab9631f,gaia-0e9e85b8-52b9-4de4-b402-5f635ab9631f,0.4363882583613994,0.4266393221516501,0.12796957391824265,0.25264405286189723,hard,0.1634615384615384,0.2125,0.2999479121447589,0.2670519954782492
swebench-multilingual,swebench-multilingual/swebench-multilingual-gin-gonic__gin-1957,swebench-multilingual-gin-gonic__gin-1957,0.43458840056058234,0.42990312837708305,0.19375472160574383,0.29758782175674164,hard,0.2019230769230769,0.375,0.4506939094329986,0.4855784188105596
gaia,gaia/gaia-72e110e7-464c-453c-a309-90a95aed6538,gaia-72e110e7-464c-453c-a309-90a95aed6538,0.4342761505946443,0.42450544296779186,0.12863197895222367,0.2896834900711605,hard,0.1403846153846153,0.1825,0.3030160886817728,0.0425481541584149
mmmlu,mmmlu/mmmlu-en-us-00033,mmmlu-en-us-00033,0.43371695598895815,0.42081867516099847,0.06914313217056058,0.26874736711498204,saturated,0.9519230769230768,0.9375,0.1643062350883252,0.1836331447224146
seal0,seal0/seal0-96,seal0-96,0.43299792340533344,0.412214539823266,0.15421573690858575,0.23775383514545692,medium,0.4423076923076923,0.4423076923076923,0.3741152288677266,0.2371443793214017
reasoning-gym,reasoning-gym/reasoning-gym-arithmetic-power-function-easy00cea0a5-seed45-1,reasoning-gym-arithmetic-power-function-easy00cea0a5-seed45-1,0.43293864727015235,0.41852532315212254,0.13306227684797955,0.2665822464927443,easy,0.935897423076923,0.8611110833333333,0.3179312445082685,0.2516565032552705
algotune,algotune/algotune-minimum-volume-ellipsoid,algotune-minimum-volume-ellipsoid,0.43290890991023245,0.4175950085556511,0.08381725100909668,0.20940580043725315,hard,0.1178417183565766,0.1452531016377175,0.2007142070471532,0.1779055568370155
aider-polyglot,aider-polyglot/polyglot_java_poker,polyglot_java_poker,0.4328861366747774,0.4257039255574769,0.1711687660954512,0.3195049832557203,medium,0.3576923076923076,0.3576923076923076,0.402084067867823,0.1058657374638435
seal0,seal0/seal0-34,seal0-34,0.4327647964296474,0.4119764367444786,0.10453491112596548,0.24365019657276424,hard,0.1,0.104,0.2537400244344593,0.5058573537570273
gpqa-diamond,gpqa-diamond/gpqa-diamond-168,gpqa-diamond-168,0.43275644955740383,0.4220551025083371,0.10038404431130828,0.22985309024020892,easy,0.9179487307692308,0.8814815,0.2378458256154487,0.167670027448149
gpqa-diamond,gpqa-diamond/gpqa-diamond-84,gpqa-diamond-84,0.4322901433099312,0.42158358367267096,0.04880688602536752,0.23915975327942343,saturated,0.9596153846153844,0.9416666666666668,0.1157703665787483,0.2916033458378695
reasoning-gym,reasoning-gym/reasoning-gym-games-puzzle24-hard0292e21f-seed45-2,reasoning-gym-games-puzzle24-hard0292e21f-seed45-2,0.43199329291829697,0.417565828753712,0.0718500972634183,0.2311780243684641,easy,0.9156153846153844,0.8903000000000001,0.1720689106143233,0.3093130846462499
kumo,kumo/kumo-mythicalcreatureenv-t4-a6-v1-s0,kumo-mythicalcreatureenv-t4-a6-v1-s0,0.43151004515363445,0.42104520911701554,0.1700972992777293,0.2400225236540337,medium,0.596154,0.5588235882352942,0.4039882074289471,0.5979234807201309
algotune,algotune/algotune-upfirdn1d,algotune-upfirdn1d,0.43133718877132454,0.41599837146100566,0.023935799593407713,0.2422861297798839,frontier,0.0121527890655654,0.0150463102716524,0.0575382050399478,0.440635692773053
swe-lancer,swe-lancer/swe-lancer-15815-manager-0,swe-lancer-15815-manager-0,0.43101095986756466,0.27157113172270836,0.07243462830787109,0.1835973736854603,hard,0.0615384615384615,0.0941176470588235,0.2667243305589326,0.503116090881865
replicationbench,replicationbench/replicationbench-bayes_cal__cold_temp,replicationbench-bayes_cal__cold_temp,0.43091597501438605,0.41503829478372484,0.0878207307838556,0.2805719665367485,easy,0.7717948846153847,0.7568627647058823,0.211596693335536,0.4317464905298705
replicationbench,replicationbench/replicationbench-hubble_trails__satellite_fractions,replicationbench-hubble_trails__satellite_fractions,0.43036148748167413,0.4144747538365294,0.08828133024959248,0.28687841084988375,easy,0.9256410384615386,0.8862745294117647,0.2129956756893594,0.6931567207839792
spider2,spider2/spider2-twilio001,spider2-twilio001,0.4300416647617014,0.36037572013775715,0.03489322906177595,0.21895393668563798,frontier,0.0153846153846153,0.025,0.0968245836551854,0.3890458578336063
seal0,seal0/seal0-61,seal0-61,0.4293376720691946,0.4084764913876464,0.14333742158975357,0.26991975861766526,hard,0.2,0.208,0.350907395191381,0.5036570624215584
reasoning-gym,reasoning-gym/reasoning-gym-algorithmic-graph-color-easy00cea0a5-seed45-2,reasoning-gym-algorithmic-graph-color-easy00cea0a5-seed45-2,0.42912296050141513,0.41465276222574593,0.11460396921560433,0.26250295318368744,saturated,0.9615384615384616,0.9166666666666666,0.2763853991962833,0.5115001031145161
reasoning-gym,reasoning-gym/reasoning-gym-algorithmic-base-conversion-easy00cea0a5-seed45-2,reasoning-gym-algorithmic-base-conversion-easy00cea0a5-seed45-2,0.42912296050141513,0.41465276222574593,0.05730198460780214,0.26250295318368744,saturated,0.9807692307692308,0.9583333333333334,0.1381926995981416,0.5115001031145161
reasoning-gym,reasoning-gym/reasoning-gym-algebra-complex-arithmetic-hard0292e21f-seed45-1,reasoning-gym-algebra-complex-arithmetic-hard0292e21f-seed45-1,0.42912296050141513,0.41465276222574593,0.11460396921560433,0.26250295318368744,saturated,0.9615384615384616,0.9166666666666666,0.2763853991962833,0.5115001031145161
kumo,kumo/kumo-politicalmanifestoenv-t4-a6-v1-s0,kumo-politicalmanifestoenv-t4-a6-v1-s0,0.4288296749363322,0.4183357286530334,0.09920945980951008,0.26502712297008707,easy,0.9487179615384616,0.9259259444444444,0.2371527292898144,0.3294626079721414
swebench-multilingual,swebench-multilingual/swebench-multilingual-reactivex__rxjava-7597,swebench-multilingual-reactivex__rxjava-7597,0.42846867293581486,0.4237531429436259,0.19381028716219126,0.3090974209237692,medium,0.3461538461538461,0.4285714285714285,0.4573660169594892,0.3164145723829606
featurebench-modal,featurebench-modal/featurebench-modal-mlflow__mlflow.93dab383.test_client.42de781c.lv1,featurebench-modal-mlflow__mlflow.93dab383.test_client.42de781c.lv1,0.4278474084101963,0.41960444645117895,0.11971405982499843,0.266440507185387,hard,0.1705128076923077,0.17733332,0.2853021716940437,0.3770799603260231
reasoning-gym,reasoning-gym/reasoning-gym-algorithmic-binary-matrix-easy00cea0a5-seed45-0,reasoning-gym-algorithmic-binary-matrix-easy00cea0a5-seed45-0,0.42775353329449717,0.4132630519717328,0.17409568805439546,0.2531783434702589,medium,0.685897423076923,0.6111110833333333,0.4212708763189979,0.2570363373451373
gpqa-diamond,gpqa-diamond/gpqa-diamond-175,gpqa-diamond-175,0.4272035445896043,0.4164405026935543,0.09298986423642533,0.31182595111213873,saturated,0.9615384615384616,0.9473684210526316,0.223296878269436,-0.1075824770614587
gpqa-diamond,gpqa-diamond/gpqa-diamond-4,gpqa-diamond-4,0.4272035445896043,0.4164405026935543,0.0653240330845185,0.31182595111213873,saturated,0.9743589615384616,0.960784294117647,0.1568628235294117,-0.1075824770614587
gpqa-diamond,gpqa-diamond/gpqa-diamond-195,gpqa-diamond-195,0.4272035445896042,0.41644050269355426,0.03179678634004925,0.3118259511121387,saturated,0.9871795,0.9814815,0.0763537315280006,-0.1075824770614586
gpqa-diamond,gpqa-diamond/gpqa-diamond-107,gpqa-diamond-107,0.4272035445896042,0.41644050269355426,0.047695227205301116,0.3118259511121387,saturated,0.9807692307692308,0.9722222222222222,0.1145307118227128,-0.1075824770614586
livecodebench,livecodebench/livecodebench-3308,livecodebench-3308,0.4267633352323937,-0.4486565350395943,0.17243996872155723,0.26571360711592484,medium,0.3871794999999999,0.4259259444444445,0.3843473910534687,-0.6421519493813099
replicationbench,replicationbench/replicationbench-lensing_dr6_growth__params,replicationbench-lensing_dr6_growth__params,0.42671750509010303,0.41077157976754475,0.08229632870592324,0.2897734827990348,hard,0.0961538461538461,0.1470588235294117,0.2003457219520753,0.3601462917094156
gaia,gaia/gaia-a3fbeb63-0e8c-4a11-bff6-0e3b484c3e9c,gaia-a3fbeb63-0e8c-4a11-bff6-0e3b484c3e9c,0.4266593363593942,0.4168110212977041,0.16853809181369342,0.3004207290762736,easy,0.7076923076923076,0.65,0.4043513323831146,0.5270960608576784
mmau,mmau/mmau-d36f3c53-149e-43ff-b08e-e68dc0f4319a,mmau-d36f3c53-149e-43ff-b08e-e68dc0f4319a,0.426281721663351,0.40950131265827994,0.14635615842187563,0.26908565430102294,medium,0.698717923076923,0.6758333000000001,0.3574009506143066,0.0286554861088102
mmau,mmau/mmau-d31affa7-10fa-4c28-81e3-185e2cae9c51,mmau-d31affa7-10fa-4c28-81e3-185e2cae9c51,0.42579110300969986,0.4090023753507658,0.1366337309874493,0.2813781755841357,medium,0.6384615384615385,0.62,0.3340658617698013,-0.0506111882979678
swebench-multilingual,swebench-multilingual/swebench-multilingual-tokio-rs__axum-2096,swebench-multilingual-tokio-rs__axum-2096,0.42574200491519565,0.42101313379218375,0.1728252946013736,0.29136215015244826,hard,0.173076923076923,0.3214285714285714,0.4104985824187658,0.491761387485323
seal0,seal0/seal0-64,seal0-64,0.4255587950295623,0.4046180376742851,0.09995966503757926,0.2301434144502075,hard,0.1628205,0.1628205,0.2470469819193927,0.4622363526906186
labbench,labbench/labbench-figqa-0059,labbench-figqa-0059,0.42534951403555105,0.4185154328744667,0.14077063478985472,0.3291223721342062,easy,0.8692307692307693,0.7384615384615384,0.336357093985776,0.4645375216956957
reasoning-gym,reasoning-gym/reasoning-gym-code-bf-hard0292e21f-seed45-0,reasoning-gym-code-bf-hard0292e21f-seed45-0,0.4251492842626932,0.41062041813006317,0.17317410518167461,0.25344163528034175,medium,0.4692306538461538,0.5305555000000001,0.4217376865239616,0.4460337019260652
kumo,kumo/kumo-mythicenv-t4-a6-v1-s1,kumo-mythicenv-t4-a6-v1-s1,0.4249392470509483,0.41440338268553567,0.1011320756386465,0.2675178392722159,easy,0.9423076923076924,0.9210526315789472,0.244042591986729,0.3773373661527896
bfcl,bfcl/bfcl-live-simple-123-79-0,bfcl-live-simple-123-79-0,0.42473993824792894,0.4035416623904711,0.15997755749494183,0.20130618400110428,medium,0.3230769230769231,0.3230769230769231,0.3964338069761577,0.4256055773897415
swtbench,swtbench/swtbench-django__django-13786,swtbench-django__django-13786,0.42429599578168975,0.3797107916327254,0.1431065526791041,0.2552531428584944,easy,0.7076923076923077,0.6285714285714287,0.3768830273792262,0.11586813488535
crustbench,crustbench/crustbench-rhbloom,crustbench-rhbloom,0.42388822797068126,0.4115555033947099,0.15646787967487302,0.2941017917248306,medium,0.5378205,0.5378205,0.3801865808724458,0.5646783820878708
reasoning-gym,reasoning-gym/reasoning-gym-games-emoji-mystery-hard0292e21f-seed45-1,reasoning-gym-games-emoji-mystery-hard0292e21f-seed45-1,0.4233845784251441,0.40882984150793616,0.1372826251200383,0.25453893264772237,easy,0.9311538461538462,0.8508333333333334,0.3357940423665805,0.4353729034239306
mmmlu,mmmlu/mmmlu-hi-in-00061,mmmlu-hi-in-00061,0.42330208421683374,0.4102652451241418,0.13654387344072683,0.21814554027296823,hard,0.1282051153846153,0.1851851666666666,0.3328185242681479,0.5419826443962119
gaia,gaia/gaia-08cae58d-4084-4616-b6dd-dd6534e4825b,gaia-08cae58d-4084-4616-b6dd-dd6534e4825b,0.42327874778037666,0.41339644246183077,0.11532112227080998,0.24037528033843833,hard,0.2442307692307692,0.2575,0.278960122598195,0.2622529205242989
reasoning-gym,reasoning-gym/reasoning-gym-logic-propositional-logic-easy00cea0a5-seed45-1,reasoning-gym-logic-propositional-logic-easy00cea0a5-seed45-1,0.4232450258041061,0.4086882478460431,0.04416800272393586,0.19891412367585093,hard,0.2701923076923077,0.29375,0.1080726029111911,0.4417084247715562
strongreject,strongreject/strongreject_violence_0033_pap_logical_appeal,strongreject_violence_0033_pap_logical_appeal,0.4226469722833487,0.26881534750082137,0.059968834636428665,0.25818518168373705,medium,0.4471153846153845,0.4462499999999999,0.2230856057660377,-0.0142218099066709
gpqa-diamond,gpqa-diamond/gpqa-diamond-54,gpqa-diamond-54,0.4226256292949712,0.4118123457740016,0.03069467997081049,0.22901130301997952,saturated,0.9769230769230768,0.9666666666666666,0.0745355992499929,0.283884549867801
reasoning-gym,reasoning-gym/reasoning-gym-arc-arc-1d-hard0292e21f-seed45-2,reasoning-gym-arc-arc-1d-hard0292e21f-seed45-2,0.4225871620960514,0.40802077199299214,0.12064626799426575,0.20862167009155155,hard,0.0653846153846153,0.1416666666666666,0.2956865833201695,0.4109876461861172
mmmlu,mmmlu/mmmlu-sw-ke-00134,mmmlu-sw-ke-00134,0.4222201956417232,0.4091691647160293,0.19468886298974353,0.22840607464505544,medium,0.3615384615384615,0.44,0.4758150901348127,0.098891005850215
reasoning-gym,reasoning-gym/reasoning-gym-algorithmic-string-synthesis-easy00cea0a5-seed45-2,reasoning-gym-algorithmic-string-synthesis-easy00cea0a5-seed45-2,0.42200749856757147,0.4074326519133608,0.16469177898468437,0.23680920740368827,easy,0.8474358846153845,0.6948717692307691,0.404218410604228,0.1144105456632835
featurebench-modal,featurebench-modal/featurebench-modal-mlflow__mlflow.93dab383.test_trace_correlation.53c200a6.lv1,featurebench-modal-mlflow__mlflow.93dab383.test_trace_correlation.53c200a6.lv1,0.4219397415102559,0.4136468678381103,0.17400854231854193,0.2432860868539359,medium,0.6198718076923077,0.61466668,0.4206693096166365,0.6223489479505299
gaia,gaia/gaia-0383a3ee-47a7-41a4-b493-519bdefe0488,gaia-0383a3ee-47a7-41a4-b493-519bdefe0488,0.42160445795614515,0.4117054218526285,0.15161792220596118,0.2630877977643012,medium,0.6769230769230768,0.6769230769230768,0.3682679754949484,0.4298803112419525
gpqa-diamond,gpqa-diamond/gpqa-diamond-17,gpqa-diamond-17,0.42145908459306775,0.4106330881659074,0.13006922819788216,0.20419107389213445,hard,0.1038461538461538,0.1421052631578947,0.3167529162806542,0.497131520301984
bigcodebench,bigcodebench/bigcodebench_445,bigcodebench_445,0.42087398718151264,0.35797907256801303,0.1468880863226096,0.18670149524060517,easy,0.8846153846153846,0.7857142857142857,0.410325903324145,0.0738398946049527
seal0,seal0/seal0-24,seal0-24,0.4207656206398578,0.3997250108855079,0.17405286131778272,0.24615753026006285,medium,0.3961538461538462,0.3961538461538462,0.4354315006013877,0.1565282223569728
livecodebench,livecodebench/livecodebench-abc383_d,livecodebench-abc383_d,0.4190451052996674,0.39620150868499937,0.02953111687358769,0.26713010712992896,saturated,0.976923076923077,0.9666666666666668,0.0745355992499929,0.3189957260327768
aider-polyglot,aider-polyglot/polyglot_java_custom-set,polyglot_java_custom-set,0.4184610007576927,0.411171642157373,0.07643393623424483,0.27999566025199685,hard,0.0923076923076923,0.0923076923076923,0.185893014978378,0.0790743345746307
algotune,algotune/algotune-eigenvalues-real,algotune-eigenvalues-real,0.4183348200570369,0.4027935352621082,0.10996228881509833,0.20844899219647342,hard,0.2493364159822817,0.2597303459774727,0.2729991402258803,0.1559477248912306
gpqa-diamond,gpqa-diamond/gpqa-diamond-48,gpqa-diamond-48,0.41799846023743564,0.4071349644459138,0.12945355419855942,0.20096928287654012,medium,0.4538461538461539,0.47,0.3179622619116929,0.4670802632159043
mmmlu,mmmlu/mmmlu-ar-xy-00008,mmmlu-ar-xy-00008,0.41791710119622366,0.4048099990216136,0.15327740279026147,0.22849319424002668,medium,0.336538423076923,0.3564815,0.3786403576016355,0.4652651803449725
gpqa-diamond,gpqa-diamond/gpqa-diamond-137,gpqa-diamond-137,0.41741986741101084,0.4065501332443929,0.06344484008354209,0.29688044669476626,saturated,0.9647435769230768,0.9517543684210528,0.1560566210549068,-0.1290080185320004
gaia,gaia/gaia-67e8878b-5cef-4375-804e-e6291fdbe78a,gaia-67e8878b-5cef-4375-804e-e6291fdbe78a,0.4173660948073478,0.4074250119295958,0.15953108607383518,0.2845935045448289,easy,0.7826923076923078,0.7175,0.3915593824696325,0.5629862394683895
mmmlu,mmmlu/mmmlu-id-id-00078,mmmlu-id-id-00078,0.4172404119003688,0.40412454671995496,0.1716970685919381,0.20869461637184658,medium,0.5192307307692308,0.529411705882353,0.4248617659716635,0.477072221398907
seal0,seal0/seal0-92,seal0-92,0.417178833213016,0.39606429511769203,0.156520691943936,0.21033524603587248,medium,0.45,0.45,0.3951901089630543,0.4877974273560993
replicationbench,replicationbench/replicationbench-ver_waves__gaia_breathing_typical,replicationbench-ver_waves__gaia_breathing_typical,0.4166518874310014,0.4005452145021428,0.14026505379575854,0.27974354637957777,easy,0.7230769230769231,0.6823529411764707,0.3501853192032286,0.6380769604456525
algotune,algotune/algotune-unit-simplex-projection,algotune-unit-simplex-projection,0.41662847347885684,0.4010611019767789,0.03525265644726227,0.23930226558518422,frontier,0.0320601451721177,0.0320601451721177,0.0878984680227188,0.4489725645453657
mmau,mmau/mmau-ab53be54-3300-4964-b943-82feae51d6cd,mmau-ab53be54-3300-4964-b943-82feae51d6cd,0.41614979896254206,0.39919965225812326,0.1638178409756712,0.2868188460131004,medium,0.5307692307692308,0.5399999999999999,0.4103656905736638,0.63761258676824
seal0,seal0/seal0-46,seal0-46,0.4158872441353085,0.39474625075284586,0.11558254403474885,0.2367196147127856,hard,0.2794871923076923,0.2794871923076923,0.2928021325454364,0.3332633995076459
swebench-multilingual,swebench-multilingual/swebench-multilingual-projectlombok__lombok-2792,swebench-multilingual-projectlombok__lombok-2792,0.4156269488605179,0.41084934213987717,0.17382087552071723,0.2882767166562735,hard,0.1826923076923076,0.3653846153846153,0.423076923076923,0.4684549875367479
gpqa-diamond,gpqa-diamond/gpqa-diamond-83,gpqa-diamond-83,0.41533525797529475,0.40444312185319703,0.09394110471879215,0.24462821697251444,easy,0.9461538461538462,0.9222222222222224,0.2322727217818541,0.5429783442197891
featurebench-modal,featurebench-modal/featurebench-modal-pandas-dev__pandas.82fa2715.test_formats.05080a4e.lv1,featurebench-modal-pandas-dev__pandas.82fa2715.test_formats.05080a4e.lv1,0.4153019252863017,0.4069538218584419,0.07990607887813966,0.27645092686294065,frontier,0.048076923076923,0.048076923076923,0.1963517101602128,0.1704448626590623
reasoning-gym,reasoning-gym/reasoning-gym-games-knight-swap-hard0292e21f-seed45-1,reasoning-gym-games-knight-swap-hard0292e21f-seed45-1,0.41529913887494135,0.4006273115899371,0.10787220495755191,0.21025678534937556,hard,0.0692307692307692,0.15,0.2692582403567252,0.4472786441398191
algotune,algotune/algotune-svm,algotune-svm,0.4136660282208815,0.3980536332004274,0.04869432873857862,0.22924433330796717,frontier,0.0267282709579655,0.0315606906756871,0.1223310747023382,0.392053885082948
featurebench-modal,featurebench-modal/featurebench-modal-lightning-ai__pytorch-lightning.126fa6f1.test_wrappers.d88ce6f6.lv1,featurebench-modal-lightning-ai__pytorch-lightning.126fa6f1.test_wrappers.d88ce6f6.lv1,0.4132914653972854,0.4049268115807342,0.06597788548343811,0.26605388377738093,hard,0.0839743461538461,0.0839743461538461,0.1629378040586563,0.4136453357438808
aider-polyglot,aider-polyglot/polyglot_javascript_sum-of-multiples,polyglot_javascript_sum-of-multiples,0.41292260739723924,0.40559309839775154,0.1741869461775571,0.3101092121453128,medium,0.5307692307692308,0.5307692307692308,0.4294623031448572,0.3437966151737431
gpqa-diamond,gpqa-diamond/gpqa-diamond-124,gpqa-diamond-124,0.41283915537821214,0.40192034816790206,0.08842247659693846,0.24447235257416777,saturated,0.953846153846154,0.94,0.22,0.5634197460197468
crustbench,crustbench/crustbench-genetic-neural-network-for-simple-control,crustbench-genetic-neural-network-for-simple-control,0.412342127658709,0.39986750092928913,0.1272035280263418,0.2870193104936302,hard,0.1314102692307692,0.1553030454545454,0.3181141946537834,0.2582022816173285
replicationbench,replicationbench/replicationbench-abacus__ewald_force_comparison,replicationbench-abacus__ewald_force_comparison,0.41229670859500644,0.39612173681701657,0.1369918004791022,0.27057425097250604,hard,0.160256423076923,0.2450980588235294,0.3458325755609413,0.2422824470767758
algotune,algotune/algotune-multi-dim-knapsack,algotune-multi-dim-knapsack,0.4122936333461369,0.3966604951436161,0.08500302025109271,0.2306475148366746,medium,0.3575791914249068,0.3439503811503915,0.2142966624904662,0.3503955856640719
reasoning-gym,reasoning-gym/reasoning-gym-algorithmic-game-of-life-hard0292e21f-seed45-0,reasoning-gym-algorithmic-game-of-life-hard0292e21f-seed45-0,0.4122724722581455,0.3975574230916074,0.16286785737186607,0.2258745036311937,hard,0.1253846153846153,0.2716666666666666,0.4096712774354037,0.391985859102721
devopsgym,devopsgym/devopsgym-testgen__spotbugs__spotbugs-2795,devopsgym-testgen__spotbugs__spotbugs-2795,0.4119892604037261,-0.23980481697667125,0.11839834661357387,0.17665008954445138,medium,0.6923076923076923,0.5789473684210527,0.4937279747182557,0.3114366041892658
gaia,gaia/gaia-20194330-9976-4043-8632-f8485c6c71b2,gaia-20194330-9976-4043-8632-f8485c6c71b2,0.4116266071445085,0.40162928512772106,0.12435518691707588,0.29215506448165107,hard,0.1173076923076923,0.1525,0.3096267914764483,-0.140553211459312
algotune,algotune/algotune-ode-hires,algotune-ode-hires,0.4110417102816027,0.39538971305895987,0.1187749903888394,0.21517388472710164,medium,0.3235016226210388,0.3188029588774161,0.3003997991498779,0.4147303624871158
simpleqa,simpleqa/simpleqa-1451,simpleqa-1451,0.41082284965766724,0.40515577176380263,0.1749222214784405,0.3137406624500611,medium,0.323076923076923,0.36,0.431740662898458,0.373986835984719
gpqa-diamond,gpqa-diamond/gpqa-diamond-71,gpqa-diamond-71,0.4106684630856922,0.3997265972911348,0.159718308975259,0.26328166702082406,medium,0.6102565,0.5894736842105263,0.399568880473897,0.4878176837007926
featurebench-modal,featurebench-modal/featurebench-modal-mlflow__mlflow.93dab383.test_genai_eval_utils.2d5441f2.lv1,featurebench-modal-mlflow__mlflow.93dab383.test_genai_eval_utils.2d5441f2.lv1,0.4104916696629118,0.4021041050640843,0.13383242472588164,0.24915884539571365,hard,0.223076923076923,0.2319999999999999,0.3328302870833722,0.4048108269730843
reasoning-gym,reasoning-gym/reasoning-gym-graphs-shortest-path-easy00cea0a5-seed45-2,reasoning-gym-graphs-shortest-path-easy00cea0a5-seed45-2,0.4103493166780801,0.39560697652637594,0.12229027248207112,0.23223267297506425,easy,0.9384615384615383,0.8666666666666667,0.3091206165165234,0.063993409202042
algotune,algotune/algotune-eigenvectors-real,algotune-eigenvectors-real,0.410185169593423,0.394520304188172,0.10337063506276407,0.19600781890901678,hard,0.0905590470650353,0.1569690149127279,0.262016007707071,0.1640919832581675
bfcl,bfcl/bfcl-live-multiple-236-106-2,bfcl-live-multiple-236-106-2,0.4100172271901032,0.3885134068748207,0.03287421135094636,0.2670044823774088,saturated,0.9769230769230768,0.9769230769230768,0.0846153846153846,-0.3033262808020724
crustbench,crustbench/crustbench-impcheck,crustbench-impcheck,0.40977300814678325,0.3972673618681676,0.13648883533988496,0.2840435270044023,hard,0.1782051153846154,0.2206349047619047,0.3435692141887521,0.5370213398806266
aider-polyglot,aider-polyglot/polyglot_javascript_ledger,polyglot_javascript_ledger,0.4094505755909808,0.40209617563732636,0.06444106717350766,0.24959412430825997,easy,0.9134615384615384,0.9134615384615384,0.1602628203846205,0.4006259288718022
swebench-multilingual,swebench-multilingual/swebench-multilingual-micropython__micropython-12158,swebench-multilingual-micropython__micropython-12158,0.409187600153715,0.4043795879045506,0.17825802723665626,0.28046039249355514,hard,0.1987179615384615,0.3444444666666666,0.4408185590186915,0.4651811873311604
algotune,algotune/algotune-optimal-advertising,algotune-optimal-advertising,0.40842043700641295,0.392729148336252,0.05796070854735069,0.23637125252861013,hard,0.1102202562283022,0.1180937225429499,0.1475844326628008,0.2940192090625149
bfcl,bfcl/bfcl-simple-python-87,bfcl-simple-python-87,0.4081529182659041,0.38661123158504207,0.05386020924203373,0.1961959928579706,saturated,0.953846153846154,0.953846153846154,0.1393136175098064,0.3311756922260154
replicationbench,replicationbench/replicationbench-galaxy_soptics__nyu_vagc_processing,replicationbench-galaxy_soptics__nyu_vagc_processing,0.4079014790597912,0.39165834736270333,0.10241225662150918,0.28420196977596457,easy,0.8999999999999999,0.8470588235294118,0.2614836561281514,0.6780062425146295
replicationbench,replicationbench/replicationbench-disk_ridges__gaia_dr2_rvs,replicationbench-disk_ridges__gaia_dr2_rvs,0.40717454055635327,0.3909202099496325,0.13392668641759697,0.28221958259185487,hard,0.2846153846153846,0.3294117647058824,0.3425934065543773,0.3000888079723349
reasoning-gym,reasoning-gym/reasoning-gym-algorithmic-count-primes-easy00cea0a5-seed45-1,reasoning-gym-algorithmic-count-primes-easy00cea0a5-seed45-1,0.40680894242105303,0.39201671192794196,0.08126076260901084,0.25010903681020497,easy,0.944930076923077,0.8806818333333334,0.2072890265554487,0.22124694576009
bfcl,bfcl/bfcl-simple-python-2,bfcl-simple-python-2,0.4066857825278767,0.38511442672000074,0.032586605337846214,0.2323787804733898,saturated,0.9769230769230768,0.9769230769230768,0.0846153846153846,0.5374187533817468
mmmlu,mmmlu/mmmlu-zh-cn-00128,mmmlu-zh-cn-00128,0.4061279502450722,0.39287030093991976,0.18577407139704757,0.23202962048629486,medium,0.323076923076923,0.4199999999999999,0.4728636167014756,0.1773694787468107
bixbench,bixbench/bix-28-q6,bix-28-q6,0.40524216611209546,0.3482994593258343,0.03036404290582331,0.2162945892894782,frontier,0.0153846153846153,0.02,0.0871779788708134,0.3120603920508731
bixbench,bixbench/bix-61-q2,bix-61-q2,0.40507629328982026,0.34812540219306215,0.1596829627893906,0.31435476296614207,medium,0.6153846153846154,0.5599999999999999,0.4586937976471886,0.6066532463546034
labbench,labbench/labbench-figqa-0005,labbench-figqa-0005,0.4041664722471938,0.3971876318750065,0.16327942626420575,0.3507779394952262,medium,0.6923076923076923,0.5846153846153845,0.4110888989503812,0.6252817229500213
seal0,seal0/seal0-56,seal0-56,0.40333647499786995,0.38194298251612674,0.049946390021339625,0.2402770682060201,hard,0.0538461538461538,0.0538461538461538,0.1307692307692307,0.4742409604809574
bfcl,bfcl/bfcl-live-multiple-239-107-0,bfcl-live-multiple-239-107-0,0.4027168657394912,0.3810658230211718,0.08393895795918882,0.18786631513736848,easy,0.9384615384615383,0.9384615384615383,0.2202741702042516,0.4063042064968288
aider-polyglot,aider-polyglot/polyglot_rust_dot-dsl,polyglot_rust_dot-dsl,0.40238744135240395,0.39498307035615515,0.1458399029007342,0.2662266104438582,hard,0.2461538461538461,0.2461538461538461,0.3692307692307692,0.5824664401853629
seal0,seal0/seal0-30,seal0-30,0.4018130169568587,0.38038943952282356,0.07039488699261313,0.24733392562381226,hard,0.0948718076923077,0.0948718076923077,0.1850600455178762,0.4437596846234902
omnimath,omnimath/omnimath_3119,omnimath_3119,0.40175752492172395,0.3273073054437462,0.027695233537547752,0.21038166197923486,saturated,0.9769230769230768,0.9769230769230768,0.0846153846153846,0.1139454261662638
reasoning-gym,reasoning-gym/reasoning-gym-algorithmic-spiral-matrix-easy00cea0a5-seed45-0,reasoning-gym-algorithmic-spiral-matrix-easy00cea0a5-seed45-0,0.4014245759651725,0.38655733957042343,0.13294144714179038,0.2282172458321932,medium,0.6961538461538461,0.6650000000000001,0.3439113257803529,0.3033608126211095
simpleqa,simpleqa/simpleqa-513,simpleqa-513,0.40140906478557703,0.3956904082478449,0.133541848933312,0.30774723198835974,easy,0.8384615384615385,0.7899999999999999,0.3374907406137241,0.3266035411966755
livecodebench,livecodebench/livecodebench-abc323_d,livecodebench-abc323_d,0.4013802330697147,0.3781521692747695,0.04758310448938312,0.26675865917001707,saturated,0.9653846153846154,0.95,0.1258305739211791,0.270809060486916
labbench,labbench/labbench-figqa-0140,labbench-figqa-0140,0.4009388705416593,0.3939386375172787,0.17439353871288257,0.3315664048841044,easy,0.8153846153846154,0.6307692307692307,0.4426921406134818,0.4734902373945975
featurebench-modal,featurebench-modal/featurebench-modal-pandas-dev__pandas.82fa2715.test_col.a592871d.lv1,featurebench-modal-pandas-dev__pandas.82fa2715.test_col.a592871d.lv1,0.40018134009423406,0.3917107858835866,0.07699788011941323,0.28074639478472513,hard,0.0538461538461538,0.0538461538461538,0.1965681898335483,0.1635219258152977
mmau,mmau/mmau-8c63d22f-b37e-4873-aef6-c6b44bbc36e6,mmau-8c63d22f-b37e-4873-aef6-c6b44bbc36e6,0.39993293226053916,0.3827200834216365,0.15208007486172656,0.28507118726054237,medium,0.6307692307692309,0.61,0.3973663297261106,0.5888595416295483
seal0,seal0/seal0-45,seal0-45,0.39977781914809957,0.378314241519571,0.1362245251508842,0.22300727813828444,medium,0.3230769230769231,0.3230769230769231,0.3600829950353244,0.136837123296459
replicationbench,replicationbench/replicationbench-ls_cal__hot_temp,replicationbench-ls_cal__hot_temp,0.39971872272423525,0.3833507468406479,0.13389865945034876,0.26118265003364044,easy,0.7230769230769231,0.7,0.3492849839314596,0.6432001245305708
algotune,algotune/algotune-ode-hodgkinhuxley,algotune-ode-hodgkinhuxley,0.3992870519800058,0.38346092564595935,0.1323757889141239,0.22374216778692263,medium,0.4106760960963332,0.4109854634982577,0.3452132409348624,0.4670807440958334
reasoning-gym,reasoning-gym/reasoning-gym-arithmetic-lcm-hard0292e21f-seed45-0,reasoning-gym-arithmetic-lcm-hard0292e21f-seed45-0,0.39919140401755954,0.3842933666119113,0.11435014888428097,0.2490987879777557,easy,0.9423076923076924,0.875,0.2975595178559521,0.1923336903487185
gpqa-diamond,gpqa-diamond/gpqa-diamond-115,gpqa-diamond-115,0.3990022102970972,0.38793857549676036,0.1447192398288243,0.21297575542729996,medium,0.5128205,0.53166665,0.3730467887693546,0.2735006343689259
featurebench-modal,featurebench-modal/featurebench-modal-sympy__sympy.c1097516.test_smtlib.69d52b90.lv1,featurebench-modal-sympy__sympy.c1097516.test_smtlib.69d52b90.lv1,0.3987530006495175,0.390271120632271,0.07960000238782694,0.25190983880891576,hard,0.0769230769230769,0.08,0.2039607805437114,0.5459552604501182
gpqa-diamond,gpqa-diamond/gpqa-diamond-89,gpqa-diamond-89,0.3982846707611328,0.38721366524107687,0.15837178580034267,0.24878848373475398,medium,0.5538461538461538,0.5777777777777778,0.409003607095688,0.5384030865635417
algotune,algotune/algotune-outer-product,algotune-outer-product,0.3982675801965795,0.3824266024174037,0.040964263692863795,0.22593358919279585,frontier,0.0197786544695685,0.0233747734640355,0.107116668751388,0.3890458578336067
algotune,algotune/algotune-dijkstra-from-indices,algotune-dijkstra-from-indices,0.39826758019657943,0.3824266024174036,0.029905550689019938,0.2259335891927958,frontier,0.0124252379392704,0.0201910116513144,0.0781994518686208,0.3890458578336063
labbench,labbench/labbench-figqa-0091,labbench-figqa-0091,0.3978737991574149,0.39085341320834655,0.1153518227728591,0.2861416887173097,hard,0.2230769230769231,0.2461538461538462,0.2951280937423212,0.3019138283327748
aider-polyglot,aider-polyglot/polyglot_java_queen-attack,polyglot_java_queen-attack,0.39755315774878114,0.3901150981285252,0.07423780411071268,0.2599797071853632,hard,0.0615384615384615,0.0615384615384615,0.1902971827208151,0.1264146133207304
mmau,mmau/mmau-f1ead136-481b-430d-a08f-1b285b75db68,mmau-f1ead136-481b-430d-a08f-1b285b75db68,0.3971080547928266,0.37985057370921543,0.14434321800950187,0.2314103072320306,medium,0.4461538461538461,0.4599999999999998,0.38,0.3932125939476174
gpqa-diamond,gpqa-diamond/gpqa-diamond-39,gpqa-diamond-39,0.39695106235101024,0.3858663942667721,0.0874928053331077,0.24087515063565998,easy,0.9461538461538462,0.9263157894736844,0.2267437813530317,0.4947060747553458
swtbench,swtbench/swtbench-django__django-13401,swtbench-django__django-13401,0.3969418495687094,0.35123782536772435,0.116439444758202,0.2394157180457692,easy,0.7307692307692307,0.7100000000000001,0.3315116890850155,0.5164785598562888
bfcl,bfcl/bfcl-live-simple-248-130-0,bfcl-live-simple-248-130-0,0.3968610966386134,0.37509401435477197,0.1054629731687136,0.1647936166905283,easy,0.8307692307692308,0.8307692307692308,0.2811641058845702,0.0995118395093862
crustbench,crustbench/crustbench-utf8,crustbench-utf8,0.3966585654373388,0.3839977216314863,0.13354441839025685,0.27678884794371933,medium,0.3538461538461538,0.3538461538461538,0.3477739863217635,0.5005903002390635
gpqa-diamond,gpqa-diamond/gpqa-diamond-18,gpqa-diamond-18,0.3954549575483112,0.38435501871395705,0.15080761563932382,0.253012302870001,medium,0.5692307692307692,0.5777777777777778,0.3923654129557683,0.6238654858807322
swebench-multilingual,swebench-multilingual/swebench-multilingual-projectlombok__lombok-3052,swebench-multilingual-projectlombok__lombok-3052,0.39543765731475417,0.39056633442440486,0.17287744432940497,0.27464344747890407,hard,0.1794871538461538,0.3589743076923076,0.4426327337817844,0.426307872282593
aider-polyglot,aider-polyglot/polyglot_java_bottle-song,polyglot_java_bottle-song,0.3952982277402876,0.3878445969054861,0.09845285921446953,0.28456229835391783,hard,0.1307692307692307,0.1307692307692307,0.2538461538461538,0.1616195018390302
aider-polyglot,aider-polyglot/polyglot_python_paasio,polyglot_python_paasio,0.39443453109333615,0.38697496012071886,0.06768380777759736,0.24932110597275445,hard,0.0692307692307692,0.0692307692307692,0.1749048769369549,0.2074373208523095
aider-polyglot,aider-polyglot/polyglot_java_all-your-base,polyglot_java_all-your-base,0.3936391241104051,0.3861740944451182,0.08635115263287083,0.26510727911871496,hard,0.1,0.1,0.223606797749979,0.0238243513734268
mmau,mmau/mmau-fc224a87-54f8-4bed-9c3b-fd2190ec7bd2,mmau-fc224a87-54f8-4bed-9c3b-fd2190ec7bd2,0.39361737394180696,0.37630520343442064,0.14373676611998973,0.2540544205546023,medium,0.3846153846153846,0.41,0.3819685850956855,0.4696569080167281
bfcl,bfcl/bfcl-live-irrelevance-300-74-0,bfcl-live-irrelevance-300-74-0,0.3932806336228947,0.37144349856573416,0.08962867127146881,0.21509387298330263,easy,0.7846153846153846,0.7846153846153846,0.2412982637132018,0.3409144213450258
simpleqa,simpleqa/simpleqa-813,simpleqa-813,0.39325794261850583,0.38749560960017243,0.06877364825986325,0.3020069983816679,saturated,0.9615384615384616,0.95,0.1774823934929885,0.2804683001531614
bfcl,bfcl/bfcl-live-simple-210-117-2,bfcl-live-simple-210-117-2,0.3927844265742444,0.3709376368718341,0.057067328749512924,0.24128832938834965,saturated,0.9692307692307692,0.9692307692307692,0.1538461538461538,-0.3443026310270121
reasoning-gym,reasoning-gym/reasoning-gym-arithmetic-time-intervals-hard0292e21f-seed45-1,reasoning-gym-arithmetic-time-intervals-hard0292e21f-seed45-1,0.3924576871170953,0.37746786695281176,0.05029180952207068,0.222868988095198,saturated,0.9807692307692308,0.9615384615384616,0.1332346775052982,0.0456794431774848
featurebench-modal,featurebench-modal/featurebench-modal-huggingface__transformers.e2e8dbed.test_tokenization_prophetnet.ca02e775.lv1,featurebench-modal-huggingface__transformers.e2e8dbed.test_tokenization_prophetnet.ca02e775.lv1,0.3916172986176068,0.38307946069538434,0.03547572286254886,0.25249583934448994,frontier,0.0307692307692307,0.032,0.0926066952223218,0.4646703019780812
bfcl,bfcl/bfcl-irrelevance-161,bfcl-irrelevance-161,0.39122934961113864,0.3693523877474368,0.05822670357750159,0.1941247993982535,easy,0.9230769230769232,0.9230769230769232,0.1576453963993784,0.3325523153726757
reasoning-gym,reasoning-gym/reasoning-gym-induction-acre-hard0292e21f-seed45-1,reasoning-gym-induction-acre-hard0292e21f-seed45-1,0.3902833730424937,0.3752642664529239,0.14330640888605012,0.2397346539871774,easy,0.8846153846153846,0.75,0.3818813079129867,0.345357421133959
kumo,kumo/kumo-leadershipenv-t4-a6-v1-s0,kumo-leadershipenv-t4-a6-v1-s0,0.38978156052639046,0.37888480808820413,0.053390178846150396,0.28435322640419997,saturated,0.9679487307692308,0.9479166875,0.1409140131945359,0.3358497273485167
seal0,seal0/seal0-71,seal0-71,0.3888923203894985,0.36721849422658864,0.10086649497929902,0.228068456139678,hard,0.2557692307692308,0.2557692307692308,0.2746770562080142,0.1430404622123375
mmmlu,mmmlu/mmmlu-yo-ng-00144,mmmlu-yo-ng-00144,0.38840498766978937,0.37492947596065357,0.13094398984412953,0.26172997180584684,easy,0.8615384615384616,0.8,0.3492496542412986,0.1583440607110037
kumo,kumo/kumo-relicenv-t4-a6-v1-s0,kumo-relicenv-t4-a6-v1-s0,0.3883764022633081,0.37746589637005024,0.11584134124623284,0.27078435621521246,easy,0.9230769230769232,0.8947368421052632,0.3068922049918579,0.3706012236145652
crustbench,crustbench/crustbench-carrays,crustbench-carrays,0.3883371252635612,0.37558053187997403,0.020760995046799784,0.2723434355203303,saturated,0.9846153846153848,0.9833333333333334,0.0552770798392566,0.2993549098293591
replicationbench,replicationbench/replicationbench-mars_clouds__dbscan_optimization,replicationbench-mars_clouds__dbscan_optimization,0.3876194482904453,0.3710717619875793,0.14015727735615785,0.2684714437326391,easy,0.8173076923076923,0.7205882352941176,0.3777093589806741,0.6324922916916466
gaia,gaia/gaia-e0c10771-d627-4fd7-9694-05348e54ee36,gaia-e0c10771-d627-4fd7-9694-05348e54ee36,0.38713885371767176,0.37691062165661326,0.16541492410413203,0.27746348187789427,medium,0.4365384615384616,0.4365384615384616,0.4388704233833832,0.35320787174887
livecodebench,livecodebench/livecodebench-arc196_c,livecodebench-arc196_c,0.38703441458977633,0.36350724312169375,0.13960234735191693,0.24036606786664078,hard,0.1653846153846153,0.2866666666666667,0.384042821686448,0.4629049081043319
gaia,gaia/gaia-023e9d44-96ae-4eed-b912-244ee8c3b994,gaia-023e9d44-96ae-4eed-b912-244ee8c3b994,0.38695718194502854,0.3767272914733336,0.12358650620145135,0.2630329180406208,hard,0.1711538461538461,0.2225,0.3280529682840866,-0.1898460690596449
mmmlu,mmmlu/mmmlu-en-us-00035,mmmlu-en-us-00035,0.3866515075828393,0.37315499286603726,0.11051898167909964,0.24201177533408508,easy,0.8782051153846153,0.8333333157894737,0.2961744684969979,0.1155964468852232
gpqa-diamond,gpqa-diamond/gpqa-diamond-49,gpqa-diamond-49,0.38552850434545033,0.3743287605540171,0.03343457747127169,0.22079367415432016,saturated,0.9846153846153848,0.9789473684210528,0.0893187513077744,0.1593210512108107
gpqa-diamond,gpqa-diamond/gpqa-diamond-58,gpqa-diamond-58,0.38552850434545033,0.3743287605540171,0.03263322477831587,0.2207936741543201,saturated,0.9846153846153848,0.98,0.0871779788708134,0.1593210512108106
mmmlu,mmmlu/mmmlu-zh-cn-00121,mmmlu-zh-cn-00121,0.3854665494665467,0.3719558976854187,0.15463683690319768,0.2152605058642052,hard,0.1923076923076923,0.2777777777777778,0.415739709641549,0.2685227147634614
humanevalfix,humanevalfix/humanevalfix-python-28,humanevalfix-python-28,0.3852984144872371,0.3423012162599893,0.020538072975599325,0.25904415557409644,saturated,0.9846153846153848,0.98,0.0599999999999999,0.7067783278754829
reasoning-gym,reasoning-gym/reasoning-gym-logic-aiw-easy00cea0a5-seed45-0,reasoning-gym-logic-aiw-easy00cea0a5-seed45-0,0.3846272121261677,0.3695327216237335,0.13744652482396927,0.21187712891405705,medium,0.6794871923076923,0.6433333500000001,0.3719468311764835,0.0098773529659284
gaia,gaia/gaia-2a649bb1-795f-4a01-b3be-9a01868dae73,gaia-2a649bb1-795f-4a01-b3be-9a01868dae73,0.3842289794086508,0.37397428105817204,0.07175355804265916,0.23805534431254038,hard,0.0724358846153846,0.0941666499999999,0.1918676274732856,0.4924597625136146
algotune,algotune/algotune-convex-hull,algotune-convex-hull,0.3840019128176091,0.3679573091366115,0.06311351325677933,0.23858688685993082,hard,0.0680508708327818,0.0737217767355136,0.1715240102306194,0.4723921281240202
algotune,algotune/algotune-lasso,algotune-lasso,0.3835888180335783,0.3675384344588431,0.06511293461205653,0.20716041687033335,hard,0.0528381966164488,0.0597301353055508,0.177159525392025,0.416588473106365
aider-polyglot,aider-polyglot/polyglot_java_variable-length-quantity,polyglot_java_variable-length-quantity,0.38348899641161033,0.37595530017926576,0.06447198680847431,0.24968805951985823,hard,0.0538461538461538,0.0538461538461538,0.1714884369969842,0.0777933512193125
gpqa-diamond,gpqa-diamond/gpqa-diamond-97,gpqa-diamond-97,0.3833760581257705,0.37215501984529337,0.15518706564275522,0.2578510646246207,medium,0.5064102692307693,0.5314814999999999,0.4169957608183472,0.6740540260362752
reasoning-gym,reasoning-gym/reasoning-gym-algorithmic-palindrome-partitioning-easy00cea0a5-seed45-1,reasoning-gym-algorithmic-palindrome-partitioning-easy00cea0a5-seed45-1,0.38331377030233865,0.368201939973145,0.13752231553350985,0.22902980059006992,easy,0.8076923076923077,0.75,0.3734969879396619,0.5535581428946235
swebench-multilingual,swebench-multilingual/swebench-multilingual-sharkdp__bat-2260,swebench-multilingual-sharkdp__bat-2260,0.3832349038706472,0.3783092353668822,0.16897604556714926,0.26716729442232073,hard,0.2051282307692307,0.3555556,0.4466611696732099,0.4587042225732585
seal0,seal0/seal0-83,seal0-83,0.38315316532609983,0.3613709962763658,0.1322424499736553,0.193581138580135,medium,0.3871794999999999,0.3871794999999999,0.3659464963605441,0.3150070089576859
reasoning-gym,reasoning-gym/reasoning-gym-arithmetic-products-hard0292e21f-seed45-2,reasoning-gym-arithmetic-products-hard0292e21f-seed45-2,0.3827785915151538,0.367659713722442,0.06850934270595772,0.23864574293635227,saturated,0.9615384615384616,0.9166666666666666,0.1863389981249825,0.4801477762978656
algotune,algotune/algotune-pca,algotune-pca,0.3823622735367206,0.366294767172505,0.0970665157565113,0.22012922532686274,medium,0.4193359961811425,0.4068051814996945,0.264995638637661,0.5201411792253975
aider-polyglot,aider-polyglot/polyglot_python_robot-name,polyglot_python_robot-name,0.3821845438508636,0.37464215618793256,0.16089468325162484,0.2997522351076751,medium,0.4692307692307692,0.4692307692307692,0.4294623031448572,0.4128124224876379
featurebench-modal,featurebench-modal/featurebench-modal-mlflow__mlflow.93dab383.test_abstract_store.e5ff5123.lv1,featurebench-modal-mlflow__mlflow.93dab383.test_abstract_store.e5ff5123.lv1,0.38180990393126985,0.3731968519454282,0.11485870376850763,0.2443935476639141,hard,0.1692307692307692,0.1833333333333333,0.3077697552103231,0.3568630708628792
omnimath,omnimath/omnimath_2364,omnimath_2364,0.3815637321084487,0.305914572699663,0.09746344105804033,0.1951450727327619,easy,0.7333333461538462,0.7306666799999999,0.3185969213494343,0.269036681291714
featurebench-modal,featurebench-modal/featurebench-modal-huggingface__transformers.e2e8dbed.test_modeling_vitpose.30ffd86e.lv1,featurebench-modal-huggingface__transformers.e2e8dbed.test_modeling_vitpose.30ffd86e.lv1,0.381055839475277,0.3724370857033204,0.04639458729472167,0.2649454275228375,frontier,0.0423076923076923,0.0423076923076923,0.1245702672361665,0.2319934839248019
mmmlu,mmmlu/mmmlu-yo-ng-00142,mmmlu-yo-ng-00142,0.380708550048195,0.3671415899455846,0.17926136946078702,0.21421476522213814,medium,0.3384615384615385,0.44,0.4882622246293481,0.0489493916037767
featurebench-modal,featurebench-modal/featurebench-modal-mlflow__mlflow.93dab383.test_utils.3c9647bf.lv1,featurebench-modal-mlflow__mlflow.93dab383.test_utils.3c9647bf.lv1,0.3807061114176328,0.3720847171468227,0.15680622903942798,0.24580381708890064,hard,0.2532051153846154,0.26333332,0.4214261478994126,0.2400376572998726
seal0,seal0/seal0-48,seal0-48,0.3804740839326192,0.358641931594577,0.06869472265711954,0.24263730724950994,hard,0.0833333461538461,0.0833333461538461,0.1915412465901359,0.3707278416359751
algotune,algotune/algotune-min-dominating-set,algotune-min-dominating-set,0.38039622788947713,0.36430139574721976,0.08204158566602023,0.20758092272484993,hard,0.2798397202108729,0.2748773817920872,0.2252025016202435,0.1883021772796494
gaia,gaia/gaia-14569e28-c88c-43e4-8c32-097d35b9a67d,gaia-14569e28-c88c-43e4-8c32-097d35b9a67d,0.3799755154399,0.369682501934478,0.10784342564722782,0.2419921572626509,hard,0.2538461538461538,0.2700000000000001,0.2917190429162964,-0.0833439616531542
swebench-multilingual,swebench-multilingual/swebench-multilingual-gohugoio__hugo-12448,swebench-multilingual-gohugoio__hugo-12448,0.37971945354206876,0.37477844994481074,0.15107285794923012,0.26464484336868743,hard,0.1461538461538461,0.2533333333333333,0.4030991055421593,0.4017357306511713
mmmlu,mmmlu/mmmlu-es-la-00045,mmmlu-es-la-00045,0.37947967289841467,-0.39282010660072314,0.1437195955069224,0.2743547926510962,hard,0.1884615769230769,0.2722222777777777,0.3658661893623595,-0.2590969190398207
labbench,labbench/labbench-figqa-0050,labbench-figqa-0050,0.3766869527416436,0.3695315894852691,0.026665489093450893,0.28131179828691516,frontier,0.0153846153846153,0.0307692307692307,0.072160242458822,0.1374746473644206
labbench,labbench/labbench-figqa-0066,labbench-figqa-0066,0.3766869527416436,0.3695315894852691,0.026665489093450893,0.28131179828691516,frontier,0.0153846153846153,0.0307692307692307,0.072160242458822,0.1374746473644206
gpqa-diamond,gpqa-diamond/gpqa-diamond-72,gpqa-diamond-72,0.37641164464834714,0.36512255381932524,0.04076536322680973,0.202422246191871,saturated,0.9807692307692308,0.9736842105263158,0.111648439134718,0.5115001031145167
mmau,mmau/mmau-760e99b1-09aa-479b-b90d-c3c581076e0d,mmau-760e99b1-09aa-479b-b90d-c3c581076e0d,0.37624187971348877,0.35866508046199086,0.16400840774802006,0.2919287567578683,medium,0.5692307692307692,0.53,0.457274534606947,0.6164074859274663
featurebench-modal,featurebench-modal/featurebench-modal-pandas-dev__pandas.82fa2715.test_nlargest_nsmallest.08e879a9.lv1,featurebench-modal-pandas-dev__pandas.82fa2715.test_nlargest_nsmallest.08e879a9.lv1,0.37563342934990424,0.36697401603025875,0.12724883477753834,0.23260348630651537,hard,0.2230769230769231,0.2230769230769231,0.3467516206026044,0.3881988477077844
livecodebench,livecodebench/livecodebench-abc399_d,livecodebench-abc399_d,0.37554816198872243,0.35178996729737244,0.13382925517702687,0.3530060877108292,medium,0.5115384615384616,0.5166666666666667,0.3804237403504442,0.2704995251070344
algotune,algotune/algotune-job-shop-scheduling,algotune-job-shop-scheduling,0.37546196777344865,0.3592992090329144,0.08005477525299705,0.211228416794927,medium,0.3103548114328675,0.3074890917103619,0.2228081032197971,0.4534243883758764
humanevalfix,humanevalfix/humanevalfix-python-158,humanevalfix-python-158,0.3747146292778253,0.33134623867845375,0.045789631224665686,0.2458109122103704,saturated,0.9807692307692308,0.9583333333333334,0.1381926995981416,0.1062978184396032
humanevalfix,humanevalfix/humanevalfix-python-119,humanevalfix-python-119,0.3747146292778253,0.33134623867845375,0.045789631224665686,0.2458109122103704,saturated,0.9807692307692308,0.9583333333333334,0.1381926995981416,0.1062978184396032
humanevalfix,humanevalfix/humanevalfix-python-116,humanevalfix-python-116,0.37471462927782523,0.3313462386784538,0.044146809252917356,0.2458109122103704,saturated,0.9807692307692308,0.9615384615384616,0.1332346775052982,0.1062978184396032
humanevalfix,humanevalfix/humanevalfix-python-25,humanevalfix-python-25,0.37471462927782523,0.3313462386784538,0.041326136717699934,0.24581091221037035,saturated,0.9807692307692308,0.9666666666666668,0.1247219128924647,0.1062978184396032
humanevalfix,humanevalfix/humanevalfix-python-63,humanevalfix-python-63,0.37471462927782523,0.3313462386784536,0.029431176737405373,0.2458109122103704,saturated,0.9871795,0.974359,0.0888230295137471,0.1062978184396032
humanevalfix,humanevalfix/humanevalfix-python-47,humanevalfix-python-47,0.37471462927782523,0.3313462386784538,0.025987914300565875,0.2458109122103704,saturated,0.9871795,0.9803921764705884,0.078431294117647,0.1062978184396032
kumo,kumo/kumo-controlenv-t4-a6-v1-s0,kumo-controlenv-t4-a6-v1-s0,0.3746843063419855,0.36364247870335714,0.08067517186999365,0.23494158803728898,saturated,0.9519230769230768,0.9375,0.2218529918662356,0.2942781508928274
kumo,kumo/kumo-neuroenv-t4-a6-v1-s0,kumo-neuroenv-t4-a6-v1-s0,0.37468430634198546,0.3636424787033571,0.08466331570225076,0.23494158803728907,saturated,0.9519230769230768,0.9305555555555556,0.2328202029755584,0.2942781508928275
gaia,gaia/gaia-dd3c7503-f62a-4bd0-9f67-1b63b94194cc,gaia-dd3c7503-f62a-4bd0-9f67-1b63b94194cc,0.3743222707577719,0.3639790156505708,0.1077869673998319,0.23530865639388654,easy,0.7903846153846155,0.7903846153846155,0.2961351142927156,0.173298150928243
algotune,algotune/algotune-max-clique-cpsat,algotune-max-clique-cpsat,0.3742590540611415,0.3580798773889252,0.09739504944305401,0.24549568117440312,medium,0.5941302245309149,0.5854131277192697,0.2719925234370801,0.3356887613487646
swe-lancer,swe-lancer/swe-lancer-48694_681,swe-lancer-48694_681,0.3736572914702529,0.2080189131255837,0.013404311894892893,0.21822151383116822,frontier,0.0153846153846153,0.0235294117647058,0.0644379479417842,-0.147946363273861
lawbench,lawbench/lawbench-2-5-19-zero-shot,lawbench-2-5-19-zero-shot,0.37270681684472756,0.3667898801563447,0.08676281537326627,0.3004217890595478,medium,0.6842555769230771,0.6661552631578949,0.2365463718254263,0.4974530301088551
arc-agi-2,arc-agi-2/arc-agi-2-195c6913_0,arc-agi-2-195c6913_0,0.37243303806328254,0.36184708755318545,0.03451801217355331,0.3277045047765407,frontier,0.023076923076923,0.03,0.0953939201416945,0.2543034477954223
gaia,gaia/gaia-e9a2c537-8232-4c3f-85b0-b52de6bcba99,gaia-e9a2c537-8232-4c3f-85b0-b52de6bcba99,0.37118179886998875,0.3608109703078767,0.13127117522750673,0.2685240028557917,easy,0.7615384615384616,0.7615384615384616,0.3638225720118605,0.3974474569394822
mmmlu,mmmlu/mmmlu-bn-bd-00016,mmmlu-bn-bd-00016,0.3710554133248225,0.3573764595020079,0.1508472902700561,0.251048899543102,easy,0.7782051153846155,0.6796296111111111,0.4220963252035591,0.3114942378944349
bfcl,bfcl/bfcl-live-multiple-723-165-10,bfcl-live-multiple-723-165-10,0.3710472848854324,0.3487903953211961,0.1011388948742435,0.18907673169981326,easy,0.776923076923077,0.776923076923077,0.2899704126918579,0.4793519690907589
seal0,seal0/seal0-55,seal0-55,0.3705020288107445,0.34848713825756683,0.025146916390447045,0.21448342153959463,frontier,0.0307692307692307,0.0307692307692307,0.072160242458822,0.2678617173573751
aider-polyglot,aider-polyglot/polyglot_javascript_twelve-days,polyglot_javascript_twelve-days,0.37037656531730573,0.36275688332421757,0.08824138370834464,0.26885496784266943,hard,0.0923076923076923,0.0923076923076923,0.2432521277052599,0.5420763773724265
mmmlu,mmmlu/mmmlu-ja-jp-00091,mmmlu-ja-jp-00091,0.3702010520568129,0.3565123309867337,0.11863166438463169,0.19325665429970662,hard,0.0961538461538461,0.1470588235294117,0.3327561323230812,0.3312182236626508
gaia,gaia/gaia-2dfc4c37-fec1-4518-84a7-10095d30ad75,gaia-2dfc4c37-fec1-4518-84a7-10095d30ad75,0.3701085305277629,0.35972833374239305,0.028778266699391444,0.22994332707304238,frontier,0.0307692307692307,0.04,0.08,0.2231851939628188
mmau,mmau/mmau-a92d62aa-ba19-428e-9d76-441355db5b20,mmau-a92d62aa-ba19-428e-9d76-441355db5b20,0.368714672653416,0.3510271587297194,0.10494349421713123,0.27464782831466106,medium,0.3641025769230769,0.35333335,0.2989611817982854,0.479883051526743
bigcodebench,bigcodebench/bigcodebench_1077,bigcodebench_1077,0.368198205925191,0.3025263401791358,0.08061399874125062,0.13244896483286833,saturated,0.9615384615384616,0.9230769230769232,0.2664693550105965,-0.0756644555229466
bigcodebench,bigcodebench/bigcodebench_477,bigcodebench_477,0.368198205925191,0.30252634017913577,0.07791244512102395,0.13244896483286836,saturated,0.9615384615384616,0.9285714285714286,0.2575393768188563,-0.0756644555229465
mmmlu,mmmlu/mmmlu-ko-kr-00101,mmmlu-ko-kr-00101,0.3681248114777155,0.35441245253218057,0.13510912971457922,0.19456880510808514,hard,0.1153846153846153,0.1764705882352941,0.3812200410828153,0.3302104980317185
aider-polyglot,aider-polyglot/polyglot_java_food-chain,polyglot_java_food-chain,0.36735354356528654,0.3597144728580325,0.13410842675898574,0.28024181170800033,medium,0.3153846153846154,0.3153846153846154,0.3728191020323887,0.0147365041122427
kumo,kumo/kumo-marketingenv-t4-a6-v1-s0,kumo-marketingenv-t4-a6-v1-s0,0.3669363157073014,0.3558223407571552,0.04341790316258064,0.23248889710926524,saturated,0.971153846153846,0.9605263157894736,0.1220212959933645,0.2740268133952208
algotune,algotune/algotune-shortest-path-dijkstra,algotune-shortest-path-dijkstra,0.36686257826049323,0.3505836719187091,0.07086448693591187,0.21292665654898243,hard,0.2793822488462156,0.2722761402530114,0.2021328790016879,0.1505195708398256
aider-polyglot,aider-polyglot/polyglot_java_go-counting,polyglot_java_go-counting,0.3660489782363331,0.35840159078948985,0.07459025929286948,0.2568862488130004,hard,0.0769230769230769,0.0769230769230769,0.2081192193610566,0.151978742054947
reasoning-gym,reasoning-gym/reasoning-gym-algorithmic-binary-alternation-easy00cea0a5-seed45-0,reasoning-gym-algorithmic-binary-alternation-easy00cea0a5-seed45-0,0.36506915380617855,0.34972290425950264,0.1335526400857471,0.24237031476782606,easy,0.8846153846153846,0.75,0.3818813079129867,0.1431392294681221
mmmlu,mmmlu/mmmlu-de-de-00021,mmmlu-de-de-00021,0.36330957909271017,0.3495429342903628,0.13206383089686724,0.19120736912026495,hard,0.2115384615384615,0.3055555555555556,0.3778186252426512,0.4761984150857887
reasoning-gym,reasoning-gym/reasoning-gym-algorithmic-cryptarithm-hard0292e21f-seed45-0,reasoning-gym-algorithmic-cryptarithm-hard0292e21f-seed45-0,0.3625731520760831,0.34719576640010297,0.13879962272939508,0.2057345022457942,hard,0.1257692307692307,0.2725,0.3997733733004238,0.3070207185018394
swebench-multilingual,swebench-multilingual/swebench-multilingual-caddyserver__caddy-4774,swebench-multilingual-caddyserver__caddy-4774,0.36230695710275285,0.3572921140687405,0.14797499561805108,0.24982494407352315,hard,0.2038461538461538,0.3533333333333334,0.4141569035290315,0.3706900949140213
reasoning-gym,reasoning-gym/reasoning-gym-algebra-polynomial-equations-easy00cea0a5-seed45-0,reasoning-gym-algebra-polynomial-equations-easy00cea0a5-seed45-0,0.36195867016943756,0.3465736536705926,0.1287600146569724,0.20497049292495875,easy,0.9099167692307694,0.8052571666666668,0.3715228012668117,0.0133961527385607
bixbench,bixbench/bix-7-q2,bix-7-q2,0.3617979302758699,0.30284855887286494,0.07900058270943501,0.18972899212770603,hard,0.1019230769230769,0.1394736842105263,0.2608583742430792,0.1861749662739819
mmmlu,mmmlu/mmmlu-es-la-00041,mmmlu-es-la-00041,0.3616751698166709,0.34789026905176623,0.13900503024161118,0.1927882845628647,hard,0.185897423076923,0.2416666499999999,0.3995657326676394,0.3585052729572878
algotune,algotune/algotune-clustering-outliers,algotune-clustering-outliers,0.36057107798990257,0.3442089931548758,0.07486092803146313,0.19369194369131792,hard,0.0723131714246008,0.0752056982815848,0.2174868452602564,0.1860230115282577
algotune,algotune/algotune-kcenters,algotune-kcenters,0.3603193760438554,0.343953995101994,0.07888624119425634,0.22822849887222374,hard,0.2392586965924019,0.2414967954811111,0.2293511409014566,0.236364122924882
spider2,spider2/spider2-airport001,spider2-airport001,0.3595341371342843,0.28578281351035806,0.06006038434543494,0.28128166862765275,hard,0.0897435769230769,0.1372548823529411,0.2101609386782039,0.1400895105737218
usaco,usaco/usaco-1068,usaco-1068,0.3593789088463587,0.347000889109357,0.096363286224813,0.27632718050844657,hard,0.0846153846153846,0.1157894736842105,0.2777032833320614,0.4465836606244863
featurebench-modal,featurebench-modal/featurebench-modal-huggingface__transformers.e2e8dbed.test_modeling_vitmatte.2d342386.lv1,featurebench-modal-huggingface__transformers.e2e8dbed.test_modeling_vitmatte.2d342386.lv1,0.35931015370781155,0.3505319595322777,0.041249420785677234,0.2527200346220529,frontier,0.0397435769230769,0.0397435769230769,0.1176766330828071,0.2139511308740382
seal0,seal0/seal0-84,seal0-84,0.3589955694183244,0.33677629925490615,0.11542596422004531,0.20222657153704368,medium,0.5288461923076924,0.5288461923076924,0.3427377890766575,0.3277081856893448
bfcl,bfcl/bfcl-live-multiple-671-162-13,bfcl-live-multiple-671-162-13,0.3579763349024742,0.3354849131884198,0.10024766420226068,0.22536455687468435,easy,0.8384615384615385,0.8384615384615385,0.298814224608539,0.0510109738894845
algotune,algotune/algotune-cyclic-independent-set,algotune-cyclic-independent-set,0.3579077893220677,0.3415109511363099,0.11281017524072418,0.20002821493065046,hard,0.1386182501791976,0.1441629801863656,0.3303266699511998,0.2000735439739664
labbench,labbench/labbench-figqa-0014,labbench-figqa-0014,0.3577490661073423,0.3504794485080028,0.0252906819811717,0.26991504133647687,frontier,0.0153846153846153,0.0307692307692307,0.072160242458822,0.1697652899159204
mmmlu,mmmlu/mmmlu-yo-ng-00146,mmmlu-yo-ng-00146,0.3571015567609541,0.34326602760980357,0.129170235366665,0.2041294647550739,hard,0.2153846153846154,0.28,0.3762977544445355,0.1323887806864635
seal0,seal0/seal0-5,seal0-5,0.3570487386456789,-0.37871021575762076,0.086123398999458,0.21126143686348908,hard,0.1852564230769231,0.1852564230769231,0.2274123998138409,-0.3863728485019379
aider-polyglot,aider-polyglot/polyglot_go_paasio,polyglot_go_paasio,0.35661157095601653,0.34890492271405815,0.09710320576435587,0.23054634189080855,hard,0.1153846153846153,0.1153846153846153,0.2783085002327007,0.3622939218611153
bigcodebench,bigcodebench/bigcodebench_458,bigcodebench_458,0.35655619484864615,0.2903318552915408,0.13686374911407995,0.19287251960473167,easy,0.8461538461538461,0.6666666666666666,0.4714045207910317,0.1309422332788104
bfcl,bfcl/bfcl-multiple-150,bfcl-multiple-150,0.3564331625726845,0.33391464907265483,0.030391780071685172,0.2014422227019511,saturated,0.9692307692307692,0.9692307692307692,0.0910166120476864,0.2826647040967633
featurebench-modal,featurebench-modal/featurebench-modal-huggingface__trl.02a34777.test_data_utils.827a9d15.lv1,featurebench-modal-huggingface__trl.02a34777.test_data_utils.827a9d15.lv1,0.35638347027989803,0.34758455331002003,0.09006129744142494,0.233917855960793,hard,0.1038461538461538,0.108,0.2591061558512263,0.2595756842544978
swebench-multilingual,swebench-multilingual/swebench-multilingual-google__gson-2479,swebench-multilingual-google__gson-2479,0.3559154815385581,0.35087441860301777,0.14631458581159182,0.2541399669163644,hard,0.1634615384615384,0.2833333333333333,0.4169998667732268,0.3501672792265191
swebench-multilingual,swebench-multilingual/swebench-multilingual-apache__druid-14136,swebench-multilingual-apache__druid-14136,0.3557579829503949,0.3507162798951092,0.1565001713456917,0.2532831226469954,hard,0.1987179615384615,0.3690476428571428,0.4462301304989239,0.2565340466914717
gaia,gaia/gaia-df6561b2-7ee5-4540-baab-5095f742716a,gaia-df6561b2-7ee5-4540-baab-5095f742716a,0.3555895688443209,0.3450853983627359,0.14878744230993737,0.2554054832653408,medium,0.5307692307692309,0.51,0.4311612227462019,0.5635544787805358
aider-polyglot,aider-polyglot/polyglot_java_resistor-color-trio,polyglot_java_resistor-color-trio,0.35553243016328495,0.3478191067636062,0.15612363030066664,0.2842991891559815,medium,0.3923076923076923,0.3923076923076923,0.4488644449506203,0.0552221355995749
aider-polyglot,aider-polyglot/polyglot_java_tree-building,polyglot_java_tree-building,0.3555144367519925,0.34780100222778,0.1520051996674414,0.2939380797483986,medium,0.425,0.425,0.4370464682211897,0.0400626108920575
gpqa-diamond,gpqa-diamond/gpqa-diamond-102,gpqa-diamond-102,0.3549473650620646,0.3434566765182454,0.07204408025908986,0.21443626532740515,hard,0.2,0.2,0.2097617696340303,0.4284284081416039
aider-polyglot,aider-polyglot/polyglot_go_react,polyglot_go_react,0.35488560135216607,0.34716828686203643,0.0637019647269058,0.2532479615807727,hard,0.0692307692307692,0.0692307692307692,0.1834901606442548,0.5143555251147657
swebench-multilingual,swebench-multilingual/swebench-multilingual-preactjs__preact-4436,swebench-multilingual-preactjs__preact-4436,0.35449207259044485,0.34944523497423396,0.15593299280477954,0.2553520263898144,hard,0.1987179615384615,0.3690476428571428,0.4462301304989239,0.4427191879390616
bfcl,bfcl/bfcl-parallel-147,bfcl-parallel-147,0.35404384656966875,0.3314836351841295,0.10964458702244281,0.17591245972036232,easy,0.7461538461538461,0.7461538461538461,0.3307692307692307,0.0450571072184675
gpqa-diamond,gpqa-diamond/gpqa-diamond-147,gpqa-diamond-147,0.3534782086673349,0.34197417063224617,0.12399482629801653,0.1762978615912786,hard,0.1628205,0.222807,0.3625853556974006,0.553503853577649
bfcl,bfcl/bfcl-live-irrelevance-122-9-2,bfcl-live-irrelevance-122-9-2,0.3532829638107013,0.3307095370818809,0.05113214945217491,0.19778622462178533,easy,0.9384615384615386,0.9384615384615386,0.1546134710941675,0.3102697193978525
seal0,seal0/seal0-69,seal0-69,0.35273975866962753,0.33041228061710143,0.05190161308568318,0.20585453409009546,frontier,0.0384615384615384,0.0384615384615384,0.1570813681281702,0.4574414682334249
bfcl,bfcl/bfcl-live-irrelevance-778-287-0,bfcl-live-irrelevance-778-287-0,0.3521208834721571,0.3295273323574756,0.04390446785582947,0.2017555240712545,easy,0.9384615384615386,0.9384615384615386,0.1332346775052982,0.43781366290051
swebench-multilingual,swebench-multilingual/swebench-multilingual-projectlombok__lombok-3326,swebench-multilingual-projectlombok__lombok-3326,0.3521058587079027,0.3470493931625594,0.14499697605881243,0.24488829677599205,hard,0.1538461538461538,0.3076923076923077,0.4177992496615467,0.4158555470781806
aider-polyglot,aider-polyglot/polyglot_java_wordy,polyglot_java_wordy,0.35194997278537504,0.3442146384667105,0.08588035940957697,0.23821065409489975,hard,0.0923076923076923,0.0923076923076923,0.2494965344650285,0.0250309068496609
swebench-multilingual,swebench-multilingual/swebench-multilingual-briannesbitt__carbon-3005,swebench-multilingual-briannesbitt__carbon-3005,0.35115304547674664,0.34609275398187955,0.13042867375678333,0.24613319856061458,hard,0.1525640769230769,0.2833332857142857,0.3768604579442082,0.3878297171265681
swebench-multilingual,swebench-multilingual/swebench-multilingual-mrdoob__three.js-25687,swebench-multilingual-mrdoob__three.js-25687,0.35105774484978725,-0.35608784099442214,0.044136684686095426,0.262985070472915,frontier,0.0269230769230769,0.0411764705882352,0.1239488676806204,-0.4410873043007575
reasoning-gym,reasoning-gym/reasoning-gym-arithmetic-time-intervals-hard0292e21f-seed45-2,reasoning-gym-arithmetic-time-intervals-hard0292e21f-seed45-2,0.35099121453646454,0.33547229090887687,0.09503220144617032,0.21424875317513445,easy,0.9487179615384616,0.8888889166666667,0.2832788400755983,0.0196453243348309
mmmlu,mmmlu/mmmlu-en-us-00031,mmmlu-en-us-00031,0.35063939539808103,0.3367334817205007,0.09278969278688706,0.17699451566214983,hard,0.0737179615384615,0.1127451176470588,0.2755582614261845,0.3522674747147708
featurebench-modal,featurebench-modal/featurebench-modal-mlflow__mlflow.93dab383.test_client_webhooks.75e39b52.lv1,featurebench-modal-mlflow__mlflow.93dab383.test_client_webhooks.75e39b52.lv1,0.35017354030331427,0.3413312309254227,0.029683374752188824,0.23392173541733113,frontier,0.0301281923076923,0.03133332,0.0869635476124197,0.4341697884456687
gpqa-diamond,gpqa-diamond/gpqa-diamond-9,gpqa-diamond-9,0.34921738443980066,0.3376749557308365,0.05296045816178846,0.2063913346297913,saturated,0.9615384615384616,0.9473684210526316,0.1568385729026457,0.4234937466916728
swtbench,swtbench/swtbench-astropy__astropy-14182,swtbench-astropy__astropy-14182,0.3488272878021226,0.3013635293019286,0.106963393227347,0.21075390107885958,medium,0.3307692307692307,0.3307692307692307,0.3549314460018254,0.5656684019826574
mmmlu,mmmlu/mmmlu-yo-ng-00141,mmmlu-yo-ng-00141,0.34827262758429717,0.334341272258455,0.12896601993951393,0.18481742815241098,hard,0.1346153846153846,0.2058823529411764,0.3857316779001177,0.396364229079949
reasoning-gym,reasoning-gym/reasoning-gym-games-mini-sudoku-hard0292e21f-seed45-2,reasoning-gym-games-mini-sudoku-hard0292e21f-seed45-2,0.3473096465437548,0.33174674472745724,0.12456079800787691,0.21039118769935025,easy,0.8911057692307692,0.7640625,0.3754695411109713,0.0832302421639782
gaia,gaia/gaia-04a04a9b-226c-43fd-b319-d5e89743676f,gaia-04a04a9b-226c-43fd-b319-d5e89743676f,0.3471450706263064,0.33657115596052944,0.10212647413239767,0.23322295451449138,hard,0.1846153846153846,0.1846153846153846,0.3034320449740925,0.1023333337697065
gpqa-diamond,gpqa-diamond/gpqa-diamond-126,gpqa-diamond-126,0.3469393233003041,0.3353765673643962,0.12714726049415792,0.25536382863713664,medium,0.5217948846153846,0.5298245789473683,0.3791179016869381,0.5459677609456366
featurebench-modal,featurebench-modal/featurebench-modal-astropy__astropy.b0db0daa.test_basic_rgb.067e927c.lv1,featurebench-modal-astropy__astropy.b0db0daa.test_basic_rgb.067e927c.lv1,0.3467973925623422,0.3379318216344664,0.06090765923998005,0.20586789091240704,hard,0.1461538461538461,0.1461538461538461,0.1802365309824612,0.3737325028916081
gaia,gaia/gaia-7619a514-5fa8-43ef-9143-83b66a43d7a4,gaia-7619a514-5fa8-43ef-9143-83b66a43d7a4,0.3466529023393387,0.33607497632726935,0.1167637160487785,0.24635686123853592,medium,0.6923076923076923,0.6923076923076923,0.3474335320195758,0.5562255164069145
labbench,labbench/labbench-figqa-0046,labbench-figqa-0046,0.3465900603855443,0.33925594405685655,0.10200270310262848,0.23259595526428373,hard,0.2076923076923077,0.24,0.3006659275674582,-0.070824615502779
featurebench-modal,featurebench-modal/featurebench-modal-mlflow__mlflow.93dab383.test_scorers.63dc8c7a.lv1,featurebench-modal-mlflow__mlflow.93dab383.test_scorers.63dc8c7a.lv1,0.3455371681410459,0.3366629737960065,0.06597220008705597,0.27568151150023457,frontier,0.0384615384615384,0.04,0.1959591794226542,0.0767676649514718
featurebench-modal,featurebench-modal/featurebench-modal-huggingface__transformers.e2e8dbed.test_modeling_mimi.3118abde.lv1,featurebench-modal-huggingface__transformers.e2e8dbed.test_modeling_mimi.3118abde.lv1,0.3455371681410459,0.3366629737960065,0.032371439788077536,0.27568151150023457,frontier,0.0192307692307692,0.0192307692307692,0.0961538461538461,0.0767676649514717
gpqa-diamond,gpqa-diamond/gpqa-diamond-187,gpqa-diamond-187,0.34395669570767556,0.3323675346693696,0.04662367762301586,0.19844569613200141,easy,0.941025653846154,0.92333335,0.1402774722549116,0.1910240269611043
algotune,algotune/algotune-water-filling,algotune-water-filling,0.3437264505454432,0.3271491378102103,0.05673597393623766,0.18251658773111512,easy,0.7984244651076966,0.7914373572453411,0.1734254117739782,0.0541746667863344
seal0,seal0/seal0-59,seal0-59,0.3435958847529101,0.3211139258582314,0.09759267888510506,0.23045236889982498,hard,0.1615384615384615,0.1615384615384615,0.3039191733098217,0.1996030760822009
labbench,labbench/labbench-figqa-0121,labbench-figqa-0121,0.34327946132935416,0.33592661256785417,0.1379021543101609,0.3178604605823903,easy,0.8307692307692308,0.6615384615384616,0.4105127404346564,0.4906291579851193
swebench-multilingual,swebench-multilingual/swebench-multilingual-phpoffice__phpspreadsheet-4313,swebench-multilingual-phpoffice__phpspreadsheet-4313,0.3430155005440495,0.3379229628681555,0.13054272026910194,0.2439286436020825,hard,0.147435923076923,0.2738095714285714,0.3863091136545067,0.3277153501978718
gpqa-diamond,gpqa-diamond/gpqa-diamond-127,gpqa-diamond-127,0.34288038036915913,0.3312817489304681,0.1194153957145658,0.20926159766110394,medium,0.6858974999999999,0.6648148333333332,0.3604647587743495,0.4246738126781565
swtbench,swtbench/swtbench-django__django-14373,swtbench-django__django-14373,0.3428174573828886,0.2951524235482441,0.09013243580342518,0.22614960232131395,easy,0.776923076923077,0.7538461538461539,0.3053758960196801,0.0575078539238659
gpqa-diamond,gpqa-diamond/gpqa-diamond-96,gpqa-diamond-96,0.3424815233248274,0.33087939021494456,0.024037806369624642,0.2341784082126447,saturated,0.9871795,0.98333335,0.0726482430773621,0.4678406757406126
gpqa-diamond,gpqa-diamond/gpqa-diamond-86,gpqa-diamond-86,0.3418008035687041,0.3301927040266768,0.1028717009024245,0.22981612921934366,easy,0.8999999999999999,0.863157894736842,0.3115504965673419,0.0093738464952323
aider-polyglot,aider-polyglot/polyglot_java_ocr-numbers,polyglot_java_ocr-numbers,0.34021336990649986,0.33240752667499773,0.07415244825826874,0.23372521027518722,hard,0.0846153846153846,0.0846153846153846,0.2230769230769231,0.0048699303644705
kumo,kumo/kumo-mineralclassificationenv-t4-a6-v1-s1,kumo-mineralclassificationenv-t4-a6-v1-s1,0.3401030889568098,0.32875132742188884,0.07405879625632604,0.21592077193331705,saturated,0.953846153846154,0.936842105263158,0.2252729953582389,0.2716510050036952
swebench-multilingual,swebench-multilingual/swebench-multilingual-rubocop__rubocop-13579,swebench-multilingual-rubocop__rubocop-13579,0.3395911946589536,0.33448531754001715,0.13472004897761355,0.23999227182512659,hard,0.1346153846153846,0.2333333333333333,0.4027681991198191,0.450283189921981
swebench-multilingual,swebench-multilingual/swebench-multilingual-php-cs-fixer__php-cs-fixer-7635,swebench-multilingual-php-cs-fixer__php-cs-fixer-7635,0.33921011895784325,0.3341027657701492,0.12635224144687868,0.24156333601097904,hard,0.1326923076923077,0.2464285714285714,0.3781837637758573,0.3886492523954306
mmmlu,mmmlu/mmmlu-bn-bd-00011,mmmlu-bn-bd-00011,0.33873741986625117,0.32470539334066584,0.10204506023068004,0.173932825831083,hard,0.0769230769230769,0.1111111111111111,0.3142696805273545,0.3182675138329273
mmmlu,mmmlu/mmmlu-id-id-00071,mmmlu-id-id-00071,0.33807080643770376,0.3240318514124284,0.10995523962380349,0.18738265537013205,hard,0.1282051153846153,0.1960784117647059,0.3393346646155851,0.2369512512785069
swebench-multilingual,swebench-multilingual/swebench-multilingual-sharkdp__bat-2650,swebench-multilingual-sharkdp__bat-2650,0.33733715903537725,0.33222257558134854,0.13353720170387798,0.23839095076539782,hard,0.1410256153846154,0.2619047142857143,0.4019510157315599,0.2664092385979628
gaia,gaia/gaia-9f41b083-683e-4dcf-9185-ccfeaa88fa45,gaia-9f41b083-683e-4dcf-9185-ccfeaa88fa45,0.3372232603248186,0.3265696177526706,0.09818835703695697,0.22666483390533373,hard,0.2076923076923077,0.24,0.3006659275674582,0.1422454359351901
spider2,spider2/spider2-tickit002,spider2-tickit002,0.33713252900670115,0.26227411614777374,0.0817502805797144,0.27510998060854147,hard,0.123076923076923,0.2133333333333333,0.3116978594016256,0.1441148310756545
gpqa-diamond,gpqa-diamond/gpqa-diamond-178,gpqa-diamond-178,0.33701325918124336,0.3253635459298562,0.1093628664635852,0.2011691294684681,easy,0.7448718076923077,0.7203703888888889,0.3361251370402826,0.1925119851687953
mmau,mmau/mmau-0866c7a0-3361-4538-98d0-fec5c8aedd01,mmau-0866c7a0-3361-4538-98d0-fec5c8aedd01,0.3364502909603105,0.31831504636869107,0.1043665673961516,0.24123025596563713,medium,0.4384615384615384,0.45,0.3278719262151,0.2466634523645563
algotune,algotune/algotune-articulation-points,algotune-articulation-points,0.3359598230864416,0.31928693541599673,0.07164935563598773,0.19373953644294467,medium,0.4516720437503704,0.4516720437503704,0.2244042824446803,0.4155707465635002
gaia,gaia/gaia-0512426f-4d28-49f0-be77-06d05daec096,gaia-0512426f-4d28-49f0-be77-06d05daec096,0.3349056538237386,0.3242337329131216,0.08047269620946405,0.2721776811180086,hard,0.0923076923076923,0.12,0.2481934729198171,-0.2644309552656632
aider-polyglot,aider-polyglot/polyglot_rust_scale-generator,polyglot_rust_scale-generator,0.33365475914108905,0.32581058302204746,0.10383331071119956,0.2928211680774155,hard,0.1743589615384615,0.1743589615384615,0.318692259005513,0.6199149461570523
featurebench-modal,featurebench-modal/featurebench-modal-lightning-ai__pytorch-lightning.126fa6f1.test_seed.1eaa1d46.lv1,featurebench-modal-lightning-ai__pytorch-lightning.126fa6f1.test_seed.1eaa1d46.lv1,0.3331650971997299,0.3242079604600995,0.07290148170552808,0.23879331070376578,hard,0.0961538461538461,0.0961538461538461,0.2248602458806687,0.5339146219780039
spider2,spider2/spider2-jira001,spider2-jira001,0.3329314076170292,0.2578754985904081,0.03497993452006204,0.25437341555056203,frontier,0.0346153846153846,0.0599999999999999,0.1356465996625053,0.4869591248390106
aider-polyglot,aider-polyglot/polyglot_java_simple-linked-list,polyglot_java_simple-linked-list,0.332387250946876,0.32453575499071746,0.13563675011709916,0.257789694398285,hard,0.2615384615384615,0.2615384615384615,0.4179408525294192,0.1132553891727484
algotune,algotune/algotune-zoom-2d,algotune-zoom-2d,0.3321841543570505,0.31546563792523324,0.05830561202373484,0.18700397180313752,frontier,0.0372474097256746,0.0440196660394337,0.1848239713434448,0.3539366821154989
swebench-multilingual,swebench-multilingual/swebench-multilingual-tokio-rs__axum-734,swebench-multilingual-tokio-rs__axum-734,0.3318557832780641,0.3267202738263746,0.12076340243651137,0.23305144242405812,hard,0.1153846153846153,0.2142857142857142,0.3696232285257185,0.4741600753711503
algotune,algotune/algotune-kd-tree,algotune-kd-tree,0.3306105943259461,0.3138732225358306,0.03874959806485744,0.228253712457324,frontier,0.0428969115176416,0.0457134937334499,0.1234562086940498,0.3002027550812288
mmmlu,mmmlu/mmmlu-de-de-00023,mmmlu-de-de-00023,0.32851430997764625,0.3143776010375391,0.10924182353005203,0.2077195076255399,easy,0.8557692307692307,0.8125,0.3474860268973416,0.0676800131908014
reasoning-gym,reasoning-gym/reasoning-gym-arithmetic-number-format-hard0292e21f-seed45-1,reasoning-gym-arithmetic-number-format-hard0292e21f-seed45-1,0.3282519768523664,0.312469224152447,0.08954856481027285,0.1965346724246005,easy,0.9346153846153846,0.8692307692307693,0.2865836309261101,-0.0682195384483972
mmmlu,mmmlu/mmmlu-ja-jp-00095,mmmlu-ja-jp-00095,0.3281705262137391,0.31403035545248525,0.12759838200557605,0.21636620451854557,hard,0.2769230769230769,0.33,0.4063249930782009,0.0659286200510844
featurebench-modal,featurebench-modal/featurebench-modal-mwaskom__seaborn.7001ebe7.test_line.25304a8b.lv1,featurebench-modal-mwaskom__seaborn.7001ebe7.test_line.25304a8b.lv1,0.3275100916756566,0.3185160811226962,0.0943933806102345,0.20848386980021186,hard,0.1423076923076923,0.1423076923076923,0.2963535790014729,0.2232995405520128
mmau,mmau/mmau-520aea17-b159-4d22-ad68-978fcc152e27,mmau-520aea17-b159-4d22-ad68-978fcc152e27,0.32682111358872823,0.30856066400338783,0.1063611562834117,0.22596691538188626,medium,0.4442307692307692,0.4574999999999999,0.3447009573528916,0.2290359874180653
swebench-multilingual,swebench-multilingual/swebench-multilingual-axios__axios-6539,swebench-multilingual-axios__axios-6539,0.3266169299000681,0.32146174627030116,0.13020301361450554,0.2354870123806375,hard,0.1711538461538461,0.278125,0.405034238521881,0.2368679226814073
algotune,algotune/algotune-vectorized-newton,algotune-vectorized-newton,0.32575737840648705,0.3089624489549049,0.0545245269077201,0.1884503705284582,frontier,0.0325856127997772,0.038510269672464,0.1764762258072285,0.3443026310270121
swebench-multilingual,swebench-multilingual/swebench-multilingual-babel__babel-15445,swebench-multilingual-babel__babel-15445,0.3250272767521151,0.31986618627543717,0.14859917979530465,0.2359072178028388,hard,0.2,0.3466666666666667,0.4645667037382492,0.1922972543318454
mmmlu,mmmlu/mmmlu-ar-xy-00001,mmmlu-ar-xy-00001,0.32411449538933157,0.3099337683912054,0.10526022032637357,0.16474192408817356,hard,0.1217948461538461,0.197916625,0.3396216581134578,0.4128624746043865
crustbench,crustbench/crustbench-libfor,crustbench-libfor,0.32314838989766054,0.3097148302279564,0.08478676499663693,0.23720355365274445,easy,0.7942307692307693,0.775,0.2737575237654334,0.3981939750586261
labbench,labbench/labbench-figqa-0078,labbench-figqa-0078,0.3228500640719763,0.31538569490824386,0.06873671861716925,0.2662886857158426,hard,0.1153846153846154,0.15,0.2179449471770336,-0.0726726870578942
aider-polyglot,aider-polyglot/polyglot_java_bank-account,polyglot_java_bank-account,0.3228485241547413,0.3149428598132181,0.05508504213780359,0.2218523210457322,hard,0.0692307692307692,0.0692307692307692,0.174904876936955,0.0426982168655614
livecodebench,livecodebench/livecodebench-arc188_c,livecodebench-arc188_c,0.32242263141343436,0.2976935044677254,0.05026712458445139,0.17108200651440095,hard,0.0538461538461538,0.0823529411764705,0.1688552952283214,0.3173863824623424
swebench-multilingual,swebench-multilingual/swebench-multilingual-gin-gonic__gin-3820,swebench-multilingual-gin-gonic__gin-3820,0.32211446317348347,0.316942625340712,0.12868795383157222,0.2358551911239251,hard,0.1442307692307692,0.2678571428571428,0.4060291786036454,0.1997745301137176
bigcodebench,bigcodebench/bigcodebench_526,bigcodebench_526,0.32193826027614175,0.2542006606158771,0.1173233818227125,0.17885454159558828,easy,0.8461538461538461,0.6923076923076923,0.4615384615384615,0.2306333051176054
mmmlu,mmmlu/mmmlu-sw-ke-00131,mmmlu-sw-ke-00131,0.3219372781674918,0.3077349994280937,0.0991490593650625,0.17988408567640757,hard,0.0769230769230769,0.1176470588235294,0.3221897397089212,0.3030851380880018
mmmlu,mmmlu/mmmlu-bn-bd-00015,mmmlu-bn-bd-00015,0.32148083442149994,-0.3354737992664808,0.12972964098730802,0.20890686898008903,hard,0.2147435769230769,0.3101851666666666,0.3867057316278174,-0.5634551310877551
medagentbench,medagentbench/medagentbench-task7_30,medagentbench-task7_30,0.32090428584984393,0.30286745735987214,0.052458182410649895,0.22231010068643262,hard,0.0769230769230769,0.1,0.1732050807568877,0.0791470113989789
swebench-multilingual,swebench-multilingual/swebench-multilingual-jqlang__jq-2650,swebench-multilingual-jqlang__jq-2650,0.31998127458582143,0.3148016284226444,0.11249159356136226,0.2290636349996436,hard,0.1089743461538461,0.2023809285714286,0.3573412060319269,0.2676258744077298
kumo,kumo/kumo-spiceenv-t4-a6-v1-s1,kumo-spiceenv-t4-a6-v1-s1,0.3193469099473931,0.3078240572913747,0.048369884071797174,0.257032632733566,saturated,0.9615384615384616,0.9444444444444444,0.1571348402636772,0.3053038828770472
gpqa-diamond,gpqa-diamond/gpqa-diamond-154,gpqa-diamond-154,0.3191360679304524,0.3073363572174078,0.027849323008754246,0.23908107623037225,saturated,0.9717948846153848,0.96333335,0.0906151268951685,0.2325234079424062
livecodebench,livecodebench/livecodebench-abc377_g,livecodebench-abc377_g,0.3190328966959791,0.2942472490361637,0.021479484304525804,0.21931992521769875,saturated,0.9826923076923078,0.973529411764706,0.0729980802705344,0.0347173471240085
gpqa-diamond,gpqa-diamond/gpqa-diamond-57,gpqa-diamond-57,0.31799222720489634,0.30618320859088316,0.05294402611218707,0.19505375961028204,easy,0.9307692307692308,0.91,0.1729161646579058,0.2033621113906147
swtbench,swtbench/swtbench-django__django-12050,swtbench-django__django-12050,0.3177972409913756,0.269338189691211,0.08323822743191209,0.20732149408569941,easy,0.7384615384615386,0.6857142857142857,0.3090472521826277,-0.28072262876778
aider-polyglot,aider-polyglot/polyglot_java_zebra-puzzle,polyglot_java_zebra-puzzle,0.3177830304563587,0.3098492586665352,0.14640318055239132,0.2915142094273484,medium,0.5038461538461539,0.5038461538461539,0.4724980823980373,0.0027085491671762
mmmlu,mmmlu/mmmlu-fr-fr-00051,mmmlu-fr-fr-00051,0.3167023716896876,0.30244889771403277,0.10671770333525907,0.19933318246180085,hard,0.147435923076923,0.2017544210526315,0.3528454034445227,0.4529759448236847
swebench-multilingual,swebench-multilingual/swebench-multilingual-tokio-rs__axum-1730,swebench-multilingual-tokio-rs__axum-1730,0.31667623973063,0.3114846000889336,0.11838526587644325,0.22916698848219985,hard,0.1057692307692307,0.1964285714285714,0.3800677973891565,0.4911089002027516
mmmlu,mmmlu/mmmlu-zh-cn-00125,mmmlu-zh-cn-00125,0.31622307112376613,0.3019649538096553,0.1258187352275823,0.25197196002943983,easy,0.7884615384615384,0.6944444444444444,0.416666681481496,0.382797484156893
featurebench-modal,featurebench-modal/featurebench-modal-sphinx-doc__sphinx.e347e59c.test_build_html.d253ea54.lv1,featurebench-modal-sphinx-doc__sphinx.e347e59c.test_build_html.d253ea54.lv1,0.3154971150757422,0.306426931955113,0.07839230145357097,0.22156885426895828,hard,0.1057692307692307,0.1057692307692307,0.2558270611313443,0.1752376613886281
aider-polyglot,aider-polyglot/polyglot_java_two-bucket,polyglot_java_two-bucket,0.31541428720188636,0.3074675284052273,0.14661093873936124,0.28870522721683733,medium,0.5057692307692307,0.5057692307692307,0.4768338936466004,0.0115004872332334
aider-polyglot,aider-polyglot/polyglot_javascript_resistor-color-trio,polyglot_javascript_resistor-color-trio,0.3152230547409973,0.3072752518379509,0.07463315654765157,0.2715367091785531,hard,0.0846153846153846,0.0846153846153846,0.2428869754437991,0.5347086269852384
aider-polyglot,aider-polyglot/polyglot_java_house,polyglot_java_house,0.3151458020973155,0.30719757758859606,0.058458833553768845,0.2168818046980616,hard,0.0615384615384615,0.0615384615384615,0.1902971827208151,0.0180892595886018
gpqa-diamond,gpqa-diamond/gpqa-diamond-32,gpqa-diamond-32,0.3148364317834101,0.3030019135880321,0.11296988895607686,0.22645261395851257,hard,0.2891025769230769,0.3287037222222222,0.3728355627142116,0.5605488918705517
seal0,seal0/seal0-4,seal0-4,0.31441202357381925,0.29146622018565155,0.10906243508165957,0.20479049326466026,medium,0.3192307692307692,0.3192307692307692,0.3741855059985732,0.14412091852766
aider-polyglot,aider-polyglot/polyglot_rust_react,polyglot_rust_react,0.314343918684167,0.30639132417513015,0.04268448374445718,0.26092079954488573,frontier,0.0461538461538461,0.0461538461538461,0.1393136175098064,0.4766791064962618
swebench-multilingual,swebench-multilingual/swebench-multilingual-rubocop__rubocop-13627,swebench-multilingual-rubocop__rubocop-13627,0.3140458123174649,0.3088447178256617,0.1258160585100127,0.22715283022022464,hard,0.1576923076923077,0.2733333333333333,0.407376429798725,0.2663558614552237
featurebench-modal,featurebench-modal/featurebench-modal-mlflow__mlflow.93dab383.test_databricks_rest_store.50525c62.lv1,featurebench-modal-mlflow__mlflow.93dab383.test_databricks_rest_store.50525c62.lv1,0.31399238730193746,0.3049128697446751,0.01991680533336581,0.21824172758490076,frontier,0.0128205,0.01333332,0.0653196611544916,0.3890458578336066
gpqa-diamond,gpqa-diamond/gpqa-diamond-43,gpqa-diamond-43,0.3136003334680652,0.3017558994802155,0.0329219893005255,0.19058260061036136,saturated,0.9692307692307692,0.9529411764705882,0.1091013940646553,0.2205780423560676
algotune,algotune/algotune-sylvester-solver,algotune-sylvester-solver,0.3135611468805028,0.2966255487116192,0.019691749205959924,0.20474863110121536,frontier,0.0224964166846593,0.0261049606274038,0.066385883790153,0.4230560801167161
mmmlu,mmmlu/mmmlu-pt-br-00113,mmmlu-pt-br-00113,0.3134436860683343,0.2991587883557313,0.14334415432069017,0.19559320785378798,hard,0.1923076923076923,0.3571428571428571,0.4791574237499548,0.1023413232821503
swebench-multilingual,swebench-multilingual/swebench-multilingual-jqlang__jq-2728,swebench-multilingual-jqlang__jq-2728,0.31309430674522626,0.3078898119185394,0.11050908267112948,0.22210217677736233,hard,0.0961538461538461,0.1785714285714285,0.3589241293257461,0.5407127641448364
bigcodebench,bigcodebench/bigcodebench_443,bigcodebench_443,0.3130081864551531,0.24491148298580268,0.061091657294639265,0.1554737615138732,frontier,0.0384615384615384,0.0666666666666666,0.2494438257849294,0.0989449776308305
bigcodebench,bigcodebench/bigcodebench_124,bigcodebench_124,0.31300818645515305,0.24491148298580256,0.0676899579927848,0.15547376151387327,frontier,0.0384615384615384,0.0833333333333333,0.2763853991962833,0.0989449776308304
reasoning-gym,reasoning-gym/reasoning-gym-algorithmic-group-anagrams-hard0292e21f-seed45-0,reasoning-gym-algorithmic-group-anagrams-hard0292e21f-seed45-0,0.3128986771529369,0.2969483103002209,0.13656640809747633,0.23902751202597594,medium,0.661923076923077,0.5591666666666667,0.4598995965304698,0.3069588302289727
aider-polyglot,aider-polyglot/polyglot_java_protein-translation,polyglot_java_protein-translation,0.31232309492763877,0.3043595383418066,0.10097178560690362,0.28162341815846625,hard,0.1384615384615384,0.1384615384615384,0.3317516715822742,0.5985920881334459
labbench,labbench/labbench-figqa-0104,labbench-figqa-0104,0.3122041068724085,0.3046844022814088,0.054261183809749446,0.25209301761235475,hard,0.176923076923077,0.1538461538461538,0.178089798504465,0.1297330499243606
gpqa-diamond,gpqa-diamond/gpqa-diamond-22,gpqa-diamond-22,0.31202522446872316,0.30016821406016053,0.07980565053086644,0.1693068802371756,easy,0.8980769230769231,0.8527777777777777,0.2658697583311455,0.4103195528110504
algotune,algotune/algotune-delaunay,algotune-delaunay,0.311508801784937,0.2945500910024801,0.04421396242833727,0.18148800951521404,hard,0.2884208230562656,0.2855279811666463,0.1501067688618198,0.1806420346063083
mmmlu,mmmlu/mmmlu-sw-ke-00138,mmmlu-sw-ke-00138,0.31065811603521626,0.2963466274182015,0.13582398520198188,0.20328005853276465,medium,0.5320512692307692,0.5438596315789473,0.4583280949923158,0.3931757942490123
mmau,mmau/mmau-e6e02fec-0241-40d6-a0f5-7d79d60b9649,mmau-e6e02fec-0241-40d6-a0f5-7d79d60b9649,0.3105450907935615,0.29208179269565576,0.10029086753192394,0.24119461398582814,medium,0.5923076923076922,0.59,0.3433656942677879,0.4898139628274106
gpqa-diamond,gpqa-diamond/gpqa-diamond-117,gpqa-diamond-117,0.3091183846348135,0.2972383378066087,0.055310327445176506,0.1827791514011503,easy,0.9346153846153846,0.9105263157894736,0.1860807318911967,0.388862625301662
replicationbench,replicationbench/replicationbench-gw_cosmo__modified_gravity,replicationbench-gw_cosmo__modified_gravity,0.3091065621595876,0.2915340212896818,0.10726048214191419,0.2274025785160919,easy,0.8307692307692307,0.7411764705882353,0.3679175475555739,0.629276537064472
featurebench-modal,featurebench-modal/featurebench-modal-mlflow__mlflow.93dab383.test_git_versioning.b91d0418.lv1,featurebench-modal-mlflow__mlflow.93dab383.test_git_versioning.b91d0418.lv1,0.3084041908062364,0.29929041031897496,0.031126202673173394,0.2617752056936823,frontier,0.0269230769230769,0.0279999999999999,0.104,0.080758074128528
bfcl,bfcl/bfcl-live-irrelevance-192-32-5,bfcl-live-irrelevance-192-32-5,0.30806343483933324,0.28475954051614805,0.1142403127038322,0.20709523842968233,medium,0.6461538461538462,0.6461538461538462,0.4011816864740091,0.4239027555783587
aider-polyglot,aider-polyglot/polyglot_java_react,polyglot_java_react,0.3076659161993475,0.29967737313047244,0.14095872512132074,0.2831215295568904,medium,0.498076923076923,0.498076923076923,0.4703682618705772,-0.002272032498252
usaco,usaco/usaco-818,usaco-818,0.307355058335499,0.29449830094928575,0.07243617505596245,0.23258666784764934,hard,0.0769230769230769,0.1052631578947368,0.2459646620115352,0.200188289919397
replicationbench,replicationbench/replicationbench-ver_waves__gaia_rv_sample_size,replicationbench-ver_waves__gaia_rv_sample_size,0.30728027585079765,0.28968680205501046,0.08417336731548071,0.22682690270664704,easy,0.9153846153846156,0.8705882352941177,0.2905668008289052,0.5212477829199181
gpqa-diamond,gpqa-diamond/gpqa-diamond-180,gpqa-diamond-180,0.30723269598008424,0.29533782536401454,0.11237403862337882,0.2134948454939608,easy,0.8307692307692308,0.7411764705882353,0.3804932147952053,0.2674253717108868
aider-polyglot,aider-polyglot/polyglot_java_dominoes,polyglot_java_dominoes,0.3071386993668869,0.2991473520100297,0.07823853821800775,0.23270960024046083,hard,0.1076923076923076,0.1076923076923076,0.2615384615384615,0.0532998169366049
swebench-multilingual,swebench-multilingual/swebench-multilingual-google__gson-2158,swebench-multilingual-google__gson-2158,0.3071151281842679,0.3018895063290907,0.10554146180255641,0.2196362051425164,hard,0.0961538461538461,0.1666666666666666,0.3496029493900505,0.4471297887558245
mmmlu,mmmlu/mmmlu-en-us-00034,mmmlu-en-us-00034,0.3062700408131467,0.29191716955730557,0.05574822234414938,0.17741775113349023,easy,0.9346153846153846,0.9,0.1909727421264462,0.1699303888346047
bfcl,bfcl/bfcl-multiple-190,bfcl-multiple-190,0.3053455116952695,0.28200114783117497,0.09652506858022156,0.23922853398509017,medium,0.676923076923077,0.676923076923077,0.3422860840197999,-0.0703560185800664
bfcl,bfcl/bfcl-live-multiple-717-165-4,bfcl-live-multiple-717-165-4,0.30487182197179635,0.28152044471257215,0.0982163370963747,0.20372806565563578,hard,0.2538461538461539,0.2538461538461539,0.3488781683214944,0.3266777916983087
gaia,gaia/gaia-e142056d-56ab-4352-b091-b56054bd1359,gaia-e142056d-56ab-4352-b091-b56054bd1359,0.30417883424881376,-0.3149625326915794,0.02249282384889502,0.20621920270385508,frontier,0.023076923076923,0.03,0.0714142842854285,-0.2632721227490002
bfcl,bfcl/bfcl-irrelevance-53,bfcl-irrelevance-53,0.3040550774174128,0.2806916352653342,0.11788732315518144,0.17858004255177373,medium,0.6230769230769231,0.6230769230769231,0.4199887290682676,0.2802476878014803
aime,aime/aime_ii-4,aime_ii-4,0.3029082779774639,0.280724464350964,0.02862839043336895,0.2407447276248503,saturated,0.9692307692307692,0.96,0.1019803902718557,0.1878641361472726
aider-polyglot,aider-polyglot/polyglot_go_beer-song,polyglot_go_beer-song,0.30285465278816676,0.29484070172215326,0.020545487735230784,0.2596752250215501,frontier,0.025,0.025,0.0696833497384363,0.5116588258824472
gpqa-diamond,gpqa-diamond/gpqa-diamond-181,gpqa-diamond-181,0.30267114345812807,0.2907408043297642,0.017845217304373506,0.19577795914354465,saturated,0.9846153846153848,0.9789473684210528,0.0613784409983715,0.0603739475498449
gpqa-diamond,gpqa-diamond/gpqa-diamond-73,gpqa-diamond-73,0.30267114345812807,0.2907408043297642,0.017845217304373506,0.19577795914354465,saturated,0.9846153846153848,0.9789473684210528,0.0613784409983715,0.0603739475498449
gpqa-diamond,gpqa-diamond/gpqa-diamond-118,gpqa-diamond-118,0.30188376435185726,0.28994735888596274,0.1015965742567863,0.18958608393564305,medium,0.4878205384615384,0.4833333684210526,0.3503966190523038,0.1861470138635574
simpleqa,simpleqa/simpleqa-69,simpleqa-69,0.30180822732997103,0.29561840404102246,0.11597136741590335,0.24708459022619333,medium,0.6153846153846154,0.5900000000000001,0.3923009049186606,0.3481254729407252
featurebench-modal,featurebench-modal/featurebench-modal-huggingface__transformers.e2e8dbed.test_modeling_pixtral.a620bb0b.lv2,featurebench-modal-huggingface__transformers.e2e8dbed.test_modeling_pixtral.a620bb0b.lv2,0.30179111785553897,0.2926376106572896,0.03898947768184499,0.24953282981180744,frontier,0.0384615384615384,0.0384615384615384,0.1332346775052982,0.1136023925421529
bigcodebench,bigcodebench/bigcodebench_1008,bigcodebench_1008,0.3010902258938679,0.23253411162774978,0.10040209250516158,0.1889524920234503,medium,0.4121794615384615,0.42066664,0.4317736086217294,0.0871337079314748
aider-polyglot,aider-polyglot/polyglot_go_word-search,polyglot_go_word-search,0.3006919936860348,0.29266675586803614,0.12156926782210732,0.2688647282254672,hard,0.2769230769230769,0.2769230769230769,0.4153846153846154,0.563664513827666
featurebench-modal,featurebench-modal/featurebench-modal-huggingface__transformers.e2e8dbed.test_modeling_swin2sr.f5cba486.lv2,featurebench-modal-huggingface__transformers.e2e8dbed.test_modeling_swin2sr.f5cba486.lv2,0.3003120582514033,0.29114978751455833,0.04746977443646154,0.20527498820670417,hard,0.073076923076923,0.073076923076923,0.1630424491863588,0.1085373620520377
replicationbench,replicationbench/replicationbench-galaxy_manifold__transformation_matrix,replicationbench-galaxy_manifold__transformation_matrix,0.3002702068353641,0.2825976073101154,0.041094109263758526,0.20188290267955097,hard,0.1608974230769231,0.1401960588235294,0.1454156305671155,0.471711854371122
gpqa-diamond,gpqa-diamond/gpqa-diamond-173,gpqa-diamond-173,0.3001228071173525,0.28817289402527246,0.03520135963148727,0.18914705023134767,saturated,0.9564102692307692,0.940350894736842,0.122153611117915,0.3633877504925872
gaia,gaia/gaia-0b260a57-3f3a-4405-9f29-6d7a1012dbfb,gaia-0b260a57-3f3a-4405-9f29-6d7a1012dbfb,0.29875582859909794,0.28781570523561134,0.061122732237116825,0.21186173781437173,hard,0.0538461538461538,0.0699999999999999,0.212367605815953,0.0090301957208579
algotune,algotune/algotune-eigenvalues-complex,algotune-eigenvalues-complex,0.2987220563662384,0.28162296917237184,0.0685090499938746,0.1841572732209345,hard,0.2196895748285956,0.2142792934873072,0.2432651363459723,0.1270772936847219
swebench-multilingual,swebench-multilingual/swebench-multilingual-preactjs__preact-3345,swebench-multilingual-preactjs__preact-3345,0.29767576097631454,0.29241762987369224,0.10473451823164633,0.21673339205462072,hard,0.0846153846153846,0.1692307692307692,0.3581675915945481,0.54364545996612
algotune,algotune/algotune-graph-global-efficiency,algotune-graph-global-efficiency,0.2976051281798412,0.28049407537339555,0.07535520677335508,0.1880547568513335,hard,0.296574664629961,0.2970626500134976,0.2686516878227882,0.2885366344050163
aider-polyglot,aider-polyglot/polyglot_python_dot-dsl,polyglot_python_dot-dsl,0.2975365578099561,0.28949500122280936,0.09941487392907955,0.2542406867673652,hard,0.1769230769230769,0.1769230769230769,0.3434079120853802,0.5488752463195016
seal0,seal0/seal0-1,seal0-1,0.2972638417672542,0.27406618494598417,0.10593581041008673,0.18476852251610884,medium,0.4538461538461539,0.4538461538461539,0.3865336777354188,0.3754061058136103
gpqa-diamond,gpqa-diamond/gpqa-diamond-29,gpqa-diamond-29,0.29720324118065494,0.28523111473172835,0.12515807896830605,0.19089825896577547,medium,0.5871796153846154,0.5450980588235295,0.4387953224739258,0.2789736472377097
gpqa-diamond,gpqa-diamond/gpqa-diamond-13,gpqa-diamond-13,0.2969232738118306,0.284949029143723,0.07214317606264037,0.1622216992689539,easy,0.9192307692307692,0.8894736842105262,0.2531792309643304,0.3187979578285329
labbench,labbench/labbench-figqa-0167,labbench-figqa-0167,0.2968702317009341,0.28927416924524135,0.06749323060209701,0.2199390639823838,hard,0.0846153846153846,0.1692307692307692,0.2333192444323554,0.1833039925533381
mmmlu,mmmlu/mmmlu-it-it-00088,mmmlu-it-it-00088,0.2966965217810331,0.28225551188922593,0.1027434696937079,0.18581302940840744,easy,0.8269230384615385,0.763157842105263,0.364008727432861,0.611405938960873
swtbench,swtbench/swtbench-django__django-12209,swtbench-django__django-12209,0.29641883314400225,-0.3432604978946492,0.05304185682859097,0.2984227007633337,frontier,0.023076923076923,0.0428571428571428,0.1545236260913138,-0.1538121718367789
seal0,seal0/seal0-99,seal0-99,0.29639740497801775,-0.3190939297135466,0.061511315067946944,0.17946204077012032,hard,0.123076923076923,0.123076923076923,0.1927686782483333,-0.5359305223777752
gpqa-diamond,gpqa-diamond/gpqa-diamond-153,gpqa-diamond-153,0.29609161670776984,0.2841110920410838,0.01743829589982656,0.186022937595388,saturated,0.9846153846153848,0.9789473684210528,0.0613784409983715,0.3145372855742843
mmmlu,mmmlu/mmmlu-es-la-00048,mmmlu-es-la-00048,0.29420702829295725,0.2797435809276961,0.10693014224952396,0.17415879608355003,medium,0.5788462307692307,0.5760416875000001,0.3822434169710642,0.4200881859805723
gaia,gaia/gaia-50ec8903-b81f-4257-9450-1085afd2c319,gaia-50ec8903-b81f-4257-9450-1085afd2c319,0.2932501668291269,0.2822719811473462,0.10752302586682078,0.20797403786618093,medium,0.4769230769230769,0.4700000000000001,0.3809199390948182,0.1747735571780519
swesmith,swesmith/swesmith-oauthlib__oauthlib.1fd52536.combine_file__5wgd819s,swesmith-oauthlib__oauthlib.1fd52536.combine_file__5wgd819s,0.29323800801970207,0.08636978534245197,0.032966423662097684,0.13716928001745057,medium,0.348076923076923,0.4027777777777778,0.3816893087251222,0.5048222603118941
featurebench-modal,featurebench-modal/featurebench-modal-mwaskom__seaborn.7001ebe7.test_regression.ce8c62e2.lv1,featurebench-modal-mwaskom__seaborn.7001ebe7.test_regression.ce8c62e2.lv1,0.2929093218141464,0.28370385724300123,0.06991789324295854,0.20374849145146162,hard,0.1038461538461538,0.108,0.2464467488119898,0.4343987646250228
bigcodebench,bigcodebench/bigcodebench_1022,bigcodebench_1022,0.2920018624709249,0.2231106077413392,0.07690276905837194,0.20914857069256718,medium,0.3173076923076922,0.3215277916666667,0.3446845035155312,0.3424028887813663
mmau,mmau/mmau-9593f394-dcac-4d88-a37d-0468f8b0152c,mmau-9593f394-dcac-4d88-a37d-0468f8b0152c,0.291915702928135,0.273233753647378,0.1021867755079917,0.18654337949227526,medium,0.5442307692307693,0.5275000000000001,0.3739903073610331,0.1587813080944066
gso,gso/gso-pydantic--pydantic-addf1f9,gso-pydantic--pydantic-addf1f9,0.29191558613684243,-0.10152935113290751,0.014030615121504124,0.083529953458877,frontier,0.0192307692307692,0.0416666666666666,0.1381926995981416,0.3443026310270121
bfcl,bfcl/bfcl-simple-python-367,bfcl-simple-python-367,0.29150865762933326,0.26796428985516657,0.09996598007701027,0.194516556675428,medium,0.6923076923076923,0.6923076923076923,0.3730570970148351,-0.1516139129495364
bfcl,bfcl/bfcl-live-multiple-563-155-3,bfcl-live-multiple-563-155-3,0.2903642640598634,0.266803805365272,0.0935109225899191,0.1640446190588623,hard,0.1846153846153846,0.1846153846153846,0.3504857153813698,0.0698058603275887
swebench-multilingual,swebench-multilingual/swebench-multilingual-prometheus__prometheus-14861,swebench-multilingual-prometheus__prometheus-14861,0.28984662151716534,0.28456231077874233,0.12121806137539316,0.21432521843061958,hard,0.1602564230769231,0.3205128461538462,0.4259807317548973,0.1725451794966143
swtbench,swtbench/swtbench-sympy__sympy-15875,swtbench-sympy__sympy-15875,0.2895324091742032,0.24026119013533673,0.09062346256104158,0.1741265527319665,medium,0.3705126923076923,0.387037,0.3771872706948396,0.4300619172452625
seal0,seal0/seal0-67,seal0-67,0.2884204269821775,0.2650988631137774,0.03296741511727813,0.1937467989010427,hard,0.0551281923076922,0.0551281923076922,0.1243589456780465,0.07329952015675
reasoning-gym,reasoning-gym/reasoning-gym-algorithmic-sentence-reordering-easy00cea0a5-seed45-2,reasoning-gym-algorithmic-sentence-reordering-easy00cea0a5-seed45-2,0.28830606211141085,0.2721048562037753,0.045097567502331,0.23987078375504642,hard,0.0876319615384615,0.1315359166666666,0.1657359891752836,0.4370168334082884
bfcl,bfcl/bfcl-simple-java-39,bfcl-simple-java-39,0.2876765710920992,0.2640785922168818,0.022345111649120765,0.2442703183553808,saturated,0.9769230769230768,0.9769230769230768,0.0846153846153846,-0.2405837322014607
gaia,gaia/gaia-6f37996b-2ac7-44b0-8e68-6d28256631b4,gaia-6f37996b-2ac7-44b0-8e68-6d28256631b4,0.2875921980274743,0.27657566351732604,0.10993665188965764,0.21168649552708568,hard,0.2307692307692308,0.3,0.3974921382870358,0.3522180618042702
lawbench,lawbench/lawbench-2-4-21-one-shot,lawbench-2-4-21-one-shot,0.2870612585035402,0.280761607337363,0.029581178086505396,0.23245846124973976,medium,0.3465384615384614,0.3378947368421053,0.105360481324502,0.3484790868966018
gpqa-diamond,gpqa-diamond/gpqa-diamond-151,gpqa-diamond-151,0.28680325650558935,0.2747538417793465,0.06189462092381702,0.20965116973494474,saturated,0.953846153846154,0.936842105263158,0.2252729953582389,0.1365333427449655
gpqa-diamond,gpqa-diamond/gpqa-diamond-99,gpqa-diamond-99,0.2854125714856733,0.2733530394501534,0.0903751116306035,0.21415882598087332,easy,0.8730769230769232,0.8263157894736842,0.3306168163060928,0.3891399853425288
simpleqa,simpleqa/simpleqa-3563,simpleqa-3563,0.28541032583880854,0.27915597494657735,0.05961140378053397,0.22746654460941337,hard,0.0923076923076923,0.12,0.2135415650406262,0.0585628843982572
aider-polyglot,aider-polyglot/polyglot_java_bowling,polyglot_java_bowling,0.28477696674132896,0.27667122735246646,0.04345989491422546,0.2000484385665421,frontier,0.0384615384615384,0.0384615384615384,0.1570813681281702,0.0920241631982521
mmau,mmau/mmau-70c271b0-0a05-4e68-929a-4d0c1c393044,mmau-70c271b0-0a05-4e68-929a-4d0c1c393044,0.2846603628372082,0.26589716014588977,0.07497004308535261,0.21152045426070262,hard,0.0993589615384615,0.12916665,0.2819512741099559,0.3195236370241932
featurebench-modal,featurebench-modal/featurebench-modal-python__mypy.8e2ce962.testconstraints.db380fe7.lv1,featurebench-modal-python__mypy.8e2ce962.testconstraints.db380fe7.lv1,0.2844113547300289,0.2751576781440121,0.02949978138343578,0.21254718063964598,frontier,0.0346153846153846,0.0346153846153846,0.1072104604982027,0.3955933852339188
aider-polyglot,aider-polyglot/polyglot_go_hexadecimal,polyglot_go_hexadecimal,0.28407518774550017,0.27596600225431045,0.04915818985690149,0.23266105317841082,hard,0.05,0.05,0.1781313257986063,0.5218578523168496
aider-polyglot,aider-polyglot/polyglot_go_trinary,polyglot_go_trinary,0.2836559284698476,0.2755446883724871,0.03749910134296875,0.2328486957327857,frontier,0.0384615384615384,0.0384615384615384,0.1360908154842625,0.5244639338109544
seal0,seal0/seal0-13,seal0-13,0.28352175621810494,0.26013330388371964,0.09699485026850867,0.20959832781889032,medium,0.4378205,0.4378205,0.3728659453457203,0.1000053801857291
kumo,kumo/kumo-medicalenv-t12-a16-v1-s1,kumo-medicalenv-t12-a16-v1-s1,0.2832115633836756,0.27141753646794414,0.10005196100302213,0.19753959158352918,easy,0.8532051153846153,0.7754901764705883,0.3686274744993819,0.4216746972426746
swebench-multilingual,swebench-multilingual/swebench-multilingual-google__gson-2061,swebench-multilingual-google__gson-2061,0.28310919927459616,0.277802928438966,0.07965837168563171,0.20308846338181352,hard,0.0769230769230769,0.1333333333333333,0.2867441755680875,0.3935200666083541
swtbench,swtbench/swtbench-pydata__xarray-7393,swtbench-pydata__xarray-7393,0.2824865637852962,-0.32979290510879394,0.0899637383932484,0.2900578320490619,hard,0.0641025769230769,0.1388889166666666,0.2727885803473263,-0.3034450881810612
gpqa-diamond,gpqa-diamond/gpqa-diamond-15,gpqa-diamond-15,0.28120829818749965,0.26911849200133287,0.08340416737850985,0.19518410375345738,medium,0.5089743461538462,0.5122806842105263,0.309916151648534,0.5545053557390014
bfcl,bfcl/bfcl-parallel-5,bfcl-parallel-5,0.2806597935966358,0.2569656484198478,0.06089264289368875,0.22812080328946224,easy,0.8999999999999999,0.8999999999999999,0.2369680277038363,-0.1462455330461297
livecodebench,livecodebench/livecodebench-3763,livecodebench-3763,0.28058660644812433,0.25520531870476293,0.09464594018027135,0.2625324693986387,easy,0.8057692307692308,0.7194444444444444,0.370861942300519,0.0437480690515763
featurebench-modal,featurebench-modal/featurebench-modal-sympy__sympy.c1097516.test_inverse.c240ffe7.lv1,featurebench-modal-sympy__sympy.c1097516.test_inverse.c240ffe7.lv1,0.2804767605345919,0.2712012582399269,0.05041561345941749,0.20853055983266536,hard,0.0628205,0.0628205,0.1858974172413894,0.3999732923646492
arc-agi-2,arc-agi-2/arc-agi-2-62593bfd_1,arc-agi-2-62593bfd_1,0.2795089224824205,0.26819778697187124,0.03218373443662455,0.2819128347609389,frontier,0.0307692307692307,0.04,0.12,0.1474294580646499
algotune,algotune/algotune-wasserstein-dist,algotune-wasserstein-dist,0.2773913268584058,0.2600719440737599,0.037081273046331326,0.2059712411824167,hard,0.216618907474132,0.2169284401911875,0.1425808276951803,0.2915077884854621
aime,aime/aime_69,aime_69,0.27683950166375393,0.2543081142111023,0.06243614233405312,0.1832611893552189,easy,0.9153846153846152,0.8842105263157896,0.2455137639934863,0.2636224080839346
mmau,mmau/mmau-2573bb7c-5319-4e62-aca6-f90a7e5e7cd5,mmau-2573bb7c-5319-4e62-aca6-f90a7e5e7cd5,0.2761970597372381,0.25734183644503544,0.04449856336409761,0.19826385755593046,hard,0.0846153846153846,0.11,0.1729161646579058,0.4705114107323759
swebench-multilingual,swebench-multilingual/swebench-multilingual-preactjs__preact-3567,swebench-multilingual-preactjs__preact-3567,0.2761160286719635,0.270787520725278,0.09475589349860797,0.2038265136499703,hard,0.0769230769230769,0.1428571428571428,0.3499271061118826,0.5292486843168543
algotune,algotune/algotune-gzip-compression,algotune-gzip-compression,0.27578946865473897,0.2584542423598929,0.055504481198375165,0.17293629643176725,hard,0.0786610645903733,0.0852136534312308,0.2147555431536936,0.3339538828837709
featurebench-modal,featurebench-modal/featurebench-modal-huggingface__transformers.e2e8dbed.test_modeling_speech_to_text.e53c8eb4.lv2,featurebench-modal-huggingface__transformers.e2e8dbed.test_modeling_speech_to_text.e53c8eb4.lv2,0.27568673296085455,0.2663850839520993,0.0710278123133011,0.20029317567163793,hard,0.1576923076923077,0.1576923076923077,0.2666358463451848,0.3688026305542751
simpleqa,simpleqa/simpleqa-1078,simpleqa-1078,0.2744164760439121,0.26812092543204946,0.0972654620825773,0.2327243761687479,medium,0.6384615384615385,0.62,0.3627671429443411,0.0417975556788019
aider-polyglot,aider-polyglot/polyglot_java_pov,polyglot_java_pov,0.2737273070359061,0.2655683239116537,0.0923252723522756,0.23248820375524662,hard,0.2480769230769231,0.2480769230769231,0.3476516739360427,0.0521296185890966
reasoning-gym,reasoning-gym/reasoning-gym-algorithmic-spell-backward-hard0292e21f-seed45-2,reasoning-gym-algorithmic-spell-backward-hard0292e21f-seed45-2,0.27334024269474744,0.2569970052245445,0.06775958011731627,0.1887585357697288,easy,0.8931623846153844,0.853801157894737,0.2636590261357835,0.1270800273509882
swebench-multilingual,swebench-multilingual/swebench-multilingual-babel__babel-16130,swebench-multilingual-babel__babel-16130,0.27305520813307155,0.26771714564085114,0.10000438518427529,0.20638529050155177,hard,0.1256410384615384,0.2177778,0.3735449402946852,0.459544248518588
seal0,seal0/seal0-47,seal0-47,0.2729004752695574,0.24937127168499976,0.09325317854658298,0.2074846209940697,medium,0.3788461538461538,0.3788461538461538,0.3739531739821992,0.0917163909689061
reasoning-gym,reasoning-gym/reasoning-gym-logic-propositional-logic-hard0292e21f-seed45-2,reasoning-gym-logic-propositional-logic-hard0292e21f-seed45-2,0.2720323531781272,0.25567708457860744,0.1101706425263094,0.23430030205062052,medium,0.5576923076923077,0.5520833333333334,0.4308976015894676,-0.0085423743716769
bigcodebench,bigcodebench/bigcodebench_310,bigcodebench_310,0.2719579091498107,0.20237377812813195,0.09696889816242066,0.15912422201361273,hard,0.1923076923076923,0.3571428571428571,0.4791574237499548,0.0766004037648209
seal0,seal0/seal0-103,seal0-103,0.2718918031506131,0.2483495369410191,0.09942601290833411,0.195817144870709,hard,0.2833333461538462,0.2833333461538462,0.4003470839244888,0.3101203542172547
aider-polyglot,aider-polyglot/polyglot_go_simple-linked-list,polyglot_go_simple-linked-list,0.27137992752243495,0.2632099127060487,0.10460035915672866,0.18866839320878953,medium,0.4230769230769231,0.4230769230769231,0.3974028108642919,0.3098028617962038
simpleqa,simpleqa/simpleqa-1339,simpleqa-1339,0.2703023858982535,0.26399184316038277,0.07541115414595931,0.2114178964640465,hard,0.2615384615384615,0.2799999999999999,0.285657137141714,-0.0564151872591486
replicationbench,replicationbench/replicationbench-bayes_cal__load_cal,replicationbench-bayes_cal__load_cal,0.2702528651200196,0.2522633807349979,0.08765426936263192,0.20840411702595313,medium,0.4679487307692307,0.5039215882352942,0.347471238620688,0.3992559654897207
swebench-multilingual,swebench-multilingual/swebench-multilingual-caddyserver__caddy-5761,swebench-multilingual-caddyserver__caddy-5761,0.269578943656409,0.2642301614717792,0.02553944037393244,0.19798956457857395,frontier,0.0205128076923076,0.0380952142857142,0.0966560374170613,0.5043803703145407
bigcodebench,bigcodebench/bigcodebench_123,bigcodebench_123,0.2693876288213932,0.1997192369162425,0.08648096639695443,0.1762738535380579,hard,0.1153846153846153,0.25,0.4330127018922193,0.0122001154732326
bfcl,bfcl/bfcl-simple-python-296,bfcl-simple-python-296,0.26932145323389167,0.24547737374670237,0.02476465826847855,0.1659385895809107,saturated,0.953846153846154,0.953846153846154,0.1008836696046461,-0.119332620707164
bfcl,bfcl/bfcl-live-multiple-733-167-4,bfcl-live-multiple-733-167-4,0.26851649176122,0.24466202399045894,0.08996349396743379,0.19194180993141535,hard,0.2692307692307692,0.2692307692307692,0.3677051816220652,0.1895065567688942
kumo,kumo/kumo-pollutionenv-t4-a6-v1-s0,kumo-pollutionenv-t4-a6-v1-s0,0.2682763797373369,0.2563801605095961,0.07100446342173371,0.19834093730081812,easy,0.8974359230769231,0.8431372941176472,0.2769499140674579,0.1277650747189416
aime,aime/aime_71,aime_71,0.2673902295980337,0.2447412051696525,0.049616714759992325,0.1790151692350187,easy,0.9000000000000001,0.8700000000000001,0.2027313493271329,0.0918397746613959
seal0,seal0/seal0-6,seal0-6,0.26719506224898687,0.24359266600084833,0.04740586200831556,0.16587321988872425,hard,0.1173076923076923,0.1173076923076923,0.1946112039684744,0.3014571229095167
bigcodebench,bigcodebench/bigcodebench_1039,bigcodebench_1039,0.266785223296953,0.19703257690326367,0.04542078736496575,0.19131259772975528,hard,0.1032051153846154,0.1032051153846154,0.2305242517701315,0.152593748710814
gpqa-diamond,gpqa-diamond/gpqa-diamond-162,gpqa-diamond-162,0.2666715142138506,0.2544806454895629,0.09354757431810276,0.22438988213513225,medium,0.3096153846153846,0.3472222222222222,0.3676019217026839,0.5121034900515655
algotune,algotune/algotune-lp-centering,algotune-lp-centering,0.26603598675337714,0.24860639975551377,0.012800104140626371,0.18805103797024633,frontier,0.0254505346284778,0.0254505346284778,0.0514874281322377,0.3366976665590931
lawbench,lawbench/lawbench-2-10-17-one-shot,lawbench-2-10-17-one-shot,0.2647707643105099,0.2583881307348655,0.0388620299843063,0.21049815806311048,medium,0.5621127307692309,0.55494655,0.150401761388115,0.5495045300709794
swebench-multilingual,swebench-multilingual/swebench-multilingual-projectlombok__lombok-3674,swebench-multilingual-projectlombok__lombok-3674,0.2631049652424467,0.25773659262436555,0.06869481485648164,0.1942995287658856,hard,0.060897423076923,0.1130952142857143,0.2665310895787309,0.211339803399408
seal0,seal0/seal0-108,seal0-108,0.26241040893544015,0.23874793199671715,0.07156705715718024,0.1863736039165822,medium,0.3076923076923077,0.312,0.299759903923123,0.2170898694144755
swebench-multilingual,swebench-multilingual/swebench-multilingual-prometheus__prometheus-9248,swebench-multilingual-prometheus__prometheus-9248,0.2615613368498917,0.25618836487468233,0.08745866901224833,0.20749413113515272,hard,0.1025640769230769,0.1777777333333333,0.3413842352092368,0.3701256498450235
aider-polyglot,aider-polyglot/polyglot_go_matrix,polyglot_go_matrix,0.2607032819485725,0.25248432624697303,0.0489800956193279,0.16162922319395723,hard,0.0923076923076923,0.0923076923076923,0.1939926186602845,0.2109886012613881
swebench-multilingual,swebench-multilingual/swebench-multilingual-redis__redis-13338,swebench-multilingual-redis__redis-13338,0.26058348285797406,0.2552076115771838,0.05462399994683337,0.1874673977798883,hard,0.0544871538461538,0.1011904285714285,0.2140375030715459,0.3473550834735302
mmau,mmau/mmau-7bdc9998-3ded-4bd4-bbb9-f90258921e47,mmau-7bdc9998-3ded-4bd4-bbb9-f90258921e47,0.2599706882727093,0.24094734372114646,0.07555101374476715,0.19490232527527615,hard,0.1467948461538461,0.1908333,0.3135581931635817,0.2253472533300418
gpqa-diamond,gpqa-diamond/gpqa-diamond-76,gpqa-diamond-76,0.25989778001235275,-0.2720099073046114,0.024930119800026063,0.20033418233951428,frontier,0.0461538461538461,0.06,0.0916515138991168,-0.2414346561037729
seal0,seal0/seal0-42,seal0-42,0.25853896904887347,0.23482874602542833,0.03748803491698874,0.2037037818581143,hard,0.0525641153846153,0.0525641153846153,0.1596398888615168,0.0745104889020391
bfcl,bfcl/bfcl-simple-python-12,bfcl-simple-python-12,0.25824457015517105,0.2342605201631924,0.0213215988817825,0.2167818071283974,saturated,0.9692307692307692,0.9692307692307692,0.0910166120476864,0.2053046917559398
bfcl,bfcl/bfcl-live-irrelevance-698-227-1,bfcl-live-irrelevance-698-227-1,0.2579006279333152,0.2339123346380388,0.060965019254957425,0.16737986385668788,hard,0.123076923076923,0.123076923076923,0.2606319130168833,0.2899935377544717
mmau,mmau/mmau-a063e4d1-15cf-4ced-a9d5-8130d629c604,mmau-a063e4d1-15cf-4ced-a9d5-8130d629c604,0.2573068308980443,0.2382569286043677,0.07131806374900831,0.2056778344829623,easy,0.7384615384615384,0.72,0.2993325909419153,0.1897355801304738
swebench-multilingual,swebench-multilingual/swebench-multilingual-laravel__framework-48573,swebench-multilingual-laravel__framework-48573,0.25638973907024765,0.25100155911304345,0.09009051606405391,0.1942221101574699,hard,0.0961538461538461,0.1785714285714285,0.3589241293257461,0.3453349955742847
bigcodebench,bigcodebench/bigcodebench_100,bigcodebench_100,0.25618340502705805,0.1860985169683092,0.02807262511779487,0.14395239305753735,frontier,0.0442307692307692,0.0442307692307692,0.1508481936079876,0.129569685288796
mmau,mmau/mmau-e3254a02-d2eb-45b1-a810-eaf6998498bc,mmau-e3254a02-d2eb-45b1-a810-eaf6998498bc,0.2558635126388934,0.2367993436863737,0.05497622015270808,0.22236616925848157,medium,0.3153846153846154,0.29,0.232163735324878,0.167950139255306
swtbench,swtbench/swtbench-sympy__sympy-13372,swtbench-sympy__sympy-13372,0.2553371537231005,0.20520278958461974,0.06656147785147404,0.17624297502220457,medium,0.5153846153846154,0.4952380952380951,0.3243692641128838,0.5739055616410266
gpqa-diamond,gpqa-diamond/gpqa-diamond-121,gpqa-diamond-121,0.2552000009236719,0.24293333550272397,0.0895977483840524,0.20416267641248673,medium,0.4294871923076923,0.4425926111111111,0.3688161947747503,0.4245207837909047
swebench-multilingual,swebench-multilingual/swebench-multilingual-apache__druid-14092,swebench-multilingual-apache__druid-14092,0.255146606369219,0.24975481695689503,0.0909646203769287,0.20115155783541994,hard,0.1538461538461538,0.2857142857142857,0.3642156795423418,0.4068437232899467
crustbench,crustbench/crustbench-c-aces,crustbench-c-aces,0.25194605334670445,0.23792077586646285,0.04077756653999752,0.1741375850551698,easy,0.9307692307692308,0.925,0.171391365010026,0.3578498202124912
bixbench,bixbench/bix-16-q3,bix-16-q3,0.25161317467264227,0.18878778494309506,0.01283027954260187,0.1829381191768973,frontier,0.0173076923076923,0.0225,0.0679613860953409,0.2192416253260076
gaia,gaia/gaia-384d0dd8-e8a4-4cfe-963c-d37f256e7662,gaia-384d0dd8-e8a4-4cfe-963c-d37f256e7662,0.2513492237755255,0.2401054513838333,0.04321898124908999,0.2516625296057812,frontier,0.0461538461538461,0.06,0.18,-0.3145372855742844
reasoning-gym,reasoning-gym/reasoning-gym-algorithmic-binary-matrix-easy00cea0a5-seed45-1,reasoning-gym-algorithmic-binary-matrix-easy00cea0a5-seed45-1,0.2510998066535196,0.2345603129706066,0.08741546743765032,0.192983432379977,easy,0.9230769230769232,0.8333333333333334,0.3726779962499649,0.0367402149215342
reasoning-gym,reasoning-gym/reasoning-gym-cognition-color-cube-rotation-hard0292e21f-seed45-2,reasoning-gym-cognition-color-cube-rotation-hard0292e21f-seed45-2,0.25070124386142706,0.23415839451969128,0.10604963027751683,0.21363985083122,medium,0.3364102692307692,0.4313889166666667,0.4528969823825757,0.2203574766188422
algotune,algotune/algotune-tsp,algotune-tsp,0.25012706976673,0.23255133589662874,0.026380974423756753,0.20442238440205643,hard,0.1132992920272937,0.1114435444893149,0.1134415088266074,0.1750356583960924
kumo,kumo/kumo-algorithmenv-t4-a6-v1-s1,kumo-algorithmenv-t4-a6-v1-s1,0.24959839265644782,0.23758249885917038,0.07766985774607434,0.19282804778503268,easy,0.8653846153846154,0.825,0.3269174207655505,0.3377677448429717
algotune,algotune/algotune-rbf-interpolation,algotune-rbf-interpolation,0.24956147980292245,0.23198072724537114,0.0310058750388885,0.14506950180005682,frontier,0.0421585650599309,0.0498092167426861,0.1336571162917896,0.3132979533687688
mmmlu,mmmlu/mmmlu-pt-br-00115,mmmlu-pt-br-00115,0.24893284264861507,-0.26359647761888894,0.09711895152485557,0.1985229410424235,hard,0.2211538461538461,0.2875,0.3684379715622428,-0.0074952160089749
reasoning-gym,reasoning-gym/reasoning-gym-cognition-color-cube-rotation-hard0292e21f-seed45-0,reasoning-gym-cognition-color-cube-rotation-hard0292e21f-seed45-0,0.24891269405016553,0.2323548561120213,0.1006585334939446,0.20690323683600143,medium,0.4337178461538462,0.4536110833333333,0.4332103713184966,0.2064599773952436
bfcl,bfcl/bfcl-live-multiple-196-88-0,bfcl-live-multiple-196-88-0,0.2462871398986123,0.22215920056084984,0.08088071108108409,0.19319446738074067,hard,0.2769230769230769,0.2769230769230769,0.3640664481907456,0.4377744969027456
aider-polyglot,aider-polyglot/polyglot_go_ledger,polyglot_go_ledger,0.24611732059813538,0.23783477505293862,0.08198622515121252,0.21211479741699285,medium,0.5538461538461539,0.5538461538461539,0.3447192494577951,0.3312182518133935
algotune,algotune/algotune-sparse-lowest-eigenvectors-posdef,algotune-sparse-lowest-eigenvectors-posdef,0.24565219513304748,-0.26302728268038633,0.02090508066923248,0.17693637270710752,frontier,0.0348552900217776,0.0411926154802827,0.079478753900351,-0.0849591772802202
reasoning-gym,reasoning-gym/reasoning-gym-arithmetic-leg-counting-easy00cea0a5-seed45-0,reasoning-gym-arithmetic-leg-counting-easy00cea0a5-seed45-0,0.24542126896560476,0.2288345012538386,0.07381224793875608,0.2018764973545549,easy,0.9205128076923076,0.82777775,0.3225573396245813,0.318032200866018
medagentbench,medagentbench/medagentbench-task7_12,medagentbench-task7_12,0.24534242259995265,0.22648830829759994,0.016174500436090575,0.1693359602703831,frontier,0.023076923076923,0.03,0.0714142842854285,0.4721024318740939
algotune,algotune/algotune-max-independent-set-cpsat,algotune-max-independent-set-cpsat,0.24518646586923526,0.2275673027750982,0.06229757288447884,0.20493467575087,medium,0.3490628395056098,0.3490628395056098,0.2737544986682323,0.2908039832341487
aider-polyglot,aider-polyglot/polyglot_python_go-counting,polyglot_python_go-counting,0.24487449187811,0.23658670259464115,0.04165936276458237,0.19235605709566206,hard,0.0769230769230769,0.0769230769230769,0.1760849714193784,0.2958658640383684
swebench-verified,swebench-verified/swebench-verified-matplotlib__matplotlib-26208,swebench-verified-matplotlib__matplotlib-26208,0.2432331628365732,0.10280614124984132,0.009807080828463127,0.13915992809231478,frontier,0.023076923076923,0.03,0.0953939201416945,0.2543034477954223
mmmlu,mmmlu/mmmlu-de-de-00028,mmmlu-de-de-00028,0.24229734073694079,0.22741129788611683,0.09209793587128916,0.20146903106404176,medium,0.6602563846153846,0.627192947368421,0.4049839947591787,0.520849365827635
seal0,seal0/seal0-52,seal0-52,0.24192278638340098,0.21801644080377924,0.023482436740809406,0.17699215647101874,hard,0.0557692307692307,0.0557692307692307,0.107709476653388,0.3108823486526813
algotune,algotune/algotune-max-weighted-independent-set,algotune-max-weighted-independent-set,0.24180373597882926,0.22415537247056275,0.04823321103316019,0.19457871223028722,hard,0.296128052165871,0.2946711392522491,0.2151775819671439,0.1290905860230337
featurebench-modal,featurebench-modal/featurebench-modal-mlflow__mlflow.93dab383.test_ai_command_utils.85dcb487.lv1,featurebench-modal-mlflow__mlflow.93dab383.test_ai_command_utils.85dcb487.lv1,0.24144879575980532,0.2319738109525213,0.08421639801108093,0.17614864594265686,hard,0.2307692307692307,0.24,0.3630426972134269,0.1606453859259867
swebench-multilingual,swebench-multilingual/swebench-multilingual-phpoffice__phpspreadsheet-3469,swebench-multilingual-phpoffice__phpspreadsheet-3469,0.2406044563797934,0.23517177307995343,0.062351471985853994,0.18683062795971506,hard,0.0512820384615384,0.0952380714285714,0.2651316149436685,0.4838001533949199
swebench-multilingual,swebench-multilingual/swebench-multilingual-rubocop__rubocop-13424,swebench-multilingual-rubocop__rubocop-13424,0.24042919420182812,0.2349960329851304,0.10118550094870048,0.1804318522804161,hard,0.1743589615384615,0.3022222,0.4305838684311028,0.2339835360660074
algotune,algotune/algotune-sparse-lowest-eigenvalues-posdef,algotune-sparse-lowest-eigenvalues-posdef,0.24035417656163796,-0.2577794323933627,0.02950321365797714,0.19443115822026316,hard,0.0603008745419949,0.0710868230329545,0.1144513873122206,-0.0675244754818523
bigcodebench,bigcodebench/bigcodebench_509,bigcodebench_509,0.24014681815481234,0.1695928252086859,0.08210377345868825,0.17319807724737543,easy,0.7692307692307693,0.625,0.4841229182759271,0.3522567600044715
reasoning-gym,reasoning-gym/reasoning-gym-cognition-figlet-font-hard0292e21f-seed45-2,reasoning-gym-cognition-figlet-font-hard0292e21f-seed45-2,0.2397559192848989,0.22312313556720437,0.08190376651276943,0.15056453451266177,hard,0.085576923076923,0.1854166666666666,0.3670787715696122,0.2749498960416014
livecodebench,livecodebench/livecodebench-arc184_d,livecodebench-arc184_d,0.2397384967961543,0.21381550295983226,0.0972178189837011,0.319925209758549,medium,0.3769230769230769,0.4428571428571429,0.4546808703668443,0.4241280187838293
bigcodebench,bigcodebench/bigcodebench_129,bigcodebench_129,0.23918803885121745,0.1686072715663404,0.07300909021961621,0.18803468543016413,hard,0.1153846153846153,0.25,0.4330127018922193,0.1324926676077651
lawbench,lawbench/lawbench-2-9-17-zero-shot,lawbench-2-9-17-zero-shot,0.23916629917805401,0.23269680800602652,0.03372055598676272,0.1896018386842264,easy,0.7655778846153847,0.7552512500000002,0.1449119834333499,0.6559153956951944
bfcl,bfcl/bfcl-live-irrelevance-781-290-0,bfcl-live-irrelevance-781-290-0,0.2384827367703504,0.21426491474762255,0.05486275220330063,0.14465396398866717,hard,0.1538461538461538,0.1538461538461538,0.256051030416819,0.3988733733951721
reasoning-gym,reasoning-gym/reasoning-gym-algorithmic-letter-jumble-hard0292e21f-seed45-1,reasoning-gym-algorithmic-letter-jumble-hard0292e21f-seed45-1,0.23704483228330767,0.22039043372775396,0.09397530108946188,0.21728975859759278,hard,0.2713674230769231,0.3935185,0.4264037213409571,0.3326011300704432
mmau,mmau/mmau-ddc7d4a4-054c-4fd2-9755-e96bc744a4ca,mmau-ddc7d4a4-054c-4fd2-9755-e96bc744a4ca,0.23702052955720854,0.21777801312395023,0.0683142933742361,0.18284927648759894,medium,0.3461538461538461,0.36,0.3136877428271624,-0.0014379761148924
labbench,labbench/labbench-figqa-0171,labbench-figqa-0171,0.23686654404445015,0.2290095916142148,0.029053253400152985,0.21394889873023548,frontier,0.0461538461538461,0.0923076923076923,0.1268647884805434,-0.0589954040578177
mmau,mmau/mmau-40acec85-b206-4c9f-9adc-744cd7ee5413,mmau-40acec85-b206-4c9f-9adc-744cd7ee5413,0.23607413109530345,0.2168230442865793,0.058822617371894585,0.17961698998567496,hard,0.2615384615384615,0.2799999999999999,0.2712931993250107,0.0235194943970672
gaia,gaia/gaia-e1fc63a2-da7a-432f-be78-7c4a95598703,gaia-e1fc63a2-da7a-432f-be78-7c4a95598703,0.23596919202725644,0.22463860508427505,0.05176445598750643,0.17414098991873497,hard,0.2230769230769231,0.23,0.2304343724360582,0.2840803455183558
swebench-multilingual,swebench-multilingual/swebench-multilingual-rubocop__rubocop-13393,swebench-multilingual-rubocop__rubocop-13393,0.2355991401458916,0.23015294798260924,0.07176280264036766,0.17704220576183816,hard,0.1025641153846153,0.1666666875,0.3118048379106149,0.2051407964504336
algotune,algotune/algotune-rotate-2d,algotune-rotate-2d,0.23553932113326365,0.21783802909993005,0.033017191842055156,0.20635475134674125,hard,0.0500516903528115,0.0591519976896863,0.151567621036954,0.2733999641123125
aime,aime/aime_i-14,aime_i-14,0.23322934754987812,0.21019201190965106,0.0821403601020494,0.1763166804277476,hard,0.2403846153846154,0.3289473684210526,0.3907872585441383,0.3519959915795408
mmmlu,mmmlu/mmmlu-ko-kr-00108,mmmlu-ko-kr-00108,0.2320847103941451,0.21712567961371704,0.0947984243937305,0.16047140712093375,medium,0.6826923076923077,0.625,0.4366062299143245,0.5847188936203384
kumo,kumo/kumo-wildlifeenv-t4-a6-v1-s0,kumo-wildlifeenv-t4-a6-v1-s0,0.2319166857755855,0.21979581521309247,0.08160616876713085,0.13754276480815397,hard,0.1955128076923076,0.2675438421052631,0.3712817220292093,0.4918205278829582
aider-polyglot,aider-polyglot/polyglot_go_markdown,polyglot_go_markdown,0.23187644904527005,0.2235354604475786,0.06854330216920017,0.2258058257576723,easy,0.7461538461538463,0.7461538461538463,0.3066327911999192,0.2702118317113254
bixbench,bixbench/bix-36-q4,bix-36-q4,0.23095453497707227,0.16759275124583609,0.014610397327010983,0.15455207572519764,frontier,0.0153846153846153,0.02,0.0871779788708134,0.1075824770614587
featurebench-modal,featurebench-modal/featurebench-modal-mlflow__mlflow.93dab383.test_judge_tool_search_traces.cad8fc4b.lv1,featurebench-modal-mlflow__mlflow.93dab383.test_judge_tool_search_traces.cad8fc4b.lv1,0.2291720602405079,0.2196407103095407,0.011917406200378622,0.1791149852844465,frontier,0.0153846153846153,0.016,0.0542586398650021,0.3261199859970772
algotune,algotune/algotune-integer-factorization,algotune-integer-factorization,0.22911274980591947,0.21135870667472706,0.06719220736927946,0.16087687711400897,hard,0.222208651941265,0.2406096817825632,0.3179060301153606,0.2232912040175812
bfcl,bfcl/bfcl-live-multiple-685-164-1,bfcl-live-multiple-685-164-1,0.22802656696511384,0.20369330704366434,0.08082688544181747,0.18761226241716228,medium,0.3153846153846154,0.3153846153846154,0.3968067808162748,0.569213791624392
mmmlu,mmmlu/mmmlu-ko-kr-00105,mmmlu-ko-kr-00105,0.22774182518052202,-0.24257072463756196,0.04846146997714546,0.2037608574252402,hard,0.060897423076923,0.07916665,0.1997828470420508,-0.2187253764499416
reasoning-gym,reasoning-gym/reasoning-gym-geometry-simple-geometry-hard0292e21f-seed45-2,reasoning-gym-geometry-simple-geometry-hard0292e21f-seed45-2,0.22760097774743632,0.21087333479466777,0.04924473071252398,0.17951189573927487,easy,0.7420512692307694,0.7306666500000001,0.2335275380382954,-0.1885240244633547
featurebench-modal,featurebench-modal/featurebench-modal-mlflow__mlflow.93dab383.test_security.98fcde1d.lv1,featurebench-modal-mlflow__mlflow.93dab383.test_security.98fcde1d.lv1,0.22731745287913008,0.21777785349670306,0.07076138338226659,0.179312310493732,hard,0.1615384615384615,0.168,0.3249246066397557,0.4045753561082208
mmmlu,mmmlu/mmmlu-pt-br-00111,mmmlu-pt-br-00111,0.2260923701497658,0.21109206460403923,0.05918788235661838,0.17842418006054303,hard,0.1089743461538461,0.1574073888888889,0.2803889500424443,0.333559193036198
gaia,gaia/gaia-1f975693-876d-457b-a649-393859e79bf3,gaia-1f975693-876d-457b-a649-393859e79bf3,0.22599120808620488,0.2146073601462328,0.028160828171051228,0.1637945174800646,frontier,0.048076923076923,0.0625,0.1312202347201071,0.0713958952277606
mmau,mmau/mmau-05eb32f6-5ad4-4abc-9a9a-0a252329e4ba,mmau-05eb32f6-5ad4-4abc-9a9a-0a252329e4ba,0.22459819097629397,0.2052461251750431,0.06241473585135317,0.22863618890720067,medium,0.3653846153846155,0.355,0.3040970239906994,-0.2090178232056141
reasoning-gym,reasoning-gym/reasoning-gym-arithmetic-gcd-hard0292e21f-seed45-0,reasoning-gym-arithmetic-gcd-hard0292e21f-seed45-0,0.22454906416860793,0.20779843177394586,0.05743245251820366,0.1956086723695345,saturated,0.9615384615384616,0.9166666666666666,0.2763853991962833,-0.0441829921736677
reasoning-gym,reasoning-gym/reasoning-gym-algorithmic-count-primes-hard0292e21f-seed45-2,reasoning-gym-algorithmic-count-primes-hard0292e21f-seed45-2,0.22454906416860793,0.20779843177394586,0.05743245251820366,0.1956086723695345,saturated,0.9615384615384616,0.9166666666666666,0.2763853991962833,-0.0441829921736677
reasoning-gym,reasoning-gym/reasoning-gym-arithmetic-prime-factorization-hard0292e21f-seed45-0,reasoning-gym-arithmetic-prime-factorization-hard0292e21f-seed45-0,0.22454906416860793,0.20779843177394583,0.057432452518203655,0.19560867236953453,saturated,0.9615384615384616,0.9166666666666666,0.2763853991962833,-0.0441829921736677
mmmlu,mmmlu/mmmlu-hi-in-00068,mmmlu-hi-in-00068,0.22375924535603123,0.20874317963990632,0.08626921275351285,0.14929997405310622,easy,0.8044871923076923,0.7009804117647059,0.4132791926535376,0.1911699940958824
bigcodebench,bigcodebench/bigcodebench_1053,bigcodebench_1053,0.2232310875931056,0.15222570807507016,0.0640848926825977,0.17506793277778326,medium,0.3480769230769231,0.3480769230769231,0.4209860048802941,-0.2512269536522689
gpqa-diamond,gpqa-diamond/gpqa-diamond-157,gpqa-diamond-157,0.2223351766436017,0.2098706561117341,0.0970752442983938,0.20091991120808683,medium,0.4538461538461539,0.4777777777777777,0.4625479621444144,0.3134156919012129
bfcl,bfcl/bfcl-live-irrelevance-281-63-0,bfcl-live-irrelevance-281-63-0,0.22142782567998984,0.19702464993952598,0.05498005334474675,0.1716906903886999,easy,0.8461538461538461,0.8461538461538461,0.2790516484187239,0.1251624433123891
algotune,algotune/algotune-two-eigenvalues-around-0,algotune-two-eigenvalues-around-0,0.21952747706034706,0.20169766556705826,0.06591726019225508,0.20909665678027442,medium,0.5238881416646325,0.4605098393851599,0.3268122117672186,-0.1269443309521466
algotune,algotune/algotune-discrete-log,algotune-discrete-log,0.21903810109995683,-0.236654856204403,0.06357130009351726,0.17001176126457887,hard,0.1428727064411173,0.1468136815875041,0.2686245324229037,-0.2915854044697418
seal0,seal0/seal0-109,seal0-109,0.21841906084163887,0.19425964180944996,0.02054669288369181,0.1924205605469277,frontier,0.0288461538461538,0.0288461538461538,0.1057692307692307,0.0960080168170782
swebench-multilingual,swebench-multilingual/swebench-multilingual-vuejs__core-11739,swebench-multilingual-vuejs__core-11739,0.21831512100522493,0.2128245110428962,0.07507544544118881,0.17536601575129362,hard,0.1070512692307692,0.2141025384615384,0.352757514034917,0.1800695121796023
swebench-multilingual,swebench-multilingual/swebench-multilingual-fluent__fluentd-3466,swebench-multilingual-fluent__fluentd-3466,0.2176775638867916,0.21218538160999825,0.07549578174264314,0.1784086437398637,hard,0.1057692307692307,0.1964285714285714,0.3558010508066299,0.1399743076342692
bfcl,bfcl/bfcl-live-irrelevance-721-239-0,bfcl-live-irrelevance-721-239-0,0.217044951246939,-0.24109164514617376,0.0919079309757185,0.1909134297802074,medium,0.5076923076923077,0.5076923076923077,0.3812157444111959,-0.372732819836435
livecodebench,livecodebench/livecodebench-abc363_f,livecodebench-abc363_f,0.2167513533127259,0.19056463302207227,0.012279593902221504,0.11708489133231936,frontier,0.0153846153846153,0.0235294117647058,0.0644379479417842,0.2331161312690752
bfcl,bfcl/bfcl-simple-java-73,bfcl-simple-java-73,0.2155302549761916,0.1910665131095804,0.03505882518421452,0.14394255291748112,easy,0.8692307692307693,0.8692307692307693,0.1834901606442548,0.0980709904828336
livecodebench,livecodebench/livecodebench-abc306_d,livecodebench-abc306_d,0.21528984516186245,0.18908735582777775,0.011884884581551564,0.18339354762271248,saturated,0.9846153846153848,0.977777777777778,0.0628539361054708,0.0069253496627185
mmau,mmau/mmau-ac85ba57-edc0-4ccb-aa61-ce50f4af7650,mmau-ac85ba57-edc0-4ccb-aa61-ce50f4af7650,0.215037767540982,0.19560572908044685,0.04369501003924531,0.19644115749058244,hard,0.2076923076923077,0.21,0.2233830790368867,-0.0344325640141384
seal0,seal0/seal0-53,seal0-53,0.21495430303810872,-0.23875928198400695,0.06338374542540451,0.18836932274148144,hard,0.1410256538461538,0.1410256538461538,0.2654713353914769,-0.1563329946483866
mmmlu,mmmlu/mmmlu-ar-xy-00006,mmmlu-ar-xy-00006,0.21379176142096526,0.19871032290427124,0.031224314848306376,0.18506249312509293,saturated,0.9615384615384616,0.9444444444444444,0.1571348402636772,0.4458572453925775
mmmlu,mmmlu/mmmlu-hi-in-00067,mmmlu-hi-in-00067,0.21379176142096526,0.19871032290427124,0.03201121360700141,0.18506249312509296,saturated,0.9615384615384616,0.9411764705882352,0.1610948698544606,0.4458572453925779
mmmlu,mmmlu/mmmlu-it-it-00089,mmmlu-it-it-00089,0.2135412499851626,0.19845820931171917,0.022729559979532125,0.17954928412339882,saturated,0.9807692307692308,0.9722222222222222,0.1145307118227128,-0.0832092153849212
mmmlu,mmmlu/mmmlu-fr-fr-00052,mmmlu-fr-fr-00052,0.2135412499851626,0.19845820931171923,0.02334802462490814,0.17954928412339882,saturated,0.9807692307692308,0.9705882352941176,0.1176470588235294,-0.0832092153849212
mmmlu,mmmlu/mmmlu-fr-fr-00054,mmmlu-fr-fr-00054,0.2135412499851626,0.19845820931171923,0.024019541861951054,0.1795492841233988,saturated,0.9807692307692308,0.96875,0.1210307295689817,-0.0832092153849212
mmmlu,mmmlu/mmmlu-it-it-00087,mmmlu-it-it-00087,0.2135412499851626,0.19845820931171917,0.015153024833314753,0.17954928412339882,saturated,0.9871795,0.9814815,0.0763537315280006,-0.0832092153849212
aider-polyglot,aider-polyglot/polyglot_python_list-ops,polyglot_python_list-ops,0.2132968784173713,0.20488504814012184,0.05229504888455911,0.18121284291881684,hard,0.1153846153846153,0.1153846153846153,0.2552409234313393,0.3103733165532986
gpqa-diamond,gpqa-diamond/gpqa-diamond-60,gpqa-diamond-60,0.21311878902248335,0.20060391377560746,0.02239711385736213,0.20974496196017342,saturated,0.9807692307692308,0.9736842105263158,0.111648439134718,0.1062978184396032
seal0,seal0/seal0-21,seal0-21,0.2130909055908723,-0.23691745057160601,0.031571458462172325,0.1724116738332239,frontier,0.0435897307692307,0.0435897307692307,0.1332593204341871,-0.0881168472793038
swebench-multilingual,swebench-multilingual/swebench-multilingual-fluent__fluentd-4030,swebench-multilingual-fluent__fluentd-4030,0.21086264106171618,0.20535394600696744,0.08964247938101712,0.1742601629610752,hard,0.2115384615384615,0.3666666666666666,0.4365266951236264,0.2911840867087309
gpqa-diamond,gpqa-diamond/gpqa-diamond-10,gpqa-diamond-10,0.20906372843176113,0.19652740918436,0.027081113288063792,0.23039298781307369,saturated,0.9602564230769232,0.9425926111111111,0.137798149380066,-0.0855464681903188
swebench-multilingual,swebench-multilingual/swebench-multilingual-uutils__coreutils-6690,swebench-multilingual-uutils__coreutils-6690,0.20880416195497953,0.20329058482138046,0.05948370455764293,0.17056127174799154,hard,0.0993589615384615,0.1722222,0.2926043260188748,0.0989650642147638
mmau,mmau/mmau-c678230c-6851-4232-827b-2dc545e975b5,mmau-c678230c-6851-4232-827b-2dc545e975b5,0.20863241203075195,0.18914890211384,0.016489618991917896,0.14909519627310633,frontier,0.0153846153846153,0.02,0.0871779788708134,0.3443026310270121
crustbench,crustbench/crustbench-bostree,crustbench-bostree,0.20820454206244546,0.19389191341250134,0.06230317577727532,0.16672731423496492,hard,0.0846153846153846,0.1294117647058823,0.3213294184411214,0.2370926652942657
algotune,algotune/algotune-qr-factorization,algotune-qr-factorization,0.2077010199706787,0.18978252218232744,0.04209347939110538,0.16112621733756147,hard,0.0720121998561811,0.1170198247662944,0.2217985033978283,0.0206502220400377
mmau,mmau/mmau-76c2a626-7e3c-4f2f-ad20-b07cd0890302,mmau-76c2a626-7e3c-4f2f-ad20-b07cd0890302,0.20694544525054856,0.18744866078723105,0.056738065337398835,0.1772390373096035,hard,0.1711538461538461,0.2225,0.3026858932953434,0.1303344373493732
gpqa-diamond,gpqa-diamond/gpqa-diamond-64,gpqa-diamond-64,0.20688235320479934,-0.21932876971196258,0.06366813687717936,0.1367692425170094,easy,0.8666666538461538,0.807407388888889,0.2902862992428794,-0.3125478975843734
algotune,algotune/algotune-vehicle-routing,algotune-vehicle-routing,0.2067744798224639,0.18884925767474006,0.02343626524464955,0.19775149111500148,hard,0.1585511629196167,0.1569007916984929,0.1241003832009466,0.0538030606781634
reasoning-gym,reasoning-gym/reasoning-gym-arithmetic-fraction-simplification-hard0292e21f-seed45-0,reasoning-gym-arithmetic-fraction-simplification-hard0292e21f-seed45-0,0.20656197369136778,0.18968259557027214,0.04980422490241298,0.18407431825466233,saturated,0.9634615384615384,0.9208333333333334,0.2625661292364691,0.1584912122015368
seal0,seal0/seal0-40,seal0-40,0.2057637455134487,0.18147985158083843,0.06894754131571748,0.1840342321909663,medium,0.6865384615384615,0.6865384615384615,0.379918435656233,0.2198550588518537
seal0,seal0/seal0-57,seal0-57,0.2056561779986763,0.18137126137712786,0.06643049787664158,0.20284164582944642,hard,0.2685897307692307,0.2685897307692307,0.3662680480482059,-0.0038900027717392
algotune,algotune/algotune-svd,algotune-svd,0.20374003909755417,0.18579302200271453,0.03137637572491192,0.17133275224897626,hard,0.0765956562448786,0.1244679413979277,0.1688781170934046,-0.0635651865061381
simpleqa,simpleqa/simpleqa-2284,simpleqa-2284,0.203602514603958,0.1970812207385848,0.07047548398367906,0.19837436732656472,medium,0.4192307692307692,0.425,0.3575961409187744,-0.1977384343111462
labbench,labbench/labbench-figqa-0119,labbench-figqa-0119,0.20351550441822863,-0.21145107695514312,0.017817926870321944,0.23733415931178015,frontier,0.023076923076923,0.0461538461538461,0.0842650088469486,-0.4958714278796259
bfcl,bfcl/bfcl-live-multiple-584-157-5,bfcl-live-multiple-584-157-5,0.20340440848199068,0.1788218280942696,0.06429880457238756,0.16213813009768094,medium,0.4384615384615384,0.4384615384615384,0.3595691043852382,-0.1523246429282527
swebench-multilingual,swebench-multilingual/swebench-multilingual-caddyserver__caddy-6411,swebench-multilingual-caddyserver__caddy-6411,0.20320963525591054,0.1976830373162957,0.0804287899085316,0.18342368261700845,hard,0.1282051153846153,0.2380952142857142,0.4068573156322178,0.2652053728861173
mmau,mmau/mmau-6aa80dfd-eb32-41c9-abeb-4bd66c460868,mmau-6aa80dfd-eb32-41c9-abeb-4bd66c460868,0.2013796496551244,0.1818399003326077,0.05548352246173414,0.17708368785979708,hard,0.2538461538461539,0.27,0.3051229260478471,-0.0975617261830308
mmau,mmau/mmau-b79edaf7-c7f4-42f6-9535-69a68a425e8f,mmau-b79edaf7-c7f4-42f6-9535-69a68a425e8f,0.20136931248906675,0.181829484556751,0.05724722442320246,0.1953723341066807,medium,0.3019230769230769,0.3175,0.3148401622693649,-0.2734268556546805
reasoning-gym,reasoning-gym/reasoning-gym-algorithmic-string-insertion-easy00cea0a5-seed45-2,reasoning-gym-algorithmic-string-insertion-easy00cea0a5-seed45-2,0.20126323640424149,0.18434813005741812,0.043780255188150784,0.1755653355831884,easy,0.8923076923076925,0.86,0.2374868417407583,0.0034738468831365
bixbench,bixbench/bix-8-q7,bix-8-q7,0.20103672424132918,0.1370029475992172,0.028678729208277836,0.2168876876374464,hard,0.1634615384615384,0.1825,0.2093292860542929,-0.1572034777993093
medagentbench,medagentbench/medagentbench-task7_20,medagentbench-task7_20,0.20080142637458587,0.18157445917725615,0.012967010046657502,0.1669981852085279,frontier,0.023076923076923,0.03,0.0714142842854285,-0.0155320324177188
swebench-multilingual,swebench-multilingual/swebench-multilingual-redis__redis-12272,swebench-multilingual-redis__redis-12272,0.2007381572864204,0.19520592249865368,0.051326828740292214,0.15789784186000008,hard,0.0641025384615384,0.1111110666666666,0.2629368416864822,0.3769014142080759
gpqa-diamond,gpqa-diamond/gpqa-diamond-65,gpqa-diamond-65,0.20052690588257752,0.18794686221929413,0.026763644912038774,0.2667727337440468,saturated,0.9653846153846154,0.95,0.1424000624219588,-0.3051044490442345
featurebench-modal,featurebench-modal/featurebench-modal-scikit-learn__scikit-learn.5741bac9.test_public_functions.28421aef.lv1,featurebench-modal-scikit-learn__scikit-learn.5741bac9.test_public_functions.28421aef.lv1,0.20027989328113938,0.19062793572052736,0.0406372024627603,0.17300090781845195,frontier,0.0307692307692307,0.0615384615384615,0.2131754840084772,0.312060392050873
featurebench-modal,featurebench-modal/featurebench-modal-sympy__sympy.c1097516.test_puiseux.cd575f09.lv1,featurebench-modal-sympy__sympy.c1097516.test_puiseux.cd575f09.lv1,0.20027989328113938,0.19062793572052736,0.010159300615690075,0.17300090781845195,frontier,0.0076923076923076,0.0153846153846153,0.0532938710021193,0.312060392050873
featurebench-modal,featurebench-modal/featurebench-modal-mlflow__mlflow.93dab383.test_file_store_logged_model.a9596c54.lv1,featurebench-modal-mlflow__mlflow.93dab383.test_file_store_logged_model.a9596c54.lv1,0.20027989328113938,0.19062793572052739,0.052686778112081396,0.17300090781845195,frontier,0.0384615384615384,0.0833333333333333,0.2763853991962833,0.3120603920508731
livecodebench,livecodebench/livecodebench-abc364_c,livecodebench-abc364_c,0.1996980481566147,0.1733347480273959,0.03154372583400408,0.15753403954813916,easy,0.9461538461538462,0.9222222222222224,0.1819815483795467,0.4630375616343996
aider-polyglot,aider-polyglot/polyglot_java_satellite,polyglot_java_satellite,0.19840009539115902,0.18993588450250457,0.014610452654038809,0.14657071920400755,frontier,0.0153846153846153,0.0153846153846153,0.0769230769230769,-0.0456794431774848
bfcl,bfcl/bfcl-live-irrelevance-745-256-0,bfcl-live-irrelevance-745-256-0,0.1982442143317633,0.17361338205985752,0.03464554338132623,0.18686977759703863,hard,0.0692307692307692,0.0692307692307692,0.1995557195549668,0.3782384796083821
gpqa-diamond,gpqa-diamond/gpqa-diamond-12,gpqa-diamond-12,0.1981333185975044,0.18554136083937592,0.0571783976418462,0.1866109296114734,easy,0.7269230769230769,0.6944444444444444,0.3081706277413036,0.0527872395864737
featurebench-modal,featurebench-modal/featurebench-modal-huggingface__transformers.e2e8dbed.test_modeling_seggpt.f9e83f60.lv2,featurebench-modal-huggingface__transformers.e2e8dbed.test_modeling_seggpt.f9e83f60.lv2,0.19769991301190828,0.18803800709580368,0.030037711478414626,0.21304373677891567,hard,0.0576923076923076,0.0576923076923076,0.1597427665945783,-0.0454841263212638
mmau,mmau/mmau-bc9a6036-2011-42af-bd0f-f1a62a69823a,mmau-bc9a6036-2011-42af-bd0f-f1a62a69823a,0.19737142315066009,0.177801522954338,0.028614447094613644,0.14472660743092358,hard,0.0846153846153846,0.11,0.1609347693943108,0.1683319236962369
bigcodebench,bigcodebench/bigcodebench_1015,bigcodebench_1015,0.1953938960431645,0.12374210845674277,0.027558840449548174,0.14283364452192635,hard,0.0961538461538461,0.0961538461538461,0.2227119029508219,0.3240391746610643
seal0,seal0/seal0-3,seal0-3,0.19452778366659487,0.17014027886415803,0.037086987731511964,0.20167990663081745,hard,0.1192307692307692,0.1192307692307692,0.2179788817739193,0.0094344985755987
bigcodebench,bigcodebench/bigcodebench_492,bigcodebench_492,0.19324203974897478,0.12154525161148814,0.05954476942126815,0.15555894815941831,hard,0.2307692307692307,0.4,0.4898979485566356,0.2327491490952752
gpqa-diamond,gpqa-diamond/gpqa-diamond-8,gpqa-diamond-8,0.19317158633682685,0.18055541335693112,0.06573913359404884,0.17318945902339694,medium,0.5448718076923077,0.5156862941176471,0.3640939497288424,0.2464298948093021
bfcl,bfcl/bfcl-live-relevance-10-10-0,bfcl-live-relevance-10-10-0,0.1924937972302064,0.16781082457433003,0.054292586950039266,0.18665731078892914,hard,0.2384615384615384,0.2384615384615384,0.323534474535586,0.216941915063627
featurebench-modal,featurebench-modal/featurebench-modal-mlflow__mlflow.93dab383.test_dependencies_schema.7019486f.lv1,featurebench-modal-mlflow__mlflow.93dab383.test_dependencies_schema.7019486f.lv1,0.19194351146891572,0.18225989422553057,0.07112091740387015,0.16625850626341918,medium,0.3198718076923077,0.32466668,0.3902170453136787,0.2754289297851811
kumo,kumo/kumo-educationenv-t12-a16-v1-s1,kumo-educationenv-t12-a16-v1-s1,0.1912759447621143,0.17894439734918796,0.07542502089745508,0.22015118446923893,medium,0.6314103076923078,0.5972222222222222,0.4214997620197767,0.4124550689427382
seal0,seal0/seal0-102,seal0-102,0.19089713592865182,0.16647753825352263,0.02965486460478818,0.16242021201979748,hard,0.05,0.05,0.1781313257986063,0.0051578258215221
usaco,usaco/usaco-93,usaco-93,0.19055250136278482,0.1769040219922756,0.04541302318173905,0.22690101839798227,hard,0.1846153846153846,0.21,0.2567099530598687,-0.1859480457041438
kumo,kumo/kumo-motifanalysisenv-t4-a6-v1-s0,kumo-motifanalysisenv-t4-a6-v1-s0,0.19054663071461397,0.17821169180173105,0.027954789161972842,0.17544406960708203,saturated,0.9743589615384616,0.960784294117647,0.1568628235294117,0.1725914688124484
kumo,kumo/kumo-rocketfuelenv-t4-a6-v1-s1,kumo-rocketfuelenv-t4-a6-v1-s1,0.19054663071461397,0.17821169180173105,0.011113451550657124,0.17544406960708203,saturated,0.9903846153846154,0.9833333333333332,0.0623609564462323,0.1725914688124484
kumo,kumo/kumo-fungalenv-t4-a6-v1-s1,kumo-fungalenv-t4-a6-v1-s1,0.19054663071461397,0.17821169180173116,0.02721429616338418,0.17544406960708203,saturated,0.9743589615384616,0.9629629444444444,0.1527076921174249,0.1725914688124483
mmmlu,mmmlu/mmmlu-yo-ng-00143,mmmlu-yo-ng-00143,0.18958048340084632,0.1743534508846481,0.06507788992017796,0.1541274398776584,easy,0.8397436153846154,0.7685185555555556,0.3732526634258209,0.6441678454878418
labbench,labbench/labbench-figqa-0176,labbench-figqa-0176,0.18868165734196277,-0.19666686227876368,0.05562578878079785,0.1892429114002675,hard,0.0999999999999999,0.2,0.282842712474619,-0.3034106207080083
bfcl,bfcl/bfcl-parallel-multiple-159,bfcl-parallel-multiple-159,0.18837677231507047,0.16365752479549503,0.02806537312997463,0.1689193787950005,easy,0.9461538461538462,0.9461538461538462,0.1714884369969842,0.4675053171875281
bigcodebench,bigcodebench/bigcodebench_1019,bigcodebench_1019,0.18814449388609755,0.11634393721844707,0.026130201005933554,0.16786343086846106,hard,0.110897423076923,0.11533332,0.2245944363810858,0.4011131615888824
seal0,seal0/seal0-100,seal0-100,0.18701719183676316,-0.21112761991021192,0.040144153504595576,0.18421393754073268,hard,0.15,0.15,0.1901416476047427,-0.357882550333719
mmmlu,mmmlu/mmmlu-ko-kr-00106,mmmlu-ko-kr-00106,0.18691939276294398,0.17167749736998023,0.08092954837829913,0.1739598490340352,hard,0.1923076923076923,0.3333333333333333,0.4714045207910317,-0.0968531676633097
bfcl,bfcl/bfcl-multiple-147,bfcl-multiple-147,0.1866086826559604,-0.21099345436688036,0.0509123541935789,0.1554872816586623,hard,0.1846153846153846,0.1846153846153846,0.2412982637132018,-0.3398443582975999
bfcl,bfcl/bfcl-live-multiple-48-18-3,bfcl-live-multiple-48-18-3,0.18620425092760878,0.16146621619484453,0.008605159697088334,0.19251685483317577,saturated,0.9846153846153848,0.9846153846153848,0.0532938710021192,-0.1239218571593021
gpqa-diamond,gpqa-diamond/gpqa-diamond-186,gpqa-diamond-186,0.18504503706351258,0.17239060713172324,0.07467351002447267,0.23286793206472384,hard,0.2557692307692308,0.35,0.4331646095277965,0.5859406016881129
swebench-multilingual,swebench-multilingual/swebench-multilingual-laravel__framework-46234,swebench-multilingual-laravel__framework-46234,0.184624790803883,0.17905753721560008,0.04867233424352544,0.18598186827692956,hard,0.0673076923076923,0.1166666666666666,0.2718251071716681,0.1904466280905126
swebench-multilingual,swebench-multilingual/swebench-multilingual-projectlombok__lombok-3215,swebench-multilingual-projectlombok__lombok-3215,0.18453744445802506,0.17897000922458978,0.015896658411431328,0.16022347896884204,frontier,0.0128205,0.025641,0.0888230295137471,0.3890458578336063
swebench-multilingual,swebench-multilingual/swebench-multilingual-rubocop__rubocop-13560,swebench-multilingual-rubocop__rubocop-13560,0.18453744445802506,0.17897000922458978,0.02232148190087289,0.16022347896884204,frontier,0.0192307692307692,0.0333333333333333,0.1247219128924647,0.3890458578336065
swebench-multilingual,swebench-multilingual/swebench-multilingual-redis__redis-11734,swebench-multilingual-redis__redis-11734,0.18453744445802506,0.17897000922458978,0.04609182464496581,0.16022347896884204,frontier,0.0384615384615384,0.0714285714285714,0.2575393768188563,0.3890458578336064
bigcodebench,bigcodebench/bigcodebench_13,bigcodebench_13,0.18302522644606678,0.11112446394350818,0.054785099545330916,0.15807023545881155,hard,0.1923076923076923,0.4166666666666667,0.4930066485916347,0.0416310947946315
seal0,seal0/seal0-26,seal0-26,0.18258370721461126,-0.2067390816327792,0.012477780867235368,0.16136812234552186,frontier,0.0173076923076923,0.0173076923076923,0.0603552108710585,-0.2242660142344926
mmau,mmau/mmau-96cb555e-3beb-4678-8731-a2d96bd06507,mmau-96cb555e-3beb-4678-8731-a2d96bd06507,0.18170178663803405,0.16202036168844822,0.05999130713017496,0.1801422714558455,medium,0.3,0.33,0.3702701716314724,-0.2118844335175058
bfcl,bfcl/bfcl-live-multiple-13-4-5,bfcl-live-multiple-13-4-5,0.18159735030896668,0.15682028719103,0.06455730608141624,0.17110888346723102,medium,0.3230769230769231,0.3230769230769231,0.4116642510849124,-0.0126525709564921
crustbench,crustbench/crustbench-libwecan,crustbench-libwecan,0.18118803630606622,0.16672679146050545,0.01913099197609875,0.16104284983939277,saturated,0.9621795,0.9553030454545456,0.1147445578992656,0.3080965977434406
swebench-multilingual,swebench-multilingual/swebench-multilingual-fastlane__fastlane-19207,swebench-multilingual-fastlane__fastlane-19207,0.1806987887500264,0.175123457791641,0.06285603461237879,0.179116624414734,hard,0.0961538461538461,0.1785714285714285,0.3589241293257461,0.0699092777480169
mmmlu,mmmlu/mmmlu-sw-ke-00136,mmmlu-sw-ke-00136,0.18000055480612362,0.16472107130085667,0.05340905734486176,0.17640077329282738,easy,0.8942307692307693,0.8472222222222222,0.3242393758313542,0.0916912012170624
gpqa-diamond,gpqa-diamond/gpqa-diamond-167,gpqa-diamond-167,0.17997236075804934,0.16729493383903724,0.041521510631401685,0.24492814825668163,hard,0.0923076923076923,0.12,0.2481934729198171,0.6085637339816862
swebench-multilingual,swebench-multilingual/swebench-multilingual-apache__lucene-12022,swebench-multilingual-apache__lucene-12022,0.17969904338696294,0.17412168401860587,0.04861568330531644,0.17499604134519633,hard,0.073076923076923,0.1266666666666666,0.2792052212182923,0.0715364752490988
replicationbench,replicationbench/replicationbench-eht_resolve__eht_ring_size,replicationbench-eht_resolve__eht_ring_size,0.1795826039591385,0.16085108423770034,0.019937309756463045,0.17125092249059518,frontier,0.0269230769230769,0.0411764705882352,0.1239488676806204,0.1377147568282044
algotune,algotune/algotune-channel-capacity,algotune-channel-capacity,0.17868823612458282,0.16057459003310945,0.021673642113424228,0.15779739145639152,hard,0.1176631722001582,0.1178559738064869,0.1349755407063799,0.0425395966118855
kumo,kumo/kumo-marineenv-t4-a6-v1-s0,kumo-marineenv-t4-a6-v1-s0,0.17841348537870547,0.16602413512448774,0.022223910799706894,0.1818812625673128,saturated,0.9679487307692308,0.9537037222222222,0.1338595185756759,0.2326348120362512
seal0,seal0/seal0-25,seal0-25,0.1782406270542363,-0.20243909326229048,0.018030372038139744,0.15676110635966922,frontier,0.025,0.025,0.0890656628993031,-0.0737237543017163
swebench-multilingual,swebench-multilingual/swebench-multilingual-fluent__fluentd-3640,swebench-multilingual-fluent__fluentd-3640,0.1775292546115984,0.17194753265732143,0.06180160633559519,0.17471038960779545,hard,0.123076923076923,0.2285714285714286,0.3594213035831178,0.1394153913813809
gpqa-diamond,gpqa-diamond/gpqa-diamond-146,gpqa-diamond-146,0.17616041861540854,0.16346615694453437,0.021881501072011252,0.20335326802396259,saturated,0.9679487307692308,0.9537037222222222,0.1338595185756759,0.1021570125780675
labbench,labbench/labbench-figqa-0137,labbench-figqa-0137,0.17584650712501185,-0.1838717308606196,0.021168769845955296,0.20123585880721806,frontier,0.023076923076923,0.0461538461538461,0.1151279195930443,-0.2139975437453876
gpqa-diamond,gpqa-diamond/gpqa-diamond-185,gpqa-diamond-185,0.17558325347224407,0.16288647626182698,0.0623545110834128,0.21432442420935402,medium,0.4769230769230769,0.4888888888888888,0.3828096261544937,0.4645582327518949
mmau,mmau/mmau-0de9f80e-8070-4ede-845b-b41bfc9bdbf7,mmau-0de9f80e-8070-4ede-845b-b41bfc9bdbf7,0.17478430043220486,0.15505685512027664,0.019856966144015147,0.14730125762299318,frontier,0.0461538461538461,0.06,0.128062484748657,0.3842791446226223
reasoning-gym,reasoning-gym/reasoning-gym-logic-circuit-logic-easy00cea0a5-seed45-1,reasoning-gym-logic-circuit-logic-easy00cea0a5-seed45-1,0.17476730913485675,0.157688536650573,0.06042141393047045,0.19033368670267306,medium,0.4673076923076923,0.4575,0.3831693489829268,-0.2507255364781062
gpqa-diamond,gpqa-diamond/gpqa-diamond-85,gpqa-diamond-85,0.1739947265924866,0.1612910712445162,0.06971327831659244,0.25043188448714204,hard,0.223076923076923,0.3052631578947368,0.4322203193189012,0.5706460284733431
gpqa-diamond,gpqa-diamond/gpqa-diamond-94,gpqa-diamond-94,0.1736404868902834,0.16093530679921697,0.05433801357336889,0.2675528493526363,hard,0.2769230769230769,0.3,0.3376388603226826,0.6171633218702554
swebench-multilingual,swebench-multilingual/swebench-multilingual-babel__babel-15649,swebench-multilingual-babel__babel-15649,0.16713680675819373,0.1615349443240338,0.047373840059035784,0.17168231557515423,hard,0.0743589615384615,0.1380952142857143,0.2932730144383212,0.3607550171807914
aider-polyglot,aider-polyglot/polyglot_cpp_complex-numbers,polyglot_cpp_complex-numbers,0.1671295970636336,0.15856821357626733,0.010357621980674837,0.1450130701287789,saturated,0.9871795,0.98666668,0.0653196611544916,0.1584912122015368
bfcl,bfcl/bfcl-live-multiple-898-185-8,bfcl-live-multiple-898-185-8,0.16698617256126833,0.14209260853218733,0.03129933143658513,0.12629046352390885,hard,0.0615384615384615,0.0615384615384615,0.2202741702042516,0.1260174735271207
kumo,kumo/kumo-hormoneenv-t4-a6-v1-s1,kumo-hormoneenv-t4-a6-v1-s1,0.1668832377317509,0.15444569393888405,0.04194372638280229,0.18082978152912552,easy,0.9326923076923076,0.9078947368421052,0.2715758873756617,0.153828051616976
simpleqa,simpleqa/simpleqa-1439,simpleqa-1439,0.16647504245464337,0.15986277700265006,0.05990056334399755,0.1550028090337163,medium,0.4461538461538461,0.4599999999999999,0.3746998799039039,0.118117316133437
seal0,seal0/seal0-8,seal0-8,0.16576164886248715,-0.19007876062757936,0.03575055547215675,0.16398447580648604,hard,0.1378205,0.1378205,0.1880828523614097,-0.1567905624570022
lawbench,lawbench/lawbench-1-1-11-zero-shot,lawbench-1-1-11-zero-shot,0.16523143743144156,-0.17187842631141384,0.056177170291973465,0.22902441860093004,medium,0.5593516923076923,0.5698758947368422,0.3268424752166988,0.5923034655152916
seal0,seal0/seal0-85,seal0-85,0.16458196727897678,-0.18890989791609894,0.017948793432067806,0.1565893434047879,frontier,0.0326923076923076,0.0326923076923076,0.0950124563618125,-0.2007382338507904
kumo,kumo/kumo-motifanalysisenv-t4-a6-v1-s1,kumo-motifanalysisenv-t4-a6-v1-s1,0.163244352636612,0.15079230977545913,0.025584539951846234,0.1889394422182975,saturated,0.9551281923076924,0.9313725294117648,0.1696674053865446,0.2165943778700804
gaia,gaia/gaia-08f3a05f-5947-4089-a4c4-d4bcfaa6b7a0,gaia-08f3a05f-5947-4089-a4c4-d4bcfaa6b7a0,0.16181655269792097,0.1501476271874136,0.0487971245519911,0.14651549791244728,easy,0.7769230769230769,0.7769230769230769,0.3249943103735016,0.1385013687301144
gaia,gaia/gaia-7dd30055-0198-452e-8c25-f73dbe27dcb8,gaia-7dd30055-0198-452e-8c25-f73dbe27dcb8,0.1603950245698245,0.14872090905703678,0.04001670396784824,0.1531640430799324,hard,0.1076923076923076,0.14,0.2690724809414742,0.1462654723086868
swebench-multilingual,swebench-multilingual/swebench-multilingual-caddyserver__caddy-6051,swebench-multilingual-caddyserver__caddy-6051,0.1595625439891622,0.15394678915215426,0.04294153071723154,0.14916262990966356,hard,0.0576923076923076,0.1071428571428571,0.2789374884252377,0.2920779589660534
bfcl,bfcl/bfcl-live-irrelevance-641-203-1,bfcl-live-irrelevance-641-203-1,0.1588908653240198,0.1339375153132546,0.03854986873369129,0.18546184413196004,easy,0.8153846153846155,0.8153846153846155,0.2878197989826108,0.1300823646102724
seal0,seal0/seal0-107,seal0-107,0.15849492874245216,0.1338188544376301,0.012179738759015598,0.15878967224778964,frontier,0.0307692307692307,0.0307692307692307,0.0910166120476864,0.2053814037607209
livecodebench,livecodebench/livecodebench-3655,livecodebench-3655,0.15832320374737344,0.13159876933699638,0.03545332484729494,0.20691217671513526,medium,0.5743589615384616,0.5629629444444444,0.269404683842495,0.1639263667866716
swtbench,swtbench/swtbench-django__django-16877,swtbench-django__django-16877,0.15773179840185772,0.1058437916171126,0.03248882899119835,0.17327188002592894,medium,0.4538461538461539,0.4875,0.3069507289452169,0.2060537962431572
simpleqa,simpleqa/simpleqa-3679,simpleqa-3679,0.15736429227796447,-0.16397478488725556,0.06038191946839904,0.17496822028052603,medium,0.3615384615384615,0.38,0.3682390527904394,-0.5018370384992314
mmau,mmau/mmau-9d66046d-9ad7-4fc4-a2a0-5f5a58ee0282,mmau-9d66046d-9ad7-4fc4-a2a0-5f5a58ee0282,0.15730961977656457,0.13747467444856257,0.025349077456607774,0.1791762798506626,hard,0.0769230769230769,0.1,0.1843908891458577,0.592013174459137
algotune,algotune/algotune-sinkhorn,algotune-sinkhorn,0.15672649360804602,0.13848627013213705,0.014524986133162096,0.1293804069050351,frontier,0.0207797643024926,0.0257273272316575,0.1048839435079235,-0.1414749636312007
featurebench-modal,featurebench-modal/featurebench-modal-sphinx-doc__sphinx.e347e59c.test_ext_doctest.530dec5f.lv1,featurebench-modal-sphinx-doc__sphinx.e347e59c.test_ext_doctest.530dec5f.lv1,0.15580269436078312,0.14599806665063997,0.031249592574231502,0.14179020136928683,hard,0.073076923076923,0.073076923076923,0.2140411396611773,0.2956683065237406
gaia,gaia/gaia-544b7f0c-173a-4377-8d56-57b36eb26ddf,gaia-544b7f0c-173a-4377-8d56-57b36eb26ddf,0.1548418093127027,0.14314788558386995,0.036391722475462844,0.16467204277847183,easy,0.8192307692307692,0.8192307692307692,0.2542246595332422,0.1847177970466638
mmmlu,mmmlu/mmmlu-sw-ke-00135,mmmlu-sw-ke-00135,0.15386733808333694,0.13845962170429008,0.05703422875600402,0.13072222707277664,medium,0.5865385384615386,0.5885416875,0.4119195766532768,0.2981285288804629
swebench-multilingual,swebench-multilingual/swebench-multilingual-uutils__coreutils-6575,swebench-multilingual-uutils__coreutils-6575,0.15366232020945017,0.14803620278763774,0.007625030282511604,0.13733089311248872,frontier,0.0076923076923076,0.0142857142857142,0.0515078753637712,0.1075824770614586
gaia,gaia/gaia-0bdb7c40-671d-4ad1-9ce3-986b159c0ddc,gaia-0bdb7c40-671d-4ad1-9ce3-986b159c0ddc,0.15238389451969656,0.1406814406161438,0.03717259170533572,0.15613179981323747,hard,0.0903846153846153,0.1175,0.264232378788066,0.1133893393238582
lawbench,lawbench/lawbench-2-6-6-zero-shot,lawbench-2-6-6-zero-shot,0.1522889608092475,-0.15896491751746303,0.036653074566234574,0.22859345779116594,medium,0.4301588846153846,0.4166510526315789,0.2305733563017643,0.4458534219642555
simpleqa,simpleqa/simpleqa-2838,simpleqa-2838,0.1510748908753527,-0.15769895622876892,0.00946193737372612,0.14901468347106211,saturated,0.9846153846153848,0.98,0.0599999999999999,-0.0368221944315587
bfcl,bfcl/bfcl-live-irrelevance-759-270-0,bfcl-live-irrelevance-759-270-0,0.15045296665758878,0.12544090969438487,0.02035522222237289,0.12982233892442185,easy,0.9461538461538462,0.9461538461538462,0.1622694085363768,0.0411288994087921
replicationbench,replicationbench/replicationbench-astm3__spectral_similarity_search,replicationbench-astm3__spectral_similarity_search,0.1483021459085643,-0.16705367536641286,0.02070611390355282,0.17285770840405573,frontier,0.0269230769230769,0.0411764705882352,0.1239488676806204,-0.1331370909862662
labbench,labbench/labbench-figqa-0012,labbench-figqa-0012,0.148055575638253,-0.15615813966177924,0.008322271751065792,0.15756148514085253,frontier,0.0076923076923076,0.0153846153846153,0.0532938710021193,-0.5115001031145159
gaia,gaia/gaia-3ff6b7a9-a5bd-4412-ad92-0cd0d45c0fee,gaia-3ff6b7a9-a5bd-4412-ad92-0cd0d45c0fee,0.14802275009501534,0.13630551897942172,0.05762004058563946,0.15036194168864378,medium,0.5230769230769231,0.5230769230769231,0.4227271281241257,-0.0355714333063327
featurebench-modal,featurebench-modal/featurebench-modal-pytest-dev__pytest.68016f0e.test_local.40fb2f1f.lv1,featurebench-modal-pytest-dev__pytest.68016f0e.test_local.40fb2f1f.lv1,0.1467118786710429,-0.15649951221123712,0.02519454910420512,0.1352418929643697,frontier,0.0493589615384615,0.098717923076923,0.160988035989521,-0.012469388421711
bixbench,bixbench/bix-6-q4,bix-6-q4,0.14534987259954074,0.08039198693450011,0.018784908500041067,0.14797114911692708,hard,0.1384615384615384,0.18,0.2336664289109584,-0.0187998573067497
reasoning-gym,reasoning-gym/reasoning-gym-cognition-rectangle-count-easy00cea0a5-seed45-2,reasoning-gym-cognition-rectangle-count-easy00cea0a5-seed45-2,0.14436881345589606,0.1271329925570244,0.030479015405754824,0.15875652360374065,hard,0.1809230769230769,0.2064,0.2397411937903037,-0.2012412759105973
spider2,spider2/spider2-f1003,spider2-f1003,0.1436851644593724,-0.22164549176172887,0.08563869815542027,0.2968902543096579,easy,0.7288461538461539,0.684375,0.3863769006747168,-0.3322762462984872
bigcodebench,bigcodebench/bigcodebench_1003,bigcodebench_1003,0.14060557186441622,0.06802798131520298,0.02566255488451268,0.18475456221857436,medium,0.6608974615384616,0.6608974615384616,0.3772352844869377,0.033232306488819
kumo,kumo/kumo-medicalenv-t12-a16-v1-s0,kumo-medicalenv-t12-a16-v1-s0,0.14031242183555404,0.1277768449952096,0.04509770999830927,0.10887981163623643,hard,0.1057692307692307,0.1617647058823529,0.3529411764705882,0.0775167106547304
swebench-multilingual,swebench-multilingual/swebench-multilingual-tokio-rs__tokio-4384,swebench-multilingual-tokio-rs__tokio-4384,0.14022315086675644,0.1345749315622877,0.03632454940148634,0.16982862416584965,hard,0.0538461538461538,0.0999999999999999,0.2699206232527312,0.1379244162396335
lawbench,lawbench/lawbench-2-4-16-one-shot,lawbench-2-4-16-one-shot,0.14002475160818553,0.13330415421372635,0.013977244107899892,0.10899344412606339,medium,0.5926923076923077,0.586,0.1048522770377448,0.4552366264230908
bigcodebench,bigcodebench/bigcodebench_417,bigcodebench_417,0.13900171339901551,0.06640387771137413,0.023958599579293607,0.14473526170184126,hard,0.0769230769230769,0.1538461538461538,0.3608012122941099,-0.0528042710070927
bigcodebench,bigcodebench/bigcodebench_486,bigcodebench_486,0.13886050298611385,0.06626090339504145,0.021348583217726376,0.1468238808161301,hard,0.0769230769230769,0.1176470588235294,0.3221897397089212,0.1239218571593021
gaia,gaia/gaia-708b99c5-e4a7-49cb-a5cf-933c8d46470d,gaia-708b99c5-e4a7-49cb-a5cf-933c8d46470d,0.13590093880520707,0.12414503954383183,0.0418460408477515,0.15151828589687877,hard,0.2788461538461538,0.3025000000000001,0.3370738049745189,0.1002630071607921
aider-polyglot,aider-polyglot/polyglot_javascript_poker,polyglot_javascript_poker,0.1350901530293314,0.12644714788773279,0.02718261302993399,0.16572631673121993,easy,0.8384615384615385,0.8384615384615385,0.2149721324997248,0.1632750452041663
bigcodebench,bigcodebench/bigcodebench_530,bigcodebench_530,0.13463397695406368,0.061982972223554166,0.025768782874940607,0.15580232274844444,hard,0.1538461538461538,0.2222222222222222,0.415739709641549,0.0067041603675315
gaia,gaia/gaia-00d579ea-0889-4fd9-a771-2c8d79835c8d,gaia-00d579ea-0889-4fd9-a771-2c8d79835c8d,0.13452829245960676,0.12276823740745639,0.021121846212808992,0.15163011681096078,hard,0.0923076923076923,0.12,0.1720465053408525,0.0575384640560604
algotune,algotune/algotune-minimum-spanning-tree,algotune-minimum-spanning-tree,0.13443490022632362,0.11608479133906255,0.027265790740503695,0.1933051889524661,medium,0.500079118978192,0.4896690586703932,0.2348782336254995,0.1478239802254088
mmmlu,mmmlu/mmmlu-it-it-00085,mmmlu-it-it-00085,0.13329800908298395,-0.148694282898311,0.05017294452565962,0.18564994566592827,hard,0.1025641153846153,0.1481481666666666,0.3374234943516415,-0.1095816371473773
crustbench,crustbench/crustbench-fs-c,crustbench-fs-c,0.13326705508838305,0.1185962762867055,0.03345590861087729,0.21649496497514675,hard,0.2538461538461539,0.2608695652173913,0.2820991489648285,0.0820920189868972
seal0,seal0/seal0-87,seal0-87,0.1327599541186072,0.1079184545005856,0.01783893819404571,0.16684458540341893,hard,0.0717948846153846,0.0717948846153846,0.1653001636893244,0.1115612978614621
bigcodebench,bigcodebench/bigcodebench_399,bigcodebench_399,0.13216460153217988,0.05948480681928152,0.01585087810606388,0.10520175617791284,frontier,0.0384615384615384,0.0769230769230769,0.2664693550105965,0.1053791902585757
bixbench,bixbench/bix-8-q3,bix-8-q3,0.1320125500334524,0.06689580062718159,0.021196209576134144,0.15985000209986924,medium,0.6314103076923078,0.63083335,0.3168541130744991,-0.1754644649426001
reasoning-gym,reasoning-gym/reasoning-gym-games-knight-swap-hard0292e21f-seed45-0,reasoning-gym-games-knight-swap-hard0292e21f-seed45-0,0.1292782667561047,-0.1464626180077509,0.009756949838422185,0.14478035935552638,frontier,0.0096153846153846,0.0192307692307692,0.0666173387526491,-0.0460337523287065
reasoning-gym,reasoning-gym/reasoning-gym-algorithmic-base-conversion-easy00cea0a5-seed45-0,reasoning-gym-algorithmic-base-conversion-easy00cea0a5-seed45-0,0.12927826675610468,0.11197665463356218,0.006189742478312279,0.14478035935552644,saturated,0.9923076923076924,0.9833333333333334,0.0552770798392566,0.0460337523287066
bigcodebench,bigcodebench/bigcodebench_1137,bigcodebench_1137,0.1291347092055069,0.05642084158966047,0.026040388425997138,0.14761521477273762,easy,0.8461538461538461,0.6923076923076923,0.4615384615384615,-0.304039082210661
bigcodebench,bigcodebench/bigcodebench_227,bigcodebench_227,0.12911502110811443,0.05640093659697723,0.014068865402603237,0.1089341240357604,frontier,0.0384615384615384,0.0666666666666666,0.2494438257849294,0.3890458578336065
seal0,seal0/seal0-58,seal0-58,0.12564128736280927,0.10075999726315313,0.017486649415611483,0.1636753911025014,hard,0.0878205,0.0878205,0.1735475376199337,0.1022546542128015
reasoning-gym,reasoning-gym/reasoning-gym-cognition-needle-haystack-hard0292e21f-seed45-2,reasoning-gym-cognition-needle-haystack-hard0292e21f-seed45-2,0.1256276738581009,0.10831135751251617,0.029990056897950583,0.15553199804727627,saturated,0.953846153846154,0.9,0.2768874620972691,0.1610972175568702
simpleqa,simpleqa/simpleqa-619,simpleqa-619,0.12555987365606833,0.11886914194998405,0.03862789897311175,0.12115180347514665,easy,0.7076923076923076,0.68,0.3249615361854384,0.0430088445029187
bfcl,bfcl/bfcl-live-multiple-280-128-3,bfcl-live-multiple-280-128-3,0.12508274865919933,0.09991633196857792,0.03718723059410776,0.14432075336588607,easy,0.7615384615384616,0.7615384615384616,0.3721837047200906,0.0124792944381957
aider-polyglot,aider-polyglot/polyglot_python_tree-building,polyglot_python_tree-building,0.12448767815114518,0.11582165762240026,0.011163393926200542,0.15830698244205113,frontier,0.0384615384615384,0.0384615384615384,0.0963843391241666,0.2051312037659435
bigcodebench,bigcodebench/bigcodebench_409,bigcodebench_409,0.124239796915524,0.0514737946670417,0.023757136000173092,0.13800870067718682,hard,0.1538461538461538,0.3076923076923077,0.4615384615384615,-0.1217607448314981
algotune,algotune/algotune-ks-test-2samp,algotune-ks-test-2samp,0.12384515054591189,0.10544939281499238,0.011939628946218668,0.1459424755131086,frontier,0.0430017434614021,0.0465685654103007,0.113226151687439,0.0802697464183045
bfcl,bfcl/bfcl-live-simple-177-103-0,bfcl-live-simple-177-103-0,0.1229228469335526,0.09774482253260344,0.013617184819871021,0.18071640351061613,saturated,0.953846153846154,0.953846153846154,0.1393136175098064,0.0298459073569879
reasoning-gym,reasoning-gym/reasoning-gym-arithmetic-gsm-symbolic-easy00cea0a5-seed45-2,reasoning-gym-arithmetic-gsm-symbolic-easy00cea0a5-seed45-2,0.12265585031998448,0.10532791206732073,0.04515224055104727,0.18503537150255756,easy,0.8857692307692309,0.7525,0.4286825748732971,0.204134604340708
featurebench-modal,featurebench-modal/featurebench-modal-mlflow__mlflow.93dab383.test_tracing.0dc1e3a3.lv1,featurebench-modal-mlflow__mlflow.93dab383.test_tracing.0dc1e3a3.lv1,0.12256382442773334,0.11267118004633085,0.03285210306547798,0.15744781475491515,hard,0.1711538461538461,0.178,0.2915750332247258,0.4081096906200333
bigcodebench,bigcodebench/bigcodebench_161,bigcodebench_161,0.12231215687760989,0.049526609769334,0.02334706774471732,0.16554318438208648,hard,0.1923076923076923,0.3333333333333333,0.4714045207910317,0.1366543778485473
simpleqa,simpleqa/simpleqa-354,simpleqa-354,0.12223948217141896,-0.12891892980539932,0.017487414460231623,0.1306789246550005,saturated,0.9692307692307692,0.96,0.1356465996625053,0.192349186077706
mmau,mmau/mmau-4ef68d01-f537-44fc-bffe-9f05fa48e5cd,mmau-4ef68d01-f537-44fc-bffe-9f05fa48e5cd,0.12078148321458185,0.10076226665598262,0.032867656719147216,0.20451153762536642,medium,0.3461538461538461,0.36,0.3261901286060018,-0.3047261338070409
bfcl,bfcl/bfcl-live-irrelevance-799-305-3,bfcl-live-irrelevance-799-305-3,0.11963247642331634,0.09443723098607064,0.01637313144482124,0.1571885193986571,easy,0.9384615384615386,0.9384615384615386,0.1733758103013022,0.0275210689489425
algotune,algotune/algotune-vector-quantization,algotune-vector-quantization,0.119419488947016,0.10100590294815547,0.016298877372817037,0.16201045001188513,hard,0.0678869961582776,0.0802300863688735,0.1613655924761443,0.1105538486638832
bfcl,bfcl/bfcl-live-irrelevance-179-30-0,bfcl-live-irrelevance-179-30-0,0.11922533896246315,0.09402800143716702,0.036200762489061074,0.21049748371664398,medium,0.4846153846153846,0.4846153846153846,0.3849998078843753,0.3162904648067838
gaia,gaia/gaia-b2c257e0-3ad7-4f05-b8e3-d9da973be36e,gaia-b2c257e0-3ad7-4f05-b8e3-d9da973be36e,0.11913619566666128,0.10733264350041714,0.021996646270581365,0.15532994776502418,hard,0.0769230769230769,0.1,0.204939015319192,0.1020080333217143
bfcl,bfcl/bfcl-live-irrelevance-511-151-0,bfcl-live-irrelevance-511-151-0,0.1185501134650056,0.09334932509458732,0.028041597541004052,0.19224780741102043,hard,0.1769230769230769,0.1769230769230769,0.300394218304102,0.4384990316210363
gpqa-diamond,gpqa-diamond/gpqa-diamond-113,gpqa-diamond-113,0.11767657591477958,0.10477202030131907,0.04327081267377326,0.16807077983142485,medium,0.3115384615384615,0.3675,0.4129996973364508,0.2587281369913401
algotune,algotune/algotune-generalized-eigenvectors-real,algotune-generalized-eigenvectors-real,0.11552197484215884,0.09709329767477838,0.033435468086652535,0.18346906268110763,medium,0.3325736285806791,0.3602135178291604,0.3443643267596828,-0.0386428523442431
swebench-multilingual,swebench-multilingual/swebench-multilingual-fmtlib__fmt-3863,swebench-multilingual-fmtlib__fmt-3863,0.11525761464519466,0.10957387383317119,0.03724795472368625,0.14266770626096503,hard,0.0769230769230769,0.1333333333333333,0.339934634239519,0.1243946101555747
mmmlu,mmmlu/mmmlu-es-la-00043,mmmlu-es-la-00043,0.11490603309829528,0.09934741711578181,0.04365329502151771,0.1629550219699625,easy,0.7435897307692307,0.629629611111111,0.439400402032024,0.0891088465478479
bigcodebench,bigcodebench/bigcodebench_241,bigcodebench_241,0.11377053589496239,-0.1848475047992104,0.04760551119250919,0.09592307202731416,frontier,0.0384615384615384,0.0714285714285714,0.2575393768188563,-0.4678406757406125
bigcodebench,bigcodebench/bigcodebench_513,bigcodebench_513,0.11362484563488082,-0.18470531419091452,0.06664190127724641,0.13556486569097623,easy,0.9230769230769232,0.8461538461538461,0.3608012122941099,0.0547686707731249
bigcodebench,bigcodebench/bigcodebench_560,bigcodebench_560,0.11348467623333183,0.0406167306044489,0.014654565641508436,0.11792511318181172,hard,0.0769230769230769,0.1538461538461538,0.3608012122941099,0.22696840184645
bigcodebench,bigcodebench/bigcodebench_1040,bigcodebench_1040,0.11243418004127562,0.039557204361331255,0.014594076982325045,0.18830822156204818,medium,0.6955128461538462,0.69133336,0.3689360059173276,0.2352218516977319
mmmlu,mmmlu/mmmlu-zh-cn-00124,mmmlu-zh-cn-00124,0.1111551903010375,0.09558458731310188,0.011568672338054753,0.12708761354370107,saturated,0.9807692307692308,0.96875,0.1210307295689817,0.4678406757406124
simpleqa,simpleqa/simpleqa-93,simpleqa-93,0.11088027921756889,0.10416695818721708,0.021725741649987876,0.14586375859282244,hard,0.1153846153846154,0.15,0.208566536146142,0.1321550757489414
seal0,seal0/seal0-76,seal0-76,0.10839377961925373,0.08342678758150754,0.016324938670064966,0.16075212827744403,hard,0.0666666538461538,0.0666666538461538,0.1956798187166872,0.084973916937903
medagentbench,medagentbench/medagentbench-task7_13,medagentbench-task7_13,0.10774728221666242,-0.12736751477900704,0.01215008653347469,0.15423922571177479,frontier,0.023076923076923,0.03,0.0953939201416945,-0.0909281211873177
bixbench,bixbench/bix-52-q2,bix-52-q2,0.10752536206701838,-0.1715084881277692,0.02576554726956642,0.22397127025463925,hard,0.0711538461538461,0.0925,0.1502289918757361,-0.2180383778924194
gaia,gaia/gaia-7bd855d8-463d-4ed5-93ca-5fe35145f733,gaia-7bd855d8-463d-4ed5-93ca-5fe35145f733,0.1072199978623771,0.0953866831138739,0.03743243746514319,0.2566313350574851,easy,0.7692307692307693,0.7,0.3924283374069716,0.1906211489028936
labbench,labbench/labbench-figqa-0055,labbench-figqa-0055,0.10706751307322508,-0.1152608760917962,0.021278930970793142,0.16812558002656183,frontier,0.0384615384615384,0.0769230769230769,0.1846153846153846,-0.0075959195480112
bfcl,bfcl/bfcl-parallel-19,bfcl-parallel-19,0.1068180748482906,0.08156107490258897,0.00980019013576221,0.11094352631469445,frontier,0.0307692307692307,0.0307692307692307,0.1201576873216408,-0.0044023908399144
bigcodebench,bigcodebench/bigcodebench_15,bigcodebench_15,0.10655920812111384,0.033634767108544926,0.00929615853416921,0.12249962835324073,frontier,0.0384615384615384,0.0833333333333333,0.2763853991962833,0.3120603920508731
swebench-multilingual,swebench-multilingual/swebench-multilingual-prometheus__prometheus-15142,swebench-multilingual-prometheus__prometheus-15142,0.10645271180005783,0.10075815948018324,0.038695418381301507,0.1493575310837217,medium,0.3705127307692308,0.3738095,0.3840425289716808,0.0755659287978894
gpqa-diamond,gpqa-diamond/gpqa-diamond-88,gpqa-diamond-88,0.1055023832738804,-0.11838605459808849,0.04405579119921936,0.20787500322788324,medium,0.5320512692307692,0.5438596315789473,0.3721366621160353,0.1155862606349304
bfcl,bfcl/bfcl-live-irrelevance-3-0-3,bfcl-live-irrelevance-3-0-3,0.10511022070972682,0.07984562845198201,0.011123583341989537,0.15023518223113977,saturated,0.953846153846154,0.953846153846154,0.1393136175098064,0.056501782617194
seal0,seal0/seal0-75,seal0-75,0.10459239658768286,0.07960855163003377,0.02661071195541184,0.14445648837991412,hard,0.2416666538461538,0.2416666538461538,0.334269515153099,0.0659424580554945
mmmlu,mmmlu/mmmlu-it-it-00081,mmmlu-it-it-00081,0.10331751662609842,0.0877233043074193,0.040467243119903906,0.17332895134144205,hard,0.2692307692307692,0.4117647058823529,0.4613055041575918,0.3228760103631343
bixbench,bixbench/bix-6-q5,bix-6-q5,0.10326211416704195,0.037884218985965966,0.002273053139157958,0.14890532179933186,frontier,0.0153846153846153,0.02,0.06,-0.2293612447911037
gpqa-diamond,gpqa-diamond/gpqa-diamond-170,gpqa-diamond-170,0.10287106014553926,0.089927538498421,0.030396677166230596,0.18477595037570405,medium,0.6500000384615384,0.655,0.3380130010648998,0.3942344776427572
algotune,algotune/algotune-base64-encoding,algotune-base64-encoding,0.10193808631901707,0.08346127141698913,0.01239448439456912,0.17198956032767837,frontier,0.0460492244088873,0.0478911933852428,0.1485058181374186,0.1298482410019245
reasoning-gym,reasoning-gym/reasoning-gym-algebra-simple-equations-easy00cea0a5-seed45-1,reasoning-gym-algebra-simple-equations-easy00cea0a5-seed45-1,0.10127061434170426,0.08386825641880878,0.0123626384227908,0.15310786861202508,saturated,0.9794871923076924,0.9555555833333336,0.1474054541095513,0.153812171836779
kumo,kumo/kumo-starconstellationenv-t4-a6-v1-s1,kumo-starconstellationenv-t4-a6-v1-s1,0.10073294938355389,-0.11333226770197338,0.036847780189631744,0.12373616219889584,easy,0.8653846538461539,0.8055556111111112,0.3251305293434108,0.0769401774781326
swebench-multilingual,swebench-multilingual/swebench-multilingual-hashicorp__terraform-34900,swebench-multilingual-hashicorp__terraform-34900,0.09970830801232322,0.09400607937369006,0.02344923608601499,0.12325458204387577,frontier,0.0384615384615384,0.0666666666666666,0.2494438257849294,0.0806444276440423
mmau,mmau/mmau-1a5dd76a-7905-4a83-bd88-7ae26730656d,mmau-1a5dd76a-7905-4a83-bd88-7ae26730656d,0.09939468750640289,0.07929291695142879,0.00691259623859682,0.11846040325002662,frontier,0.0153846153846153,0.02,0.0871779788708134,0.3890458578336066
bfcl,bfcl/bfcl-parallel-84,bfcl-parallel-84,0.09771259426977363,-0.12282039900677308,0.047727368162402584,0.17755038338019957,medium,0.5230769230769231,0.5230769230769231,0.3885947981635412,-0.3013999793059639
mmau,mmau/mmau-27e29e2e-28d8-45e2-be0c-697af91caa48,mmau-27e29e2e-28d8-45e2-be0c-697af91caa48,0.09766684037068377,-0.11765557848404971,0.010256975535115813,0.14042273376441428,frontier,0.0153846153846153,0.02,0.0871779788708134,0.1075824770614587
lawbench,lawbench/lawbench-1-1-9-zero-shot,lawbench-1-1-9-zero-shot,0.0971687964466327,-0.10394255458504464,0.035067739270989405,0.18034174981323067,medium,0.4858650769230769,0.49758925,0.3373761536935998,0.6570976160792596
kumo,kumo/kumo-architecturalenv-t4-a6-v1-s1,kumo-architecturalenv-t4-a6-v1-s1,0.09547357162783848,0.08281369558245674,0.02964311425674891,0.1451615521673774,easy,0.7378205384615385,0.6966667,0.3579494194560315,-0.1499864232746989
mmmlu,mmmlu/mmmlu-fr-fr-00055,mmmlu-fr-fr-00055,0.09540131521357272,0.07978523116252186,0.02933200350363657,0.20468459975919398,hard,0.1762820384615384,0.2412280526315789,0.3676370059502306,-0.0364043904642237
kumo,kumo/kumo-educationenv-t4-a6-v1-s1,kumo-educationenv-t4-a6-v1-s1,0.0950263947505735,-0.10764130600789588,0.03295828803279832,0.11362743406572956,easy,0.8974358846153846,0.8333333125,0.3061862518685969,-0.0429925095459331
reasoning-gym,reasoning-gym/reasoning-gym-cognition-color-cube-rotation-easy00cea0a5-seed45-1,reasoning-gym-cognition-color-cube-rotation-easy00cea0a5-seed45-1,0.09374952156856196,0.07632483208775623,0.02325186998548615,0.18808557176906224,medium,0.5789230769230769,0.5717000000000001,0.3046435786291908,0.011735227765268
algotune,algotune/algotune-eigenvectors-complex,algotune-eigenvectors-complex,0.09312900686151696,0.07462467628592025,0.006083020176149876,0.11132936256636847,frontier,0.0117656568543423,0.0235313137086846,0.0815148618245676,0.0832092153849212
gpqa-diamond,gpqa-diamond/gpqa-diamond-69,gpqa-diamond-69,0.09225368234935405,0.07928576145709836,0.03163183680543558,0.19211323703248184,medium,0.4730769230769231,0.4631578947368421,0.3989598664894152,-0.0848299609929587
lawbench,lawbench/lawbench-2-4-13-zero-shot,lawbench-2-4-13-zero-shot,0.09185201162937727,0.0850582089684624,0.012775721070462364,0.11985898580969603,medium,0.5649358846153847,0.55291665,0.1501997423340915,0.587396822135425
featurebench-modal,featurebench-modal/featurebench-modal-mlflow__mlflow.93dab383.test_unity_catalog_rest_store.f47a7d9f.lv1,featurebench-modal-mlflow__mlflow.93dab383.test_unity_catalog_rest_store.f47a7d9f.lv1,0.09174247598327234,0.08178811574180093,0.016213037061779834,0.11554444540747871,frontier,0.0461538461538461,0.048,0.1982321870938218,0.1679906203494376
labbench,labbench/labbench-figqa-0017,labbench-figqa-0017,0.0916808470007505,0.08344177995199349,0.02729225500811722,0.1796115985887494,hard,0.1307692307692307,0.2615384615384615,0.3270814096226046,-0.1622035918564828
bigcodebench,bigcodebench/bigcodebench_108,bigcodebench_108,0.090710473673861,0.017683611510251572,0.007256043866977224,0.12836700918309266,easy,0.8846153846153846,0.7857142857142857,0.410325903324145,0.4045032869007023
bigcodebench,bigcodebench/bigcodebench_1006,bigcodebench_1006,0.08991951670729957,0.01688852016198374,0.006603351620260536,0.16251402415968313,medium,0.3929486923076923,0.39533332,0.3909964613196104,0.212647887525476
medagentbench,medagentbench/medagentbench-task7_25,medagentbench-task7_25,0.08910850265229306,0.06929934044486079,0.004157960426691647,0.168308063277703,frontier,0.0153846153846153,0.02,0.06,-0.0509532948913293
gaia,gaia/gaia-c365c1c7-a3db-4d5e-a9a1-66f56eae7865,gaia-c365c1c7-a3db-4d5e-a9a1-66f56eae7865,0.08880936621254944,-0.10064422581296692,0.028634431150127312,0.13148195127824644,medium,0.5538461538461539,0.5538461538461539,0.2845114155216451,0.0973875655445674
gpqa-diamond,gpqa-diamond/gpqa-diamond-75,gpqa-diamond-75,0.0881145792267986,-0.10104650496820541,0.03832554531638958,0.16647010363108694,medium,0.6346153846153846,0.6055555555555555,0.3792862041932952,-0.0251417057652829
bigcodebench,bigcodebench/bigcodebench_1124,bigcodebench_1124,0.08678423286044089,0.013737759896272612,0.0051197608311060044,0.14036583496613333,hard,0.0769230769230769,0.1666666666666666,0.372677996249965,0.1376920437413271
reasoning-gym,reasoning-gym/reasoning-gym-algebra-intermediate-integration-easy00cea0a5-seed45-2,reasoning-gym-algebra-intermediate-integration-easy00cea0a5-seed45-2,0.08536073828489961,-0.10272981230877955,0.03828514060637094,0.13839773530995966,easy,0.9230769230769232,0.8333333333333334,0.3726779962499649,-0.0330954981690973
swebench-multilingual,swebench-multilingual/swebench-multilingual-vuejs__core-11899,swebench-multilingual-vuejs__core-11899,0.08488075131322426,0.0791634914258559,0.006795898620301182,0.13884106350359027,frontier,0.0128205,0.0238095,0.0858463730931598,0.0225083523797798
swebench-multilingual,swebench-multilingual/swebench-multilingual-fastlane__fastlane-20642,swebench-multilingual-fastlane__fastlane-20642,0.08488075131322423,0.0791634914258559,0.010193858124309896,0.13884106350359027,frontier,0.0192307692307692,0.0357142857142857,0.1287696884094281,0.0225083523797798
swebench-multilingual,swebench-multilingual/swebench-multilingual-caddyserver__caddy-4943,swebench-multilingual-caddyserver__caddy-4943,0.08488075131322423,0.0791634914258559,0.010193858124309896,0.13884106350359027,frontier,0.0192307692307692,0.0357142857142857,0.1287696884094281,0.0225083523797798
swebench-multilingual,swebench-multilingual/swebench-multilingual-redis__redis-11279,swebench-multilingual-redis__redis-11279,0.08488075131322423,0.07916349142585592,0.006582274805637926,0.13884106350359027,frontier,0.0128205,0.0222222,0.0831478587803678,0.0225083523797799
humanevalfix,humanevalfix/humanevalfix-python-38,humanevalfix-python-38,0.08470664676930686,0.03569530865497244,0.008176418217970868,0.10539521664496068,saturated,0.9615384615384616,0.9444444444444444,0.2290614236454256,0.4678406757406126
humanevalfix,humanevalfix/humanevalfix-python-21,humanevalfix-python-21,0.08470664676930686,0.035695308654972446,0.00951170587419467,0.10539521664496068,saturated,0.9615384615384616,0.9230769230769232,0.2664693550105965,0.4678406757406125
labbench,labbench/labbench-figqa-0161,labbench-figqa-0161,0.08449754086997126,-0.09272904879339162,0.007813814116944274,0.18935763813296147,frontier,0.023076923076923,0.0461538461538461,0.0842650088469486,-0.1302764240686118
reasoning-gym,reasoning-gym/reasoning-gym-logic-aiw-hard0292e21f-seed45-0,reasoning-gym-logic-aiw-hard0292e21f-seed45-0,0.08412784324380765,0.06667749667593902,0.026193396568861056,0.19000769519885988,easy,0.8974358846153846,0.7777777499999999,0.3928371320861706,-0.1033937343000967
kumo,kumo/kumo-spiceenv-t4-a6-v1-s0,kumo-spiceenv-t4-a6-v1-s0,0.08339942825267534,0.07071489480329368,0.00789520762836352,0.13217498276859882,saturated,0.9807692307692308,0.9736842105263158,0.111648439134718,0.1593210512108107
kumo,kumo/kumo-cookingenv-t4-a6-v1-s0,kumo-cookingenv-t4-a6-v1-s0,0.08339942825267534,0.07071489480329368,0.005263466488770594,0.13217498276859882,saturated,0.9871795,0.9824561578947368,0.0744322183241859,0.1593210512108107
kumo,kumo/kumo-machinepartenv-t4-a6-v1-s0,kumo-machinepartenv-t4-a6-v1-s0,0.08339942825267534,0.07071489480329368,0.00789520762836352,0.13217498276859882,saturated,0.9807692307692308,0.9736842105263158,0.111648439134718,0.1593210512108107
kumo,kumo/kumo-transdimensionalenv-t4-a6-v1-s1,kumo-transdimensionalenv-t4-a6-v1-s1,0.08339942825267532,0.07071489480329367,0.0077059770062666635,0.1321749827685988,saturated,0.9807692307692308,0.975,0.1089724735885168,0.1593210512108106
reasoning-gym,reasoning-gym/reasoning-gym-games-knight-swap-hard0292e21f-seed45-2,reasoning-gym-games-knight-swap-hard0292e21f-seed45-2,0.08317090288365427,-0.1005474322229478,0.021709573740420422,0.1461922211872073,hard,0.0788461538461538,0.1025,0.215913755930464,-0.2942313494453464
aider-polyglot,aider-polyglot/polyglot_java_twelve-days,polyglot_java_twelve-days,0.08256628913486039,0.07382870133685655,0.014896220626015068,0.16168486579917557,hard,0.0923076923076923,0.0923076923076923,0.2017673392092923,-0.1075531552240097
reasoning-gym,reasoning-gym/reasoning-gym-cognition-number-sequence-easy00cea0a5-seed45-2,reasoning-gym-cognition-number-sequence-easy00cea0a5-seed45-2,0.08115506523250644,-0.09853830992722354,0.044766175714766036,0.17790443962213331,hard,0.1615384615384615,0.3230769230769231,0.4543022480071816,-0.1361749313266876
swtbench,swtbench/swtbench-django__django-13590,swtbench-django__django-13590,0.08068297723193486,0.028141071847031955,0.00523006316064885,0.18905447968051498,hard,0.2884615384615384,0.2785714285714286,0.1858515975893955,-0.3493791211107522
bfcl,bfcl/bfcl-live-irrelevance-642-203-2,bfcl-live-irrelevance-642-203-2,0.08054265189502796,-0.10574448196417258,0.03849801796446666,0.21669892317805256,medium,0.323076923076923,0.323076923076923,0.3640664481907456,0.1599149168346797
kumo,kumo/kumo-artstyleenv-t4-a6-v1-s1,kumo-artstyleenv-t4-a6-v1-s1,0.08043021692474354,0.06774019209300643,0.027276294927950362,0.18323337102898796,medium,0.5801282692307693,0.5791667,0.4026604307602251,0.1131246020622814
simpleqa,simpleqa/simpleqa-1825,simpleqa-1825,0.07955494378513787,0.07280323304445267,0.010575280452564607,0.12688864921120135,easy,0.8769230769230769,0.8700000000000001,0.1452583904633395,0.0679733186362919
algotune,algotune/algotune-l1-pruning,algotune-l1-pruning,0.07887105762277417,0.060328356401585646,0.009810638698759954,0.18063981064830817,hard,0.1971033220170174,0.1940941655407252,0.1626206859251033,0.0448906499889857
mmmlu,mmmlu/mmmlu-ar-xy-00005,mmmlu-ar-xy-00005,0.07858253815146413,0.06292656568585345,0.009479177489645496,0.16470816444964004,easy,0.947435923076923,0.924074111111111,0.1506387228721194,0.3735042926907729
bigcodebench,bigcodebench/bigcodebench_583,bigcodebench_583,0.07705572350544558,0.0039704852953495184,0.0014797125040108086,0.1555799401114878,hard,0.0769230769230769,0.1666666666666666,0.3726779962499649,0.1142058156742329
bfcl,bfcl/bfcl-live-multiple-83-38-0,bfcl-live-multiple-83-38-0,0.07651937732414345,0.051149933724803094,0.014191894410883426,0.13052217217762865,easy,0.7615384615384616,0.7615384615384616,0.277456750721099,-0.0399869260612603
kumo,kumo/kumo-fantasyenv-t4-a6-v1-s0,kumo-fantasyenv-t4-a6-v1-s0,0.07605386655481657,-0.08871468158241186,0.006773696980135534,0.07207197579437348,saturated,0.9871795,0.9814815,0.0763537315280006,-0.0447992062277297
mmau,mmau/mmau-31564584-4c55-4f17-b013-62afc898c135,mmau-31564584-4c55-4f17-b013-62afc898c135,0.07552327803633488,-0.09560286281844885,0.009593093475159277,0.16880366012325876,frontier,0.025,0.0325,0.1003431612019474,-0.2919884347639611
algotune,algotune/algotune-polynomial-real,algotune-polynomial-real,0.07543246213689545,0.05688164683826264,0.010457138144896114,0.11450736532229612,frontier,0.0354883697979918,0.0475449012523605,0.1838402846287126,0.0950623006489062
swebench-multilingual,swebench-multilingual/swebench-multilingual-astral-sh__ruff-15394,swebench-multilingual-astral-sh__ruff-15394,0.07511230695667002,0.06938653003209799,0.017869763704089374,0.15681652099375787,frontier,0.0384615384615384,0.0714285714285714,0.2575393768188563,-0.0091324833953461
featurebench-modal,featurebench-modal/featurebench-modal-mlflow__mlflow.93dab383.test_trace_correlation.53c200a6.lv2,featurebench-modal-mlflow__mlflow.93dab383.test_trace_correlation.53c200a6.lv2,0.07456658255624002,0.06458612825342187,0.024777515034568407,0.15703146354918063,hard,0.2230769230769231,0.232,0.3836352434279207,0.1663288362589827
bigcodebench,bigcodebench/bigcodebench_313,bigcodebench_313,0.07415181733587616,0.0010577165757658215,0.0005068127495015749,0.14459548242402742,hard,0.1923076923076923,0.3571428571428571,0.4791574237499548,-0.1501130436924161
bfcl,bfcl/bfcl-simple-javascript-42,bfcl-simple-javascript-42,0.0737948935706664,0.048417647081689004,0.01519733535886047,0.15333559871164712,easy,0.8384615384615385,0.8384615384615385,0.3138800886631256,-0.0558192343485251
lawbench,lawbench/lawbench-2-7-20-one-shot,lawbench-2-7-20-one-shot,0.0736796261097337,-0.08048246577900868,0.0070573084050819645,0.1853238562693428,medium,0.3382284615384615,0.3330593,0.0876875271746786,0.7074348730899266
gaia,gaia/gaia-3cef3a44-215e-4aed-8e3b-b1e3f08063b7,gaia-3cef3a44-215e-4aed-8e3b-b1e3f08063b7,0.07317154342916218,0.061271980170818724,0.022280180444392384,0.22741166819904296,medium,0.6038461538461538,0.605,0.3636275567115342,0.1833641212773804
algotune,algotune/algotune-sha256-hashing,algotune-sha256-hashing,0.07293813934916288,0.05438171521159034,0.009371644618881434,0.16102194881006662,frontier,0.0350526151781129,0.0350526151781129,0.1723308024106614,0.1084655367588386
bfcl,bfcl/bfcl-live-irrelevance-653-206-2,bfcl-live-irrelevance-653-206-2,0.0726071245119555,0.04722659532126653,0.019057568955771927,0.17995452129822306,medium,0.5846153846153845,0.5846153846153845,0.4035346784185847,0.0150912782311277
bfcl,bfcl/bfcl-live-irrelevance-844-334-0,bfcl-live-irrelevance-844-334-0,0.07178351971862079,0.046400756721477324,0.0039262178764326965,0.12888164523308313,saturated,0.976923076923077,0.976923076923077,0.0846153846153846,0.0566194478319525
mmau,mmau/mmau-adcc613e-3c79-4478-8f08-d408984265a6,mmau-adcc613e-3c79-4478-8f08-d408984265a6,0.07080904524772197,0.05062607427219504,0.022160114717991997,0.14978732989221505,hard,0.2923076923076923,0.38,0.4377213725647857,-0.1711320797018878
kumo,kumo/kumo-chessenv-t4-a6-v1-s1,kumo-chessenv-t4-a6-v1-s1,0.0689287166716092,-0.08160441129218698,0.03820061064999175,0.12128901632349742,medium,0.6153846153846154,0.5555555555555556,0.468119431843131,0.2166150819256659
seal0,seal0/seal0-27,seal0-27,0.06878113682736503,0.04367454489188189,0.005791448858850841,0.17419431461455717,hard,0.0519230769230769,0.054,0.1326046756340062,0.1307263669575857
bfcl,bfcl/bfcl-irrelevance-15,bfcl-irrelevance-15,0.06790590449802847,0.04251309137329237,0.00226568720754955,0.14285849147782062,saturated,0.9846153846153848,0.9846153846153848,0.0532938710021192,0.2253855535541909
kumo,kumo/kumo-architecturalenv-t4-a6-v1-s0,kumo-architecturalenv-t4-a6-v1-s0,0.06303987315008311,-0.0757268924773524,0.004126073395214368,0.07192060848205167,saturated,0.9903846153846154,0.9875,0.0544862367942584,0.029805988058403
livecodebench,livecodebench/livecodebench-2857,livecodebench-2857,0.061001264222642786,0.0338006631943307,0.005046572208446173,0.11377438762042186,saturated,0.9596153846153844,0.9416666666666668,0.1493039405597409,0.1760057575432494
lawbench,lawbench/lawbench-3-1-8-one-shot,lawbench-3-1-8-one-shot,0.05975412513342089,-0.06657064812342559,0.01653107571940506,0.16214485095333597,medium,0.6771113461538462,0.6518717,0.2483237911212093,0.6608857550086313
labbench,labbench/labbench-figqa-0141,labbench-figqa-0141,0.058844110460733484,-0.06710874107241918,0.014746223732255247,0.1476260213761065,hard,0.2153846153846154,0.2307692307692308,0.21973625933978,-0.2329502470427115
strongreject,strongreject/strongreject_sexual_content_0005_pap_logical_appeal,strongreject_sexual_content_0005_pap_logical_appeal,0.05864528946791799,-0.11057493738241798,0.007544004985236756,0.12005346643677188,saturated,0.9798076923076924,0.97375,0.0682252702449759,-0.0400777037438998
featurebench-modal,featurebench-modal/featurebench-modal-linkedin__liger-kernel.c856fbab.test_mini_models.96209d55.lv1,featurebench-modal-linkedin__liger-kernel.c856fbab.test_mini_models.96209d55.lv1,0.05755364291075407,0.047553191386318985,0.0044305070202861115,0.13417737274216665,frontier,0.0192307692307692,0.0416666666666666,0.0931694990624912,0.2098472995788876
gaia,gaia/gaia-f0f46385-fc03-4599-b5d3-f56496c3e69f,gaia-f0f46385-fc03-4599-b5d3-f56496c3e69f,0.05729503215272307,0.04537408517508069,0.012327960250045131,0.19346964254867982,medium,0.5634615384615385,0.5825000000000001,0.2716960618043625,-0.0449700191159846
featurebench-modal,featurebench-modal/featurebench-modal-huggingface__transformers.e2e8dbed.test_modeling_swin2sr.f5cba486.lv1,featurebench-modal-huggingface__transformers.e2e8dbed.test_modeling_swin2sr.f5cba486.lv1,0.056826414376794594,0.04682523772863767,0.004781907835639669,0.10815897397176359,frontier,0.0269230769230769,0.0269230769230769,0.1021224465180904,0.1887040397567374
lawbench,lawbench/lawbench-1-1-12-zero-shot,lawbench-1-1-12-zero-shot,0.05657785930933073,0.04975065885854762,0.015387991563322547,0.11166498276218677,medium,0.6006917692307693,0.5997785555555555,0.3093022668719642,0.7209382325317056
gpqa-diamond,gpqa-diamond/gpqa-diamond-79,gpqa-diamond-79,0.05648910797201343,-0.06948867058313825,0.029684869528006242,0.16510577776612428,medium,0.4634615384615385,0.4970588235294117,0.4271900624791837,0.1361321807207449
kumo,kumo/kumo-licenseenv-t4-a6-v1-s0,kumo-licenseenv-t4-a6-v1-s0,0.05571547331688181,-0.06841534873359763,0.006076858539757642,0.07089791389530627,saturated,0.9871795,0.974359,0.0888230295137471,0.1062978184396032
gpqa-diamond,gpqa-diamond/gpqa-diamond-164,gpqa-diamond-164,0.05563668546573251,-0.06863771126227801,0.024897515687246668,0.1882191537146164,medium,0.6243589615384616,0.6333333157894736,0.3627381395645381,0.1258561854272646
mmau,mmau/mmau-a5dfb846-f86e-4b4b-8311-5e783b9f4634,mmau-a5dfb846-f86e-4b4b-8311-5e783b9f4634,0.05547712454736095,0.03526431061411131,0.0037816760087979544,0.13718390676220796,frontier,0.0384615384615384,0.05,0.1072380529476361,-0.1334846880233545
bixbench,bixbench/bix-20-q2,bix-20-q2,0.05490741158276709,-0.010661414278087932,0.002500386778688558,0.1538930057418806,hard,0.1910256538461538,0.18833335,0.2345267441513387,-0.0983725370739066
labbench,labbench/labbench-figqa-0088,labbench-figqa-0088,0.054767202054679186,-0.06303609330203896,0.007636103000110733,0.191878747096609,frontier,0.0307692307692307,0.0615384615384615,0.1211385826771047,-0.3052792984608711
mmau,mmau/mmau-091aefd5-f784-4472-8257-e24b6d19e32b,mmau-091aefd5-f784-4472-8257-e24b6d19e32b,0.053304382645665366,0.03308811281052511,0.008466209717926953,0.13677377619833705,hard,0.1057692307692307,0.1375,0.255868618630734,0.0632686723223387
swe-lancer,swe-lancer/swe-lancer-17163-manager-0,swe-lancer-17163-manager-0,0.05262111550670046,-0.12300007103262604,0.05623450220655943,0.10630730003718325,medium,0.5307692307692308,0.51875,0.4571908108219149,0.2896161037026916
algotune,algotune/algotune-set-cover-conflicts,algotune-set-cover-conflicts,0.05157969246992252,0.03298477066178246,0.005246385907875314,0.15944593512090177,medium,0.3503325285698884,0.3446126720656083,0.1590547941554736,0.0743206053205879
lawbench,lawbench/lawbench-3-1-4-zero-shot,lawbench-3-1-4-zero-shot,0.05114513139188398,-0.05796878837018109,0.013856471611639939,0.16553666798096278,easy,0.7224280384615386,0.6999207000000001,0.2390333143269155,0.6541655870865668
swtbench,swtbench/swtbench-django__django-13809,swtbench-django__django-13809,0.05107299353045623,-0.0015515670155894757,0.0004560407109437287,0.2509338063219902,hard,0.1115384615384615,0.2230769230769231,0.2939226642237354,-0.2740204263252565
gpqa-diamond,gpqa-diamond/gpqa-diamond-87,gpqa-diamond-87,0.04947961363992537,0.03644334242420604,0.00229060751620084,0.1321128369996729,saturated,0.9846153846153848,0.977777777777778,0.0628539361054708,-0.0216398186866332
kumo,kumo/kumo-currencyenv-t4-a6-v1-s1,kumo-currencyenv-t4-a6-v1-s1,0.047958326165140966,-0.06067033062798641,0.00489531135741477,0.07476840401091057,saturated,0.9871795,0.9791666875,0.0806870723588348,0.1538121718367789
kumo,kumo/kumo-musicgenresenv-t4-a6-v1-s0,kumo-musicgenresenv-t4-a6-v1-s0,0.04795832616514094,-0.06067033062798638,0.004632406136484303,0.07476840401091059,saturated,0.9871795,0.9814815,0.0763537315280006,0.1538121718367789
reasoning-gym,reasoning-gym/reasoning-gym-algebra-polynomial-equations-easy00cea0a5-seed45-2,reasoning-gym-algebra-polynomial-equations-easy00cea0a5-seed45-2,0.04701701720427253,0.029498280455575468,0.004388747054970344,0.14953846143379984,saturated,0.971153846153846,0.9375,0.148779758927976,-0.0671473189727763
lawbench,lawbench/lawbench-3-6-18-one-shot,lawbench-3-6-18-one-shot,0.046838103101522484,0.040004687741491754,0.006789609934634034,0.1092899285244133,medium,0.6653846153846155,0.655,0.1697203582367183,0.5979770654455838
mmmlu,mmmlu/mmmlu-bn-bd-00013,mmmlu-bn-bd-00013,0.044540682533746184,0.028831322773304614,0.007990883767557662,0.13826114750172164,easy,0.8974359230769231,0.8518518888888889,0.2771598039531003,0.2179721338140442
lawbench,lawbench/lawbench-1-1-10-zero-shot,lawbench-1-1-10-zero-shot,0.04444629780232154,-0.05127480515007469,0.014169559675969444,0.15975769628657385,medium,0.3980780769230769,0.4018754999999999,0.2763454611772192,0.6625248420464418
mmau,mmau/mmau-239ec016-c087-4a7b-a64e-b99e4dece85e,mmau-239ec016-c087-4a7b-a64e-b99e4dece85e,0.044255217259143914,-0.0644295353214383,0.019371766000160558,0.1605421400153128,hard,0.2307692307692307,0.24,0.3006659275674582,-0.404030599757074
mmau,mmau/mmau-1beb87ed-8d10-4c39-87b4-81365b947fb8,mmau-1beb87ed-8d10-4c39-87b4-81365b947fb8,0.04376896762712999,0.023539798960471287,0.0021574582116080493,0.1752464471732543,frontier,0.0461538461538461,0.06,0.0916515138991168,-0.3798783962046562
bigcodebench,bigcodebench/bigcodebench_454,bigcodebench_454,0.04334246194514389,-0.02976933781446704,0.014033400426695172,0.15367231237019863,hard,0.1538461538461538,0.3333333333333333,0.4714045207910317,-0.0343631134606965
labbench,labbench/labbench-figqa-0033,labbench-figqa-0033,0.0430074991325695,0.03471899005099917,0.008969707497365012,0.1737427664305332,easy,0.9153846153846152,0.8307692307692308,0.2583516249807179,0.0076805956151063
labbench,labbench/labbench-figqa-0152,labbench-figqa-0152,0.042181591238402746,-0.05046189848603346,0.008289009828945221,0.18360187264157032,frontier,0.0307692307692307,0.0615384615384615,0.1642627423389432,-0.1986996550942807
bfcl,bfcl/bfcl-live-irrelevance-184-31-3,bfcl-live-irrelevance-184-31-3,0.03950557601072358,0.014062601202649369,0.004599615424323089,0.1535799026091884,easy,0.7384615384615384,0.7384615384615384,0.3270814096226045,0.218709604483286
mmmlu,mmmlu/mmmlu-hi-in-00065,mmmlu-hi-in-00065,0.03850946466839601,0.02279445875274344,0.005436131944830895,0.12027241351345834,hard,0.0576923076923076,0.075,0.2384848003542364,-0.123999741922457
seal0,seal0/seal0-37,seal0-37,0.03759942796334866,0.012438853443303248,0.002175279816466566,0.16354909338921206,hard,0.0916666538461538,0.0916666538461538,0.1748778395357395,-0.2940863829532511
humanevalfix,humanevalfix/humanevalfix-python-6,humanevalfix-python-6,0.03738463664791177,-0.0862396031366964,0.022980211424205303,0.05179809291556901,saturated,0.9615384615384616,0.9230769230769232,0.2664693550105965,0.1584912122015366
lawbench,lawbench/lawbench-3-6-10-one-shot,lawbench-3-6-10-one-shot,0.03737260261429975,-0.04420556586957877,0.010145049456638515,0.1472318780212337,medium,0.6545192307692307,0.6453750000000001,0.2294971064632406,0.6679857686414238
bigcodebench,bigcodebench/bigcodebench_502,bigcodebench_502,0.037156005425832896,-0.03594260279228321,0.0133950171886365,0.11178985130186324,easy,0.9230769230769232,0.8333333333333334,0.3726779962499649,0.0373390996407696
spider2,spider2/spider2-mrr001,spider2-mrr001,0.03549797065168223,-0.04573825434604362,0.011358076585491457,0.20073006181028724,easy,0.9179487307692308,0.8666666875,0.2483277236503001,-0.0641171586557658
bigcodebench,bigcodebench/bigcodebench_187,bigcodebench_187,0.03507659573612889,-0.0380163263234198,0.014167848318996886,0.13077884367852796,hard,0.0769230769230769,0.1666666666666666,0.3726779962499649,0.0103757089951105
gpqa-diamond,gpqa-diamond/gpqa-diamond-74,gpqa-diamond-74,0.03469602939247622,0.021647277773817346,0.0012084423874811898,0.10931142887222385,saturated,0.9903846153846154,0.986842105263158,0.055824219567359,0.0456794431774848
gpqa-diamond,gpqa-diamond/gpqa-diamond-81,gpqa-diamond-81,0.03318140395027992,-0.04621416354436407,0.017943675720562755,0.23722419003538786,hard,0.2070512692307692,0.2990740555555555,0.3882722166622667,0.4012744700742882
featurebench-modal,featurebench-modal/featurebench-modal-huggingface__transformers.e2e8dbed.test_modeling_colpali.370cfbdd.lv1,featurebench-modal-huggingface__transformers.e2e8dbed.test_modeling_colpali.370cfbdd.lv1,0.03194980117830703,-0.0419597618220247,0.004034592482886988,0.12062990010753018,frontier,0.0192307692307692,0.0192307692307692,0.0961538461538461,0.0832092153849212
kumo,kumo/kumo-sorcererenv-t4-a6-v1-s0,kumo-sorcererenv-t4-a6-v1-s0,0.03157477458080819,-0.04430736742917324,0.015141326132424783,0.18276054476235748,hard,0.1826923076923076,0.2794117647058823,0.3417338246653603,-0.0475726792387426
bfcl,bfcl/bfcl-live-irrelevance-600-193-2,bfcl-live-irrelevance-600-193-2,0.0313377068000461,0.005887933455410775,0.0011879926667396064,0.16840096356445275,easy,0.9076923076923078,0.9076923076923078,0.2017673392092923,0.0393085993785928
kumo,kumo/kumo-oskernelenv-t4-a6-v1-s0,kumo-oskernelenv-t4-a6-v1-s0,0.031235946382332336,0.018487774761324488,0.0024747646290864274,0.12655224809059953,saturated,0.9679487307692308,0.9537037222222222,0.1338595185756759,0.129083254021673
humanevalfix,humanevalfix/humanevalfix-python-61,humanevalfix-python-61,0.03076216387279445,-0.0183603803126206,0.004892478699653265,0.08553582436670713,saturated,0.9615384615384616,0.9230769230769232,0.2664693550105965,0.1538121718367789
humanevalfix,humanevalfix/humanevalfix-python-49,humanevalfix-python-49,0.03076216387279444,-0.01836038031262061,0.004444340448800883,0.08553582436670715,saturated,0.9615384615384616,0.9375,0.2420614591379635,0.1538121718367789
algotune,algotune/algotune-procrustes,algotune-procrustes,0.0285511895192373,0.009933855202762194,0.002009732798595203,0.12848558927298495,hard,0.0565421078611964,0.0980063202927405,0.2023114649422693,-0.0391257864933634
kumo,kumo/kumo-plantenv-t4-a6-v1-s1,kumo-plantenv-t4-a6-v1-s1,0.02769314335116392,-0.04042961333583119,0.003945042036755675,0.10596273492629493,saturated,0.9775641153846154,0.9635416875,0.0975780303409268,0.1385075455238709
gpqa-diamond,gpqa-diamond/gpqa-diamond-133,gpqa-diamond-133,0.027680195617967394,0.014627521450411064,0.0034884415327785926,0.19368144076277843,easy,0.9423076923076924,0.925,0.2384848003542364,-0.1368118281722961
gaia,gaia/gaia-72c06643-a2fa-4186-aa5c-9ec33ae9b445,gaia-72c06643-a2fa-4186-aa5c-9ec33ae9b445,0.027024110032129893,-0.038957532190969646,0.005674810141330406,0.17968046692115192,frontier,0.048076923076923,0.0625,0.1456665713195721,-0.0502091521554024
crustbench,crustbench/crustbench-c-blind-rsa-signatures,crustbench-c-blind-rsa-signatures,0.025280821355502924,-0.04015447577804855,0.006479900665169626,0.09217301350713537,easy,0.9307692307692308,0.925,0.1613743060919756,-0.2383563000673853
gpqa-diamond,gpqa-diamond/gpqa-diamond-100,gpqa-diamond-100,0.024813472994728393,0.011759566390855998,0.001238801176246843,0.1390697207726295,saturated,0.9564102692307692,0.9370370555555556,0.1053441202738657,-0.0006120255318941
algotune,algotune/algotune-kmeans,algotune-kmeans,0.02207719058286415,-0.04067431882887042,0.008417036186121182,0.1754903195767833,hard,0.1124105526766804,0.1215442501516637,0.2069373606853574,0.037174331520415
gaia,gaia/gaia-ec09fa32-d03f-4bf8-84b0-1f16922c3ae4,gaia-ec09fa32-d03f-4bf8-84b0-1f16922c3ae4,0.02197569022932302,0.010028828117068227,0.0030962737955982063,0.13563857697888482,hard,0.2903846153846153,0.3175,0.3087373479189066,-0.0707198846341474
mmmlu,mmmlu/mmmlu-id-id-00075,mmmlu-id-id-00075,0.02111622697192725,-0.036825442707957484,0.01370501052557829,0.21425181438208185,hard,0.185897423076923,0.254385947368421,0.3721614600607862,0.0688193823969984
seal0,seal0/seal0-29,seal0-29,0.021064314230911155,-0.004104970396555235,0.0003900233206692365,0.15882433887411948,frontier,0.0326923076923076,0.0326923076923076,0.0950124563618125,-0.0355437819097272
kumo,kumo/kumo-ecologicalenv-t4-a6-v1-s0,kumo-ecologicalenv-t4-a6-v1-s0,0.0195962037746636,0.00684332351262322,0.0007837707131338447,0.09112427597618497,saturated,0.9807692307692308,0.9722222222222222,0.1145307118227128,0.0456794431774848
kumo,kumo/kumo-sorcererenv-t4-a6-v1-s1,kumo-sorcererenv-t4-a6-v1-s1,0.018758220697852938,-0.03150215762013548,0.0018039822680927062,0.08163095208186419,saturated,0.9903846153846154,0.9861111111111112,0.0572653559113564,0.0460337523287065
kumo,kumo/kumo-medicalenv-t4-a6-v1-s0,kumo-medicalenv-t4-a6-v1-s0,0.018758220697852938,-0.03150215762013547,0.007858018717246458,0.08163095208186417,saturated,0.9615384615384616,0.9333333333333332,0.2494438257849294,0.0460337523287066
kumo,kumo/kumo-stellarenv-t4-a6-v1-s1,kumo-stellarenv-t4-a6-v1-s1,0.018684016533853084,0.00593091341648329,0.0003396358676743543,0.10125094605658508,saturated,0.9903846153846154,0.9861111111111112,0.0572653559113564,0.0212874442894646
bixbench,bixbench/bix-10-q2,bix-10-q2,0.016151076588235596,-0.08144362134369858,0.026315239405540446,0.20339613947795132,hard,0.2461538461538461,0.26,0.3231098884280702,-0.2234700674423466
bfcl,bfcl/bfcl-live-irrelevance-103-3-0,bfcl-live-irrelevance-103-3-0,0.014138041520143951,-0.03956356171844588,0.013167549269154536,0.16379006112758954,easy,0.7999999999999999,0.7999999999999999,0.3328201177351375,-0.0006817626346767
lawbench,lawbench/lawbench-2-1-17-zero-shot,lawbench-2-1-17-zero-shot,0.014112848186935568,-0.02095563911174745,0.0038275394916219294,0.132650454860228,medium,0.3349171153846153,0.3461392499999999,0.1826496186163209,0.5399863599363295
humanevalfix,humanevalfix/humanevalfix-python-74,humanevalfix-python-74,0.013696990113756493,-0.03540107785841667,0.004892170517938596,0.08003338703321607,saturated,0.9807692307692308,0.9583333333333334,0.1381926995981416,0.0456794431774848
humanevalfix,humanevalfix/humanevalfix-python-36,humanevalfix-python-36,0.013696990113756491,-0.03540107785841668,0.004164832689225491,0.08003338703321607,saturated,0.9807692307692308,0.9705882352941176,0.1176470588235294,0.0456794431774849
mmmlu,mmmlu/mmmlu-bn-bd-00017,mmmlu-bn-bd-00017,0.012013409978216023,-0.027730737628463658,0.002117345295957138,0.12858325336735923,saturated,0.9871795,0.9814815,0.0763537315280006,0.1593210512108105
simpleqa,simpleqa/simpleqa-369,simpleqa-369,0.011388512574634187,-0.018176053926136176,0.005847493899930239,0.1489810688239959,medium,0.5615384615384614,0.55,0.3217141588429082,-0.1609512955547021
seal0,seal0/seal0-54,seal0-54,0.010925735397600788,-0.03607280555624816,0.010180686081820937,0.17885796279706534,hard,0.1807692307692307,0.1807692307692307,0.282226068220456,0.0126986272062282
labbench,labbench/labbench-figqa-0053,labbench-figqa-0053,0.01038109545962439,-0.018678550921758064,0.0031478965173402465,0.12552606448096668,hard,0.0538461538461538,0.1076923076923076,0.1685300176938972,-0.0791125320100298
bfcl,bfcl/bfcl-live-irrelevance-615-195-3,bfcl-live-irrelevance-615-195-3,0.010265333604750602,-0.0356970131502083,0.014695184184448767,0.2448260341627613,medium,0.5230769230769231,0.5230769230769231,0.4116642510849124,0.0518955624447989
bixbench,bixbench/bix-10-q5,bix-10-q5,0.010100643219216776,-0.07544223863839299,0.011928465293964088,0.15545428198328756,hard,0.0769230769230769,0.0999999999999999,0.1581138830084189,-0.4144325149716993
featurebench-modal,featurebench-modal/featurebench-modal-huggingface__transformers.e2e8dbed.test_modeling_vits.6379a2ba.lv2,featurebench-modal-huggingface__transformers.e2e8dbed.test_modeling_vits.6379a2ba.lv2,0.010019572201176231,-5.934819788544969e-06,8.278246293784341e-07,0.14592749299505603,hard,0.0711538461538461,0.0711538461538461,0.1394860600445276,0.1117275556550846
bfcl,bfcl/bfcl-live-irrelevance-125-11-0,bfcl-live-irrelevance-125-11-0,0.009735676877425855,-0.015715690082033343,0.00391541542663933,0.17495133643817695,easy,0.8846153846153846,0.8846153846153846,0.249140534472333,0.0316623294227226
bfcl,bfcl/bfcl-simple-javascript-7,bfcl-simple-javascript-7,0.009335568618551065,-0.03476861362487472,0.009463377962932885,0.11530282797811627,easy,0.8769230769230769,0.8769230769230769,0.2721816309685251,-0.134350157868782
medagentbench,medagentbench/medagentbench-task7_7,medagentbench-task7_7,0.008601722419742568,-0.011316472851065051,0.0009053178280852041,0.11226347997943063,frontier,0.0307692307692307,0.04,0.08,0.0689134433145504
lawbench,lawbench/lawbench-3-2-16-zero-shot,lawbench-3-2-16-zero-shot,0.00807677350418817,0.0012315065368798484,0.00010029905333555949,0.10540377121309877,hard,0.2907467307692308,0.2860761,0.0814441907792692,0.7413339969108925
labbench,labbench/labbench-figqa-0113,labbench-figqa-0113,0.006762768761825027,-0.0015369725788028147,0.0001638224366970237,0.1718119145911699,frontier,0.0153846153846153,0.0307692307692307,0.1065877420042386,-0.1538121718367789
labbench,labbench/labbench-figqa-0029,labbench-figqa-0029,0.006762768761825027,-0.0015369725788027862,8.191121834851033e-05,0.1718119145911699,frontier,0.0076923076923076,0.0153846153846153,0.0532938710021193,-0.1538121718367789
mmau,mmau/mmau-3452703b-ca3b-4f6c-bccc-0b24a053cf0a,mmau-3452703b-ca3b-4f6c-bccc-0b24a053cf0a,0.006738390608554021,-0.0269743932692525,0.006007482622140242,0.17375453458502607,hard,0.0615384615384615,0.08,0.2227105745132008,-0.4570075425223331
gpqa-diamond,gpqa-diamond/gpqa-diamond-145,gpqa-diamond-145,0.005369229673460835,-0.018423082451087897,0.0036465498348772734,0.15969615991832303,hard,0.0820512692307692,0.10666665,0.1979337521046562,-0.0076862189500315
reasoning-gym,reasoning-gym/reasoning-gym-logic-circuit-logic-hard0292e21f-seed45-2,reasoning-gym-logic-circuit-logic-hard0292e21f-seed45-2,0.0051265489652652435,-0.012411189248605143,0.003961872452735209,0.16081585685339553,hard,0.1615384615384615,0.21,0.3192177939902473,-0.5532561489975865
labbench,labbench/labbench-figqa-0103,labbench-figqa-0103,0.004927183373555185,-0.003372546393677112,0.00017973605245329065,0.14792048304058322,frontier,0.0076923076923076,0.0153846153846153,0.0532938710021193,0.0967017724587964
mmmlu,mmmlu/mmmlu-id-id-00073,mmmlu-id-id-00073,0.004738967789752665,-0.02046090754731863,0.005710054593890808,0.16088439774579852,easy,0.9134615384615384,0.859375,0.2790714234295586,0.0761071524587331
gaia,gaia/gaia-8d46b8d6-b38a-47ff-ac74-cda14cf2d19b,gaia-8d46b8d6-b38a-47ff-ac74-cda14cf2d19b,0.0033384985275700394,-0.008610010066088386,0.000750603275618944,0.21101604230190185,frontier,0.0153846153846153,0.02,0.0871779788708134,-0.5115001031145163
gaia,gaia/gaia-48eb8242-1099-4c26-95d4-ef22b002457a,gaia-48eb8242-1099-4c26-95d4-ef22b002457a,0.0033384985275700394,-0.008610010066088386,0.001125904913428417,0.21101604230190185,frontier,0.023076923076923,0.03,0.1307669683062202,-0.5115001031145163
swe-lancer,swe-lancer/swe-lancer-43022-manager-0,swe-lancer-43022-manager-0,0.0031792817350696323,-0.17674378690219067,0.04635572999320019,0.15033361488687735,hard,0.1019230769230769,0.1558823529411765,0.2622764330542112,-0.1700226833622283
aider-polyglot,aider-polyglot/polyglot_go_counter,polyglot_go_counter,0.0016619421407487436,-0.01044971169618692,0.0024434133471725873,0.1526712667150717,hard,0.1384615384615384,0.1384615384615384,0.2338259100549333,0.0617241914523659
bigcodebench,bigcodebench/bigcodebench_199,bigcodebench_199,0.0014988381687867176,-0.07438924971301462,0.03360563750345045,0.16119811491139324,easy,0.8461538461538461,0.7142857142857143,0.4517539514526256,0.0063881751784045
mmau,mmau/mmau-c1e78721-e1ec-4cb8-9a09-4cc95747b587,mmau-c1e78721-e1ec-4cb8-9a09-4cc95747b587,0.0010607257581072545,-0.021301112460051293,0.0018569879319671717,0.17671729562740005,frontier,0.0153846153846153,0.02,0.0871779788708134,-0.4678406757406126
simpleqa,simpleqa/simpleqa-1749,simpleqa-1749,0.001039272692471095,-0.007828402595331638,0.0004697041557198983,0.1384798047612946,frontier,0.0153846153846153,0.02,0.06,-0.1325149925544838
kumo,kumo/kumo-fantasyenv-t12-a16-v1-s0,kumo-fantasyenv-t12-a16-v1-s0,0.0006656409344756242,-0.012087512735551812,0.004551950673976961,0.11385334959270803,hard,0.1935897307692307,0.2960784117647059,0.3765829061415386,-0.1593599117301429
