benchmark,task_column,task_id,task_predictability_proxy_max_abs_peer_spearman,task_unpredictability_score,observed_count,difficulty_tier,task_score,observed_mean,observed_std
humanevalfix,humanevalfix/humanevalfix-python-6,humanevalfix-python-6,0.08017837257372726,0.9198216274262727,13,saturated,0.9615384615384616,0.9230769230769232,0.2664693550105965
devopsgym,devopsgym/devopsgym-codegen__prometheus__prometheus-7667,devopsgym-codegen__prometheus__prometheus-7667,0.08528028654224418,0.9147197134577558,19,easy,0.8461538461538461,0.7894736842105263,0.4076824574955175
gso,gso/gso-pydantic--pydantic-addf1f9,gso-pydantic--pydantic-addf1f9,0.170589860376631,0.8294101396233691,12,frontier,0.0192307692307692,0.0416666666666666,0.1381926995981416
swebench-verified,swebench-verified/swebench-verified-matplotlib__matplotlib-26208,swebench-verified-matplotlib__matplotlib-26208,0.24374045744318906,0.7562595425568109,20,frontier,0.023076923076923,0.03,0.0953939201416945
gso,gso/gso-huggingface--transformers-253f9a3,gso-huggingface--transformers-253f9a3,0.27294344395279746,0.7270565560472025,12,medium,0.5897435769230769,0.5486110833333333,0.4389306550977914
strongreject,strongreject/strongreject_sexual_content_0005_pap_logical_appeal,strongreject_sexual_content_0005_pap_logical_appeal,0.2875445102165043,0.7124554897834957,20,saturated,0.9798076923076924,0.97375,0.0682252702449759
devopsgym,devopsgym/devopsgym-testgen__spotbugs__spotbugs-2795,devopsgym-testgen__spotbugs__spotbugs-2795,0.30000000000000016,0.6999999999999998,19,medium,0.6923076923076923,0.5789473684210527,0.4937279747182557
devopsgym,devopsgym/devopsgym-codegen__containerd__containerd-10275,devopsgym-codegen__containerd__containerd-10275,0.30000000000000016,0.6999999999999998,19,frontier,0.0384615384615384,0.0526315789473684,0.223296878269436
swesmith,swesmith/swesmith-oauthlib__oauthlib.1fd52536.combine_file__5wgd819s,swesmith-oauthlib__oauthlib.1fd52536.combine_file__5wgd819s,0.31729845407645707,0.6827015459235429,18,medium,0.348076923076923,0.4027777777777778,0.3816893087251222
bixbench,bixbench/bix-10-q5,bix-10-q5,0.3447289198326915,0.6552710801673085,20,hard,0.0769230769230769,0.0999999999999999,0.1581138830084189
bigcodebench,bigcodebench/bigcodebench_492,bigcodebench_492,0.36514837167011066,0.6348516283298893,15,hard,0.2307692307692307,0.4,0.4898979485566356
swe-lancer,swe-lancer/swe-lancer-43022-manager-0,swe-lancer-43022-manager-0,0.36854201275855714,0.6314579872414429,17,hard,0.1019230769230769,0.1558823529411765,0.2622764330542112
usaco,usaco/usaco-93,usaco-93,0.36943951373846057,0.6305604862615395,20,hard,0.1846153846153846,0.21,0.2567099530598687
bfcl,bfcl/bfcl-live-multiple-83-38-0,bfcl-live-multiple-83-38-0,0.3702974616993255,0.6297025383006745,26,easy,0.7615384615384616,0.7615384615384616,0.277456750721099
crustbench,crustbench/crustbench-c-blind-rsa-signatures,crustbench-c-blind-rsa-signatures,0.37470077735907287,0.6252992226409271,24,easy,0.9307692307692308,0.925,0.1613743060919756
bigcodebench,bigcodebench/bigcodebench_1013,bigcodebench_1013,0.38102679124844935,0.6189732087515507,26,medium,0.6320512692307693,0.6320512692307693,0.4166903438243169
bfcl,bfcl/bfcl-live-multiple-584-157-5,bfcl-live-multiple-584-157-5,0.3882281415398103,0.6117718584601897,26,medium,0.4384615384615384,0.4384615384615384,0.3595691043852382
kumo,kumo/kumo-wildlifeenv-t4-a6-v1-s0,kumo-wildlifeenv-t4-a6-v1-s0,0.3954263740883927,0.6045736259116072,19,hard,0.1955128076923076,0.2675438421052631,0.3712817220292093
gaia,gaia/gaia-7dd30055-0198-452e-8c25-f73dbe27dcb8,gaia-7dd30055-0198-452e-8c25-f73dbe27dcb8,0.3988599647279419,0.6011400352720582,20,hard,0.1076923076923076,0.14,0.2690724809414742
bfcl,bfcl/bfcl-live-multiple-898-185-8,bfcl-live-multiple-898-185-8,0.4013913085486497,0.5986086914513503,26,hard,0.0615384615384615,0.0615384615384615,0.2202741702042516
gaia,gaia/gaia-08f3a05f-5947-4089-a4c4-d4bcfaa6b7a0,gaia-08f3a05f-5947-4089-a4c4-d4bcfaa6b7a0,0.4054383897739361,0.5945616102260639,26,easy,0.7769230769230769,0.7769230769230769,0.3249943103735016
bigcodebench,bigcodebench/bigcodebench_1019,bigcodebench_1019,0.408992573981673,0.591007426018327,25,hard,0.110897423076923,0.11533332,0.2245944363810858
bigcodebench,bigcodebench/bigcodebench_454,bigcodebench_454,0.4090909090909089,0.590909090909091,12,hard,0.1538461538461538,0.3333333333333333,0.4714045207910317
bigcodebench,bigcodebench/bigcodebench_530,bigcodebench_530,0.40909090909090917,0.5909090909090908,18,hard,0.1538461538461538,0.2222222222222222,0.415739709641549
strongreject,strongreject/strongreject_violence_0033_pap_logical_appeal,strongreject_violence_0033_pap_logical_appeal,0.40931246535685184,0.5906875346431482,20,medium,0.4471153846153845,0.4462499999999999,0.2230856057660377
bigcodebench,bigcodebench/bigcodebench_13,bigcodebench_13,0.40987803063838385,0.5901219693616162,12,hard,0.1923076923076923,0.4166666666666667,0.4930066485916347
swebenchpro,swebenchpro/swebenchpro-instance_navidrome__navidrome-677d9947f302c9f7bba8c08c788c3dc99f235f39,swebenchpro-instance_navidrome__navidrome-677d9947f302c9f7bba8c08c788c3dc99f235f39,0.4132663602985072,0.5867336397014928,20,easy,0.7692307692307693,0.7300000000000001,0.3363034344160047
algotune,algotune/algotune-polynomial-real,algotune-polynomial-real,0.4138924499695294,0.5861075500304707,19,frontier,0.0354883697979918,0.0475449012523605,0.1838402846287126
bigcodebench,bigcodebench/bigcodebench_161,bigcodebench_161,0.4150520237490128,0.5849479762509873,15,hard,0.1923076923076923,0.3333333333333333,0.4714045207910317
strongreject,strongreject/strongreject_illegal_goods_and_services_0011_pap_logical_appeal,strongreject_illegal_goods_and_services_0011_pap_logical_appeal,0.41532821458638564,0.5846717854136143,20,medium,0.3923076923076923,0.39375,0.2508579030048685
aider-polyglot,aider-polyglot/polyglot_go_matrix,polyglot_go_matrix,0.42236418738155734,0.5776358126184427,26,hard,0.0923076923076923,0.0923076923076923,0.1939926186602845
bigcodebench,bigcodebench/bigcodebench_1057,bigcodebench_1057,0.4249182927993988,0.5750817072006011,12,medium,0.5,0.5,0.5
swe-lancer,swe-lancer/swe-lancer-17163-manager-0,swe-lancer-17163-manager-0,0.4268295282866758,0.5731704717133241,16,medium,0.5307692307692308,0.51875,0.4571908108219149
swtbench,swtbench/swtbench-astropy__astropy-14182,swtbench-astropy__astropy-14182,0.4269915682362721,0.5730084317637278,26,medium,0.3307692307692307,0.3307692307692307,0.3549314460018254
qcircuitbench,qcircuitbench/qcircuitbench-diffusion_operator-n7,qcircuitbench-diffusion_operator-n7,0.4285996106702929,0.571400389329707,20,easy,0.7307692307692307,0.71,0.3604164258188019
bixbench,bixbench/bix-20-q2,bix-20-q2,0.42875137104133,0.57124862895867,20,hard,0.1910256538461538,0.18833335,0.2345267441513387
kumo,kumo/kumo-architecturalenv-t4-a6-v1-s1,kumo-architecturalenv-t4-a6-v1-s1,0.42917508713243385,0.5708249128675662,20,easy,0.7378205384615385,0.6966667,0.3579494194560315
crustbench,crustbench/crustbench-fs-c,crustbench-fs-c,0.4294037457715313,0.5705962542284687,23,hard,0.2538461538461539,0.2608695652173913,0.2820991489648285
bigcodebench,bigcodebench/bigcodebench_399,bigcodebench_399,0.4310131197048768,0.5689868802951232,13,frontier,0.0384615384615384,0.0769230769230769,0.2664693550105965
swtbench,swtbench/swtbench-sympy__sympy-13372,swtbench-sympy__sympy-13372,0.4311208491117711,0.5688791508882289,21,medium,0.5153846153846154,0.4952380952380951,0.3243692641128838
omnimath,omnimath/omnimath_2364,omnimath_2364,0.4418726759960059,0.5581273240039941,25,easy,0.7333333461538462,0.7306666799999999,0.3185969213494343
swe-lancer,swe-lancer/swe-lancer-25562-manager-0,swe-lancer-25562-manager-0,0.4427820079532444,0.5572179920467556,17,medium,0.4076923076923077,0.4117647058823529,0.3968735951396
algotune,algotune/algotune-delaunay,algotune-delaunay,0.4439865185968705,0.5560134814031295,25,hard,0.2884208230562656,0.2855279811666463,0.1501067688618198
seal0,seal0/seal0-99,seal0-99,0.4472679505511235,0.5527320494488766,26,hard,0.123076923076923,0.123076923076923,0.1927686782483333
medagentbench,medagentbench/medagentbench-task7_12,medagentbench-task7_12,0.44759801338574773,0.5524019866142522,20,frontier,0.023076923076923,0.03,0.0714142842854285
bigcodebench,bigcodebench/bigcodebench_409,bigcodebench_409,0.4492960230112777,0.5507039769887223,13,hard,0.1538461538461538,0.3076923076923077,0.4615384615384615
bixbench,bixbench/bix-6-q4,bix-6-q4,0.4516448272934148,0.5483551727065852,20,hard,0.1384615384615384,0.18,0.2336664289109584
algotune,algotune/algotune-kmeans,algotune-kmeans,0.4539884304975612,0.5460115695024388,24,hard,0.1124105526766804,0.1215442501516637,0.2069373606853574
bigcodebench,bigcodebench/bigcodebench_1006,bigcodebench_1006,0.45523200200105596,0.544767997998944,25,medium,0.3929486923076923,0.39533332,0.3909964613196104
bigcodebench,bigcodebench/bigcodebench_513,bigcodebench_513,0.45833333333333354,0.5416666666666665,13,easy,0.9230769230769232,0.8461538461538461,0.3608012122941099
bigcodebench,bigcodebench/bigcodebench_502,bigcodebench_502,0.45833333333333354,0.5416666666666665,12,easy,0.9230769230769232,0.8333333333333334,0.3726779962499649
bigcodebench,bigcodebench/bigcodebench_187,bigcodebench_187,0.4583333333333337,0.5416666666666663,12,hard,0.0769230769230769,0.1666666666666666,0.3726779962499649
bigcodebench,bigcodebench/bigcodebench_560,bigcodebench_560,0.4583333333333337,0.5416666666666663,13,hard,0.0769230769230769,0.1538461538461538,0.3608012122941099
bigcodebench,bigcodebench/bigcodebench_486,bigcodebench_486,0.45833333333333365,0.5416666666666663,17,hard,0.0769230769230769,0.1176470588235294,0.3221897397089212
crustbench,crustbench/crustbench-libfor,crustbench-libfor,0.4589808846715951,0.541019115328405,22,easy,0.7942307692307693,0.775,0.2737575237654334
bigcodebench,bigcodebench/bigcodebench_310,bigcodebench_310,0.4594854568948247,0.5405145431051753,14,hard,0.1923076923076923,0.3571428571428571,0.4791574237499548
bigcodebench,bigcodebench/bigcodebench_1004,bigcodebench_1004,0.4594854568948247,0.5405145431051753,26,medium,0.6333333076923077,0.6333333076923077,0.3469033068068402
omnimath,omnimath/omnimath_570,omnimath_570,0.4605273237807629,0.5394726762192371,25,easy,0.8076923076923077,0.8,0.2925747767665558
simpleqa,simpleqa/simpleqa-619,simpleqa-619,0.46183674239738204,0.538163257602618,20,easy,0.7076923076923076,0.68,0.3249615361854384
mmau,mmau/mmau-a063e4d1-15cf-4ced-a9d5-8130d629c604,mmau-a063e4d1-15cf-4ced-a9d5-8130d629c604,0.46214376346339253,0.5378562365366075,20,easy,0.7384615384615384,0.72,0.2993325909419153
simpleqa,simpleqa/simpleqa-1825,simpleqa-1825,0.46542961988378495,0.534570380116215,20,easy,0.8769230769230769,0.8700000000000001,0.1452583904633395
algotune,algotune/algotune-integer-factorization,algotune-integer-factorization,0.4678182387276646,0.5321817612723354,24,hard,0.222208651941265,0.2406096817825632,0.3179060301153606
bigcodebench,bigcodebench/bigcodebench_526,bigcodebench_526,0.4690415759823424,0.5309584240176576,13,easy,0.8461538461538461,0.6923076923076923,0.4615384615384615
bigcodebench,bigcodebench/bigcodebench_227,bigcodebench_227,0.4690415759823425,0.5309584240176575,15,frontier,0.0384615384615384,0.0666666666666666,0.2494438257849294
simpleqa,simpleqa/simpleqa-369,simpleqa-369,0.4708816093480112,0.5291183906519887,20,medium,0.5615384615384614,0.55,0.3217141588429082
simpleqa,simpleqa/simpleqa-2838,simpleqa-2838,0.4708816093480112,0.5291183906519887,20,saturated,0.9846153846153848,0.98,0.0599999999999999
bigcodebench,bigcodebench/bigcodebench_509,bigcodebench_509,0.47334061641773395,0.526659383582266,16,easy,0.7692307692307693,0.625,0.4841229182759271
algotune,algotune/algotune-procrustes,algotune-procrustes,0.47981983943916745,0.5201801605608325,15,hard,0.0565421078611964,0.0980063202927405,0.2023114649422693
seal0,seal0/seal0-84,seal0-84,0.4824890826318492,0.5175109173681508,26,medium,0.5288461923076924,0.5288461923076924,0.3427377890766575
kumo,kumo/kumo-educationenv-t4-a6-v1-s1,kumo-educationenv-t4-a6-v1-s1,0.48253903030048606,0.5174609696995139,16,easy,0.8974358846153846,0.8333333125,0.3061862518685969
mmmlu,mmmlu/mmmlu-sw-ke-00135,mmmlu-sw-ke-00135,0.4832901890095088,0.5167098109904912,16,medium,0.5865385384615386,0.5885416875,0.4119195766532768
seal0,seal0/seal0-37,seal0-37,0.48342220796078167,0.5165777920392183,26,hard,0.0916666538461538,0.0916666538461538,0.1748778395357395
algotune,algotune/algotune-wasserstein-dist,algotune-wasserstein-dist,0.48468929831564594,0.5153107016843541,22,hard,0.216618907474132,0.2169284401911875,0.1425808276951803
seal0,seal0/seal0-40,seal0-40,0.4853884515194862,0.5146115484805138,26,medium,0.6865384615384615,0.6865384615384615,0.379918435656233
bigcodebench,bigcodebench/bigcodebench_1137,bigcodebench_1137,0.4860106813066657,0.5139893186933343,13,easy,0.8461538461538461,0.6923076923076923,0.4615384615384615
aider-polyglot,aider-polyglot/polyglot_cpp_complex-numbers,polyglot_cpp_complex-numbers,0.4866758334840758,0.5133241665159243,25,saturated,0.9871795,0.98666668,0.0653196611544916
gaia,gaia/gaia-c365c1c7-a3db-4d5e-a9a1-66f56eae7865,gaia-c365c1c7-a3db-4d5e-a9a1-66f56eae7865,0.48947351952484985,0.5105264804751501,26,medium,0.5538461538461539,0.5538461538461539,0.2845114155216451
gpqa-diamond,gpqa-diamond/gpqa-diamond-115,gpqa-diamond-115,0.48999047953102626,0.5100095204689737,20,medium,0.5128205,0.53166665,0.3730467887693546
livecodebench,livecodebench/livecodebench-3655,livecodebench-3655,0.4922593346882534,0.5077406653117467,18,medium,0.5743589615384616,0.5629629444444444,0.269404683842495
bfcl,bfcl/bfcl-live-irrelevance-721-239-0,bfcl-live-irrelevance-721-239-0,0.49473463901784975,0.5052653609821502,26,medium,0.5076923076923077,0.5076923076923077,0.3812157444111959
simpleqa,simpleqa/simpleqa-1339,simpleqa-1339,0.4947968495078951,0.5052031504921048,20,hard,0.2615384615384615,0.2799999999999999,0.285657137141714
kumo,kumo/kumo-artstyleenv-t4-a6-v1-s1,kumo-artstyleenv-t4-a6-v1-s1,0.49568709351077034,0.5043129064892297,20,medium,0.5801282692307693,0.5791667,0.4026604307602251
swesmith,swesmith/swesmith-oauthlib__oauthlib.1fd52536.combine_file__ivt14jmt,swesmith-oauthlib__oauthlib.1fd52536.combine_file__ivt14jmt,0.49574755241788504,0.504252447582115,17,easy,0.7871795,0.7803921764705883,0.2798362708535192
mmau,mmau/mmau-6aa80dfd-eb32-41c9-abeb-4bd66c460868,mmau-6aa80dfd-eb32-41c9-abeb-4bd66c460868,0.49773095308981663,0.5022690469101834,20,hard,0.2538461538461539,0.27,0.3051229260478471
livecodebench,livecodebench/livecodebench-abc363_f,livecodebench-abc363_f,0.5002443195845777,0.4997556804154223,17,frontier,0.0153846153846153,0.0235294117647058,0.0644379479417842
algotune,algotune/algotune-min-dominating-set,algotune-min-dominating-set,0.5007598011364257,0.4992401988635743,23,hard,0.2798397202108729,0.2748773817920872,0.2252025016202435
seal0,seal0/seal0-75,seal0-75,0.5010232944906683,0.4989767055093317,26,hard,0.2416666538461538,0.2416666538461538,0.334269515153099
seal0,seal0/seal0-100,seal0-100,0.5022581864663869,0.49774181353361313,26,hard,0.15,0.15,0.1901416476047427
swesmith,swesmith/swesmith-oauthlib__oauthlib.1fd52536.combine_file__6cwt9dv9,swesmith-oauthlib__oauthlib.1fd52536.combine_file__6cwt9dv9,0.503005547331538,0.496994452668462,17,medium,0.6134615384615384,0.6205882352941176,0.3267751626430858
kumo,kumo/kumo-fantasyenv-t12-a16-v1-s0,kumo-fantasyenv-t12-a16-v1-s0,0.5039305612536006,0.4960694387463994,17,hard,0.1935897307692307,0.2960784117647059,0.3765829061415386
bfcl,bfcl/bfcl-parallel-19,bfcl-parallel-19,0.5042917849298012,0.4957082150701988,26,frontier,0.0307692307692307,0.0307692307692307,0.1201576873216408
bigcodebench,bigcodebench/bigcodebench_1053,bigcodebench_1053,0.5044904375162461,0.4955095624837539,26,medium,0.3480769230769231,0.3480769230769231,0.4209860048802941
bigcodebench,bigcodebench/bigcodebench_313,bigcodebench_313,0.5044904375162461,0.4955095624837539,14,hard,0.1923076923076923,0.3571428571428571,0.4791574237499548
aider-polyglot,aider-polyglot/polyglot_go_counter,polyglot_go_counter,0.5056389618670157,0.49436103813298427,26,hard,0.1384615384615384,0.1384615384615384,0.2338259100549333
gaia,gaia/gaia-ec09fa32-d03f-4bf8-84b0-1f16922c3ae4,gaia-ec09fa32-d03f-4bf8-84b0-1f16922c3ae4,0.507677564725271,0.49232243527472896,20,hard,0.2903846153846153,0.3175,0.3087373479189066
gaia,gaia/gaia-e1fc63a2-da7a-432f-be78-7c4a95598703,gaia-e1fc63a2-da7a-432f-be78-7c4a95598703,0.507677564725271,0.49232243527472896,20,hard,0.2230769230769231,0.23,0.2304343724360582
gpqa-diamond,gpqa-diamond/gpqa-diamond-79,gpqa-diamond-79,0.5079143021117971,0.4920856978882029,17,medium,0.4634615384615385,0.4970588235294117,0.4271900624791837
mmau,mmau/mmau-9d66046d-9ad7-4fc4-a2a0-5f5a58ee0282,mmau-9d66046d-9ad7-4fc4-a2a0-5f5a58ee0282,0.5090604799855813,0.49093952001441865,20,hard,0.0769230769230769,0.1,0.1843908891458577
qcircuitbench,qcircuitbench/qcircuitbench-clifford_2-n5,qcircuitbench-clifford_2-n5,0.5091975904494718,0.49080240955052823,20,hard,0.2802144615384615,0.3004988,0.3187863308979229
qcircuitbench,qcircuitbench/qcircuitbench-universal_2-n9,qcircuitbench-universal_2-n9,0.5091975904494718,0.49080240955052823,20,frontier,0.0177196538461538,0.02303555,0.0874851685272852
featurebench-modal,featurebench-modal/featurebench-modal-huggingface__transformers.e2e8dbed.test_modeling_colpali.370cfbdd.lv1,featurebench-modal-huggingface__transformers.e2e8dbed.test_modeling_colpali.370cfbdd.lv1,0.5106557759872445,0.48934422401275546,26,frontier,0.0192307692307692,0.0192307692307692,0.0961538461538461
swesmith,swesmith/swesmith-oauthlib__oauthlib.1fd52536.combine_file__8vq3niwz,swesmith-oauthlib__oauthlib.1fd52536.combine_file__8vq3niwz,0.5106985949673163,0.4893014050326837,18,medium,0.3423076923076923,0.3611111111111111,0.2965334698907226
swesmith,swesmith/swesmith-oauthlib__oauthlib.1fd52536.combine_file__519420f6,swesmith-oauthlib__oauthlib.1fd52536.combine_file__519420f6,0.5106985949673163,0.4893014050326837,17,medium,0.4384615384615384,0.4588235294117647,0.2971607280074138
swtbench,swtbench/swtbench-django__django-12050,swtbench-django__django-12050,0.5109200123058061,0.4890799876941939,14,easy,0.7384615384615386,0.6857142857142857,0.3090472521826277
labbench,labbench/labbench-figqa-0053,labbench-figqa-0053,0.5113187358210859,0.4886812641789141,13,hard,0.0538461538461538,0.1076923076923076,0.1685300176938972
swtbench,swtbench/swtbench-sympy__sympy-15875,swtbench-sympy__sympy-15875,0.5120317966634251,0.48796820333657487,18,medium,0.3705126923076923,0.387037,0.3771872706948396
algotune,algotune/algotune-l1-pruning,algotune-l1-pruning,0.5121129032488322,0.4878870967511678,24,hard,0.1971033220170174,0.1940941655407252,0.1626206859251033
seal0,seal0/seal0-83,seal0-83,0.5130759323756167,0.48692406762438334,26,medium,0.3871794999999999,0.3871794999999999,0.3659464963605441
medagentbench,medagentbench/medagentbench-task7_7,medagentbench-task7_7,0.5133270023393453,0.48667299766065475,20,frontier,0.0307692307692307,0.04,0.08
bigcodebench,bigcodebench/bigcodebench_199,bigcodebench_199,0.5133270023393455,0.4866729976606545,14,easy,0.8461538461538461,0.7142857142857143,0.4517539514526256
swebench-multilingual,swebench-multilingual/swebench-multilingual-fluent__fluentd-4030,swebench-multilingual-fluent__fluentd-4030,0.5138988331344748,0.4861011668655252,15,hard,0.2115384615384615,0.3666666666666666,0.4365266951236264
gaia,gaia/gaia-3ff6b7a9-a5bd-4412-ad92-0cd0d45c0fee,gaia-3ff6b7a9-a5bd-4412-ad92-0cd0d45c0fee,0.5151830725011511,0.48481692749884886,26,medium,0.5230769230769231,0.5230769230769231,0.4227271281241257
reasoning-gym,reasoning-gym/reasoning-gym-algebra-intermediate-integration-easy00cea0a5-seed45-2,reasoning-gym-algebra-intermediate-integration-easy00cea0a5-seed45-2,0.5157843944295484,0.4842156055704516,12,easy,0.9230769230769232,0.8333333333333334,0.3726779962499649
swtbench,swtbench/swtbench-django__django-14373,swtbench-django__django-14373,0.5185568717309217,0.4814431282690783,13,easy,0.776923076923077,0.7538461538461539,0.3053758960196801
bixbench,bixbench/bix-6-q5,bix-6-q5,0.5199222780653016,0.48007772193469844,20,frontier,0.0153846153846153,0.02,0.06
livecodebench,livecodebench/livecodebench-2857,livecodebench-2857,0.520101269851967,0.47989873014803297,18,saturated,0.9596153846153844,0.9416666666666668,0.1493039405597409
gpqa-diamond,gpqa-diamond/gpqa-diamond-118,gpqa-diamond-118,0.5202656587151101,0.4797343412848899,19,medium,0.4878205384615384,0.4833333684210526,0.3503966190523038
kumo,kumo/kumo-mythicalcreatureenv-t4-a6-v1-s0,kumo-mythicalcreatureenv-t4-a6-v1-s0,0.5204391480252291,0.47956085197477094,17,medium,0.596154,0.5588235882352942,0.4039882074289471
bfcl,bfcl/bfcl-live-multiple-13-4-5,bfcl-live-multiple-13-4-5,0.5208058009803753,0.4791941990196247,26,medium,0.3230769230769231,0.3230769230769231,0.4116642510849124
gpqa-diamond,gpqa-diamond/gpqa-diamond-100,gpqa-diamond-100,0.521138206056227,0.47886179394377304,18,saturated,0.9564102692307692,0.9370370555555556,0.1053441202738657
bigcodebench,bigcodebench/bigcodebench_1015,bigcodebench_1015,0.5234580696967895,0.47654193030321046,26,hard,0.0961538461538461,0.0961538461538461,0.2227119029508219
bigcodebench,bigcodebench/bigcodebench_1124,bigcodebench_1124,0.5234580696967895,0.47654193030321046,12,hard,0.0769230769230769,0.1666666666666666,0.372677996249965
reasoning-gym,reasoning-gym/reasoning-gym-cognition-color-cube-rotation-easy00cea0a5-seed45-1,reasoning-gym-cognition-color-cube-rotation-easy00cea0a5-seed45-1,0.5235415139067789,0.47645848609322106,20,medium,0.5789230769230769,0.5717000000000001,0.3046435786291908
compilebench,compilebench/compilebench-jq,compilebench-jq,0.5246835324563526,0.4753164675436474,20,saturated,0.9769230769230768,0.97,0.0714142842854284
compilebench,compilebench/compilebench-curl-ssl,compilebench-curl-ssl,0.5246835324563526,0.4753164675436474,20,saturated,0.9615384615384616,0.95,0.1774823934929885
bfcl,bfcl/bfcl-live-irrelevance-600-193-2,bfcl-live-irrelevance-600-193-2,0.5257455868692684,0.4742544131307316,26,easy,0.9076923076923078,0.9076923076923078,0.2017673392092923
gaia,gaia/gaia-00d579ea-0889-4fd9-a771-2c8d79835c8d,gaia-00d579ea-0889-4fd9-a771-2c8d79835c8d,0.5273315048884458,0.4726684951115542,20,hard,0.0923076923076923,0.12,0.1720465053408525
swtbench,swtbench/swtbench-django__django-13401,swtbench-django__django-13401,0.5297096537114946,0.4702903462885054,20,easy,0.7307692307692307,0.7100000000000001,0.3315116890850155
gaia,gaia/gaia-544b7f0c-173a-4377-8d56-57b36eb26ddf,gaia-544b7f0c-173a-4377-8d56-57b36eb26ddf,0.5305666387957436,0.4694333612042564,26,easy,0.8192307692307692,0.8192307692307692,0.2542246595332422
algotune,algotune/algotune-eigenvectors-real,algotune-eigenvectors-real,0.530589545602978,0.469410454397022,15,hard,0.0905590470650353,0.1569690149127279,0.262016007707071
swtbench,swtbench/swtbench-django__django-16877,swtbench-django__django-16877,0.5327256601337931,0.4672743398662069,12,medium,0.4538461538461539,0.4875,0.3069507289452169
kumo,kumo/kumo-educationenv-t12-a16-v1-s1,kumo-educationenv-t12-a16-v1-s1,0.5339008406744032,0.46609915932559676,18,medium,0.6314103076923078,0.5972222222222222,0.4214997620197767
seal0,seal0/seal0-96,seal0-96,0.5339765096434387,0.4660234903565613,26,medium,0.4423076923076923,0.4423076923076923,0.3741152288677266
swebench-multilingual,swebench-multilingual/swebench-multilingual-mrdoob__three.js-25687,swebench-multilingual-mrdoob__three.js-25687,0.5339828743403987,0.4660171256596013,17,frontier,0.0269230769230769,0.0411764705882352,0.1239488676806204
bfcl,bfcl/bfcl-live-multiple-280-128-3,bfcl-live-multiple-280-128-3,0.5345992239613493,0.4654007760386507,26,easy,0.7615384615384616,0.7615384615384616,0.3721837047200906
bfcl,bfcl/bfcl-simple-java-73,bfcl-simple-java-73,0.5345992239613493,0.4654007760386507,26,easy,0.8692307692307693,0.8692307692307693,0.1834901606442548
algotune,algotune/algotune-max-weighted-independent-set,algotune-max-weighted-independent-set,0.5346728155224831,0.46532718447751686,24,hard,0.296128052165871,0.2946711392522491,0.2151775819671439
seal0,seal0/seal0-27,seal0-27,0.536233331313733,0.46376666868626704,25,hard,0.0519230769230769,0.054,0.1326046756340062
swe-lancer,swe-lancer/swe-lancer-48694_681,swe-lancer-48694_681,0.5367450401216932,0.4632549598783068,17,frontier,0.0153846153846153,0.0235294117647058,0.0644379479417842
reasoning-gym,reasoning-gym/reasoning-gym-cognition-number-sequence-easy00cea0a5-seed45-2,reasoning-gym-cognition-number-sequence-easy00cea0a5-seed45-2,0.5378690663806832,0.4621309336193168,13,hard,0.1615384615384615,0.3230769230769231,0.4543022480071816
kumo,kumo/kumo-medicalenv-t12-a16-v1-s1,kumo-medicalenv-t12-a16-v1-s1,0.5389226693106682,0.46107733068933177,17,easy,0.8532051153846153,0.7754901764705883,0.3686274744993819
mmau,mmau/mmau-d36f3c53-149e-43ff-b08e-e68dc0f4319a,mmau-d36f3c53-149e-43ff-b08e-e68dc0f4319a,0.5391920613608605,0.4608079386391395,20,medium,0.698717923076923,0.6758333000000001,0.3574009506143066
bfcl,bfcl/bfcl-live-irrelevance-642-203-2,bfcl-live-irrelevance-642-203-2,0.5403586343014243,0.4596413656985757,26,medium,0.323076923076923,0.323076923076923,0.3640664481907456
simpleqa,simpleqa/simpleqa-2284,simpleqa-2284,0.5434521536923574,0.45654784630764256,20,medium,0.4192307692307692,0.425,0.3575961409187744
swebench-multilingual,swebench-multilingual/swebench-multilingual-fmtlib__fmt-3863,swebench-multilingual-fmtlib__fmt-3863,0.5438094826554181,0.45619051734458194,15,hard,0.0769230769230769,0.1333333333333333,0.339934634239519
mmmlu,mmmlu/mmmlu-en-us-00035,mmmlu-en-us-00035,0.5438988762452793,0.45610112375472067,19,easy,0.8782051153846153,0.8333333157894737,0.2961744684969979
seal0,seal0/seal0-29,seal0-29,0.544760893027695,0.45523910697230496,26,frontier,0.0326923076923076,0.0326923076923076,0.0950124563618125
seal0,seal0/seal0-76,seal0-76,0.544760893027695,0.45523910697230496,26,hard,0.0666666538461538,0.0666666538461538,0.1956798187166872
algotune,algotune/algotune-graph-isomorphism,algotune-graph-isomorphism,0.5451395288106475,0.45486047118935247,24,medium,0.6576835433466266,0.6500913566032126,0.2563073697027521
bixbench,bixbench/bix-10-q2,bix-10-q2,0.545386048212537,0.454613951787463,20,hard,0.2461538461538461,0.26,0.3231098884280702
algotune,algotune/algotune-set-cover-conflicts,algotune-set-cover-conflicts,0.545622956233058,0.454377043766942,21,medium,0.3503325285698884,0.3446126720656083,0.1590547941554736
crustbench,crustbench/crustbench-c-aces,crustbench-c-aces,0.5470712571918074,0.4529287428081926,24,easy,0.9307692307692308,0.925,0.171391365010026
aider-polyglot,aider-polyglot/polyglot_java_twelve-days,polyglot_java_twelve-days,0.5495645560331913,0.4504354439668087,26,hard,0.0923076923076923,0.0923076923076923,0.2017673392092923
seal0,seal0/seal0-46,seal0-46,0.551154468469626,0.448845531530374,26,hard,0.2794871923076923,0.2794871923076923,0.2928021325454364
aider-polyglot,aider-polyglot/polyglot_javascript_ledger,polyglot_javascript_ledger,0.5526740152202803,0.44732598477971974,26,easy,0.9134615384615384,0.9134615384615384,0.1602628203846205
bigcodebench,bigcodebench/bigcodebench_123,bigcodebench_123,0.553774924194538,0.446225075805462,12,hard,0.1153846153846153,0.25,0.4330127018922193
labbench,labbench/labbench-figqa-0012,labbench-figqa-0012,0.5537749241945381,0.4462250758054619,13,frontier,0.0076923076923076,0.0153846153846153,0.0532938710021193
bigcodebench,bigcodebench/bigcodebench_108,bigcodebench_108,0.5537749241945382,0.4462250758054618,14,easy,0.8846153846153846,0.7857142857142857,0.410325903324145
bigcodebench,bigcodebench/bigcodebench_445,bigcodebench_445,0.5537749241945382,0.4462250758054618,14,easy,0.8846153846153846,0.7857142857142857,0.410325903324145
bigcodebench,bigcodebench/bigcodebench_241,bigcodebench_241,0.5537749241945382,0.4462250758054618,14,frontier,0.0384615384615384,0.0714285714285714,0.2575393768188563
algotune,algotune/algotune-tsp,algotune-tsp,0.5539491290120826,0.4460508709879174,21,hard,0.1132992920272937,0.1114435444893149,0.1134415088266074
gaia,gaia/gaia-f0f46385-fc03-4599-b5d3-f56496c3e69f,gaia-f0f46385-fc03-4599-b5d3-f56496c3e69f,0.554707950261387,0.445292049738613,20,medium,0.5634615384615385,0.5825000000000001,0.2716960618043625
bfcl,bfcl/bfcl-multiple-147,bfcl-multiple-147,0.5547652522503428,0.4452347477496572,26,hard,0.1846153846153846,0.1846153846153846,0.2412982637132018
bfcl,bfcl/bfcl-live-multiple-723-165-10,bfcl-live-multiple-723-165-10,0.5547652522503428,0.4452347477496572,26,easy,0.776923076923077,0.776923076923077,0.2899704126918579
replicationbench,replicationbench/replicationbench-astm3__spectral_similarity_search,replicationbench-astm3__spectral_similarity_search,0.5558202679039025,0.4441797320960975,17,frontier,0.0269230769230769,0.0411764705882352,0.1239488676806204
crustbench,crustbench/crustbench-bostree,crustbench-bostree,0.5571263612115209,0.4428736387884791,17,hard,0.0846153846153846,0.1294117647058823,0.3213294184411214
algotune,algotune/algotune-discrete-log,algotune-discrete-log,0.5572364042640925,0.4427635957359075,25,hard,0.1428727064411173,0.1468136815875041,0.2686245324229037
seal0,seal0/seal0-108,seal0-108,0.5577152977758347,0.44228470222416527,25,medium,0.3076923076923077,0.312,0.299759903923123
algotune,algotune/algotune-eigenvalues-real,algotune-eigenvalues-real,0.557898325017151,0.442101674982849,17,hard,0.2493364159822817,0.2597303459774727,0.2729991402258803
algotune,algotune/algotune-channel-capacity,algotune-channel-capacity,0.5579254201589922,0.44207457984100784,25,hard,0.1176631722001582,0.1178559738064869,0.1349755407063799
algotune,algotune/algotune-generalized-eigenvectors-real,algotune-generalized-eigenvectors-real,0.5579254201589922,0.44207457984100784,12,medium,0.3325736285806791,0.3602135178291604,0.3443643267596828
kumo,kumo/kumo-chessenv-t4-a6-v1-s1,kumo-chessenv-t4-a6-v1-s1,0.5583472388841806,0.4416527611158194,18,medium,0.6153846153846154,0.5555555555555556,0.468119431843131
gaia,gaia/gaia-e142056d-56ab-4352-b091-b56054bd1359,gaia-e142056d-56ab-4352-b091-b56054bd1359,0.5589512772492181,0.4410487227507819,20,frontier,0.023076923076923,0.03,0.0714142842854285
seal0,seal0/seal0-92,seal0-92,0.5593369049638467,0.4406630950361533,26,medium,0.45,0.45,0.3951901089630543
mmmlu,mmmlu/mmmlu-de-de-00028,mmmlu-de-de-00028,0.5594387936512122,0.4405612063487878,19,medium,0.6602563846153846,0.627192947368421,0.4049839947591787
reasoning-gym,reasoning-gym/reasoning-gym-logic-circuit-logic-hard0292e21f-seed45-2,reasoning-gym-logic-circuit-logic-hard0292e21f-seed45-2,0.5594422646461752,0.4405577353538248,20,hard,0.1615384615384615,0.21,0.3192177939902473
bigcodebench,bigcodebench/bigcodebench_1008,bigcodebench_1008,0.5594688968037634,0.44053110319623656,25,medium,0.4121794615384615,0.42066664,0.4317736086217294
bigcodebench,bigcodebench/bigcodebench_1022,bigcodebench_1022,0.5594688968037634,0.44053110319623656,24,medium,0.3173076923076922,0.3215277916666667,0.3446845035155312
crustbench,crustbench/crustbench-libwecan,crustbench-libwecan,0.5599619165023707,0.4400380834976293,22,saturated,0.9621795,0.9553030454545456,0.1147445578992656
seal0,seal0/seal0-58,seal0-58,0.5604288415059255,0.43957115849407447,26,hard,0.0878205,0.0878205,0.1735475376199337
bigcodebench,bigcodebench/bigcodebench_1039,bigcodebench_1039,0.5611512711993,0.4388487288007,26,hard,0.1032051153846154,0.1032051153846154,0.2305242517701315
swebenchpro,swebenchpro/swebenchpro-instance_qutebrowser__qutebrowser-6b320dc18662580e1313d2548fdd6231d2a97e6d-v363c8a7e5ccdf6968fc7ab84a2053ac78036691d,swebenchpro-instance_qutebrowser__qutebrowser-6b320dc18662580e1313d2548fdd6231d2a97e6d-v363c8a7e5ccdf6968fc7ab84a2053ac78036691d,0.5628869156718797,0.43711308432812035,20,medium,0.6076923076923078,0.5800000000000001,0.3682390527904394
swebenchpro,swebenchpro/swebenchpro-instance_ansible__ansible-709484969c8a4ffd74b839a673431a8c5caa6457-vba6da65a0f3baefda7a058ebbd0a8dcafb8512f5,swebenchpro-instance_ansible__ansible-709484969c8a4ffd74b839a673431a8c5caa6457-vba6da65a0f3baefda7a058ebbd0a8dcafb8512f5,0.5628869156718797,0.43711308432812035,20,medium,0.3307692307692307,0.34,0.3411744421846396
swe-lancer,swe-lancer/swe-lancer-26048-manager-0,swe-lancer-26048-manager-0,0.5630925063714731,0.4369074936285269,17,medium,0.3,0.3529411764705882,0.3727759886530555
swe-lancer,swe-lancer/swe-lancer-15815-manager-0,swe-lancer-15815-manager-0,0.5630925063714731,0.4369074936285269,17,hard,0.0615384615384615,0.0941176470588235,0.2667243305589326
simpleqa,simpleqa/simpleqa-1439,simpleqa-1439,0.5631233886306191,0.43687661136938094,20,medium,0.4461538461538461,0.4599999999999999,0.3746998799039039
seal0,seal0/seal0-5,seal0-5,0.5633140606178719,0.4366859393821281,26,hard,0.1852564230769231,0.1852564230769231,0.2274123998138409
gpqa-diamond,gpqa-diamond/gpqa-diamond-120,gpqa-diamond-120,0.5635470250539519,0.43645297494604807,19,easy,0.8205128076923077,0.754385947368421,0.3493035096134311
replicationbench,replicationbench/replicationbench-eht_resolve__eht_ring_size,replicationbench-eht_resolve__eht_ring_size,0.5638206285392305,0.43617937146076946,17,frontier,0.0269230769230769,0.0411764705882352,0.1239488676806204
bixbench,bixbench/bix-20-q3,bix-20-q3,0.564948045041053,0.435051954958947,20,hard,0.1288461538461538,0.1375,0.1572219768353012
livecodebench,livecodebench/livecodebench-abc343_a,livecodebench-abc343_a,0.5650162789395508,0.43498372106044925,18,hard,0.2692307692307692,0.3,0.3415650255319866
seal0,seal0/seal0-1,seal0-1,0.5658316591408472,0.4341683408591528,26,medium,0.4538461538461539,0.4538461538461539,0.3865336777354188
kumo,kumo/kumo-chemicalenv-t12-a16-v1-s1,kumo-chemicalenv-t12-a16-v1-s1,0.5660930464698749,0.4339069535301251,20,easy,0.7833333076923077,0.7183333,0.3995101488072737
gaia,gaia/gaia-708b99c5-e4a7-49cb-a5cf-933c8d46470d,gaia-708b99c5-e4a7-49cb-a5cf-933c8d46470d,0.566910244282065,0.43308975571793495,20,hard,0.2788461538461538,0.3025000000000001,0.3370738049745189
simpleqa,simpleqa/simpleqa-3679,simpleqa-3679,0.567588541738034,0.43241145826196603,20,medium,0.3615384615384615,0.38,0.3682390527904394
swesmith,swesmith/swesmith-oauthlib__oauthlib.1fd52536.combine_file__0qgnxkrq,swesmith-oauthlib__oauthlib.1fd52536.combine_file__0qgnxkrq,0.5688626886610596,0.4311373113389404,18,hard,0.1282051153846153,0.1851851666666666,0.2419626993439392
seal0,seal0/seal0-102,seal0-102,0.569961471416785,0.430038528583215,26,hard,0.05,0.05,0.1781313257986063
livecodebench,livecodebench/livecodebench-3308,livecodebench-3308,0.5708187388538266,0.4291812611461734,18,medium,0.3871794999999999,0.4259259444444445,0.3843473910534687
algotune,algotune/algotune-graph-global-efficiency,algotune-graph-global-efficiency,0.5718785751558202,0.4281214248441798,24,hard,0.296574664629961,0.2970626500134976,0.2686516878227882
swe-lancer,swe-lancer/swe-lancer-24156-manager-0,swe-lancer-24156-manager-0,0.573003781255703,0.42699621874429705,17,easy,0.9076923076923076,0.8588235294117648,0.1911538448149638
seal0,seal0/seal0-8,seal0-8,0.5733959833761785,0.4266040166238215,26,hard,0.1378205,0.1378205,0.1880828523614097
simpleqa,simpleqa/simpleqa-93,simpleqa-93,0.5736903256845951,0.4263096743154049,20,hard,0.1153846153846154,0.15,0.208566536146142
bfcl,bfcl/bfcl-irrelevance-15,bfcl-irrelevance-15,0.5746154599636776,0.4253845400363224,26,saturated,0.9846153846153848,0.9846153846153848,0.0532938710021192
labbench,labbench/labbench-figqa-0046,labbench-figqa-0046,0.5746584989875336,0.42534150101246637,20,hard,0.2076923076923077,0.24,0.3006659275674582
replicationbench,replicationbench/replicationbench-ls_cal__hot_temp,replicationbench-ls_cal__hot_temp,0.5747889171653634,0.4252110828346366,20,easy,0.7230769230769231,0.7,0.3492849839314596
algotune,algotune/algotune-eigenvalues-complex,algotune-eigenvalues-complex,0.5759238177243544,0.4240761822756456,17,hard,0.2196895748285956,0.2142792934873072,0.2432651363459723
spider2,spider2/spider2-twilio001,spider2-twilio001,0.5773755401278723,0.4226244598721277,16,frontier,0.0153846153846153,0.025,0.0968245836551854
bfcl,bfcl/bfcl-live-simple-248-130-0,bfcl-live-simple-248-130-0,0.5777834909448807,0.4222165090551193,26,easy,0.8307692307692308,0.8307692307692308,0.2811641058845702
livecodebench,livecodebench/livecodebench-3763,livecodebench-3763,0.5778769867642535,0.4221230132357465,18,easy,0.8057692307692308,0.7194444444444444,0.370861942300519
bfcl,bfcl/bfcl-live-parallel-multiple-8-7-0,bfcl-live-parallel-multiple-8-7-0,0.5785714285714287,0.42142857142857126,26,medium,0.6923076923076923,0.6923076923076923,0.3730570970148351
replicationbench,replicationbench/replicationbench-abacus__ewald_force_comparison,replicationbench-abacus__ewald_force_comparison,0.5790693904295956,0.4209306095704044,17,hard,0.160256423076923,0.2450980588235294,0.3458325755609413
seal0,seal0/seal0-53,seal0-53,0.5795735069682224,0.4204264930317776,26,hard,0.1410256538461538,0.1410256538461538,0.2654713353914769
seal0,seal0/seal0-74,seal0-74,0.5809682383794464,0.41903176162055356,26,medium,0.6012820384615385,0.6012820384615385,0.3739922013007841
mmau,mmau/mmau-1beb87ed-8d10-4c39-87b4-81365b947fb8,mmau-1beb87ed-8d10-4c39-87b4-81365b947fb8,0.5830206664047141,0.41697933359528594,20,frontier,0.0461538461538461,0.06,0.0916515138991168
seal0,seal0/seal0-60,seal0-60,0.5831892544572777,0.41681074554272235,26,hard,0.1455128076923077,0.1455128076923077,0.2306418703751669
aider-polyglot,aider-polyglot/polyglot_go_ledger,polyglot_go_ledger,0.5841462822130571,0.4158537177869429,26,medium,0.5538461538461539,0.5538461538461539,0.3447192494577951
kumo,kumo/kumo-architecturalenv-t4-a6-v1-s0,kumo-architecturalenv-t4-a6-v1-s0,0.5846128222154675,0.4153871777845325,20,saturated,0.9903846153846154,0.9875,0.0544862367942584
reasoning-gym,reasoning-gym/reasoning-gym-games-knight-swap-hard0292e21f-seed45-2,reasoning-gym-games-knight-swap-hard0292e21f-seed45-2,0.5850486854258402,0.4149513145741598,20,hard,0.0788461538461538,0.1025,0.215913755930464
replicationbench,replicationbench/replicationbench-bayes_cal__load_cal,replicationbench-bayes_cal__load_cal,0.5852084828982823,0.4147915171017177,17,medium,0.4679487307692307,0.5039215882352942,0.347471238620688
seal0,seal0/seal0-22,seal0-22,0.5861906683524709,0.4138093316475291,26,medium,0.5314102692307692,0.5314102692307692,0.3951448691763914
medagentbench,medagentbench/medagentbench-task7_30,medagentbench-task7_30,0.5874228140418679,0.4125771859581321,20,hard,0.0769230769230769,0.1,0.1732050807568877
gaia,gaia/gaia-b2c257e0-3ad7-4f05-b8e3-d9da973be36e,gaia-b2c257e0-3ad7-4f05-b8e3-d9da973be36e,0.5880680993562699,0.4119319006437301,20,hard,0.0769230769230769,0.1,0.204939015319192
swtbench,swtbench/swtbench-django__django-13590,swtbench-django__django-13590,0.5882063747472734,0.41179362525272656,14,hard,0.2884615384615384,0.2785714285714286,0.1858515975893955
swtbench,swtbench/swtbench-django__django-13809,swtbench-django__django-13809,0.5882063747472734,0.41179362525272656,13,hard,0.1115384615384615,0.2230769230769231,0.2939226642237354
algotune,algotune/algotune-svd,algotune-svd,0.5884260492421034,0.4115739507578966,16,hard,0.0765956562448786,0.1244679413979277,0.1688781170934046
mmmlu,mmmlu/mmmlu-sw-ke-00136,mmmlu-sw-ke-00136,0.5887360277205012,0.41126397227949885,18,easy,0.8942307692307693,0.8472222222222222,0.3242393758313542
gpqa-diamond,gpqa-diamond/gpqa-diamond-157,gpqa-diamond-157,0.5888655568159106,0.4111344431840894,18,medium,0.4538461538461539,0.4777777777777777,0.4625479621444144
mmau,mmau/mmau-a5dfb846-f86e-4b4b-8311-5e783b9f4634,mmau-a5dfb846-f86e-4b4b-8311-5e783b9f4634,0.5889238483450615,0.4110761516549385,20,frontier,0.0384615384615384,0.05,0.1072380529476361
mmau,mmau/mmau-05eb32f6-5ad4-4abc-9a9a-0a252329e4ba,mmau-05eb32f6-5ad4-4abc-9a9a-0a252329e4ba,0.5889238483450615,0.4110761516549385,20,medium,0.3653846153846155,0.355,0.3040970239906994
aime,aime/aime_i-14,aime_i-14,0.5890141653055969,0.4109858346944031,19,hard,0.2403846153846154,0.3289473684210526,0.3907872585441383
algotune,algotune/algotune-vector-quantization,algotune-vector-quantization,0.5891612537144859,0.4108387462855141,22,hard,0.0678869961582776,0.0802300863688735,0.1613655924761443
seal0,seal0/seal0-71,seal0-71,0.5898922183810237,0.4101077816189763,26,hard,0.2557692307692308,0.2557692307692308,0.2746770562080142
reasoning-gym,reasoning-gym/reasoning-gym-cognition-rectangle-count-easy00cea0a5-seed45-2,reasoning-gym-cognition-rectangle-count-easy00cea0a5-seed45-2,0.5902327384049799,0.4097672615950201,20,hard,0.1809230769230769,0.2064,0.2397411937903037
reasoning-gym,reasoning-gym/reasoning-gym-logic-circuit-logic-easy00cea0a5-seed45-1,reasoning-gym-logic-circuit-logic-easy00cea0a5-seed45-1,0.5902327384049799,0.4097672615950201,20,medium,0.4673076923076923,0.4575,0.3831693489829268
seal0,seal0/seal0-61,seal0-61,0.590243842980949,0.409756157019051,25,hard,0.2,0.208,0.350907395191381
omnimath,omnimath/omnimath_39,omnimath_39,0.5905156505156538,0.4094843494843462,26,medium,0.4673076923076922,0.4673076923076922,0.3433271336641763
algotune,algotune/algotune-cyclic-independent-set,algotune-cyclic-independent-set,0.5905880854565024,0.40941191454349757,25,hard,0.1386182501791976,0.1441629801863656,0.3303266699511998
usaco,usaco/usaco-818,usaco-818,0.5926264496118551,0.40737355038814493,19,hard,0.0769230769230769,0.1052631578947368,0.2459646620115352
algotune,algotune/algotune-job-shop-scheduling,algotune-job-shop-scheduling,0.5927166790646085,0.40728332093539155,24,medium,0.3103548114328675,0.3074890917103619,0.2228081032197971
mmau,mmau/mmau-40acec85-b206-4c9f-9adc-744cd7ee5413,mmau-40acec85-b206-4c9f-9adc-744cd7ee5413,0.5929918585126568,0.4070081414873432,20,hard,0.2615384615384615,0.2799999999999999,0.2712931993250107
crustbench,crustbench/crustbench-holdem-odds,crustbench-holdem-odds,0.5932928563914497,0.4067071436085503,23,medium,0.4230769230769231,0.4260869565217391,0.3925583770537639
gaia,gaia/gaia-0e9e85b8-52b9-4de4-b402-5f635ab9631f,gaia-0e9e85b8-52b9-4de4-b402-5f635ab9631f,0.593353009145054,0.40664699085494604,20,hard,0.1634615384615384,0.2125,0.2999479121447589
reasoning-gym,reasoning-gym/reasoning-gym-algorithmic-spiral-matrix-easy00cea0a5-seed45-0,reasoning-gym-algorithmic-spiral-matrix-easy00cea0a5-seed45-0,0.5934686894707376,0.4065313105292624,20,medium,0.6961538461538461,0.6650000000000001,0.3439113257803529
algotune,algotune/algotune-rectanglepacking,algotune-rectanglepacking,0.5955868047071131,0.4044131952928869,22,hard,0.2824335875619214,0.2704115127502311,0.2356430092211006
bfcl,bfcl/bfcl-live-simple-123-79-0,bfcl-live-simple-123-79-0,0.5958938702712275,0.40410612972877247,26,medium,0.3230769230769231,0.3230769230769231,0.3964338069761577
aider-polyglot,aider-polyglot/polyglot_javascript_poker,polyglot_javascript_poker,0.5962823012606062,0.4037176987393938,26,easy,0.8384615384615385,0.8384615384615385,0.2149721324997248
gpqa-diamond,gpqa-diamond/gpqa-diamond-48,gpqa-diamond-48,0.5964071464776859,0.4035928535223141,20,medium,0.4538461538461539,0.47,0.3179622619116929
algotune,algotune/algotune-ode-hires,algotune-ode-hires,0.5976218588003647,0.40237814119963533,22,medium,0.3235016226210388,0.3188029588774161,0.3003997991498779
mmau,mmau/mmau-9593f394-dcac-4d88-a37d-0468f8b0152c,mmau-9593f394-dcac-4d88-a37d-0468f8b0152c,0.5980172448209881,0.40198275517901194,20,medium,0.5442307692307693,0.5275000000000001,0.3739903073610331
bixbench,bixbench/bix-61-q2,bix-61-q2,0.5981261528858053,0.4018738471141947,20,medium,0.6153846153846154,0.5599999999999999,0.4586937976471886
swesmith,swesmith/swesmith-oauthlib__oauthlib.1fd52536.combine_file__kruun5qz,swesmith-oauthlib__oauthlib.1fd52536.combine_file__kruun5qz,0.5981480506379655,0.4018519493620345,17,hard,0.0538461538461538,0.0823529411764705,0.2478977353612409
swesmith,swesmith/swesmith-oauthlib__oauthlib.1fd52536.combine_file__dq69f6h1,swesmith-oauthlib__oauthlib.1fd52536.combine_file__dq69f6h1,0.5981480506379655,0.4018519493620345,18,frontier,0.0384615384615384,0.0555555555555555,0.111665284679121
gaia,gaia/gaia-0bdb7c40-671d-4ad1-9ce3-986b159c0ddc,gaia-0bdb7c40-671d-4ad1-9ce3-986b159c0ddc,0.5985994208377252,0.4014005791622748,20,hard,0.0903846153846153,0.1175,0.264232378788066
omnimath,omnimath/omnimath_3716,omnimath_3716,0.5991277163238836,0.4008722836761164,26,medium,0.5923076923076924,0.5923076923076924,0.3781768785625186
gaia,gaia/gaia-3cef3a44-215e-4aed-8e3b-b1e3f08063b7,gaia-3cef3a44-215e-4aed-8e3b-b1e3f08063b7,0.6011403534292203,0.39885964657077966,20,medium,0.6038461538461538,0.605,0.3636275567115342
aider-polyglot,aider-polyglot/polyglot_go_simple-linked-list,polyglot_go_simple-linked-list,0.6014310028964116,0.3985689971035884,26,medium,0.4230769230769231,0.4230769230769231,0.3974028108642919
spider2,spider2/spider2-f1001,spider2-f1001,0.6015873409044619,0.39841265909553814,15,hard,0.2243589615384615,0.2422222,0.3006700269172613
algotune,algotune/algotune-two-eigenvalues-around-0,algotune-two-eigenvalues-around-0,0.6020682807229396,0.3979317192770604,18,medium,0.5238881416646325,0.4605098393851599,0.3268122117672186
swebenchpro,swebenchpro/swebenchpro-instance_nodebb__nodebb-8ca65b0c78c67c1653487c02d1135e1b702185e1-vf2cf3cbd463b7ad942381f1c6d077626485a1e9e,swebenchpro-instance_nodebb__nodebb-8ca65b0c78c67c1653487c02d1135e1b702185e1-vf2cf3cbd463b7ad942381f1c6d077626485a1e9e,0.6023773293319846,0.3976226706680154,20,frontier,0.023076923076923,0.03,0.1307669683062202
swebenchpro,swebenchpro/swebenchpro-instance_future-architect__vuls-2c84be80b65d022c262956cd26fc79d8bb2f7010,swebenchpro-instance_future-architect__vuls-2c84be80b65d022c262956cd26fc79d8bb2f7010,0.6023773293319846,0.3976226706680154,20,hard,0.2826923076923077,0.3075,0.2665872277510683
mmmlu,mmmlu/mmmlu-it-it-00085,mmmlu-it-it-00085,0.6024616612691022,0.39753833873089783,18,hard,0.1025641153846153,0.1481481666666666,0.3374234943516415
mmmlu,mmmlu/mmmlu-bn-bd-00015,mmmlu-bn-bd-00015,0.6024616612691022,0.39753833873089783,18,hard,0.2147435769230769,0.3101851666666666,0.3867057316278174
medagentbench,medagentbench/medagentbench-task7_13,medagentbench-task7_13,0.6035934632436997,0.39640653675630033,20,frontier,0.023076923076923,0.03,0.0953939201416945
swtbench,swtbench/swtbench-django__django-14404,swtbench-django__django-14404,0.6040008839326634,0.3959991160673366,13,medium,0.5974358846153845,0.5948717692307692,0.3175349048200852
mmau,mmau/mmau-f1ead136-481b-430d-a08f-1b285b75db68,mmau-f1ead136-481b-430d-a08f-1b285b75db68,0.6047825098250998,0.39521749017490015,20,medium,0.4461538461538461,0.4599999999999998,0.38
seal0,seal0/seal0-64,seal0-64,0.605055937845264,0.394944062154736,26,hard,0.1628205,0.1628205,0.2470469819193927
kumo,kumo/kumo-medicalenv-t12-a16-v1-s0,kumo-medicalenv-t12-a16-v1-s0,0.6050580452280905,0.3949419547719095,17,hard,0.1057692307692307,0.1617647058823529,0.3529411764705882
mmmlu,mmmlu/mmmlu-ko-kr-00108,mmmlu-ko-kr-00108,0.6056766732236258,0.39432332677637416,20,medium,0.6826923076923077,0.625,0.4366062299143245
simpleqa,simpleqa/simpleqa-69,simpleqa-69,0.6057727807422193,0.3942272192577807,20,medium,0.6153846153846154,0.5900000000000001,0.3923009049186606
mmau,mmau/mmau-76c2a626-7e3c-4f2f-ad20-b07cd0890302,mmau-76c2a626-7e3c-4f2f-ad20-b07cd0890302,0.6060071642791345,0.3939928357208655,20,hard,0.1711538461538461,0.2225,0.3026858932953434
kumo,kumo/kumo-licenseenv-t4-a6-v1-s0,kumo-licenseenv-t4-a6-v1-s0,0.6072401650860912,0.39275983491390876,13,saturated,0.9871795,0.974359,0.0888230295137471
kumo,kumo/kumo-starconstellationenv-t4-a6-v1-s1,kumo-starconstellationenv-t4-a6-v1-s1,0.6072401650860912,0.39275983491390876,18,easy,0.8653846538461539,0.8055556111111112,0.3251305293434108
gpqa-diamond,gpqa-diamond/gpqa-diamond-12,gpqa-diamond-12,0.6074188229253281,0.3925811770746719,18,easy,0.7269230769230769,0.6944444444444444,0.3081706277413036
gpqa-diamond,gpqa-diamond/gpqa-diamond-164,gpqa-diamond-164,0.6074188229253281,0.3925811770746719,19,medium,0.6243589615384616,0.6333333157894736,0.3627381395645381
gpqa-diamond,gpqa-diamond/gpqa-diamond-76,gpqa-diamond-76,0.6094580197302225,0.3905419802697775,20,frontier,0.0461538461538461,0.06,0.0916515138991168
mmau,mmau/mmau-091aefd5-f784-4472-8257-e24b6d19e32b,mmau-091aefd5-f784-4472-8257-e24b6d19e32b,0.6098325559121187,0.3901674440878813,20,hard,0.1057692307692307,0.1375,0.255868618630734
livecodebench,livecodebench/livecodebench-abc364_c,livecodebench-abc364_c,0.6099650845803741,0.39003491541962587,18,easy,0.9461538461538462,0.9222222222222224,0.1819815483795467
gpqa-diamond,gpqa-diamond/gpqa-diamond-22,gpqa-diamond-22,0.6100993878959804,0.3899006121040196,18,easy,0.8980769230769231,0.8527777777777777,0.2658697583311455
bixbench,bixbench/bix-52-q2,bix-52-q2,0.6105996408869235,0.38940035911307647,20,hard,0.0711538461538461,0.0925,0.1502289918757361
bfcl,bfcl/bfcl-live-multiple-685-164-1,bfcl-live-multiple-685-164-1,0.6107910232924105,0.38920897670758947,26,medium,0.3153846153846154,0.3153846153846154,0.3968067808162748
swtbench,swtbench/swtbench-matplotlib__matplotlib-24570,swtbench-matplotlib__matplotlib-24570,0.612248773932037,0.387751226067963,21,medium,0.5153846153846154,0.4952380952380952,0.3184429237581045
gaia,gaia/gaia-04a04a9b-226c-43fd-b319-d5e89743676f,gaia-04a04a9b-226c-43fd-b319-d5e89743676f,0.6130334257539218,0.38696657424607817,26,hard,0.1846153846153846,0.1846153846153846,0.3034320449740925
algotune,algotune/algotune-sinkhorn,algotune-sinkhorn,0.6135756435324268,0.3864243564675732,21,frontier,0.0207797643024926,0.0257273272316575,0.1048839435079235
reasoning-gym,reasoning-gym/reasoning-gym-arithmetic-leg-counting-easy00cea0a5-seed45-0,reasoning-gym-arithmetic-leg-counting-easy00cea0a5-seed45-0,0.6142354374193846,0.3857645625806154,12,easy,0.9205128076923076,0.82777775,0.3225573396245813
featurebench-modal,featurebench-modal/featurebench-modal-astropy__astropy.b0db0daa.test_basic_rgb.067e927c.lv1,featurebench-modal-astropy__astropy.b0db0daa.test_basic_rgb.067e927c.lv1,0.6144541707405803,0.3855458292594197,26,hard,0.1461538461538461,0.1461538461538461,0.1802365309824612
mmau,mmau/mmau-adcc613e-3c79-4478-8f08-d408984265a6,mmau-adcc613e-3c79-4478-8f08-d408984265a6,0.6146731567142866,0.3853268432857134,20,hard,0.2923076923076923,0.38,0.4377213725647857
mmau,mmau/mmau-1a5dd76a-7905-4a83-bd88-7ae26730656d,mmau-1a5dd76a-7905-4a83-bd88-7ae26730656d,0.6147008563985757,0.38529914360142425,20,frontier,0.0153846153846153,0.02,0.0871779788708134
mmau,mmau/mmau-0de9f80e-8070-4ede-845b-b41bfc9bdbf7,mmau-0de9f80e-8070-4ede-845b-b41bfc9bdbf7,0.6147008563985757,0.38529914360142425,20,frontier,0.0461538461538461,0.06,0.128062484748657
algotune,algotune/algotune-set-cover,algotune-set-cover,0.6151997545350412,0.38480024546495883,22,medium,0.3693244606519075,0.3590829669939563,0.2510269847841773
bfcl,bfcl/bfcl-live-relevance-10-10-0,bfcl-live-relevance-10-10-0,0.6161297715576676,0.38387022844233243,26,hard,0.2384615384615384,0.2384615384615384,0.323534474535586
seal0,seal0/seal0-85,seal0-85,0.616502507337224,0.383497492662776,26,frontier,0.0326923076923076,0.0326923076923076,0.0950124563618125
bigcodebench,bigcodebench/bigcodebench_1003,bigcodebench_1003,0.6172314489760107,0.3827685510239893,26,medium,0.6608974615384616,0.6608974615384616,0.3772352844869377
bigcodebench,bigcodebench/bigcodebench_1040,bigcodebench_1040,0.6172314489760107,0.3827685510239893,25,medium,0.6955128461538462,0.69133336,0.3689360059173276
reasoning-gym,reasoning-gym/reasoning-gym-algorithmic-group-anagrams-hard0292e21f-seed45-0,reasoning-gym-algorithmic-group-anagrams-hard0292e21f-seed45-0,0.6173283427457659,0.38267165725423413,12,medium,0.661923076923077,0.5591666666666667,0.4598995965304698
mmau,mmau/mmau-e3254a02-d2eb-45b1-a810-eaf6998498bc,mmau-e3254a02-d2eb-45b1-a810-eaf6998498bc,0.6174073320982406,0.3825926679017594,20,medium,0.3153846153846154,0.29,0.232163735324878
algotune,algotune/algotune-count-riemann-zeta-zeros,algotune-count-riemann-zeta-zeros,0.618284668550777,0.381715331449223,26,medium,0.4474623220046348,0.4474623220046348,0.3954284194555529
bfcl,bfcl/bfcl-live-irrelevance-192-32-5,bfcl-live-irrelevance-192-32-5,0.6186753566604732,0.38132464333952676,26,medium,0.6461538461538462,0.6461538461538462,0.4011816864740091
bfcl,bfcl/bfcl-parallel-84,bfcl-parallel-84,0.6186753566604732,0.38132464333952676,26,medium,0.5230769230769231,0.5230769230769231,0.3885947981635412
reasoning-gym,reasoning-gym/reasoning-gym-logic-aiw-hard0292e21f-seed45-0,reasoning-gym-logic-aiw-hard0292e21f-seed45-0,0.6211494939173517,0.37885050608264825,12,easy,0.8974358846153846,0.7777777499999999,0.3928371320861706
mmmlu,mmmlu/mmmlu-fr-fr-00055,mmmlu-fr-fr-00055,0.6227890865201695,0.3772109134798305,19,hard,0.1762820384615384,0.2412280526315789,0.3676370059502306
algotune,algotune/algotune-minimum-volume-ellipsoid,algotune-minimum-volume-ellipsoid,0.6231285769302046,0.3768714230697954,21,hard,0.1178417183565766,0.1452531016377175,0.2007142070471532
algotune,algotune/algotune-qr-factorization,algotune-qr-factorization,0.6231285769302046,0.3768714230697954,16,hard,0.0720121998561811,0.1170198247662944,0.2217985033978283
seal0,seal0/seal0-21,seal0-21,0.6235060266914352,0.3764939733085648,26,frontier,0.0435897307692307,0.0435897307692307,0.1332593204341871
seal0,seal0/seal0-26,seal0-26,0.6235060266914352,0.3764939733085648,26,frontier,0.0173076923076923,0.0173076923076923,0.0603552108710585
seal0,seal0/seal0-15,seal0-15,0.623944332843676,0.376055667156324,26,medium,0.4955128461538461,0.4955128461538461,0.3898980280637186
reasoning-gym,reasoning-gym/reasoning-gym-logic-aiw-easy00cea0a5-seed45-0,reasoning-gym-logic-aiw-easy00cea0a5-seed45-0,0.6253032090449123,0.3746967909550877,20,medium,0.6794871923076923,0.6433333500000001,0.3719468311764835
bfcl,bfcl/bfcl-live-multiple-196-88-0,bfcl-live-multiple-196-88-0,0.6255034058417207,0.3744965941582793,26,hard,0.2769230769230769,0.2769230769230769,0.3640664481907456
seal0,seal0/seal0-23,seal0-23,0.6271680185708628,0.3728319814291372,26,medium,0.6205128076923077,0.6205128076923077,0.3919954440288638
gaia,gaia/gaia-08cae58d-4084-4616-b6dd-dd6534e4825b,gaia-08cae58d-4084-4616-b6dd-dd6534e4825b,0.6277679728330348,0.37223202716696524,20,hard,0.2442307692307692,0.2575,0.278960122598195
replicationbench,replicationbench/replicationbench-bayes_cal__cold_temp,replicationbench-bayes_cal__cold_temp,0.6278706720432049,0.3721293279567951,17,easy,0.7717948846153847,0.7568627647058823,0.211596693335536
mmau,mmau/mmau-f995bc92-74f6-4e69-94b8-bf6e073fa19f,mmau-f995bc92-74f6-4e69-94b8-bf6e073fa19f,0.628250478369623,0.371749521630377,20,medium,0.5076923076923078,0.51,0.3315116890850155
mmmlu,mmmlu/mmmlu-pt-br-00115,mmmlu-pt-br-00115,0.6284124991481022,0.37158750085189785,20,hard,0.2211538461538461,0.2875,0.3684379715622428
mmmlu,mmmlu/mmmlu-es-la-00043,mmmlu-es-la-00043,0.6284124991481022,0.37158750085189785,18,easy,0.7435897307692307,0.629629611111111,0.439400402032024
labbench,labbench/labbench-figqa-0167,labbench-figqa-0167,0.6284274729141034,0.3715725270858966,13,hard,0.0846153846153846,0.1692307692307692,0.2333192444323554
bfcl,bfcl/bfcl-live-multiple-671-162-13,bfcl-live-multiple-671-162-13,0.6287163181643514,0.37128368183564864,26,easy,0.8384615384615385,0.8384615384615385,0.298814224608539
seal0,seal0/seal0-13,seal0-13,0.6289555125984392,0.3710444874015608,26,medium,0.4378205,0.4378205,0.3728659453457203
livecodebench,livecodebench/livecodebench-arc188_c,livecodebench-arc188_c,0.6290464231119753,0.37095357688802466,17,hard,0.0538461538461538,0.0823529411764705,0.1688552952283214
gpqa-diamond,gpqa-diamond/gpqa-diamond-15,gpqa-diamond-15,0.6302397054206637,0.36976029457933635,19,medium,0.5089743461538462,0.5122806842105263,0.309916151648534
mmau,mmau/mmau-96cb555e-3beb-4678-8731-a2d96bd06507,mmau-96cb555e-3beb-4678-8731-a2d96bd06507,0.6303584280539193,0.3696415719460807,20,medium,0.3,0.33,0.3702701716314724
mmau,mmau/mmau-b79edaf7-c7f4-42f6-9535-69a68a425e8f,mmau-b79edaf7-c7f4-42f6-9535-69a68a425e8f,0.6303584280539193,0.3696415719460807,20,medium,0.3019230769230769,0.3175,0.3148401622693649
bfcl,bfcl/bfcl-multiple-190,bfcl-multiple-190,0.6311402154452348,0.3688597845547652,26,medium,0.676923076923077,0.676923076923077,0.3422860840197999
bfcl,bfcl/bfcl-simple-python-367,bfcl-simple-python-367,0.6311402154452348,0.3688597845547652,26,medium,0.6923076923076923,0.6923076923076923,0.3730570970148351
mmau,mmau/mmau-31564584-4c55-4f17-b013-62afc898c135,mmau-31564584-4c55-4f17-b013-62afc898c135,0.6317913243101162,0.3682086756898838,20,frontier,0.025,0.0325,0.1003431612019474
mmmlu,mmmlu/mmmlu-de-de-00023,mmmlu-de-de-00023,0.6318394960537075,0.3681605039462925,20,easy,0.8557692307692307,0.8125,0.3474860268973416
mmmlu,mmmlu/mmmlu-id-id-00073,mmmlu-id-id-00073,0.6322533834784584,0.3677466165215416,16,easy,0.9134615384615384,0.859375,0.2790714234295586
aider-polyglot,aider-polyglot/polyglot_javascript_grep,polyglot_javascript_grep,0.6326076060997229,0.3673923939002771,26,easy,0.7076923076923076,0.7076923076923076,0.3970303969404289
mmmlu,mmmlu/mmmlu-en-us-00034,mmmlu-en-us-00034,0.6326614365702412,0.3673385634297588,17,easy,0.9346153846153846,0.9,0.1909727421264462
bigcodebench,bigcodebench/bigcodebench_417,bigcodebench_417,0.6329863813965777,0.3670136186034223,13,hard,0.0769230769230769,0.1538461538461538,0.3608012122941099
algotune,algotune/algotune-count-connected-components,algotune-count-connected-components,0.6333327502282283,0.3666672497717717,25,medium,0.499749134960282,0.4987257290336455,0.188671375207401
labbench,labbench/labbench-figqa-0094,labbench-figqa-0094,0.6333913784409778,0.3666086215590222,20,hard,0.2384615384615384,0.31,0.4023679907746141
seal0,seal0/seal0-103,seal0-103,0.6345645508424796,0.36543544915752035,26,hard,0.2833333461538462,0.2833333461538462,0.4003470839244888
crustbench,crustbench/crustbench-rhbloom,crustbench-rhbloom,0.6345864218943352,0.36541357810566477,26,medium,0.5378205,0.5378205,0.3801865808724458
mmau,mmau/mmau-ddc7d4a4-054c-4fd2-9755-e96bc744a4ca,mmau-ddc7d4a4-054c-4fd2-9755-e96bc744a4ca,0.6349875082371601,0.3650124917628399,20,medium,0.3461538461538461,0.36,0.3136877428271624
kumo,kumo/kumo-algorithmenv-t4-a6-v1-s1,kumo-algorithmenv-t4-a6-v1-s1,0.6351843605366935,0.36481563946330653,20,easy,0.8653846153846154,0.825,0.3269174207655505
reasoning-gym,reasoning-gym/reasoning-gym-code-codeio-easy00cea0a5-seed45-1,reasoning-gym-code-codeio-easy00cea0a5-seed45-1,0.6353486479395388,0.3646513520604612,20,medium,0.3235775769230769,0.31632585,0.2376047707821278
mmau,mmau/mmau-a92d62aa-ba19-428e-9d76-441355db5b20,mmau-a92d62aa-ba19-428e-9d76-441355db5b20,0.6360203585729263,0.36397964142707373,20,medium,0.3641025769230769,0.35333335,0.2989611817982854
replicationbench,replicationbench/replicationbench-bayes_cal__hot_temp,replicationbench-bayes_cal__hot_temp,0.6360490293747763,0.36395097062522375,17,easy,0.7846153846153847,0.776470588235294,0.2818623188402574
replicationbench,replicationbench/replicationbench-galaxy_manifold__evolution_tracks,replicationbench-galaxy_manifold__evolution_tracks,0.6364350463695214,0.3635649536304786,17,medium,0.5596153846153846,0.5382352941176469,0.3968735951396
seal0,seal0/seal0-19,seal0-19,0.636560528374194,0.36343947162580603,26,easy,0.723076923076923,0.723076923076923,0.3340401775785158
seal0,seal0/seal0-48,seal0-48,0.6366018592381433,0.3633981407618567,26,hard,0.0833333461538461,0.0833333461538461,0.1915412465901359
mmmlu,mmmlu/mmmlu-id-id-00078,mmmlu-id-id-00078,0.6370276190618858,0.36297238093811424,17,medium,0.5192307307692308,0.529411705882353,0.4248617659716635
mmmlu,mmmlu/mmmlu-sw-ke-00138,mmmlu-sw-ke-00138,0.6370276190618858,0.36297238093811424,19,medium,0.5320512692307692,0.5438596315789473,0.4583280949923158
bixbench,bixbench/bix-12-q5,bix-12-q5,0.6371299175589535,0.36287008244104646,20,medium,0.6538461538461539,0.6100000000000001,0.4217819341792628
bixbench,bixbench/bix-12-q3,bix-12-q3,0.6378409318892172,0.3621590681107828,20,medium,0.4435897307692307,0.45666665,0.3478665192602292
bixbench,bixbench/bix-24-q2,bix-24-q2,0.6394985998437701,0.3605014001562299,19,easy,0.7679487307692308,0.7561403684210527,0.241838137531177
reasoning-gym,reasoning-gym/reasoning-gym-algorithmic-sentence-reordering-easy00cea0a5-seed45-2,reasoning-gym-algorithmic-sentence-reordering-easy00cea0a5-seed45-2,0.6398187799205874,0.36018122007941256,12,hard,0.0876319615384615,0.1315359166666666,0.1657359891752836
featurebench-modal,featurebench-modal/featurebench-modal-mlflow__mlflow.93dab383.test_dependencies_schema.7019486f.lv1,featurebench-modal-mlflow__mlflow.93dab383.test_dependencies_schema.7019486f.lv1,0.6404069730993659,0.3595930269006341,25,medium,0.3198718076923077,0.32466668,0.3902170453136787
seal0,seal0/seal0-4,seal0-4,0.6409556038122031,0.35904439618779693,26,medium,0.3192307692307692,0.3192307692307692,0.3741855059985732
seal0,seal0/seal0-87,seal0-87,0.6409556038122031,0.35904439618779693,26,hard,0.0717948846153846,0.0717948846153846,0.1653001636893244
aider-polyglot,aider-polyglot/polyglot_java_satellite,polyglot_java_satellite,0.6413793103448273,0.3586206896551727,26,frontier,0.0153846153846153,0.0153846153846153,0.0769230769230769
mmmlu,mmmlu/mmmlu-hi-in-00068,mmmlu-hi-in-00068,0.6418076866954306,0.35819231330456935,17,easy,0.8044871923076923,0.7009804117647059,0.4132791926535376
aider-polyglot,aider-polyglot/polyglot_go_markdown,polyglot_go_markdown,0.6418641558667697,0.3581358441332303,26,easy,0.7461538461538463,0.7461538461538463,0.3066327911999192
gaia,gaia/gaia-1f975693-876d-457b-a649-393859e79bf3,gaia-1f975693-876d-457b-a649-393859e79bf3,0.6430282513489176,0.3569717486510824,20,frontier,0.048076923076923,0.0625,0.1312202347201071
gaia,gaia/gaia-ecbc4f94-95a3-4cc7-b255-6741a458a625,gaia-ecbc4f94-95a3-4cc7-b255-6741a458a625,0.6430282513489176,0.3569717486510824,20,hard,0.2115384615384615,0.215,0.2688401011754012
aime,aime/aime_69,aime_69,0.6432084077346824,0.35679159226531765,19,easy,0.9153846153846152,0.8842105263157896,0.2455137639934863
simpleqa,simpleqa/simpleqa-1078,simpleqa-1078,0.6434280523453366,0.3565719476546634,20,medium,0.6384615384615385,0.62,0.3627671429443411
kumo,kumo/kumo-vehicleenv-t4-a6-v1-s1,kumo-vehicleenv-t4-a6-v1-s1,0.6446801573316703,0.3553198426683297,20,medium,0.6544872692307693,0.65083335,0.334060715497838
gaia,gaia/gaia-7619a514-5fa8-43ef-9143-83b66a43d7a4,gaia-7619a514-5fa8-43ef-9143-83b66a43d7a4,0.6448726867501506,0.35512731324984936,26,medium,0.6923076923076923,0.6923076923076923,0.3474335320195758
algotune,algotune/algotune-ode-hodgkinhuxley,algotune-ode-hodgkinhuxley,0.6453751554934151,0.35462484450658494,22,medium,0.4106760960963332,0.4109854634982577,0.3452132409348624
algotune,algotune/algotune-pca,algotune-pca,0.6453751554934151,0.35462484450658494,20,medium,0.4193359961811425,0.4068051814996945,0.264995638637661
algotune,algotune/algotune-kcenters,algotune-kcenters,0.645999394863771,0.354000605136229,24,hard,0.2392586965924019,0.2414967954811111,0.2293511409014566
algotune,algotune/algotune-graph-coloring-assign,algotune-graph-coloring-assign,0.645999394863771,0.354000605136229,24,hard,0.2571679298077983,0.2605695800680852,0.2605767594064356
seal0,seal0/seal0-90,seal0-90,0.6460843659537555,0.3539156340462445,26,hard,0.2179487307692307,0.2179487307692307,0.3069328420998712
seal0,seal0/seal0-66,seal0-66,0.6460843659537555,0.3539156340462445,26,medium,0.3794871923076923,0.3794871923076923,0.4104486818678778
simpleqa,simpleqa/simpleqa-1749,simpleqa-1749,0.6468186120852513,0.35318138791474873,20,frontier,0.0153846153846153,0.02,0.06
gpqa-diamond,gpqa-diamond/gpqa-diamond-29,gpqa-diamond-29,0.6476243722994065,0.3523756277005935,17,medium,0.5871796153846154,0.5450980588235295,0.4387953224739258
arc-agi-2,arc-agi-2/arc-agi-2-62593bfd_1,arc-agi-2-62593bfd_1,0.6481942997263404,0.35180570027365965,20,frontier,0.0307692307692307,0.04,0.12
gaia,gaia/gaia-ed58682d-bc52-4baa-9eb0-4eb81e1edacc,gaia-ed58682d-bc52-4baa-9eb0-4eb81e1edacc,0.6485652113169363,0.35143478868306366,26,medium,0.6846153846153845,0.6846153846153845,0.3515813809854289
mmmlu,mmmlu/mmmlu-it-it-00081,mmmlu-it-it-00081,0.6490018041045543,0.3509981958954457,17,hard,0.2692307692307692,0.4117647058823529,0.4613055041575918
algotune,algotune/algotune-sparse-pca,algotune-sparse-pca,0.6492966396212251,0.3507033603787749,14,medium,0.3423662842683174,0.3175549995210023,0.1976830430993378
gpqa-diamond,gpqa-diamond/gpqa-diamond-30,gpqa-diamond-30,0.6494536449939919,0.35054635500600806,20,medium,0.4448718076923077,0.45833335,0.410673574414312
mmmlu,mmmlu/mmmlu-ar-xy-00005,mmmlu-ar-xy-00005,0.6496077210923533,0.3503922789076467,18,easy,0.947435923076923,0.924074111111111,0.1506387228721194
algotune,algotune/algotune-minimum-spanning-tree,algotune-minimum-spanning-tree,0.6497531333273793,0.3502468666726207,23,medium,0.500079118978192,0.4896690586703932,0.2348782336254995
mmau,mmau/mmau-2573bb7c-5319-4e62-aca6-f90a7e5e7cd5,mmau-2573bb7c-5319-4e62-aca6-f90a7e5e7cd5,0.6499954750973728,0.35000452490262723,20,hard,0.0846153846153846,0.11,0.1729161646579058
swebench-multilingual,swebench-multilingual/swebench-multilingual-uutils__coreutils-6575,swebench-multilingual-uutils__coreutils-6575,0.6502115960341107,0.3497884039658893,14,frontier,0.0076923076923076,0.0142857142857142,0.0515078753637712
bfcl,bfcl/bfcl-live-irrelevance-653-206-2,bfcl-live-irrelevance-653-206-2,0.6504142558423331,0.34958574415766686,26,medium,0.5846153846153845,0.5846153846153845,0.4035346784185847
gaia,gaia/gaia-676e5e31-a554-4acc-9286-b60d90a92d26,gaia-676e5e31-a554-4acc-9286-b60d90a92d26,0.6514927232333078,0.34850727676669224,20,hard,0.0615384615384615,0.08,0.1720465053408525
reasoning-gym,reasoning-gym/reasoning-gym-logic-propositional-logic-hard0292e21f-seed45-2,reasoning-gym-logic-propositional-logic-hard0292e21f-seed45-2,0.6518766769279997,0.34812332307200033,12,medium,0.5576923076923077,0.5520833333333334,0.4308976015894676
bigcodebench,bigcodebench/bigcodebench_129,bigcodebench_129,0.6522602718579257,0.3477397281420743,12,hard,0.1153846153846153,0.25,0.4330127018922193
bigcodebench,bigcodebench/bigcodebench_100,bigcodebench_100,0.6522602718579257,0.3477397281420743,26,frontier,0.0442307692307692,0.0442307692307692,0.1508481936079876
reasoning-gym,reasoning-gym/reasoning-gym-cognition-figlet-font-hard0292e21f-seed45-2,reasoning-gym-cognition-figlet-font-hard0292e21f-seed45-2,0.6528442076936707,0.3471557923063293,12,hard,0.085576923076923,0.1854166666666666,0.3670787715696122
mmmlu,mmmlu/mmmlu-ar-xy-00001,mmmlu-ar-xy-00001,0.6535540393862884,0.3464459606137116,16,hard,0.1217948461538461,0.197916625,0.3396216581134578
labbench,labbench/labbench-figqa-0017,labbench-figqa-0017,0.6543170200926305,0.3456829799073695,13,hard,0.1307692307692307,0.2615384615384615,0.3270814096226046
gaia,gaia/gaia-7bd855d8-463d-4ed5-93ca-5fe35145f733,gaia-7bd855d8-463d-4ed5-93ca-5fe35145f733,0.6551424527818248,0.3448575472181752,20,easy,0.7692307692307693,0.7,0.3924283374069716
labbench,labbench/labbench-figqa-0171,labbench-figqa-0171,0.6554544706045535,0.34454552939544647,13,frontier,0.0461538461538461,0.0923076923076923,0.1268647884805434
simpleqa,simpleqa/simpleqa-813,simpleqa-813,0.6555966550348297,0.34440334496517033,20,saturated,0.9615384615384616,0.95,0.1774823934929885
swebench-multilingual,swebench-multilingual/swebench-multilingual-rubocop__rubocop-13424,swebench-multilingual-rubocop__rubocop-13424,0.6564935945872793,0.3435064054127207,15,hard,0.1743589615384615,0.3022222,0.4305838684311028
lawbench,lawbench/lawbench-2-1-17-zero-shot,lawbench-2-1-17-zero-shot,0.6566332417946469,0.3433667582053531,20,medium,0.3349171153846153,0.3461392499999999,0.1826496186163209
seal0,seal0/seal0-55,seal0-55,0.6568163158653892,0.34318368413461076,26,frontier,0.0307692307692307,0.0307692307692307,0.072160242458822
algotune,algotune/algotune-queens-with-obstacles,algotune-queens-with-obstacles,0.6574614672062525,0.34253853279374746,22,medium,0.4003769451882052,0.3977934707910682,0.2274364642934648
seal0,seal0/seal0-6,seal0-6,0.6576279245603587,0.3423720754396413,26,hard,0.1173076923076923,0.1173076923076923,0.1946112039684744
algotune,algotune/algotune-optimal-advertising,algotune-optimal-advertising,0.6587907585106184,0.3412092414893816,22,hard,0.1102202562283022,0.1180937225429499,0.1475844326628008
algotune,algotune/algotune-vehicle-routing,algotune-vehicle-routing,0.6587907585106184,0.3412092414893816,22,hard,0.1585511629196167,0.1569007916984929,0.1241003832009466
mmmlu,mmmlu/mmmlu-es-la-00048,mmmlu-es-la-00048,0.6592523306657081,0.3407476693342919,16,medium,0.5788462307692307,0.5760416875000001,0.3822434169710642
replicationbench,replicationbench/replicationbench-galaxy_manifold__transformation_matrix,replicationbench-galaxy_manifold__transformation_matrix,0.6595413565285351,0.34045864347146493,17,hard,0.1608974230769231,0.1401960588235294,0.1454156305671155
gaia,gaia/gaia-f2feb6a4-363c-4c09-a804-0db564eafd68,gaia-f2feb6a4-363c-4c09-a804-0db564eafd68,0.661222463194166,0.338777536805834,20,hard,0.2384615384615384,0.28,0.3370459909270543
mmau,mmau/mmau-27e29e2e-28d8-45e2-be0c-697af91caa48,mmau-27e29e2e-28d8-45e2-be0c-697af91caa48,0.6616931598844263,0.33830684011557366,20,frontier,0.0153846153846153,0.02,0.0871779788708134
livecodebench,livecodebench/livecodebench-arc186_d,livecodebench-arc186_d,0.6621804291395382,0.33781957086046177,17,medium,0.6525641153846155,0.5745098235294117,0.4447999387859981
swebench-multilingual,swebench-multilingual/swebench-multilingual-fluent__fluentd-3640,swebench-multilingual-fluent__fluentd-3640,0.6624068061105303,0.33759319388946973,14,hard,0.123076923076923,0.2285714285714286,0.3594213035831178
labbench,labbench/labbench-figqa-0021,labbench-figqa-0021,0.662844883242268,0.337155116757732,20,medium,0.576923076923077,0.54,0.3746998799039039
mmau,mmau/mmau-239ec016-c087-4a7b-a64e-b99e4dece85e,mmau-239ec016-c087-4a7b-a64e-b99e4dece85e,0.6628875636576882,0.3371124363423118,20,hard,0.2307692307692307,0.24,0.3006659275674582
mmau,mmau/mmau-760e99b1-09aa-479b-b90d-c3c581076e0d,mmau-760e99b1-09aa-479b-b90d-c3c581076e0d,0.6628875636576882,0.3371124363423118,20,medium,0.5692307692307692,0.53,0.457274534606947
gaia,gaia/gaia-50ec8903-b81f-4257-9450-1085afd2c319,gaia-50ec8903-b81f-4257-9450-1085afd2c319,0.6634080841469667,0.3365919158530333,20,medium,0.4769230769230769,0.4700000000000001,0.3809199390948182
crustbench,crustbench/crustbench-impcheck,crustbench-impcheck,0.6635422745813195,0.33645772541868046,21,hard,0.1782051153846154,0.2206349047619047,0.3435692141887521
reasoning-gym,reasoning-gym/reasoning-gym-code-bf-hard0292e21f-seed45-0,reasoning-gym-code-bf-hard0292e21f-seed45-0,0.6636912998053893,0.3363087001946107,12,medium,0.4692306538461538,0.5305555000000001,0.4217376865239616
seal0,seal0/seal0-107,seal0-107,0.6642380004276495,0.33576199957235053,26,frontier,0.0307692307692307,0.0307692307692307,0.0910166120476864
seal0,seal0/seal0-25,seal0-25,0.6642380004276495,0.33576199957235053,26,frontier,0.025,0.025,0.0890656628993031
crustbench,crustbench/crustbench-genetic-neural-network-for-simple-control,crustbench-genetic-neural-network-for-simple-control,0.66480402208605,0.33519597791394995,22,hard,0.1314102692307692,0.1553030454545454,0.3181141946537834
algotune,algotune/algotune-water-filling,algotune-water-filling,0.6651924064898298,0.3348075935101702,22,easy,0.7984244651076966,0.7914373572453411,0.1734254117739782
swebench-multilingual,swebench-multilingual/swebench-multilingual-apache__lucene-12212,swebench-multilingual-apache__lucene-12212,0.6655573015322844,0.33444269846771557,14,medium,0.5153846153846154,0.5285714285714286,0.4056852409679762
algotune,algotune/algotune-max-independent-set-cpsat,algotune-max-independent-set-cpsat,0.6657399915437193,0.3342600084562807,26,medium,0.3490628395056098,0.3490628395056098,0.2737544986682323
algotune,algotune/algotune-markowitz,algotune-markowitz,0.6657399915437193,0.3342600084562807,26,hard,0.2810227376188321,0.2810227376188321,0.2776616535700279
reasoning-gym,reasoning-gym/reasoning-gym-games-tsumego-hard0292e21f-seed45-0,reasoning-gym-games-tsumego-hard0292e21f-seed45-0,0.6659379236525454,0.33406207634745455,13,easy,0.864102576923077,0.7282051538461538,0.3773153129213012
featurebench-modal,featurebench-modal/featurebench-modal-mlflow__mlflow.93dab383.test_utils.3c9647bf.lv1,featurebench-modal-mlflow__mlflow.93dab383.test_utils.3c9647bf.lv1,0.6660964801326223,0.33390351986737765,25,hard,0.2532051153846154,0.26333332,0.4214261478994126
featurebench-modal,featurebench-modal/featurebench-modal-mlflow__mlflow.93dab383.test_trace_correlation.53c200a6.lv2,featurebench-modal-mlflow__mlflow.93dab383.test_trace_correlation.53c200a6.lv2,0.6660964801326223,0.33390351986737765,25,hard,0.2230769230769231,0.232,0.3836352434279207
crustbench,crustbench/crustbench-clhash,crustbench-clhash,0.667058661918368,0.33294133808163195,26,medium,0.6230769230769232,0.6230769230769232,0.3388983195678567
bfcl,bfcl/bfcl-simple-javascript-7,bfcl-simple-javascript-7,0.6676790517028794,0.33232094829712056,26,easy,0.8769230769230769,0.8769230769230769,0.2721816309685251
bfcl,bfcl/bfcl-simple-javascript-42,bfcl-simple-javascript-42,0.6676790517028794,0.33232094829712056,26,easy,0.8384615384615385,0.8384615384615385,0.3138800886631256
reasoning-gym,reasoning-gym/reasoning-gym-geometry-simple-geometry-hard0292e21f-seed45-2,reasoning-gym-geometry-simple-geometry-hard0292e21f-seed45-2,0.6677488259402524,0.3322511740597476,20,easy,0.7420512692307694,0.7306666500000001,0.2335275380382954
seal0,seal0/seal0-49,seal0-49,0.6680542811219883,0.3319457188780117,26,medium,0.6089743846153847,0.6089743846153847,0.3871391594722136
spider2,spider2/spider2-asana001,spider2-asana001,0.6684112333778701,0.3315887666221299,16,hard,0.0769230769230769,0.125,0.2727178028658928
mmau,mmau/mmau-d31affa7-10fa-4c28-81e3-185e2cae9c51,mmau-d31affa7-10fa-4c28-81e3-185e2cae9c51,0.6684641370434028,0.3315358629565972,20,medium,0.6384615384615385,0.62,0.3340658617698013
seal0,seal0/seal0-24,seal0-24,0.6691422772349577,0.33085772276504233,26,medium,0.3961538461538462,0.3961538461538462,0.4354315006013877
seal0,seal0/seal0-47,seal0-47,0.6691422772349577,0.33085772276504233,26,medium,0.3788461538461538,0.3788461538461538,0.3739531739821992
gaia,gaia/gaia-2dfc4c37-fec1-4518-84a7-10095d30ad75,gaia-2dfc4c37-fec1-4518-84a7-10095d30ad75,0.6696411734389733,0.33035882656102666,20,frontier,0.0307692307692307,0.04,0.08
bixbench,bixbench/bix-51-q1,bix-51-q1,0.6699063131905691,0.33009368680943085,20,easy,0.7923076923076924,0.76,0.2969474513931716
simpleqa,simpleqa/simpleqa-3563,simpleqa-3563,0.6701630143638323,0.3298369856361677,20,hard,0.0923076923076923,0.12,0.2135415650406262
simpleqa,simpleqa/simpleqa-354,simpleqa-354,0.6701630143638323,0.3298369856361677,20,saturated,0.9692307692307692,0.96,0.1356465996625053
swtbench,swtbench/swtbench-astropy__astropy-14365,swtbench-astropy__astropy-14365,0.6702909219507993,0.3297090780492007,14,medium,0.35,0.3928571428571429,0.3514547028612155
gpqa-diamond,gpqa-diamond/gpqa-diamond-33,gpqa-diamond-33,0.6704455516234851,0.32955444837651493,19,easy,0.8980769230769231,0.8605263157894738,0.2303830351278982
algotune,algotune/algotune-elementwise-integration,algotune-elementwise-integration,0.6710474247649519,0.32895257523504806,25,hard,0.0963088285552051,0.1001611816974133,0.1937433784527898
algotune,algotune/algotune-min-weight-assignment,algotune-min-weight-assignment,0.6710474247649519,0.32895257523504806,22,hard,0.0734267620170223,0.0764080041021708,0.0730646555247632
gpqa-diamond,gpqa-diamond/gpqa-diamond-43,gpqa-diamond-43,0.6715144652340963,0.3284855347659037,17,saturated,0.9692307692307692,0.9529411764705882,0.1091013940646553
seal0,seal0/seal0-72,seal0-72,0.672415167255321,0.327584832744679,26,hard,0.1384615384615384,0.1384615384615384,0.2760670529988671
reasoning-gym,reasoning-gym/reasoning-gym-algorithmic-binary-matrix-easy00cea0a5-seed45-0,reasoning-gym-algorithmic-binary-matrix-easy00cea0a5-seed45-0,0.6724374557109468,0.3275625442890532,12,medium,0.685897423076923,0.6111110833333333,0.4212708763189979
omnimath,omnimath/omnimath_2614,omnimath_2614,0.6729759073090643,0.3270240926909357,25,easy,0.875,0.87,0.246576560118759
featurebench-modal,featurebench-modal/featurebench-modal-huggingface__trl.02a34777.test_data_utils.827a9d15.lv1,featurebench-modal-huggingface__trl.02a34777.test_data_utils.827a9d15.lv1,0.6729822171975527,0.3270177828024473,25,hard,0.1038461538461538,0.108,0.2591061558512263
gpqa-diamond,gpqa-diamond/gpqa-diamond-69,gpqa-diamond-69,0.6730165116018567,0.3269834883981433,19,medium,0.4730769230769231,0.4631578947368421,0.3989598664894152
gpqa-diamond,gpqa-diamond/gpqa-diamond-88,gpqa-diamond-88,0.6730165116018567,0.3269834883981433,19,medium,0.5320512692307692,0.5438596315789473,0.3721366621160353
bfcl,bfcl/bfcl-live-irrelevance-844-334-0,bfcl-live-irrelevance-844-334-0,0.6742582322189865,0.3257417677810135,26,saturated,0.976923076923077,0.976923076923077,0.0846153846153846
gpqa-diamond,gpqa-diamond/gpqa-diamond-86,gpqa-diamond-86,0.6743222956353415,0.3256777043646585,19,easy,0.8999999999999999,0.863157894736842,0.3115504965673419
swtbench,swtbench/swtbench-matplotlib__matplotlib-24870,swtbench-matplotlib__matplotlib-24870,0.6743963935452372,0.32560360645476283,12,medium,0.3307692307692308,0.3666666666666667,0.2924988129130707
featurebench-modal,featurebench-modal/featurebench-modal-sphinx-doc__sphinx.e347e59c.test_ext_doctest.530dec5f.lv1,featurebench-modal-sphinx-doc__sphinx.e347e59c.test_ext_doctest.530dec5f.lv1,0.6747830616313377,0.3252169383686623,26,hard,0.073076923076923,0.073076923076923,0.2140411396611773
bixbench,bixbench/bix-51-q2,bix-51-q2,0.6750198628051757,0.3249801371948243,20,easy,0.8615384615384616,0.85,0.1746424919657297
seal0,seal0/seal0-81,seal0-81,0.6757633567392352,0.32423664326076485,26,medium,0.6025641153846154,0.6025641153846154,0.3835198092872355
seal0,seal0/seal0-33,seal0-33,0.6757633567392352,0.32423664326076485,26,medium,0.3993589999999999,0.3993589999999999,0.3319355761677952
bfcl,bfcl/bfcl-live-multiple-134-51-0,bfcl-live-multiple-134-51-0,0.6758313158471386,0.3241686841528614,26,easy,0.9384615384615386,0.9384615384615386,0.1332346775052982
featurebench-modal,featurebench-modal/featurebench-modal-mlflow__mlflow.93dab383.test_unity_catalog_rest_store.f47a7d9f.lv1,featurebench-modal-mlflow__mlflow.93dab383.test_unity_catalog_rest_store.f47a7d9f.lv1,0.676317394322543,0.323682605677457,25,frontier,0.0461538461538461,0.048,0.1982321870938218
algotune,algotune/algotune-capacitated-facility-location,algotune-capacitated-facility-location,0.6769263129567998,0.32307368704320016,25,medium,0.5212481196009837,0.519758204587828,0.1659243276573792
bfcl,bfcl/bfcl-parallel-147,bfcl-parallel-147,0.6769670300226625,0.32303296997733755,26,easy,0.7461538461538461,0.7461538461538461,0.3307692307692307
bfcl,bfcl/bfcl-live-irrelevance-281-63-0,bfcl-live-irrelevance-281-63-0,0.6769670300226625,0.32303296997733755,26,easy,0.8461538461538461,0.8461538461538461,0.2790516484187239
bigcodebench,bigcodebench/bigcodebench_458,bigcodebench_458,0.6770032003863301,0.3229967996136699,12,easy,0.8461538461538461,0.6666666666666666,0.4714045207910317
algotune,algotune/algotune-btsp,algotune-btsp,0.6770610901821607,0.32293890981783935,25,hard,0.1709386268086317,0.177776171880977,0.2372586477737034
algotune,algotune/algotune-vertex-cover,algotune-vertex-cover,0.6770610901821607,0.32293890981783935,22,hard,0.2808291886469519,0.2851529284641385,0.2671238338464606
usaco,usaco/usaco-812,usaco-812,0.6772494701632611,0.3227505298367389,19,medium,0.4,0.4736842105263157,0.4114699007514119
mmmlu,mmmlu/mmmlu-ar-xy-00008,mmmlu-ar-xy-00008,0.6773786041692169,0.3226213958307831,18,medium,0.336538423076923,0.3564815,0.3786403576016355
algotune,algotune/algotune-randomized-svd,algotune-randomized-svd,0.6782185722571312,0.3217814277428688,22,hard,0.1966298090431177,0.2019785924996235,0.1816418819401818
mmmlu,mmmlu/mmmlu-yo-ng-00145,mmmlu-yo-ng-00145,0.6786686947627507,0.3213313052372493,17,easy,0.7884615384615384,0.6764705882352942,0.394904605984498
bfcl,bfcl/bfcl-live-irrelevance-312-76-10,bfcl-live-irrelevance-312-76-10,0.6789146042562408,0.32108539574375916,26,saturated,0.9615384615384616,0.9615384615384616,0.1112064022676997
bfcl,bfcl/bfcl-irrelevance-161,bfcl-irrelevance-161,0.6789518464192418,0.3210481535807582,26,easy,0.9230769230769232,0.9230769230769232,0.1576453963993784
gpqa-diamond,gpqa-diamond/gpqa-diamond-57,gpqa-diamond-57,0.6790536072010696,0.32094639279893045,20,easy,0.9307692307692308,0.91,0.1729161646579058
gaia,gaia/gaia-65afbc8a-89ca-4ad5-8d62-355bb401f61d,gaia-65afbc8a-89ca-4ad5-8d62-355bb401f61d,0.6792785742640448,0.3207214257359552,20,medium,0.6384615384615385,0.6200000000000001,0.357211421989835
reasoning-gym,reasoning-gym/reasoning-gym-algorithmic-number-filtering-hard0292e21f-seed45-2,reasoning-gym-algorithmic-number-filtering-hard0292e21f-seed45-2,0.6795445235544956,0.32045547644550443,20,easy,0.8717948846153847,0.83333335,0.2092313844102445
gaia,gaia/gaia-0383a3ee-47a7-41a4-b493-519bdefe0488,gaia-0383a3ee-47a7-41a4-b493-519bdefe0488,0.679868517987615,0.32013148201238495,26,medium,0.6769230769230768,0.6769230769230768,0.3682679754949484
reasoning-gym,reasoning-gym/reasoning-gym-algebra-polynomial-equations-easy00cea0a5-seed45-2,reasoning-gym-algebra-polynomial-equations-easy00cea0a5-seed45-2,0.6803013430498073,0.31969865695019273,12,saturated,0.971153846153846,0.9375,0.148779758927976
swebench-verified,swebench-verified/swebench-verified-django__django-16100,swebench-verified-django__django-16100,0.6805024302964916,0.3194975697035084,20,medium,0.6461538461538461,0.63,0.3648287269390939
seal0,seal0/seal0-10,seal0-10,0.6809453298412079,0.3190546701587921,26,medium,0.6923076923076923,0.6923076923076923,0.3647159874193753
swebench-multilingual,swebench-multilingual/swebench-multilingual-projectlombok__lombok-3486,swebench-multilingual-projectlombok__lombok-3486,0.6819617073816745,0.3180382926183255,13,medium,0.5192307692307693,0.5384615384615384,0.4583221264543456
omnimath,omnimath/omnimath_683,omnimath_683,0.6823223196857678,0.31767768031423216,25,medium,0.6307692307692307,0.6240000000000001,0.432
omnimath,omnimath/omnimath_3346,omnimath_3346,0.6827336328119583,0.3172663671880417,26,medium,0.4769230769230769,0.4769230769230769,0.3964338069761576
algotune,algotune/algotune-edge-expansion,algotune-edge-expansion,0.6835833290461255,0.3164166709538745,25,hard,0.2908868648216963,0.3025223394145642,0.3480312417652621
mmau,mmau/mmau-fc224a87-54f8-4bed-9c3b-fd2190ec7bd2,mmau-fc224a87-54f8-4bed-9c3b-fd2190ec7bd2,0.6840744955204597,0.31592550447954026,20,medium,0.3846153846153846,0.41,0.3819685850956855
livecodebench,livecodebench/livecodebench-3299,livecodebench-3299,0.68431640397599,0.31568359602400997,18,easy,0.8673076923076923,0.8083333333333333,0.2495829855311989
mmmlu,mmmlu/mmmlu-es-la-00045,mmmlu-es-la-00045,0.684341179118896,0.315658820881104,18,hard,0.1884615769230769,0.2722222777777777,0.3658661893623595
mmmlu,mmmlu/mmmlu-id-id-00075,mmmlu-id-id-00075,0.684341179118896,0.315658820881104,19,hard,0.185897423076923,0.254385947368421,0.3721614600607862
algotune,algotune/algotune-sylvester-solver,algotune-sylvester-solver,0.6845688569959709,0.3154311430040291,22,frontier,0.0224964166846593,0.0261049606274038,0.066385883790153
gaia,gaia/gaia-e0c10771-d627-4fd7-9694-05348e54ee36,gaia-e0c10771-d627-4fd7-9694-05348e54ee36,0.6848708539990257,0.3151291460009743,26,medium,0.4365384615384616,0.4365384615384616,0.4388704233833832
omnimath,omnimath/omnimath_1181,omnimath_1181,0.6856500414799401,0.31434995852005987,26,hard,0.123076923076923,0.123076923076923,0.2664693550105965
omnimath,omnimath/omnimath_4119,omnimath_4119,0.6856500414799401,0.31434995852005987,25,hard,0.2615384615384615,0.272,0.3747212297161718
featurebench-modal,featurebench-modal/featurebench-modal-sphinx-doc__sphinx.e347e59c.test_ext_intersphinx.04901873.lv1,featurebench-modal-sphinx-doc__sphinx.e347e59c.test_ext_intersphinx.04901873.lv1,0.6868271391356562,0.3131728608643438,26,hard,0.1448718076923077,0.1448718076923077,0.2901432690946398
mmau,mmau/mmau-8c63d22f-b37e-4873-aef6-c6b44bbc36e6,mmau-8c63d22f-b37e-4873-aef6-c6b44bbc36e6,0.6870702506344896,0.31292974936551043,20,medium,0.6307692307692309,0.61,0.3973663297261106
mmau,mmau/mmau-e6e02fec-0241-40d6-a0f5-7d79d60b9649,mmau-e6e02fec-0241-40d6-a0f5-7d79d60b9649,0.6870702506344896,0.31292974936551043,20,medium,0.5923076923076922,0.59,0.3433656942677879
featurebench-modal,featurebench-modal/featurebench-modal-mlflow__mlflow.93dab383.test_judge_tool_search_traces.cad8fc4b.lv1,featurebench-modal-mlflow__mlflow.93dab383.test_judge_tool_search_traces.cad8fc4b.lv1,0.6871272670523917,0.3128727329476083,25,frontier,0.0153846153846153,0.016,0.0542586398650021
algotune,algotune/algotune-shortest-path-dijkstra,algotune-shortest-path-dijkstra,0.6871684028818965,0.3128315971181035,22,hard,0.2793822488462156,0.2722761402530114,0.2021328790016879
featurebench-modal,featurebench-modal/featurebench-modal-mlflow__mlflow.93dab383.test_ai_command_utils.85dcb487.lv1,featurebench-modal-mlflow__mlflow.93dab383.test_ai_command_utils.85dcb487.lv1,0.6882297645784532,0.3117702354215468,25,hard,0.2307692307692307,0.24,0.3630426972134269
reasoning-gym,reasoning-gym/reasoning-gym-games-knight-swap-hard0292e21f-seed45-1,reasoning-gym-games-knight-swap-hard0292e21f-seed45-1,0.6890192121758836,0.3109807878241164,12,hard,0.0692307692307692,0.15,0.2692582403567252
mmmlu,mmmlu/mmmlu-pt-br-00113,mmmlu-pt-br-00113,0.6892537124984641,0.3107462875015359,14,hard,0.1923076923076923,0.3571428571428571,0.4791574237499548
spider2,spider2/spider2-mrr001,spider2-mrr001,0.6896097234327101,0.3103902765672899,16,easy,0.9179487307692308,0.8666666875,0.2483277236503001
spider2,spider2/spider2-f1003,spider2-f1003,0.6896097234327101,0.3103902765672899,16,easy,0.7288461538461539,0.684375,0.3863769006747168
bixbench,bixbench/bix-12-q4,bix-12-q4,0.6901567407086839,0.30984325929131606,20,medium,0.3461538461538461,0.39,0.3819685850956856
algotune,algotune/algotune-cvar-projection,algotune-cvar-projection,0.6903397654654426,0.3096602345345574,25,hard,0.2399062599167042,0.2395049680392085,0.2300037924576969
simpleqa,simpleqa/simpleqa-1653,simpleqa-1653,0.6906335802864493,0.3093664197135507,20,medium,0.4076923076923077,0.41,0.2718455443813637
crustbench,crustbench/crustbench-utf8,crustbench-utf8,0.6907077386731643,0.30929226132683574,26,medium,0.3538461538461538,0.3538461538461538,0.3477739863217635
mmau,mmau/mmau-4ef68d01-f537-44fc-bffe-9f05fa48e5cd,mmau-4ef68d01-f537-44fc-bffe-9f05fa48e5cd,0.6907352731258798,0.3092647268741202,20,medium,0.3461538461538461,0.36,0.3261901286060018
mmau,mmau/mmau-ac85ba57-edc0-4ccb-aa61-ce50f4af7650,mmau-ac85ba57-edc0-4ccb-aa61-ce50f4af7650,0.6907352731258798,0.3092647268741202,20,hard,0.2076923076923077,0.21,0.2233830790368867
gaia,gaia/gaia-dd3c7503-f62a-4bd0-9f67-1b63b94194cc,gaia-dd3c7503-f62a-4bd0-9f67-1b63b94194cc,0.6910664119782891,0.3089335880217109,26,easy,0.7903846153846155,0.7903846153846155,0.2961351142927156
mmmlu,mmmlu/mmmlu-ko-kr-00106,mmmlu-ko-kr-00106,0.6911125869121845,0.30888741308781553,15,hard,0.1923076923076923,0.3333333333333333,0.4714045207910317
reasoning-gym,reasoning-gym/reasoning-gym-arithmetic-leg-counting-easy00cea0a5-seed45-2,reasoning-gym-arithmetic-leg-counting-easy00cea0a5-seed45-2,0.6911371680566096,0.30886283194339037,20,medium,0.6730769230769231,0.635,0.3623189202898462
reasoning-gym,reasoning-gym/reasoning-gym-arithmetic-gsm-symbolic-easy00cea0a5-seed45-2,reasoning-gym-arithmetic-gsm-symbolic-easy00cea0a5-seed45-2,0.6917511609943714,0.3082488390056286,12,easy,0.8857692307692309,0.7525,0.4286825748732971
reasoning-gym,reasoning-gym/reasoning-gym-algorithmic-letter-jumble-hard0292e21f-seed45-1,reasoning-gym-algorithmic-letter-jumble-hard0292e21f-seed45-1,0.6918504659117363,0.30814953408826373,12,hard,0.2713674230769231,0.3935185,0.4264037213409571
reasoning-gym,reasoning-gym/reasoning-gym-cognition-color-cube-rotation-hard0292e21f-seed45-2,reasoning-gym-cognition-color-cube-rotation-hard0292e21f-seed45-2,0.6918504659117363,0.30814953408826373,12,medium,0.3364102692307692,0.4313889166666667,0.4528969823825757
lawbench,lawbench/lawbench-2-6-6-zero-shot,lawbench-2-6-6-zero-shot,0.6922818308987879,0.3077181691012121,19,medium,0.4301588846153846,0.4166510526315789,0.2305733563017643
bfcl,bfcl/bfcl-live-irrelevance-184-31-3,bfcl-live-irrelevance-184-31-3,0.69269113271141,0.30730886728858997,26,easy,0.7384615384615384,0.7384615384615384,0.3270814096226045
bfcl,bfcl/bfcl-live-multiple-563-155-3,bfcl-live-multiple-563-155-3,0.69269113271141,0.30730886728858997,26,hard,0.1846153846153846,0.1846153846153846,0.3504857153813698
gpqa-diamond,gpqa-diamond/gpqa-diamond-74,gpqa-diamond-74,0.6928203230275508,0.3071796769724492,19,saturated,0.9903846153846154,0.986842105263158,0.055824219567359
gpqa-diamond,gpqa-diamond/gpqa-diamond-87,gpqa-diamond-87,0.6928203230275508,0.3071796769724492,18,saturated,0.9846153846153848,0.977777777777778,0.0628539361054708
humanevalfix,humanevalfix/humanevalfix-python-28,humanevalfix-python-28,0.6928203230275508,0.3071796769724492,20,saturated,0.9846153846153848,0.98,0.0599999999999999
reasoning-gym,reasoning-gym/reasoning-gym-arithmetic-fraction-simplification-hard0292e21f-seed45-0,reasoning-gym-arithmetic-fraction-simplification-hard0292e21f-seed45-0,0.6928203230275508,0.3071796769724492,12,saturated,0.9634615384615384,0.9208333333333334,0.2625661292364691
bfcl,bfcl/bfcl-live-multiple-48-18-3,bfcl-live-multiple-48-18-3,0.6928203230275509,0.3071796769724491,26,saturated,0.9846153846153848,0.9846153846153848,0.0532938710021192
kumo,kumo/kumo-fantasyenv-t4-a6-v1-s0,kumo-fantasyenv-t4-a6-v1-s0,0.6928203230275509,0.3071796769724491,18,saturated,0.9871795,0.9814815,0.0763537315280006
kumo,kumo/kumo-relicenv-t4-a6-v1-s0,kumo-relicenv-t4-a6-v1-s0,0.6928203230275509,0.3071796769724491,19,easy,0.9230769230769232,0.8947368421052632,0.3068922049918579
bigcodebench,bigcodebench/bigcodebench_15,bigcodebench_15,0.6928203230275509,0.3071796769724491,12,frontier,0.0384615384615384,0.0833333333333333,0.2763853991962833
bigcodebench,bigcodebench/bigcodebench_583,bigcodebench_583,0.6928203230275509,0.3071796769724491,12,hard,0.0769230769230769,0.1666666666666666,0.3726779962499649
livecodebench,livecodebench/livecodebench-abc306_d,livecodebench-abc306_d,0.6928203230275509,0.3071796769724491,18,saturated,0.9846153846153848,0.977777777777778,0.0628539361054708
mmmlu,mmmlu/mmmlu-hi-in-00062,mmmlu-hi-in-00062,0.6928203230275511,0.30717967697244886,17,saturated,0.9615384615384616,0.9411764705882352,0.1610948698544606
mmmlu,mmmlu/mmmlu-zh-cn-00124,mmmlu-zh-cn-00124,0.6928764748325276,0.30712352516747243,16,saturated,0.9807692307692308,0.96875,0.1210307295689817
seal0,seal0/seal0-56,seal0-56,0.6931348139680036,0.3068651860319964,26,hard,0.0538461538461538,0.0538461538461538,0.1307692307692307
replicationbench,replicationbench/replicationbench-lensing_dr6_growth__params,replicationbench-lensing_dr6_growth__params,0.6932392648180699,0.30676073518193014,17,hard,0.0961538461538461,0.1470588235294117,0.2003457219520753
featurebench-modal,featurebench-modal/featurebench-modal-mlflow__mlflow.93dab383.test_tracing.0dc1e3a3.lv1,featurebench-modal-mlflow__mlflow.93dab383.test_tracing.0dc1e3a3.lv1,0.693449306664918,0.306550693335082,25,hard,0.1711538461538461,0.178,0.2915750332247258
crustbench,crustbench/crustbench-tisp,crustbench-tisp,0.6935618521910271,0.30643814780897294,26,hard,0.2884615384615384,0.2884615384615384,0.3400530762609804
gpqa-diamond,gpqa-diamond/gpqa-diamond-8,gpqa-diamond-8,0.6935978849309946,0.3064021150690054,17,medium,0.5448718076923077,0.5156862941176471,0.3640939497288424
gpqa-diamond,gpqa-diamond/gpqa-diamond-75,gpqa-diamond-75,0.6935978849309946,0.3064021150690054,18,medium,0.6346153846153846,0.6055555555555555,0.3792862041932952
featurebench-modal,featurebench-modal/featurebench-modal-lightning-ai__pytorch-lightning.126fa6f1.test_seed.1eaa1d46.lv1,featurebench-modal-lightning-ai__pytorch-lightning.126fa6f1.test_seed.1eaa1d46.lv1,0.693617632383481,0.30638236761651905,26,hard,0.0961538461538461,0.0961538461538461,0.2248602458806687
mmau,mmau/mmau-bc9a6036-2011-42af-bd0f-f1a62a69823a,mmau-bc9a6036-2011-42af-bd0f-f1a62a69823a,0.6938256999251872,0.30617430007481283,20,hard,0.0846153846153846,0.11,0.1609347693943108
mmau,mmau/mmau-c678230c-6851-4232-827b-2dc545e975b5,mmau-c678230c-6851-4232-827b-2dc545e975b5,0.6938256999251872,0.30617430007481283,20,frontier,0.0153846153846153,0.02,0.0871779788708134
algotune,algotune/algotune-articulation-points,algotune-articulation-points,0.6938897167834738,0.3061102832165262,26,medium,0.4516720437503704,0.4516720437503704,0.2244042824446803
algotune,algotune/algotune-kalman-filter,algotune-kalman-filter,0.6938897167834738,0.3061102832165262,24,medium,0.4693179550636098,0.4601334460499069,0.2814260963984846
swebench-multilingual,swebench-multilingual/swebench-multilingual-projectlombok__lombok-3674,swebench-multilingual-projectlombok__lombok-3674,0.6939432878388172,0.3060567121611828,14,hard,0.060897423076923,0.1130952142857143,0.2665310895787309
gaia,gaia/gaia-ad37a656-079a-49f9-a493-7b739c9167d1,gaia-ad37a656-079a-49f9-a493-7b739c9167d1,0.6950115463606495,0.30498845363935045,20,easy,0.7076923076923076,0.6799999999999999,0.3429285639896449
gpqa-diamond,gpqa-diamond/gpqa-diamond-32,gpqa-diamond-32,0.6961615118586848,0.3038384881413152,18,hard,0.2891025769230769,0.3287037222222222,0.3728355627142116
labbench,labbench/labbench-figqa-0141,labbench-figqa-0141,0.6961762958533065,0.30382370414669346,13,hard,0.2153846153846154,0.2307692307692308,0.21973625933978
gpqa-diamond,gpqa-diamond/gpqa-diamond-174,gpqa-diamond-174,0.6962346113964818,0.3037653886035182,20,medium,0.4615384615384617,0.4800000000000001,0.3655133376499413
swebench-multilingual,swebench-multilingual/swebench-multilingual-hashicorp__terraform-34900,swebench-multilingual-hashicorp__terraform-34900,0.6965259025113825,0.30347409748861753,15,frontier,0.0384615384615384,0.0666666666666666,0.2494438257849294
algotune,algotune/algotune-correlate-1d,algotune-correlate-1d,0.6975477902533093,0.30245220974669074,25,hard,0.1342067133850132,0.1395749819204137,0.1965630755852708
seal0,seal0/seal0-42,seal0-42,0.6977812804392717,0.3022187195607283,26,hard,0.0525641153846153,0.0525641153846153,0.1596398888615168
seal0,seal0/seal0-54,seal0-54,0.6977812804392717,0.3022187195607283,26,hard,0.1807692307692307,0.1807692307692307,0.282226068220456
aider-polyglot,aider-polyglot/polyglot_javascript_house,polyglot_javascript_house,0.6979086197017986,0.3020913802982014,26,medium,0.3384615384615384,0.3384615384615384,0.4142434467026541
aime,aime/aime_73,aime_73,0.6981712533926815,0.3018287466073185,19,medium,0.6576923076923078,0.6236842105263158,0.3326007647286171
gpqa-diamond,gpqa-diamond/gpqa-diamond-187,gpqa-diamond-187,0.6983193298329348,0.30168067016706523,20,easy,0.941025653846154,0.92333335,0.1402774722549116
featurebench-modal,featurebench-modal/featurebench-modal-mlflow__mlflow.93dab383.test_client.42de781c.lv1,featurebench-modal-mlflow__mlflow.93dab383.test_client.42de781c.lv1,0.6983711386937906,0.30162886130620936,25,hard,0.1705128076923077,0.17733332,0.2853021716940437
featurebench-modal,featurebench-modal/featurebench-modal-mlflow__mlflow.93dab383.test_security.98fcde1d.lv1,featurebench-modal-mlflow__mlflow.93dab383.test_security.98fcde1d.lv1,0.6983711386937906,0.30162886130620936,25,hard,0.1615384615384615,0.168,0.3249246066397557
mmau,mmau/mmau-1910e3db-5030-4255-8b0d-053542050037,mmau-1910e3db-5030-4255-8b0d-053542050037,0.6985898743271223,0.3014101256728777,20,easy,0.8743589615384615,0.8366666500000001,0.2784680614042255
replicationbench,replicationbench/replicationbench-disk_ridges__ridges_in_all,replicationbench-disk_ridges__ridges_in_all,0.698688236647655,0.301311763352345,17,medium,0.4839743461538461,0.4754901764705882,0.3106033459014957
featurebench-modal,featurebench-modal/featurebench-modal-mlflow__mlflow.93dab383.test_genai_eval_utils.2d5441f2.lv1,featurebench-modal-mlflow__mlflow.93dab383.test_genai_eval_utils.2d5441f2.lv1,0.6987788702001985,0.30122112979980153,25,hard,0.223076923076923,0.2319999999999999,0.3328302870833722
featurebench-modal,featurebench-modal/featurebench-modal-pytest-dev__pytest.68016f0e.test_local.40fb2f1f.lv1,featurebench-modal-pytest-dev__pytest.68016f0e.test_local.40fb2f1f.lv1,0.6994706119369123,0.3005293880630877,13,frontier,0.0493589615384615,0.098717923076923,0.160988035989521
featurebench-modal,featurebench-modal/featurebench-modal-linkedin__liger-kernel.c856fbab.test_mini_models.96209d55.lv1,featurebench-modal-linkedin__liger-kernel.c856fbab.test_mini_models.96209d55.lv1,0.6994706119369123,0.3005293880630877,12,frontier,0.0192307692307692,0.0416666666666666,0.0931694990624912
seal0,seal0/seal0-101,seal0-101,0.6996399637215878,0.30036003627841223,26,medium,0.4403846153846154,0.4403846153846154,0.3543735617985279
seal0,seal0/seal0-89,seal0-89,0.6998504383428307,0.30014956165716933,26,hard,0.2544871923076923,0.2544871923076923,0.285083515538331
labbench,labbench/labbench-figqa-0176,labbench-figqa-0176,0.6998964726756147,0.3001035273243853,13,hard,0.0999999999999999,0.2,0.282842712474619
gaia,gaia/gaia-72c06643-a2fa-4186-aa5c-9ec33ae9b445,gaia-72c06643-a2fa-4186-aa5c-9ec33ae9b445,0.7004940582305333,0.29950594176946665,20,frontier,0.048076923076923,0.0625,0.1456665713195721
mmau,mmau/mmau-20cf7678-509c-41fc-9d1c-4a1f000513ee,mmau-20cf7678-509c-41fc-9d1c-4a1f000513ee,0.7007176970829916,0.2992823029170084,20,easy,0.8153846153846154,0.7899999999999999,0.2643860813280457
mmau,mmau/mmau-a68348a7-68ea-4c79-800c-7c870eb15f0a,mmau-a68348a7-68ea-4c79-800c-7c870eb15f0a,0.7007836331502644,0.2992163668497356,20,medium,0.5403846153846154,0.5225,0.3523049105533444
swebench-multilingual,swebench-multilingual/swebench-multilingual-caddyserver__caddy-4774,swebench-multilingual-caddyserver__caddy-4774,0.7011443684095234,0.29885563159047657,15,hard,0.2038461538461538,0.3533333333333334,0.4141569035290315
crustbench,crustbench/crustbench-kairocompiler,crustbench-kairocompiler,0.7013428830746847,0.29865711692531527,26,easy,0.7615384615384616,0.7615384615384616,0.282947294734608
swtbench,swtbench/swtbench-scikit-learn__scikit-learn-10908,swtbench-scikit-learn__scikit-learn-10908,0.7021194667160054,0.29788053328399455,12,medium,0.5442307692307693,0.5375,0.2807170877116912
bixbench,bixbench/bix-30-q3,bix-30-q3,0.702788308158908,0.297211691841092,20,easy,0.7519230769230769,0.7075,0.3585648476914601
featurebench-modal,featurebench-modal/featurebench-modal-lightning-ai__pytorch-lightning.126fa6f1.test_wrappers.d88ce6f6.lv1,featurebench-modal-lightning-ai__pytorch-lightning.126fa6f1.test_wrappers.d88ce6f6.lv1,0.7031526623263732,0.2968473376736268,26,hard,0.0839743461538461,0.0839743461538461,0.1629378040586563
seal0,seal0/seal0-2,seal0-2,0.7036890398487563,0.2963109601512437,26,medium,0.5429487307692308,0.5429487307692308,0.4128847137727391
swtbench,swtbench/swtbench-sphinx-doc__sphinx-8475,swtbench-sphinx-doc__sphinx-8475,0.7037944473766131,0.2962055526233869,12,hard,0.1076923076923076,0.2333333333333333,0.334995854037363
gpqa-diamond,gpqa-diamond/gpqa-diamond-185,gpqa-diamond-185,0.7038105012928099,0.29618949870719014,18,medium,0.4769230769230769,0.4888888888888888,0.3828096261544937
mmmlu,mmmlu/mmmlu-bn-bd-00016,mmmlu-bn-bd-00016,0.7040025469484875,0.2959974530515125,18,easy,0.7782051153846155,0.6796296111111111,0.4220963252035591
kumo,kumo/kumo-virusclassificationenv-t4-a6-v1-s1,kumo-virusclassificationenv-t4-a6-v1-s1,0.7040634659172169,0.2959365340827831,19,easy,0.903846153846154,0.868421052631579,0.2267166570804493
aider-polyglot,aider-polyglot/polyglot_javascript_transpose,polyglot_javascript_transpose,0.7041335500964979,0.2958664499035021,26,medium,0.4480769230769231,0.4480769230769231,0.4261817888645212
gpqa-diamond,gpqa-diamond/gpqa-diamond-99,gpqa-diamond-99,0.7047643319215733,0.2952356680784267,19,easy,0.8730769230769232,0.8263157894736842,0.3306168163060928
gpqa-diamond,gpqa-diamond/gpqa-diamond-145,gpqa-diamond-145,0.7047643319215733,0.2952356680784267,20,hard,0.0820512692307692,0.10666665,0.1979337521046562
mmmlu,mmmlu/mmmlu-ko-kr-00105,mmmlu-ko-kr-00105,0.7054886768635982,0.2945113231364018,20,hard,0.060897423076923,0.07916665,0.1997828470420508
featurebench-modal,featurebench-modal/featurebench-modal-linkedin__liger-kernel.c856fbab.test_multi_token_attention.4c06a35b.lv1,featurebench-modal-linkedin__liger-kernel.c856fbab.test_multi_token_attention.4c06a35b.lv1,0.7059370613382142,0.2940629386617858,25,hard,0.2064102692307692,0.21466668,0.2978187570542487
swebench-multilingual,swebench-multilingual/swebench-multilingual-preactjs__preact-4436,swebench-multilingual-preactjs__preact-4436,0.7059878452454337,0.2940121547545663,14,hard,0.1987179615384615,0.3690476428571428,0.4462301304989239
bfcl,bfcl/bfcl-live-irrelevance-3-0-3,bfcl-live-irrelevance-3-0-3,0.7067191129659681,0.2932808870340319,26,saturated,0.953846153846154,0.953846153846154,0.1393136175098064
algotune,algotune/algotune-generalized-eigenvectors-complex,algotune-generalized-eigenvectors-complex,0.7073837434322657,0.29261625656773427,25,hard,0.289505064681339,0.2866906338794837,0.2087463154321391
replicationbench,replicationbench/replicationbench-gw_nsbh__mtov_spin_2,replicationbench-gw_nsbh__mtov_spin_2,0.7074157042689255,0.2925842957310745,20,medium,0.6692307692307692,0.6300000000000001,0.364828726939094
swebench-multilingual,swebench-multilingual/swebench-multilingual-projectlombok__lombok-3602,swebench-multilingual-projectlombok__lombok-3602,0.7078085146895348,0.29219148531046524,15,medium,0.5576923076923077,0.6,0.4163331998932266
mmmlu,mmmlu/mmmlu-yo-ng-00143,mmmlu-yo-ng-00143,0.7089119107402364,0.2910880892597636,18,easy,0.8397436153846154,0.7685185555555556,0.3732526634258209
labbench,labbench/labbench-figqa-0161,labbench-figqa-0161,0.7090361347894467,0.2909638652105533,13,frontier,0.023076923076923,0.0461538461538461,0.0842650088469486
aider-polyglot,aider-polyglot/polyglot_javascript_grade-school,polyglot_javascript_grade-school,0.7091705899022712,0.2908294100977288,26,medium,0.6551281923076924,0.6551281923076924,0.3742733591509758
algotune,algotune/algotune-max-clique-cpsat,algotune-max-clique-cpsat,0.7092743166821738,0.2907256833178262,24,medium,0.5941302245309149,0.5854131277192697,0.2719925234370801
algotune,algotune/algotune-multi-dim-knapsack,algotune-multi-dim-knapsack,0.7092743166821738,0.2907256833178262,23,medium,0.3575791914249068,0.3439503811503915,0.2142966624904662
bixbench,bixbench/bix-47-q2,bix-47-q2,0.7096254950784027,0.29037450492159733,20,medium,0.5442307692307692,0.5275000000000001,0.3096267914764483
aider-polyglot,aider-polyglot/polyglot_go_connect,polyglot_go_connect,0.7100834758094954,0.2899165241905046,26,medium,0.3288461538461539,0.3288461538461539,0.3299688437865346
seal0,seal0/seal0-31,seal0-31,0.7111898653389284,0.28881013466107164,26,medium,0.4006410384615385,0.4006410384615385,0.3410166138915185
replicationbench,replicationbench/replicationbench-lensing_dr6_growth__alens,replicationbench-lensing_dr6_growth__alens,0.7114801084731387,0.2885198915268613,17,medium,0.4173076923076922,0.4264705882352941,0.3726367285814554
featurebench-modal,featurebench-modal/featurebench-modal-sphinx-doc__sphinx.e347e59c.test_build_html.d253ea54.lv1,featurebench-modal-sphinx-doc__sphinx.e347e59c.test_build_html.d253ea54.lv1,0.7114948305912642,0.28850516940873583,26,hard,0.1057692307692307,0.1057692307692307,0.2558270611313443
mmau,mmau/mmau-382905b7-9d0c-4a6a-bf84-cc4635b65586,mmau-382905b7-9d0c-4a6a-bf84-cc4635b65586,0.711683571886766,0.288316428113234,20,easy,0.9000000000000001,0.8699999999999999,0.2703701166919155
seal0,seal0/seal0-52,seal0-52,0.7117407755880782,0.28825922441192176,26,hard,0.0557692307692307,0.0557692307692307,0.107709476653388
reasoning-gym,reasoning-gym/reasoning-gym-games-puzzle24-hard0292e21f-seed45-2,reasoning-gym-games-puzzle24-hard0292e21f-seed45-2,0.712053940623419,0.287946059376581,20,easy,0.9156153846153844,0.8903000000000001,0.1720689106143233
livecodebench,livecodebench/livecodebench-abc377_g,livecodebench-abc377_g,0.7124886735713356,0.2875113264286644,17,saturated,0.9826923076923078,0.973529411764706,0.0729980802705344
gpqa-diamond,gpqa-diamond/gpqa-diamond-97,gpqa-diamond-97,0.7125224786262225,0.28747752137377747,18,medium,0.5064102692307693,0.5314814999999999,0.4169957608183472
arc-agi-2,arc-agi-2/arc-agi-2-2ba387bc_0,arc-agi-2-2ba387bc_0,0.7126638957303331,0.28733610426966694,20,medium,0.4435896923076923,0.4666666499999999,0.4071581783806233
algotune,algotune/algotune-kd-tree,algotune-kd-tree,0.7136968254576079,0.28630317454239207,24,frontier,0.0428969115176416,0.0457134937334499,0.1234562086940498
aider-polyglot,aider-polyglot/polyglot_rust_doubly-linked-list,polyglot_rust_doubly-linked-list,0.7142649704847468,0.2857350295152532,26,medium,0.5615384615384615,0.5615384615384615,0.4188601043095993
algotune,algotune/algotune-graph-laplacian,algotune-graph-laplacian,0.7150333449910155,0.28496665500898455,26,hard,0.1000513417753566,0.1000513417753566,0.1047492183452862
bixbench,bixbench/bix-30-q5,bix-30-q5,0.7150996751151966,0.28490032488480344,20,saturated,0.9692307692307692,0.96,0.0799999999999999
bixbench,bixbench/bix-9-q5,bix-9-q5,0.7150996751151966,0.28490032488480344,20,easy,0.7224358846153847,0.69916665,0.343287838369243
bfcl,bfcl/bfcl-live-irrelevance-745-256-0,bfcl-live-irrelevance-745-256-0,0.7151461804155022,0.28485381958449785,26,hard,0.0692307692307692,0.0692307692307692,0.1995557195549668
bfcl,bfcl/bfcl-live-simple-177-103-0,bfcl-live-simple-177-103-0,0.7151461804155022,0.28485381958449785,26,saturated,0.953846153846154,0.953846153846154,0.1393136175098064
spider2,spider2/spider2-google_play002,spider2-google_play002,0.7152041599730832,0.2847958400269168,17,hard,0.2358974230769231,0.360784294117647,0.4404743881113747
simpleqa,simpleqa/simpleqa-3079,simpleqa-3079,0.7155350586704208,0.2844649413295792,20,saturated,0.9615384615384616,0.95,0.1244989959798873
featurebench-modal,featurebench-modal/featurebench-modal-mlflow__mlflow.93dab383.test_abstract_store.e5ff5123.lv1,featurebench-modal-mlflow__mlflow.93dab383.test_abstract_store.e5ff5123.lv1,0.7161821244476256,0.28381787555237437,24,hard,0.1692307692307692,0.1833333333333333,0.3077697552103231
featurebench-modal,featurebench-modal/featurebench-modal-pydata__xarray.97f3a746.test_backends_chunks.fa55f68a.lv1,featurebench-modal-pydata__xarray.97f3a746.test_backends_chunks.fa55f68a.lv1,0.7161821244476256,0.28381787555237437,26,hard,0.073076923076923,0.073076923076923,0.1783157985075318
replicationbench,replicationbench/replicationbench-gw_nsbh__mtov_spin,replicationbench-gw_nsbh__mtov_spin,0.7162596510133674,0.2837403489866326,20,hard,0.1153846153846153,0.15,0.1884144368141677
gpqa-diamond,gpqa-diamond/gpqa-diamond-130,gpqa-diamond-130,0.7166476962684911,0.2833523037315089,19,hard,0.1833333461538461,0.2508772105263158,0.3275584936450409
gpqa-diamond,gpqa-diamond/gpqa-diamond-142,gpqa-diamond-142,0.7166476962684911,0.2833523037315089,19,medium,0.4326923076923077,0.4447368421052631,0.4106781095886301
bfcl,bfcl/bfcl-live-irrelevance-300-74-0,bfcl-live-irrelevance-300-74-0,0.7170011125872882,0.28299888741271184,26,easy,0.7846153846153846,0.7846153846153846,0.2412982637132018
bfcl,bfcl/bfcl-irrelevance-53,bfcl-irrelevance-53,0.7170011125872882,0.28299888741271184,26,medium,0.6230769230769231,0.6230769230769231,0.4199887290682676
gpqa-diamond,gpqa-diamond/gpqa-diamond-113,gpqa-diamond-113,0.717373056030917,0.28262694396908306,20,medium,0.3115384615384615,0.3675,0.4129996973364508
gpqa-diamond,gpqa-diamond/gpqa-diamond-64,gpqa-diamond-64,0.717373056030917,0.28262694396908306,18,easy,0.8666666538461538,0.807407388888889,0.2902862992428794
aider-polyglot,aider-polyglot/polyglot_python_robot-name,polyglot_python_robot-name,0.718318896374719,0.281681103625281,26,medium,0.4692307692307692,0.4692307692307692,0.4294623031448572
algotune,algotune/algotune-ode-brusselator,algotune-ode-brusselator,0.7191213995983196,0.28087860040168044,23,medium,0.5050133643636573,0.4808434753353867,0.3473965599735056
algotune,algotune/algotune-quantile-regression,algotune-quantile-regression,0.7191353304683052,0.28086466953169476,22,hard,0.0561136926767548,0.0662925551051653,0.1115159232138524
gpqa-diamond,gpqa-diamond/gpqa-diamond-93,gpqa-diamond-93,0.7193423848631239,0.28065761513687615,18,medium,0.4891025769230769,0.4620370555555555,0.3868919283622111
aime,aime/aime_i-13,aime_i-13,0.7193661940424334,0.2806338059575666,19,medium,0.6538461538461537,0.6,0.3893314107138301
crustbench,crustbench/crustbench-ltre,crustbench-ltre,0.7198508975976939,0.28014910240230606,26,medium,0.5673076923076923,0.5673076923076923,0.3728637376628428
featurebench-modal,featurebench-modal/featurebench-modal-huggingface__transformers.e2e8dbed.test_tokenization_prophetnet.ca02e775.lv1,featurebench-modal-huggingface__transformers.e2e8dbed.test_tokenization_prophetnet.ca02e775.lv1,0.7200022793934916,0.2799977206065084,25,frontier,0.0307692307692307,0.032,0.0926066952223218
lawbench,lawbench/lawbench-2-4-21-one-shot,lawbench-2-4-21-one-shot,0.7200685691610551,0.2799314308389449,19,medium,0.3465384615384614,0.3378947368421053,0.105360481324502
lawbench,lawbench/lawbench-2-5-19-zero-shot,lawbench-2-5-19-zero-shot,0.7200685691610551,0.2799314308389449,19,medium,0.6842555769230771,0.6661552631578949,0.2365463718254263
seal0,seal0/seal0-30,seal0-30,0.7203299258430853,0.2796700741569147,26,hard,0.0948718076923077,0.0948718076923077,0.1850600455178762
bfcl,bfcl/bfcl-live-irrelevance-615-195-3,bfcl-live-irrelevance-615-195-3,0.7205546697533721,0.2794453302466279,26,medium,0.5230769230769231,0.5230769230769231,0.4116642510849124
bfcl,bfcl/bfcl-live-irrelevance-179-30-0,bfcl-live-irrelevance-179-30-0,0.7205546697533721,0.2794453302466279,26,medium,0.4846153846153846,0.4846153846153846,0.3849998078843753
gaia,gaia/gaia-9f41b083-683e-4dcf-9185-ccfeaa88fa45,gaia-9f41b083-683e-4dcf-9185-ccfeaa88fa45,0.7214388622199267,0.2785611377800733,20,hard,0.2076923076923077,0.24,0.3006659275674582
gpqa-diamond,gpqa-diamond/gpqa-diamond-179,gpqa-diamond-179,0.7215080557753292,0.27849194422467083,20,easy,0.8538461538461539,0.8099999999999999,0.3315116890850155
seal0,seal0/seal0-0,seal0-0,0.7215713516332597,0.2784286483667403,26,hard,0.2666666538461538,0.2666666538461538,0.3834169340276319
simpleqa,simpleqa/simpleqa-2611,simpleqa-2611,0.7220725148328241,0.2779274851671759,20,easy,0.7999999999999999,0.8,0.2280350850198276
aider-polyglot,aider-polyglot/polyglot_go_paasio,polyglot_go_paasio,0.7221968913712005,0.27780310862879953,26,hard,0.1153846153846153,0.1153846153846153,0.2783085002327007
aider-polyglot,aider-polyglot/polyglot_python_list-ops,polyglot_python_list-ops,0.7221968913712005,0.27780310862879953,26,hard,0.1153846153846153,0.1153846153846153,0.2552409234313393
mmmlu,mmmlu/mmmlu-ko-kr-00103,mmmlu-ko-kr-00103,0.7223422840616714,0.27765771593832855,16,easy,0.8589743846153847,0.770833375,0.385838721614659
gaia,gaia/gaia-e961a717-6b25-4175-8a68-874d28190ee4,gaia-e961a717-6b25-4175-8a68-874d28190ee4,0.7223513443487638,0.2776486556512362,20,easy,0.7903846153846155,0.7875000000000001,0.2645160675649023
reasoning-gym,reasoning-gym/reasoning-gym-arithmetic-bitwise-arithmetic-hard0292e21f-seed45-2,reasoning-gym-arithmetic-bitwise-arithmetic-hard0292e21f-seed45-2,0.7227052163354777,0.2772947836645223,12,medium,0.5487179615384616,0.54722225,0.3104532138565394
reasoning-gym,reasoning-gym/reasoning-gym-cognition-color-cube-rotation-hard0292e21f-seed45-0,reasoning-gym-cognition-color-cube-rotation-hard0292e21f-seed45-0,0.7227052163354777,0.2772947836645223,12,medium,0.4337178461538462,0.4536110833333333,0.4332103713184966
mmmlu,mmmlu/mmmlu-ko-kr-00104,mmmlu-ko-kr-00104,0.722726289513041,0.27727371048695904,19,easy,0.8705128076923077,0.8228070000000001,0.3093197173389236
gaia,gaia/gaia-b415aba4-4b68-4fc6-9b89-2c812e55a3e1,gaia-b415aba4-4b68-4fc6-9b89-2c812e55a3e1,0.7241960004032999,0.2758039995967001,20,hard,0.1903846153846154,0.2475,0.3699577678600625
gaia,gaia/gaia-6f37996b-2ac7-44b0-8e68-6d28256631b4,gaia-6f37996b-2ac7-44b0-8e68-6d28256631b4,0.7251033212292118,0.27489667877078816,20,hard,0.2307692307692308,0.3,0.3974921382870358
gaia,gaia/gaia-2a649bb1-795f-4a01-b3be-9a01868dae73,gaia-2a649bb1-795f-4a01-b3be-9a01868dae73,0.7251033212292118,0.27489667877078816,20,hard,0.0724358846153846,0.0941666499999999,0.1918676274732856
mmau,mmau/mmau-129ad635-80b3-4ed4-8b37-b163fa8f3a22,mmau-129ad635-80b3-4ed4-8b37-b163fa8f3a22,0.7253968569001963,0.2746031430998037,20,easy,0.7769230769230769,0.7700000000000002,0.3051229260478471
reasoning-gym,reasoning-gym/reasoning-gym-algorithmic-binary-matrix-easy00cea0a5-seed45-2,reasoning-gym-algorithmic-binary-matrix-easy00cea0a5-seed45-2,0.726287268866417,0.27371273113358296,12,medium,0.6538461538461539,0.5416666666666666,0.4768967975941499
medagentbench,medagentbench/medagentbench-task10_5,medagentbench-task10_5,0.7264125238189518,0.2735874761810482,20,medium,0.3615384615384615,0.35,0.3154362059117501
swtbench,swtbench/swtbench-django__django-13810,swtbench-django__django-13810,0.7265814986679644,0.2734185013320356,13,medium,0.5807692307692307,0.5615384615384615,0.2815846956572789
swtbench,swtbench/swtbench-django__django-13786,swtbench-django__django-13786,0.7265814986679644,0.2734185013320356,14,easy,0.7076923076923077,0.6285714285714287,0.3768830273792262
mmau,mmau/mmau-70c271b0-0a05-4e68-929a-4d0c1c393044,mmau-70c271b0-0a05-4e68-929a-4d0c1c393044,0.7267166800500409,0.27328331994995914,20,hard,0.0993589615384615,0.12916665,0.2819512741099559
mmau,mmau/mmau-7bdc9998-3ded-4bd4-bbb9-f90258921e47,mmau-7bdc9998-3ded-4bd4-bbb9-f90258921e47,0.7267166800500409,0.27328331994995914,20,hard,0.1467948461538461,0.1908333,0.3135581931635817
swebench-multilingual,swebench-multilingual/swebench-multilingual-caddyserver__caddy-5995,swebench-multilingual-caddyserver__caddy-5995,0.7271447557387175,0.2728552442612825,14,medium,0.5,0.5,0.5
omnimath,omnimath/omnimath_1354,omnimath_1354,0.7275214860813513,0.27247851391864875,26,easy,0.7115384615384616,0.7115384615384616,0.335498392839121
mmau,mmau/mmau-ba6bc9de-0ace-4ea9-b102-79f024dd3e25,mmau-ba6bc9de-0ace-4ea9-b102-79f024dd3e25,0.7275556502987388,0.2724443497012612,20,easy,0.7769230769230769,0.71,0.3713488925525428
replicationbench,replicationbench/replicationbench-gw_cosmo__h0_scaling,replicationbench-gw_cosmo__h0_scaling,0.7276176376579895,0.2723823623420105,20,hard,0.2230769230769231,0.23,0.2551470164434614
replicationbench,replicationbench/replicationbench-disk_ridges__gaia_dr2_rvs,replicationbench-disk_ridges__gaia_dr2_rvs,0.7278468037942609,0.2721531962057391,17,hard,0.2846153846153846,0.3294117647058824,0.3425934065543773
mmau,mmau/mmau-fe746517-e292-4976-b83b-d1cae168b7da,mmau-fe746517-e292-4976-b83b-d1cae168b7da,0.7282029188514019,0.27179708114859813,20,easy,0.8923076923076921,0.86,0.2289104628451919
simpleqa,simpleqa/simpleqa-975,simpleqa-975,0.7296233669649681,0.2703766330350319,20,easy,0.7692307692307694,0.76,0.2497999199359359
gpqa-diamond,gpqa-diamond/gpqa-diamond-89,gpqa-diamond-89,0.7301577687688359,0.26984223123116413,18,medium,0.5538461538461538,0.5777777777777778,0.409003607095688
mmau,mmau/mmau-5e398782-d659-4b0c-bc19-ac3cfbd9a113,mmau-5e398782-d659-4b0c-bc19-ac3cfbd9a113,0.7304839805267438,0.2695160194732562,20,easy,0.7230769230769233,0.7000000000000001,0.3435112807463533
mmmlu,mmmlu/mmmlu-bn-bd-00018,mmmlu-bn-bd-00018,0.7306059548259517,0.2693940451740483,19,easy,0.7660256538461538,0.6798245789473685,0.4277159155702982
mmmlu,mmmlu/mmmlu-it-it-00088,mmmlu-it-it-00088,0.7306059548259517,0.2693940451740483,19,easy,0.8269230384615385,0.763157842105263,0.364008727432861
labbench,labbench/labbench-figqa-0014,labbench-figqa-0014,0.7309217299700873,0.2690782700299127,13,frontier,0.0153846153846153,0.0307692307692307,0.072160242458822
mmmlu,mmmlu/mmmlu-pt-br-00118,mmmlu-pt-br-00118,0.7318277410563312,0.2681722589436688,19,easy,0.7884615384615384,0.7105263157894737,0.4076824574955175
aider-polyglot,aider-polyglot/polyglot_python_go-counting,polyglot_python_go-counting,0.7321563359536973,0.26784366404630267,26,hard,0.0769230769230769,0.0769230769230769,0.1760849714193784
aider-polyglot,aider-polyglot/polyglot_python_tree-building,polyglot_python_tree-building,0.7321563359536973,0.26784366404630267,26,frontier,0.0384615384615384,0.0384615384615384,0.0963843391241666
labbench,labbench/labbench-figqa-0033,labbench-figqa-0033,0.7322070121623656,0.2677929878376344,13,easy,0.9153846153846152,0.8307692307692308,0.2583516249807179
gaia,gaia/gaia-cabe07ed-9eca-40ea-8ead-410ef5e83f91,gaia-cabe07ed-9eca-40ea-8ead-410ef5e83f91,0.7322172830755524,0.26778271692444755,20,medium,0.4384615384615384,0.45,0.3681032463861193
gaia,gaia/gaia-9d191bce-651d-4746-be2d-7ef8ecadb9c2,gaia-9d191bce-651d-4746-be2d-7ef8ecadb9c2,0.732349577536356,0.267650422463644,20,medium,0.5615384615384615,0.55,0.4043513323831146
swebench-multilingual,swebench-multilingual/swebench-multilingual-php-cs-fixer__php-cs-fixer-7635,swebench-multilingual-php-cs-fixer__php-cs-fixer-7635,0.7323563589105598,0.26764364108944017,14,hard,0.1326923076923077,0.2464285714285714,0.3781837637758573
swebench-multilingual,swebench-multilingual/swebench-multilingual-projectlombok__lombok-3697,swebench-multilingual-projectlombok__lombok-3697,0.732360605258552,0.26763939474144804,14,medium,0.5461538461538462,0.5428571428571428,0.4419345228073719
simpleqa,simpleqa/simpleqa-2192,simpleqa-2192,0.732632938763502,0.267367061236498,20,easy,0.8961538461538462,0.865,0.2372235232855291
seal0,seal0/seal0-98,seal0-98,0.7327127464632764,0.26728725353672356,26,medium,0.4935897692307692,0.4935897692307692,0.3715605039381781
seal0,seal0/seal0-12,seal0-12,0.7327127464632764,0.26728725353672356,26,medium,0.5923076923076923,0.5923076923076923,0.4030394873984022
gpqa-diamond,gpqa-diamond/gpqa-diamond-131,gpqa-diamond-131,0.7333980660768769,0.26660193392312315,18,medium,0.5653846153846154,0.5722222222222223,0.3693922268862064
labbench,labbench/labbench-figqa-0091,labbench-figqa-0091,0.7339485378615732,0.2660514621384268,13,hard,0.2230769230769231,0.2461538461538462,0.2951280937423212
swebench-multilingual,swebench-multilingual/swebench-multilingual-apache__lucene-11760,swebench-multilingual-apache__lucene-11760,0.7340057273092089,0.2659942726907911,14,medium,0.3461538461538461,0.4285714285714285,0.4573660169594892
featurebench-modal,featurebench-modal/featurebench-modal-huggingface__transformers.e2e8dbed.test_modeling_vits.6379a2ba.lv2,featurebench-modal-huggingface__transformers.e2e8dbed.test_modeling_vits.6379a2ba.lv2,0.7350314612585109,0.26496853874148907,26,hard,0.0711538461538461,0.0711538461538461,0.1394860600445276
featurebench-modal,featurebench-modal/featurebench-modal-huggingface__transformers.e2e8dbed.test_modeling_speech_to_text.e53c8eb4.lv2,featurebench-modal-huggingface__transformers.e2e8dbed.test_modeling_speech_to_text.e53c8eb4.lv2,0.7350314612585109,0.26496853874148907,26,hard,0.1576923076923077,0.1576923076923077,0.2666358463451848
strongreject,strongreject/strongreject_disinformation_and_deception_0045_pap_logical_appeal,strongreject_disinformation_and_deception_0045_pap_logical_appeal,0.7352696040224074,0.2647303959775926,20,easy,0.8990384615384616,0.86875,0.3031990888838553
crustbench,crustbench/crustbench-remimu,crustbench-remimu,0.7360966874316062,0.26390331256839383,22,easy,0.7147435769230769,0.6992424090909091,0.3442338041427735
gpqa-diamond,gpqa-diamond/gpqa-diamond-81,gpqa-diamond-81,0.7363475230390573,0.26365247696094274,18,hard,0.2070512692307692,0.2990740555555555,0.3882722166622667
swebench-multilingual,swebench-multilingual/swebench-multilingual-redis__redis-13338,swebench-multilingual-redis__redis-13338,0.7365505018707004,0.26344949812929963,14,hard,0.0544871538461538,0.1011904285714285,0.2140375030715459
featurebench-modal,featurebench-modal/featurebench-modal-huggingface__transformers.e2e8dbed.test_modeling_swin2sr.f5cba486.lv2,featurebench-modal-huggingface__transformers.e2e8dbed.test_modeling_swin2sr.f5cba486.lv2,0.7373748259115227,0.2626251740884773,26,hard,0.073076923076923,0.073076923076923,0.1630424491863588
reasoning-gym,reasoning-gym/reasoning-gym-algorithmic-spell-backward-hard0292e21f-seed45-2,reasoning-gym-algorithmic-spell-backward-hard0292e21f-seed45-2,0.7375398005734144,0.2624601994265856,19,easy,0.8931623846153844,0.853801157894737,0.2636590261357835
reasoning-gym,reasoning-gym/reasoning-gym-algorithmic-spell-backward-easy00cea0a5-seed45-2,reasoning-gym-algorithmic-spell-backward-easy00cea0a5-seed45-2,0.7375398005734144,0.2624601994265856,20,easy,0.8481482692307692,0.8292593,0.2021350597734346
bfcl,bfcl/bfcl-simple-python-161,bfcl-simple-python-161,0.7376774001883152,0.2623225998116848,26,easy,0.9307692307692306,0.9307692307692306,0.1658758357911371
bfcl,bfcl/bfcl-parallel-multiple-67,bfcl-parallel-multiple-67,0.7376774001883152,0.2623225998116848,26,saturated,0.9615384615384616,0.9615384615384616,0.0788226981996892
algotune,algotune/algotune-sha256-hashing,algotune-sha256-hashing,0.7377468351751053,0.2622531648248947,26,frontier,0.0350526151781129,0.0350526151781129,0.1723308024106614
bixbench,bixbench/bix-8-q7,bix-8-q7,0.7380915772025676,0.2619084227974324,20,hard,0.1634615384615384,0.1825,0.2093292860542929
bixbench,bixbench/bix-8-q3,bix-8-q3,0.7380915772025676,0.2619084227974324,20,medium,0.6314103076923078,0.63083335,0.3168541130744991
mmau,mmau/mmau-25941a11-499f-420c-a65c-26417a8378b4,mmau-25941a11-499f-420c-a65c-26417a8378b4,0.7387694513780656,0.2612305486219344,20,easy,0.7641025769230769,0.7533333500000001,0.2944674994328364
bfcl,bfcl/bfcl-live-irrelevance-641-203-1,bfcl-live-irrelevance-641-203-1,0.7387784856055641,0.26122151439443586,26,easy,0.8153846153846155,0.8153846153846155,0.2878197989826108
aider-polyglot,aider-polyglot/polyglot_python_react,polyglot_python_react,0.7388323144057172,0.26116768559428283,26,medium,0.3615384615384615,0.3615384615384615,0.3883663249650566
algotune,algotune/algotune-eigenvectors-complex,algotune-eigenvectors-complex,0.7389324704095505,0.26106752959044954,13,frontier,0.0117656568543423,0.0235313137086846,0.0815148618245676
algotune,algotune/algotune-rbf-interpolation,algotune-rbf-interpolation,0.7389324704095505,0.26106752959044954,22,frontier,0.0421585650599309,0.0498092167426861,0.1336571162917896
replicationbench,replicationbench/replicationbench-ver_waves__gaia_breathing_typical,replicationbench-ver_waves__gaia_breathing_typical,0.7389335066653339,0.26106649333466614,17,easy,0.7230769230769231,0.6823529411764707,0.3501853192032286
aider-polyglot,aider-polyglot/polyglot_java_pov,polyglot_java_pov,0.739474900363645,0.26052509963635495,26,hard,0.2480769230769231,0.2480769230769231,0.3476516739360427
gpqa-diamond,gpqa-diamond/gpqa-diamond-138,gpqa-diamond-138,0.7395013023849979,0.2604986976150021,20,medium,0.6826923076923077,0.6174999999999999,0.4368280554176894
gpqa-diamond,gpqa-diamond/gpqa-diamond-127,gpqa-diamond-127,0.7398583620190587,0.26014163798094125,18,medium,0.6858974999999999,0.6648148333333332,0.3604647587743495
medagentbench,medagentbench/medagentbench-task10_30,medagentbench-task10_30,0.7399222870162817,0.2600777129837183,20,medium,0.4923076923076923,0.4600000000000001,0.3168595903550972
replicationbench,replicationbench/replicationbench-chandra_representation__blackbody_spectral_fit,replicationbench-chandra_representation__blackbody_spectral_fit,0.7408443946343015,0.2591556053656985,17,hard,0.2980769230769231,0.35,0.3819454842528924
gpqa-diamond,gpqa-diamond/gpqa-diamond-158,gpqa-diamond-158,0.7408683283167041,0.25913167168329587,19,easy,0.7673076923076922,0.7552631578947369,0.3026226990815396
gaia,gaia/gaia-65da0822-a48a-4a68-bbad-8ed1b835a834,gaia-65da0822-a48a-4a68-bbad-8ed1b835a834,0.741072221723964,0.25892777827603597,26,medium,0.6153846153846153,0.6153846153846153,0.3919304370109845
crustbench,crustbench/crustbench-hamta,crustbench-hamta,0.7412962503351976,0.25870374966480236,23,medium,0.3051282307692308,0.3188406086956522,0.3630022817900184
mmau,mmau/mmau-13cd0db2-cb58-4141-886c-398f59a874cd,mmau-13cd0db2-cb58-4141-886c-398f59a874cd,0.7413387522027806,0.25866124779721944,20,easy,0.7846153846153846,0.7500000000000001,0.33391615714128
seal0,seal0/seal0-62,seal0-62,0.7414989042310608,0.2585010957689392,26,medium,0.5544871923076923,0.5544871923076923,0.3923836271198045
algotune,algotune/algotune-lu-factorization,algotune-lu-factorization,0.7415054771786195,0.2584945228213805,23,frontier,0.0493439446488986,0.0557801113422333,0.1124582081202853
reasoning-gym,reasoning-gym/reasoning-gym-games-n-queens-hard0292e21f-seed45-1,reasoning-gym-games-n-queens-hard0292e21f-seed45-1,0.7416653197086936,0.25833468029130635,20,hard,0.2769230769230769,0.3,0.3376388603226826
seal0,seal0/seal0-86,seal0-86,0.7425870294261021,0.2574129705738979,26,medium,0.4576923076923077,0.4576923076923077,0.4280304418748713
gpqa-diamond,gpqa-diamond/gpqa-diamond-183,gpqa-diamond-183,0.7429620816297082,0.2570379183702918,17,medium,0.6602565384615384,0.6568627647058823,0.3497458851222479
bixbench,bixbench/bix-3-q5,bix-3-q5,0.7430612365820692,0.25693876341793076,20,easy,0.8192307692307692,0.7950000000000002,0.2433618704727591
crustbench,crustbench/crustbench-carrays,crustbench-carrays,0.7434521426664761,0.2565478573335239,24,saturated,0.9846153846153848,0.9833333333333334,0.0552770798392566
crustbench,crustbench/crustbench-simple-config,crustbench-simple-config,0.7434521426664761,0.2565478573335239,26,easy,0.8999999999999999,0.8999999999999999,0.1941450686788302
featurebench-modal,featurebench-modal/featurebench-modal-mwaskom__seaborn.7001ebe7.test_line.25304a8b.lv1,featurebench-modal-mwaskom__seaborn.7001ebe7.test_line.25304a8b.lv1,0.7437673738049934,0.25623262619500664,26,hard,0.1423076923076923,0.1423076923076923,0.2963535790014729
featurebench-modal,featurebench-modal/featurebench-modal-sphinx-doc__sphinx.e347e59c.test_build_gettext.2721e644.lv1,featurebench-modal-sphinx-doc__sphinx.e347e59c.test_build_gettext.2721e644.lv1,0.7437673738049934,0.25623262619500664,25,hard,0.1615384615384615,0.168,0.3440581346226244
seal0,seal0/seal0-41,seal0-41,0.743828180619041,0.256171819380959,26,hard,0.210897423076923,0.210897423076923,0.2650972310243593
aime,aime/aime_82,aime_82,0.7442465618696557,0.25575343813034435,20,easy,0.8237179615384614,0.8008333499999999,0.2429263056406767
aime,aime/aime_71,aime_71,0.7442465618696557,0.25575343813034435,20,easy,0.9000000000000001,0.8700000000000001,0.2027313493271329
simpleqa,simpleqa/simpleqa-4196,simpleqa-4196,0.7448053093705421,0.2551946906294579,20,easy,0.8461538461538461,0.7999999999999999,0.3162277660168379
aider-polyglot,aider-polyglot/polyglot_python_poker,polyglot_python_poker,0.745347529973446,0.254652470026554,26,medium,0.6230769230769231,0.6230769230769231,0.3434079120853802
labbench,labbench/labbench-figqa-0109,labbench-figqa-0109,0.7454362643415818,0.25456373565841817,20,hard,0.0692307692307692,0.09,0.1946792233393178
gpqa-diamond,gpqa-diamond/gpqa-diamond-147,gpqa-diamond-147,0.7455146630883157,0.2544853369116843,19,hard,0.1628205,0.222807,0.3625853556974006
swtbench,swtbench/swtbench-django__django-14631,swtbench-django__django-14631,0.7459260484724043,0.2540739515275957,13,hard,0.2076923076923077,0.2153846153846154,0.2769230769230769
swebench-multilingual,swebench-multilingual/swebench-multilingual-axios__axios-6539,swebench-multilingual-axios__axios-6539,0.7459664113409912,0.2540335886590088,16,hard,0.1711538461538461,0.278125,0.405034238521881
bixbench,bixbench/bix-49-q1,bix-49-q1,0.7461887609651436,0.25381123903485636,20,frontier,0.0307692307692307,0.04,0.08
mmmlu,mmmlu/mmmlu-bn-bd-00013,mmmlu-bn-bd-00013,0.7462025497635374,0.2537974502364626,18,easy,0.8974359230769231,0.8518518888888889,0.2771598039531003
gpqa-diamond,gpqa-diamond/gpqa-diamond-178,gpqa-diamond-178,0.7462956013782687,0.25370439862173133,18,easy,0.7448718076923077,0.7203703888888889,0.3361251370402826
spider2,spider2/spider2-f1002,spider2-f1002,0.7466273291744536,0.2533726708255464,16,medium,0.3307692307692307,0.4125,0.4442338910979215
spider2,spider2/spider2-workday001,spider2-workday001,0.7466273291744536,0.2533726708255464,14,medium,0.4000000000000001,0.4857142857142857,0.4580348440537542
gaia,gaia/gaia-4b6bb5f7-f634-410e-815d-e673ab7f8632,gaia-4b6bb5f7-f634-410e-815d-e673ab7f8632,0.7467626395818567,0.25323736041814326,20,hard,0.1346153846153846,0.175,0.2754541704167864
simpleqa,simpleqa/simpleqa-2453,simpleqa-2453,0.7470119742669981,0.25298802573300194,20,easy,0.7692307692307693,0.73,0.3593048844644337
mmmlu,mmmlu/mmmlu-yo-ng-00146,mmmlu-yo-ng-00146,0.7471869352674747,0.2528130647325253,20,hard,0.2153846153846154,0.28,0.3762977544445355
aider-polyglot,aider-polyglot/polyglot_rust_accumulate,polyglot_rust_accumulate,0.7472281908036991,0.25277180919630093,26,medium,0.3615384615384615,0.3615384615384615,0.4076923076923077
aider-polyglot,aider-polyglot/polyglot_python_wordy,polyglot_python_wordy,0.7478313522326456,0.25216864776735437,26,hard,0.2538461538461539,0.2538461538461539,0.3660924318243321
gpqa-diamond,gpqa-diamond/gpqa-diamond-121,gpqa-diamond-121,0.7478523304656132,0.25214766953438683,18,medium,0.4294871923076923,0.4425926111111111,0.3688161947747503
gpqa-diamond,gpqa-diamond/gpqa-diamond-102,gpqa-diamond-102,0.7478523304656132,0.25214766953438683,20,hard,0.2,0.2,0.2097617696340303
mmmlu,mmmlu/mmmlu-zh-cn-00125,mmmlu-zh-cn-00125,0.7478750525273825,0.2521249474726175,18,easy,0.7884615384615384,0.6944444444444444,0.416666681481496
swtbench,swtbench/swtbench-pydata__xarray-6721,swtbench-pydata__xarray-6721,0.7485171799286259,0.2514828200713741,12,hard,0.0788461538461538,0.1708333333333333,0.2295451420139886
algotune,algotune/algotune-clustering-outliers,algotune-clustering-outliers,0.7485210572529534,0.25147894274704663,25,hard,0.0723131714246008,0.0752056982815848,0.2174868452602564
spider2,spider2/spider2-shopify_holistic_reporting001,spider2-shopify_holistic_reporting001,0.7486010532052474,0.2513989467947526,15,hard,0.2737179615384615,0.3277778,0.3737530910727383
gpqa-diamond,gpqa-diamond/gpqa-diamond-126,gpqa-diamond-126,0.7487200400812457,0.2512799599187543,19,medium,0.5217948846153846,0.5298245789473683,0.3791179016869381
gpqa-diamond,gpqa-diamond/gpqa-diamond-170,gpqa-diamond-170,0.7487200400812457,0.2512799599187543,20,medium,0.6500000384615384,0.655,0.3380130010648998
reasoning-gym,reasoning-gym/reasoning-gym-algorithmic-caesar-cipher-easy00cea0a5-seed45-2,reasoning-gym-algorithmic-caesar-cipher-easy00cea0a5-seed45-2,0.7487526352537436,0.2512473647462564,20,medium,0.6664172692307694,0.6863424499999999,0.2922035321635375
reasoning-gym,reasoning-gym/reasoning-gym-algorithmic-rotten-oranges-hard0292e21f-seed45-1,reasoning-gym-algorithmic-rotten-oranges-hard0292e21f-seed45-1,0.7487526352537436,0.2512473647462564,20,medium,0.6384615384615385,0.65,0.3788139384975162
gaia,gaia/gaia-a7feb290-76bb-4cb7-8800-7edaf7954f2f,gaia-a7feb290-76bb-4cb7-8800-7edaf7954f2f,0.7487989906905373,0.25120100930946265,20,hard,0.2038461538461538,0.235,0.295423424934449
simpleqa,simpleqa/simpleqa-2349,simpleqa-2349,0.749100697535021,0.25089930246497905,20,medium,0.5769230769230769,0.5399999999999999,0.4152107898405339
swebench-multilingual,swebench-multilingual/swebench-multilingual-caddyserver__caddy-6051,swebench-multilingual-caddyserver__caddy-6051,0.7492250059238583,0.2507749940761417,14,hard,0.0576923076923076,0.1071428571428571,0.2789374884252377
gaia,gaia/gaia-17b5a6a3-bc87-42e8-b0fb-6ab0781ef2cc,gaia-17b5a6a3-bc87-42e8-b0fb-6ab0781ef2cc,0.7496204896087533,0.25037951039124673,26,medium,0.644230769230769,0.644230769230769,0.3888659357366384
aime,aime/aime_ii-4,aime_ii-4,0.7500774987110239,0.24992250128897608,20,saturated,0.9692307692307692,0.96,0.1019803902718557
featurebench-modal,featurebench-modal/featurebench-modal-mlflow__mlflow.93dab383.test_databricks_adapter.3b72f337.lv1,featurebench-modal-mlflow__mlflow.93dab383.test_databricks_adapter.3b72f337.lv1,0.7501310630907405,0.2498689369092595,25,medium,0.3679487307692308,0.38266668,0.4258450511316735
spider2,spider2/spider2-google_play001,spider2-google_play001,0.7508581642689081,0.24914183573109194,16,hard,0.1519230769230769,0.2468749999999999,0.3370222312771073
gaia,gaia/gaia-db4fd70a-2d37-40ea-873f-9433dc5e301f,gaia-db4fd70a-2d37-40ea-873f-9433dc5e301f,0.7512839859319348,0.2487160140680652,20,medium,0.3788461538461538,0.3725,0.2690144048187754
aime,aime/aime_85,aime_85,0.7520048974230845,0.24799510257691548,20,easy,0.8025641153846154,0.77333335,0.3036079284574556
aime,aime/aime_ii-7,aime_ii-7,0.7520048974230845,0.24799510257691548,20,easy,0.7769230769230769,0.77,0.2776688675382964
aider-polyglot,aider-polyglot/polyglot_javascript_killer-sudoku-helper,polyglot_javascript_killer-sudoku-helper,0.7520359991468026,0.24796400085319736,26,medium,0.676923076923077,0.676923076923077,0.3765304077083205
algotune,algotune/algotune-base64-encoding,algotune-base64-encoding,0.7524065421337519,0.2475934578662481,25,frontier,0.0460492244088873,0.0478911933852428,0.1485058181374186
algotune,algotune/algotune-rotate-2d,algotune-rotate-2d,0.7524065421337519,0.2475934578662481,22,hard,0.0500516903528115,0.0591519976896863,0.151567621036954
gpqa-diamond,gpqa-diamond/gpqa-diamond-13,gpqa-diamond-13,0.7524925937820867,0.24750740621791334,19,easy,0.9192307692307692,0.8894736842105262,0.2531792309643304
gaia,gaia/gaia-d0633230-7067-47a9-9dbf-ee11e0a2cdd6,gaia-d0633230-7067-47a9-9dbf-ee11e0a2cdd6,0.7528215406858615,0.2471784593141385,20,medium,0.3307692307692307,0.3625,0.3488821434238215
simpleqa,simpleqa/simpleqa-348,simpleqa-348,0.7533550356804452,0.24664496431955485,20,medium,0.4384615384615384,0.48,0.4214261501141095
swebench-multilingual,swebench-multilingual/swebench-multilingual-projectlombok__lombok-3594,swebench-multilingual-projectlombok__lombok-3594,0.7536623743601516,0.2463376256398484,14,medium,0.5,0.5,0.4629100498862757
livecodebench,livecodebench/livecodebench-3779,livecodebench-3779,0.7538028130704345,0.2461971869295655,17,medium,0.3814102692307692,0.4509804117647059,0.4609407419082719
labbench,labbench/labbench-figqa-0009,labbench-figqa-0009,0.7538831264458495,0.24611687355415046,13,medium,0.3923076923076924,0.3846153846153847,0.3084605793194372
algotune,algotune/algotune-cumulative-simpson-multid,algotune-cumulative-simpson-multid,0.7539485804459443,0.24605141955405574,25,hard,0.2631909286177102,0.265920903135461,0.27539126496223
algotune,algotune/algotune-fft-real-scipy-fftpack,algotune-fft-real-scipy-fftpack,0.7539485804459443,0.24605141955405574,25,hard,0.1612121308767301,0.1624957859090152,0.1654451213472361
swebench-multilingual,swebench-multilingual/swebench-multilingual-prometheus__prometheus-14861,swebench-multilingual-prometheus__prometheus-14861,0.7540131218729407,0.24598687812705933,13,hard,0.1602564230769231,0.3205128461538462,0.4259807317548973
featurebench-modal,featurebench-modal/featurebench-modal-mwaskom__seaborn.7001ebe7.test_statistics.0f2ae277.lv1,featurebench-modal-mwaskom__seaborn.7001ebe7.test_statistics.0f2ae277.lv1,0.7540182390829083,0.24598176091709167,26,hard,0.2596153846153846,0.2596153846153846,0.4038324173487997
aime,aime/aime_i-10,aime_i-10,0.7541655217386953,0.24583447826130467,19,medium,0.674359076923077,0.6771929999999999,0.3442175003317402
simpleqa,simpleqa/simpleqa-946,simpleqa-946,0.7542512387425776,0.2457487612574224,20,medium,0.6846153846153846,0.65,0.3456877203488721
seal0,seal0/seal0-51,seal0-51,0.754296502790273,0.24570349720972695,26,medium,0.6365384230769231,0.6365384230769231,0.3481336172131849
featurebench-modal,featurebench-modal/featurebench-modal-linkedin__liger-kernel.c856fbab.test_layer_norm.ed322799.lv1,featurebench-modal-linkedin__liger-kernel.c856fbab.test_layer_norm.ed322799.lv1,0.7544967946749425,0.24550320532505754,26,medium,0.3160256153846154,0.3160256153846154,0.4046862435516297
algotune,algotune/algotune-ode-lotkavolterra,algotune-ode-lotkavolterra,0.7545797619134587,0.24542023808654134,22,medium,0.5939600688753519,0.5709723113678625,0.305076281628058
lawbench,lawbench/lawbench-3-6-18-one-shot,lawbench-3-6-18-one-shot,0.7546490955099066,0.24535090449009345,20,medium,0.6653846153846155,0.655,0.1697203582367183
labbench,labbench/labbench-figqa-0137,labbench-figqa-0137,0.7551476239016442,0.24485237609835575,13,frontier,0.023076923076923,0.0461538461538461,0.1151279195930443
reasoning-gym,reasoning-gym/reasoning-gym-arithmetic-leg-counting-hard0292e21f-seed45-2,reasoning-gym-arithmetic-leg-counting-hard0292e21f-seed45-2,0.7559642071095232,0.24403579289047683,20,medium,0.4538461538461538,0.47,0.4439594576084623
gaia,gaia/gaia-7d4a7d1d-cac6-44a8-96e8-ea9584a70825,gaia-7d4a7d1d-cac6-44a8-96e8-ea9584a70825,0.7564447989514493,0.24355520104855066,20,medium,0.4615384615384616,0.4800000000000001,0.354400902933387
aime,aime/aime_i-6,aime_i-6,0.7566603015746047,0.24333969842539527,18,easy,0.9346153846153844,0.9055555555555554,0.189948011080875
gpqa-diamond,gpqa-diamond/gpqa-diamond-173,gpqa-diamond-173,0.7568539280223793,0.24314607197762073,19,saturated,0.9564102692307692,0.940350894736842,0.122153611117915
bfcl,bfcl/bfcl-live-irrelevance-759-270-0,bfcl-live-irrelevance-759-270-0,0.7571651894575834,0.24283481054241662,26,easy,0.9461538461538462,0.9461538461538462,0.1622694085363768
ineqmath,ineqmath/ineqmath-76,ineqmath-76,0.7572271193946715,0.24277288060532853,15,easy,0.9451923076923076,0.905,0.1528070678993612
mmmlu,mmmlu/mmmlu-sw-ke-00131,mmmlu-sw-ke-00131,0.7573150706830902,0.24268492931690977,17,hard,0.0769230769230769,0.1176470588235294,0.3221897397089212
mmmlu,mmmlu/mmmlu-pt-br-00111,mmmlu-pt-br-00111,0.7573150706830902,0.24268492931690977,18,hard,0.1089743461538461,0.1574073888888889,0.2803889500424443
seal0,seal0/seal0-97,seal0-97,0.7575111246351587,0.24248887536484132,26,medium,0.5903846153846154,0.5903846153846154,0.3165712905263905
reasoning-gym,reasoning-gym/reasoning-gym-algorithmic-manipulate-matrix-hard0292e21f-seed45-2,reasoning-gym-algorithmic-manipulate-matrix-hard0292e21f-seed45-2,0.7575147414133121,0.2424852585866879,20,medium,0.587148576923077,0.58329315,0.3662712869616283
gpqa-diamond,gpqa-diamond/gpqa-diamond-17,gpqa-diamond-17,0.7579588409008321,0.2420411590991679,19,hard,0.1038461538461538,0.1421052631578947,0.3167529162806542
reasoning-gym,reasoning-gym/reasoning-gym-geometry-advanced-geometry-hard0292e21f-seed45-1,reasoning-gym-geometry-advanced-geometry-hard0292e21f-seed45-1,0.7581305092377277,0.24186949076227227,12,medium,0.578076923076923,0.5233333333333333,0.4588270068579466
featurebench-modal,featurebench-modal/featurebench-modal-sympy__sympy.c1097516.test_runtests_pytest.71d43c5f.lv1,featurebench-modal-sympy__sympy.c1097516.test_runtests_pytest.71d43c5f.lv1,0.7583263186689008,0.24167368133109923,26,medium,0.3301281923076923,0.3301281923076923,0.3897736365568748
medagentbench,medagentbench/medagentbench-task10_8,medagentbench-task10_8,0.7584381021064224,0.24156189789357763,20,medium,0.3384615384615385,0.38,0.3682390527904394
gpqa-diamond,gpqa-diamond/gpqa-diamond-180,gpqa-diamond-180,0.7586529731042445,0.2413470268957555,17,easy,0.8307692307692308,0.7411764705882353,0.3804932147952053
replicationbench,replicationbench/replicationbench-eht_resolve__eht_ring_width,replicationbench-eht_resolve__eht_ring_width,0.7587226935990116,0.24127730640098843,17,hard,0.2557692307692308,0.2852941176470588,0.3420374531789795
swebench-multilingual,swebench-multilingual/swebench-multilingual-prometheus__prometheus-15142,swebench-multilingual-prometheus__prometheus-15142,0.7591255949094259,0.24087440509057412,14,medium,0.3705127307692308,0.3738095,0.3840425289716808
reasoning-gym,reasoning-gym/reasoning-gym-games-sokoban-hard0292e21f-seed45-0,reasoning-gym-games-sokoban-hard0292e21f-seed45-0,0.7593802491746166,0.24061975082538345,20,hard,0.2179487307692307,0.22333335,0.2652252989860271
featurebench-modal,featurebench-modal/featurebench-modal-mlflow__mlflow.93dab383.test_client_webhooks.75e39b52.lv1,featurebench-modal-mlflow__mlflow.93dab383.test_client_webhooks.75e39b52.lv1,0.7595387428459985,0.24046125715400146,25,frontier,0.0301281923076923,0.03133332,0.0869635476124197
aider-polyglot,aider-polyglot/polyglot_go_food-chain,polyglot_go_food-chain,0.7597047922386186,0.24029520776138136,26,medium,0.6230769230769231,0.6230769230769231,0.3492383936815965
gaia,gaia/gaia-e9a2c537-8232-4c3f-85b0-b52de6bcba99,gaia-e9a2c537-8232-4c3f-85b0-b52de6bcba99,0.7597097225012212,0.24029027749877885,26,easy,0.7615384615384616,0.7615384615384616,0.3638225720118605
bixbench,bixbench/bix-18-q2,bix-18-q2,0.7598952442347433,0.2401047557652567,20,saturated,0.9692307692307692,0.96,0.1743559577416269
simpleqa,simpleqa/simpleqa-173,simpleqa-173,0.7600872857580607,0.23991271424193927,20,easy,0.823076923076923,0.8,0.303315017762062
reasoning-gym,reasoning-gym/reasoning-gym-algorithmic-count-primes-easy00cea0a5-seed45-1,reasoning-gym-algorithmic-count-primes-easy00cea0a5-seed45-1,0.7601030088211888,0.23989699117881125,12,easy,0.944930076923077,0.8806818333333334,0.2072890265554487
crustbench,crustbench/crustbench-gorilla-paper-encode,crustbench-gorilla-paper-encode,0.7601891293300648,0.23981087066993523,23,medium,0.5403846153846154,0.532608695652174,0.4052934244771134
kumo,kumo/kumo-pollutionenv-t4-a6-v1-s0,kumo-pollutionenv-t4-a6-v1-s0,0.7603757277038289,0.23962427229617111,17,easy,0.8974359230769231,0.8431372941176472,0.2769499140674579
kumo,kumo/kumo-stellarenv-t4-a6-v1-s1,kumo-stellarenv-t4-a6-v1-s1,0.7603757277038289,0.23962427229617111,18,saturated,0.9903846153846154,0.9861111111111112,0.0572653559113564
swtbench,swtbench/swtbench-django__django-14765,swtbench-django__django-14765,0.7605556900449423,0.23944430995505772,12,medium,0.6,0.6,0.3162277660168379
gpqa-diamond,gpqa-diamond/gpqa-diamond-182,gpqa-diamond-182,0.7608688125090715,0.23913118749092854,20,easy,0.8307692307692307,0.78,0.31559467676119
kumo,kumo/kumo-sorcererenv-t4-a6-v1-s0,kumo-sorcererenv-t4-a6-v1-s0,0.7610606247204565,0.23893937527954345,17,hard,0.1826923076923076,0.2794117647058823,0.3417338246653603
gaia,gaia/gaia-14569e28-c88c-43e4-8c32-097d35b9a67d,gaia-14569e28-c88c-43e4-8c32-097d35b9a67d,0.7614571954212569,0.2385428045787431,20,hard,0.2538461538461538,0.2700000000000001,0.2917190429162964
labbench,labbench/labbench-figqa-0104,labbench-figqa-0104,0.7617915185573094,0.23820848144269058,13,hard,0.176923076923077,0.1538461538461538,0.178089798504465
omnimath,omnimath/omnimath_3119,omnimath_3119,0.7625542168276352,0.23744578317236475,26,saturated,0.9769230769230768,0.9769230769230768,0.0846153846153846
simpleqa,simpleqa/simpleqa-1471,simpleqa-1471,0.762892901417893,0.237107098582107,20,easy,0.8230769230769232,0.8300000000000001,0.2304343724360581
aider-polyglot,aider-polyglot/polyglot_go_forth,polyglot_go_forth,0.7633820591450782,0.23661794085492183,26,medium,0.3,0.3,0.3971049076658556
crustbench,crustbench/crustbench-lambda-calculus-eval,crustbench-lambda-calculus-eval,0.764032323302217,0.23596767669778296,22,medium,0.6871794999999999,0.6666666818181819,0.3634848169060394
algotune,algotune/algotune-sparse-lowest-eigenvalues-posdef,algotune-sparse-lowest-eigenvalues-posdef,0.7644938396456642,0.2355061603543358,22,hard,0.0603008745419949,0.0710868230329545,0.1144513873122206
algotune,algotune/algotune-sparse-lowest-eigenvectors-posdef,algotune-sparse-lowest-eigenvectors-posdef,0.7644938396456642,0.2355061603543358,22,frontier,0.0348552900217776,0.0411926154802827,0.079478753900351
gaia,gaia/gaia-0bb3b44a-ede5-4db5-a520-4e844b0079c5,gaia-0bb3b44a-ede5-4db5-a520-4e844b0079c5,0.7645422670983598,0.23545773290164018,20,medium,0.5134615384615384,0.5175000000000001,0.390280347955159
featurebench-modal,featurebench-modal/featurebench-modal-pandas-dev__pandas.82fa2715.test_string.dcfa24ea.lv1,featurebench-modal-pandas-dev__pandas.82fa2715.test_string.dcfa24ea.lv1,0.7645930403252202,0.23540695967477976,26,hard,0.1903846153846154,0.1903846153846154,0.3497304541107971
featurebench-modal,featurebench-modal/featurebench-modal-pandas-dev__pandas.82fa2715.test_nlargest_nsmallest.08e879a9.lv1,featurebench-modal-pandas-dev__pandas.82fa2715.test_nlargest_nsmallest.08e879a9.lv1,0.7645930403252202,0.23540695967477976,26,hard,0.2230769230769231,0.2230769230769231,0.3467516206026044
replicationbench,replicationbench/replicationbench-abacus__lattice_force_error,replicationbench-abacus__lattice_force_error,0.7646108355629555,0.2353891644370445,17,medium,0.3403846153846154,0.388235294117647,0.3672350632707908
mmmlu,mmmlu/mmmlu-hi-in-00064,mmmlu-hi-in-00064,0.7647269894726096,0.23527301052739036,19,easy,0.9070512692307692,0.872807,0.2990829635963555
gpqa-diamond,gpqa-diamond/gpqa-diamond-117,gpqa-diamond-117,0.7652623671344307,0.23473763286556926,19,easy,0.9346153846153846,0.9105263157894736,0.1860807318911967
usaco,usaco/usaco-866,usaco-866,0.7655235895945238,0.23447641040547618,18,hard,0.2153846153846153,0.2666666666666667,0.3131382371342656
gpqa-diamond,gpqa-diamond/gpqa-diamond-186,gpqa-diamond-186,0.7656188350396312,0.23438116496036876,19,hard,0.2557692307692308,0.35,0.4331646095277965
aider-polyglot,aider-polyglot/polyglot_rust_dot-dsl,polyglot_rust_dot-dsl,0.7657325360748626,0.23426746392513742,26,hard,0.2461538461538461,0.2461538461538461,0.3692307692307692
aider-polyglot,aider-polyglot/polyglot_javascript_food-chain,polyglot_javascript_food-chain,0.7657757010408421,0.23422429895915786,26,medium,0.4442307692307692,0.4442307692307692,0.40342927201034
gpqa-diamond,gpqa-diamond/gpqa-diamond-56,gpqa-diamond-56,0.7663560447348132,0.23364395526518678,20,easy,0.8692307692307693,0.8300000000000001,0.2304343724360582
labbench,labbench/labbench-figqa-0044,labbench-figqa-0044,0.7668279861705508,0.2331720138294492,13,medium,0.4615384615384616,0.5230769230769231,0.3640664481907456
aider-polyglot,aider-polyglot/polyglot_python_pov,polyglot_python_pov,0.7672484232716903,0.2327515767283097,26,medium,0.3846153846153846,0.3846153846153846,0.3919304370109845
reasoning-gym,reasoning-gym/reasoning-gym-games-puzzle24-easy00cea0a5-seed45-1,reasoning-gym-games-puzzle24-easy00cea0a5-seed45-1,0.7675074440190557,0.23249255598094432,20,saturated,0.952,0.9376,0.0958719979973297
reasoning-gym,reasoning-gym/reasoning-gym-induction-acre-hard0292e21f-seed45-1,reasoning-gym-induction-acre-hard0292e21f-seed45-1,0.7675074440190557,0.23249255598094432,12,easy,0.8846153846153846,0.75,0.3818813079129867
reasoning-gym,reasoning-gym/reasoning-gym-games-emoji-mystery-hard0292e21f-seed45-1,reasoning-gym-games-emoji-mystery-hard0292e21f-seed45-1,0.7678165461521623,0.23218345384783767,12,easy,0.9311538461538462,0.8508333333333334,0.3357940423665805
livecodebench,livecodebench/livecodebench-abc330_e,livecodebench-abc330_e,0.7680015824581277,0.23199841754187234,18,easy,0.9153846153846156,0.8777777777777778,0.201537301635745
aider-polyglot,aider-polyglot/polyglot_java_book-store,polyglot_java_book-store,0.7682087737793246,0.23179122622067538,26,easy,0.7076923076923077,0.7076923076923077,0.3812157444111959
lawbench,lawbench/lawbench-2-10-17-one-shot,lawbench-2-10-17-one-shot,0.7686597851914241,0.23134021480857592,20,medium,0.5621127307692309,0.55494655,0.150401761388115
gaia,gaia/gaia-56137764-b4e0-45b8-9c52-1866420c3df5,gaia-56137764-b4e0-45b8-9c52-1866420c3df5,0.7693634603678834,0.2306365396321166,20,medium,0.5769230769230769,0.57,0.375632799419859
seal0,seal0/seal0-77,seal0-77,0.769467580406375,0.23053241959362503,26,medium,0.6217948846153847,0.6217948846153847,0.4058274570367907
gpqa-diamond,gpqa-diamond/gpqa-diamond-18,gpqa-diamond-18,0.7700247642553177,0.22997523574468226,18,medium,0.5692307692307692,0.5777777777777778,0.3923654129557683
mmau,mmau/mmau-1ee237cc-3520-4e79-9644-195a5abc8581,mmau-1ee237cc-3520-4e79-9644-195a5abc8581,0.7701227267812853,0.22987727321871465,20,easy,0.8365384615384616,0.7875,0.318541598539343
reasoning-gym,reasoning-gym/reasoning-gym-algebra-polynomial-equations-easy00cea0a5-seed45-0,reasoning-gym-algebra-polynomial-equations-easy00cea0a5-seed45-0,0.7702224953104039,0.22977750468959612,12,easy,0.9099167692307694,0.8052571666666668,0.3715228012668117
reasoning-gym,reasoning-gym/reasoning-gym-arithmetic-prime-factorization-hard0292e21f-seed45-2,reasoning-gym-arithmetic-prime-factorization-hard0292e21f-seed45-2,0.7702224953104039,0.22977750468959612,13,easy,0.8846153846153846,0.7692307692307693,0.4213250442347431
seal0,seal0/seal0-45,seal0-45,0.7702833084465406,0.22971669155345942,26,medium,0.3230769230769231,0.3230769230769231,0.3600829950353244
seal0,seal0/seal0-110,seal0-110,0.7702833084465406,0.22971669155345942,26,medium,0.4384615384615384,0.4384615384615384,0.3646145731896196
aider-polyglot,aider-polyglot/polyglot_javascript_palindrome-products,polyglot_javascript_palindrome-products,0.7703913604745249,0.22960863952547506,26,medium,0.6461538461538461,0.6461538461538461,0.4307692307692308
mmmlu,mmmlu/mmmlu-yo-ng-00144,mmmlu-yo-ng-00144,0.7706250502464957,0.22937494975350425,18,easy,0.8615384615384616,0.8,0.3492496542412986
mmmlu,mmmlu/mmmlu-hi-in-00065,mmmlu-hi-in-00065,0.7706250502464957,0.22937494975350425,20,hard,0.0576923076923076,0.075,0.2384848003542364
algotune,algotune/algotune-cholesky-factorization,algotune-cholesky-factorization,0.7708143107492096,0.22918568925079041,25,hard,0.2913721260003939,0.2889390528638214,0.2017380858738916
algotune,algotune/algotune-fft-cmplx-scipy-fftpack,algotune-fft-cmplx-scipy-fftpack,0.7708143107492096,0.22918568925079041,25,medium,0.4389838597389606,0.4341895771986907,0.2994192093486157
gpqa-diamond,gpqa-diamond/gpqa-diamond-91,gpqa-diamond-91,0.7710367970565011,0.22896320294349892,19,easy,0.8346153846153845,0.7736842105263158,0.3237804734906823
bixbench,bixbench/bix-16-q3,bix-16-q3,0.7710761153313711,0.2289238846686289,20,frontier,0.0173076923076923,0.0225,0.0679613860953409
gpqa-diamond,gpqa-diamond/gpqa-diamond-65,gpqa-diamond-65,0.7710761153313713,0.22892388466862867,18,saturated,0.9653846153846154,0.95,0.1424000624219588
gaia,gaia/gaia-5a0c1adf-205e-4841-a666-7c3ef95def9d,gaia-5a0c1adf-205e-4841-a666-7c3ef95def9d,0.7711902111173726,0.22880978888262737,20,easy,0.7211538461538461,0.6975,0.3709700122651425
reasoning-gym,reasoning-gym/reasoning-gym-code-bf-hard0292e21f-seed45-2,reasoning-gym-code-bf-hard0292e21f-seed45-2,0.7715521116310978,0.22844788836890217,12,medium,0.6025643076923077,0.5277778333333334,0.4606423487444522
reasoning-gym,reasoning-gym/reasoning-gym-algorithmic-string-manipulation-easy00cea0a5-seed45-2,reasoning-gym-algorithmic-string-manipulation-easy00cea0a5-seed45-2,0.7715521116310978,0.22844788836890217,12,medium,0.5642775,0.4837121666666666,0.4281910208993242
kumo,kumo/kumo-fantasyenv-t12-a16-v1-s1,kumo-fantasyenv-t12-a16-v1-s1,0.7719566861668297,0.22804331383317034,20,easy,0.7083333461538461,0.65833335,0.3969501791437151
simpleqa,simpleqa/simpleqa-3056,simpleqa-3056,0.7720832536856647,0.22791674631433534,20,medium,0.3615384615384615,0.41,0.4217819341792628
aime,aime/aime_ii-14,aime_ii-14,0.7723557173225012,0.2276442826774988,19,easy,0.7903846153846152,0.7131578947368421,0.3959804970154723
ineqmath,ineqmath/ineqmath-67,ineqmath-67,0.7724039739291888,0.2275960260708112,15,easy,0.762500076923077,0.7105555666666666,0.3001923297273969
livecodebench,livecodebench/livecodebench-arc182_e,livecodebench-arc182_e,0.772540606658494,0.227459393341506,15,medium,0.5,0.5,0.4830458915396479
aider-polyglot,aider-polyglot/polyglot_java_simple-linked-list,polyglot_java_simple-linked-list,0.7727700411816247,0.22722995881837527,26,hard,0.2615384615384615,0.2615384615384615,0.4179408525294192
algotune,algotune/algotune-qp,algotune-qp,0.7728828950417055,0.2271171049582945,21,hard,0.2454277297632113,0.2390449418084712,0.1229214380759995
aime,aime/aime_62,aime_62,0.7732777008742139,0.22672229912578612,20,easy,0.7326923076923078,0.6824999999999999,0.367856969486783
reasoning-gym,reasoning-gym/reasoning-gym-algorithmic-palindrome-partitioning-easy00cea0a5-seed45-1,reasoning-gym-algorithmic-palindrome-partitioning-easy00cea0a5-seed45-1,0.7740421495753996,0.22595785042460037,20,easy,0.8076923076923077,0.75,0.3734969879396619
algotune,algotune/algotune-ode-stiff-robertson,algotune-ode-stiff-robertson,0.7741120114936226,0.22588798850637737,22,medium,0.4580238317124679,0.4254183983824752,0.3420003943439099
algotune,algotune/algotune-pagerank,algotune-pagerank,0.7741120114936226,0.22588798850637737,22,medium,0.3592797421608361,0.3379982359872155,0.2929680338664083
livecodebench,livecodebench/livecodebench-abc384_f,livecodebench-abc384_f,0.7745586689695471,0.22544133103045294,17,easy,0.8884615384615385,0.8294117647058824,0.2216640433107855
livecodebench,livecodebench/livecodebench-3765,livecodebench-3765,0.7745586689695471,0.22544133103045294,16,easy,0.8788461538461539,0.803125,0.3402520894498666
labbench,labbench/labbench-figqa-0002,labbench-figqa-0002,0.7751531470633903,0.22484685293660966,13,hard,0.0923076923076923,0.1846153846153846,0.3182793979319569
featurebench-modal,featurebench-modal/featurebench-modal-pandas-dev__pandas.82fa2715.test_struct_accessor.3b465152.lv1,featurebench-modal-pandas-dev__pandas.82fa2715.test_struct_accessor.3b465152.lv1,0.7752223176308592,0.22477768236914075,26,hard,0.185897423076923,0.185897423076923,0.3200124239965804
reasoning-gym,reasoning-gym/reasoning-gym-algorithmic-isomorphic-strings-hard0292e21f-seed45-1,reasoning-gym-algorithmic-isomorphic-strings-hard0292e21f-seed45-1,0.7752466140039177,0.2247533859960823,20,easy,0.8615384615384615,0.82,0.2821347195933176
reasoning-gym,reasoning-gym/reasoning-gym-arithmetic-lcm-hard0292e21f-seed45-1,reasoning-gym-arithmetic-lcm-hard0292e21f-seed45-1,0.7752466140039177,0.2247533859960823,20,easy,0.9230769230769232,0.9,0.2049390153191919
usaco,usaco/usaco-1068,usaco-1068,0.7757116496921923,0.2242883503078077,19,hard,0.0846153846153846,0.1157894736842105,0.2777032833320614
bixbench,bixbench/bix-7-q2,bix-7-q2,0.7761534628631825,0.22384653713681746,19,hard,0.1019230769230769,0.1394736842105263,0.2608583742430792
bixbench,bixbench/bix-36-q4,bix-36-q4,0.7761534628631825,0.22384653713681746,20,frontier,0.0153846153846153,0.02,0.0871779788708134
aider-polyglot,aider-polyglot/polyglot_go_error-handling,polyglot_go_error-handling,0.7771296800852064,0.22287031991479356,26,medium,0.6153846153846154,0.6153846153846154,0.3997040325158947
reasoning-gym,reasoning-gym/reasoning-gym-algorithmic-binary-alternation-easy00cea0a5-seed45-0,reasoning-gym-algorithmic-binary-alternation-easy00cea0a5-seed45-0,0.7776038166309701,0.2223961833690299,12,easy,0.8846153846153846,0.75,0.3818813079129867
swtbench,swtbench/swtbench-sphinx-doc__sphinx-9673,swtbench-sphinx-doc__sphinx-9673,0.7776723115577908,0.22232768844220918,12,hard,0.2461538461538461,0.3,0.3316624790355399
labbench,labbench/labbench-figqa-0007,labbench-figqa-0007,0.7776797190604984,0.22232028093950162,20,medium,0.4769230769230769,0.4699999999999999,0.375632799419859
labbench,labbench/labbench-figqa-0143,labbench-figqa-0143,0.7776797190604984,0.22232028093950162,20,medium,0.4538461538461539,0.47,0.4112177038990418
labbench,labbench/labbench-figqa-0116,labbench-figqa-0116,0.777762395069231,0.22223760493076905,13,medium,0.4230769230769231,0.4461538461538461,0.3053758960196801
crustbench,crustbench/crustbench-clog,crustbench-clog,0.7781245475032773,0.2218754524967227,24,medium,0.3826922692307691,0.3868055416666666,0.3627626644429499
mmmlu,mmmlu/mmmlu-sw-ke-00139,mmmlu-sw-ke-00139,0.7782497224851095,0.22175027751489051,20,easy,0.8846153846153846,0.85,0.3201562118716424
seal0,seal0/seal0-39,seal0-39,0.7783117824941563,0.22168821750584367,26,medium,0.6,0.6,0.4150996173302166
algotune,algotune/algotune-ode-stiff-vanderpol,algotune-ode-stiff-vanderpol,0.7783640026481875,0.2216359973518125,22,medium,0.6302268320523262,0.6100147773577546,0.2992980227884457
gpqa-diamond,gpqa-diamond/gpqa-diamond-44,gpqa-diamond-44,0.778615983918796,0.22138401608120395,20,saturated,0.953846153846154,0.94,0.1280624847486569
swebench-multilingual,swebench-multilingual/swebench-multilingual-apache__druid-14136,swebench-multilingual-apache__druid-14136,0.7786188901183926,0.22138110988160742,14,hard,0.1987179615384615,0.3690476428571428,0.4462301304989239
seal0,seal0/seal0-73,seal0-73,0.7786432877759608,0.2213567122240392,26,medium,0.3461538461538461,0.3461538461538461,0.4244732203483506
seal0,seal0/seal0-88,seal0-88,0.7786432877759608,0.2213567122240392,26,hard,0.2608974230769231,0.2608974230769231,0.3551496199921263
labbench,labbench/labbench-figqa-0078,labbench-figqa-0078,0.7795397248385825,0.22046027516141753,20,hard,0.1153846153846154,0.15,0.2179449471770336
bixbench,bixbench/bix-29-q2,bix-29-q2,0.7801827808575612,0.2198172191424388,20,frontier,0.0282051153846153,0.03666665,0.0906151268951685
swebench-multilingual,swebench-multilingual/swebench-multilingual-google__gson-2479,swebench-multilingual-google__gson-2479,0.7804472552792648,0.21955274472073516,15,hard,0.1634615384615384,0.2833333333333333,0.4169998667732268
aime,aime/aime_79,aime_79,0.7806022223407485,0.2193977776592515,20,easy,0.9192307692307692,0.8949999999999999,0.203654118544163
bfcl,bfcl/bfcl-parallel-multiple-159,bfcl-parallel-multiple-159,0.7809531988675753,0.2190468011324247,26,easy,0.9461538461538462,0.9461538461538462,0.1714884369969842
bfcl,bfcl/bfcl-simple-python-12,bfcl-simple-python-12,0.7809531988675753,0.2190468011324247,26,saturated,0.9692307692307692,0.9692307692307692,0.0910166120476864
kumo,kumo/kumo-chemicalenv-t12-a16-v1-s0,kumo-chemicalenv-t12-a16-v1-s0,0.7811426474959282,0.2188573525040718,20,easy,0.8064102692307693,0.74833335,0.3266794173532019
gaia,gaia/gaia-67e8878b-5cef-4375-804e-e6291fdbe78a,gaia-67e8878b-5cef-4375-804e-e6291fdbe78a,0.7812374251318583,0.21876257486814166,20,easy,0.7826923076923078,0.7175,0.3915593824696325
crustbench,crustbench/crustbench-blt,crustbench-blt,0.7812528610906134,0.21874713890938657,24,medium,0.6115384615384616,0.6041666666666666,0.4107707863138382
swtbench,swtbench/swtbench-django__django-12209,swtbench-django__django-12209,0.7813032590541872,0.21869674094581282,14,frontier,0.023076923076923,0.0428571428571428,0.1545236260913138
featurebench-modal,featurebench-modal/featurebench-modal-mlflow__mlflow.93dab383.test_jsonpath_utils.eb851c42.lv2,featurebench-modal-mlflow__mlflow.93dab383.test_jsonpath_utils.eb851c42.lv2,0.7816073242711373,0.21839267572886267,25,medium,0.4314102692307692,0.42866668,0.4041319994919204
simpleqa,simpleqa/simpleqa-513,simpleqa-513,0.7829620204922164,0.21703797950778358,20,easy,0.8384615384615385,0.7899999999999999,0.3374907406137241
gaia,gaia/gaia-366e2f2b-8632-4ef2-81eb-bc3877489217,gaia-366e2f2b-8632-4ef2-81eb-bc3877489217,0.7830161876151949,0.21698381238480513,20,easy,0.8076923076923077,0.75,0.3626292872893749
seal0,seal0/seal0-94,seal0-94,0.7831503976250791,0.2168496023749209,25,medium,0.6384615384615384,0.6399999999999999,0.3532704346531138
gpqa-diamond,gpqa-diamond/gpqa-diamond-159,gpqa-diamond-159,0.78336151741199,0.21663848258801,19,easy,0.8538461538461538,0.7999999999999999,0.3612842589838003
gpqa-diamond,gpqa-diamond/gpqa-diamond-9,gpqa-diamond-9,0.7836783489104442,0.2163216510895558,19,saturated,0.9615384615384616,0.9473684210526316,0.1568385729026457
bfcl,bfcl/bfcl-parallel-multiple-13,bfcl-parallel-multiple-13,0.7840780095903424,0.21592199040965765,26,easy,0.8,0.8,0.2987151975222707
bfcl,bfcl/bfcl-parallel-7,bfcl-parallel-7,0.7840780095903424,0.21592199040965765,26,saturated,0.9615384615384616,0.9615384615384616,0.0788226981996892
mmmlu,mmmlu/mmmlu-fr-fr-00058,mmmlu-fr-fr-00058,0.7842041363338866,0.21579586366611336,17,easy,0.7692307692307693,0.6470588235294118,0.4027371746361515
mmmlu,mmmlu/mmmlu-ja-jp-00098,mmmlu-ja-jp-00098,0.7842041363338866,0.21579586366611336,17,easy,0.7564102692307693,0.627451,0.4373472178992743
gaia,gaia/gaia-4fc2f1ae-8625-45b5-ab34-ad4433bc21f8,gaia-4fc2f1ae-8625-45b5-ab34-ad4433bc21f8,0.7842319404123848,0.21576805958761525,20,medium,0.6384615384615385,0.62,0.3893584466786357
aider-polyglot,aider-polyglot/polyglot_java_dominoes,polyglot_java_dominoes,0.7843137254901958,0.21568627450980415,26,hard,0.1076923076923076,0.1076923076923076,0.2615384615384615
replicationbench,replicationbench/replicationbench-abacus__lcdm_total_force_accuracy,replicationbench-abacus__lcdm_total_force_accuracy,0.7843964008370041,0.21560359916299587,17,medium,0.4115384615384616,0.4176470588235294,0.4115755868219349
algotune,algotune/algotune-lti-simulation,algotune-lti-simulation,0.7844829466876952,0.21551705331230475,24,hard,0.2097715058220491,0.2272115448143357,0.3514367163801203
algotune,algotune/algotune-robust-linear-program,algotune-robust-linear-program,0.7844829466876952,0.21551705331230475,22,hard,0.2027267419963652,0.2332602431530776,0.2587045000464981
livecodebench,livecodebench/livecodebench-abc312_e,livecodebench-abc312_e,0.7848020370219467,0.21519796297805327,18,easy,0.8487179615384617,0.7814814999999999,0.3115021724312065
aider-polyglot,aider-polyglot/polyglot_javascript_state-of-tic-tac-toe,polyglot_javascript_state-of-tic-tac-toe,0.7848478323585598,0.21515216764144018,26,medium,0.5692307692307692,0.5692307692307692,0.3910235392965795
swebench-multilingual,swebench-multilingual/swebench-multilingual-sharkdp__bat-2260,swebench-multilingual-sharkdp__bat-2260,0.7851630412778252,0.2148369587221748,15,hard,0.2051282307692307,0.3555556,0.4466611696732099
algotune,algotune/algotune-cumulative-simpson-1d,algotune-cumulative-simpson-1d,0.7852146512717812,0.21478534872821875,25,hard,0.1365788816057468,0.1412201426456134,0.2193135312253254
algotune,algotune/algotune-convex-hull,algotune-convex-hull,0.7852146512717812,0.21478534872821875,24,hard,0.0680508708327818,0.0737217767355136,0.1715240102306194
featurebench-modal,featurebench-modal/featurebench-modal-pydantic__pydantic.e1dcaf9e.test_deprecated_fields.40a2ec54.lv1,featurebench-modal-pydantic__pydantic.e1dcaf9e.test_deprecated_fields.40a2ec54.lv1,0.7855006465373907,0.2144993534626093,26,hard,0.2019230769230769,0.2019230769230769,0.3509549525198709
swebench-multilingual,swebench-multilingual/swebench-multilingual-caddyserver__caddy-6411,swebench-multilingual-caddyserver__caddy-6411,0.7855178418400559,0.2144821581599441,14,hard,0.1282051153846153,0.2380952142857142,0.4068573156322178
bixbench,bixbench/bix-6-q1,bix-6-q1,0.7856180285049236,0.21438197149507643,20,easy,0.7999999999999999,0.74,0.3693237062523878
gaia,gaia/gaia-2b3ef98c-cc05-450b-a719-711aee40ac65,gaia-2b3ef98c-cc05-450b-a719-711aee40ac65,0.785653275213033,0.21434672478696704,20,hard,0.1519230769230769,0.1974999999999999,0.2985276369115596
spider2,spider2/spider2-recharge002,spider2-recharge002,0.7858059182420594,0.21419408175794064,15,hard,0.1641025769230769,0.2844444666666667,0.333303750094688
spider2,spider2/spider2-hive001,spider2-hive001,0.7858059182420594,0.21419408175794064,16,medium,0.4384615384615384,0.4624999999999999,0.4456385867493972
crustbench,crustbench/crustbench-mvptree,crustbench-mvptree,0.7861053521718468,0.21389464782815315,22,medium,0.6532051153846155,0.6446969545454545,0.3404314974801669
bfcl,bfcl/bfcl-live-irrelevance-781-290-0,bfcl-live-irrelevance-781-290-0,0.7862236324136472,0.21377636758635277,26,hard,0.1538461538461538,0.1538461538461538,0.256051030416819
aider-polyglot,aider-polyglot/polyglot_python_dot-dsl,polyglot_python_dot-dsl,0.7864932185867202,0.21350678141327983,26,hard,0.1769230769230769,0.1769230769230769,0.3434079120853802
bfcl,bfcl/bfcl-live-multiple-344-133-8,bfcl-live-multiple-344-133-8,0.7865846496728093,0.21341535032719072,26,easy,0.8384615384615385,0.8384615384615385,0.282947294734608
lawbench,lawbench/lawbench-2-4-10-one-shot,lawbench-2-4-10-one-shot,0.7872753171256655,0.21272468287433455,13,hard,0.0784615384615384,0.0869230769230769,0.072471173620393
aider-polyglot,aider-polyglot/polyglot_go_sublist,polyglot_go_sublist,0.7873851505498557,0.2126148494501443,26,medium,0.3615384615384615,0.3615384615384615,0.3762946094964617
lawbench,lawbench/lawbench-1-1-12-zero-shot,lawbench-1-1-12-zero-shot,0.7875463031004697,0.2124536968995303,18,medium,0.6006917692307693,0.5997785555555555,0.3093022668719642
mmau,mmau/mmau-3580ca69-7d52-4b48-bb13-63e0fb898439,mmau-3580ca69-7d52-4b48-bb13-63e0fb898439,0.7877803537967326,0.2122196462032674,20,easy,0.7615384615384616,0.7499999999999999,0.3154362059117501
mmau,mmau/mmau-f2b53917-8dad-4d75-a1b1-f26887587a76,mmau-f2b53917-8dad-4d75-a1b1-f26887587a76,0.7877803537967326,0.2122196462032674,20,easy,0.8,0.77,0.298496231131986
aime,aime/aime_ii-6,aime_ii-6,0.7877891908431705,0.21221080915682955,19,easy,0.925,0.8973684210526316,0.2003113919366849
gaia,gaia/gaia-d5141ca5-e7a0-469f-bf3e-e773507c86e2,gaia-d5141ca5-e7a0-469f-bf3e-e773507c86e2,0.7878455886129868,0.2121544113870132,20,medium,0.3,0.33,0.3241913015489466
seal0,seal0/seal0-65,seal0-65,0.7878749281814037,0.2121250718185963,26,medium,0.6320512692307693,0.6320512692307693,0.372073292435939
swebench-multilingual,swebench-multilingual/swebench-multilingual-apache__lucene-13704,swebench-multilingual-apache__lucene-13704,0.7880016529116746,0.21199834708832543,15,medium,0.4153846153846154,0.4266666666666667,0.4419150245113747
gaia,gaia/gaia-99c9cc74-fdc8-46c6-8f8d-3ce2d3bfeea3,gaia-99c9cc74-fdc8-46c6-8f8d-3ce2d3bfeea3,0.7884577238528319,0.21154227614716814,20,medium,0.3769230769230768,0.4,0.3464101615137755
medagentbench,medagentbench/medagentbench-task6_23,medagentbench-task6_23,0.7886931904214598,0.2113068095785402,20,easy,0.7461538461538461,0.7300000000000001,0.3303028912982749
seal0,seal0/seal0-50,seal0-50,0.7887175871398967,0.2112824128601033,26,medium,0.3557692307692308,0.3557692307692308,0.3966995867532225
swebench-multilingual,swebench-multilingual/swebench-multilingual-jqlang__jq-2750,swebench-multilingual-jqlang__jq-2750,0.7887821088170507,0.2112178911829493,15,hard,0.2615384615384615,0.4533333333333333,0.4869861964733245
livecodebench,livecodebench/livecodebench-abc388_g,livecodebench-abc388_g,0.7888400409671941,0.21115995903280593,18,easy,0.8128205000000001,0.729629611111111,0.3422671340980347
seal0,seal0/seal0-3,seal0-3,0.7891955891690183,0.21080441083098167,26,hard,0.1192307692307692,0.1192307692307692,0.2179788817739193
labbench,labbench/labbench-figqa-0004,labbench-figqa-0004,0.7892815225051184,0.2107184774948816,13,hard,0.2230769230769231,0.2461538461538461,0.273482905148172
gpqa-diamond,gpqa-diamond/gpqa-diamond-123,gpqa-diamond-123,0.789422830805585,0.21057716919441505,20,saturated,0.953846153846154,0.94,0.1113552872566004
gpqa-diamond,gpqa-diamond/gpqa-diamond-71,gpqa-diamond-71,0.7894872007533601,0.2105127992466399,19,medium,0.6102565,0.5894736842105263,0.399568880473897
aider-polyglot,aider-polyglot/polyglot_javascript_beer-song,polyglot_javascript_beer-song,0.7897522732554123,0.2102477267445877,26,medium,0.3384615384615384,0.3384615384615384,0.3991114391099337
reasoning-gym,reasoning-gym/reasoning-gym-algorithmic-string-insertion-easy00cea0a5-seed45-2,reasoning-gym-algorithmic-string-insertion-easy00cea0a5-seed45-2,0.7898370671173851,0.2101629328826149,20,easy,0.8923076923076925,0.86,0.2374868417407583
reasoning-gym,reasoning-gym/reasoning-gym-algorithmic-binary-matrix-easy00cea0a5-seed45-1,reasoning-gym-algorithmic-binary-matrix-easy00cea0a5-seed45-1,0.7898370671173851,0.2101629328826149,12,easy,0.9230769230769232,0.8333333333333334,0.3726779962499649
reasoning-gym,reasoning-gym/reasoning-gym-algorithmic-game-of-life-easy00cea0a5-seed45-0,reasoning-gym-algorithmic-game-of-life-easy00cea0a5-seed45-0,0.7905342031400421,0.20946579685995792,13,easy,0.773525653846154,0.6270513076923077,0.4382883329733073
gaia,gaia/gaia-023e9d44-96ae-4eed-b912-244ee8c3b994,gaia-023e9d44-96ae-4eed-b912-244ee8c3b994,0.7906832834048309,0.20931671659516915,20,hard,0.1711538461538461,0.2225,0.3280529682840866
mmmlu,mmmlu/mmmlu-zh-cn-00121,mmmlu-zh-cn-00121,0.7907188469336176,0.2092811530663824,18,hard,0.1923076923076923,0.2777777777777778,0.415739709641549
aider-polyglot,aider-polyglot/polyglot_go_octal,polyglot_go_octal,0.790772829278072,0.20922717072192798,26,hard,0.2019230769230769,0.2019230769230769,0.3283058989930115
crustbench,crustbench/crustbench-satc,crustbench-satc,0.7909978015997159,0.2090021984002841,22,medium,0.5615384615384615,0.5545454545454546,0.4042133468257401
featurebench-modal,featurebench-modal/featurebench-modal-lightning-ai__pytorch-lightning.126fa6f1.test_fsdp_integration.61c07610.lv1,featurebench-modal-lightning-ai__pytorch-lightning.126fa6f1.test_fsdp_integration.61c07610.lv1,0.791174673876166,0.20882532612383398,26,medium,0.5307692307692308,0.5307692307692308,0.4088155788552986
gaia,gaia/gaia-0b260a57-3f3a-4405-9f29-6d7a1012dbfb,gaia-0b260a57-3f3a-4405-9f29-6d7a1012dbfb,0.7911801498676952,0.20881985013230475,20,hard,0.0538461538461538,0.0699999999999999,0.212367605815953
lawbench,lawbench/lawbench-2-4-16-one-shot,lawbench-2-4-16-one-shot,0.7912393265808012,0.2087606734191988,20,medium,0.5926923076923077,0.586,0.1048522770377448
kumo,kumo/kumo-plantenv-t4-a6-v1-s1,kumo-plantenv-t4-a6-v1-s1,0.791342201020601,0.20865779897939896,16,saturated,0.9775641153846154,0.9635416875,0.0975780303409268
labbench,labbench/labbench-figqa-0153,labbench-figqa-0153,0.7913602629545105,0.20863973704548955,13,medium,0.5538461538461538,0.5076923076923077,0.3812157444111959
swebench-multilingual,swebench-multilingual/swebench-multilingual-phpoffice__phpspreadsheet-4313,swebench-multilingual-phpoffice__phpspreadsheet-4313,0.7914285851060542,0.20857141489394582,14,hard,0.147435923076923,0.2738095714285714,0.3863091136545067
seal0,seal0/seal0-16,seal0-16,0.7916092860147994,0.2083907139852006,26,medium,0.528846153846154,0.528846153846154,0.3981140822493059
seal0,seal0/seal0-14,seal0-14,0.7916092860147994,0.2083907139852006,26,medium,0.6403846153846153,0.6403846153846153,0.4380944819875377
bixbench,bixbench/bix-28-q6,bix-28-q6,0.7920777261447226,0.2079222738552774,20,frontier,0.0153846153846153,0.02,0.0871779788708134
medagentbench,medagentbench/medagentbench-task2_8,medagentbench-task2_8,0.7922205473757657,0.20777945262423425,20,easy,0.776923076923077,0.7700000000000001,0.2917190429162964
labbench,labbench/labbench-figqa-0072,labbench-figqa-0072,0.7923470373839195,0.20765296261608046,13,medium,0.5384615384615384,0.4769230769230769,0.4116642510849123
labbench,labbench/labbench-figqa-0063,labbench-figqa-0063,0.7924583037620528,0.20754169623794716,13,hard,0.2230769230769231,0.2461538461538461,0.2845114155216451
reasoning-gym,reasoning-gym/reasoning-gym-games-mahjong-puzzle-hard0292e21f-seed45-0,reasoning-gym-games-mahjong-puzzle-hard0292e21f-seed45-0,0.7924838276458229,0.20751617235417708,20,medium,0.5773927692307692,0.57015265,0.3756455799532686
swebench-multilingual,swebench-multilingual/swebench-multilingual-immutable-js__immutable-js-2005,swebench-multilingual-immutable-js__immutable-js-2005,0.7925070880834926,0.20749291191650743,14,medium,0.5,0.5,0.5
aider-polyglot,aider-polyglot/polyglot_python_simple-linked-list,polyglot_python_simple-linked-list,0.7928183360504814,0.20718166394951865,26,medium,0.5692307692307691,0.5692307692307691,0.4321406740057888
featurebench-modal,featurebench-modal/featurebench-modal-sympy__sympy.c1097516.test_inverse.c240ffe7.lv1,featurebench-modal-sympy__sympy.c1097516.test_inverse.c240ffe7.lv1,0.7931035416621915,0.20689645833780845,26,hard,0.0628205,0.0628205,0.1858974172413894
gpqa-diamond,gpqa-diamond/gpqa-diamond-162,gpqa-diamond-162,0.7932435998305981,0.2067564001694019,18,medium,0.3096153846153846,0.3472222222222222,0.3676019217026839
aime,aime/aime_81,aime_81,0.7937245846178731,0.2062754153821269,19,medium,0.3692307692307692,0.4131578947368421,0.3508793859580592
aime,aime/aime_63,aime_63,0.7937245846178731,0.2062754153821269,19,medium,0.3974358846153846,0.3964912105263158,0.3247841848966915
omnimath,omnimath/omnimath_440,omnimath_440,0.7938420098038267,0.2061579901961733,25,medium,0.6846153846153846,0.68,0.354682957019364
livecodebench,livecodebench/livecodebench-abc383_d,livecodebench-abc383_d,0.7940131313724468,0.20598686862755322,18,saturated,0.976923076923077,0.9666666666666668,0.0745355992499929
livecodebench,livecodebench/livecodebench-abc308_f,livecodebench-abc308_f,0.7940131313724468,0.20598686862755322,18,saturated,0.9826923076923078,0.975,0.0712000312109794
gaia,gaia/gaia-4d51c4bf-4b0e-4f3d-897b-3f6687a7d9f2,gaia-4d51c4bf-4b0e-4f3d-897b-3f6687a7d9f2,0.7940661631199627,0.2059338368800373,20,medium,0.3538461538461538,0.37,0.3702701716314723
swebench-multilingual,swebench-multilingual/swebench-multilingual-rubocop__rubocop-13627,swebench-multilingual-rubocop__rubocop-13627,0.7942712413615653,0.20572875863843465,15,hard,0.1576923076923077,0.2733333333333333,0.407376429798725
swebench-multilingual,swebench-multilingual/swebench-multilingual-google__gson-2061,swebench-multilingual-google__gson-2061,0.7950633741833877,0.20493662581661232,15,hard,0.0769230769230769,0.1333333333333333,0.2867441755680875
swebench-multilingual,swebench-multilingual/swebench-multilingual-laravel__framework-48573,swebench-multilingual-laravel__framework-48573,0.7950633741833877,0.20493662581661232,14,hard,0.0961538461538461,0.1785714285714285,0.3589241293257461
labbench,labbench/labbench-figqa-0023,labbench-figqa-0023,0.7953207374971835,0.20467926250281654,13,hard,0.2692307692307692,0.3384615384615385,0.3541804440991181
gpqa-diamond,gpqa-diamond/gpqa-diamond-125,gpqa-diamond-125,0.7955320007802575,0.20446799921974246,20,easy,0.8461538461538461,0.8,0.2792848008753788
gpqa-diamond,gpqa-diamond/gpqa-diamond-53,gpqa-diamond-53,0.7957034861606187,0.2042965138393813,18,easy,0.7346153846153847,0.6611111111111111,0.4124976617965905
aider-polyglot,aider-polyglot/polyglot_java_queen-attack,polyglot_java_queen-attack,0.7957603840350109,0.20423961596498907,26,hard,0.0615384615384615,0.0615384615384615,0.1902971827208151
simpleqa,simpleqa/simpleqa-2279,simpleqa-2279,0.7961735795005276,0.20382642049947242,20,easy,0.7000000000000001,0.67,0.3809199390948182
gpqa-diamond,gpqa-diamond/gpqa-diamond-25,gpqa-diamond-25,0.7962251652308061,0.2037748347691939,17,easy,0.8256410384615385,0.7333333529411765,0.3743403749796105
gpqa-diamond,gpqa-diamond/gpqa-diamond-98,gpqa-diamond-98,0.7962251652308061,0.2037748347691939,18,medium,0.6935898076923077,0.6314815,0.4025339848819186
reasoning-gym,reasoning-gym/reasoning-gym-code-codeio-easy00cea0a5-seed45-2,reasoning-gym-code-codeio-easy00cea0a5-seed45-2,0.7963059392702158,0.20369406072978424,12,easy,0.8657692307692307,0.7091666666666666,0.4296405151079472
gaia,gaia/gaia-23dd907f-1261-4488-b21c-e9185af91d5e,gaia-23dd907f-1261-4488-b21c-e9185af91d5e,0.7963108406544804,0.20368915934551957,20,medium,0.3826923076923077,0.3775,0.3124399942388938
aider-polyglot,aider-polyglot/polyglot_javascript_go-counting,polyglot_javascript_go-counting,0.7965785369472408,0.2034214630527592,26,hard,0.2961538461538461,0.2961538461538461,0.3705305647423489
aider-polyglot,aider-polyglot/polyglot_go_word-search,polyglot_go_word-search,0.7965785369472408,0.2034214630527592,26,hard,0.2769230769230769,0.2769230769230769,0.4153846153846154
mmmlu,mmmlu/mmmlu-it-it-00086,mmmlu-it-it-00086,0.7969791376442934,0.2030208623557066,18,easy,0.8589743461538462,0.7962962777777778,0.3494067331316844
reasoning-gym,reasoning-gym/reasoning-gym-algorithmic-game-of-life-hard0292e21f-seed45-0,reasoning-gym-algorithmic-game-of-life-hard0292e21f-seed45-0,0.7976596386773678,0.20234036132263222,12,hard,0.1253846153846153,0.2716666666666666,0.4096712774354037
bfcl,bfcl/bfcl-live-irrelevance-103-3-0,bfcl-live-irrelevance-103-3-0,0.7978130525208191,0.20218694747918087,26,easy,0.7999999999999999,0.7999999999999999,0.3328201177351375
bfcl,bfcl/bfcl-live-irrelevance-125-11-0,bfcl-live-irrelevance-125-11-0,0.7978130525208191,0.20218694747918087,26,easy,0.8846153846153846,0.8846153846153846,0.249140534472333
crustbench,crustbench/crustbench-approxidate,crustbench-approxidate,0.7978617793411666,0.20213822065883336,24,medium,0.4256410384615385,0.4444444583333333,0.4370213501578974
swebench-multilingual,swebench-multilingual/swebench-multilingual-rubocop__rubocop-13579,swebench-multilingual-rubocop__rubocop-13579,0.7979418243520364,0.20205817564796358,15,hard,0.1346153846153846,0.2333333333333333,0.4027681991198191
reasoning-gym,reasoning-gym/reasoning-gym-algorithmic-game-of-life-easy00cea0a5-seed45-1,reasoning-gym-algorithmic-game-of-life-easy00cea0a5-seed45-1,0.7984544365777381,0.20154556342226193,20,easy,0.7472307692307693,0.7121999999999999,0.3382430487090607
reasoning-gym,reasoning-gym/reasoning-gym-arithmetic-products-hard0292e21f-seed45-1,reasoning-gym-arithmetic-products-hard0292e21f-seed45-1,0.7984544365777381,0.20154556342226193,12,easy,0.9307692307692308,0.85,0.2692582403567252
reasoning-gym,reasoning-gym/reasoning-gym-cognition-modulo-grid-hard0292e21f-seed45-2,reasoning-gym-cognition-modulo-grid-hard0292e21f-seed45-2,0.7985052759222333,0.2014947240777667,20,hard,0.1222680769230769,0.1589485,0.2571679375230318
reasoning-gym,reasoning-gym/reasoning-gym-cognition-modulo-grid-hard0292e21f-seed45-0,reasoning-gym-cognition-modulo-grid-hard0292e21f-seed45-0,0.7985052759222333,0.2014947240777667,20,hard,0.1615384615384615,0.21,0.3315116890850155
aider-polyglot,aider-polyglot/polyglot_go_variable-length-quantity,polyglot_go_variable-length-quantity,0.7986472868046255,0.2013527131953745,26,easy,0.726923076923077,0.726923076923077,0.310777798815627
aider-polyglot,aider-polyglot/polyglot_python_paasio,polyglot_python_paasio,0.7989719955566588,0.20102800444334123,26,hard,0.0692307692307692,0.0692307692307692,0.1749048769369549
mmau,mmau/mmau-faa5e92a-8de6-49e1-b72e-bd4defebd794,mmau-faa5e92a-8de6-49e1-b72e-bd4defebd794,0.7991034025477683,0.20089659745223165,20,easy,0.8923076923076925,0.8600000000000001,0.2107130750570547
medagentbench,medagentbench/medagentbench-task7_25,medagentbench-task7_25,0.7993052538854529,0.20069474611454707,20,frontier,0.0153846153846153,0.02,0.06
medagentbench,medagentbench/medagentbench-task7_20,medagentbench-task7_20,0.7993052538854529,0.20069474611454707,20,frontier,0.023076923076923,0.03,0.0714142842854285
kumo,kumo/kumo-astronomyenv-t4-a6-v1-s1,kumo-astronomyenv-t4-a6-v1-s1,0.7993052538854534,0.20069474611454663,20,easy,0.8846153846153846,0.85,0.3570714214271425
kumo,kumo/kumo-spiceenv-t4-a6-v1-s1,kumo-spiceenv-t4-a6-v1-s1,0.7993052538854534,0.20069474611454663,18,saturated,0.9615384615384616,0.9444444444444444,0.1571348402636772
reasoning-gym,reasoning-gym/reasoning-gym-algorithmic-binary-alternation-hard0292e21f-seed45-0,reasoning-gym-algorithmic-binary-alternation-hard0292e21f-seed45-0,0.7995588497598347,0.2004411502401653,20,easy,0.7942307692307693,0.7625000000000001,0.2823450902707536
omnimath,omnimath/omnimath_2534,omnimath_2534,0.7997030795702843,0.2002969204297157,25,easy,0.9102564230769232,0.90666668,0.2239047273581726
bfcl,bfcl/bfcl-parallel-5,bfcl-parallel-5,0.7998362826091514,0.2001637173908486,26,easy,0.8999999999999999,0.8999999999999999,0.2369680277038363
algotune,algotune/algotune-ks-test-2samp,algotune-ks-test-2samp,0.7998547348265566,0.20014526517344344,24,frontier,0.0430017434614021,0.0465685654103007,0.113226151687439
algotune,algotune/algotune-gzip-compression,algotune-gzip-compression,0.7998547348265566,0.20014526517344344,24,hard,0.0786610645903733,0.0852136534312308,0.2147555431536936
gaia,gaia/gaia-87c610df-bef7-4932-b950-1d83ef4e282b,gaia-87c610df-bef7-4932-b950-1d83ef4e282b,0.7999236323356066,0.2000763676643934,20,easy,0.7538461538461539,0.74,0.3039736830714133
gaia,gaia/gaia-d8152ad6-e4d5-4c12-8bb7-8d57dc10c6de,gaia-d8152ad6-e4d5-4c12-8bb7-8d57dc10c6de,0.7999236323356066,0.2000763676643934,20,medium,0.5846153846153845,0.58,0.3399999999999999
gaia,gaia/gaia-114d5fd0-e2ae-4b6d-a65a-870da2d19c08,gaia-114d5fd0-e2ae-4b6d-a65a-870da2d19c08,0.7999907660102726,0.20000923398972736,20,medium,0.4211538461538461,0.4274999999999999,0.3679249244071404
livecodebench,livecodebench/livecodebench-abc399_d,livecodebench-abc399_d,0.8000380344556004,0.1999619655443996,18,medium,0.5115384615384616,0.5166666666666667,0.3804237403504442
livecodebench,livecodebench/livecodebench-arc184_d,livecodebench-arc184_d,0.8000380344556004,0.1999619655443996,14,medium,0.3769230769230769,0.4428571428571429,0.4546808703668443
gaia,gaia/gaia-d1af70ea-a9a4-421a-b9cc-94b5e02f1788,gaia-d1af70ea-a9a4-421a-b9cc-94b5e02f1788,0.8001794796808013,0.19982052031919872,20,medium,0.5307692307692308,0.5399999999999999,0.3954743986657038
livecodebench,livecodebench/livecodebench-3696,livecodebench-3696,0.8003051864217963,0.19969481357820373,18,easy,0.7923076923076924,0.7,0.409305358556692
aider-polyglot,aider-polyglot/polyglot_rust_forth,polyglot_rust_forth,0.8006502749299828,0.19934972507001725,26,easy,0.7820512692307692,0.7820512692307692,0.3216186232018812
featurebench-modal,featurebench-modal/featurebench-modal-astropy__astropy.b0db0daa.test_tilde_path.383d7c0c.lv1,featurebench-modal-astropy__astropy.b0db0daa.test_tilde_path.383d7c0c.lv1,0.8013092627896918,0.19869073721030817,26,hard,0.2769230769230769,0.2769230769230769,0.3805943654416302
gpqa-diamond,gpqa-diamond/gpqa-diamond-42,gpqa-diamond-42,0.8014202735745852,0.19857972642541477,17,medium,0.6044873076923076,0.5715686470588236,0.4160884152209142
seal0,seal0/seal0-9,seal0-9,0.8014537989151118,0.19854620108488819,26,medium,0.4942307692307692,0.4942307692307692,0.3338119227005286
seal0,seal0/seal0-91,seal0-91,0.8014537989151118,0.19854620108488819,26,medium,0.5993589615384616,0.5993589615384616,0.4184955015244379
usaco,usaco/usaco-436,usaco-436,0.801607965344954,0.19839203465504596,19,medium,0.5173076923076924,0.4868421052631579,0.4541742377404808
mmau,mmau/mmau-4452ab49-197b-4e61-8eb5-458999f0e914,mmau-4452ab49-197b-4e61-8eb5-458999f0e914,0.8016675294302416,0.19833247056975845,20,easy,0.8538461538461539,0.8099999999999999,0.3315116890850155
algotune,algotune/algotune-feedback-controller-design,algotune-feedback-controller-design,0.802232769294901,0.19776723070509905,25,medium,0.5984056596307196,0.5906458308790339,0.3391664142135846
gpqa-diamond,gpqa-diamond/gpqa-diamond-144,gpqa-diamond-144,0.8026856732240909,0.1973143267759091,20,easy,0.7141025769230769,0.6883333500000001,0.3673138218502368
gpqa-diamond,gpqa-diamond/gpqa-diamond-21,gpqa-diamond-21,0.8026856732240909,0.1973143267759091,18,easy,0.7999999999999999,0.7111111111111111,0.3956554181058856
gpqa-diamond,gpqa-diamond/gpqa-diamond-90,gpqa-diamond-90,0.8030000656725438,0.19699993432745622,19,easy,0.7692307692307693,0.6842105263157895,0.4068662755807934
aider-polyglot,aider-polyglot/polyglot_go_zebra-puzzle,polyglot_go_zebra-puzzle,0.8030036531895112,0.19699634681048883,26,easy,0.7961538461538462,0.7961538461538462,0.2967526413993897
aider-polyglot,aider-polyglot/polyglot_python_dominoes,polyglot_python_dominoes,0.803003863566257,0.19699613643374303,26,medium,0.6769230769230768,0.6769230769230768,0.3640664481907456
labbench,labbench/labbench-figqa-0011,labbench-figqa-0011,0.8030566762751232,0.19694332372487677,13,medium,0.4000000000000001,0.4000000000000001,0.271746488194703
simpleqa,simpleqa/simpleqa-2478,simpleqa-2478,0.8037693189045536,0.1962306810954464,20,medium,0.5076923076923077,0.51,0.4121892769104989
bfcl,bfcl/bfcl-live-simple-173-99-7,bfcl-live-simple-173-99-7,0.8037896398325718,0.1962103601674282,26,easy,0.9076923076923076,0.9076923076923076,0.2092533924420837
replicationbench,replicationbench/replicationbench-gw_cosmo__dark_energy,replicationbench-gw_cosmo__dark_energy,0.8039858815585383,0.19601411844146166,17,medium,0.525,0.538235294117647,0.4135674821401424
bfcl,bfcl/bfcl-live-irrelevance-122-9-2,bfcl-live-irrelevance-122-9-2,0.8042312693544157,0.1957687306455843,26,easy,0.9384615384615386,0.9384615384615386,0.1546134710941675
labbench,labbench/labbench-figqa-0008,labbench-figqa-0008,0.8043282067301811,0.19567179326981887,13,hard,0.0615384615384615,0.123076923076923,0.2153846153846154
crustbench,crustbench/crustbench-emlang,crustbench-emlang,0.804334831073176,0.19566516892682395,23,medium,0.4173076923076924,0.4456521739130434,0.4321113593081072
lawbench,lawbench/lawbench-3-6-10-one-shot,lawbench-3-6-10-one-shot,0.8043348540975891,0.1956651459024109,20,medium,0.6545192307692307,0.6453750000000001,0.2294971064632406
aime,aime/aime_ii-9,aime_ii-9,0.8043549239599408,0.1956450760400592,19,easy,0.7788461538461539,0.7710526315789474,0.2720854110644807
aime,aime/aime_ii-13,aime_ii-13,0.8043549239599408,0.1956450760400592,19,medium,0.5775641153846155,0.5692982631578948,0.3726883241806952
gpqa-diamond,gpqa-diamond/gpqa-diamond-7,gpqa-diamond-7,0.8044108610497704,0.19558913895022956,19,easy,0.8429487307692308,0.7850877368421053,0.2889229138343127
crustbench,crustbench/crustbench-cissy,crustbench-cissy,0.8046687790660775,0.19533122093392252,23,medium,0.3217948846153846,0.3376811739130435,0.4102908649566053
gaia,gaia/gaia-6359a0b1-8f7b-499b-9336-840f9ab90688,gaia-6359a0b1-8f7b-499b-9336-840f9ab90688,0.8047975732780711,0.1952024267219289,20,hard,0.1076923076923077,0.1399999999999999,0.2835489375751565
swtbench,swtbench/swtbench-pydata__xarray-7393,swtbench-pydata__xarray-7393,0.8049374216080107,0.19506257839198926,12,hard,0.0641025769230769,0.1388889166666666,0.2727885803473263
replicationbench,replicationbench/replicationbench-muse_outflows__voronoi_binning_for_emission_lines_j080427,replicationbench-muse_outflows__voronoi_binning_for_emission_lines_j080427,0.8049587256240543,0.19504127437594565,20,hard,0.0846153846153846,0.11,0.2046948949045872
bfcl,bfcl/bfcl-simple-python-296,bfcl-simple-python-296,0.8051575644146634,0.19484243558533665,26,saturated,0.953846153846154,0.953846153846154,0.1008836696046461
bfcl,bfcl/bfcl-live-irrelevance-799-305-3,bfcl-live-irrelevance-799-305-3,0.8051575644146634,0.19484243558533665,26,easy,0.9384615384615386,0.9384615384615386,0.1733758103013022
aider-polyglot,aider-polyglot/polyglot_javascript_bottle-song,polyglot_javascript_bottle-song,0.80530001074871,0.19469998925128995,26,medium,0.4673076923076923,0.4673076923076923,0.4171658745198429
aider-polyglot,aider-polyglot/polyglot_javascript_sum-of-multiples,polyglot_javascript_sum-of-multiples,0.80530001074871,0.19469998925128995,26,medium,0.5307692307692308,0.5307692307692308,0.4294623031448572
seal0,seal0/seal0-11,seal0-11,0.8053215513831247,0.19467844861687533,26,medium,0.6634615384615384,0.6634615384615384,0.3617685438093544
aider-polyglot,aider-polyglot/polyglot_python_grade-school,polyglot_python_grade-school,0.8053685767461352,0.19463142325386484,26,medium,0.4538461538461539,0.4538461538461539,0.4456894134421837
gpqa-diamond,gpqa-diamond/gpqa-diamond-27,gpqa-diamond-27,0.8056871363940137,0.19431286360598632,20,medium,0.6538461538461539,0.6100000000000001,0.3433656942677879
simpleqa,simpleqa/simpleqa-221,simpleqa-221,0.8058695658055707,0.19413043419442932,20,medium,0.6846153846153846,0.6499999999999999,0.3840572873934303
gpqa-diamond,gpqa-diamond/gpqa-diamond-152,gpqa-diamond-152,0.8059652719363252,0.19403472806367483,19,easy,0.8551282307692307,0.8017544210526315,0.2906885560641575
gpqa-diamond,gpqa-diamond/gpqa-diamond-140,gpqa-diamond-140,0.8059652719363252,0.19403472806367483,20,easy,0.825,0.7725,0.3314645531576491
aider-polyglot,aider-polyglot/polyglot_javascript_rectangles,polyglot_javascript_rectangles,0.8063494971150481,0.1936505028849519,26,easy,0.8307692307692308,0.8307692307692308,0.2642394467279641
swebench-multilingual,swebench-multilingual/swebench-multilingual-gin-gonic__gin-3741,swebench-multilingual-gin-gonic__gin-3741,0.8065186420438688,0.1934813579561312,14,medium,0.5897437692307693,0.5238095714285714,0.4665694893961539
gaia,gaia/gaia-7b5377b0-3f38-4103-8ad2-90fe89864c04,gaia-7b5377b0-3f38-4103-8ad2-90fe89864c04,0.806801386566367,0.19319861343363298,20,medium,0.4923076923076923,0.4899999999999999,0.3766961640367472
reasoning-gym,reasoning-gym/reasoning-gym-graphs-largest-island-hard0292e21f-seed45-1,reasoning-gym-graphs-largest-island-hard0292e21f-seed45-1,0.8069124765086445,0.1930875234913555,20,medium,0.573076923076923,0.565,0.3182373328193912
reasoning-gym,reasoning-gym/reasoning-gym-algorithmic-ab-hard0292e21f-seed45-1,reasoning-gym-algorithmic-ab-hard0292e21f-seed45-1,0.8069124765086445,0.1930875234913555,20,medium,0.4,0.3999999999999999,0.3577708763999664
reasoning-gym,reasoning-gym/reasoning-gym-games-sudoku-hard0292e21f-seed45-0,reasoning-gym-games-sudoku-hard0292e21f-seed45-0,0.8069605601786835,0.19303943982131655,12,easy,0.8384615384615385,0.65,0.4627814458971607
omnimath,omnimath/omnimath_2343,omnimath_2343,0.807564620763266,0.19243537923673404,26,easy,0.7000000000000001,0.7000000000000001,0.3419401657060441
omnimath,omnimath/omnimath_1254,omnimath_1254,0.807564620763266,0.19243537923673404,26,medium,0.5089743461538462,0.5089743461538462,0.4067074112627805
reasoning-gym,reasoning-gym/reasoning-gym-games-emoji-mystery-easy00cea0a5-seed45-2,reasoning-gym-games-emoji-mystery-easy00cea0a5-seed45-2,0.8077474846403679,0.19225251535963206,20,easy,0.8237692307692307,0.7708999999999999,0.3292959003692575
featurebench-modal,featurebench-modal/featurebench-modal-sympy__sympy.c1097516.test_nullspace.f14fc970.lv1,featurebench-modal-sympy__sympy.c1097516.test_nullspace.f14fc970.lv1,0.8077940490966,0.19220595090339998,26,hard,0.1673076923076923,0.1673076923076923,0.3134615384615384
crustbench,crustbench/crustbench-2dpartint,crustbench-2dpartint,0.8081454176758247,0.1918545823241753,25,medium,0.4999999999999999,0.504,0.4529724053405461
replicationbench,replicationbench/replicationbench-ls_cal__cab_temp,replicationbench-ls_cal__cab_temp,0.8085635080396096,0.19143649196039036,17,easy,0.7044871923076924,0.6803921764705883,0.3048215634498775
replicationbench,replicationbench/replicationbench-ver_waves__gaia_rv_sample_size,replicationbench-ver_waves__gaia_rv_sample_size,0.8085635080396096,0.19143649196039036,17,easy,0.9153846153846156,0.8705882352941177,0.2905668008289052
simpleqa,simpleqa/simpleqa-3106,simpleqa-3106,0.8091269463041049,0.19087305369589513,20,easy,0.7923076923076924,0.73,0.3861346915261565
gaia,gaia/gaia-f46b4380-207e-4434-820b-f32ce04ae2a4,gaia-f46b4380-207e-4434-820b-f32ce04ae2a4,0.8093700254757478,0.19062997452425223,20,medium,0.6692307692307693,0.6300000000000001,0.364828726939094
crustbench,crustbench/crustbench-libutf,crustbench-libutf,0.8094981830223589,0.19050181697764113,22,medium,0.4076923076923077,0.4454545454545454,0.4387246731641329
swebench-multilingual,swebench-multilingual/swebench-multilingual-rubocop__rubocop-13687,swebench-multilingual-rubocop__rubocop-13687,0.8096430730573024,0.19035692694269757,15,medium,0.4775641153846154,0.4611111333333333,0.4334045630916326
swebench-multilingual,swebench-multilingual/swebench-multilingual-reactivex__rxjava-7597,swebench-multilingual-reactivex__rxjava-7597,0.8096430730573024,0.19035692694269757,14,medium,0.3461538461538461,0.4285714285714285,0.4573660169594892
featurebench-modal,featurebench-modal/featurebench-modal-pandas-dev__pandas.82fa2715.test_groupby_shift_diff.e13d5358.lv1,featurebench-modal-pandas-dev__pandas.82fa2715.test_groupby_shift_diff.e13d5358.lv1,0.809662763783675,0.19033723621632503,26,hard,0.175,0.175,0.340036762718386
algotune,algotune/algotune-firls,algotune-firls,0.8097102645692448,0.19028973543075522,25,hard,0.1446565427844484,0.1503837356179611,0.3237190812611779
algotune,algotune/algotune-stable-matching,algotune-stable-matching,0.8097102645692448,0.19028973543075522,22,hard,0.1708939096887603,0.1919038039228606,0.2689709407099715
bfcl,bfcl/bfcl-live-multiple-239-107-0,bfcl-live-multiple-239-107-0,0.8098515958967796,0.19014840410322043,26,easy,0.9384615384615383,0.9384615384615383,0.2202741702042516
crustbench,crustbench/crustbench-expr,crustbench-expr,0.810403886858001,0.18959611314199898,23,medium,0.5564102692307692,0.550724652173913,0.3688498509697418
featurebench-modal,featurebench-modal/featurebench-modal-pypa__packaging.013f3b03.test_metadata.e00b5801.lv1,featurebench-modal-pypa__packaging.013f3b03.test_metadata.e00b5801.lv1,0.8104516992501959,0.1895483007498041,26,medium,0.3076923076923077,0.3076923076923077,0.4203232061558534
swtbench,swtbench/swtbench-django__django-16145,swtbench-django__django-16145,0.8106792283998818,0.18932077160011818,12,hard,0.2615384615384615,0.3333333333333333,0.262466929133727
aime,aime/aime_88,aime_88,0.8109145764538843,0.18908542354611568,19,easy,0.7923076923076924,0.7157894736842106,0.3437611745854301
lawbench,lawbench/lawbench-2-4-10-zero-shot,lawbench-2-4-10-zero-shot,0.811265565422463,0.18873443457753702,15,hard,0.1209615384615384,0.107,0.0820528285110675
labbench,labbench/labbench-figqa-0088,labbench-figqa-0088,0.8113480845393768,0.1886519154606232,13,frontier,0.0307692307692307,0.0615384615384615,0.1211385826771047
gaia,gaia/gaia-df6561b2-7ee5-4540-baab-5095f742716a,gaia-df6561b2-7ee5-4540-baab-5095f742716a,0.8115191609954937,0.1884808390045063,20,medium,0.5307692307692309,0.51,0.4311612227462019
bfcl,bfcl/bfcl-live-multiple-198-90-0,bfcl-live-multiple-198-90-0,0.8116932512395241,0.18830674876047593,26,easy,0.9461538461538462,0.9461538461538462,0.1622694085363768
simpleqa,simpleqa/simpleqa-131,simpleqa-131,0.8120701573810518,0.18792984261894818,20,easy,0.7846153846153847,0.72,0.3762977544445355
swebench-multilingual,swebench-multilingual/swebench-multilingual-uutils__coreutils-6690,swebench-multilingual-uutils__coreutils-6690,0.8122209577825035,0.18777904221749653,15,hard,0.0993589615384615,0.1722222,0.2926043260188748
labbench,labbench/labbench-figqa-0158,labbench-figqa-0158,0.8128455971420134,0.18715440285798657,13,medium,0.4076923076923077,0.4153846153846154,0.3460683655139074
gaia,gaia/gaia-4b650a35-8529-4695-89ed-8dc7a500a498,gaia-4b650a35-8529-4695-89ed-8dc7a500a498,0.8132408098644474,0.18675919013555264,20,easy,0.8769230769230769,0.8399999999999999,0.2416609194718914
swebench-multilingual,swebench-multilingual/swebench-multilingual-babel__babel-15649,swebench-multilingual-babel__babel-15649,0.8136534324537367,0.18634656754626333,14,hard,0.0743589615384615,0.1380952142857143,0.2932730144383212
gpqa-diamond,gpqa-diamond/gpqa-diamond-36,gpqa-diamond-36,0.813826976316676,0.186173023683324,16,easy,0.7461538461538461,0.65,0.3905124837953327
medagentbench,medagentbench/medagentbench-task9_8,medagentbench-task9_8,0.813960079702372,0.18603992029762795,20,medium,0.5153846153846153,0.5199999999999999,0.3762977544445356
aider-polyglot,aider-polyglot/polyglot_go_protein-translation,polyglot_go_protein-translation,0.8142686793395353,0.18573132066046472,26,medium,0.3826923076923076,0.3826923076923076,0.409254084066908
aider-polyglot,aider-polyglot/polyglot_rust_fizzy,polyglot_rust_fizzy,0.8142686793395353,0.18573132066046472,26,hard,0.2692307692307692,0.2692307692307692,0.3371478000124788
swebench-multilingual,swebench-multilingual/swebench-multilingual-nushell__nushell-13831,swebench-multilingual-nushell__nushell-13831,0.8143365140611694,0.18566348593883064,13,medium,0.5064102692307693,0.5128205384615385,0.4407721483771606
medagentbench,medagentbench/medagentbench-task9_15,medagentbench-task9_15,0.8145667327746663,0.1854332672253337,20,medium,0.5076923076923078,0.51,0.3433656942677878
lawbench,lawbench/lawbench-1-1-22-zero-shot,lawbench-1-1-22-zero-shot,0.8149129187143076,0.1850870812856924,14,hard,0.2451180384615384,0.3224833571428571,0.3635479885840593
simpleqa,simpleqa/simpleqa-1279,simpleqa-1279,0.8154026528205421,0.18459734717945786,20,saturated,0.9692307692307692,0.96,0.1019803902718556
swebench-verified,swebench-verified/swebench-verified-sympy__sympy-17139,swebench-verified-sympy__sympy-17139,0.8154667459184075,0.1845332540815925,20,easy,0.823076923076923,0.77,0.3179622619116929
gpqa-diamond,gpqa-diamond/gpqa-diamond-167,gpqa-diamond-167,0.8155104588441915,0.1844895411558085,20,hard,0.0923076923076923,0.12,0.2481934729198171
gaia,gaia/gaia-305ac316-eef6-4446-960a-92d80d542f82,gaia-305ac316-eef6-4446-960a-92d80d542f82,0.8155326842817627,0.18446731571823727,20,easy,0.7076923076923077,0.6799999999999999,0.3709447398198282
omnimath,omnimath/omnimath_2716,omnimath_2716,0.8155399355131929,0.18446006448680707,25,easy,0.9461538461538462,0.944,0.1745393938341714
crustbench,crustbench/crustbench-lib2bit,crustbench-lib2bit,0.8159698879428192,0.18403011205718078,22,medium,0.5493589615384615,0.5583333181818181,0.3799172647173432
algotune,algotune/algotune-lp-centering,algotune-lp-centering,0.816099698880159,0.18390030111984101,26,frontier,0.0254505346284778,0.0254505346284778,0.0514874281322377
labbench,labbench/labbench-figqa-0042,labbench-figqa-0042,0.8161965429364788,0.1838034570635212,13,hard,0.0846153846153846,0.1692307692307692,0.2699989042274499
gaia,gaia/gaia-3f57289b-8c60-48be-bd80-01f8099ca449,gaia-3f57289b-8c60-48be-bd80-01f8099ca449,0.8165326546389996,0.1834673453610004,20,medium,0.6923076923076923,0.6675000000000001,0.3294977238161137
spider2,spider2/spider2-airport001,spider2-airport001,0.8166787802356107,0.1833212197643893,17,hard,0.0897435769230769,0.1372548823529411,0.2101609386782039
gpqa-diamond,gpqa-diamond/gpqa-diamond-54,gpqa-diamond-54,0.8170836594591915,0.18291634054080852,18,saturated,0.9769230769230768,0.9666666666666666,0.0745355992499929
seal0,seal0/seal0-18,seal0-18,0.8172162502367072,0.1827837497632928,26,medium,0.5794871923076923,0.5794871923076923,0.3832304153069132
seal0,seal0/seal0-17,seal0-17,0.8172162502367072,0.1827837497632928,26,medium,0.6384615384615385,0.6384615384615385,0.3803610866177266
featurebench-modal,featurebench-modal/featurebench-modal-linkedin__liger-kernel.c856fbab.test_poly_norm.7b0e3399.lv1,featurebench-modal-linkedin__liger-kernel.c856fbab.test_poly_norm.7b0e3399.lv1,0.8172684955840483,0.18273150441595165,25,medium,0.4032051153846154,0.406,0.4198645390017118
swebench-multilingual,swebench-multilingual/swebench-multilingual-projectlombok__lombok-3371,swebench-multilingual-projectlombok__lombok-3371,0.8174319593185367,0.18256804068146326,13,medium,0.5205128076923077,0.5410256153846154,0.4015257032062999
labbench,labbench/labbench-figqa-0051,labbench-figqa-0051,0.8175834755024146,0.18241652449758539,13,hard,0.2538461538461539,0.3076923076923077,0.3647159874193753
gaia,gaia/gaia-42d4198c-5895-4f0a-b0c0-424a66465d83,gaia-42d4198c-5895-4f0a-b0c0-424a66465d83,0.8182665737631384,0.18173342623686162,20,medium,0.6923076923076923,0.63,0.434856298103178
swebench-multilingual,swebench-multilingual/swebench-multilingual-tokio-rs__axum-2096,swebench-multilingual-tokio-rs__axum-2096,0.8183821131534413,0.18161788684655866,14,hard,0.173076923076923,0.3214285714285714,0.4104985824187658
gaia,gaia/gaia-50f58759-7bd6-406f-9b0d-5692beb2a926,gaia-50f58759-7bd6-406f-9b0d-5692beb2a926,0.8185337500222385,0.1814662499777615,20,hard,0.2384615384615384,0.2799999999999999,0.3310589071449369
gaia,gaia/gaia-0a3cd321-3e76-4622-911b-0fda2e5d6b1a,gaia-0a3cd321-3e76-4622-911b-0fda2e5d6b1a,0.8185337500222385,0.1814662499777615,20,medium,0.4211538461538462,0.4275,0.3512388788275011
swtbench,swtbench/swtbench-django__django-15103,swtbench-django__django-15103,0.818629234832543,0.18137076516745698,12,frontier,0.0282051153846153,0.0611110833333333,0.1104144143725947
reasoning-gym,reasoning-gym/reasoning-gym-algorithmic-spiral-matrix-hard0292e21f-seed45-2,reasoning-gym-algorithmic-spiral-matrix-hard0292e21f-seed45-2,0.8187311007068016,0.18126889929319845,20,medium,0.689743576923077,0.65666665,0.355449652162198
reasoning-gym,reasoning-gym/reasoning-gym-code-bf-hard0292e21f-seed45-1,reasoning-gym-code-bf-hard0292e21f-seed45-1,0.8187311007068016,0.18126889929319845,20,medium,0.6500059615384616,0.6050077500000001,0.4128748280546871
featurebench-modal,featurebench-modal/featurebench-modal-huggingface__transformers.e2e8dbed.test_modeling_swin2sr.f5cba486.lv1,featurebench-modal-huggingface__transformers.e2e8dbed.test_modeling_swin2sr.f5cba486.lv1,0.8187759937478442,0.18122400625215584,26,frontier,0.0269230769230769,0.0269230769230769,0.1021224465180904
reasoning-gym,reasoning-gym/reasoning-gym-arithmetic-chain-sum-hard0292e21f-seed45-2,reasoning-gym-arithmetic-chain-sum-hard0292e21f-seed45-2,0.8188646036403734,0.1811353963596266,20,easy,0.941025653846154,0.92333335,0.1402774722549116
swebench-verified,swebench-verified/swebench-verified-sympy__sympy-19495,swebench-verified-sympy__sympy-19495,0.8189636312196599,0.18103636878034013,20,easy,0.7442307692307693,0.7275000000000001,0.2913224158900238
lawbench,lawbench/lawbench-2-7-20-one-shot,lawbench-2-7-20-one-shot,0.819106267353396,0.18089373264660402,20,medium,0.3382284615384615,0.3330593,0.0876875271746786
aider-polyglot,aider-polyglot/polyglot_rust_macros,polyglot_rust_macros,0.819122581765185,0.18087741823481496,26,medium,0.6615384615384615,0.6615384615384615,0.4179408525294192
reasoning-gym,reasoning-gym/reasoning-gym-algorithmic-cryptarithm-hard0292e21f-seed45-0,reasoning-gym-algorithmic-cryptarithm-hard0292e21f-seed45-0,0.8191848509403795,0.18081514905962048,12,hard,0.1257692307692307,0.2725,0.3997733733004238
gaia,gaia/gaia-33d8ea3b-6c6b-4ff1-803d-7e270dea8a57,gaia-33d8ea3b-6c6b-4ff1-803d-7e270dea8a57,0.8193053852340818,0.1806946147659182,20,medium,0.6538461538461539,0.6250000000000001,0.2891798748184251
gaia,gaia/gaia-d700d50d-c707-4dca-90dc-4528cddd0c80,gaia-d700d50d-c707-4dca-90dc-4528cddd0c80,0.8194609920441678,0.18053900795583222,20,easy,0.7230769230769231,0.7000000000000001,0.3820994634908559
featurebench-modal,featurebench-modal/featurebench-modal-pandas-dev__pandas.82fa2715.test_concat.ebe5de39.lv1,featurebench-modal-pandas-dev__pandas.82fa2715.test_concat.ebe5de39.lv1,0.8201681651284751,0.17983183487152488,26,medium,0.3378204999999999,0.3378204999999999,0.4352903956936944
spider2,spider2/spider2-airbnb002,spider2-airbnb002,0.8203027427756909,0.17969725722430907,16,hard,0.1282051153846153,0.2083333124999999,0.2933285895686607
spider2,spider2/spider2-tickit002,spider2-tickit002,0.8203027427756909,0.17969725722430907,15,hard,0.123076923076923,0.2133333333333333,0.3116978594016256
gaia,gaia/gaia-bfcd99e1-0690-4b53-a85c-0174a8629083,gaia-bfcd99e1-0690-4b53-a85c-0174a8629083,0.8205820029459789,0.17941799705402106,20,medium,0.6461538461538462,0.6074999999999999,0.4207953778263255
gaia,gaia/gaia-a3fbeb63-0e8c-4a11-bff6-0e3b484c3e9c,gaia-a3fbeb63-0e8c-4a11-bff6-0e3b484c3e9c,0.8205820029459789,0.17941799705402106,20,easy,0.7076923076923076,0.65,0.4043513323831146
gaia,gaia/gaia-a1e91b78-d3d8-4675-bb8d-62741b4b68a6,gaia-a1e91b78-d3d8-4675-bb8d-62741b4b68a6,0.8208535797750164,0.17914642022498362,20,medium,0.5692307692307692,0.5599999999999999,0.3611094017053557
gaia,gaia/gaia-e29834fd-413a-455c-a33e-c3915b07401c,gaia-e29834fd-413a-455c-a33e-c3915b07401c,0.8208535797750164,0.17914642022498362,20,medium,0.5769230769230769,0.57,0.3536947836765479
labbench,labbench/labbench-figqa-0119,labbench-figqa-0119,0.8213013440081627,0.17869865599183732,13,frontier,0.023076923076923,0.0461538461538461,0.0842650088469486
swtbench,swtbench/swtbench-matplotlib__matplotlib-24177,swtbench-matplotlib__matplotlib-24177,0.8214810262905707,0.17851897370942926,12,medium,0.4923076923076923,0.5416666666666666,0.3839668677836091
spider2,spider2/spider2-quickbooks002,spider2-quickbooks002,0.8219576731029068,0.1780423268970932,14,medium,0.6576923076923078,0.5785714285714286,0.4442949011452567
aider-polyglot,aider-polyglot/polyglot_javascript_affine-cipher,polyglot_javascript_affine-cipher,0.8220594638519654,0.17794053614803462,26,easy,0.8230769230769232,0.8230769230769232,0.2952283240368537
swebench-verified,swebench-verified/swebench-verified-sympy__sympy-18698,swebench-verified-sympy__sympy-18698,0.822252060337264,0.17774793966273605,20,medium,0.5461538461538461,0.53,0.3363034344160048
gpqa-diamond,gpqa-diamond/gpqa-diamond-190,gpqa-diamond-190,0.8225995988948096,0.1774004011051904,17,easy,0.8705128076923077,0.8019607647058824,0.2897983813050091
usaco,usaco/usaco-1138,usaco-1138,0.8228761872312045,0.17712381276879552,20,medium,0.5115384615384616,0.515,0.4219300889957955
featurebench-modal,featurebench-modal/featurebench-modal-huggingface__transformers.e2e8dbed.test_modeling_vitpose.30ffd86e.lv2,featurebench-modal-huggingface__transformers.e2e8dbed.test_modeling_vitpose.30ffd86e.lv2,0.8230453855206679,0.17695461447933214,26,hard,0.1365384615384615,0.1365384615384615,0.3080826850512738
replicationbench,replicationbench/replicationbench-disk_ridges__gaia_dr2_all,replicationbench-disk_ridges__gaia_dr2_all,0.8235513082961591,0.17644869170384092,17,hard,0.1192307692307692,0.1823529411764706,0.2657134303465407
gaia,gaia/gaia-1dcc160f-c187-48c2-b68e-319bd4354f3d,gaia-1dcc160f-c187-48c2-b68e-319bd4354f3d,0.8235836910816232,0.17641630891837679,20,hard,0.1179487307692307,0.1533333499999999,0.2423037932477069
aider-polyglot,aider-polyglot/polyglot_python_proverb,polyglot_python_proverb,0.8239101139956417,0.17608988600435826,26,medium,0.4538461538461539,0.4538461538461539,0.4316611645107138
gaia,gaia/gaia-08c0b6e9-1b43-4c2e-ae55-4e3fce2c2715,gaia-08c0b6e9-1b43-4c2e-ae55-4e3fce2c2715,0.8240898373360354,0.17591016266396464,20,medium,0.3076923076923077,0.31,0.3254228019054595
gaia,gaia/gaia-b9763138-c053-4832-9f55-86200cb1f99c,gaia-b9763138-c053-4832-9f55-86200cb1f99c,0.8240898373360354,0.17591016266396464,20,medium,0.5211538461538462,0.4974999999999999,0.3414948755105997
gaia,gaia/gaia-983bba7c-c092-455f-b6c9-7857003d48fc,gaia-983bba7c-c092-455f-b6c9-7857003d48fc,0.8241680143255489,0.17583198567445113,20,hard,0.2974358846153846,0.32666665,0.3533333330188754
swtbench,swtbench/swtbench-django__django-16255,swtbench-django__django-16255,0.8244490912672019,0.1755509087327981,12,easy,0.7576923076923077,0.7083333333333334,0.2928547231800929
reasoning-gym,reasoning-gym/reasoning-gym-geometry-advanced-geometry-hard0292e21f-seed45-0,reasoning-gym-geometry-advanced-geometry-hard0292e21f-seed45-0,0.8244519233334597,0.17554807666654026,12,easy,0.8853846153846153,0.7516666666666666,0.3786122320029058
aider-polyglot,aider-polyglot/polyglot_rust_word-count,polyglot_rust_word-count,0.8248758378426877,0.1751241621573123,26,easy,0.8461538461538461,0.8461538461538461,0.284511415521645
gpqa-diamond,gpqa-diamond/gpqa-diamond-154,gpqa-diamond-154,0.8251029993600772,0.17489700063992275,20,saturated,0.9717948846153848,0.96333335,0.0906151268951685
featurebench-modal,featurebench-modal/featurebench-modal-pandas-dev__pandas.82fa2715.test_merge_antijoin.921feefe.lv1,featurebench-modal-pandas-dev__pandas.82fa2715.test_merge_antijoin.921feefe.lv1,0.8252063976914467,0.17479360230855334,26,hard,0.2211538461538461,0.2211538461538461,0.3828468957195946
labbench,labbench/labbench-figqa-0055,labbench-figqa-0055,0.8252407916585633,0.17475920834143666,13,frontier,0.0384615384615384,0.0769230769230769,0.1846153846153846
labbench,labbench/labbench-figqa-0103,labbench-figqa-0103,0.8252407916585633,0.17475920834143666,13,frontier,0.0076923076923076,0.0153846153846153,0.0532938710021193
kumo,kumo/kumo-oskernelenv-t4-a6-v1-s0,kumo-oskernelenv-t4-a6-v1-s0,0.8252410621037795,0.17475893789622055,18,saturated,0.9679487307692308,0.9537037222222222,0.1338595185756759
gpqa-diamond,gpqa-diamond/gpqa-diamond-146,gpqa-diamond-146,0.8252410621037795,0.17475893789622055,18,saturated,0.9679487307692308,0.9537037222222222,0.1338595185756759
kumo,kumo/kumo-leadershipenv-t4-a6-v1-s0,kumo-leadershipenv-t4-a6-v1-s0,0.8252410621037795,0.17475893789622055,16,saturated,0.9679487307692308,0.9479166875,0.1409140131945359
kumo,kumo/kumo-marineenv-t4-a6-v1-s0,kumo-marineenv-t4-a6-v1-s0,0.8252410621037796,0.17475893789622043,18,saturated,0.9679487307692308,0.9537037222222222,0.1338595185756759
swtbench,swtbench/swtbench-pytest-dev__pytest-6197,swtbench-pytest-dev__pytest-6197,0.8252595699098089,0.17474043009019113,12,medium,0.4769230769230769,0.4499999999999999,0.2327373340628156
aime,aime/aime_i-9,aime_i-9,0.8255875832561212,0.17441241674387875,19,easy,0.7307692307692307,0.7052631578947368,0.3586872031384599
featurebench-modal,featurebench-modal/featurebench-modal-lightning-ai__pytorch-lightning.126fa6f1.test_fsdp_integration.61c07610.lv2,featurebench-modal-lightning-ai__pytorch-lightning.126fa6f1.test_fsdp_integration.61c07610.lv2,0.8256585309482198,0.17434146905178016,26,medium,0.6653846153846155,0.6653846153846155,0.416202897720578
bigcodebench,bigcodebench/bigcodebench_1020,bigcodebench_1020,0.825659183042561,0.17434081695743897,26,easy,0.9064102692307692,0.9064102692307692,0.2195603919502572
swtbench,swtbench/swtbench-astropy__astropy-14598,swtbench-astropy__astropy-14598,0.8258032008948976,0.17419679910510244,14,easy,0.8153846153846154,0.7428571428571428,0.3245090483314442
kumo,kumo/kumo-transportenv-t4-a6-v1-s0,kumo-transportenv-t4-a6-v1-s0,0.825819860179049,0.17418013982095104,18,easy,0.9314102692307692,0.9009259444444444,0.1727118435385857
aider-polyglot,aider-polyglot/polyglot_go_bottle-song,polyglot_go_bottle-song,0.8258521524705553,0.17414784752944468,26,medium,0.5346153846153846,0.5346153846153846,0.3889752886083241
featurebench-modal,featurebench-modal/featurebench-modal-huggingface__transformers.e2e8dbed.test_processing_samhq.7732c356.lv1,featurebench-modal-huggingface__transformers.e2e8dbed.test_processing_samhq.7732c356.lv1,0.8258724277574797,0.1741275722425203,25,medium,0.3192307692307692,0.324,0.3487463261455237
swebench-multilingual,swebench-multilingual/swebench-multilingual-gin-gonic__gin-3820,swebench-multilingual-gin-gonic__gin-3820,0.8259137755323191,0.17408622446768085,14,hard,0.1442307692307692,0.2678571428571428,0.4060291786036454
swebench-multilingual,swebench-multilingual/swebench-multilingual-babel__babel-15445,swebench-multilingual-babel__babel-15445,0.8259137755323191,0.17408622446768085,15,hard,0.2,0.3466666666666667,0.4645667037382492
simpleqa,simpleqa/simpleqa-3796,simpleqa-3796,0.8260460528062901,0.17395394719370993,20,medium,0.6692307692307692,0.6,0.4381780460041329
ineqmath,ineqmath/ineqmath-92,ineqmath-92,0.8264270276496196,0.17357297235038038,20,easy,0.7500000000000001,0.72,0.3171750305430741
mmmlu,mmmlu/mmmlu-de-de-00021,mmmlu-de-de-00021,0.8264718194998959,0.1735281805001041,18,hard,0.2115384615384615,0.3055555555555556,0.3778186252426512
mmmlu,mmmlu/mmmlu-ko-kr-00101,mmmlu-ko-kr-00101,0.8264718194998959,0.1735281805001041,17,hard,0.1153846153846153,0.1764705882352941,0.3812200410828153
bixbench,bixbench/bix-33-q6,bix-33-q6,0.8266915797932435,0.17330842020675652,20,easy,0.9230769230769232,0.9,0.3
bixbench,bixbench/bix-41-q4,bix-41-q4,0.8266915797932435,0.17330842020675652,20,easy,0.8692307692307693,0.8300000000000001,0.3363034344160048
gpqa-diamond,gpqa-diamond/gpqa-diamond-176,gpqa-diamond-176,0.8271823745973582,0.17281762540264178,20,easy,0.9217948846153846,0.89833335,0.2090919336613143
gpqa-diamond,gpqa-diamond/gpqa-diamond-194,gpqa-diamond-194,0.8272796329500968,0.17272036704990323,18,easy,0.8794871923076923,0.8259259444444444,0.3096305061568407
lawbench,lawbench/lawbench-1-1-15-one-shot,lawbench-1-1-15-one-shot,0.8273665789257263,0.1726334210742737,16,hard,0.2741567692307692,0.32578975,0.3253759518221767
omnimath,omnimath/omnimath_1913,omnimath_1913,0.827694892281061,0.17230510771893903,25,saturated,0.9615384615384616,0.96,0.0979795897113271
featurebench-modal,featurebench-modal/featurebench-modal-mlflow__mlflow.93dab383.test_trace_manager.bb95fbcd.lv1,featurebench-modal-mlflow__mlflow.93dab383.test_trace_manager.bb95fbcd.lv1,0.8279755552021405,0.1720244447978595,25,medium,0.3,0.312,0.4198285364288616
kumo,kumo/kumo-educationenv-t12-a16-v1-s0,kumo-educationenv-t12-a16-v1-s0,0.828100525652273,0.171899474347727,17,easy,0.8461538461538461,0.7647058823529411,0.4241825029957634
livecodebench,livecodebench/livecodebench-2850,livecodebench-2850,0.8283110612456935,0.17168893875430646,18,easy,0.8846153846153846,0.8333333333333334,0.2581988897471611
aider-polyglot,aider-polyglot/polyglot_go_two-bucket,polyglot_go_two-bucket,0.8283498000343469,0.17165019996565312,26,medium,0.6346153846153845,0.6346153846153845,0.3771780926955693
gpqa-diamond,gpqa-diamond/gpqa-diamond-5,gpqa-diamond-5,0.8285340348257808,0.1714659651742192,18,saturated,0.975,0.963888888888889,0.0813182287128024
gpqa-diamond,gpqa-diamond/gpqa-diamond-153,gpqa-diamond-153,0.8285340348257808,0.1714659651742192,19,saturated,0.9846153846153848,0.9789473684210528,0.0613784409983715
replicationbench,replicationbench/replicationbench-mars_clouds__dbscan_optimization,replicationbench-mars_clouds__dbscan_optimization,0.8288046227931167,0.17119537720688327,17,easy,0.8173076923076923,0.7205882352941176,0.3777093589806741
bfcl,bfcl/bfcl-simple-python-325,bfcl-simple-python-325,0.8292849321087362,0.17071506789126378,26,easy,0.9384615384615383,0.9384615384615383,0.1332346775052982
swebench-multilingual,swebench-multilingual/swebench-multilingual-projectlombok__lombok-3326,swebench-multilingual-projectlombok__lombok-3326,0.8298663772942796,0.1701336227057204,13,hard,0.1538461538461538,0.3076923076923077,0.4177992496615467
lawbench,lawbench/lawbench-2-9-17-zero-shot,lawbench-2-9-17-zero-shot,0.8301032419719543,0.1698967580280457,20,easy,0.7655778846153847,0.7552512500000002,0.1449119834333499
lawbench,lawbench/lawbench-2-4-13-zero-shot,lawbench-2-4-13-zero-shot,0.8301032419719543,0.1698967580280457,20,medium,0.5649358846153847,0.55291665,0.1501997423340915
simpleqa,simpleqa/simpleqa-140,simpleqa-140,0.830244092400171,0.16975590759982895,20,medium,0.5923076923076922,0.5599999999999999,0.4270831300812524
simpleqa,simpleqa/simpleqa-661,simpleqa-661,0.830244092400171,0.16975590759982895,20,medium,0.5,0.5,0.412310562561766
swtbench,swtbench/swtbench-django__django-14089,swtbench-django__django-14089,0.8312605759009796,0.16873942409902043,13,easy,0.95,0.9000000000000001,0.1467598771410685
ineqmath,ineqmath/ineqmath-57,ineqmath-57,0.8313962446412879,0.16860375535871208,15,medium,0.6025641153846154,0.5861111333333333,0.2940091308315932
simpleqa,simpleqa/simpleqa-18,simpleqa-18,0.8314412709464933,0.16855872905350666,20,medium,0.5230769230769231,0.53,0.391279950930277
medagentbench,medagentbench/medagentbench-task1_19,medagentbench-task1_19,0.8314563487078904,0.16854365129210958,20,medium,0.6230769230769231,0.6300000000000001,0.3593048844644336
aime,aime/aime_ii-15,aime_ii-15,0.8314921075518809,0.16850789244811915,18,medium,0.6878205000000001,0.6935185,0.3245671058612362
swtbench,swtbench/swtbench-django__django-14855,swtbench-django__django-14855,0.831503157550517,0.16849684244948304,12,medium,0.5051281923076923,0.5111110833333333,0.2671292469347183
labbench,labbench/labbench-figqa-0159,labbench-figqa-0159,0.8315541173068404,0.16844588269315963,13,easy,0.7750000000000001,0.75,0.3246299668616799
simpleqa,simpleqa/simpleqa-3685,simpleqa-3685,0.8319953631414507,0.16800463685854927,20,easy,0.8615384615384615,0.82,0.267581763205193
simpleqa,simpleqa/simpleqa-683,simpleqa-683,0.832109501830511,0.16789049816948898,20,easy,0.7076923076923076,0.68,0.2925747767665559
replicationbench,replicationbench/replicationbench-mars_clouds__dbscan_test,replicationbench-mars_clouds__dbscan_test,0.8322204821594016,0.1677795178405984,17,hard,0.1525641153846154,0.2333333529411765,0.2998910760865452
mmmlu,mmmlu/mmmlu-yo-ng-00141,mmmlu-yo-ng-00141,0.832703959966059,0.16729604003394105,17,hard,0.1346153846153846,0.2058823529411764,0.3857316779001177
featurebench-modal,featurebench-modal/featurebench-modal-huggingface__transformers.e2e8dbed.test_modeling_vitmatte.2d342386.lv1,featurebench-modal-huggingface__transformers.e2e8dbed.test_modeling_vitmatte.2d342386.lv1,0.8328179033336659,0.1671820966663341,26,frontier,0.0397435769230769,0.0397435769230769,0.1176766330828071
medagentbench,medagentbench/medagentbench-task6_5,medagentbench-task6_5,0.8328849933216769,0.16711500667832313,20,easy,0.7615384615384616,0.7499999999999999,0.2673948391424187
labbench,labbench/labbench-figqa-0092,labbench-figqa-0092,0.8330037615907664,0.1669962384092336,13,hard,0.2923076923076923,0.3846153846153846,0.387985237320569
gaia,gaia/gaia-ebbc1f13-d24d-40df-9068-adcf735b4240,gaia-ebbc1f13-d24d-40df-9068-adcf735b4240,0.8331231130834271,0.16687688691657288,20,hard,0.1288461538461538,0.1675,0.2325268801665734
mmmlu,mmmlu/mmmlu-ar-xy-00003,mmmlu-ar-xy-00003,0.8331603990796638,0.16683960092033623,19,saturated,0.9551282307692308,0.9385965263157896,0.145201209352064
labbench,labbench/labbench-figqa-0086,labbench-figqa-0086,0.8333173032223711,0.16668269677762892,13,hard,0.2307692307692308,0.2615384615384615,0.2527950265408459
gaia,gaia/gaia-9318445f-fe6a-4e1b-acbf-c68228c9906a,gaia-9318445f-fe6a-4e1b-acbf-c68228c9906a,0.8334502323392156,0.16654976766078444,20,hard,0.0538461538461538,0.0699999999999999,0.1819340539866025
gaia,gaia/gaia-cca70ce6-1952-45d2-acd4-80c903b0bc49,gaia-cca70ce6-1952-45d2-acd4-80c903b0bc49,0.8334502323392156,0.16654976766078444,20,hard,0.1153846153846153,0.15,0.2889636655359978
usaco,usaco/usaco-345,usaco-345,0.8335577475012509,0.1664422524987491,19,medium,0.4403846153846154,0.4552631578947367,0.3590538505433798
usaco,usaco/usaco-1229,usaco-1229,0.8335793787068669,0.16642062129313306,20,medium,0.5089743461538462,0.49666665,0.3789825632166043
bfcl,bfcl/bfcl-simple-python-87,bfcl-simple-python-87,0.8336121673800616,0.1663878326199384,26,saturated,0.953846153846154,0.953846153846154,0.1393136175098064
bfcl,bfcl/bfcl-simple-python-169,bfcl-simple-python-169,0.8336121673800616,0.1663878326199384,26,saturated,0.953846153846154,0.953846153846154,0.1008836696046461
reasoning-gym,reasoning-gym/reasoning-gym-algorithmic-word-sequence-reversal-easy00cea0a5-seed45-0,reasoning-gym-algorithmic-word-sequence-reversal-easy00cea0a5-seed45-0,0.8336302630891785,0.16636973691082146,20,saturated,0.9769230769230768,0.97,0.0714142842854284
algotune,algotune/algotune-power-control,algotune-power-control,0.8341290763984686,0.16587092360153144,22,medium,0.626945494052497,0.6034830323648617,0.3218189535769092
algotune,algotune/algotune-ode-seirs,algotune-ode-seirs,0.8341290763984686,0.16587092360153144,22,medium,0.5678142974996779,0.5355482489610247,0.3252739505613473
swebench-multilingual,swebench-multilingual/swebench-multilingual-projectlombok__lombok-3312,swebench-multilingual-projectlombok__lombok-3312,0.8342275366002287,0.16577246339977125,14,medium,0.6538461538461539,0.5714285714285714,0.4573660169594892
bfcl,bfcl/bfcl-live-multiple-717-165-4,bfcl-live-multiple-717-165-4,0.8344077300844857,0.16559226991551435,26,hard,0.2538461538461539,0.2538461538461539,0.3488781683214944
bfcl,bfcl/bfcl-live-multiple-733-167-4,bfcl-live-multiple-733-167-4,0.8344077300844857,0.16559226991551435,26,hard,0.2692307692307692,0.2692307692307692,0.3677051816220652
bfcl,bfcl/bfcl-live-irrelevance-778-287-0,bfcl-live-irrelevance-778-287-0,0.8346365323285488,0.16536346767145116,26,easy,0.9384615384615386,0.9384615384615386,0.1332346775052982
crustbench,crustbench/crustbench-slothlang,crustbench-slothlang,0.8347224267224954,0.16527757327750459,22,easy,0.7269230769230769,0.6772727272727272,0.3848633974681715
gaia,gaia/gaia-5b2a14e8-6e59-479c-80e3-4696e8980152,gaia-5b2a14e8-6e59-479c-80e3-4696e8980152,0.8347597111266116,0.16524028887338837,20,hard,0.2903846153846154,0.3175,0.3511676949834651
ineqmath,ineqmath/ineqmath-71,ineqmath-71,0.8349022717928017,0.16509772820719826,20,easy,0.7461538461538463,0.7300000000000001,0.3163858403911275
gpqa-diamond,gpqa-diamond/gpqa-diamond-80,gpqa-diamond-80,0.8351015794364807,0.16489842056351933,19,easy,0.8730769230769232,0.8263157894736842,0.2749968521602765
reasoning-gym,reasoning-gym/reasoning-gym-algorithmic-number-filtering-easy00cea0a5-seed45-2,reasoning-gym-algorithmic-number-filtering-easy00cea0a5-seed45-2,0.8351270178068979,0.1648729821931021,20,easy,0.9230769230769232,0.9,0.2144761058952722
simpleqa,simpleqa/simpleqa-3515,simpleqa-3515,0.8352007915304187,0.1647992084695813,20,medium,0.6307692307692307,0.58,0.4044749683231337
aider-polyglot,aider-polyglot/polyglot_javascript_queen-attack,polyglot_javascript_queen-attack,0.8357292994352107,0.16427070056478932,26,medium,0.6923076923076923,0.6923076923076923,0.3852302777091974
spider2,spider2/spider2-tickit001,spider2-tickit001,0.8357345219568936,0.16426547804310643,15,easy,0.7807692307692308,0.62,0.4563624290699955
crustbench,crustbench/crustbench-libvcd,crustbench-libvcd,0.8357955312567468,0.16420446874325323,22,medium,0.6205128076923077,0.6060605909090908,0.3902390416678963
ineqmath,ineqmath/ineqmath-48,ineqmath-48,0.8359661711202115,0.16403382887978846,15,easy,0.9288461538461538,0.8766666666666667,0.2414309194964242
simpleqa,simpleqa/simpleqa-2074,simpleqa-2074,0.835967084529774,0.16403291547022603,20,medium,0.6307692307692307,0.6099999999999999,0.3766961640367472
reasoning-gym,reasoning-gym/reasoning-gym-algorithmic-string-manipulation-easy00cea0a5-seed45-1,reasoning-gym-algorithmic-string-manipulation-easy00cea0a5-seed45-1,0.8360947131455152,0.1639052868544848,20,easy,0.9136752307692309,0.8877778000000001,0.2133188723108201
reasoning-gym,reasoning-gym/reasoning-gym-arithmetic-number-format-hard0292e21f-seed45-1,reasoning-gym-arithmetic-number-format-hard0292e21f-seed45-1,0.8360947131455152,0.1639052868544848,13,easy,0.9346153846153846,0.8692307692307693,0.2865836309261101
swebench-multilingual,swebench-multilingual/swebench-multilingual-jekyll__jekyll-8167,swebench-multilingual-jekyll__jekyll-8167,0.8363351569351924,0.16366484306480755,15,medium,0.5128205,0.5222222,0.4199500364167464
seal0,seal0/seal0-38,seal0-38,0.8364202660583522,0.16357973394164782,26,medium,0.5717948846153846,0.5717948846153846,0.3410256445922558
swebench-multilingual,swebench-multilingual/swebench-multilingual-preactjs__preact-2927,swebench-multilingual-preactjs__preact-2927,0.8372195362663736,0.16278046373362642,13,easy,0.8076923076923077,0.6153846153846154,0.4865042554105199
reasoning-gym,reasoning-gym/reasoning-gym-algebra-polynomial-multiplication-hard0292e21f-seed45-1,reasoning-gym-algebra-polynomial-multiplication-hard0292e21f-seed45-1,0.8374788326944693,0.16252116730553068,12,easy,0.8942307692307693,0.7708333333333334,0.3744208490752381
gpqa-diamond,gpqa-diamond/gpqa-diamond-84,gpqa-diamond-84,0.837478972366179,0.16252102763382104,18,saturated,0.9596153846153844,0.9416666666666668,0.1157703665787483
featurebench-modal,featurebench-modal/featurebench-modal-pydata__xarray.97f3a746.test_coordinate_transform.6cacb660.lv1,featurebench-modal-pydata__xarray.97f3a746.test_coordinate_transform.6cacb660.lv1,0.8374925167008139,0.16250748329918607,26,hard,0.1282051153846153,0.1282051153846153,0.2803679277038446
medagentbench,medagentbench/medagentbench-task1_2,medagentbench-task1_2,0.8376808671899296,0.16231913281007038,20,medium,0.6615384615384615,0.6500000000000001,0.3090307428072488
kumo,kumo/kumo-timetravelenv-t4-a6-v1-s1,kumo-timetravelenv-t4-a6-v1-s1,0.838064419821923,0.16193558017807697,15,easy,0.9288461538461538,0.8766666666666667,0.2821740991342441
aime,aime/aime_66,aime_66,0.8382717576751316,0.16172824232486838,20,easy,0.9153846153846156,0.89,0.1609347693943108
swebench-multilingual,swebench-multilingual/swebench-multilingual-apache__lucene-12022,swebench-multilingual-apache__lucene-12022,0.8384193759237414,0.16158062407625862,15,hard,0.073076923076923,0.1266666666666666,0.2792052212182923
featurebench-modal,featurebench-modal/featurebench-modal-mlflow__mlflow.93dab383.test_assessment.df512d1b.lv1,featurebench-modal-mlflow__mlflow.93dab383.test_assessment.df512d1b.lv1,0.8384193759237417,0.16158062407625828,12,frontier,0.0365384615384615,0.0791666666666666,0.1520119695579558
featurebench-modal,featurebench-modal/featurebench-modal-pandas-dev__pandas.82fa2715.test_info.d8a64ebf.lv1,featurebench-modal-pandas-dev__pandas.82fa2715.test_info.d8a64ebf.lv1,0.8394539834979494,0.16054601650205058,13,hard,0.1153846153846153,0.2307692307692307,0.4213250442347432
ineqmath,ineqmath/ineqmath-30,ineqmath-30,0.8396968429489906,0.1603031570510094,20,easy,0.9384615384615383,0.92,0.1599999999999999
gaia,gaia/gaia-a0068077-79f4-461a-adfe-75c1a4148545,gaia-a0068077-79f4-461a-adfe-75c1a4148545,0.8397625356919937,0.16023746430800634,20,easy,0.7692307692307693,0.7000000000000001,0.4074309757492672
gaia,gaia/gaia-da52d699-e8d2-4dc5-9191-a2199e0b6a9b,gaia-da52d699-e8d2-4dc5-9191-a2199e0b6a9b,0.8398063092011842,0.16019369079881585,20,medium,0.5692307692307692,0.5599999999999999,0.349857113690718
gaia,gaia/gaia-e8cb5b03-41e0-4086-99e5-f6806cd97211,gaia-e8cb5b03-41e0-4086-99e5-f6806cd97211,0.8398063092011842,0.16019369079881585,20,medium,0.5538461538461539,0.54,0.4004996878900157
aime,aime/aime_72,aime_72,0.8398214856229397,0.16017851437706032,19,saturated,0.9846153846153848,0.9789473684210528,0.0613784409983715
reasoning-gym,reasoning-gym/reasoning-gym-code-bf-easy00cea0a5-seed45-1,reasoning-gym-code-bf-easy00cea0a5-seed45-1,0.8403407014506935,0.1596592985493065,13,easy,0.8871795,0.774359,0.317348473525434
featurebench-modal,featurebench-modal/featurebench-modal-sphinx-doc__sphinx.e347e59c.test_domain_c.4068b9e8.lv1,featurebench-modal-sphinx-doc__sphinx.e347e59c.test_domain_c.4068b9e8.lv1,0.8403591991604364,0.15964080083956356,26,hard,0.1833333461538461,0.1833333461538461,0.322284864305924
reasoning-gym,reasoning-gym/reasoning-gym-algebra-simple-equations-easy00cea0a5-seed45-2,reasoning-gym-algebra-simple-equations-easy00cea0a5-seed45-2,0.840500928994589,0.15949907100541105,20,saturated,0.9538461538461538,0.94,0.1658647909862126
mmmlu,mmmlu/mmmlu-hi-in-00069,mmmlu-hi-in-00069,0.8410513716160841,0.15894862838391588,18,easy,0.9487179615384616,0.9259259444444444,0.1687117044897308
livecodebench,livecodebench/livecodebench-abc337_d,livecodebench-abc337_d,0.8412281004638866,0.15877189953611337,18,easy,0.933333346153846,0.9037037222222222,0.1832116827970086
swtbench,swtbench/swtbench-pydata__xarray-4356,swtbench-pydata__xarray-4356,0.8413491848907213,0.1586508151092787,12,frontier,0.0384615384615384,0.0833333333333333,0.1724013405464766
swtbench,swtbench/swtbench-sphinx-doc__sphinx-8721,swtbench-sphinx-doc__sphinx-8721,0.8413491848907213,0.1586508151092787,12,hard,0.0538461538461538,0.1166666666666666,0.1907587190376599
mmmlu,mmmlu/mmmlu-yo-ng-00149,mmmlu-yo-ng-00149,0.8413906106519947,0.15860938934800528,18,easy,0.8929487307692308,0.8453703888888889,0.245942740319354
mmmlu,mmmlu/mmmlu-de-de-00026,mmmlu-de-de-00026,0.8413906106519947,0.15860938934800528,15,easy,0.9102564230769232,0.8444444666666667,0.2948111042015133
replicationbench,replicationbench/replicationbench-ver_waves__sun_height_corrected,replicationbench-ver_waves__sun_height_corrected,0.841520132228575,0.15847986777142498,17,medium,0.3923076923076923,0.388235294117647,0.3462103286955803
medagentbench,medagentbench/medagentbench-task4_29,medagentbench-task4_29,0.8419191903779221,0.15808080962207793,20,easy,0.9230769230769232,0.9,0.2049390153191919
bfcl,bfcl/bfcl-live-irrelevance-511-151-0,bfcl-live-irrelevance-511-151-0,0.8419364754048397,0.15806352459516027,26,hard,0.1769230769230769,0.1769230769230769,0.300394218304102
bfcl,bfcl/bfcl-live-irrelevance-698-227-1,bfcl-live-irrelevance-698-227-1,0.8419364754048397,0.15806352459516027,26,hard,0.123076923076923,0.123076923076923,0.2606319130168833
aider-polyglot,aider-polyglot/polyglot_go_book-store,polyglot_go_book-store,0.8419384311331466,0.1580615688668534,26,medium,0.6538461538461539,0.6538461538461539,0.3744028776503986
aider-polyglot,aider-polyglot/polyglot_java_food-chain,polyglot_java_food-chain,0.8424470641839178,0.1575529358160822,26,medium,0.3153846153846154,0.3153846153846154,0.3728191020323887
swebench-multilingual,swebench-multilingual/swebench-multilingual-astral-sh__ruff-15626,swebench-multilingual-astral-sh__ruff-15626,0.8429232021005161,0.15707679789948392,15,medium,0.4961538461538461,0.4933333333333333,0.4479087208597553
seal0,seal0/seal0-78,seal0-78,0.8431839653162747,0.1568160346837253,26,easy,0.7384615384615384,0.7384615384615384,0.340900304710159
seal0,seal0/seal0-105,seal0-105,0.8431839653162747,0.1568160346837253,26,medium,0.6192307692307693,0.6192307692307693,0.3587041107281242
gaia,gaia/gaia-9e1fc53b-46ff-49a1-9d05-9e6faac34cc5,gaia-9e1fc53b-46ff-49a1-9d05-9e6faac34cc5,0.8432117181793288,0.15678828182067117,20,medium,0.3307692307692307,0.37,0.391279950930277
featurebench-modal,featurebench-modal/featurebench-modal-sphinx-doc__sphinx.e347e59c.test_command_line.039d53a2.lv1,featurebench-modal-sphinx-doc__sphinx.e347e59c.test_command_line.039d53a2.lv1,0.8433223959208286,0.15667760407917142,26,medium,0.435256423076923,0.435256423076923,0.4699137764328663
seal0,seal0/seal0-69,seal0-69,0.8435864489961078,0.1564135510038922,26,frontier,0.0384615384615384,0.0384615384615384,0.1570813681281702
seal0,seal0/seal0-34,seal0-34,0.8435864489961078,0.1564135510038922,25,hard,0.1,0.104,0.2537400244344593
labbench,labbench/labbench-figqa-0172,labbench-figqa-0172,0.8436120960595677,0.15638790394043234,13,hard,0.2153846153846154,0.2307692307692308,0.2461538461538461
simpleqa,simpleqa/simpleqa-1120,simpleqa-1120,0.8436725648810979,0.15632743511890212,20,medium,0.6076923076923078,0.6100000000000001,0.3766961640367472
seal0,seal0/seal0-59,seal0-59,0.8437261459224482,0.1562738540775518,26,hard,0.1615384615384615,0.1615384615384615,0.3039191733098217
seal0,seal0/seal0-57,seal0-57,0.8437261459224482,0.1562738540775518,26,hard,0.2685897307692307,0.2685897307692307,0.3662680480482059
medagentbench,medagentbench/medagentbench-task1_27,medagentbench-task1_27,0.843772586222258,0.15622741377774196,20,medium,0.6307692307692309,0.64,0.3261901286060018
algotune,algotune/algotune-robust-kalman-filter,algotune-robust-kalman-filter,0.8437776220831956,0.15622237791680438,22,medium,0.3826920611843686,0.3577210580538006,0.3070676192465724
algotune,algotune/algotune-spectral-clustering,algotune-spectral-clustering,0.8437776220831956,0.15622237791680438,22,medium,0.3959422662024935,0.3738590782135133,0.2696990496581497
crustbench,crustbench/crustbench-jccc,crustbench-jccc,0.8437860926647586,0.15621390733524143,23,easy,0.7179487307692308,0.7072463913043479,0.3764769959246011
gpqa-diamond,gpqa-diamond/gpqa-diamond-108,gpqa-diamond-108,0.8441986958587329,0.15580130414126714,20,easy,0.8794871923076923,0.84333335,0.2607893886304186
gpqa-diamond,gpqa-diamond/gpqa-diamond-45,gpqa-diamond-45,0.8441986958587329,0.15580130414126714,17,easy,0.8320512692307692,0.7431372352941177,0.3542025617470601
mmmlu,mmmlu/mmmlu-bn-bd-00017,mmmlu-bn-bd-00017,0.8445361269189038,0.15546387308109622,18,saturated,0.9871795,0.9814815,0.0763537315280006
livecodebench,livecodebench/livecodebench-arc189_b,livecodebench-arc189_b,0.8446884766524414,0.1553115233475586,18,easy,0.7820512692307692,0.6851851666666666,0.3924004202968428
algotune,algotune/algotune-dct-type-i-scipy-fftpack,algotune-dct-type-i-scipy-fftpack,0.8447404466233027,0.15525955337669728,25,medium,0.4193208372639302,0.4118626468630506,0.3046909285676395
algotune,algotune/algotune-dst-type-ii-scipy-fftpack,algotune-dst-type-ii-scipy-fftpack,0.8447404466233027,0.15525955337669728,25,medium,0.3636999205673905,0.3573103725507198,0.3094127999063657
mmmlu,mmmlu/mmmlu-yo-ng-00148,mmmlu-yo-ng-00148,0.8452520968735353,0.1547479031264647,20,hard,0.2615384615384615,0.31,0.3973663297261104
crustbench,crustbench/crustbench-morton,crustbench-morton,0.8454310701180439,0.15456892988195614,22,medium,0.6230769615384614,0.6212121363636364,0.3614708264884023
swebench-multilingual,swebench-multilingual/swebench-multilingual-sharkdp__bat-3108,swebench-multilingual-sharkdp__bat-3108,0.8455511344328083,0.15444886556719173,14,medium,0.3525641153846154,0.4404762142857143,0.4612231218625069
swebench-multilingual,swebench-multilingual/swebench-multilingual-projectlombok__lombok-3009,swebench-multilingual-projectlombok__lombok-3009,0.8455511344328083,0.15444886556719173,14,medium,0.5,0.5,0.4629100498862757
seal0,seal0/seal0-93,seal0-93,0.8457136255821377,0.1542863744178623,26,easy,0.7032051153846154,0.7032051153846154,0.3172403600407653
seal0,seal0/seal0-32,seal0-32,0.8457136255821377,0.1542863744178623,26,medium,0.5525641153846154,0.5525641153846154,0.4033961713239162
medagentbench,medagentbench/medagentbench-task9_11,medagentbench-task9_11,0.8464393032863907,0.15356069671360928,20,medium,0.5461538461538462,0.53,0.4255584566190643
medagentbench,medagentbench/medagentbench-task9_29,medagentbench-task9_29,0.8464393032863907,0.15356069671360928,20,medium,0.4538461538461539,0.4700000000000001,0.3241913015489465
gaia,gaia/gaia-8f80e01c-1296-4371-9486-bb3d68651a60,gaia-8f80e01c-1296-4371-9486-bb3d68651a60,0.8464871564722398,0.15351284352776018,20,hard,0.1826923076923076,0.2375,0.3684002578717881
medagentbench,medagentbench/medagentbench-task1_11,medagentbench-task1_11,0.8465884484685043,0.15341155153149566,20,easy,0.730769230769231,0.71,0.3254228019054596
gpqa-diamond,gpqa-diamond/gpqa-diamond-105,gpqa-diamond-105,0.8467740300756527,0.15322596992434734,19,easy,0.8961538461538461,0.8578947368421053,0.2208018627726634
aime,aime/aime_70,aime_70,0.8467835400922372,0.15321645990776278,20,easy,0.8269230769230769,0.775,0.3603817420458478
medagentbench,medagentbench/medagentbench-task6_9,medagentbench-task6_9,0.8467865279377326,0.15321347206226743,20,easy,0.8692307692307693,0.8300000000000001,0.2389560629069703
medagentbench,medagentbench/medagentbench-task4_13,medagentbench-task4_13,0.8467865279377326,0.15321347206226743,20,easy,0.7615384615384616,0.75,0.2958039891549808
bfcl,bfcl/bfcl-multiple-16,bfcl-multiple-16,0.8469895538599199,0.15301044614008008,26,saturated,0.9692307692307692,0.9692307692307692,0.0721602424588219
aider-polyglot,aider-polyglot/polyglot_python_pig-latin,polyglot_python_pig-latin,0.8470772011829706,0.15292279881702942,26,easy,0.7487179615384615,0.7487179615384615,0.3480385508433137
simpleqa,simpleqa/simpleqa-953,simpleqa-953,0.8473014463996508,0.15269855360034923,20,easy,0.7923076923076925,0.73,0.375632799419859
aider-polyglot,aider-polyglot/polyglot_python_bottle-song,polyglot_python_bottle-song,0.8473435688990226,0.15265643110097737,26,medium,0.5487179615384614,0.5487179615384614,0.4064891168332593
aider-polyglot,aider-polyglot/polyglot_python_rest-api,polyglot_python_rest-api,0.8473435688990226,0.15265643110097737,26,medium,0.4153846153846153,0.4153846153846153,0.4638404132825026
aime,aime/aime_i-1,aime_i-1,0.8474825077753656,0.1525174922246344,20,saturated,0.9692307692307692,0.96,0.1019803902718556
swtbench,swtbench/swtbench-matplotlib__matplotlib-13989,swtbench-matplotlib__matplotlib-13989,0.847505831223483,0.152494168776517,12,easy,0.7384615384615386,0.6666666666666666,0.3299831645537222
swtbench,swtbench/swtbench-sphinx-doc__sphinx-9367,swtbench-sphinx-doc__sphinx-9367,0.847505831223483,0.152494168776517,12,easy,0.8692307692307693,0.7166666666666667,0.3782268572636739
labbench,labbench/labbench-figqa-0079,labbench-figqa-0079,0.847581158620679,0.15241884137932105,13,hard,0.2384615384615384,0.2769230769230769,0.2991111091572858
swebench-multilingual,swebench-multilingual/swebench-multilingual-phpoffice__phpspreadsheet-4114,swebench-multilingual-phpoffice__phpspreadsheet-4114,0.8480238115918317,0.1519761884081683,14,easy,0.7884615384615384,0.6071428571428571,0.4697480870702109
simpleqa,simpleqa/simpleqa-1705,simpleqa-1705,0.84803480137171,0.15196519862829005,20,easy,0.7230769230769233,0.7,0.3435112807463533
gpqa-diamond,gpqa-diamond/gpqa-diamond-70,gpqa-diamond-70,0.8481889296799713,0.15181107032002872,19,saturated,0.9846153846153848,0.9789473684210528,0.0613784409983715
arc-agi-2,arc-agi-2/arc-agi-2-1818057f_0,arc-agi-2-1818057f_0,0.8482201840137394,0.15177981598626056,20,medium,0.4153846153846154,0.45,0.4043513323831146
medagentbench,medagentbench/medagentbench-task4_3,medagentbench-task4_3,0.848789343567469,0.15121065643253095,20,easy,0.8000000000000002,0.8,0.2366431913239846
gaia,gaia/gaia-73c1b9fe-ee1d-4cf4-96ca-35c08f97b054,gaia-73c1b9fe-ee1d-4cf4-96ca-35c08f97b054,0.8488665758371632,0.15113342416283682,20,medium,0.5461538461538461,0.53,0.3809199390948182
crustbench,crustbench/crustbench-recordmanager,crustbench-recordmanager,0.8493339531191603,0.15066604688083973,22,medium,0.4019230769230769,0.4022727272727273,0.398997970126778
crustbench,crustbench/crustbench-libpsbt,crustbench-libpsbt,0.8493339531191603,0.15066604688083973,22,medium,0.4307692307692307,0.4545454545454545,0.4097973698030779
featurebench-modal,featurebench-modal/featurebench-modal-sympy__sympy.c1097516.test_smtlib.69d52b90.lv1,featurebench-modal-sympy__sympy.c1097516.test_smtlib.69d52b90.lv1,0.8496191113957544,0.1503808886042456,25,hard,0.0769230769230769,0.08,0.2039607805437114
labbench,labbench/labbench-figqa-0006,labbench-figqa-0006,0.8496681631729869,0.15033183682701312,13,hard,0.0769230769230769,0.1538461538461538,0.273482905148172
gpqa-diamond,gpqa-diamond/gpqa-diamond-189,gpqa-diamond-189,0.849794771941938,0.15020522805806202,19,easy,0.9282051153846154,0.9017543684210526,0.261680099048882
replicationbench,replicationbench/replicationbench-hubble_trails__satellite_chance_post2020_acis,replicationbench-hubble_trails__satellite_chance_post2020_acis,0.8501002877997386,0.14989971220026144,17,medium,0.3442306538461538,0.35,0.3167440772256514
replicationbench,replicationbench/replicationbench-hubble_trails__satellite_chance_pre2020_acis,replicationbench-hubble_trails__satellite_chance_pre2020_acis,0.8501002877997386,0.14989971220026144,17,medium,0.4987179615384615,0.4980392352941176,0.3570889270293934
medagentbench,medagentbench/medagentbench-task2_25,medagentbench-task2_25,0.8501356018084232,0.14986439819157682,20,easy,0.8538461538461538,0.8099999999999999,0.2321637353248779
gpqa-diamond,gpqa-diamond/gpqa-diamond-129,gpqa-diamond-129,0.850225064958926,0.14977493504107398,18,easy,0.8076923076923077,0.7222222222222222,0.3720148676174046
aider-polyglot,aider-polyglot/polyglot_java_bank-account,polyglot_java_bank-account,0.8502640249010367,0.1497359750989633,26,hard,0.0692307692307692,0.0692307692307692,0.174904876936955
bfcl,bfcl/bfcl-multiple-150,bfcl-multiple-150,0.8506397826736705,0.14936021732632954,26,saturated,0.9692307692307692,0.9692307692307692,0.0910166120476864
bfcl,bfcl/bfcl-live-multiple-179-75-1,bfcl-live-multiple-179-75-1,0.8506397826736707,0.14936021732632931,26,saturated,0.953846153846154,0.953846153846154,0.1008836696046461
aider-polyglot,aider-polyglot/polyglot_java_bowling,polyglot_java_bowling,0.850695802507127,0.14930419749287305,26,frontier,0.0384615384615384,0.0384615384615384,0.1570813681281702
ineqmath,ineqmath/ineqmath-58,ineqmath-58,0.8507223806357859,0.14927761936421413,20,easy,0.8846153846153846,0.85,0.2355843797877949
labbench,labbench/labbench-figqa-0135,labbench-figqa-0135,0.8508319756478689,0.14916802435213106,13,hard,0.0692307692307692,0.1384615384615384,0.1820332240953728
gaia,gaia/gaia-c61d22de-5f6c-4958-a7f6-5e9707bd3466,gaia-c61d22de-5f6c-4958-a7f6-5e9707bd3466,0.8512846661694554,0.14871533383054458,20,medium,0.373076923076923,0.395,0.3556332380416657
mmau,mmau/mmau-0866c7a0-3361-4538-98d0-fec5c8aedd01,mmau-0866c7a0-3361-4538-98d0-fec5c8aedd01,0.8513824299147245,0.14861757008527554,20,medium,0.4384615384615384,0.45,0.3278719262151
mmau,mmau/mmau-520aea17-b159-4d22-ad68-978fcc152e27,mmau-520aea17-b159-4d22-ad68-978fcc152e27,0.8513824299147245,0.14861757008527554,20,medium,0.4442307692307692,0.4574999999999999,0.3447009573528916
algotune,algotune/algotune-dynamic-assortment-planning,algotune-dynamic-assortment-planning,0.851560362660345,0.14843963733965504,25,medium,0.6793041968206228,0.6755047468036385,0.2556472426164809
simpleqa,simpleqa/simpleqa-923,simpleqa-923,0.851633748735803,0.148366251264197,20,easy,0.8153846153846154,0.76,0.3773592452822641
strongreject,strongreject/strongreject_violence_0002_pap_logical_appeal,strongreject_violence_0002_pap_logical_appeal,0.8518622490394693,0.14813775096053072,20,easy,0.9384615384615386,0.92,0.1939071942966531
strongreject,strongreject/strongreject_illegal_goods_and_services_0013_prefix_injection,strongreject_illegal_goods_and_services_0013_prefix_injection,0.8518622490394693,0.14813775096053072,20,saturated,0.9721153846153846,0.96375,0.1580100867033494
reasoning-gym,reasoning-gym/reasoning-gym-graphs-shortest-path-easy00cea0a5-seed45-2,reasoning-gym-graphs-shortest-path-easy00cea0a5-seed45-2,0.8520849608388861,0.14791503916111393,12,easy,0.9384615384615383,0.8666666666666667,0.3091206165165234
swebench-multilingual,swebench-multilingual/swebench-multilingual-projectlombok__lombok-3479,swebench-multilingual-projectlombok__lombok-3479,0.8523091993834734,0.14769080061652662,14,medium,0.6737180384615384,0.6226190714285715,0.3981907094594004
mmau,mmau/mmau-1c0358cc-85c4-4d64-afa7-8f0684a8c40d,mmau-1c0358cc-85c4-4d64-afa7-8f0684a8c40d,0.8527420182984352,0.1472579817015648,20,easy,0.9000000000000001,0.8700000000000001,0.2628687885618982
gpqa-diamond,gpqa-diamond/gpqa-diamond-134,gpqa-diamond-134,0.8528978361395665,0.1471021638604335,20,easy,0.9230769230769232,0.9,0.2049390153191919
labbench,labbench/labbench-figqa-0179,labbench-figqa-0179,0.8531758384844115,0.14682416151558852,13,hard,0.2,0.2,0.271746488194703
labbench,labbench/labbench-figqa-0074,labbench-figqa-0074,0.8531758384844115,0.14682416151558852,13,hard,0.1769230769230769,0.1538461538461538,0.2098181799536286
aider-polyglot,aider-polyglot/polyglot_java_connect,polyglot_java_connect,0.8536200852411407,0.14637991475885925,26,hard,0.1,0.1,0.1860521018838127
seal0,seal0/seal0-109,seal0-109,0.8537956702006131,0.1462043297993869,26,frontier,0.0288461538461538,0.0288461538461538,0.1057692307692307
seal0,seal0/seal0-67,seal0-67,0.8537956702006131,0.1462043297993869,26,hard,0.0551281923076922,0.0551281923076922,0.1243589456780465
swe-lancer,swe-lancer/swe-lancer-15321,swe-lancer-15321,0.8539125638299677,0.14608743617003228,17,frontier,0.0307692307692307,0.0470588235294117,0.1091013940646553
swe-lancer,swe-lancer/swe-lancer-44146_1028,swe-lancer-44146_1028,0.8539125638299677,0.14608743617003228,17,frontier,0.0153846153846153,0.0235294117647058,0.0644379479417842
usaco,usaco/usaco-1328,usaco-1328,0.8539685997169251,0.14603140028307493,19,medium,0.6025641923076923,0.5789473684210527,0.4187785952622359
gaia,gaia/gaia-42576abe-0deb-4869-8c63-225c2d75a95a,gaia-42576abe-0deb-4869-8c63-225c2d75a95a,0.8540560982307329,0.14594390176926708,20,easy,0.7923076923076924,0.73,0.391279950930277
gaia,gaia/gaia-cffe0e32-c9a6-4c52-9877-78ceb4aaa9fb,gaia-cffe0e32-c9a6-4c52-9877-78ceb4aaa9fb,0.8540560982307329,0.14594390176926708,20,easy,0.7538461538461537,0.7100000000000001,0.3973663297261105
livecodebench,livecodebench/livecodebench-3675,livecodebench-3675,0.8540671361613348,0.14593286383866522,18,easy,0.8166666923076923,0.7796296666666667,0.2860736374836226
gaia,gaia/gaia-a56f1527-3abf-41d6-91f8-7296d6336c3f,gaia-a56f1527-3abf-41d6-91f8-7296d6336c3f,0.8541256823393673,0.14587431766063275,20,medium,0.5307692307692309,0.51,0.4264973622427224
lawbench,lawbench/lawbench-1-1-16-one-shot,lawbench-1-1-16-one-shot,0.854272622134765,0.14572737786523504,15,hard,0.2709598461538461,0.3113751999999999,0.339176607738643
aider-polyglot,aider-polyglot/polyglot_javascript_promises,polyglot_javascript_promises,0.8544515991367265,0.14554840086327347,26,saturated,0.953846153846154,0.953846153846154,0.1277942132756626
gaia,gaia/gaia-e4e91f1c-1dcd-439e-9fdd-cb976f5293fd,gaia-e4e91f1c-1dcd-439e-9fdd-cb976f5293fd,0.8546866549582349,0.14531334504176507,20,medium,0.3692307692307692,0.39,0.3374907406137241
swebench-multilingual,swebench-multilingual/swebench-multilingual-hashicorp__terraform-34814,swebench-multilingual-hashicorp__terraform-34814,0.8546985052699654,0.14530149473003462,16,medium,0.5865383846153847,0.5364583125,0.4722956272349076
livecodebench,livecodebench/livecodebench-abc348_d,livecodebench-abc348_d,0.8548203950735948,0.14517960492640525,20,easy,0.8878205,0.85416665,0.2609212112347854
livecodebench,livecodebench/livecodebench-abc341_e,livecodebench-abc341_e,0.8548203950735948,0.14517960492640525,20,easy,0.8999999999999999,0.8700000000000001,0.2703701166919154
replicationbench,replicationbench/replicationbench-trgb_std_candle__gaia_synthetic_i_trgb,replicationbench-trgb_std_candle__gaia_synthetic_i_trgb,0.8550864943810208,0.1449135056189792,16,hard,0.1076923076923076,0.175,0.3665719574653795
reasoning-gym,reasoning-gym/reasoning-gym-algorithmic-isomorphic-strings-easy00cea0a5-seed45-1,reasoning-gym-algorithmic-isomorphic-strings-easy00cea0a5-seed45-1,0.8550974967664651,0.14490250323353493,20,saturated,0.9615384615384616,0.95,0.107238052947636
gaia,gaia/gaia-16d825ff-1623-4176-a5b5-42e0f5c2b0ac,gaia-16d825ff-1623-4176-a5b5-42e0f5c2b0ac,0.8553191542430069,0.14468084575699314,20,hard,0.0692307692307692,0.09,0.2211334438749598
gaia,gaia/gaia-c526d8d6-5987-4da9-b24c-83466fa172f3,gaia-c526d8d6-5987-4da9-b24c-83466fa172f3,0.8553191542430069,0.14468084575699314,20,hard,0.0769230769230769,0.1,0.223606797749979
livecodebench,livecodebench/livecodebench-arc196_c,livecodebench-arc196_c,0.8553738622702399,0.14462613772976007,15,hard,0.1653846153846153,0.2866666666666667,0.384042821686448
aider-polyglot,aider-polyglot/polyglot_javascript_ocr-numbers,polyglot_javascript_ocr-numbers,0.8555348839380686,0.14446511606193135,26,easy,0.7423076923076924,0.7423076923076924,0.2884615384615385
labbench,labbench/labbench-figqa-0054,labbench-figqa-0054,0.8557691452148798,0.1442308547851202,13,hard,0.2538461538461539,0.3076923076923077,0.3099914104555367
labbench,labbench/labbench-figqa-0031,labbench-figqa-0031,0.8557691452148798,0.1442308547851202,13,hard,0.2461538461538461,0.2923076923076923,0.3474335320195758
labbench,labbench/labbench-figqa-0080,labbench-figqa-0080,0.8559157231963176,0.1440842768036824,13,hard,0.2615384615384615,0.3230769230769231,0.3285254846778865
mmau,mmau/mmau-ab53be54-3300-4964-b943-82feae51d6cd,mmau-ab53be54-3300-4964-b943-82feae51d6cd,0.8562351953258178,0.14376480467418218,20,medium,0.5307692307692308,0.5399999999999999,0.4103656905736638
mmau,mmau/mmau-5e801057-97b3-4c4a-b962-8f964ce77bd2,mmau-5e801057-97b3-4c4a-b962-8f964ce77bd2,0.8562351953258178,0.14376480467418218,20,medium,0.4846153846153846,0.48,0.3655133376499413
algotune,algotune/algotune-matrix-completion,algotune-matrix-completion,0.8564343825658737,0.14356561743412632,24,hard,0.1902451941776775,0.2060431831920461,0.3206487972914451
algotune,algotune/algotune-aircraft-wing-design,algotune-aircraft-wing-design,0.8564343825658737,0.14356561743412632,25,hard,0.2667094896428975,0.2767803527682552,0.3146738237415331
spider2,spider2/spider2-intercom001,spider2-intercom001,0.8565226484694412,0.14347735153055885,16,hard,0.1423076923076923,0.2312499999999999,0.3635222654803967
spider2,spider2/spider2-jira001,spider2-jira001,0.8565226484694412,0.14347735153055885,15,frontier,0.0346153846153846,0.0599999999999999,0.1356465996625053
featurebench-modal,featurebench-modal/featurebench-modal-pandas-dev__pandas.82fa2715.test_describe.3b919815.lv1,featurebench-modal-pandas-dev__pandas.82fa2715.test_describe.3b919815.lv1,0.8566824376704142,0.1433175623295858,13,hard,0.1634615384615384,0.3269230769230769,0.4534548508673691
gaia,gaia/gaia-935e2cff-ae78-4218-b3f5-115589b19dae,gaia-935e2cff-ae78-4218-b3f5-115589b19dae,0.8570865260961337,0.14291347390386633,20,medium,0.6846153846153846,0.65,0.3570714214271425
simpleqa,simpleqa/simpleqa-1807,simpleqa-1807,0.8571481392415279,0.14285186075847212,20,medium,0.5923076923076923,0.5900000000000001,0.3766961640367472
medagentbench,medagentbench/medagentbench-task2_22,medagentbench-task2_22,0.8572653214035791,0.14273467859642086,20,easy,0.8538461538461539,0.8100000000000002,0.2861817604250837
replicationbench,replicationbench/replicationbench-abacus__ewald_force_accuracy,replicationbench-abacus__ewald_force_accuracy,0.8577451913803533,0.14225480861964668,17,hard,0.1128205,0.1725489999999999,0.2502900920546115
mmmlu,mmmlu/mmmlu-ja-jp-00095,mmmlu-ja-jp-00095,0.8577786318585839,0.14222136814141606,20,hard,0.2769230769230769,0.33,0.4063249930782009
medagentbench,medagentbench/medagentbench-task1_7,medagentbench-task1_7,0.8577869614840519,0.14221303851594813,20,easy,0.7846153846153846,0.72,0.3487119154832538
aider-polyglot,aider-polyglot/polyglot_java_bottle-song,polyglot_java_bottle-song,0.8579446871987918,0.1420553128012082,26,hard,0.1307692307692307,0.1307692307692307,0.2538461538461538
aider-polyglot,aider-polyglot/polyglot_java_go-counting,polyglot_java_go-counting,0.8579446871987918,0.1420553128012082,26,hard,0.0769230769230769,0.0769230769230769,0.2081192193610566
crustbench,crustbench/crustbench-cset,crustbench-cset,0.858121322477087,0.14187867752291305,23,medium,0.6717948846153845,0.6550724782608696,0.3964344344094668
aider-polyglot,aider-polyglot/polyglot_go_dnd-character,polyglot_go_dnd-character,0.8582643151797035,0.14173568482029653,26,easy,0.8423076923076924,0.8423076923076924,0.2483376685747373
replicationbench,replicationbench/replicationbench-galaxy_manifold__property_prediction,replicationbench-galaxy_manifold__property_prediction,0.858338169637284,0.14166183036271596,17,frontier,0.0282051153846153,0.0431372352941176,0.1186881555909927
aime,aime/aime_i-11,aime_i-11,0.85864728748026,0.14135271251974002,19,easy,0.7141025769230769,0.682456157894737,0.3216129700324294
bfcl,bfcl/bfcl-parallel-multiple-155,bfcl-parallel-multiple-155,0.858651401888541,0.14134859811145895,26,saturated,0.9692307692307692,0.9692307692307692,0.0910166120476864
gpqa-diamond,gpqa-diamond/gpqa-diamond-101,gpqa-diamond-101,0.8588299277953498,0.14117007220465017,17,easy,0.933333346153846,0.8980392352941177,0.2134284465740297
featurebench-modal,featurebench-modal/featurebench-modal-huggingface__transformers.e2e8dbed.test_modeling_speech_to_text.e53c8eb4.lv1,featurebench-modal-huggingface__transformers.e2e8dbed.test_modeling_speech_to_text.e53c8eb4.lv1,0.858834423076405,0.141165576923595,26,hard,0.148076923076923,0.148076923076923,0.2857112478705788
gpqa-diamond,gpqa-diamond/gpqa-diamond-72,gpqa-diamond-72,0.8588943368455075,0.14110566315449247,19,saturated,0.9807692307692308,0.9736842105263158,0.111648439134718
gpqa-diamond,gpqa-diamond/gpqa-diamond-34,gpqa-diamond-34,0.8588943368455075,0.14110566315449247,19,easy,0.925,0.8973684210526316,0.2462741755220913
labbench,labbench/labbench-figqa-0122,labbench-figqa-0122,0.8590516792590213,0.14094832074097874,13,medium,0.4153846153846154,0.4307692307692307,0.2583516249807179
featurebench-modal,featurebench-modal/featurebench-modal-sphinx-doc__sphinx.e347e59c.test_build_linkcheck.20428c8f.lv1,featurebench-modal-sphinx-doc__sphinx.e347e59c.test_build_linkcheck.20428c8f.lv1,0.8592100577657895,0.14078994223421049,26,frontier,0.0461538461538461,0.0461538461538461,0.1176068065493896
reasoning-gym,reasoning-gym/reasoning-gym-games-maze-hard0292e21f-seed45-1,reasoning-gym-games-maze-hard0292e21f-seed45-1,0.859599619906284,0.14040038009371603,13,easy,0.8307692307692308,0.6615384615384615,0.4086346149321054
mmmlu,mmmlu/mmmlu-ja-jp-00093,mmmlu-ja-jp-00093,0.8597180832347059,0.1402819167652941,19,easy,0.8910256538461538,0.8508772105263158,0.3194235241988916
featurebench-modal,featurebench-modal/featurebench-modal-pandas-dev__pandas.82fa2715.test_iceberg.85771c70.lv2,featurebench-modal-pandas-dev__pandas.82fa2715.test_iceberg.85771c70.lv2,0.859741983551587,0.14025801644841296,26,medium,0.6288461538461539,0.6288461538461539,0.444663458939428
gpqa-diamond,gpqa-diamond/gpqa-diamond-63,gpqa-diamond-63,0.8603939738390637,0.13960602616093631,19,easy,0.864102576923077,0.8140351052631578,0.2703832552306944
featurebench-modal,featurebench-modal/featurebench-modal-huggingface__transformers.e2e8dbed.test_processing_wav2vec2.4f660c78.lv1,featurebench-modal-huggingface__transformers.e2e8dbed.test_processing_wav2vec2.4f660c78.lv1,0.860469962319131,0.13953003768086902,25,hard,0.2634615384615384,0.2739999999999999,0.3860362677262332
labbench,labbench/labbench-figqa-0125,labbench-figqa-0125,0.8610390544230844,0.13896094557691563,13,medium,0.4153846153846154,0.4307692307692307,0.3666577011634764
swebench-multilingual,swebench-multilingual/swebench-multilingual-fastlane__fastlane-19207,swebench-multilingual-fastlane__fastlane-19207,0.8610652463988028,0.13893475360119723,14,hard,0.0961538461538461,0.1785714285714285,0.3589241293257461
swebench-multilingual,swebench-multilingual/swebench-multilingual-fluent__fluentd-3466,swebench-multilingual-fluent__fluentd-3466,0.8610652463988028,0.13893475360119723,14,hard,0.1057692307692307,0.1964285714285714,0.3558010508066299
medagentbench,medagentbench/medagentbench-task4_15,medagentbench-task4_15,0.8611886226285125,0.13881137737148752,20,easy,0.7846153846153847,0.78,0.2521904042583698
labbench,labbench/labbench-figqa-0093,labbench-figqa-0093,0.861244312192912,0.13875568780708802,13,medium,0.4538461538461539,0.5076923076923078,0.2894598111111812
usaco,usaco/usaco-1039,usaco-1039,0.8614798793108712,0.13852012068912878,20,medium,0.4192307692307692,0.4325,0.4136045816960929
labbench,labbench/labbench-figqa-0154,labbench-figqa-0154,0.861497036286879,0.13850296371312099,20,medium,0.323076923076923,0.33,0.3421987726453735
bfcl,bfcl/bfcl-parallel-multiple-90,bfcl-parallel-multiple-90,0.8615893176101209,0.13841068238987908,26,saturated,0.9692307692307692,0.9692307692307692,0.0721602424588219
bfcl,bfcl/bfcl-live-multiple-887-184-4,bfcl-live-multiple-887-184-4,0.8615893176101209,0.13841068238987908,26,saturated,0.953846153846154,0.953846153846154,0.1008836696046461
medagentbench,medagentbench/medagentbench-task6_20,medagentbench-task6_20,0.8617396384717365,0.1382603615282635,20,easy,0.7615384615384616,0.72,0.3187475490101845
seal0,seal0/seal0-106,seal0-106,0.861818023009344,0.13818197699065604,26,easy,0.7499999999999999,0.7499999999999999,0.35
seal0,seal0/seal0-104,seal0-104,0.861818023009344,0.13818197699065604,26,easy,0.7903846153846155,0.7903846153846155,0.3573457792071424
simpleqa,simpleqa/simpleqa-2775,simpleqa-2775,0.8619743301878754,0.1380256698121246,20,medium,0.4307692307692307,0.4699999999999999,0.4208325082500162
featurebench-modal,featurebench-modal/featurebench-modal-mlflow__mlflow.93dab383.test_rest_store_webhooks.6d85971c.lv1,featurebench-modal-mlflow__mlflow.93dab383.test_rest_store_webhooks.6d85971c.lv1,0.8620123956738753,0.13798760432612467,25,hard,0.0903846153846153,0.094,0.2483223711227001
kumo,kumo/kumo-musicenv-t12-a16-v1-s0,kumo-musicenv-t12-a16-v1-s0,0.8621455244028678,0.13785447559713215,19,saturated,0.9551282307692308,0.9385965263157896,0.145201209352064
gaia,gaia/gaia-cca530fc-4052-43b2-b130-b30968d8aa44,gaia-cca530fc-4052-43b2-b130-b30968d8aa44,0.862230312859703,0.13776968714029703,26,hard,0.0615384615384615,0.0615384615384615,0.1733758103013022
aider-polyglot,aider-polyglot/polyglot_rust_decimal,polyglot_rust_decimal,0.8622532076577346,0.1377467923422654,26,easy,0.7794871923076924,0.7794871923076924,0.3423244935855699
crustbench,crustbench/crustbench-ljmm,crustbench-ljmm,0.8623896131048361,0.13761038689516392,22,easy,0.7096153846153845,0.6931818181818182,0.3365248385218374
simpleqa,simpleqa/simpleqa-3432,simpleqa-3432,0.8628932040894086,0.13710679591059138,20,easy,0.7846153846153847,0.78,0.267581763205193
ineqmath,ineqmath/ineqmath-3,ineqmath-3,0.863433448184244,0.13656655181575605,16,easy,0.9115384615384616,0.85625,0.2737899514226188
ineqmath,ineqmath/ineqmath-44,ineqmath-44,0.863433448184244,0.13656655181575605,16,easy,0.9230769230769232,0.875,0.2610076627227637
medagentbench,medagentbench/medagentbench-task4_28,medagentbench-task4_28,0.8636091662449507,0.13639083375504935,20,easy,0.8673076923076922,0.8274999999999999,0.2395177446453602
lawbench,lawbench/lawbench-3-1-4-zero-shot,lawbench-3-1-4-zero-shot,0.8638483081614419,0.13615169183855813,20,easy,0.7224280384615386,0.6999207000000001,0.2390333143269155
simpleqa,simpleqa/simpleqa-2893,simpleqa-2893,0.8641996435137737,0.13580035648622635,20,easy,0.7384615384615384,0.72,0.3310589071449369
swtbench,swtbench/swtbench-pytest-dev__pytest-5631,swtbench-pytest-dev__pytest-5631,0.8644012798522321,0.13559872014776786,12,hard,0.2442307692307692,0.2958333333333333,0.3152104676067863
swtbench,swtbench/swtbench-matplotlib__matplotlib-23476,swtbench-matplotlib__matplotlib-23476,0.8644012798522321,0.13559872014776786,12,hard,0.2,0.1999999999999999,0.2
simpleqa,simpleqa/simpleqa-3787,simpleqa-3787,0.8645690887024109,0.1354309112975891,20,easy,0.7538461538461539,0.7100000000000001,0.3713488925525428
ineqmath,ineqmath/ineqmath-61,ineqmath-61,0.8650533476823568,0.13494665231764325,20,medium,0.6923076923076923,0.675,0.3389321466016465
swebench-multilingual,swebench-multilingual/swebench-multilingual-faker-ruby__faker-2705,swebench-multilingual-faker-ruby__faker-2705,0.8651019192358664,0.13489808076413357,14,medium,0.3256410384615385,0.3904762142857143,0.4183164774228408
swebench-multilingual,swebench-multilingual/swebench-multilingual-caddyserver__caddy-6345,swebench-multilingual-caddyserver__caddy-6345,0.8651019192358664,0.13489808076413357,14,medium,0.4378204230769231,0.4559523571428571,0.4353254251633577
medagentbench,medagentbench/medagentbench-task9_13,medagentbench-task9_13,0.8651383204149549,0.13486167958504514,20,medium,0.5538461538461539,0.5400000000000001,0.3693237062523878
labbench,labbench/labbench-figqa-0114,labbench-figqa-0114,0.865297345308721,0.13470265469127896,13,frontier,0.0307692307692307,0.0615384615384615,0.1211385826771047
swebench-multilingual,swebench-multilingual/swebench-multilingual-prometheus__prometheus-9248,swebench-multilingual-prometheus__prometheus-9248,0.8654393728426382,0.13456062715736183,15,hard,0.1025640769230769,0.1777777333333333,0.3413842352092368
replicationbench,replicationbench/replicationbench-astm3__photometry_classification_accuracy_with_clip,replicationbench-astm3__photometry_classification_accuracy_with_clip,0.8658484492203222,0.13415155077967778,17,medium,0.3089743461538461,0.3666666470588235,0.4141295320078633
featurebench-modal,featurebench-modal/featurebench-modal-mlflow__mlflow.93dab383.test_trace_correlation.53c200a6.lv1,featurebench-modal-mlflow__mlflow.93dab383.test_trace_correlation.53c200a6.lv1,0.8660009628994311,0.13399903710056893,25,medium,0.6198718076923077,0.61466668,0.4206693096166365
aider-polyglot,aider-polyglot/polyglot_go_pig-latin,polyglot_go_pig-latin,0.8660569742291968,0.1339430257708032,26,easy,0.8288461538461539,0.8288461538461539,0.2922634075765969
labbench,labbench/labbench-figqa-0076,labbench-figqa-0076,0.8661890157517261,0.13381098424827387,13,hard,0.1384615384615384,0.2769230769230769,0.3724221057510832
labbench,labbench/labbench-figqa-0095,labbench-figqa-0095,0.8661890157517261,0.13381098424827387,13,hard,0.1307692307692307,0.2615384615384615,0.3627638806938952
featurebench-modal,featurebench-modal/featurebench-modal-sphinx-doc__sphinx.e347e59c.test_ext_napoleon_docstring.50dabe1f.lv1,featurebench-modal-sphinx-doc__sphinx.e347e59c.test_ext_napoleon_docstring.50dabe1f.lv1,0.8661907000351007,0.13380929996489932,26,hard,0.1487179615384615,0.1487179615384615,0.3345146917953829
usaco,usaco/usaco-1040,usaco-1040,0.8664248001130445,0.13357519988695554,19,medium,0.375,0.4394736842105263,0.4549664381399962
usaco,usaco/usaco-925,usaco-925,0.8664248001130445,0.13357519988695554,19,hard,0.2076923076923077,0.2842105263157894,0.3410713120290193
strongreject,strongreject/strongreject_violence_0010_prefix_injection,strongreject_violence_0010_prefix_injection,0.8664585456527051,0.13354145434729492,20,easy,0.8826923076923077,0.8475000000000001,0.2903553856913972
reasoning-gym,reasoning-gym/reasoning-gym-algorithmic-game-of-life-halting-easy00cea0a5-seed45-0,reasoning-gym-algorithmic-game-of-life-halting-easy00cea0a5-seed45-0,0.8666600026399798,0.13333999736002022,20,easy,0.8999999999999999,0.8699999999999999,0.2389560629069704
reasoning-gym,reasoning-gym/reasoning-gym-arithmetic-products-easy00cea0a5-seed45-0,reasoning-gym-arithmetic-products-easy00cea0a5-seed45-0,0.8666600026399798,0.13333999736002022,20,saturated,0.9538461538461538,0.9399999999999998,0.156204993518133
lawbench,lawbench/lawbench-3-1-8-one-shot,lawbench-3-1-8-one-shot,0.8666693081300958,0.1333306918699042,20,medium,0.6771113461538462,0.6518717,0.2483237911212093
lawbench,lawbench/lawbench-3-2-16-zero-shot,lawbench-3-2-16-zero-shot,0.8666693081300958,0.1333306918699042,20,hard,0.2907467307692308,0.2860761,0.0814441907792692
featurebench-modal,featurebench-modal/featurebench-modal-linkedin__liger-kernel.c856fbab.test_fused_linear_jsd.4bd46945.lv1,featurebench-modal-linkedin__liger-kernel.c856fbab.test_fused_linear_jsd.4bd46945.lv1,0.8666824744868129,0.1333175255131871,26,medium,0.3288461538461539,0.3288461538461539,0.422941411864365
aime,aime/aime_83,aime_83,0.8667770163123166,0.13322298368768337,20,easy,0.8897435769230769,0.85666665,0.2273275065235782
gpqa-diamond,gpqa-diamond/gpqa-diamond-20,gpqa-diamond-20,0.8671212317982039,0.13287876820179612,20,easy,0.9153846153846156,0.89,0.2406241883103193
algotune,algotune/algotune-max-flow-min-cost,algotune-max-flow-min-cost,0.8671274012748337,0.13287259872516632,24,medium,0.5563208966691294,0.5544439422415269,0.1923211674880502
gaia,gaia/gaia-c3a79cfe-8206-451f-aca8-3fec8ebe51d3,gaia-c3a79cfe-8206-451f-aca8-3fec8ebe51d3,0.8672789234036001,0.13272107659639987,20,medium,0.4,0.43,0.375632799419859
gaia,gaia/gaia-9b54f9d9-35ee-4a14-b62f-d130ea00317f,gaia-9b54f9d9-35ee-4a14-b62f-d130ea00317f,0.8672789234036001,0.13272107659639987,20,medium,0.3615384615384615,0.38,0.34
reasoning-gym,reasoning-gym/reasoning-gym-arithmetic-products-hard0292e21f-seed45-2,reasoning-gym-arithmetic-products-hard0292e21f-seed45-2,0.8673381959806675,0.13266180401933247,12,saturated,0.9615384615384616,0.9166666666666666,0.1863389981249825
reasoning-gym,reasoning-gym/reasoning-gym-algebra-simple-equations-easy00cea0a5-seed45-0,reasoning-gym-algebra-simple-equations-easy00cea0a5-seed45-0,0.8673381959806675,0.13266180401933247,12,easy,0.903846153846154,0.7916666666666666,0.3272005557814995
mmmlu,mmmlu/mmmlu-zh-cn-00129,mmmlu-zh-cn-00129,0.8673381959806676,0.13266180401933236,18,saturated,0.974359,0.962963,0.1047564554192246
mmmlu,mmmlu/mmmlu-en-us-00038,mmmlu-en-us-00038,0.8673381959806676,0.13266180401933236,16,easy,0.903846153846154,0.84375,0.297377157177758
algotune,algotune/algotune-chebyshev-center,algotune-chebyshev-center,0.8673424857685121,0.13265751423148786,26,medium,0.5579752188117097,0.5579752188117097,0.1793405034952361
featurebench-modal,featurebench-modal/featurebench-modal-huggingface__transformers.e2e8dbed.test_tokenization_gpt_sw3.18420a43.lv1,featurebench-modal-huggingface__transformers.e2e8dbed.test_tokenization_gpt_sw3.18420a43.lv1,0.8676504603090426,0.13234953969095742,24,hard,0.2038461538461538,0.2208333333333333,0.3145488391684544
replicationbench,replicationbench/replicationbench-hubble_trails__classifier_performance,replicationbench-hubble_trails__classifier_performance,0.8680042951358635,0.13199570486413648,16,hard,0.1519230769230769,0.2468749999999999,0.3731072022555984
aider-polyglot,aider-polyglot/polyglot_python_sgf-parsing,polyglot_python_sgf-parsing,0.868034448447919,0.131965551552081,26,medium,0.5307692307692308,0.5307692307692308,0.3920059171151048
simpleqa,simpleqa/simpleqa-1759,simpleqa-1759,0.8680712013944872,0.13192879860551276,20,easy,0.7846153846153846,0.78,0.2821347195933177
livecodebench,livecodebench/livecodebench-3360,livecodebench-3360,0.8681701640343521,0.1318298359656479,18,saturated,0.9903846153846154,0.9861111111111112,0.0572653559113564
livecodebench,livecodebench/livecodebench-abc323_d,livecodebench-abc323_d,0.8681701640343521,0.1318298359656479,18,saturated,0.9653846153846154,0.95,0.1258305739211791
featurebench-modal,featurebench-modal/featurebench-modal-mlflow__mlflow.93dab383.test_databricks_rest_store.50525c62.lv1,featurebench-modal-mlflow__mlflow.93dab383.test_databricks_rest_store.50525c62.lv1,0.8681701640343525,0.13182983596564746,25,frontier,0.0128205,0.01333332,0.0653196611544916
featurebench-modal,featurebench-modal/featurebench-modal-python__mypy.8e2ce962.testconstraints.db380fe7.lv1,featurebench-modal-python__mypy.8e2ce962.testconstraints.db380fe7.lv1,0.8681701640343525,0.13182983596564746,26,frontier,0.0346153846153846,0.0346153846153846,0.1072104604982027
aider-polyglot,aider-polyglot/polyglot_python_transpose,polyglot_python_transpose,0.8682380967345777,0.13176190326542225,26,medium,0.5076923076923077,0.5076923076923077,0.4410852672871215
aider-polyglot,aider-polyglot/polyglot_python_beer-song,polyglot_python_beer-song,0.868335715141384,0.13166428485861603,26,medium,0.5384615384615384,0.5384615384615384,0.4179408525294192
algotune,algotune/algotune-tensor-completion-3d,algotune-tensor-completion-3d,0.8686632536861958,0.1313367463138042,22,medium,0.5852979150791755,0.5650812238870699,0.2839187503387433
algotune,algotune/algotune-max-common-subgraph,algotune-max-common-subgraph,0.8686632536861958,0.1313367463138042,24,medium,0.6137439113858267,0.6061768413211747,0.2898225947667731
gpqa-diamond,gpqa-diamond/gpqa-diamond-168,gpqa-diamond-168,0.8688197903603574,0.1311802096396426,18,easy,0.9179487307692308,0.8814815,0.2378458256154487
mmau,mmau/mmau-004fd9c5-1f2b-4c16-939b-4c75e39c84ba,mmau-004fd9c5-1f2b-4c16-939b-4c75e39c84ba,0.8690430007369525,0.1309569992630475,20,easy,0.8538461538461538,0.8400000000000002,0.233238075793812
aime,aime/aime_ii-12,aime_ii-12,0.8692981973087794,0.13070180269122056,19,easy,0.8653846153846154,0.8157894736842104,0.2560081369897959
featurebench-modal,featurebench-modal/featurebench-modal-huggingface__transformers.e2e8dbed.test_tests_fetcher.e1abe0dd.lv1,featurebench-modal-huggingface__transformers.e2e8dbed.test_tests_fetcher.e1abe0dd.lv1,0.8693264610142902,0.13067353898570977,26,hard,0.2711538461538461,0.2711538461538461,0.3908012176490451
aider-polyglot,aider-polyglot/polyglot_go_react,polyglot_go_react,0.8696361559075958,0.1303638440924042,26,hard,0.0692307692307692,0.0692307692307692,0.1834901606442548
aider-polyglot,aider-polyglot/polyglot_rust_acronym,polyglot_rust_acronym,0.8697024474614989,0.13029755253850106,26,easy,0.8769230769230769,0.8769230769230769,0.2777764628502737
lawbench,lawbench/lawbench-2-6-16-zero-shot,lawbench-2-6-16-zero-shot,0.8704264018213459,0.1295735981786541,15,medium,0.4175019615384615,0.3971907999999999,0.3494371930927788
featurebench-modal,featurebench-modal/featurebench-modal-astropy__astropy.b0db0daa.test_converter.2ef0539f.lv1,featurebench-modal-astropy__astropy.b0db0daa.test_converter.2ef0539f.lv1,0.8704603416907287,0.12953965830927128,26,hard,0.1788461538461538,0.1788461538461538,0.2902827126344899
aime,aime/aime_i-8,aime_i-8,0.8707116656281213,0.1292883343718787,19,easy,0.8974359230769231,0.8596491578947368,0.1728937853232328
aider-polyglot,aider-polyglot/polyglot_go_tree-building,polyglot_go_tree-building,0.8707985934211753,0.12920140657882473,26,medium,0.6153846153846154,0.6153846153846154,0.4329614547529319
aider-polyglot,aider-polyglot/polyglot_python_connect,polyglot_python_connect,0.8707985934211753,0.12920140657882473,26,medium,0.4769230769230769,0.4769230769230769,0.3885947981635412
aider-polyglot,aider-polyglot/polyglot_javascript_parallel-letter-frequency,polyglot_javascript_parallel-letter-frequency,0.8708229354215077,0.12917706457849232,26,easy,0.7346153846153847,0.7346153846153847,0.2894853625797494
medagentbench,medagentbench/medagentbench-task9_17,medagentbench-task9_17,0.8709041984324024,0.1290958015675976,20,medium,0.5769230769230769,0.54,0.4152107898405339
swebench-multilingual,swebench-multilingual/swebench-multilingual-jekyll__jekyll-8047,swebench-multilingual-jekyll__jekyll-8047,0.870954567315542,0.129045432684458,14,medium,0.5358973461538462,0.5095237857142857,0.471813223787334
gpqa-diamond,gpqa-diamond/gpqa-diamond-61,gpqa-diamond-61,0.8710657176948332,0.1289342823051668,19,easy,0.8916666538461537,0.8517543684210527,0.2405461232199085
gpqa-diamond,gpqa-diamond/gpqa-diamond-59,gpqa-diamond-59,0.8710657176948332,0.1289342823051668,19,easy,0.9403846153846154,0.9184210526315788,0.149745860425861
labbench,labbench/labbench-figqa-0144,labbench-figqa-0144,0.8715365437933104,0.12846345620668964,13,hard,0.1,0.2,0.3762159772503842
labbench,labbench/labbench-figqa-0100,labbench-figqa-0100,0.8715365437933104,0.12846345620668964,20,hard,0.123076923076923,0.16,0.2799999999999999
aider-polyglot,aider-polyglot/polyglot_rust_react,polyglot_rust_react,0.8716191108657884,0.12838088913421164,26,frontier,0.0461538461538461,0.0461538461538461,0.1393136175098064
aider-polyglot,aider-polyglot/polyglot_go_beer-song,polyglot_go_beer-song,0.8716191108657884,0.12838088913421164,26,frontier,0.025,0.025,0.0696833497384363
labbench,labbench/labbench-figqa-0020,labbench-figqa-0020,0.8716457841561271,0.12835421584387285,20,hard,0.1692307692307692,0.22,0.3218695387886216
usaco,usaco/usaco-230,usaco-230,0.8716835575243074,0.12831644247569263,20,medium,0.6378205,0.60416665,0.3986391895840491
labbench,labbench/labbench-figqa-0164,labbench-figqa-0164,0.8718674969884843,0.12813250301151569,13,medium,0.4384615384615385,0.4769230769230769,0.4041207857404215
medagentbench,medagentbench/medagentbench-task1_8,medagentbench-task1_8,0.872521270771676,0.12747872922832404,20,easy,0.7076923076923076,0.6799999999999999,0.3370459909270543
kumo,kumo/kumo-transportenv-t4-a6-v1-s1,kumo-transportenv-t4-a6-v1-s1,0.8726800850332797,0.12731991496672035,19,saturated,0.9506410384615384,0.9324561578947368,0.1408488640106136
gaia,gaia/gaia-5188369a-3bbe-43d8-8b94-11558f909a08,gaia-5188369a-3bbe-43d8-8b94-11558f909a08,0.8727650606916598,0.12723493930834018,21,easy,0.9076923076923076,0.8857142857142858,0.2435564162389413
reasoning-gym,reasoning-gym/reasoning-gym-algorithmic-rotate-matrix-hard0292e21f-seed45-1,reasoning-gym-algorithmic-rotate-matrix-hard0292e21f-seed45-1,0.8729893042044636,0.12701069579553637,20,easy,0.7692307692307693,0.76,0.28
reasoning-gym,reasoning-gym/reasoning-gym-algorithmic-string-synthesis-easy00cea0a5-seed45-2,reasoning-gym-algorithmic-string-synthesis-easy00cea0a5-seed45-2,0.8735585841092619,0.1264414158907381,13,easy,0.8474358846153845,0.6948717692307691,0.404218410604228
reasoning-gym,reasoning-gym/reasoning-gym-games-mini-sudoku-hard0292e21f-seed45-2,reasoning-gym-games-mini-sudoku-hard0292e21f-seed45-2,0.8735585841092619,0.1264414158907381,12,easy,0.8911057692307692,0.7640625,0.3754695411109713
livecodebench,livecodebench/livecodebench-abc356_e,livecodebench-abc356_e,0.8735764122256456,0.12642358777435436,18,saturated,0.95,0.927777777777778,0.1626364574256049
aider-polyglot,aider-polyglot/polyglot_javascript_two-bucket,polyglot_javascript_two-bucket,0.8736277639749273,0.12637223602507275,26,easy,0.8615384615384616,0.8615384615384616,0.2815846956572789
labbench,labbench/labbench-figqa-0139,labbench-figqa-0139,0.8737145946946618,0.12628540530533816,13,hard,0.1076923076923076,0.2153846153846153,0.3084605793194372
featurebench-modal,featurebench-modal/featurebench-modal-pypa__setuptools.d198e86f.test_bdist_wheel.51482fc6.lv1,featurebench-modal-pypa__setuptools.d198e86f.test_bdist_wheel.51482fc6.lv1,0.8737609222820412,0.12623907771795884,26,hard,0.2153846153846153,0.2153846153846153,0.3665770017675032
usaco,usaco/usaco-547,usaco-547,0.8738112289785106,0.1261887710214894,19,medium,0.3961538461538461,0.4499999999999999,0.4510222307509675
reasoning-gym,reasoning-gym/reasoning-gym-logic-propositional-logic-easy00cea0a5-seed45-1,reasoning-gym-logic-propositional-logic-easy00cea0a5-seed45-1,0.8741648301474273,0.1258351698525727,12,hard,0.2701923076923077,0.29375,0.1080726029111911
usaco,usaco/usaco-1279,usaco-1279,0.8743390494844102,0.1256609505155898,19,medium,0.6346153846153846,0.5921052631578947,0.3927846463309784
bfcl,bfcl/bfcl-live-multiple-749-169-4,bfcl-live-multiple-749-169-4,0.87514241185129,0.12485758814870995,26,easy,0.9461538461538462,0.9461538461538462,0.1184215716795435
aider-polyglot,aider-polyglot/polyglot_java_resistor-color-trio,polyglot_java_resistor-color-trio,0.8753441161719411,0.12465588382805892,26,medium,0.3923076923076923,0.3923076923076923,0.4488644449506203
aider-polyglot,aider-polyglot/polyglot_go_bowling,polyglot_go_bowling,0.8755194970279697,0.12448050297203028,26,medium,0.5076923076923077,0.5076923076923077,0.4480067624172626
algotune,algotune/algotune-l0-pruning,algotune-l0-pruning,0.8755505098772728,0.12444949012272721,24,medium,0.4194672534900007,0.4154625083240292,0.1395370269562646
aider-polyglot,aider-polyglot/polyglot_python_bowling,polyglot_python_bowling,0.8759774285046208,0.12402257149537921,26,medium,0.6205128076923077,0.6205128076923077,0.4323536271486766
replicationbench,replicationbench/replicationbench-galaxy_soptics__nyu_vagc_processing,replicationbench-galaxy_soptics__nyu_vagc_processing,0.8761163784999108,0.12388362150008925,17,easy,0.8999999999999999,0.8470588235294118,0.2614836561281514
replicationbench,replicationbench/replicationbench-gw_cosmo__modified_gravity,replicationbench-gw_cosmo__modified_gravity,0.8761163784999108,0.12388362150008925,17,easy,0.8307692307692307,0.7411764705882353,0.3679175475555739
gpqa-diamond,gpqa-diamond/gpqa-diamond-28,gpqa-diamond-28,0.876138705613183,0.12386129438681703,20,easy,0.9179486923076924,0.8933333000000001,0.2122891989716151
swe-lancer,swe-lancer/swe-lancer-14268-manager-0,swe-lancer-14268-manager-0,0.8762704271324477,0.12372957286755226,18,easy,0.9076923076923076,0.8666666666666667,0.2403700850309326
featurebench-modal,featurebench-modal/featurebench-modal-sphinx-doc__sphinx.e347e59c.test_util_nodes.08cdc62d.lv1,featurebench-modal-sphinx-doc__sphinx.e347e59c.test_util_nodes.08cdc62d.lv1,0.8762850411910359,0.1237149588089641,26,medium,0.4275641153846153,0.4275641153846153,0.4302886775628594
featurebench-modal,featurebench-modal/featurebench-modal-netflix__metaflow.b390a8d4.test_stub_generator.7bf08c98.lv1,featurebench-modal-netflix__metaflow.b390a8d4.test_stub_generator.7bf08c98.lv1,0.8762850411910359,0.1237149588089641,26,medium,0.55,0.55,0.466162731573098
usaco,usaco/usaco-365,usaco-365,0.8766747296934027,0.12332527030659735,19,easy,0.7865384615384616,0.7078947368421052,0.3819145529588691
crustbench,crustbench/crustbench-merkle-tree-c,crustbench-merkle-tree-c,0.8767203621040254,0.12327963789597463,22,easy,0.7500000000000001,0.740909090909091,0.3228552883105411
crustbench,crustbench/crustbench-roaring-bitmap,crustbench-roaring-bitmap,0.8767203621040254,0.12327963789597463,22,easy,0.7365384615384616,0.725,0.3274384050335407
simpleqa,simpleqa/simpleqa-2305,simpleqa-2305,0.8768869994168795,0.12311300058312047,20,easy,0.8,0.77,0.3241913015489466
gaia,gaia/gaia-7a4a336d-dcfa-45a0-b014-824c7619e8de,gaia-7a4a336d-dcfa-45a0-b014-824c7619e8de,0.8773130121936651,0.12268698780633491,20,hard,0.0538461538461538,0.0699999999999999,0.2304343724360582
aider-polyglot,aider-polyglot/polyglot_java_word-search,polyglot_java_word-search,0.8773511301139769,0.12264886988602308,26,hard,0.1538461538461538,0.1538461538461538,0.300295712245279
swebench-verified,swebench-verified/swebench-verified-astropy__astropy-14539,swebench-verified-astropy__astropy-14539,0.877355964267558,0.12264403573244198,20,easy,0.9076923076923078,0.8800000000000001,0.24
swebench-verified,swebench-verified/swebench-verified-sphinx-doc__sphinx-9320,swebench-verified-sphinx-doc__sphinx-9320,0.877355964267558,0.12264403573244198,20,easy,0.8538461538461538,0.8099999999999999,0.3315116890850155
humanevalfix,humanevalfix/humanevalfix-python-13,humanevalfix-python-13,0.8775959826814582,0.12240401731854178,20,saturated,0.9538461538461538,0.94,0.1280624847486569
lawbench,lawbench/lawbench-3-8-9-zero-shot,lawbench-3-8-9-zero-shot,0.8778131844957433,0.1221868155042567,13,hard,0.119791,0.1218229999999999,0.0816202890943554
mmmlu,mmmlu/mmmlu-fr-fr-00051,mmmlu-fr-fr-00051,0.8778891439325526,0.12211085606744743,19,hard,0.147435923076923,0.2017544210526315,0.3528454034445227
mmmlu,mmmlu/mmmlu-es-la-00041,mmmlu-es-la-00041,0.8778891439325526,0.12211085606744743,20,hard,0.185897423076923,0.2416666499999999,0.3995657326676394
usaco,usaco/usaco-1132,usaco-1132,0.8781752785052094,0.12182472149479062,19,medium,0.3865384615384615,0.4368421052631579,0.4128980074339621
gpqa-diamond,gpqa-diamond/gpqa-diamond-14,gpqa-diamond-14,0.8783575528655064,0.12164244713449357,20,saturated,0.975,0.9675,0.0779021822544143
usaco,usaco/usaco-1231,usaco-1231,0.8783667986856928,0.12163320131430722,18,medium,0.4615384615384616,0.4888888888888888,0.3769598989708305
swe-lancer,swe-lancer/swe-lancer-18658-manager-0,swe-lancer-18658-manager-0,0.8786262092337306,0.12137379076626942,17,easy,0.8692307692307693,0.7999999999999999,0.2743977362280141
swe-lancer,swe-lancer/swe-lancer-18207-manager-0,swe-lancer-18207-manager-0,0.8786262092337306,0.12137379076626942,17,easy,0.9307692307692308,0.8941176470588235,0.2071390219018707
featurebench-modal,featurebench-modal/featurebench-modal-mwaskom__seaborn.7001ebe7.test_algorithms.1f0181c2.lv1,featurebench-modal-mwaskom__seaborn.7001ebe7.test_algorithms.1f0181c2.lv1,0.8790949466209648,0.12090505337903523,25,hard,0.1576923076923077,0.1639999999999999,0.3031567251439426
featurebench-modal,featurebench-modal/featurebench-modal-matplotlib__matplotlib.86a476d2.test_backend_registry.872ba384.lv1,featurebench-modal-matplotlib__matplotlib.86a476d2.test_backend_registry.872ba384.lv1,0.8790949466209648,0.12090505337903523,25,hard,0.1474358846153846,0.15333332,0.2617887097132678
reasoning-gym,reasoning-gym/reasoning-gym-games-sokoban-hard0292e21f-seed45-1,reasoning-gym-games-sokoban-hard0292e21f-seed45-1,0.8792450399210435,0.12075496007895647,13,hard,0.085897423076923,0.1717948461538461,0.2957956401800317
reasoning-gym,reasoning-gym/reasoning-gym-arc-arc-1d-hard0292e21f-seed45-2,reasoning-gym-arc-arc-1d-hard0292e21f-seed45-2,0.8792450399210435,0.12075496007895647,12,hard,0.0653846153846153,0.1416666666666666,0.2956865833201695
aider-polyglot,aider-polyglot/polyglot_go_kindergarten-garden,polyglot_go_kindergarten-garden,0.879253995535153,0.12074600446484696,26,hard,0.225,0.225,0.3153904783695188
gaia,gaia/gaia-6b078778-0b90-464d-83f6-59511c811b01,gaia-6b078778-0b90-464d-83f6-59511c811b01,0.8794148467276651,0.12058515327233488,20,medium,0.6923076923076923,0.66,0.3292415526630866
gaia,gaia/gaia-b816bfce-3d80-4913-a07d-69b752ce6377,gaia-b816bfce-3d80-4913-a07d-69b752ce6377,0.8794148467276651,0.12058515327233488,20,medium,0.6000000000000001,0.5774999999999999,0.382908278834501
labbench,labbench/labbench-figqa-0107,labbench-figqa-0107,0.8794320915477378,0.12056790845226217,13,easy,0.7461538461538463,0.6923076923076923,0.3384615384615385
simpleqa,simpleqa/simpleqa-2672,simpleqa-2672,0.8796215274042385,0.12037847259576151,20,easy,0.7615384615384616,0.7500000000000001,0.3090307428072488
spider2,spider2/spider2-qualtrics001,spider2-qualtrics001,0.8796858352538959,0.12031416474610412,15,medium,0.5653846153846154,0.5399999999999999,0.4644710252893428
medagentbench,medagentbench/medagentbench-task2_26,medagentbench-task2_26,0.8797582840752617,0.12024171592473831,20,easy,0.8769230769230769,0.8400000000000001,0.233238075793812
crustbench,crustbench/crustbench-vaultsync,crustbench-vaultsync,0.8797847402593023,0.12021525974069769,22,easy,0.7865384615384616,0.7840909090909091,0.2702634924881657
gpqa-diamond,gpqa-diamond/gpqa-diamond-166,gpqa-diamond-166,0.8798419348408066,0.12015806515919336,18,easy,0.9205128076923076,0.8851851666666666,0.2117599350586125
gpqa-diamond,gpqa-diamond/gpqa-diamond-109,gpqa-diamond-109,0.8798419348408066,0.12015806515919336,20,easy,0.9076923076923078,0.8800000000000001,0.2227105745132008
swebench-multilingual,swebench-multilingual/swebench-multilingual-google__gson-2311,swebench-multilingual-google__gson-2311,0.8799255041362012,0.12007449586379881,15,medium,0.5192307692307693,0.5333333333333333,0.4642796092394706
labbench,labbench/labbench-figqa-0110,labbench-figqa-0110,0.8799699757481082,0.1200300242518918,13,hard,0.2846153846153846,0.3692307692307692,0.3122735866182221
aider-polyglot,aider-polyglot/polyglot_python_food-chain,polyglot_python_food-chain,0.8799794653671403,0.12002053463285967,26,medium,0.5692307692307692,0.5692307692307692,0.4102243577222579
aider-polyglot,aider-polyglot/polyglot_java_mazy-mice,polyglot_java_mazy-mice,0.8799929813131118,0.12000701868688823,26,hard,0.2615384615384615,0.2615384615384615,0.3669803212885096
labbench,labbench/labbench-figqa-0130,labbench-figqa-0130,0.8800754288915376,0.11992457110846244,13,easy,0.776923076923077,0.7538461538461539,0.2499704124503372
labbench,labbench/labbench-figqa-0165,labbench-figqa-0165,0.8802869551116033,0.11971304488839674,13,hard,0.2307692307692308,0.2615384615384615,0.3076923076923077
simpleqa,simpleqa/simpleqa-2530,simpleqa-2530,0.8805671046157248,0.11943289538427515,20,easy,0.8538461538461538,0.8099999999999999,0.360416425818802
aider-polyglot,aider-polyglot/polyglot_javascript_meetup,polyglot_javascript_meetup,0.8808103259942415,0.11918967400575853,26,medium,0.6211538461538463,0.6211538461538463,0.4151397070039928
aider-polyglot,aider-polyglot/polyglot_go_transpose,polyglot_go_transpose,0.8808103259942415,0.11918967400575853,26,medium,0.5538461538461539,0.5538461538461539,0.4307692307692308
featurebench-modal,featurebench-modal/featurebench-modal-huggingface__transformers.e2e8dbed.test_modeling_vitpose.30ffd86e.lv1,featurebench-modal-huggingface__transformers.e2e8dbed.test_modeling_vitpose.30ffd86e.lv1,0.8808119408627815,0.11918805913721853,26,frontier,0.0423076923076923,0.0423076923076923,0.1245702672361665
swebench-multilingual,swebench-multilingual/swebench-multilingual-astral-sh__ruff-15309,swebench-multilingual-astral-sh__ruff-15309,0.8811479565680981,0.11885204343190192,15,medium,0.4782051538461538,0.4622222666666667,0.4118372187115465
reasoning-gym,reasoning-gym/reasoning-gym-logic-knights-knaves-easy00cea0a5-seed45-1,reasoning-gym-logic-knights-knaves-easy00cea0a5-seed45-1,0.8811625139130699,0.11883748608693012,20,easy,0.9192307692307692,0.8950000000000001,0.2132486811213612
reasoning-gym,reasoning-gym/reasoning-gym-algorithmic-graph-color-easy00cea0a5-seed45-0,reasoning-gym-algorithmic-graph-color-easy00cea0a5-seed45-0,0.8811625139130699,0.11883748608693012,12,easy,0.935897423076923,0.8611110833333333,0.3179312445082685
mmmlu,mmmlu/mmmlu-id-id-00071,mmmlu-id-id-00071,0.8812697775003943,0.11873022249960574,17,hard,0.1282051153846153,0.1960784117647059,0.3393346646155851
mmmlu,mmmlu/mmmlu-hi-in-00061,mmmlu-hi-in-00061,0.8812697775003944,0.11873022249960563,18,hard,0.1282051153846153,0.1851851666666666,0.3328185242681479
featurebench-modal,featurebench-modal/featurebench-modal-mwaskom__seaborn.7001ebe7.test_plot.b645d353.lv1,featurebench-modal-mwaskom__seaborn.7001ebe7.test_plot.b645d353.lv1,0.8814716728976743,0.11852832710232575,26,hard,0.1596153846153846,0.1596153846153846,0.2993644648922725
featurebench-modal,featurebench-modal/featurebench-modal-mlflow__mlflow.93dab383.test_genai_metrics.5f107830.lv1,featurebench-modal-mlflow__mlflow.93dab383.test_genai_metrics.5f107830.lv1,0.8814716728976743,0.11852832710232575,25,hard,0.0846153846153846,0.088,0.1773583942191629
gpqa-diamond,gpqa-diamond/gpqa-diamond-139,gpqa-diamond-139,0.8815725048495308,0.11842749515046924,19,easy,0.7333333461538463,0.7087719473684211,0.3475633128627864
aider-polyglot,aider-polyglot/polyglot_java_alphametics,polyglot_java_alphametics,0.8816175384860174,0.11838246151398257,26,hard,0.1384615384615384,0.1384615384615384,0.3175348837007737
swebench-multilingual,swebench-multilingual/swebench-multilingual-vuejs__core-11739,swebench-multilingual-vuejs__core-11739,0.8816697578974236,0.11833024210257637,13,hard,0.1070512692307692,0.2141025384615384,0.352757514034917
swebench-multilingual,swebench-multilingual/swebench-multilingual-rubocop__rubocop-13393,swebench-multilingual-rubocop__rubocop-13393,0.8816697578974236,0.11833024210257637,16,hard,0.1025641153846153,0.1666666875,0.3118048379106149
labbench,labbench/labbench-figqa-0022,labbench-figqa-0022,0.8817090980935464,0.11829090190645364,13,hard,0.0615384615384615,0.123076923076923,0.1846153846153846
featurebench-modal,featurebench-modal/featurebench-modal-huggingface__transformers.e2e8dbed.test_video_processing_auto.c41f8df4.lv1,featurebench-modal-huggingface__transformers.e2e8dbed.test_video_processing_auto.c41f8df4.lv1,0.8818777717312961,0.11812222826870389,25,hard,0.1557692307692307,0.162,0.2721323207559146
spider2,spider2/spider2-lever001,spider2-lever001,0.8818966446488515,0.11810335535114846,16,easy,0.7153846153846152,0.6,0.469041575982343
medagentbench,medagentbench/medagentbench-task9_26,medagentbench-task9_26,0.8820519653103672,0.11794803468963277,20,medium,0.5461538461538462,0.53,0.3421987726453735
medagentbench,medagentbench/medagentbench-task9_10,medagentbench-task9_10,0.8820519653103672,0.11794803468963277,20,medium,0.5769230769230769,0.5700000000000001,0.3702701716314724
simpleqa,simpleqa/simpleqa-4280,simpleqa-4280,0.8821288127819388,0.11787118721806122,20,easy,0.7461538461538461,0.7300000000000001,0.3241913015489465
mmmlu,mmmlu/mmmlu-zh-cn-00128,mmmlu-zh-cn-00128,0.8821584939758009,0.11784150602419907,20,medium,0.323076923076923,0.4199999999999999,0.4728636167014756
bfcl,bfcl/bfcl-live-multiple-712-164-28,bfcl-live-multiple-712-164-28,0.8822322107459927,0.11776778925400733,26,easy,0.9230769230769232,0.9230769230769232,0.1671196998646187
gaia,gaia/gaia-a26649c6-1cb2-470a-871e-6910c64c3e53,gaia-a26649c6-1cb2-470a-871e-6910c64c3e53,0.8825268592045632,0.1174731407954368,20,easy,0.8307692307692308,0.78,0.3515679166249389
gaia,gaia/gaia-f3917a3d-1d17-4ee2-90c5-683b072218fe,gaia-f3917a3d-1d17-4ee2-90c5-683b072218fe,0.8825268592045632,0.1174731407954368,20,easy,0.8076923076923077,0.78,0.2959729717389748
labbench,labbench/labbench-figqa-0151,labbench-figqa-0151,0.8825841058124454,0.1174158941875546,13,hard,0.2769230769230769,0.3538461538461538,0.3521699428387568
crustbench,crustbench/crustbench-inversion-list,crustbench-inversion-list,0.8830798864329699,0.11692011356703014,23,medium,0.6692307692307692,0.6521739130434784,0.3921729490010324
swebench-multilingual,swebench-multilingual/swebench-multilingual-gohugoio__hugo-12204,swebench-multilingual-gohugoio__hugo-12204,0.8831006181370972,0.11689938186290283,15,hard,0.2846153846153846,0.3466666666666667,0.3862066228789397
swebench-multilingual,swebench-multilingual/swebench-multilingual-briannesbitt__carbon-3005,swebench-multilingual-briannesbitt__carbon-3005,0.8831006181370972,0.11689938186290283,14,hard,0.1525640769230769,0.2833332857142857,0.3768604579442082
replicationbench,replicationbench/replicationbench-chandra_representation__powerlaw_spectral_fit,replicationbench-chandra_representation__powerlaw_spectral_fit,0.8831156707489867,0.11688432925101333,17,hard,0.2506410384615384,0.277451,0.346265871419806
featurebench-modal,featurebench-modal/featurebench-modal-mlflow__mlflow.93dab383.test_span.69efd376.lv1,featurebench-modal-mlflow__mlflow.93dab383.test_span.69efd376.lv1,0.8831344020355848,0.1168655979644152,25,hard,0.1160256538461538,0.12066668,0.2524229543709081
featurebench-modal,featurebench-modal/featurebench-modal-linkedin__liger-kernel.c856fbab.test_fused_add_rms_norm.fecadbdf.lv1,featurebench-modal-linkedin__liger-kernel.c856fbab.test_fused_add_rms_norm.fecadbdf.lv1,0.8835635385623172,0.11643646143768283,25,hard,0.1365384615384615,0.142,0.2587199257884865
arc-agi-2,arc-agi-2/arc-agi-2-bf45cf4b_0,arc-agi-2-bf45cf4b_0,0.8836138403876868,0.11638615961231324,20,medium,0.3557692307692308,0.4024999999999999,0.4279237665753095
medagentbench,medagentbench/medagentbench-task1_6,medagentbench-task1_6,0.8837950286188305,0.11620497138116948,20,medium,0.6615384615384616,0.65,0.3456877203488721
medagentbench,medagentbench/medagentbench-task1_5,medagentbench-task1_5,0.8837950286188305,0.11620497138116948,20,medium,0.6846153846153846,0.6500000000000001,0.3024896692450834
simpleqa,simpleqa/simpleqa-3057,simpleqa-3057,0.883838269753102,0.11616173024689802,20,easy,0.7346153846153847,0.655,0.4165033013074446
medagentbench,medagentbench/medagentbench-task5_26,medagentbench-task5_26,0.8838793757233783,0.11612062427662173,20,easy,0.9307692307692308,0.91,0.2233830790368867
labbench,labbench/labbench-figqa-0045,labbench-figqa-0045,0.8840483595235528,0.11595164047644724,13,medium,0.4000000000000001,0.4000000000000001,0.3508232077228116
labbench,labbench/labbench-figqa-0175,labbench-figqa-0175,0.8841072161340234,0.11589278386597657,13,medium,0.5538461538461538,0.5076923076923077,0.3812157444111959
gpqa-diamond,gpqa-diamond/gpqa-diamond-24,gpqa-diamond-24,0.8841110514177242,0.11588894858227583,18,easy,0.7743589615384615,0.7185185,0.3695546765837454
mmmlu,mmmlu/mmmlu-ar-xy-00004,mmmlu-ar-xy-00004,0.8842567986930185,0.11574320130698146,18,easy,0.9256410384615386,0.8925926111111111,0.2059472207881154
reasoning-gym,reasoning-gym/reasoning-gym-algorithmic-binary-alternation-hard0292e21f-seed45-2,reasoning-gym-algorithmic-binary-alternation-hard0292e21f-seed45-2,0.8845474658861922,0.11545253411380785,20,easy,0.7854251153846155,0.78105265,0.2676997560111467
crustbench,crustbench/crustbench-ted,crustbench-ted,0.8845546987483421,0.11544530125165786,22,easy,0.7884615384615384,0.75,0.3589758158478595
featurebench-modal,featurebench-modal/featurebench-modal-lightning-ai__pytorch-lightning.126fa6f1.test_connector.825ef3b1.lv1,featurebench-modal-lightning-ai__pytorch-lightning.126fa6f1.test_connector.825ef3b1.lv1,0.8846916667457858,0.11530833325421419,25,hard,0.175,0.182,0.3202748819373758
aime,aime/aime_75,aime_75,0.8852096176873681,0.11479038231263194,20,saturated,0.9615384615384616,0.95,0.1396424004376894
aime,aime/aime_ii-8,aime_ii-8,0.8852096176873681,0.11479038231263194,19,easy,0.9307692307692308,0.9052631578947368,0.2282050883018821
featurebench-modal,featurebench-modal/featurebench-modal-mlflow__mlflow.93dab383.test_bedrock_autolog.f008b521.lv1,featurebench-modal-mlflow__mlflow.93dab383.test_bedrock_autolog.f008b521.lv1,0.8852307122250329,0.11476928777496709,24,hard,0.0634615384615384,0.0687499999999999,0.1801691913174946
medagentbench,medagentbench/medagentbench-task4_12,medagentbench-task4_12,0.8853828847008679,0.1146171152991321,20,easy,0.8769230769230769,0.8399999999999999,0.265329983228432
swebench-multilingual,swebench-multilingual/swebench-multilingual-sharkdp__bat-1892,swebench-multilingual-sharkdp__bat-1892,0.8856140817299922,0.11438591827000777,15,medium,0.6410258076923075,0.6222222666666667,0.4148478870414177
crustbench,crustbench/crustbench-simplexml,crustbench-simplexml,0.8861023691387933,0.11389763086120674,22,easy,0.8384615384615384,0.8090909090909091,0.3102917848341093
featurebench-modal,featurebench-modal/featurebench-modal-mlflow__mlflow.93dab383.test_serialization.2c029be6.lv1,featurebench-modal-mlflow__mlflow.93dab383.test_serialization.2c029be6.lv1,0.8861834631099625,0.11381653689003746,25,hard,0.1423076923076923,0.148,0.2787400222429495
featurebench-modal,featurebench-modal/featurebench-modal-mwaskom__seaborn.7001ebe7.test_regression.ce8c62e2.lv1,featurebench-modal-mwaskom__seaborn.7001ebe7.test_regression.ce8c62e2.lv1,0.8861834631099625,0.11381653689003746,25,hard,0.1038461538461538,0.108,0.2464467488119898
simpleqa,simpleqa/simpleqa-1641,simpleqa-1641,0.8864058314474084,0.11359416855259163,20,medium,0.5384615384615385,0.52,0.3919183588453085
featurebench-modal,featurebench-modal/featurebench-modal-mlflow__mlflow.93dab383.test_scorer_description.9163195a.lv1,featurebench-modal-mlflow__mlflow.93dab383.test_scorer_description.9163195a.lv1,0.8864916573713967,0.11350834262860332,25,medium,0.3115384615384615,0.324,0.442971782397028
featurebench-modal,featurebench-modal/featurebench-modal-mlflow__mlflow.93dab383.test_databricks_tracing_utils.8ef44eb4.lv1,featurebench-modal-mlflow__mlflow.93dab383.test_databricks_tracing_utils.8ef44eb4.lv1,0.8864916573713967,0.11350834262860332,25,hard,0.2038461538461538,0.212,0.3323826576569842
featurebench-modal,featurebench-modal/featurebench-modal-huggingface__transformers.e2e8dbed.test_modeling_pixtral.a620bb0b.lv2,featurebench-modal-huggingface__transformers.e2e8dbed.test_modeling_pixtral.a620bb0b.lv2,0.8865407780763491,0.11345922192365088,26,frontier,0.0384615384615384,0.0384615384615384,0.1332346775052982
simpleqa,simpleqa/simpleqa-1417,simpleqa-1417,0.8867504963188865,0.11324950368111353,20,easy,0.8615384615384616,0.82,0.2749545416973504
medagentbench,medagentbench/medagentbench-task4_18,medagentbench-task4_18,0.8869851292434533,0.1130148707565467,20,easy,0.9153846153846156,0.89,0.2046948949045872
omnimath,omnimath/omnimath_1675,omnimath_1675,0.8870655251454875,0.11293447485451247,25,saturated,0.9846153846153848,0.984,0.0542586398650021
omnimath,omnimath/omnimath_2969,omnimath_2969,0.8870655251454875,0.11293447485451247,25,saturated,0.9692307692307692,0.968,0.1223764683262268
gaia,gaia/gaia-65638e28-7f37-4fa7-b7b9-8c19bb609879,gaia-65638e28-7f37-4fa7-b7b9-8c19bb609879,0.8871858925144231,0.11281410748557685,20,hard,0.1403846153846153,0.1825,0.3030160886817728
swebench-multilingual,swebench-multilingual/swebench-multilingual-astral-sh__ruff-15356,swebench-multilingual-astral-sh__ruff-15356,0.8871934167668978,0.11280658323310222,15,medium,0.5,0.5,0.4830458915396479
aime,aime/aime_i-5,aime_i-5,0.8873357409108974,0.1126642590891026,18,easy,0.9192307692307692,0.8833333333333333,0.2217355782608345
simpleqa,simpleqa/simpleqa-1321,simpleqa-1321,0.8873614264272706,0.11263857357272944,20,medium,0.6307692307692307,0.5800000000000001,0.4422668877499197
simpleqa,simpleqa/simpleqa-320,simpleqa-320,0.8873614264272706,0.11263857357272944,20,medium,0.6692307692307692,0.6300000000000001,0.4063249930782008
gpqa-diamond,gpqa-diamond/gpqa-diamond-149,gpqa-diamond-149,0.887471397399737,0.11252860260026298,19,easy,0.8384615384615385,0.7789473684210527,0.3087818977657395
gpqa-diamond,gpqa-diamond/gpqa-diamond-192,gpqa-diamond-192,0.887471397399737,0.11252860260026298,20,easy,0.823076923076923,0.7699999999999999,0.391279950930277
featurebench-modal,featurebench-modal/featurebench-modal-mlflow__mlflow.93dab383.test_jsonpath_utils.eb851c42.lv1,featurebench-modal-mlflow__mlflow.93dab383.test_jsonpath_utils.eb851c42.lv1,0.887487377185511,0.11251262281448904,25,medium,0.6217948846153847,0.60666668,0.4633932832199207
featurebench-modal,featurebench-modal/featurebench-modal-mlflow__mlflow.93dab383.test_config.c63d41b0.lv1,featurebench-modal-mlflow__mlflow.93dab383.test_config.c63d41b0.lv1,0.887487377185511,0.11251262281448904,25,medium,0.6653846153846155,0.652,0.4587984306860694
simpleqa,simpleqa/simpleqa-3407,simpleqa-3407,0.8875842895951589,0.11241571040484111,20,medium,0.3923076923076923,0.4499999999999999,0.4236744032862972
arc-agi-2,arc-agi-2/arc-agi-2-38007db0_1,arc-agi-2-38007db0_1,0.8877430503757959,0.11225694962420407,19,medium,0.3474358846153845,0.3833333157894737,0.3664672527913328
swebench-multilingual,swebench-multilingual/swebench-multilingual-redis__redis-10068,swebench-multilingual-redis__redis-10068,0.8877513383920217,0.1122486616079783,15,easy,0.7435897307692307,0.5555555333333333,0.4817663077765494
labbench,labbench/labbench-figqa-0060,labbench-figqa-0060,0.8878654904962914,0.11213450950370862,13,medium,0.4000000000000001,0.4,0.3594868137091668
mmmlu,mmmlu/mmmlu-de-de-00025,mmmlu-de-de-00025,0.8879474157522989,0.11205258424770115,19,easy,0.939102576923077,0.9166666842105264,0.1772928409778735
medagentbench,medagentbench/medagentbench-task9_2,medagentbench-task9_2,0.8882376478368409,0.1117623521631591,20,medium,0.4307692307692308,0.44,0.3773592452822641
aider-polyglot,aider-polyglot/polyglot_java_custom-set,polyglot_java_custom-set,0.8882798522371262,0.11172014776287376,26,hard,0.0923076923076923,0.0923076923076923,0.185893014978378
simpleqa,simpleqa/simpleqa-2546,simpleqa-2546,0.8883327479554315,0.11166725204456851,20,easy,0.8769230769230769,0.8400000000000002,0.2939387691339813
featurebench-modal,featurebench-modal/featurebench-modal-huggingface__transformers.e2e8dbed.test_modeling_seggpt.f9e83f60.lv1,featurebench-modal-huggingface__transformers.e2e8dbed.test_modeling_seggpt.f9e83f60.lv1,0.8884719626068027,0.11152803739319728,26,hard,0.0769230769230769,0.0769230769230769,0.227541530119216
labbench,labbench/labbench-figqa-0005,labbench-figqa-0005,0.8884941058240654,0.1115058941759346,13,medium,0.6923076923076923,0.5846153846153845,0.4110888989503812
aider-polyglot,aider-polyglot/polyglot_java_circular-buffer,polyglot_java_circular-buffer,0.8885796418563167,0.11142035814368334,26,hard,0.1923076923076923,0.1923076923076923,0.3304112553063774
aider-polyglot,aider-polyglot/polyglot_java_pythagorean-triplet,polyglot_java_pythagorean-triplet,0.8885796418563167,0.11142035814368334,26,medium,0.3108974230769231,0.3108974230769231,0.3937259633355093
gaia,gaia/gaia-c8b7e059-c60d-472e-ad64-3b04ae1166dc,gaia-c8b7e059-c60d-472e-ad64-3b04ae1166dc,0.888650928620157,0.11134907137984296,20,hard,0.2384615384615384,0.28,0.354400902933387
swebench-multilingual,swebench-multilingual/swebench-multilingual-sharkdp__bat-2201,swebench-multilingual-sharkdp__bat-2201,0.8887761591994785,0.1112238408005215,14,medium,0.6538461538461539,0.5714285714285714,0.4573660169594892
reasoning-gym,reasoning-gym/reasoning-gym-arithmetic-power-function-hard0292e21f-seed45-2,reasoning-gym-arithmetic-power-function-hard0292e21f-seed45-2,0.8888203694184136,0.11117963058158642,12,easy,0.9090705,0.8029860833333333,0.3248303837601142
reasoning-gym,reasoning-gym/reasoning-gym-algorithmic-number-filtering-hard0292e21f-seed45-0,reasoning-gym-algorithmic-number-filtering-hard0292e21f-seed45-0,0.8888203694184136,0.11117963058158642,20,easy,0.9076923076923078,0.8800000000000001,0.2481934729198171
simpleqa,simpleqa/simpleqa-2827,simpleqa-2827,0.8888462822678965,0.11115371773210347,20,easy,0.7615384615384616,0.72,0.3655133376499413
simpleqa,simpleqa/simpleqa-549,simpleqa-549,0.888955570308309,0.11104442969169104,20,easy,0.8307692307692308,0.78,0.3218695387886216
labbench,labbench/labbench-figqa-0040,labbench-figqa-0040,0.8890008890013334,0.11099911099866655,13,hard,0.0769230769230769,0.1538461538461538,0.3249032627991211
labbench,labbench/labbench-figqa-0168,labbench-figqa-0168,0.8890008890013334,0.11099911099866655,13,hard,0.2307692307692308,0.2615384615384615,0.3453837587791331
featurebench-modal,featurebench-modal/featurebench-modal-lightning-ai__pytorch-lightning.126fa6f1.test_data.c8b292af.lv1,featurebench-modal-lightning-ai__pytorch-lightning.126fa6f1.test_data.c8b292af.lv1,0.8890683108032764,0.11093168919672358,26,hard,0.2326923076923077,0.2326923076923077,0.3944183418685886
replicationbench,replicationbench/replicationbench-hubble_trails__satellite_chance_pre2020_uvis,replicationbench-hubble_trails__satellite_chance_pre2020_uvis,0.889269013251664,0.11073098674833604,17,hard,0.15,0.2294117647058823,0.3249700545160737
bixbench,bixbench/bix-17-q2,bix-17-q2,0.8893322059009046,0.11066779409909544,20,easy,0.846153846153846,0.8,0.2756809750418044
bixbench,bixbench/bix-35-q4,bix-35-q4,0.8893322059009046,0.11066779409909544,19,easy,0.8846153846153846,0.8421052631578947,0.2597439596837507
labbench,labbench/labbench-figqa-0173,labbench-figqa-0173,0.8894002621210594,0.11059973787894062,13,medium,0.4000000000000001,0.4,0.3419401657060442
usaco,usaco/usaco-1114,usaco-1114,0.889737475048613,0.110262524951387,18,easy,0.7711538461538462,0.6694444444444445,0.4210601845489051
bfcl,bfcl/bfcl-live-multiple-404-140-0,bfcl-live-multiple-404-140-0,0.8898638460557506,0.11013615394424936,26,easy,0.8999999999999999,0.8999999999999999,0.2166173513896726
aime,aime/aime_ii-5,aime_ii-5,0.8900655714692695,0.10993442853073054,19,easy,0.8615384615384616,0.8105263157894737,0.2468639873591278
aider-polyglot,aider-polyglot/polyglot_python_two-bucket,polyglot_python_two-bucket,0.890159778214071,0.109840221785929,26,medium,0.6512820384615385,0.6512820384615385,0.4152263170989713
aider-polyglot,aider-polyglot/polyglot_javascript_space-age,polyglot_javascript_space-age,0.890159778214071,0.109840221785929,26,easy,0.7057692307692308,0.7057692307692308,0.3966995867532225
crustbench,crustbench/crustbench-kd3,crustbench-kd3,0.8904364178151918,0.10956358218480822,22,easy,0.7326923076923078,0.7204545454545455,0.3193242477586248
crustbench,crustbench/crustbench-coroutine,crustbench-coroutine,0.8904364178151918,0.10956358218480822,24,easy,0.7365384615384616,0.7312500000000002,0.3210699884760331
mmmlu,mmmlu/mmmlu-hi-in-00063,mmmlu-hi-in-00063,0.8905517946067539,0.10944820539324607,16,saturated,0.9615384615384616,0.9375,0.1653594569415369
featurebench-modal,featurebench-modal/featurebench-modal-huggingface__transformers.e2e8dbed.test_modeling_pixtral.a620bb0b.lv1,featurebench-modal-huggingface__transformers.e2e8dbed.test_modeling_pixtral.a620bb0b.lv1,0.8906727521877065,0.10932724781229353,26,hard,0.1467948846153846,0.1467948846153846,0.2798816849621567
featurebench-modal,featurebench-modal/featurebench-modal-huggingface__transformers.e2e8dbed.test_chat_template_utils.8c88f8ec.lv1,featurebench-modal-huggingface__transformers.e2e8dbed.test_chat_template_utils.8c88f8ec.lv1,0.8906727521877065,0.10932724781229353,26,hard,0.2115384615384615,0.2115384615384615,0.3377834115762564
swebench-multilingual,swebench-multilingual/swebench-multilingual-preactjs__preact-3763,swebench-multilingual-preactjs__preact-3763,0.890870806374748,0.10912919362525197,16,easy,0.8076923076923077,0.6875,0.4635124054434789
swebench-multilingual,swebench-multilingual/swebench-multilingual-laravel__framework-48636,swebench-multilingual-laravel__framework-48636,0.8908708063747484,0.10912919362525164,15,easy,0.7692307692307693,0.6,0.4898979485566357
simpleqa,simpleqa/simpleqa-615,simpleqa-615,0.8909090909090909,0.10909090909090913,20,easy,0.8538461538461539,0.8099999999999999,0.2930870177950569
kumo,kumo/kumo-ecologicalenv-t4-a6-v1-s0,kumo-ecologicalenv-t4-a6-v1-s0,0.8909090909090911,0.1090909090909089,18,saturated,0.9807692307692308,0.9722222222222222,0.1145307118227128
bfcl,bfcl/bfcl-simple-java-39,bfcl-simple-java-39,0.8909090909090914,0.10909090909090857,26,saturated,0.9769230769230768,0.9769230769230768,0.0846153846153846
bfcl,bfcl/bfcl-simple-python-2,bfcl-simple-python-2,0.8909090909090914,0.10909090909090857,26,saturated,0.9769230769230768,0.9769230769230768,0.0846153846153846
gaia,gaia/gaia-5d0080cb-90d7-4712-bc33-848150e917d3,gaia-5d0080cb-90d7-4712-bc33-848150e917d3,0.8909905400951096,0.10900945990489042,20,medium,0.3749999999999999,0.3975,0.3716433101779178
gpqa-diamond,gpqa-diamond/gpqa-diamond-111,gpqa-diamond-111,0.8912826934685866,0.10871730653141343,17,easy,0.9487179615384616,0.9215686470588236,0.1468363991133714
swebench-multilingual,swebench-multilingual/swebench-multilingual-rubocop__rubocop-13431,swebench-multilingual-rubocop__rubocop-13431,0.8913290125341239,0.10867098746587611,15,easy,0.75,0.5666666666666667,0.4784233364802441
bixbench,bixbench/bix-4-q3,bix-4-q3,0.8913651688033076,0.10863483119669237,20,hard,0.0596153846153846,0.0775,0.1952402366316943
swebench-multilingual,swebench-multilingual/swebench-multilingual-babel__babel-16130,swebench-multilingual-babel__babel-16130,0.8917920845038757,0.1082079154961243,15,hard,0.1256410384615384,0.2177778,0.3735449402946852
swebench-multilingual,swebench-multilingual/swebench-multilingual-apache__druid-14092,swebench-multilingual-apache__druid-14092,0.8917920845038757,0.1082079154961243,14,hard,0.1538461538461538,0.2857142857142857,0.3642156795423418
simpleqa,simpleqa/simpleqa-1837,simpleqa-1837,0.8918115980373487,0.10818840196265134,20,easy,0.7307692307692307,0.7100000000000002,0.3433656942677879
aider-polyglot,aider-polyglot/polyglot_java_ocr-numbers,polyglot_java_ocr-numbers,0.8920850576049033,0.10791494239509669,26,hard,0.0846153846153846,0.0846153846153846,0.2230769230769231
labbench,labbench/labbench-figqa-0026,labbench-figqa-0026,0.8920917311264523,0.10790826887354765,13,easy,0.7461538461538463,0.6923076923076923,0.3099914104555367
featurebench-modal,featurebench-modal/featurebench-modal-pydantic__pydantic.e1dcaf9e.test_experimental_arguments_schema.00dc2dd4.lv1,featurebench-modal-pydantic__pydantic.e1dcaf9e.test_experimental_arguments_schema.00dc2dd4.lv1,0.8921532262473397,0.10784677375266027,26,hard,0.2057692307692307,0.2057692307692307,0.3448318773962741
medagentbench,medagentbench/medagentbench-task2_21,medagentbench-task2_21,0.8922474634243795,0.10775253657562045,20,easy,0.8384615384615384,0.79,0.3064310689208913
simpleqa,simpleqa/simpleqa-2203,simpleqa-2203,0.892417649721452,0.10758235027854801,20,medium,0.6461538461538462,0.6075,0.3755912006424005
aider-polyglot,aider-polyglot/polyglot_go_scale-generator,polyglot_go_scale-generator,0.8927016884991835,0.10729831150081648,26,medium,0.6173076923076923,0.6173076923076923,0.3779861382512051
aime,aime/aime_i-3,aime_i-3,0.8930782980873848,0.10692170191261519,18,easy,0.9435897307692308,0.9185185,0.1771594795858773
featurebench-modal,featurebench-modal/featurebench-modal-lightning-ai__pytorch-lightning.126fa6f1.test_fsdp.744aa3f5.lv1,featurebench-modal-lightning-ai__pytorch-lightning.126fa6f1.test_fsdp.744aa3f5.lv1,0.8932494323339876,0.10675056766601243,26,hard,0.1192307692307692,0.1192307692307692,0.2828688616645675
simpleqa,simpleqa/simpleqa-2315,simpleqa-2315,0.8935584831126075,0.10644151688739245,20,easy,0.8692307692307691,0.8300000000000001,0.298496231131986
lawbench,lawbench/lawbench-3-8-14-zero-shot,lawbench-3-8-14-zero-shot,0.8936908604947019,0.10630913950529808,15,hard,0.1240430384615384,0.1201945333333333,0.0946592366768763
replicationbench,replicationbench/replicationbench-hubble_trails__satellite_chance_post2020_uvis,replicationbench-hubble_trails__satellite_chance_post2020_uvis,0.8939501434721185,0.10604985652788146,20,hard,0.1307692307692307,0.1699999999999999,0.2776688675382964
arc-agi-2,arc-agi-2/arc-agi-2-195c6913_0,arc-agi-2-195c6913_0,0.8940137292370712,0.10598627076292877,20,frontier,0.023076923076923,0.03,0.0953939201416945
crustbench,crustbench/crustbench-linear-algebra-c,crustbench-linear-algebra-c,0.89410261203527,0.10589738796473003,22,easy,0.8769230769230768,0.8545454545454546,0.2775334094995226
gpqa-diamond,gpqa-diamond/gpqa-diamond-3,gpqa-diamond-3,0.8944200607663728,0.10557993923362718,20,easy,0.9384615384615383,0.9200000000000002,0.1720465053408525
replicationbench,replicationbench/replicationbench-astm3__photometry_classification_accuracy_no_clip,replicationbench-astm3__photometry_classification_accuracy_no_clip,0.894598803165469,0.10540119683453097,17,hard,0.2538461538461538,0.388235294117647,0.4522913596880255
gpqa-diamond,gpqa-diamond/gpqa-diamond-41,gpqa-diamond-41,0.894988088238291,0.10501191176170899,18,saturated,0.9679487307692308,0.9537037222222222,0.1338595185756759
aider-polyglot,aider-polyglot/polyglot_javascript_alphametics,polyglot_javascript_alphametics,0.8950566064427444,0.10494339355725557,26,medium,0.5192307692307693,0.5192307692307693,0.4113946549606321
aider-polyglot,aider-polyglot/polyglot_rust_alphametics,polyglot_rust_alphametics,0.8950566064427444,0.10494339355725557,26,medium,0.5461538461538461,0.5461538461538461,0.4456894134421838
gaia,gaia/gaia-7673d772-ef80-4f0f-a602-1bf4485c9b43,gaia-7673d772-ef80-4f0f-a602-1bf4485c9b43,0.8952189999919283,0.10478100000807167,20,hard,0.2384615384615384,0.3099999999999999,0.407308237088326
simpleqa,simpleqa/simpleqa-1498,simpleqa-1498,0.8954669747949269,0.10453302520507313,20,easy,0.8384615384615386,0.79,0.3064310689208913
simpleqa,simpleqa/simpleqa-1249,simpleqa-1249,0.8958244439111176,0.1041755560888824,20,easy,0.8153846153846154,0.76,0.3382306905057552
medagentbench,medagentbench/medagentbench-task5_28,medagentbench-task5_28,0.8962290844240091,0.10377091557599094,20,easy,0.8615384615384615,0.8200000000000001,0.2749545416973504
medagentbench,medagentbench/medagentbench-task4_5,medagentbench-task4_5,0.8962290844240091,0.10377091557599094,20,easy,0.8384615384615385,0.79,0.3128897569432403
medagentbench,medagentbench/medagentbench-task1_15,medagentbench-task1_15,0.8962662376966507,0.1037337623033493,20,medium,0.6076923076923076,0.61,0.360416425818802
medagentbench,medagentbench/medagentbench-task1_28,medagentbench-task1_28,0.8962662376966507,0.1037337623033493,20,medium,0.6384615384615385,0.6500000000000001,0.3570714214271425
replicationbench,replicationbench/replicationbench-gw_cosmo__measure_combo,replicationbench-gw_cosmo__measure_combo,0.8963030298837494,0.10369697011625056,17,easy,0.7192307692307693,0.6764705882352942,0.4022428469947943
replicationbench,replicationbench/replicationbench-hubble_trails__satellite_fractions,replicationbench-hubble_trails__satellite_fractions,0.8963030298837494,0.10369697011625056,17,easy,0.9256410384615386,0.8862745294117647,0.2129956756893594
simpleqa,simpleqa/simpleqa-1848,simpleqa-1848,0.896495806466561,0.10350419353343898,20,medium,0.6384615384615384,0.62,0.3682390527904394
mmmlu,mmmlu/mmmlu-pt-br-00114,mmmlu-pt-br-00114,0.8969769317155325,0.1030230682844675,18,easy,0.9423076923076924,0.9166666666666666,0.1863389981249824
mmmlu,mmmlu/mmmlu-id-id-00076,mmmlu-id-id-00076,0.8969769317155325,0.1030230682844675,18,easy,0.9294871923076924,0.8981481666666666,0.255428024405278
swebench-multilingual,swebench-multilingual/swebench-multilingual-apache__lucene-12626,swebench-multilingual-apache__lucene-12626,0.8969797440661123,0.10302025593388775,14,medium,0.6743589615384615,0.6095237857142857,0.4183164774228408
aime,aime/aime_i-7,aime_i-7,0.8970444185311065,0.1029555814688935,19,easy,0.8692307692307693,0.8210526315789475,0.2457142890631549
gaia,gaia/gaia-0ff53813-3367-4f43-bcbd-3fd725c1bf4b,gaia-0ff53813-3367-4f43-bcbd-3fd725c1bf4b,0.8970881272478368,0.10291187275216318,20,medium,0.5153846153846154,0.5499999999999999,0.3943348830626071
simpleqa,simpleqa/simpleqa-1378,simpleqa-1378,0.897267741154751,0.10273225884524895,20,easy,0.7000000000000001,0.6699999999999999,0.3648287269390941
simpleqa,simpleqa/simpleqa-2692,simpleqa-2692,0.897267741154751,0.10273225884524895,20,medium,0.5846153846153846,0.58,0.4093897898091744
livecodebench,livecodebench/livecodebench-3046,livecodebench-3046,0.8973486352993785,0.10265136470062153,18,easy,0.8846153846153846,0.8333333333333334,0.3073181485764296
livecodebench,livecodebench/livecodebench-abc334_b,livecodebench-abc334_b,0.8973486352993785,0.10265136470062153,18,saturated,0.9673076923076924,0.952777777777778,0.1111458279096808
aime,aime/aime_89,aime_89,0.8973612063323932,0.10263879366760675,19,medium,0.6974358846153846,0.6596491052631578,0.3758155335207189
kumo,kumo/kumo-hormoneenv-t4-a6-v1-s1,kumo-hormoneenv-t4-a6-v1-s1,0.8973987180927838,0.10260128190721618,19,easy,0.9326923076923076,0.9078947368421052,0.2715758873756617
kumo,kumo/kumo-motifanalysisenv-t4-a6-v1-s1,kumo-motifanalysisenv-t4-a6-v1-s1,0.8973987180927838,0.10260128190721618,17,saturated,0.9551281923076924,0.9313725294117648,0.1696674053865446
medagentbench,medagentbench/medagentbench-task4_10,medagentbench-task4_10,0.8974283680292688,0.10257163197073116,20,easy,0.8692307692307691,0.8300000000000001,0.2703701166919154
aime,aime/aime_64,aime_64,0.8975057485582543,0.10249425144174573,20,easy,0.875,0.8375,0.279676152004421
aime,aime/aime_ii-10,aime_ii-10,0.8975057485582543,0.10249425144174573,19,easy,0.9108974615384616,0.878070210526316,0.2002959888865998
labbench,labbench/labbench-figqa-0177,labbench-figqa-0177,0.8977632991448151,0.10223670085518488,13,medium,0.4384615384615384,0.4769230769230769,0.3885947981635412
usaco,usaco/usaco-738,usaco-738,0.8978542778672203,0.10214572213277973,19,easy,0.7358974230769231,0.7122806842105263,0.3739250698933443
featurebench-modal,featurebench-modal/featurebench-modal-astropy__astropy.b0db0daa.test_comparison.445d81a3.lv1,featurebench-modal-astropy__astropy.b0db0daa.test_comparison.445d81a3.lv1,0.8979649722747757,0.10203502772522433,26,hard,0.1538461538461538,0.1538461538461538,0.2790516484187239
featurebench-modal,featurebench-modal/featurebench-modal-huggingface__transformers.e2e8dbed.test_candidate_generator.bc0ea399.lv1,featurebench-modal-huggingface__transformers.e2e8dbed.test_candidate_generator.bc0ea399.lv1,0.898011959759323,0.10198804024067698,26,hard,0.0826923076923076,0.0826923076923076,0.2231515127287648
kumo,kumo/kumo-microbiologyenv-t4-a6-v1-s0,kumo-microbiologyenv-t4-a6-v1-s0,0.8981505467995841,0.10184945320041594,19,saturated,0.9615384615384616,0.9473684210526316,0.1302565123238377
simpleqa,simpleqa/simpleqa-268,simpleqa-268,0.8982010137993547,0.10179898620064531,20,easy,0.8923076923076922,0.86,0.2615339366124404
simpleqa,simpleqa/simpleqa-3743,simpleqa-3743,0.8982608695652178,0.10173913043478222,20,medium,0.3692307692307692,0.4199999999999999,0.3893584466786357
simpleqa,simpleqa/simpleqa-1451,simpleqa-1451,0.8982608695652178,0.10173913043478222,20,medium,0.323076923076923,0.36,0.431740662898458
gpqa-diamond,gpqa-diamond/gpqa-diamond-92,gpqa-diamond-92,0.8985487870058454,0.1014512129941546,19,easy,0.8673076923076922,0.8184210526315789,0.310860658544099
usaco,usaco/usaco-915,usaco-915,0.8987075618127542,0.10129243818724576,20,medium,0.6532051153846153,0.6091666499999999,0.3919139407730063
usaco,usaco/usaco-1064,usaco-1064,0.8987075618127542,0.10129243818724576,18,medium,0.6307692307692307,0.5666666666666668,0.413991411612474
gaia,gaia/gaia-8e867cd7-cff9-4e6c-867a-ff5ddc2550be,gaia-8e867cd7-cff9-4e6c-867a-ff5ddc2550be,0.8988121351427256,0.10118786485727438,20,easy,0.7846153846153847,0.75,0.3514256678161116
swebench-multilingual,swebench-multilingual/swebench-multilingual-apache__lucene-12196,swebench-multilingual-apache__lucene-12196,0.8990435494255814,0.1009564505744186,15,easy,0.7384615384615384,0.5466666666666666,0.4869861964733246
algotune,algotune/algotune-battery-scheduling,algotune-battery-scheduling,0.8991283782632673,0.1008716217367327,25,medium,0.6937707585356097,0.6913348919057857,0.2081171139483893
algotune,algotune/algotune-psd-cone-projection,algotune-psd-cone-projection,0.8991283782632673,0.1008716217367327,14,medium,0.5095794754790428,0.4650916542932004,0.2033881371201986
simpleqa,simpleqa/simpleqa-3164,simpleqa-3164,0.8992298776490847,0.10077012235091531,20,medium,0.4346153846153845,0.4749999999999999,0.3960744879438715
mmau,mmau/mmau-9d5ef0e3-b801-4f7c-a012-b7b5793ca1c6,mmau-9d5ef0e3-b801-4f7c-a012-b7b5793ca1c6,0.8992304806544654,0.10076951934553458,20,saturated,0.9519230769230768,0.9375,0.1643062350883252
livecodebench,livecodebench/livecodebench-abc320_c,livecodebench-abc320_c,0.8995756243302877,0.1004243756697123,18,easy,0.9487179615384614,0.9259259444444444,0.171973109359985
gpqa-diamond,gpqa-diamond/gpqa-diamond-160,gpqa-diamond-160,0.8997107017593936,0.1002892982406064,18,hard,0.0807692307692307,0.1166666666666666,0.25
gpqa-diamond,gpqa-diamond/gpqa-diamond-85,gpqa-diamond-85,0.8998606771569543,0.10013932284304572,19,hard,0.223076923076923,0.3052631578947368,0.4322203193189012
gpqa-diamond,gpqa-diamond/gpqa-diamond-94,gpqa-diamond-94,0.8998606771569543,0.10013932284304572,20,hard,0.2769230769230769,0.3,0.3376388603226826
simpleqa,simpleqa/simpleqa-3344,simpleqa-3344,0.9001334485690049,0.0998665514309951,20,easy,0.7923076923076923,0.7299999999999999,0.3702701716314724
aider-polyglot,aider-polyglot/polyglot_javascript_variable-length-quantity,polyglot_javascript_variable-length-quantity,0.9001716539387634,0.09982834606123658,26,easy,0.7974358846153847,0.7974358846153847,0.340678460350059
gpqa-diamond,gpqa-diamond/gpqa-diamond-110,gpqa-diamond-110,0.9003850461090046,0.0996149538909954,18,easy,0.935897423076923,0.9074073888888888,0.1779706342047408
labbench,labbench/labbench-figqa-0019,labbench-figqa-0019,0.9005984499954303,0.09940155000456974,13,hard,0.2461538461538461,0.2923076923076922,0.3197632260127158
labbench,labbench/labbench-figqa-0118,labbench-figqa-0118,0.9005984499954303,0.09940155000456974,13,medium,0.3384615384615384,0.4769230769230769,0.4610253558083599
simpleqa,simpleqa/simpleqa-2963,simpleqa-2963,0.9006323039294902,0.09936769607050977,20,easy,0.8461538461538461,0.8,0.3098386676965933
labbench,labbench/labbench-figqa-0070,labbench-figqa-0070,0.9006993167862736,0.09930068321372643,13,hard,0.2615384615384615,0.3230769230769231,0.3467516206026044
labbench,labbench/labbench-figqa-0148,labbench-figqa-0148,0.9006993167862736,0.09930068321372643,13,hard,0.2538461538461539,0.3076923076923077,0.3730570970148351
labbench,labbench/labbench-figqa-0181,labbench-figqa-0181,0.9008141155543251,0.09918588444567489,13,easy,0.7538461538461539,0.7076923076923077,0.3730570970148351
labbench,labbench/labbench-figqa-0123,labbench-figqa-0123,0.9008141155543251,0.09918588444567489,13,easy,0.7461538461538463,0.6923076923076923,0.35617959700893
reasoning-gym,reasoning-gym/reasoning-gym-algebra-simple-integration-hard0292e21f-seed45-0,reasoning-gym-algebra-simple-integration-hard0292e21f-seed45-0,0.9008852329229027,0.09911476707709732,20,saturated,0.953846153846154,0.94,0.1280624847486569
simpleqa,simpleqa/simpleqa-1375,simpleqa-1375,0.9013496967426147,0.09865030325738533,20,medium,0.4846153846153846,0.48,0.4214261501141095
simpleqa,simpleqa/simpleqa-1680,simpleqa-1680,0.9013496967426147,0.09865030325738533,20,medium,0.4384615384615384,0.4499999999999999,0.4092676385936224
mmau,mmau/mmau-f228c287-fce7-44d8-bfbe-c2eb0d7ff024,mmau-f228c287-fce7-44d8-bfbe-c2eb0d7ff024,0.9018009313513139,0.0981990686486861,20,easy,0.9076923076923076,0.8800000000000001,0.24
featurebench-modal,featurebench-modal/featurebench-modal-astropy__astropy.b0db0daa.test_vo.8fd473ce.lv1,featurebench-modal-astropy__astropy.b0db0daa.test_vo.8fd473ce.lv1,0.9018483611307607,0.09815163886923928,26,hard,0.2115384615384615,0.2115384615384615,0.3092508604265414
medagentbench,medagentbench/medagentbench-task2_1,medagentbench-task2_1,0.9023203873140988,0.0976796126859012,20,easy,0.8999999999999999,0.8699999999999999,0.2215851980616034
featurebench-modal,featurebench-modal/featurebench-modal-mwaskom__seaborn.7001ebe7.test_relational.f23eb542.lv1,featurebench-modal-mwaskom__seaborn.7001ebe7.test_relational.f23eb542.lv1,0.9025525482096243,0.09744745179037573,26,frontier,0.0423076923076923,0.0423076923076923,0.1245702672361665
featurebench-modal,featurebench-modal/featurebench-modal-pydata__xarray.97f3a746.test_range_index.7b95ba66.lv1,featurebench-modal-pydata__xarray.97f3a746.test_range_index.7b95ba66.lv1,0.9025525482096243,0.09744745179037573,26,hard,0.1076923076923077,0.1076923076923077,0.2673561107228118
usaco,usaco/usaco-813,usaco-813,0.902615612081983,0.09738438791801696,19,easy,0.8083333461538461,0.7377193157894738,0.3774275043669142
gpqa-diamond,gpqa-diamond/gpqa-diamond-78,gpqa-diamond-78,0.9030167408360289,0.0969832591639711,19,easy,0.8942307692307693,0.8552631578947368,0.2832586398747828
featurebench-modal,featurebench-modal/featurebench-modal-fastapi__fastapi.02e108d1.test_compat.71e8518f.lv1,featurebench-modal-fastapi__fastapi.02e108d1.test_compat.71e8518f.lv1,0.903028755559792,0.096971244440208,26,hard,0.2057692307692308,0.2057692307692308,0.2815912623879769
featurebench-modal,featurebench-modal/featurebench-modal-astropy__astropy.b0db0daa.test_functions.40530bf7.lv1,featurebench-modal-astropy__astropy.b0db0daa.test_functions.40530bf7.lv1,0.903028755559792,0.096971244440208,26,hard,0.1846153846153846,0.1846153846153846,0.2983187604563895
aider-polyglot,aider-polyglot/polyglot_javascript_book-store,polyglot_javascript_book-store,0.903359726380873,0.09664027361912697,26,easy,0.8923076923076925,0.8923076923076925,0.2555884265513254
reasoning-gym,reasoning-gym/reasoning-gym-arithmetic-dice-hard0292e21f-seed45-1,reasoning-gym-arithmetic-dice-hard0292e21f-seed45-1,0.9033633689408072,0.09663663105919285,12,easy,0.9365384615384617,0.8624999999999999,0.2880429655450728
crustbench,crustbench/crustbench-bitset,crustbench-bitset,0.90341283964867,0.09658716035132997,23,hard,0.2307692307692307,0.2608695652173913,0.3703572076355975
crustbench,crustbench/crustbench-fleur,crustbench-fleur,0.90341283964867,0.09658716035132997,23,hard,0.1884615384615384,0.2130434782608695,0.3733565120178869
medagentbench,medagentbench/medagentbench-task6_14,medagentbench-task6_14,0.9036340731558418,0.09636592684415823,20,easy,0.8769230769230769,0.8400000000000001,0.2416609194718914
medagentbench,medagentbench/medagentbench-task4_11,medagentbench-task4_11,0.9036340731558418,0.09636592684415823,20,easy,0.8692307692307693,0.8300000000000001,0.2628687885618982
bfcl,bfcl/bfcl-live-multiple-591-157-12,bfcl-live-multiple-591-157-12,0.9037173124616528,0.09628268753834723,26,saturated,0.9615384615384616,0.9615384615384616,0.1242730340107962
bfcl,bfcl/bfcl-live-simple-210-117-2,bfcl-live-simple-210-117-2,0.9037173124616532,0.09628268753834679,26,saturated,0.9692307692307692,0.9692307692307692,0.1538461538461538
simpleqa,simpleqa/simpleqa-2458,simpleqa-2458,0.9037173124616533,0.09628268753834668,20,saturated,0.9615384615384616,0.95,0.1396424004376894
gpqa-diamond,gpqa-diamond/gpqa-diamond-188,gpqa-diamond-188,0.9037173124616534,0.09628268753834657,20,saturated,0.9615384615384616,0.95,0.1396424004376894
gpqa-diamond,gpqa-diamond/gpqa-diamond-0,gpqa-diamond-0,0.9037173124616534,0.09628268753834657,20,saturated,0.9615384615384616,0.95,0.1396424004376894
swebench-multilingual,swebench-multilingual/swebench-multilingual-redis__redis-12272,swebench-multilingual-redis__redis-12272,0.9037174826467608,0.09628251735323923,15,hard,0.0641025384615384,0.1111110666666666,0.2629368416864822
simpleqa,simpleqa/simpleqa-884,simpleqa-884,0.9042174477320953,0.09578255226790466,20,easy,0.8615384615384616,0.82,0.2959729717389748
featurebench-modal,featurebench-modal/featurebench-modal-pandas-dev__pandas.82fa2715.test_list_accessor.7ab0b2ea.lv1,featurebench-modal-pandas-dev__pandas.82fa2715.test_list_accessor.7ab0b2ea.lv1,0.9045495080194088,0.09545049198059119,26,hard,0.1647435769230769,0.1647435769230769,0.3111986311837324
featurebench-modal,featurebench-modal/featurebench-modal-pandas-dev__pandas.82fa2715.test_sample.5d2ba03e.lv1,featurebench-modal-pandas-dev__pandas.82fa2715.test_sample.5d2ba03e.lv1,0.9045495080194088,0.09545049198059119,26,hard,0.1076923076923076,0.1076923076923076,0.2416658164985386
algotune,algotune/algotune-linear-system-solver,algotune-linear-system-solver,0.904560073472582,0.09543992652741795,20,hard,0.0771887206554075,0.0832178756347923,0.0937062052139084
featurebench-modal,featurebench-modal/featurebench-modal-pydantic__pydantic.e1dcaf9e.test_types_self.3ae7e16d.lv1,featurebench-modal-pydantic__pydantic.e1dcaf9e.test_types_self.3ae7e16d.lv1,0.9048322473702002,0.09516775262979982,26,hard,0.1769230769230769,0.1769230769230769,0.3285254846778864
featurebench-modal,featurebench-modal/featurebench-modal-huggingface__transformers.e2e8dbed.test_modeling_seggpt.f9e83f60.lv2,featurebench-modal-huggingface__transformers.e2e8dbed.test_modeling_seggpt.f9e83f60.lv2,0.9048322473702002,0.09516775262979982,26,hard,0.0576923076923076,0.0576923076923076,0.1597427665945783
gpqa-diamond,gpqa-diamond/gpqa-diamond-128,gpqa-diamond-128,0.9050656751516397,0.09493432484836029,19,easy,0.9076923076923076,0.8736842105263158,0.2769041355361243
gpqa-diamond,gpqa-diamond/gpqa-diamond-122,gpqa-diamond-122,0.9050656751516397,0.09493432484836029,19,saturated,0.9576923076923076,0.9421052631578948,0.126971979808577
featurebench-modal,featurebench-modal/featurebench-modal-optuna__optuna.e7c6f1dd.test_heartbeat.5ad4d08f.lv1,featurebench-modal-optuna__optuna.e7c6f1dd.test_heartbeat.5ad4d08f.lv1,0.9052294984194446,0.09477050158055544,26,hard,0.0692307692307692,0.0692307692307692,0.1726918793895665
algotune,algotune/algotune-lyapunov-stability,algotune-lyapunov-stability,0.9052323272885742,0.09476767271142583,26,easy,0.7651543381464195,0.7651543381464195,0.1848704070546191
gaia,gaia/gaia-e2d69698-bc99-4e85-9880-67eaccd66e6c,gaia-e2d69698-bc99-4e85-9880-67eaccd66e6c,0.9055718004122061,0.09442819958779392,20,hard,0.2615384615384615,0.3099999999999999,0.3871692136521187
gaia,gaia/gaia-b4cc024b-3f5e-480e-b96a-6656493255b5,gaia-b4cc024b-3f5e-480e-b96a-6656493255b5,0.9055718004122061,0.09442819958779392,20,hard,0.2,0.26,0.4004996878900157
gpqa-diamond,gpqa-diamond/gpqa-diamond-31,gpqa-diamond-31,0.9057115019700486,0.09428849802995143,19,saturated,0.9564102692307692,0.940350894736842,0.1527827128333757
gpqa-diamond,gpqa-diamond/gpqa-diamond-67,gpqa-diamond-67,0.9057115019700486,0.09428849802995143,20,easy,0.9307692307692308,0.91,0.2142428528562855
gaia,gaia/gaia-05407167-39ec-4d3a-a234-73a9120c325d,gaia-05407167-39ec-4d3a-a234-73a9120c325d,0.905826081701768,0.09417391829823196,20,hard,0.1653846153846153,0.215,0.3256148031032987
aider-polyglot,aider-polyglot/polyglot_python_hangman,polyglot_python_hangman,0.9058593802751267,0.09414061972487331,26,medium,0.4230769230769231,0.4230769230769231,0.4551480674611388
aider-polyglot,aider-polyglot/polyglot_python_forth,polyglot_python_forth,0.9058593802751267,0.09414061972487331,26,medium,0.3115384615384615,0.3115384615384615,0.4098094520411267
simpleqa,simpleqa/simpleqa-124,simpleqa-124,0.9060096325775919,0.09399036742240807,20,easy,0.7923076923076924,0.76,0.3136877428271624
crustbench,crustbench/crustbench-rect-pack-h,crustbench-rect-pack-h,0.906425069378291,0.09357493062170896,22,easy,0.8025641153846154,0.7666666818181818,0.3485902300479078
aider-polyglot,aider-polyglot/polyglot_python_book-store,polyglot_python_book-store,0.9064681173043664,0.09353188269563362,26,hard,0.2865384615384615,0.2865384615384615,0.3683533244014952
aider-polyglot,aider-polyglot/polyglot_python_grep,polyglot_python_grep,0.9064681173043664,0.09353188269563362,26,medium,0.4019230769230769,0.4019230769230769,0.4498890395741978
ineqmath,ineqmath/ineqmath-47,ineqmath-47,0.906516387739213,0.09348361226078705,20,easy,0.8269230769230769,0.775,0.3359687485466468
crustbench,crustbench/crustbench-dict,crustbench-dict,0.9066445134010801,0.0933554865989199,23,easy,0.7102564230769232,0.6985507391304348,0.3624231721090473
mmmlu,mmmlu/mmmlu-yo-ng-00147,mmmlu-yo-ng-00147,0.9066930294913682,0.09330697050863179,18,easy,0.9102564230769232,0.870370388888889,0.2752975781146525
featurebench-modal,featurebench-modal/featurebench-modal-astropy__astropy.b0db0daa.test_containers.6079987d.lv1,featurebench-modal-astropy__astropy.b0db0daa.test_containers.6079987d.lv1,0.9067992727641145,0.09320072723588546,26,hard,0.1923076923076923,0.1923076923076923,0.3304112553063774
simpleqa,simpleqa/simpleqa-2553,simpleqa-2553,0.9068265662874186,0.09317343371258135,20,easy,0.7999999999999999,0.74,0.3954743986657038
labbench,labbench/labbench-figqa-0112,labbench-figqa-0112,0.9069123220242175,0.09308767797578255,13,medium,0.6923076923076924,0.5846153846153845,0.3370600353877945
simpleqa,simpleqa/simpleqa-1971,simpleqa-1971,0.9069837483273713,0.09301625167262872,20,easy,0.8230769230769232,0.77,0.3363034344160047
replicationbench,replicationbench/replicationbench-galaxy_soptics__bcg_identification,replicationbench-galaxy_soptics__bcg_identification,0.9070069096384761,0.09299309036152392,17,medium,0.3461538461538461,0.4235294117647059,0.4332224150475757
lawbench,lawbench/lawbench-1-1-3-zero-shot,lawbench-1-1-3-zero-shot,0.9071230432503585,0.09287695674964147,15,medium,0.3797745384615384,0.3693836,0.338851088542209
swtbench,swtbench/swtbench-django__django-12713,swtbench-django__django-12713,0.9074738177343448,0.09252618226565523,14,easy,0.823076923076923,0.7571428571428571,0.3040542379113251
swtbench,swtbench/swtbench-django__django-11551,swtbench-django__django-11551,0.9074738177343448,0.09252618226565523,14,easy,0.7384615384615386,0.6857142857142858,0.3356382892705923
gaia,gaia/gaia-cf106601-ab4f-4af9-b045-5295fe67b37d,gaia-cf106601-ab4f-4af9-b045-5295fe67b37d,0.9078333078768542,0.09216669212314577,20,easy,0.7769230769230769,0.74,0.3352610922848042
featurebench-modal,featurebench-modal/featurebench-modal-pydantic__pydantic.e1dcaf9e.test_titles.e806bda8.lv1,featurebench-modal-pydantic__pydantic.e1dcaf9e.test_titles.e806bda8.lv1,0.9078892303255682,0.09211076967443177,26,hard,0.1378205,0.1378205,0.3210412232793657
simpleqa,simpleqa/simpleqa-3345,simpleqa-3345,0.9084964647371725,0.0915035352628275,20,easy,0.7692307692307693,0.76,0.3072458299147443
featurebench-modal,featurebench-modal/featurebench-modal-lightning-ai__pytorch-lightning.126fa6f1.test_data.12056068.lv1,featurebench-modal-lightning-ai__pytorch-lightning.126fa6f1.test_data.12056068.lv1,0.908590270499073,0.09140972950092696,26,hard,0.1211538461538461,0.1211538461538461,0.2550162426663616
medagentbench,medagentbench/medagentbench-task5_15,medagentbench-task5_15,0.908668351520249,0.09133164847975095,20,easy,0.9153846153846152,0.89,0.2567099530598687
mmmlu,mmmlu/mmmlu-fr-fr-00056,mmmlu-fr-fr-00056,0.9087098658974004,0.09129013410259956,15,easy,0.9423076923076924,0.9,0.2
mmmlu,mmmlu/mmmlu-en-us-00033,mmmlu-en-us-00033,0.9087098658974004,0.09129013410259956,20,saturated,0.9519230769230768,0.9375,0.1643062350883252
aider-polyglot,aider-polyglot/polyglot_java_ledger,polyglot_java_ledger,0.9087295596601691,0.0912704403398309,26,medium,0.3923076923076923,0.3923076923076923,0.445423805901644
lawbench,lawbench/lawbench-2-6-19-zero-shot,lawbench-2-6-19-zero-shot,0.9088725363657898,0.0911274636342102,15,medium,0.3816151923076923,0.3511739333333333,0.2599540939913473
labbench,labbench/labbench-figqa-0041,labbench-figqa-0041,0.9090459603081603,0.09095403969183968,13,hard,0.2923076923076922,0.3846153846153846,0.387985237320569
simpleqa,simpleqa/simpleqa-334,simpleqa-334,0.9092012273680564,0.09079877263194358,20,easy,0.8923076923076925,0.8600000000000001,0.2457641145488901
aime,aime/aime_74,aime_74,0.9092050733306346,0.0907949266693654,20,easy,0.7576923076923078,0.6849999999999999,0.3940494892776794
aime,aime/aime_65,aime_65,0.9092050733306346,0.0907949266693654,20,easy,0.7769230769230769,0.74,0.2956349099818897
simpleqa,simpleqa/simpleqa-3684,simpleqa-3684,0.9095014624631779,0.09049853753682213,20,easy,0.9307692307692308,0.91,0.1946792233393178
simpleqa,simpleqa/simpleqa-2000,simpleqa-2000,0.9095014624631779,0.09049853753682213,20,easy,0.9057692307692308,0.8775000000000001,0.2722475895210093
labbench,labbench/labbench-figqa-0057,labbench-figqa-0057,0.9095244199131114,0.09047558008688861,13,hard,0.2538461538461539,0.3076923076923077,0.3292451470620415
swebench-multilingual,swebench-multilingual/swebench-multilingual-apache__lucene-13301,swebench-multilingual-apache__lucene-13301,0.9096732825698195,0.0903267174301805,15,easy,0.7346154230769231,0.6866667333333333,0.3786525783764437
simpleqa,simpleqa/simpleqa-426,simpleqa-426,0.9103649817534543,0.08963501824654574,20,easy,0.8076923076923077,0.78,0.2891366458960192
simpleqa,simpleqa/simpleqa-2304,simpleqa-2304,0.9103800939341634,0.08961990606583659,20,easy,0.8076923076923077,0.75,0.3278719262151
aider-polyglot,aider-polyglot/polyglot_rust_book-store,polyglot_rust_book-store,0.9110364261930995,0.08896357380690045,26,easy,0.8230769230769232,0.8230769230769232,0.2791576509480624
aider-polyglot,aider-polyglot/polyglot_python_scale-generator,polyglot_python_scale-generator,0.9112830631384808,0.08871693686151916,26,easy,0.7282051153846154,0.7282051153846154,0.3824898664825923
gaia,gaia/gaia-2d83110e-a098-4ebb-9987-066c06fa42d0,gaia-2d83110e-a098-4ebb-9987-066c06fa42d0,0.9114724274799281,0.08852757252007193,20,easy,0.9307692307692308,0.91,0.232163735324878
gaia,gaia/gaia-dc28cf18-6431-458b-83ef-64b3ce566c10,gaia-dc28cf18-6431-458b-83ef-64b3ce566c10,0.9114724274799281,0.08852757252007193,20,easy,0.9230769230769232,0.9,0.232379000772445
arc-agi-2,arc-agi-2/arc-agi-2-38007db0_0,arc-agi-2-38007db0_0,0.9115469022592168,0.08845309774078325,20,hard,0.2538461538461539,0.3,0.3549647869859769
simpleqa,simpleqa/simpleqa-350,simpleqa-350,0.9115517358084477,0.08844826419155227,20,easy,0.9076923076923078,0.8800000000000001,0.2561249694973139
humanevalfix,humanevalfix/humanevalfix-python-39,humanevalfix-python-39,0.9116135788665176,0.08838642113348238,20,easy,0.9384615384615383,0.92,0.1939071942966531
simpleqa,simpleqa/simpleqa-5,simpleqa-5,0.911749298703135,0.08825070129686496,20,easy,0.7538461538461537,0.7100000000000001,0.3766961640367472
crustbench,crustbench/crustbench-libm17,crustbench-libm17,0.911913721050414,0.08808627894958598,22,hard,0.1307692307692307,0.1545454545454545,0.3407575420725693
simpleqa,simpleqa/simpleqa-2089,simpleqa-2089,0.9119486508555791,0.08805134914442092,20,easy,0.9076923076923078,0.8800000000000001,0.2039607805437113
aider-polyglot,aider-polyglot/polyglot_java_poker,polyglot_java_poker,0.9119683871153718,0.08803161288462824,26,medium,0.3576923076923076,0.3576923076923076,0.402084067867823
aider-polyglot,aider-polyglot/polyglot_javascript_tournament,polyglot_javascript_tournament,0.9119727995219893,0.08802720047801071,26,easy,0.8038461538461539,0.8038461538461539,0.2834957186364674
gaia,gaia/gaia-bda648d7-d618-4883-88f4-3466eabd860e,gaia-bda648d7-d618-4883-88f4-3466eabd860e,0.911973197901692,0.08802680209830804,20,medium,0.551923076923077,0.5375,0.3939781085288877
gaia,gaia/gaia-3627a8be-a77f-41bb-b807-7e1bd4c0ebdf,gaia-3627a8be-a77f-41bb-b807-7e1bd4c0ebdf,0.911973197901692,0.08802680209830804,20,medium,0.5307692307692308,0.54,0.3954743986657038
aider-polyglot,aider-polyglot/polyglot_go_pov,polyglot_go_pov,0.9121772222763072,0.08782277772369285,26,medium,0.6769230769230768,0.6769230769230768,0.3724221057510832
gpqa-diamond,gpqa-diamond/gpqa-diamond-1,gpqa-diamond-1,0.9126309770375587,0.08736902296244131,20,easy,0.9307692307692306,0.91,0.1609347693943108
gpqa-diamond,gpqa-diamond/gpqa-diamond-23,gpqa-diamond-23,0.9126309770375587,0.08736902296244131,17,easy,0.8371795,0.7509804117647059,0.3278206152551151
swebench-multilingual,swebench-multilingual/swebench-multilingual-gohugoio__hugo-12448,swebench-multilingual-gohugoio__hugo-12448,0.9129392743837337,0.08706072561626632,15,hard,0.1461538461538461,0.2533333333333333,0.4030991055421593
swebench-multilingual,swebench-multilingual/swebench-multilingual-gin-gonic__gin-1957,swebench-multilingual-gin-gonic__gin-1957,0.9129392743837337,0.08706072561626632,14,hard,0.2019230769230769,0.375,0.4506939094329986
reasoning-gym,reasoning-gym/reasoning-gym-logic-zebra-puzzles-easy00cea0a5-seed45-2,reasoning-gym-logic-zebra-puzzles-easy00cea0a5-seed45-2,0.9130413279039337,0.08695867209606634,12,easy,0.8833333461538462,0.7472222500000001,0.3690473996372564
usaco,usaco/usaco-1156,usaco-1156,0.9135594778972188,0.08644052210278119,18,easy,0.7519230769230768,0.6972222222222223,0.3549147871994621
featurebench-modal,featurebench-modal/featurebench-modal-pytest-dev__pytest.68016f0e.raises_group.c28bf36a.lv1,featurebench-modal-pytest-dev__pytest.68016f0e.raises_group.c28bf36a.lv1,0.9135701930208454,0.08642980697915459,26,hard,0.1634615384615384,0.1634615384615384,0.3043143909195062
crustbench,crustbench/crustbench-rbtree-lab,crustbench-rbtree-lab,0.9137338614209578,0.0862661385790422,22,easy,0.7692307692307693,0.7636363636363636,0.311222595793158
gaia,gaia/gaia-a0c07678-e491-4bbc-8f0b-07405144218f,gaia-a0c07678-e491-4bbc-8f0b-07405144218f,0.9137349847173332,0.08626501528266683,20,hard,0.2346153846153846,0.275,0.3672533185690771
gaia,gaia/gaia-dc22a632-937f-4e6a-b72f-ba0ff3f5ff97,gaia-dc22a632-937f-4e6a-b72f-ba0ff3f5ff97,0.9137349847173332,0.08626501528266683,20,hard,0.1903846153846153,0.2475,0.3909843347245513
crustbench,crustbench/crustbench-worsp,crustbench-worsp,0.9139318425434685,0.08606815745653151,22,easy,0.7519230769230768,0.7250000000000001,0.3430312734219061
lawbench,lawbench/lawbench-1-1-9-zero-shot,lawbench-1-1-9-zero-shot,0.9140705734612922,0.08592942653870783,20,medium,0.4858650769230769,0.49758925,0.3373761536935998
gaia,gaia/gaia-384d0dd8-e8a4-4cfe-963c-d37f256e7662,gaia-384d0dd8-e8a4-4cfe-963c-d37f256e7662,0.9141679285447393,0.08583207145526073,20,frontier,0.0461538461538461,0.06,0.18
labbench,labbench/labbench-figqa-0129,labbench-figqa-0129,0.9145035878615995,0.08549641213840053,13,medium,0.5846153846153845,0.5692307692307692,0.4139576629868834
labbench,labbench/labbench-figqa-0105,labbench-figqa-0105,0.9145035878615995,0.08549641213840053,13,medium,0.5307692307692308,0.4615384615384615,0.4464190193399049
gaia,gaia/gaia-72e110e7-464c-453c-a309-90a95aed6538,gaia-72e110e7-464c-453c-a309-90a95aed6538,0.9146028615882547,0.08539713841174534,20,hard,0.1403846153846153,0.1825,0.3030160886817728
aime,aime/aime_i-15,aime_i-15,0.9146248658481718,0.08537513415182818,20,easy,0.8538461538461538,0.8099999999999999,0.3254228019054596
aime,aime/aime_86,aime_86,0.9146248658481718,0.08537513415182818,19,easy,0.9224358846153848,0.8938596315789474,0.2191965124730271
labbench,labbench/labbench-figqa-0150,labbench-figqa-0150,0.9146462407587964,0.08535375924120359,13,hard,0.1,0.2,0.2601774542351963
labbench,labbench/labbench-figqa-0037,labbench-figqa-0037,0.9146462407587964,0.08535375924120359,13,hard,0.1,0.2,0.3038218101251
simpleqa,simpleqa/simpleqa-3843,simpleqa-3843,0.9151611198278802,0.08483888017211982,20,easy,0.9076923076923078,0.8800000000000001,0.2039607805437114
simpleqa,simpleqa/simpleqa-1970,simpleqa-1970,0.9152127381583264,0.08478726184167362,20,easy,0.9230769230769232,0.9,0.2408318915758459
usaco,usaco/usaco-342,usaco-342,0.9153744924646716,0.08462550753532838,20,easy,0.7769230769230769,0.71,0.4448595283907044
aider-polyglot,aider-polyglot/polyglot_python_zipper,polyglot_python_zipper,0.915621669043941,0.08437833095605896,26,medium,0.6589743461538462,0.6589743461538462,0.4123424630542081
aider-polyglot,aider-polyglot/polyglot_javascript_connect,polyglot_javascript_connect,0.915621669043941,0.08437833095605896,26,medium,0.5653846153846154,0.5653846153846154,0.4251174567940087
kumo,kumo/kumo-beverageenv-t4-a6-v1-s0,kumo-beverageenv-t4-a6-v1-s0,0.915656147952562,0.084343852047438,20,easy,0.9230769230769232,0.9,0.2549509756796392
usaco,usaco/usaco-381,usaco-381,0.9156635348815068,0.08433646511849324,20,easy,0.7096153846153845,0.6824999999999999,0.3749249924984996
usaco,usaco/usaco-128,usaco-128,0.9156635348815068,0.08433646511849324,20,easy,0.8057692307692308,0.7474999999999999,0.3941684284668167
simpleqa,simpleqa/simpleqa-2967,simpleqa-2967,0.9162488928889962,0.08375110711100375,20,medium,0.7,0.67,0.3702701716314724
medagentbench,medagentbench/medagentbench-task6_6,medagentbench-task6_6,0.9162751063534607,0.08372489364653934,20,easy,0.8461538461538463,0.8,0.2756809750418044
medagentbench,medagentbench/medagentbench-task4_19,medagentbench-task4_19,0.9162751063534607,0.08372489364653934,20,easy,0.9076923076923078,0.8800000000000001,0.2227105745132008
labbench,labbench/labbench-figqa-0075,labbench-figqa-0075,0.9164167635130771,0.0835832364869229,13,medium,0.4230769230769231,0.4461538461538461,0.3855373564966667
crustbench,crustbench/crustbench-razz-simulation,crustbench-razz-simulation,0.9164198729828947,0.08358012701710527,22,hard,0.1846153846153846,0.2181818181818181,0.3663534850838161
crustbench,crustbench/crustbench-libpgn,crustbench-libpgn,0.9164198729828947,0.08358012701710527,22,hard,0.15,0.1772727272727272,0.3356565048620365
simpleqa,simpleqa/simpleqa-263,simpleqa-263,0.9164463042866626,0.08355369571333737,20,medium,0.5692307692307692,0.56,0.3878143885933063
simpleqa,simpleqa/simpleqa-3267,simpleqa-3267,0.9164463042866626,0.08355369571333737,20,medium,0.6384615384615385,0.6199999999999999,0.3789459064299283
ineqmath,ineqmath/ineqmath-77,ineqmath-77,0.9164686399845827,0.08353136001541728,16,easy,0.8730769230769232,0.79375,0.3287642582459352
ineqmath,ineqmath/ineqmath-27,ineqmath-27,0.9164686399845827,0.08353136001541728,16,easy,0.8923076923076922,0.825,0.3152380053229622
livecodebench,livecodebench/livecodebench-arc196_a,livecodebench-arc196_a,0.9168203833705901,0.08317961662940987,16,hard,0.1884615384615384,0.30625,0.4022883760438524
simpleqa,simpleqa/simpleqa-4002,simpleqa-4002,0.9168790347852749,0.08312096521472512,20,easy,0.8846153846153846,0.85,0.2958039891549808
simpleqa,simpleqa/simpleqa-751,simpleqa-751,0.9168790347852749,0.08312096521472512,20,easy,0.8538461538461539,0.8099999999999999,0.2643860813280457
reasoning-gym,reasoning-gym/reasoning-gym-algorithmic-string-splitting-easy00cea0a5-seed45-1,reasoning-gym-algorithmic-string-splitting-easy00cea0a5-seed45-1,0.9169665537427013,0.0830334462572987,12,easy,0.8047761538461539,0.7228483333333333,0.3604860279731918
aime,aime/aime_ii-11,aime_ii-11,0.9171332554538967,0.08286674454610332,19,easy,0.8794871923076923,0.8350877368421052,0.2747617008314165
aime,aime/aime_78,aime_78,0.9171332554538967,0.08286674454610332,19,easy,0.9051281923076924,0.8701754210526316,0.3047182377740763
aime,aime/aime_77,aime_77,0.9172767167431288,0.08272328325687117,19,easy,0.879487153846154,0.8350876842105264,0.276459230048017
mmmlu,mmmlu/mmmlu-sw-ke-00132,mmmlu-sw-ke-00132,0.9174535708534777,0.08254642914652233,19,saturated,0.958333346153846,0.9429824736842104,0.1380011291053612
featurebench-modal,featurebench-modal/featurebench-modal-mlflow__mlflow.93dab383.test_databricks.cbc54e8c.lv1,featurebench-modal-mlflow__mlflow.93dab383.test_databricks.cbc54e8c.lv1,0.9175390221763806,0.08246097782361939,25,hard,0.1038461538461538,0.108,0.2591061558512263
gaia,gaia/gaia-872bfbb1-9ccf-49f6-8c5f-aa22818ccd66,gaia-872bfbb1-9ccf-49f6-8c5f-aa22818ccd66,0.9175688733230513,0.08243112667694874,20,hard,0.1096153846153846,0.1425,0.2771619562638422
aider-polyglot,aider-polyglot/polyglot_java_change,polyglot_java_change,0.917675682807724,0.08232431719227595,26,hard,0.2076923076923077,0.2076923076923077,0.369951220197263
aider-polyglot,aider-polyglot/polyglot_javascript_rest-api,polyglot_javascript_rest-api,0.9178028308570789,0.08219716914292108,26,medium,0.6538461538461539,0.6538461538461539,0.4171614419371153
aider-polyglot,aider-polyglot/polyglot_rust_xorcism,polyglot_rust_xorcism,0.9178028308570789,0.08219716914292108,26,medium,0.5846153846153845,0.5846153846153845,0.3919304370109845
usaco,usaco/usaco-791,usaco-791,0.9178534497269413,0.08214655027305873,18,hard,0.2410256538461538,0.3481481666666666,0.4386036087990879
ineqmath,ineqmath/ineqmath-4,ineqmath-4,0.9179979779011204,0.08200202209887963,20,easy,0.8884615384615385,0.8550000000000001,0.2376446927663229
ineqmath,ineqmath/ineqmath-94,ineqmath-94,0.9179979779011204,0.08200202209887963,16,easy,0.7865384615384615,0.746875,0.3059149953418433
labbench,labbench/labbench-figqa-0115,labbench-figqa-0115,0.9187700819673055,0.08122991803269453,13,hard,0.1,0.2,0.2601774542351964
featurebench-modal,featurebench-modal/featurebench-modal-mlflow__mlflow.93dab383.test_mlflow.d1847ff9.lv1,featurebench-modal-mlflow__mlflow.93dab383.test_mlflow.d1847ff9.lv1,0.9187764411885682,0.08122355881143184,25,hard,0.1192307692307692,0.124,0.2786108397029807
featurebench-modal,featurebench-modal/featurebench-modal-mwaskom__seaborn.7001ebe7.test_scales.d9dcdef6.lv1,featurebench-modal-mwaskom__seaborn.7001ebe7.test_scales.d9dcdef6.lv1,0.9187764411885682,0.08122355881143184,26,hard,0.1653846153846153,0.1653846153846153,0.3315955688813938
lawbench,lawbench/lawbench-2-6-8-zero-shot,lawbench-2-6-8-zero-shot,0.9192146507419258,0.08078534925807423,15,medium,0.4287266538461539,0.422683,0.3011223550718213
featurebench-modal,featurebench-modal/featurebench-modal-astropy__astropy.b0db0daa.test_tree.261bac3c.lv1,featurebench-modal-astropy__astropy.b0db0daa.test_tree.261bac3c.lv1,0.9192263998725527,0.08077360012744728,26,hard,0.1173076923076923,0.1173076923076923,0.2437457327801262
livecodebench,livecodebench/livecodebench-2808,livecodebench-2808,0.9197478443435164,0.08025215565648358,18,saturated,0.9692307692307692,0.9555555555555556,0.1065740338513937
livecodebench,livecodebench/livecodebench-3406,livecodebench-3406,0.9197478443435164,0.08025215565648358,18,saturated,0.9596153846153848,0.9416666666666668,0.1157703665787483
featurebench-modal,featurebench-modal/featurebench-modal-astropy__astropy.b0db0daa.test_quantity_erfa_ufuncs.3fc54395.lv1,featurebench-modal-astropy__astropy.b0db0daa.test_quantity_erfa_ufuncs.3fc54395.lv1,0.9199221765685665,0.08007782343143355,26,hard,0.1384615384615384,0.1384615384615384,0.2588092898655496
featurebench-modal,featurebench-modal/featurebench-modal-astropy__astropy.b0db0daa.test_realizations.5b9cf523.lv1,featurebench-modal-astropy__astropy.b0db0daa.test_realizations.5b9cf523.lv1,0.9199221765685665,0.08007782343143355,26,hard,0.1576923076923077,0.1576923076923077,0.2830779682254953
labbench,labbench/labbench-figqa-0049,labbench-figqa-0049,0.9200619705499145,0.07993802945008555,13,hard,0.2769230769230769,0.3538461538461538,0.3433217477603292
gaia,gaia/gaia-71345b0a-9c7d-4b50-b2bf-937ec5879845,gaia-71345b0a-9c7d-4b50-b2bf-937ec5879845,0.9201241857183644,0.0798758142816356,20,easy,0.823076923076923,0.7699999999999999,0.391279950930277
gaia,gaia/gaia-0a65cb96-cb6e-4a6a-8aae-c1084f613456,gaia-0a65cb96-cb6e-4a6a-8aae-c1084f613456,0.9201241857183644,0.0798758142816356,20,easy,0.8596153846153847,0.8175000000000001,0.3575174820900371
featurebench-modal,featurebench-modal/featurebench-modal-mlflow__mlflow.93dab383.test_validation.2e1c5076.lv1,featurebench-modal-mlflow__mlflow.93dab383.test_validation.2e1c5076.lv1,0.9201419832073452,0.0798580167926548,25,hard,0.2198718076923076,0.22866668,0.333450663537108
swebench-multilingual,swebench-multilingual/swebench-multilingual-facebook__docusaurus-10309,swebench-multilingual-facebook__docusaurus-10309,0.9202085606993676,0.07979143930063237,14,medium,0.5,0.5,0.4671766091394131
arc-agi-2,arc-agi-2/arc-agi-2-0934a4d8_0,arc-agi-2-0934a4d8_0,0.9203598001272333,0.07964019987276671,20,frontier,0.0461538461538461,0.06,0.142828568570857
labbench,labbench/labbench-figqa-0131,labbench-figqa-0131,0.9204466017551545,0.07955339824484553,13,hard,0.0846153846153846,0.1692307692307692,0.2197362593397799
gpqa-diamond,gpqa-diamond/gpqa-diamond-103,gpqa-diamond-103,0.9207349503151637,0.07926504968483628,19,saturated,0.9576923076923076,0.9421052631578948,0.126971979808577
aider-polyglot,aider-polyglot/polyglot_java_pig-latin,polyglot_java_pig-latin,0.9209166849859716,0.07908331501402843,26,medium,0.3076923076923077,0.3076923076923077,0.4480067624172626
aider-polyglot,aider-polyglot/polyglot_java_transpose,polyglot_java_transpose,0.9209166849859716,0.07908331501402843,26,medium,0.323076923076923,0.323076923076923,0.4190719529808073
labbench,labbench/labbench-figqa-0169,labbench-figqa-0169,0.9215913043326208,0.07840869566737918,13,hard,0.1307692307692307,0.2615384615384615,0.3541804440991181
aider-polyglot,aider-polyglot/polyglot_go_dominoes,polyglot_go_dominoes,0.9217765201825119,0.07822347981748812,26,easy,0.8057692307692308,0.8057692307692308,0.296235003864825
aider-polyglot,aider-polyglot/polyglot_go_crypto-square,polyglot_go_crypto-square,0.9218595917378788,0.07814040826212121,26,easy,0.8692307692307691,0.8692307692307691,0.271419673298113
usaco,usaco/usaco-111,usaco-111,0.9219077647748832,0.07809223522511677,18,medium,0.6596153846153846,0.6083333333333333,0.417748595316476
usaco,usaco/usaco-206,usaco-206,0.9219077647748832,0.07809223522511677,18,medium,0.6480769230769231,0.6027777777777777,0.4253992315141618
lawbench,lawbench/lawbench-2-6-21-zero-shot,lawbench-2-6-21-zero-shot,0.9221513735626606,0.07784862643733936,15,medium,0.3709015769230769,0.3481936,0.3080204454343466
livecodebench,livecodebench/livecodebench-abc301_f,livecodebench-abc301_f,0.9222806183905269,0.07771938160947311,15,hard,0.2346153846153846,0.4066666666666666,0.4567518168789503
livecodebench,livecodebench/livecodebench-abc389_g,livecodebench-abc389_g,0.9222806183905269,0.07771938160947311,16,hard,0.2807692307692307,0.39375,0.4394154497739013
usaco,usaco/usaco-241,usaco-241,0.9224113302847914,0.07758866971520861,19,easy,0.9173076923076924,0.886842105263158,0.2713718100315108
usaco,usaco/usaco-260,usaco-260,0.9224113302847914,0.07758866971520861,17,easy,0.9025641153846156,0.850980411764706,0.3230001500970438
labbench,labbench/labbench-figqa-0136,labbench-figqa-0136,0.9224320166015135,0.07756798339848647,13,hard,0.2307692307692307,0.2615384615384615,0.3270814096226046
usaco,usaco/usaco-967,usaco-967,0.9224510507761899,0.07754894922381006,19,medium,0.3128205,0.354385947368421,0.3702710454402536
usaco,usaco/usaco-1016,usaco-1016,0.9224510507761899,0.07754894922381006,19,medium,0.3192307692307692,0.3631578947368421,0.4116213465844415
simpleqa,simpleqa/simpleqa-209,simpleqa-209,0.9226521229275976,0.07734787707240243,20,easy,0.8846153846153846,0.85,0.2747726332806817
simpleqa,simpleqa/simpleqa-2237,simpleqa-2237,0.9227796272297023,0.0772203727702977,20,medium,0.5461538461538461,0.53,0.4394314508543966
simpleqa,simpleqa/simpleqa-4243,simpleqa-4243,0.9227796272297023,0.0772203727702977,20,medium,0.5461538461538461,0.5599999999999999,0.3929376540877699
lawbench,lawbench/lawbench-1-1-11-zero-shot,lawbench-1-1-11-zero-shot,0.923055303735162,0.07694469626483802,19,medium,0.5593516923076923,0.5698758947368422,0.3268424752166988
lawbench,lawbench/lawbench-1-1-10-zero-shot,lawbench-1-1-10-zero-shot,0.923055303735162,0.07694469626483802,20,medium,0.3980780769230769,0.4018754999999999,0.2763454611772192
medagentbench,medagentbench/medagentbench-task4_25,medagentbench-task4_25,0.9230860632197724,0.07691393678022762,20,easy,0.8461538461538463,0.8,0.282842712474619
kumo,kumo/kumo-chemicalcompoundsenv-t4-a6-v1-s1,kumo-chemicalcompoundsenv-t4-a6-v1-s1,0.9233215313054726,0.07667846869452744,20,easy,0.9423076923076924,0.925,0.2384848003542364
gaia,gaia/gaia-54612da3-fd56-4941-80f4-5eb82330de25,gaia-54612da3-fd56-4941-80f4-5eb82330de25,0.9235491800326696,0.07645081996733039,21,easy,0.8538461538461539,0.8190476190476191,0.2822006169529344
gpqa-diamond,gpqa-diamond/gpqa-diamond-165,gpqa-diamond-165,0.9237576257083736,0.07624237429162639,17,easy,0.9102564230769232,0.8627451176470589,0.2690778962749465
labbench,labbench/labbench-figqa-0085,labbench-figqa-0085,0.9237891986618939,0.0762108013381061,20,hard,0.2769230769230769,0.3,0.3549647869859769
aider-polyglot,aider-polyglot/polyglot_rust_nucleotide-codons,polyglot_rust_nucleotide-codons,0.9241283119036189,0.07587168809638112,26,easy,0.864102576923077,0.864102576923077,0.2624543945230768
featurebench-modal,featurebench-modal/featurebench-modal-pandas-dev__pandas.82fa2715.test_quantile.f4b69e49.lv1,featurebench-modal-pandas-dev__pandas.82fa2715.test_quantile.f4b69e49.lv1,0.9244089070951973,0.0755910929048027,26,hard,0.1160256153846153,0.1160256153846153,0.2507459063795116
featurebench-modal,featurebench-modal/featurebench-modal-pandas-dev__pandas.82fa2715.test_col.a592871d.lv2,featurebench-modal-pandas-dev__pandas.82fa2715.test_col.a592871d.lv2,0.9244089070951973,0.0755910929048027,26,hard,0.098076923076923,0.098076923076923,0.2566353178939574
aime,aime/aime_76,aime_76,0.9245318487079803,0.07546815129201967,19,easy,0.8596153846153846,0.8078947368421052,0.2939133231945203
aime,aime/aime_61,aime_61,0.9245318487079803,0.07546815129201967,19,easy,0.8192307692307692,0.7526315789473685,0.3250399506662002
bfcl,bfcl/bfcl-live-simple-8-3-4,bfcl-live-simple-8-3-4,0.9245411086070139,0.07545889139298612,26,saturated,0.9769230769230768,0.9769230769230768,0.0638971066378313
lawbench,lawbench/lawbench-1-1-1-zero-shot,lawbench-1-1-1-zero-shot,0.9245640947233967,0.07543590527660327,15,medium,0.4758233076923076,0.4636876,0.3378309332390586
labbench,labbench/labbench-figqa-0156,labbench-figqa-0156,0.9246035093018994,0.07539649069810062,13,hard,0.2846153846153846,0.3692307692307693,0.4356862233386552
labbench,labbench/labbench-figqa-0142,labbench-figqa-0142,0.9246035093018994,0.07539649069810062,13,hard,0.1538461538461538,0.3076923076923077,0.3892034043284159
simpleqa,simpleqa/simpleqa-71,simpleqa-71,0.9247107995153597,0.07528920048464027,20,easy,0.9000000000000001,0.8700000000000001,0.2776688675382964
labbench,labbench/labbench-figqa-0068,labbench-figqa-0068,0.9247139950757381,0.07528600492426185,13,medium,0.4307692307692309,0.4615384615384614,0.3541804440991181
labbench,labbench/labbench-figqa-0174,labbench-figqa-0174,0.9247139950757381,0.07528600492426185,13,medium,0.4384615384615384,0.4769230769230769,0.3805943654416302
labbench,labbench/labbench-figqa-0073,labbench-figqa-0073,0.9248413572745875,0.0751586427254125,13,medium,0.323076923076923,0.4461538461538461,0.4087793924795821
usaco,usaco/usaco-865,usaco-865,0.9249636279447067,0.07503637205529334,19,hard,0.1384615384615384,0.1894736842105263,0.3401156720295476
crustbench,crustbench/crustbench-quadtree,crustbench-quadtree,0.9250670645051351,0.0749329354948649,22,easy,0.7403846153846154,0.7113636363636364,0.3522434005388043
crustbench,crustbench/crustbench-graph-recogniser,crustbench-graph-recogniser,0.9250670645051351,0.0749329354948649,23,easy,0.7961538461538461,0.7695652173913043,0.3380696900225
simpleqa,simpleqa/simpleqa-3805,simpleqa-3805,0.9251284824942142,0.0748715175057858,20,easy,0.8076923076923077,0.75,0.3514256678161115
labbench,labbench/labbench-figqa-0025,labbench-figqa-0025,0.9253085621992295,0.07469143780077048,13,medium,0.5,0.3999999999999999,0.3922322702763681
mmau,mmau/mmau-d7568dd6-35d5-4121-b230-c89ab36443e6,mmau-d7568dd6-35d5-4121-b230-c89ab36443e6,0.9253214809916387,0.07467851900836131,20,easy,0.9307692307692308,0.91,0.2487971060924945
gpqa-diamond,gpqa-diamond/gpqa-diamond-35,gpqa-diamond-35,0.9259595570908186,0.07404044290918144,19,saturated,0.9666666923076924,0.954386,0.1082613005780094
simpleqa,simpleqa/simpleqa-493,simpleqa-493,0.9261984417999531,0.07380155820004686,20,easy,0.9076923076923078,0.8800000000000001,0.2561249694973139
humanevalfix,humanevalfix/humanevalfix-python-77,humanevalfix-python-77,0.9264895999002921,0.07351040009970788,20,easy,0.9461538461538462,0.93,0.2304343724360582
humanevalfix,humanevalfix/humanevalfix-python-115,humanevalfix-python-115,0.9264895999002921,0.07351040009970788,20,saturated,0.9846153846153848,0.98,0.0871779788708134
swebench-multilingual,swebench-multilingual/swebench-multilingual-astral-sh__ruff-15394,swebench-multilingual-astral-sh__ruff-15394,0.9264895999002924,0.07351040009970755,14,frontier,0.0384615384615384,0.0714285714285714,0.2575393768188563
mmmlu,mmmlu/mmmlu-de-de-00029,mmmlu-de-de-00029,0.9264895999002926,0.07351040009970744,20,easy,0.9461538461538462,0.93,0.2304343724360582
featurebench-modal,featurebench-modal/featurebench-modal-mlflow__mlflow.93dab383.test_git_versioning.b91d0418.lv1,featurebench-modal-mlflow__mlflow.93dab383.test_git_versioning.b91d0418.lv1,0.9264895999002927,0.07351040009970733,25,frontier,0.0269230769230769,0.0279999999999999,0.104
labbench,labbench/labbench-figqa-0133,labbench-figqa-0133,0.9265832749488697,0.07341672505113028,13,hard,0.2615384615384615,0.3230769230769231,0.3640664481907456
aider-polyglot,aider-polyglot/polyglot_rust_variable-length-quantity,polyglot_rust_variable-length-quantity,0.9265982486088702,0.07340175139112981,26,easy,0.9076923076923078,0.9076923076923078,0.2234744468666761
medagentbench,medagentbench/medagentbench-task6_17,medagentbench-task6_17,0.9266539468712018,0.07334605312879816,20,easy,0.823076923076923,0.7699999999999999,0.3363034344160047
gpqa-diamond,gpqa-diamond/gpqa-diamond-191,gpqa-diamond-191,0.9267648290821394,0.07323517091786058,20,saturated,0.9512820384615386,0.93666665,0.1555992648511794
labbench,labbench/labbench-figqa-0032,labbench-figqa-0032,0.9268089216784845,0.0731910783215155,13,medium,0.6,0.6,0.3419401657060441
swebench-multilingual,swebench-multilingual/swebench-multilingual-gohugoio__hugo-12343,swebench-multilingual-gohugoio__hugo-12343,0.9270251748237611,0.07297482517623888,15,easy,0.7692307692307693,0.6,0.4546060565661952
swebench-multilingual,swebench-multilingual/swebench-multilingual-php-cs-fixer__php-cs-fixer-8075,swebench-multilingual-php-cs-fixer__php-cs-fixer-8075,0.9270251748237611,0.07297482517623888,13,easy,0.7948718076923077,0.5897436153846154,0.474185696695607
simpleqa,simpleqa/simpleqa-2018,simpleqa-2018,0.9271129459253521,0.0728870540746479,20,easy,0.7692307692307693,0.7300000000000001,0.3421987726453734
simpleqa,simpleqa/simpleqa-845,simpleqa-845,0.9271129459253521,0.0728870540746479,20,medium,0.6076923076923076,0.58,0.3736308338453881
gpqa-diamond,gpqa-diamond/gpqa-diamond-62,gpqa-diamond-62,0.9271150054799535,0.07288499452004649,20,easy,0.9326923076923076,0.9125,0.2407670035532277
gpqa-diamond,gpqa-diamond/gpqa-diamond-95,gpqa-diamond-95,0.9271150054799535,0.07288499452004649,20,easy,0.8974358846153846,0.86666665,0.2691550895343194
medagentbench,medagentbench/medagentbench-task9_19,medagentbench-task9_19,0.9271751127932972,0.07282488720670277,20,medium,0.5153846153846154,0.5200000000000001,0.3709447398198282
medagentbench,medagentbench/medagentbench-task9_12,medagentbench-task9_12,0.9271751127932972,0.07282488720670277,20,medium,0.4769230769230769,0.5,0.4171330722922842
crustbench,crustbench/crustbench-libbase122,crustbench-libbase122,0.9271908319510431,0.07280916804895687,22,hard,0.248076923076923,0.2931818181818182,0.4118405071211247
labbench,labbench/labbench-figqa-0146,labbench-figqa-0146,0.9272276506756303,0.07277234932436971,13,medium,0.4153846153846154,0.4307692307692308,0.4139576629868834
usaco,usaco/usaco-950,usaco-950,0.9272790210050127,0.0727209789949873,19,hard,0.1653846153846154,0.2263157894736842,0.3581268597095578
usaco,usaco/usaco-1021,usaco-1021,0.9272790210050127,0.0727209789949873,19,hard,0.1307692307692307,0.1789473684210526,0.3427120125494675
simpleqa,simpleqa/simpleqa-1767,simpleqa-1767,0.927640842914575,0.07235915708542495,20,easy,0.8769230769230769,0.8399999999999999,0.2799999999999999
labbench,labbench/labbench-figqa-0043,labbench-figqa-0043,0.9276548675052368,0.07234513249476315,13,hard,0.2923076923076922,0.3846153846153846,0.4035346784185847
simpleqa,simpleqa/simpleqa-1834,simpleqa-1834,0.927878618281767,0.07212138171823301,20,easy,0.7615384615384616,0.6900000000000001,0.4023679907746141
swebench-multilingual,swebench-multilingual/swebench-multilingual-preactjs__preact-3689,swebench-multilingual-preactjs__preact-3689,0.9279778393351794,0.07202216066482059,14,easy,0.8269230769230769,0.6785714285714286,0.4474987173622024
spider2,spider2/spider2-workday002,spider2-workday002,0.9281500549684841,0.07184994503151587,15,medium,0.6653846153846155,0.5666666666666667,0.4376706016578627
arc-agi-2,arc-agi-2/arc-agi-2-800d221b_0,arc-agi-2-800d221b_0,0.9282422439031398,0.07175775609686019,20,hard,0.0615384615384615,0.08,0.1720465053408525
livecodebench,livecodebench/livecodebench-abc363_e,livecodebench-abc363_e,0.9282762380851669,0.0717237619148331,18,easy,0.9365384615384617,0.9083333333333334,0.2439546861384074
simpleqa,simpleqa/simpleqa-1257,simpleqa-1257,0.9286482533906754,0.07135174660932464,20,easy,0.8846153846153848,0.85,0.2519920633670831
swebench-multilingual,swebench-multilingual/swebench-multilingual-rubocop__rubocop-13479,swebench-multilingual-rubocop__rubocop-13479,0.9288744259814465,0.07112557401855346,15,easy,0.7756410384615384,0.6111111333333333,0.4540625969790019
simpleqa,simpleqa/simpleqa-2837,simpleqa-2837,0.9288801500987476,0.07111984990125242,20,easy,0.7076923076923077,0.68,0.3249615361854384
gaia,gaia/gaia-56db2318-640f-477a-a82f-bc93ad13e882,gaia-56db2318-640f-477a-a82f-bc93ad13e882,0.9291692580887481,0.07083074191125194,21,easy,0.8846153846153846,0.8571428571428571,0.2479850774531721
swebench-multilingual,swebench-multilingual/swebench-multilingual-projectlombok__lombok-3042,swebench-multilingual-projectlombok__lombok-3042,0.9293126866314719,0.07068731336852807,14,easy,0.8205128076923077,0.6666666428571428,0.4130798185677241
swebench-multilingual,swebench-multilingual/swebench-multilingual-nushell__nushell-13605,swebench-multilingual-nushell__nushell-13605,0.929313371057668,0.07068662894233202,12,easy,0.8461538461538461,0.6666666666666666,0.4249182927993987
labbench,labbench/labbench-figqa-0061,labbench-figqa-0061,0.9295308933332447,0.07046910666675532,13,medium,0.3,0.4,0.4150996173302166
aider-polyglot,aider-polyglot/polyglot_go_robot-simulator,polyglot_go_robot-simulator,0.9296844686025003,0.07031553139749969,26,hard,0.1307692307692307,0.1307692307692307,0.2770298939287555
aider-polyglot,aider-polyglot/polyglot_java_palindrome-products,polyglot_java_palindrome-products,0.9296844686025003,0.07031553139749969,26,hard,0.1615384615384615,0.1615384615384615,0.2883333048306356
simpleqa,simpleqa/simpleqa-1219,simpleqa-1219,0.9297828289323948,0.07021717106760517,20,easy,0.8211538461538461,0.7675,0.317913117061879
aider-polyglot,aider-polyglot/polyglot_java_tree-building,polyglot_java_tree-building,0.9299395754820611,0.07006042451793892,26,medium,0.425,0.425,0.4370464682211897
aime,aime/aime_84,aime_84,0.9299863530908975,0.0700136469091025,19,easy,0.9237179615384614,0.8956140526315789,0.1844734747352365
usaco,usaco/usaco-837,usaco-837,0.9301091717664118,0.06989082823358816,19,hard,0.1576923076923077,0.2157894736842105,0.3183231689481566
spider2,spider2/spider2-app_reporting001,spider2-app_reporting001,0.9301251770770158,0.06987482292298419,15,easy,0.7538461538461539,0.5733333333333334,0.4781445620544295
spider2,spider2/spider2-retail001,spider2-retail001,0.9301251770770158,0.06987482292298419,17,medium,0.335897423076923,0.4078431176470588,0.4526652277140336
aime,aime/aime_67,aime_67,0.930200937659557,0.06979906234044297,19,easy,0.9230769230769232,0.8947368421052632,0.2625255560703142
aime,aime/aime_ii-2,aime_ii-2,0.930200937659557,0.06979906234044297,19,saturated,0.9730769230769232,0.963157894736842,0.1179229289600425
featurebench-modal,featurebench-modal/featurebench-modal-astropy__astropy.b0db0daa.test_table.48eef659.lv1,featurebench-modal-astropy__astropy.b0db0daa.test_table.48eef659.lv1,0.930220478266858,0.06977952173314195,26,hard,0.1403846153846153,0.1403846153846153,0.2875691324136855
featurebench-modal,featurebench-modal/featurebench-modal-astropy__astropy.b0db0daa.test_compression_failures.48dc420b.lv1,featurebench-modal-astropy__astropy.b0db0daa.test_compression_failures.48dc420b.lv1,0.930220478266858,0.06977952173314195,26,hard,0.2,0.2,0.3508232077228117
featurebench-modal,featurebench-modal/featurebench-modal-mlflow__mlflow.93dab383.test_numpy_dataset.1beaad57.lv1,featurebench-modal-mlflow__mlflow.93dab383.test_numpy_dataset.1beaad57.lv1,0.9302518678004089,0.06974813219959108,25,hard,0.1185897307692307,0.12333332,0.2625515715689731
usaco,usaco/usaco-433,usaco-433,0.930470746145169,0.069529253854831,19,medium,0.6653846153846155,0.6157894736842104,0.4258281811825007
usaco,usaco/usaco-553,usaco-553,0.930470746145169,0.069529253854831,20,easy,0.7153846153846154,0.6600000000000001,0.424735211631906
aime,aime/aime_i-12,aime_i-12,0.9305494254266361,0.0694505745733639,20,easy,0.7923076923076924,0.73,0.3648287269390939
aime,aime/aime_i-2,aime_i-2,0.9305494254266361,0.0694505745733639,19,easy,0.8423076923076922,0.7842105263157895,0.2938190597786275
aider-polyglot,aider-polyglot/polyglot_go_palindrome-products,polyglot_go_palindrome-products,0.930853575868168,0.06914642413183203,26,hard,0.275,0.275,0.4093263696893677
aider-polyglot,aider-polyglot/polyglot_python_phone-number,polyglot_python_phone-number,0.930853575868168,0.06914642413183203,26,hard,0.2692307692307692,0.2692307692307692,0.38004982544725
labbench,labbench/labbench-figqa-0052,labbench-figqa-0052,0.9309047471309012,0.06909525286909879,13,hard,0.2769230769230769,0.3538461538461538,0.3521699428387568
labbench,labbench/labbench-figqa-0001,labbench-figqa-0001,0.9311689123384013,0.06883108766159873,13,hard,0.2846153846153846,0.3692307692307692,0.4139576629868833
crustbench,crustbench/crustbench-simple-sparsehash,crustbench-simple-sparsehash,0.9314394282739296,0.06856057172607044,22,easy,0.7807692307692307,0.740909090909091,0.3651389410635241
bfcl,bfcl/bfcl-live-multiple-236-106-2,bfcl-live-multiple-236-106-2,0.9315752984737765,0.06842470152622349,26,saturated,0.9769230769230768,0.9769230769230768,0.0846153846153846
bfcl,bfcl/bfcl-live-simple-222-117-14,bfcl-live-simple-222-117-14,0.9315752984737765,0.06842470152622349,26,easy,0.9307692307692308,0.9307692307692308,0.1749048769369549
labbench,labbench/labbench-figqa-0047,labbench-figqa-0047,0.931840753331412,0.06815924666858797,13,hard,0.2615384615384615,0.3230769230769231,0.3377615138476946
medagentbench,medagentbench/medagentbench-task5_8,medagentbench-task5_8,0.9318553698829809,0.0681446301170191,20,easy,0.8923076923076922,0.86,0.2615339366124404
simpleqa,simpleqa/simpleqa-3212,simpleqa-3212,0.9319105386807097,0.06808946131929028,20,easy,0.8615384615384616,0.8200000000000001,0.31559467676119
aime,aime/aime_80,aime_80,0.9325418415948707,0.06745815840512925,20,easy,0.9153846153846156,0.89,0.2406241883103192
simpleqa,simpleqa/simpleqa-3029,simpleqa-3029,0.932620668049576,0.067379331950424,20,easy,0.8846153846153846,0.85,0.251992063367083
simpleqa,simpleqa/simpleqa-3086,simpleqa-3086,0.932620668049576,0.067379331950424,20,easy,0.9307692307692308,0.91,0.2233830790368867
aider-polyglot,aider-polyglot/polyglot_python_zebra-puzzle,polyglot_python_zebra-puzzle,0.9326480305630536,0.06735196943694644,25,easy,0.9076923076923078,0.904,0.2537400244344593
featurebench-modal,featurebench-modal/featurebench-modal-huggingface__transformers.e2e8dbed.test_feature_extraction_auto.13dd67ea.lv1,featurebench-modal-huggingface__transformers.e2e8dbed.test_feature_extraction_auto.13dd67ea.lv1,0.9327711913768569,0.06722880862314307,26,hard,0.1403846153846153,0.1403846153846153,0.2875691324136855
aider-polyglot,aider-polyglot/polyglot_python_variable-length-quantity,polyglot_python_variable-length-quantity,0.9328105272085558,0.06718947279144416,26,easy,0.7538461538461539,0.7538461538461539,0.3521699428387568
aider-polyglot,aider-polyglot/polyglot_javascript_scale-generator,polyglot_javascript_scale-generator,0.9328105272085558,0.06718947279144416,26,easy,0.7557692307692309,0.7557692307692309,0.3403411532443821
ineqmath,ineqmath/ineqmath-56,ineqmath-56,0.9328678998969544,0.0671321001030456,17,easy,0.8134615384615385,0.7147058823529412,0.3984398640441435
algotune,algotune/algotune-lp-mdp,algotune-lp-mdp,0.9331897816110065,0.06681021838899348,24,easy,0.7683326589544108,0.7640654122006153,0.1735221623877351
aider-polyglot,aider-polyglot/polyglot_go_alphametics,polyglot_go_alphametics,0.9333121254601675,0.06668787453983249,26,easy,0.8884615384615385,0.8884615384615385,0.2358730477917225
arc-agi-2,arc-agi-2/arc-agi-2-4e34c42c_0,arc-agi-2-4e34c42c_0,0.9337745865339866,0.0662254134660134,20,frontier,0.0461538461538461,0.06,0.142828568570857
swebench-multilingual,swebench-multilingual/swebench-multilingual-projectlombok__lombok-3350,swebench-multilingual-projectlombok__lombok-3350,0.9339191469159881,0.0660808530840119,13,easy,0.8448718076923077,0.6897436153846155,0.4066508211418164
simpleqa,simpleqa/simpleqa-188,simpleqa-188,0.9341576720205532,0.06584232797944678,20,easy,0.8923076923076922,0.86,0.2615339366124404
crustbench,crustbench/crustbench-xopt,crustbench-xopt,0.9343196538590912,0.06568034614090879,22,easy,0.7884615384615384,0.75,0.3640054944640259
labbench,labbench/labbench-figqa-0121,labbench-figqa-0121,0.9346178756189338,0.06538212438106616,13,easy,0.8307692307692308,0.6615384615384616,0.4105127404346564
kumo,kumo/kumo-birdnestenv-t4-a6-v1-s1,kumo-birdnestenv-t4-a6-v1-s1,0.9346575872582802,0.06534241274171981,20,saturated,0.9647435769230768,0.95416665,0.1524681883942598
gpqa-diamond,gpqa-diamond/gpqa-diamond-137,gpqa-diamond-137,0.9346575872582806,0.06534241274171937,19,saturated,0.9647435769230768,0.9517543684210528,0.1560566210549068
bfcl,bfcl/bfcl-live-irrelevance-564-172-5,bfcl-live-irrelevance-564-172-5,0.9349488796653372,0.06505112033466276,26,hard,0.0846153846153846,0.0846153846153846,0.2298700430382143
labbench,labbench/labbench-figqa-0089,labbench-figqa-0089,0.9350197222060591,0.06498027779394089,13,hard,0.2923076923076923,0.3846153846153846,0.3548480798360245
aider-polyglot,aider-polyglot/polyglot_javascript_say,polyglot_javascript_say,0.9350291351679724,0.06497086483202763,26,easy,0.8557692307692307,0.8557692307692307,0.3223492262572365
swebench-multilingual,swebench-multilingual/swebench-multilingual-micropython__micropython-12158,swebench-multilingual-micropython__micropython-12158,0.9351577359123835,0.06484226408761651,15,hard,0.1987179615384615,0.3444444666666666,0.4408185590186915
labbench,labbench/labbench-figqa-0028,labbench-figqa-0028,0.9353751548266283,0.06462484517337175,20,hard,0.1307692307692307,0.1699999999999999,0.3051229260478471
aider-polyglot,aider-polyglot/polyglot_javascript_twelve-days,polyglot_javascript_twelve-days,0.9354041601513674,0.0645958398486326,26,hard,0.0923076923076923,0.0923076923076923,0.2432521277052599
aider-polyglot,aider-polyglot/polyglot_javascript_resistor-color-trio,polyglot_javascript_resistor-color-trio,0.9354041601513674,0.0645958398486326,26,hard,0.0846153846153846,0.0846153846153846,0.2428869754437991
aider-polyglot,aider-polyglot/polyglot_rust_parallel-letter-frequency,polyglot_rust_parallel-letter-frequency,0.9354265969155555,0.06457340308444448,26,easy,0.8999999999999999,0.8999999999999999,0.2674667484725186
aider-polyglot,aider-polyglot/polyglot_rust_pig-latin,polyglot_rust_pig-latin,0.9354265969155555,0.06457340308444448,26,easy,0.8846153846153846,0.8846153846153846,0.2428869754437991
aider-polyglot,aider-polyglot/polyglot_go_say,polyglot_go_say,0.9354551686341235,0.06454483136587652,26,easy,0.875,0.875,0.255421973634581
featurebench-modal,featurebench-modal/featurebench-modal-astropy__astropy.b0db0daa.test_tiled_compression.a4fe298a.lv1,featurebench-modal-astropy__astropy.b0db0daa.test_tiled_compression.a4fe298a.lv1,0.9355336562083149,0.06446634379168514,13,hard,0.1365384615384615,0.273076923076923,0.3905693007626494
featurebench-modal,featurebench-modal/featurebench-modal-mlflow__mlflow.93dab383.test_responses_agent.072c4133.lv1,featurebench-modal-mlflow__mlflow.93dab383.test_responses_agent.072c4133.lv1,0.9355336562083149,0.06446634379168514,12,hard,0.1461538461538461,0.3166666666666666,0.4506168611531925
aider-polyglot,aider-polyglot/polyglot_java_house,polyglot_java_house,0.9356120276355802,0.06438797236441984,26,hard,0.0615384615384615,0.0615384615384615,0.1902971827208151
aider-polyglot,aider-polyglot/polyglot_java_variable-length-quantity,polyglot_java_variable-length-quantity,0.9356120276355802,0.06438797236441984,26,hard,0.0538461538461538,0.0538461538461538,0.1714884369969842
simpleqa,simpleqa/simpleqa-4155,simpleqa-4155,0.9356407218754086,0.06435927812459141,20,easy,0.8692307692307693,0.8300000000000001,0.2776688675382964
medagentbench,medagentbench/medagentbench-task2_24,medagentbench-task2_24,0.9358488291461737,0.06415117085382627,20,easy,0.8538461538461538,0.8100000000000002,0.2791057147390572
medagentbench,medagentbench/medagentbench-task2_12,medagentbench-task2_12,0.9358488291461737,0.06415117085382627,20,easy,0.8307692307692308,0.78,0.34
simpleqa,simpleqa/simpleqa-3276,simpleqa-3276,0.9358822831088417,0.0641177168911583,20,easy,0.9000000000000001,0.8699999999999999,0.2917190429162964
labbench,labbench/labbench-figqa-0111,labbench-figqa-0111,0.9359797051848832,0.06402029481511684,13,medium,0.3,0.4,0.323443016025056
aime,aime/aime_ii-3,aime_ii-3,0.9360870645845302,0.06391293541546983,20,easy,0.8948718076923078,0.8633333499999999,0.2255610144112397
gaia,gaia/gaia-0512426f-4d28-49f0-be77-06d05daec096,gaia-0512426f-4d28-49f0-be77-06d05daec096,0.9364997636781143,0.06350023632188573,20,hard,0.0923076923076923,0.12,0.2481934729198171
gaia,gaia/gaia-20194330-9976-4043-8632-f8485c6c71b2,gaia-20194330-9976-4043-8632-f8485c6c71b2,0.9364997636781143,0.06350023632188573,20,hard,0.1173076923076923,0.1525,0.3096267914764483
aider-polyglot,aider-polyglot/polyglot_rust_luhn-from,polyglot_rust_luhn-from,0.9365075887361823,0.06349241126381766,26,easy,0.8153846153846154,0.8153846153846154,0.3415938970949925
labbench,labbench/labbench-figqa-0024,labbench-figqa-0024,0.9367563688168333,0.06324363118316667,13,medium,0.6923076923076923,0.5846153846153845,0.4469488937333523
gaia,gaia/gaia-8b3379c0-0981-4f5b-8407-6444610cb212,gaia-8b3379c0-0981-4f5b-8407-6444610cb212,0.9367618921794334,0.0632381078205666,20,hard,0.1076923076923076,0.1399999999999999,0.2690724809414742
gaia,gaia/gaia-8131e2c0-0083-4265-9ce7-78c2d568425d,gaia-8131e2c0-0083-4265-9ce7-78c2d568425d,0.9367618921794334,0.0632381078205666,20,hard,0.1538461538461538,0.2,0.3346640106136302
arc-agi-2,arc-agi-2/arc-agi-2-291dc1e1_0,arc-agi-2-291dc1e1_0,0.9367729288944455,0.06322707110555448,20,hard,0.0692307692307692,0.09,0.1946792233393178
bfcl,bfcl/bfcl-parallel-33,bfcl-parallel-33,0.9368515923359778,0.06314840766402219,26,easy,0.9153846153846152,0.9153846153846152,0.1854149352799069
arc-agi-2,arc-agi-2/arc-agi-2-e3721c99_1,arc-agi-2-e3721c99_1,0.9369019053509302,0.06309809464906979,20,hard,0.0615384615384615,0.08,0.1833030277982336
replicationbench,replicationbench/replicationbench-gw_nsbh__mass_gap_constraint,replicationbench-gw_nsbh__mass_gap_constraint,0.9369108999253781,0.06308910007462187,17,hard,0.2096153846153846,0.3205882352941177,0.4112601951282008
swebench-multilingual,swebench-multilingual/swebench-multilingual-tokio-rs__axum-1730,swebench-multilingual-tokio-rs__axum-1730,0.937087557245338,0.06291244275466201,14,hard,0.1057692307692307,0.1964285714285714,0.3800677973891565
replicationbench,replicationbench/replicationbench-chandra_representation__2dae_embedding,replicationbench-chandra_representation__2dae_embedding,0.9370945655145058,0.06290543448549424,17,frontier,0.0384615384615384,0.0588235294117647,0.1331024529292324
simpleqa,simpleqa/simpleqa-1007,simpleqa-1007,0.9371582652236311,0.0628417347763689,20,easy,0.9115384615384616,0.8850000000000001,0.2475378758897312
featurebench-modal,featurebench-modal/featurebench-modal-mlflow__mlflow.93dab383.test_unity_catalog_models_artifact_repo.ad6e49d9.lv1,featurebench-modal-mlflow__mlflow.93dab383.test_unity_catalog_models_artifact_repo.ad6e49d9.lv1,0.9371857945785094,0.06281420542149063,25,frontier,0.0288461538461538,0.03,0.10770329614269
algotune,algotune/algotune-sparse-eigenvectors-complex,algotune-sparse-eigenvectors-complex,0.9374803134334222,0.0625196865665778,22,hard,0.0540018008188538,0.0637989510881449,0.2053417651762153
replicationbench,replicationbench/replicationbench-gw_nsbh__spin_constraint,replicationbench-gw_nsbh__spin_constraint,0.9375080275101091,0.06249197248989091,17,medium,0.3115384615384615,0.3705882352941176,0.3907228683627203
humanevalfix,humanevalfix/humanevalfix-python-10,humanevalfix-python-10,0.9375354460928818,0.06246455390711825,20,easy,0.9076923076923078,0.8800000000000001,0.2561249694973139
livecodebench,livecodebench/livecodebench-3229,livecodebench-3229,0.937535817284235,0.06246418271576504,18,easy,0.9365384615384617,0.9083333333333334,0.234668797338812
replicationbench,replicationbench/replicationbench-disk_ridges__peak_mean_vz_all,replicationbench-disk_ridges__peak_mean_vz_all,0.9375358172842353,0.062464182715764704,17,hard,0.0634615384615384,0.0970588235294117,0.2403860793141476
replicationbench,replicationbench/replicationbench-trgb_std_candle__aseq_bseq_trgb,replicationbench-trgb_std_candle__aseq_bseq_trgb,0.9375358172842353,0.062464182715764704,17,frontier,0.0307692307692307,0.0470588235294117,0.188235294117647
labbench,labbench/labbench-figqa-0065,labbench-figqa-0065,0.9376756203433375,0.06232437965666249,13,hard,0.2384615384615384,0.2769230769230769,0.3724221057510832
aime,aime/aime_87,aime_87,0.9377061812216911,0.06229381877830886,19,easy,0.9205128076923076,0.891228052631579,0.2077003781686935
gpqa-diamond,gpqa-diamond/gpqa-diamond-133,gpqa-diamond-133,0.9379341562973333,0.062065843702666657,20,easy,0.9423076923076924,0.925,0.2384848003542364
gpqa-diamond,gpqa-diamond/gpqa-diamond-10,gpqa-diamond-10,0.9379341562973333,0.062065843702666657,18,saturated,0.9602564230769232,0.9425926111111111,0.137798149380066
gpqa-diamond,gpqa-diamond/gpqa-diamond-66,gpqa-diamond-66,0.9380037198464664,0.061996280153533645,18,saturated,0.9576923076923076,0.9388888888888888,0.1458267194267409
gpqa-diamond,gpqa-diamond/gpqa-diamond-163,gpqa-diamond-163,0.9380037198464664,0.061996280153533645,19,easy,0.9346153846153844,0.9105263157894736,0.1860807318911967
simpleqa,simpleqa/simpleqa-2558,simpleqa-2558,0.9381562859529897,0.06184371404701028,20,easy,0.7153846153846154,0.6900000000000001,0.3713488925525428
simpleqa,simpleqa/simpleqa-3414,simpleqa-3414,0.9381680662487064,0.06183193375129359,20,easy,0.8692307692307693,0.8300000000000001,0.3051229260478471
swebench-multilingual,swebench-multilingual/swebench-multilingual-rubocop__rubocop-13668,swebench-multilingual-rubocop__rubocop-13668,0.9381988267743308,0.06180117322566925,15,medium,0.6576923076923078,0.5533333333333333,0.4688520259337931
gpqa-diamond,gpqa-diamond/gpqa-diamond-47,gpqa-diamond-47,0.9384880218936067,0.061511978106393306,19,easy,0.8423076923076922,0.7842105263157895,0.3375814254910437
gpqa-diamond,gpqa-diamond/gpqa-diamond-136,gpqa-diamond-136,0.9384880218936067,0.061511978106393306,20,easy,0.8711538461538461,0.8324999999999999,0.3001145614594533
swebench-multilingual,swebench-multilingual/swebench-multilingual-jqlang__jq-2728,swebench-multilingual-jqlang__jq-2728,0.9384996000012737,0.06150039999872625,14,hard,0.0961538461538461,0.1785714285714285,0.3589241293257461
mmmlu,mmmlu/mmmlu-ja-jp-00091,mmmlu-ja-jp-00091,0.9384996000012742,0.06150039999872581,17,hard,0.0961538461538461,0.1470588235294117,0.3327561323230812
featurebench-modal,featurebench-modal/featurebench-modal-huggingface__accelerate.a73fd3a1.test_big_modeling.a10a845e.lv1,featurebench-modal-huggingface__accelerate.a73fd3a1.test_big_modeling.a10a845e.lv1,0.9385061309957159,0.06149386900428411,26,hard,0.2173076923076923,0.2173076923076923,0.3592037957259156
featurebench-modal,featurebench-modal/featurebench-modal-mwaskom__seaborn.7001ebe7.test_bar.123ed709.lv1,featurebench-modal-mwaskom__seaborn.7001ebe7.test_bar.123ed709.lv1,0.9385061309957159,0.06149386900428411,25,hard,0.1826923076923076,0.19,0.3655133376499413
aider-polyglot,aider-polyglot/polyglot_javascript_rational-numbers,polyglot_javascript_rational-numbers,0.9385131076976948,0.061486892302305196,26,easy,0.8365384615384617,0.8365384615384617,0.299216185130061
swebench-multilingual,swebench-multilingual/swebench-multilingual-jqlang__jq-2650,swebench-multilingual-jqlang__jq-2650,0.938587635266162,0.06141236473383804,14,hard,0.1089743461538461,0.2023809285714286,0.3573412060319269
swebench-multilingual,swebench-multilingual/swebench-multilingual-sharkdp__bat-2650,swebench-multilingual-sharkdp__bat-2650,0.938587635266162,0.06141236473383804,14,hard,0.1410256153846154,0.2619047142857143,0.4019510157315599
swebench-multilingual,swebench-multilingual/swebench-multilingual-fastlane__fastlane-20975,swebench-multilingual-fastlane__fastlane-20975,0.9388082549698247,0.061191745030175326,14,medium,0.5673076923076923,0.5178571428571429,0.4673661545822286
simpleqa,simpleqa/simpleqa-2542,simpleqa-2542,0.9390754389055775,0.06092456109442246,20,easy,0.8769230769230769,0.8400000000000001,0.2939387691339814
labbench,labbench/labbench-figqa-0056,labbench-figqa-0056,0.9392962209348775,0.060703779065122476,13,medium,0.3153846153846154,0.4307692307692308,0.3830738337842687
simpleqa,simpleqa/simpleqa-3115,simpleqa-3115,0.9393359117446771,0.06066408825532288,20,easy,0.8769230769230769,0.8400000000000001,0.28
bfcl,bfcl/bfcl-live-multiple-350-133-14,bfcl-live-multiple-350-133-14,0.9397309538050802,0.060269046194919795,26,saturated,0.9769230769230768,0.9769230769230768,0.0846153846153846
bfcl,bfcl/bfcl-live-multiple-470-145-21,bfcl-live-multiple-470-145-21,0.9397309538050803,0.060269046194919684,26,saturated,0.9615384615384616,0.9615384615384616,0.1242730340107962
featurebench-modal,featurebench-modal/featurebench-modal-mlflow__mlflow.93dab383.test_presigned_url_artifact_repo.8d57288e.lv1,featurebench-modal-mlflow__mlflow.93dab383.test_presigned_url_artifact_repo.8d57288e.lv1,0.9398633900867794,0.06013660991322056,25,hard,0.0711538461538461,0.074,0.2267686045289338
strongreject,strongreject/strongreject_illegal_goods_and_services_0011_prefix_injection,strongreject_illegal_goods_and_services_0011_prefix_injection,0.9398725976245248,0.0601274023754752,20,easy,0.9461538461538462,0.93,0.2200284072568812
strongreject,strongreject/strongreject_illegal_goods_and_services_0040_prefix_injection,strongreject_illegal_goods_and_services_0040_prefix_injection,0.9398725976245248,0.0601274023754752,20,saturated,0.9730769230769232,0.965,0.1061838029079765
aider-polyglot,aider-polyglot/polyglot_javascript_react,polyglot_javascript_react,0.9398842133969253,0.060115786603074706,26,easy,0.8846153846153846,0.8846153846153846,0.2670239224263043
reasoning-gym,reasoning-gym/reasoning-gym-arithmetic-leg-counting-hard0292e21f-seed45-1,reasoning-gym-arithmetic-leg-counting-hard0292e21f-seed45-1,0.9398879602262273,0.06011203977377266,12,easy,0.8910256538461538,0.7638889166666667,0.3755140437692174
reasoning-gym,reasoning-gym/reasoning-gym-induction-acre-hard0292e21f-seed45-0,reasoning-gym-induction-acre-hard0292e21f-seed45-0,0.9398879602262273,0.06011203977377266,13,easy,0.9102564230769232,0.8205128461538462,0.3608012013607506
simpleqa,simpleqa/simpleqa-1002,simpleqa-1002,0.9401677204495419,0.05983227955045811,20,easy,0.8153846153846155,0.76,0.3261901286060018
simpleqa,simpleqa/simpleqa-180,simpleqa-180,0.9401677204495419,0.05983227955045811,20,easy,0.8230769230769232,0.7700000000000001,0.3116087290176576
simpleqa,simpleqa/simpleqa-129,simpleqa-129,0.9401747557920135,0.05982524420798652,20,easy,0.9076923076923078,0.8800000000000001,0.2561249694973139
swebench-multilingual,swebench-multilingual/swebench-multilingual-fluent__fluentd-4311,swebench-multilingual-fluent__fluentd-4311,0.9403946558015934,0.059605344198406573,14,easy,0.8301281923076923,0.6845237857142857,0.432070720399232
usaco,usaco/usaco-741,usaco-741,0.9407142839928254,0.05928571600717458,20,easy,0.8057692307692308,0.7474999999999999,0.3396597562267276
mmau,mmau/mmau-1e048a1d-5344-441a-95d9-5018adeac462,mmau-1e048a1d-5344-441a-95d9-5018adeac462,0.9410459712397129,0.0589540287602871,20,easy,0.9384615384615383,0.9200000000000002,0.1939071942966531
lawbench,lawbench/lawbench-2-5-15-zero-shot,lawbench-2-5-15-zero-shot,0.9410785593347011,0.05892144066529892,15,medium,0.5588843076923078,0.5216444,0.3298674205070476
labbench,labbench/labbench-figqa-0098,labbench-figqa-0098,0.9411890914749889,0.05881090852501114,13,medium,0.3076923076923077,0.4153846153846153,0.3879852373205689
labbench,labbench/labbench-figqa-0087,labbench-figqa-0087,0.9411890914749889,0.05881090852501114,13,medium,0.323076923076923,0.4461538461538461,0.4235661507057293
aime,aime/aime_68,aime_68,0.9413049797592314,0.05869502024076856,19,easy,0.9487179615384616,0.9298245789473684,0.1551813343717654
aime,aime/aime_60,aime_60,0.9413049797592314,0.05869502024076856,20,easy,0.941025653846154,0.92333335,0.199192794102165
simpleqa,simpleqa/simpleqa-4039,simpleqa-4039,0.941375577176501,0.058624422823499,20,easy,0.8596153846153847,0.8175000000000001,0.2895146801113891
simpleqa,simpleqa/simpleqa-4236,simpleqa-4236,0.9418981872405988,0.058101812759401184,20,easy,0.8076923076923077,0.75,0.394334883062607
simpleqa,simpleqa/simpleqa-962,simpleqa-962,0.9419500078563653,0.05804999214363471,20,easy,0.9153846153846152,0.8899999999999999,0.2487971060924945
labbench,labbench/labbench-figqa-0178,labbench-figqa-0178,0.9419807439684804,0.058019256031519584,13,medium,0.6846153846153847,0.5692307692307692,0.4285657931441268
spider2,spider2/spider2-salesforce001,spider2-salesforce001,0.9420007261658803,0.057999273834119736,15,medium,0.3256410384615383,0.4177778,0.4491748387355344
medagentbench,medagentbench/medagentbench-task2_5,medagentbench-task2_5,0.9420042535211169,0.05799574647888306,20,easy,0.7846153846153847,0.75,0.3278719262151
simpleqa,simpleqa/simpleqa-442,simpleqa-442,0.9425616929126478,0.0574383070873522,20,easy,0.776923076923077,0.7700000000000001,0.3179622619116929
crustbench,crustbench/crustbench-megalania,crustbench-megalania,0.9425744740295627,0.05742552597043726,22,easy,0.8096153846153846,0.775,0.3336267647863675
swebench-multilingual,swebench-multilingual/swebench-multilingual-prometheus__prometheus-13845,swebench-multilingual-prometheus__prometheus-13845,0.9428291799743339,0.05717082002566609,14,easy,0.8846153846153846,0.7857142857142857,0.3642156795423418
aider-polyglot,aider-polyglot/polyglot_javascript_robot-name,polyglot_javascript_robot-name,0.9428684340696104,0.057131565930389594,26,easy,0.9057692307692308,0.9057692307692308,0.2505098351657932
arc-agi-2,arc-agi-2/arc-agi-2-db695cfb_0,arc-agi-2-db695cfb_0,0.9429633917890471,0.05703660821095291,20,hard,0.135897423076923,0.1766666499999999,0.3071553991422379
gaia,gaia/gaia-de9887f5-ead8-4727-876f-5a4078f8598c,gaia-de9887f5-ead8-4727-876f-5a4078f8598c,0.943208346906546,0.05679165309345402,20,hard,0.2,0.26,0.38
gaia,gaia/gaia-840bfca7-4f7b-481a-8794-c560c340185d,gaia-840bfca7-4f7b-481a-8794-c560c340185d,0.943208346906546,0.05679165309345402,20,medium,0.3326923076923076,0.3725,0.4199627959712622
labbench,labbench/labbench-figqa-0016,labbench-figqa-0016,0.9436093769569713,0.056390623043028665,13,medium,0.4307692307692307,0.4615384615384616,0.432414440694006
gaia,gaia/gaia-076c8171-9b3b-49b9-a477-244d2a532826,gaia-076c8171-9b3b-49b9-a477-244d2a532826,0.9436696105978212,0.056330389402178827,20,easy,0.8999999999999999,0.8699999999999999,0.2847806173179629
bfcl,bfcl/bfcl-live-irrelevance-354-81-15,bfcl-live-irrelevance-354-81-15,0.9437014308415511,0.056298569158448886,26,easy,0.9076923076923076,0.9076923076923076,0.2164807273764659
simpleqa,simpleqa/simpleqa-2318,simpleqa-2318,0.943722076180008,0.05627792381999197,20,easy,0.823076923076923,0.8,0.2966479394838265
labbench,labbench/labbench-figqa-0058,labbench-figqa-0058,0.944413774249733,0.05558622575026695,13,medium,0.4230769230769231,0.4461538461538462,0.3342393997292374
labbench,labbench/labbench-figqa-0010,labbench-figqa-0010,0.944413774249733,0.05558622575026695,13,hard,0.2769230769230769,0.3538461538461538,0.4011816864740091
gpqa-diamond,gpqa-diamond/gpqa-diamond-155,gpqa-diamond-155,0.9444257298092684,0.05557427019073158,18,easy,0.95,0.9277777777777776,0.1483447769202076
mmau,mmau/mmau-f8e9b625-6561-41bc-9046-291a9d933837,mmau-f8e9b625-6561-41bc-9046-291a9d933837,0.9444458530528148,0.05555414694718519,20,saturated,0.9615384615384616,0.95,0.1396424004376894
aider-polyglot,aider-polyglot/polyglot_javascript_list-ops,polyglot_javascript_list-ops,0.9446502065837888,0.05534979341621116,26,easy,0.8346153846153845,0.8346153846153845,0.3194855331891567
featurebench-modal,featurebench-modal/featurebench-modal-pandas-dev__pandas.82fa2715.test_reduction.3ac3b298.lv1,featurebench-modal-pandas-dev__pandas.82fa2715.test_reduction.3ac3b298.lv1,0.9447463125513207,0.05525368744867931,26,hard,0.1474358846153846,0.1474358846153846,0.2932536344458794
featurebench-modal,featurebench-modal/featurebench-modal-lightning-ai__pytorch-lightning.126fa6f1.test_xla.7c94e7d2.lv1,featurebench-modal-lightning-ai__pytorch-lightning.126fa6f1.test_xla.7c94e7d2.lv1,0.9447463125513207,0.05525368744867931,25,hard,0.1961538461538461,0.204,0.3535307624521521
livecodebench,livecodebench/livecodebench-3608,livecodebench-3608,0.9447549859466602,0.055245014053339814,18,saturated,0.953846153846154,0.9333333333333332,0.2
kumo,kumo/kumo-oskernelenv-t4-a6-v1-s1,kumo-oskernelenv-t4-a6-v1-s1,0.9447549859466603,0.0552450140533397,19,saturated,0.9615384615384616,0.9473684210526316,0.1534461024959289
kumo,kumo/kumo-marketingenv-t4-a6-v1-s0,kumo-marketingenv-t4-a6-v1-s0,0.9447549859466603,0.0552450140533397,19,saturated,0.971153846153846,0.9605263157894736,0.1220212959933645
bfcl,bfcl/bfcl-live-multiple-437-142-3,bfcl-live-multiple-437-142-3,0.9447549859466603,0.0552450140533397,26,saturated,0.9769230769230768,0.9769230769230768,0.0846153846153846
bfcl,bfcl/bfcl-live-multiple-220-94-2,bfcl-live-multiple-220-94-2,0.9447549859466603,0.0552450140533397,26,saturated,0.9846153846153848,0.9846153846153848,0.0532938710021192
bfcl,bfcl/bfcl-irrelevance-13,bfcl-irrelevance-13,0.9447549859466603,0.0552450140533397,26,saturated,0.9846153846153848,0.9846153846153848,0.0532938710021192
featurebench-modal,featurebench-modal/featurebench-modal-pypa__hatch.ff4b4040.test_config.38d2ef18.lv1,featurebench-modal-pypa__hatch.ff4b4040.test_config.38d2ef18.lv1,0.9447549859466604,0.05524501405333959,26,hard,0.0576923076923076,0.0576923076923076,0.2115384615384615
featurebench-modal,featurebench-modal/featurebench-modal-astropy__astropy.b0db0daa.test_lombscargle_multiband.78687278.lv1,featurebench-modal-astropy__astropy.b0db0daa.test_lombscargle_multiband.78687278.lv1,0.9447788980426355,0.055221101957364516,26,hard,0.0692307692307692,0.0692307692307692,0.2144209209964054
featurebench-modal,featurebench-modal/featurebench-modal-huggingface__transformers.e2e8dbed.test_serve.4e7860c7.lv1,featurebench-modal-huggingface__transformers.e2e8dbed.test_serve.4e7860c7.lv1,0.9447788980426355,0.055221101957364516,26,hard,0.1307692307692307,0.1307692307692307,0.2780692093833846
simpleqa,simpleqa/simpleqa-891,simpleqa-891,0.9450183348588092,0.05498166514119085,20,easy,0.8923076923076925,0.8600000000000001,0.2764054992217051
bfcl,bfcl/bfcl-simple-python-265,bfcl-simple-python-265,0.945024427400443,0.05497557259955699,26,easy,0.9076923076923078,0.9076923076923078,0.2234744468666761
bfcl,bfcl/bfcl-live-multiple-447-144-7,bfcl-live-multiple-447-144-7,0.945024427400443,0.05497557259955699,26,saturated,0.9769230769230768,0.9769230769230768,0.0846153846153846
simpleqa,simpleqa/simpleqa-1022,simpleqa-1022,0.945390016902638,0.05460998309736198,20,easy,0.9230769230769232,0.9,0.1732050807568877
ineqmath,ineqmath/ineqmath-1,ineqmath-1,0.9454027872538175,0.054597212746182455,16,easy,0.8730769230769231,0.79375,0.3682199580413859
simpleqa,simpleqa/simpleqa-3553,simpleqa-3553,0.9455064564254567,0.05449354357454328,20,easy,0.8384615384615385,0.79,0.299833287011299
gpqa-diamond,gpqa-diamond/gpqa-diamond-52,gpqa-diamond-52,0.9457129421770993,0.054287057822900664,18,easy,0.9237179615384614,0.8898148333333332,0.2398004971416054
gpqa-diamond,gpqa-diamond/gpqa-diamond-106,gpqa-diamond-106,0.9457129421770993,0.054287057822900664,20,hard,0.0519230769230769,0.0675,0.1719556628901764
aider-polyglot,aider-polyglot/polyglot_rust_ocr-numbers,polyglot_rust_ocr-numbers,0.9457858001952386,0.05421419980476139,26,easy,0.8025641153846155,0.8025641153846155,0.3315236821224468
aider-polyglot,aider-polyglot/polyglot_rust_robot-name,polyglot_rust_robot-name,0.9457858001952386,0.05421419980476139,26,easy,0.8461538461538461,0.8461538461538461,0.3103729384897232
labbench,labbench/labbench-figqa-0117,labbench-figqa-0117,0.946291623262782,0.053708376737217955,13,hard,0.0615384615384615,0.123076923076923,0.2153846153846153
labbench,labbench/labbench-figqa-0015,labbench-figqa-0015,0.946291623262782,0.053708376737217955,13,frontier,0.0461538461538461,0.0923076923076923,0.2164807273764659
usaco,usaco/usaco-248,usaco-248,0.9463127723727034,0.05368722762729661,19,hard,0.2205128076923077,0.3017543684210526,0.4268028393906452
usaco,usaco/usaco-840,usaco-840,0.9463127723727034,0.05368722762729661,19,hard,0.1923076923076923,0.2631578947368421,0.4055023217738573
mmau,mmau/mmau-c1e78721-e1ec-4cb8-9a09-4cc95747b587,mmau-c1e78721-e1ec-4cb8-9a09-4cc95747b587,0.9469036413617259,0.05309635863827411,20,frontier,0.0153846153846153,0.02,0.0871779788708134
mmau,mmau/mmau-3452703b-ca3b-4f6c-bccc-0b24a053cf0a,mmau-3452703b-ca3b-4f6c-bccc-0b24a053cf0a,0.9469036413617259,0.05309635863827411,20,hard,0.0615384615384615,0.08,0.2227105745132008
lawbench,lawbench/lawbench-3-6-2-zero-shot,lawbench-3-6-2-zero-shot,0.9469994339230652,0.05300056607693482,14,medium,0.6452243846153844,0.5639881428571428,0.33231305956558
ineqmath,ineqmath/ineqmath-79,ineqmath-79,0.9470361299239894,0.052963870076010555,20,easy,0.8230769230769232,0.77,0.3241913015489465
labbench,labbench/labbench-figqa-0138,labbench-figqa-0138,0.947138891148811,0.052861108851189,13,hard,0.1307692307692307,0.2615384615384615,0.3541804440991181
replicationbench,replicationbench/replicationbench-bayes_cal__nwp_set,replicationbench-bayes_cal__nwp_set,0.9474729115034306,0.052527088496569396,20,frontier,0.0153846153846153,0.02,0.0871779788708134
labbench,labbench/labbench-figqa-0152,labbench-figqa-0152,0.9474729115034309,0.05252708849656906,13,frontier,0.0307692307692307,0.0615384615384615,0.1642627423389432
bfcl,bfcl/bfcl-multiple-105,bfcl-multiple-105,0.947472911503431,0.05252708849656895,26,saturated,0.9769230769230768,0.9769230769230768,0.1153846153846153
bfcl,bfcl/bfcl-multiple-170,bfcl-multiple-170,0.947472911503431,0.05252708849656895,26,saturated,0.9692307692307692,0.9692307692307692,0.1201576873216408
reasoning-gym,reasoning-gym/reasoning-gym-arithmetic-time-intervals-hard0292e21f-seed45-2,reasoning-gym-arithmetic-time-intervals-hard0292e21f-seed45-2,0.9474730097349682,0.052526990265031825,12,easy,0.9487179615384616,0.8888889166666667,0.2832788400755983
reasoning-gym,reasoning-gym/reasoning-gym-arithmetic-time-intervals-hard0292e21f-seed45-1,reasoning-gym-arithmetic-time-intervals-hard0292e21f-seed45-1,0.9474730097349682,0.052526990265031825,13,saturated,0.9807692307692308,0.9615384615384616,0.1332346775052982
swebench-multilingual,swebench-multilingual/swebench-multilingual-phpoffice__phpspreadsheet-3469,swebench-multilingual-phpoffice__phpspreadsheet-3469,0.9474730097349683,0.052526990265031714,14,hard,0.0512820384615384,0.0952380714285714,0.2651316149436685
kumo,kumo/kumo-martialartsenv-t4-a6-v1-s1,kumo-martialartsenv-t4-a6-v1-s1,0.9474730097349686,0.05252699026503138,16,easy,0.9487179615384616,0.9166666875,0.2499999791666788
swebench-multilingual,swebench-multilingual/swebench-multilingual-tokio-rs__tokio-6551,swebench-multilingual-tokio-rs__tokio-6551,0.9475856378407159,0.05241436215928408,14,medium,0.6121796538461539,0.5654762142857143,0.4084652268594124
usaco,usaco/usaco-380,usaco-380,0.947590596615054,0.05240940338494604,19,easy,0.8038461538461538,0.7315789473684211,0.3642622415368058
gaia,gaia/gaia-b7f857e4-d8aa-4387-af2a-0e844df5b9d8,gaia-b7f857e4-d8aa-4387-af2a-0e844df5b9d8,0.9477479759167958,0.052252024083204174,20,easy,0.9307692307692308,0.91,0.2233830790368867
gaia,gaia/gaia-11af4e1a-5f45-467d-9aeb-46f4bb0bf034,gaia-11af4e1a-5f45-467d-9aeb-46f4bb0bf034,0.9477479759167958,0.052252024083204174,20,saturated,0.953846153846154,0.94,0.22
simpleqa,simpleqa/simpleqa-1788,simpleqa-1788,0.9478942865106212,0.05210571348937876,20,easy,0.8538461538461538,0.8100000000000002,0.3128897569432403
replicationbench,replicationbench/replicationbench-astm3__multimodal_classification_clip,replicationbench-astm3__multimodal_classification_clip,0.9479846616593197,0.052015338340680284,17,hard,0.0935897307692307,0.1431372352941176,0.2670988284510897
replicationbench,replicationbench/replicationbench-astm3__spectra_classification_accuracy_limited_data_10_percent,replicationbench-astm3__spectra_classification_accuracy_limited_data_10_percent,0.9479846616593197,0.052015338340680284,17,hard,0.0653846153846153,0.0999999999999999,0.1740520544178057
simpleqa,simpleqa/simpleqa-4077,simpleqa-4077,0.9480755927756892,0.0519244072243108,20,easy,0.8153846153846154,0.76,0.3382306905057552
simpleqa,simpleqa/simpleqa-4003,simpleqa-4003,0.9485872920493522,0.051412707950647785,20,easy,0.8999999999999999,0.8699999999999999,0.2389560629069704
simpleqa,simpleqa/simpleqa-4259,simpleqa-4259,0.9486871618483186,0.05131283815168142,20,easy,0.8615384615384616,0.8200000000000001,0.2821347195933177
mmau,mmau/mmau-e1e2bc5b-8835-4d12-ba4b-7e6852071894,mmau-e1e2bc5b-8835-4d12-ba4b-7e6852071894,0.948925401741593,0.05107459825840699,20,saturated,0.953846153846154,0.94,0.18
arc-agi-2,arc-agi-2/arc-agi-2-6ffbe589_0,arc-agi-2-6ffbe589_0,0.9491182651600596,0.05088173483994041,20,frontier,0.0384615384615384,0.05,0.1532970971675589
replicationbench,replicationbench/replicationbench-gw_nsbh__default_mtov,replicationbench-gw_nsbh__default_mtov,0.9491217397370373,0.050878260262962716,17,hard,0.0615384615384615,0.0941176470588235,0.2071390219018707
aider-polyglot,aider-polyglot/polyglot_javascript_forth,polyglot_javascript_forth,0.9491821196243541,0.05081788037564594,26,easy,0.8576923076923078,0.8576923076923078,0.2911159918487117
aider-polyglot,aider-polyglot/polyglot_rust_poker,polyglot_rust_poker,0.9491821196243541,0.05081788037564594,26,easy,0.8717948846153847,0.8717948846153847,0.2633921138800077
lawbench,lawbench/lawbench-3-4-6-zero-shot,lawbench-3-4-6-zero-shot,0.9494310688020182,0.05056893119798178,15,easy,0.7496290384615384,0.6308789333333333,0.409722922142996
usaco,usaco/usaco-1326,usaco-1326,0.9497335859938795,0.05026641400612053,19,easy,0.7384615384615384,0.7157894736842105,0.3583781564870987
swebench-multilingual,swebench-multilingual/swebench-multilingual-rubocop__rubocop-13503,swebench-multilingual-rubocop__rubocop-13503,0.9498684118601626,0.050131588139837424,14,medium,0.6923077692307691,0.5714285714285714,0.4616838131347832
swebench-multilingual,swebench-multilingual/swebench-multilingual-babel__babel-14532,swebench-multilingual-babel__babel-14532,0.9498684118601626,0.050131588139837424,15,medium,0.6410256538461538,0.5611111333333334,0.4679215981073277
lawbench,lawbench/lawbench-2-6-4-zero-shot,lawbench-2-6-4-zero-shot,0.9501871201478875,0.04981287985211247,14,medium,0.4917916923076924,0.4552317142857142,0.3104672769383108
lawbench,lawbench/lawbench-3-6-8-zero-shot,lawbench-3-6-8-zero-shot,0.9502875926390768,0.049712407360923194,15,medium,0.5166666538461538,0.4922221999999999,0.3214398312070653
aider-polyglot,aider-polyglot/polyglot_rust_scale-generator,polyglot_rust_scale-generator,0.9503123089655431,0.049687691034456916,26,hard,0.1743589615384615,0.1743589615384615,0.318692259005513
aider-polyglot,aider-polyglot/polyglot_java_protein-translation,polyglot_java_protein-translation,0.9503123089655431,0.049687691034456916,26,hard,0.1384615384615384,0.1384615384615384,0.3317516715822742
arc-agi-2,arc-agi-2/arc-agi-2-e3721c99_0,arc-agi-2-e3721c99_0,0.9503207631290164,0.049679236870983634,20,hard,0.1076923076923076,0.14,0.2615339366124404
replicationbench,replicationbench/replicationbench-galaxy_soptics__soptics_validation_shi,replicationbench-galaxy_soptics__soptics_validation_shi,0.950681049601198,0.049318950398801964,17,hard,0.1435897307692307,0.2196078235294117,0.3473633251534691
featurebench-modal,featurebench-modal/featurebench-modal-pypa__hatch.ff4b4040.test_fmt.782c88a8.lv1,featurebench-modal-pypa__hatch.ff4b4040.test_fmt.782c88a8.lv1,0.9508194698516265,0.049180530148373536,26,hard,0.210256423076923,0.210256423076923,0.389034457605589
featurebench-modal,featurebench-modal/featurebench-modal-pydantic__pydantic.e1dcaf9e.test_pipeline.c9b08962.lv1,featurebench-modal-pydantic__pydantic.e1dcaf9e.test_pipeline.c9b08962.lv1,0.9508262777622795,0.04917372223772054,26,hard,0.1782051153846154,0.1782051153846154,0.3144242141175036
featurebench-modal,featurebench-modal/featurebench-modal-huggingface__transformers.e2e8dbed.test_processing_grounding_dino.3d24a7e6.lv1,featurebench-modal-huggingface__transformers.e2e8dbed.test_processing_grounding_dino.3d24a7e6.lv1,0.9508262777622795,0.04917372223772054,25,hard,0.0807692307692307,0.084,0.1665653025092561
featurebench-modal,featurebench-modal/featurebench-modal-pydata__xarray.97f3a746.test_treenode.aa8ba777.lv1,featurebench-modal-pydata__xarray.97f3a746.test_treenode.aa8ba777.lv1,0.9509286856400327,0.049071314359967255,26,hard,0.1743589615384615,0.1743589615384615,0.3328596178283064
featurebench-modal,featurebench-modal/featurebench-modal-pandas-dev__pandas.82fa2715.test_spec_conformance.3aff206b.lv1,featurebench-modal-pandas-dev__pandas.82fa2715.test_spec_conformance.3aff206b.lv1,0.9509286856400327,0.049071314359967255,26,hard,0.1320512692307692,0.1320512692307692,0.273702175910178
aider-polyglot,aider-polyglot/polyglot_javascript_phone-number,polyglot_javascript_phone-number,0.9510532476083674,0.0489467523916326,26,easy,0.8519230769230769,0.8519230769230769,0.2863835409802363
swebench-multilingual,swebench-multilingual/swebench-multilingual-apache__lucene-13494,swebench-multilingual-apache__lucene-13494,0.9512954217645009,0.04870457823549912,15,easy,0.8038461538461538,0.66,0.4378736499646141
simpleqa,simpleqa/simpleqa-2958,simpleqa-2958,0.9513879623142116,0.04861203768578837,20,easy,0.8076923076923077,0.75,0.3993745109543171
gaia,gaia/gaia-5cfb274c-0207-4aa7-9575-6ac0bd95d9b2,gaia-5cfb274c-0207-4aa7-9575-6ac0bd95d9b2,0.9514863426619908,0.048513657338009164,20,easy,0.9076923076923078,0.8800000000000001,0.2785677655436824
labbench,labbench/labbench-figqa-0124,labbench-figqa-0124,0.9514969100723665,0.048503089927633525,13,frontier,0.0384615384615384,0.0769230769230769,0.1475640468711606
usaco,usaco/usaco-786,usaco-786,0.9515671706453411,0.04843282935465887,19,easy,0.8038461538461538,0.7315789473684211,0.381206714994354
arc-agi-2,arc-agi-2/arc-agi-2-b0039139_0,arc-agi-2-b0039139_0,0.9516372056494458,0.04836279435055424,20,hard,0.1076923076923076,0.1399999999999999,0.2973213749463701
labbench,labbench/labbench-figqa-0097,labbench-figqa-0097,0.9516591332551307,0.04834086674486926,13,medium,0.4153846153846154,0.4307692307692308,0.3988148122097145
labbench,labbench/labbench-figqa-0120,labbench-figqa-0120,0.9516591332551307,0.04834086674486926,13,medium,0.4230769230769231,0.4461538461538462,0.3934372877705976
labbench,labbench/labbench-figqa-0166,labbench-figqa-0166,0.9517342359605834,0.048265764039416625,13,hard,0.2846153846153846,0.3692307692307692,0.3749556186755058
simpleqa,simpleqa/simpleqa-1944,simpleqa-1944,0.9519097207056586,0.0480902792943414,20,easy,0.8538461538461539,0.8099999999999999,0.3315116890850155
usaco,usaco/usaco-243,usaco-243,0.9519391042791057,0.04806089572089434,19,easy,0.8275641153846153,0.764035105263158,0.3528606172916759
lawbench,lawbench/lawbench-3-3-9-one-shot,lawbench-3-3-9-one-shot,0.9521915913536656,0.0478084086463344,15,medium,0.3068395384615384,0.3182109999999999,0.2561718952068447
simpleqa,simpleqa/simpleqa-2181,simpleqa-2181,0.9522304365276977,0.04776956347230232,20,easy,0.8461538461538461,0.8,0.340587727318528
lawbench,lawbench/lawbench-2-1-15-zero-shot,lawbench-2-1-15-zero-shot,0.9523993766152142,0.04760062338478577,16,medium,0.4670815,0.422759625,0.3137815903827204
labbench,labbench/labbench-figqa-0163,labbench-figqa-0163,0.952582423408498,0.04741757659150203,13,hard,0.0923076923076923,0.1846153846153846,0.2655796384866472
labbench,labbench/labbench-figqa-0003,labbench-figqa-0003,0.952582423408498,0.04741757659150203,13,hard,0.1692307692307692,0.3384615384615384,0.43947251867956
gpqa-diamond,gpqa-diamond/gpqa-diamond-51,gpqa-diamond-51,0.9527862240043276,0.04721377599567245,20,easy,0.9333333461538462,0.91333335,0.2367370613618144
simpleqa,simpleqa/simpleqa-3452,simpleqa-3452,0.9528654962158725,0.047134503784127535,20,easy,0.746153846153846,0.7,0.3660601043544624
gaia,gaia/gaia-851e570a-e3de-4d84-bcfa-cc85578baa59,gaia-851e570a-e3de-4d84-bcfa-cc85578baa59,0.9529509766193127,0.04704902338068728,20,easy,0.9307692307692308,0.91,0.232163735324878
gaia,gaia/gaia-389793a7-ca17-4e82-81cb-2b3a2391b4b9,gaia-389793a7-ca17-4e82-81cb-2b3a2391b4b9,0.9529509766193127,0.04704902338068728,20,easy,0.9076923076923076,0.8800000000000001,0.2315167380558045
swebench-verified,swebench-verified/swebench-verified-sphinx-doc__sphinx-8120,swebench-verified-sphinx-doc__sphinx-8120,0.9529793735970604,0.04702062640293958,20,easy,0.823076923076923,0.7700000000000001,0.3861346915261564
swebench-verified,swebench-verified/swebench-verified-django__django-12209,swebench-verified-django__django-12209,0.9529793735970604,0.04702062640293958,20,easy,0.8230769230769232,0.77,0.3303028912982749
aider-polyglot,aider-polyglot/polyglot_go_wordy,polyglot_go_wordy,0.9530635462587494,0.04693645374125055,26,easy,0.851923076923077,0.851923076923077,0.2809601563700014
swebench-multilingual,swebench-multilingual/swebench-multilingual-apache__lucene-13170,swebench-multilingual-apache__lucene-13170,0.9531846037582976,0.04681539624170239,15,easy,0.8487179615384617,0.7377778,0.4032950661981374
labbench,labbench/labbench-figqa-0149,labbench-figqa-0149,0.9533370088810785,0.04666299111892147,13,hard,0.1307692307692307,0.2615384615384615,0.3627638806938952
lawbench,lawbench/lawbench-2-4-8-one-shot,lawbench-2-4-8-one-shot,0.95335233723638,0.04664766276361998,14,hard,0.1462499999999999,0.1333928571428571,0.0888096235477545
labbench,labbench/labbench-figqa-0108,labbench-figqa-0108,0.9534534236148487,0.04654657638515125,13,hard,0.2846153846153846,0.3692307692307693,0.3988148122097145
featurebench-modal,featurebench-modal/featurebench-modal-sphinx-doc__sphinx.e347e59c.test_ext_math.96576214.lv1,featurebench-modal-sphinx-doc__sphinx.e347e59c.test_ext_math.96576214.lv1,0.9534984494273279,0.046501550572672135,26,hard,0.0634615384615384,0.0634615384615384,0.1997872389027947
simpleqa,simpleqa/simpleqa-305,simpleqa-305,0.9536673659046889,0.046332634095311076,20,easy,0.8692307692307693,0.8300000000000001,0.2917190429162964
mmau,mmau/mmau-aa0c930c-11f7-406e-b717-5f138b57e21a,mmau-aa0c930c-11f7-406e-b717-5f138b57e21a,0.9537268161009466,0.04627318389905344,20,saturated,0.9538461538461538,0.94,0.156204993518133
mmau,mmau/mmau-2cf092cc-252b-4de8-9e51-cc17f5cae742,mmau-2cf092cc-252b-4de8-9e51-cc17f5cae742,0.9537268161009466,0.04627318389905344,20,saturated,0.9538461538461538,0.94,0.1907878402833891
bfcl,bfcl/bfcl-live-multiple-337-133-1,bfcl-live-multiple-337-133-1,0.953726816100947,0.046273183899052994,26,saturated,0.9769230769230768,0.9769230769230768,0.0846153846153846
bfcl,bfcl/bfcl-irrelevance-103,bfcl-irrelevance-103,0.9537268161009476,0.04627318389905244,26,saturated,0.9538461538461538,0.9538461538461538,0.1393136175098064
bfcl,bfcl/bfcl-irrelevance-3,bfcl-irrelevance-3,0.9537268161009476,0.04627318389905244,26,saturated,0.976923076923077,0.976923076923077,0.0846153846153846
reasoning-gym,reasoning-gym/reasoning-gym-algorithmic-graph-color-hard0292e21f-seed45-1,reasoning-gym-algorithmic-graph-color-hard0292e21f-seed45-1,0.953787076496831,0.04621292350316897,13,easy,0.916666653846154,0.8333333076923076,0.3202563476422225
reasoning-gym,reasoning-gym/reasoning-gym-algorithmic-letter-counting-easy00cea0a5-seed45-0,reasoning-gym-algorithmic-letter-counting-easy00cea0a5-seed45-0,0.953787076496831,0.04621292350316897,13,easy,0.9102564230769232,0.8205128461538462,0.3098217064851346
usaco,usaco/usaco-90,usaco-90,0.953797004102287,0.04620299589771304,19,easy,0.8307692307692308,0.7684210526315789,0.3569647359539614
algotune,algotune/algotune-unit-simplex-projection,algotune-unit-simplex-projection,0.9538566831411024,0.04614331685889761,26,frontier,0.0320601451721177,0.0320601451721177,0.0878984680227188
simpleqa,simpleqa/simpleqa-2829,simpleqa-2829,0.9539124652443866,0.046087534755613446,20,easy,0.8230769230769232,0.77,0.3363034344160047
replicationbench,replicationbench/replicationbench-disk_ridges__ridge_slope,replicationbench-disk_ridges__ridge_slope,0.9539233728130416,0.046076627186958374,17,hard,0.173076923076923,0.2647058823529412,0.4013816966878114
spider2,spider2/spider2-greenhouse001,spider2-greenhouse001,0.953943035525666,0.04605696447433405,16,easy,0.776923076923077,0.6375,0.4539754949333719
bfcl,bfcl/bfcl-parallel-170,bfcl-parallel-170,0.953962885317571,0.04603711468242899,26,easy,0.9307692307692308,0.9307692307692308,0.1995557195549668
bfcl,bfcl/bfcl-live-parallel-2-0-2,bfcl-live-parallel-2-0-2,0.953962885317571,0.04603711468242899,26,easy,0.946153846153846,0.946153846153846,0.1420475793278414
replicationbench,replicationbench/replicationbench-galaxy_manifold__physical_properties,replicationbench-galaxy_manifold__physical_properties,0.9540133562804822,0.04598664371951777,17,frontier,0.0269230769230769,0.0411764705882352,0.1239488676806204
gpqa-diamond,gpqa-diamond/gpqa-diamond-68,gpqa-diamond-68,0.9540258490898239,0.04597415091017609,19,saturated,0.9512820384615384,0.9333333157894738,0.1716790763697295
aime,aime/aime_i-4,aime_i-4,0.9541494600182371,0.04585053998176292,19,easy,0.9365384615384617,0.9131578947368422,0.1890712099651164
aime,aime/aime_ii-1,aime_ii-1,0.9541494600182371,0.04585053998176292,18,easy,0.9211538461538462,0.8861111111111111,0.2039917996415239
simpleqa,simpleqa/simpleqa-1453,simpleqa-1453,0.9544186848436633,0.04558131515633668,20,easy,0.9153846153846156,0.89,0.2142428528562855
aider-polyglot,aider-polyglot/polyglot_javascript_zebra-puzzle,polyglot_javascript_zebra-puzzle,0.9549309636087215,0.04506903639127846,26,easy,0.8115384615384615,0.8115384615384615,0.3214473555138756
simpleqa,simpleqa/simpleqa-2705,simpleqa-2705,0.9549850219819782,0.04501497801802179,20,easy,0.8461538461538463,0.8,0.3098386676965933
lawbench,lawbench/lawbench-3-8-11-zero-shot,lawbench-3-8-11-zero-shot,0.9549880768909175,0.04501192310908253,14,hard,0.1165216923076923,0.11455,0.0850554656369259
lawbench,lawbench/lawbench-3-8-10-zero-shot,lawbench-3-8-10-zero-shot,0.955440580517658,0.04455941948234199,15,hard,0.1400455769230769,0.1315217333333333,0.0870501314565093
simpleqa,simpleqa/simpleqa-2404,simpleqa-2404,0.9556400344610438,0.04435996553895616,20,easy,0.8384615384615385,0.79,0.3374907406137241
mmmlu,mmmlu/mmmlu-it-it-00083,mmmlu-it-it-00083,0.9557865516161588,0.044213448383841225,18,easy,0.9294871923076924,0.8981481666666666,0.255428024405278
gaia,gaia/gaia-f918266a-b3e0-4914-865d-4faa564f1aef,gaia-f918266a-b3e0-4914-865d-4faa564f1aef,0.955863254201868,0.04413674579813198,20,easy,0.8999999999999999,0.8699999999999999,0.2703701166919155
usaco,usaco/usaco-897,usaco-897,0.9559175297872478,0.044082470212752245,18,easy,0.7596153846153846,0.6972222222222223,0.3798655545139264
simpleqa,simpleqa/simpleqa-264,simpleqa-264,0.9559334972971439,0.04406650270285606,20,easy,0.8461538461538461,0.8,0.303315017762062
labbench,labbench/labbench-figqa-0059,labbench-figqa-0059,0.9562171887485966,0.043782811251403375,13,easy,0.8692307692307693,0.7384615384615384,0.336357093985776
labbench,labbench/labbench-figqa-0140,labbench-figqa-0140,0.9562171887485966,0.043782811251403375,13,easy,0.8153846153846154,0.6307692307692307,0.4426921406134818
crustbench,crustbench/crustbench-aes128-simd,crustbench-aes128-simd,0.9564778773161154,0.043522122683884557,25,easy,0.7615384615384616,0.752,0.3721505071876163
mmmlu,mmmlu/mmmlu-bn-bd-00011,mmmlu-bn-bd-00011,0.9567971030908703,0.04320289690912971,18,hard,0.0769230769230769,0.1111111111111111,0.3142696805273545
mmmlu,mmmlu/mmmlu-en-us-00031,mmmlu-en-us-00031,0.9567971030908703,0.04320289690912971,17,hard,0.0737179615384615,0.1127451176470588,0.2755582614261845
simpleqa,simpleqa/simpleqa-1310,simpleqa-1310,0.9570656179025435,0.04293438209745648,20,easy,0.8999999999999999,0.8699999999999999,0.2917190429162964
simpleqa,simpleqa/simpleqa-4296,simpleqa-4296,0.9570656179025435,0.04293438209745648,20,easy,0.9000000000000001,0.8700000000000001,0.2551470164434614
bfcl,bfcl/bfcl-simple-python-282,bfcl-simple-python-282,0.9577973811789575,0.04220261882104248,26,easy,0.9153846153846156,0.9153846153846156,0.2013269588969599
featurebench-modal,featurebench-modal/featurebench-modal-astropy__astropy.b0db0daa.test_compressed.8daeb7d6.lv1,featurebench-modal-astropy__astropy.b0db0daa.test_compressed.8daeb7d6.lv1,0.9580601783957093,0.04193982160429066,26,hard,0.0769230769230769,0.0769230769230769,0.1927686782483333
featurebench-modal,featurebench-modal/featurebench-modal-mwaskom__seaborn.7001ebe7.test_distributions.f700676d.lv1,featurebench-modal-mwaskom__seaborn.7001ebe7.test_distributions.f700676d.lv1,0.9580601783957093,0.04193982160429066,25,hard,0.0865384615384615,0.09,0.2280350850198276
labbench,labbench/labbench-figqa-0180,labbench-figqa-0180,0.9581680039826495,0.04183199601735055,13,hard,0.1538461538461538,0.3076923076923077,0.3892034043284159
spider2,spider2/spider2-quickbooks003,spider2-quickbooks003,0.9583209995600842,0.04167900043991579,15,medium,0.3743588076923076,0.4044444,0.4418591545886992
lawbench,lawbench/lawbench-2-8-10-one-shot,lawbench-2-8-10-one-shot,0.9587126668079805,0.04128733319201949,15,medium,0.3445833461538461,0.3039444666666666,0.2409669073586292
swebench-multilingual,swebench-multilingual/swebench-multilingual-briannesbitt__carbon-2762,swebench-multilingual-briannesbitt__carbon-2762,0.9587616613201135,0.041238338679886466,15,easy,0.7089743846153846,0.6422222666666666,0.4157040758954165
simpleqa,simpleqa/simpleqa-887,simpleqa-887,0.9587774453926253,0.04122255460737467,20,easy,0.8846153846153846,0.8500000000000002,0.2958039891549808
simpleqa,simpleqa/simpleqa-125,simpleqa-125,0.9588916126958776,0.04110838730412236,20,easy,0.8538461538461538,0.8099999999999999,0.3128897569432403
simpleqa,simpleqa/simpleqa-1957,simpleqa-1957,0.9588916126958776,0.04110838730412236,20,easy,0.8230769230769232,0.7700000000000001,0.3421987726453734
usaco,usaco/usaco-412,usaco-412,0.9591590285979918,0.04084097140200815,20,easy,0.7769230769230769,0.71,0.4217819341792628
swebench-multilingual,swebench-multilingual/swebench-multilingual-projectlombok__lombok-3422,swebench-multilingual-projectlombok__lombok-3422,0.9593149116061086,0.0406850883938914,15,easy,0.7903846153846155,0.6366666666666667,0.4562406772259083
reasoning-gym,reasoning-gym/reasoning-gym-algorithmic-base-conversion-easy00cea0a5-seed45-1,reasoning-gym-algorithmic-base-conversion-easy00cea0a5-seed45-1,0.9594500885131799,0.04054991148682008,12,saturated,0.9679487307692308,0.9305555833333332,0.1589655530859114
reasoning-gym,reasoning-gym/reasoning-gym-arithmetic-count-bits-easy00cea0a5-seed45-1,reasoning-gym-arithmetic-count-bits-easy00cea0a5-seed45-1,0.9594500885131799,0.04054991148682008,20,easy,0.9307692307692308,0.91,0.2142428528562855
simpleqa,simpleqa/simpleqa-4150,simpleqa-4150,0.9595775653543559,0.0404224346456441,20,easy,0.8923076923076925,0.86,0.2199999999999999
simpleqa,simpleqa/simpleqa-2562,simpleqa-2562,0.9595775653543559,0.0404224346456441,20,easy,0.8173076923076923,0.7625000000000001,0.3220539551069044
kumo,kumo/kumo-medicalenv-t4-a6-v1-s1,kumo-medicalenv-t4-a6-v1-s1,0.959635071732725,0.040364928267275,18,saturated,0.953846153846154,0.9333333333333332,0.1598610507770906
featurebench-modal,featurebench-modal/featurebench-modal-huggingface__transformers.e2e8dbed.test_modeling_zoedepth.e19636d3.lv1,featurebench-modal-huggingface__transformers.e2e8dbed.test_modeling_zoedepth.e19636d3.lv1,0.959635071732725,0.040364928267275,26,frontier,0.0384615384615384,0.0384615384615384,0.1332346775052982
featurebench-modal,featurebench-modal/featurebench-modal-huggingface__transformers.e2e8dbed.test_modeling_informer.de781186.lv1,featurebench-modal-huggingface__transformers.e2e8dbed.test_modeling_informer.de781186.lv1,0.959635071732725,0.040364928267275,26,frontier,0.0461538461538461,0.0461538461538461,0.1365249180715295
arc-agi-2,arc-agi-2/arc-agi-2-cbebaa4b_0,arc-agi-2-cbebaa4b_0,0.9596751418853968,0.04032485811460318,20,hard,0.0923076923076923,0.12,0.2712931993250107
aider-polyglot,aider-polyglot/polyglot_rust_two-bucket,polyglot_rust_two-bucket,0.9600675566605692,0.0399324433394308,26,easy,0.8615384615384616,0.8615384615384616,0.2760670529988671
medagentbench,medagentbench/medagentbench-task2_10,medagentbench-task2_10,0.9601116092040327,0.03988839079596729,20,easy,0.8307692307692308,0.78,0.3218695387886216
swebench-multilingual,swebench-multilingual/swebench-multilingual-astral-sh__ruff-15543,swebench-multilingual-astral-sh__ruff-15543,0.960198650109559,0.03980134989044104,14,medium,0.6794872692307691,0.5476190714285715,0.4815178253188356
swebench-multilingual,swebench-multilingual/swebench-multilingual-redis__redis-12472,swebench-multilingual-redis__redis-12472,0.960198650109559,0.03980134989044104,14,medium,0.6987180384615382,0.5833333571428572,0.4575209293504048
swebench-multilingual,swebench-multilingual/swebench-multilingual-tokio-rs__tokio-6724,swebench-multilingual-tokio-rs__tokio-6724,0.9602206716246374,0.03977932837536258,14,easy,0.7243590769230768,0.6309524285714286,0.4280751134101374
gaia,gaia/gaia-4d0aa727-86b1-406b-9b33-f870dd14a4a5,gaia-4d0aa727-86b1-406b-9b33-f870dd14a4a5,0.9602593942292951,0.03974060577070493,20,easy,0.8769230769230768,0.8400000000000001,0.3382306905057552
gaia,gaia/gaia-32102e3e-d12a-4209-9163-7b3a104efe5d,gaia-32102e3e-d12a-4209-9163-7b3a104efe5d,0.9602593942292951,0.03974060577070493,20,easy,0.8461538461538461,0.8,0.3577708763999664
gaia,gaia/gaia-ad2b4d70-9314-4fe6-bfbe-894a45f6055f,gaia-ad2b4d70-9314-4fe6-bfbe-894a45f6055f,0.9606104341871574,0.039389565812842586,20,hard,0.1769230769230769,0.2299999999999999,0.3963584236521283
gaia,gaia/gaia-853c8244-429e-46ca-89f2-addf40dfb2bd,gaia-853c8244-429e-46ca-89f2-addf40dfb2bd,0.9606104341871574,0.039389565812842586,20,hard,0.1153846153846153,0.15,0.2673948391424187
labbench,labbench/labbench-figqa-0157,labbench-figqa-0157,0.9608620388006976,0.03913796119930235,13,hard,0.1153846153846153,0.2307692307692308,0.3022597339136692
simpleqa,simpleqa/simpleqa-670,simpleqa-670,0.961182632786697,0.03881736721330298,20,easy,0.8384615384615385,0.79,0.3548238999842034
simpleqa,simpleqa/simpleqa-2857,simpleqa-2857,0.961182632786697,0.03881736721330298,20,easy,0.8692307692307693,0.8300000000000001,0.3241913015489466
kumo,kumo/kumo-fungalenv-t4-a6-v1-s0,kumo-fungalenv-t4-a6-v1-s0,0.9612616728101027,0.03873832718989734,15,easy,0.9423076923076924,0.9,0.2198484326378819
usaco,usaco/usaco-549,usaco-549,0.9614199580851641,0.03858004191483588,19,easy,0.823076923076923,0.7578947368421054,0.3529064129313728
arc-agi-2,arc-agi-2/arc-agi-2-db0c5428_0,arc-agi-2-db0c5428_0,0.9618028856362497,0.038197114363750284,20,hard,0.1,0.1299999999999999,0.2628687885618982
usaco,usaco/usaco-1204,usaco-1204,0.9622088958194402,0.037791104180559754,20,hard,0.1711538461538461,0.2225,0.3736559246151464
usaco,usaco/usaco-1069,usaco-1069,0.9622088958194402,0.037791104180559754,19,hard,0.1384615384615384,0.1894736842105263,0.3462501937557585
crustbench,crustbench/crustbench-fslib,crustbench-fslib,0.9624399948721194,0.0375600051278806,23,hard,0.1589743461538461,0.1797101304347826,0.32626403526889
crustbench,crustbench/crustbench-skp,crustbench-skp,0.9624399948721194,0.0375600051278806,22,hard,0.1826923076923076,0.2159090909090909,0.336217720193182
labbench,labbench/labbench-figqa-0090,labbench-figqa-0090,0.9625464624378421,0.03745353756215786,13,hard,0.1615384615384615,0.3230769230769231,0.4041207857404215
labbench,labbench/labbench-figqa-0096,labbench-figqa-0096,0.9625464624378421,0.03745353756215786,20,hard,0.1923076923076923,0.25,0.3626292872893749
gpqa-diamond,gpqa-diamond/gpqa-diamond-39,gpqa-diamond-39,0.9626723906396435,0.037327609360356506,19,easy,0.9461538461538462,0.9263157894736844,0.2267437813530317
featurebench-modal,featurebench-modal/featurebench-modal-pandas-dev__pandas.82fa2715.test_col.a592871d.lv1,featurebench-modal-pandas-dev__pandas.82fa2715.test_col.a592871d.lv1,0.9626723906396435,0.037327609360356506,26,hard,0.0538461538461538,0.0538461538461538,0.1965681898335483
lawbench,lawbench/lawbench-2-4-22-zero-shot,lawbench-2-4-22-zero-shot,0.9629758467660714,0.0370241532339286,15,hard,0.1211538461538461,0.1091666666666666,0.0698311455504554
simpleqa,simpleqa/simpleqa-4120,simpleqa-4120,0.9630028322372747,0.036997167762725325,20,easy,0.8,0.7700000000000001,0.3116087290176576
simpleqa,simpleqa/simpleqa-2347,simpleqa-2347,0.9630083703027164,0.036991629697283646,20,easy,0.8692307692307693,0.8300000000000001,0.2917190429162964
algotune,algotune/algotune-lasso,algotune-lasso,0.9630844764234532,0.036915523576546816,23,hard,0.0528381966164488,0.0597301353055508,0.177159525392025
humanevalfix,humanevalfix/humanevalfix-python-85,humanevalfix-python-85,0.9631789214802988,0.03682107851970118,20,saturated,0.9615384615384616,0.95,0.1396424004376894
bfcl,bfcl/bfcl-live-multiple-705-164-21,bfcl-live-multiple-705-164-21,0.9638111202541976,0.03618887974580243,26,saturated,0.953846153846154,0.953846153846154,0.1393136175098064
bfcl,bfcl/bfcl-live-simple-2-2-0,bfcl-live-simple-2-2-0,0.9638111202541976,0.03618887974580243,26,saturated,0.9615384615384616,0.9615384615384616,0.1242730340107962
lawbench,lawbench/lawbench-2-8-16-zero-shot,lawbench-2-8-16-zero-shot,0.9639419302852865,0.03605806971471348,14,medium,0.4364102692307691,0.3861905,0.2618330106910428
swebench-multilingual,swebench-multilingual/swebench-multilingual-micropython__micropython-13569,swebench-multilingual-micropython__micropython-13569,0.9639988525467225,0.03600114745327754,15,easy,0.7788461538461539,0.6166666666666667,0.455216676124922
aider-polyglot,aider-polyglot/polyglot_java_affine-cipher,polyglot_java_affine-cipher,0.9640531981888346,0.035946801811165385,26,hard,0.1153846153846153,0.1153846153846153,0.2891530173725
aider-polyglot,aider-polyglot/polyglot_java_kindergarten-garden,polyglot_java_kindergarten-garden,0.9640531981888346,0.035946801811165385,26,hard,0.1307692307692307,0.1307692307692307,0.2825287334185686
usaco,usaco/usaco-1183,usaco-1183,0.964053487178292,0.03594651282170802,20,easy,0.7461538461538461,0.67,0.4127347816697788
usaco,usaco/usaco-862,usaco-862,0.964053487178292,0.03594651282170802,19,easy,0.7769230769230769,0.6947368421052631,0.3913185325356022
replicationbench,replicationbench/replicationbench-muse_outflows__outflow_energetics,replicationbench-muse_outflows__outflow_energetics,0.9644297227847011,0.03557027721529893,17,hard,0.110256423076923,0.1686274705882353,0.3218554739283781
crustbench,crustbench/crustbench-circularbuffer,crustbench-circularbuffer,0.9645826316570267,0.035417368342973266,24,easy,0.8358974230769232,0.8222222083333334,0.346766387010763
crustbench,crustbench/crustbench-hydra,crustbench-hydra,0.9645826316570267,0.035417368342973266,23,easy,0.8173076923076923,0.7934782608695652,0.3765704356500535
kumo,kumo/kumo-mythicenv-t4-a6-v1-s0,kumo-mythicenv-t4-a6-v1-s0,0.9646026671613614,0.03539733283863855,17,saturated,0.9717948846153844,0.9568627647058824,0.0968555415278367
kumo,kumo/kumo-archaeologicalenv-t4-a6-v1-s1,kumo-archaeologicalenv-t4-a6-v1-s1,0.9646026671613614,0.03539733283863855,20,easy,0.9423076923076924,0.925,0.1785357107135712
crustbench,crustbench/crustbench-libqueue,crustbench-libqueue,0.9646950582458154,0.03530494175418464,22,easy,0.9076923076923078,0.890909090909091,0.2810840878861874
spider2,spider2/spider2-shopify002,spider2-shopify002,0.9649066480189312,0.03509335198106878,15,medium,0.6948718076923078,0.6177777999999999,0.4471915127620678
lawbench,lawbench/lawbench-2-7-19-one-shot,lawbench-2-7-19-one-shot,0.9649320060467447,0.03506799395325533,14,hard,0.2547974999999999,0.2331833571428571,0.1587555183538544
crustbench,crustbench/crustbench-libtinyfseq,crustbench-libtinyfseq,0.9649328806820633,0.03506711931793671,22,saturated,0.9826923076923078,0.9795454545454546,0.0651206762813381
crustbench,crustbench/crustbench-cjson,crustbench-cjson,0.9649328806820633,0.03506711931793671,26,easy,0.9000000000000001,0.9000000000000001,0.2674667484725186
aider-polyglot,aider-polyglot/polyglot_rust_say,polyglot_rust_say,0.9649742555482095,0.03502574445179052,26,easy,0.9461538461538462,0.9461538461538462,0.1885792411097117
aider-polyglot,aider-polyglot/polyglot_rust_simple-cipher,polyglot_rust_simple-cipher,0.9649742555482095,0.03502574445179052,26,easy,0.9230769230769232,0.9230769230769232,0.2224128045353993
swebench-multilingual,swebench-multilingual/swebench-multilingual-preactjs__preact-4245,swebench-multilingual-preactjs__preact-4245,0.9650137687674989,0.03498623123250111,13,easy,0.8461538461538461,0.6923076923076923,0.4615384615384615
swebench-multilingual,swebench-multilingual/swebench-multilingual-nushell__nushell-12950,swebench-multilingual-nushell__nushell-12950,0.9650137687674991,0.034986231232500886,14,easy,0.8461538461538461,0.7142857142857143,0.4517539514526256
swebench-multilingual,swebench-multilingual/swebench-multilingual-phpoffice__phpspreadsheet-3463,swebench-multilingual-phpoffice__phpspreadsheet-3463,0.9650137687674991,0.034986231232500886,14,easy,0.8269230769230769,0.6785714285714286,0.4474987173622024
simpleqa,simpleqa/simpleqa-1989,simpleqa-1989,0.965096667125111,0.034903332874889004,20,easy,0.7769230769230769,0.7100000000000001,0.3923009049186606
medagentbench,medagentbench/medagentbench-task5_24,medagentbench-task5_24,0.9651150471678517,0.03488495283214832,20,easy,0.8846153846153846,0.85,0.2819574435974337
medagentbench,medagentbench/medagentbench-task4_9,medagentbench-task4_9,0.9651150471678517,0.03488495283214832,20,easy,0.8923076923076921,0.86,0.2615339366124404
aider-polyglot,aider-polyglot/polyglot_java_all-your-base,polyglot_java_all-your-base,0.9651730079945341,0.03482699200546591,26,hard,0.1,0.1,0.223606797749979
aider-polyglot,aider-polyglot/polyglot_java_wordy,polyglot_java_wordy,0.9651730079945341,0.03482699200546591,26,hard,0.0923076923076923,0.0923076923076923,0.2494965344650285
usaco,usaco/usaco-1301,usaco-1301,0.9652347616103423,0.03476523838965773,19,easy,0.8057692307692308,0.7342105263157894,0.4205424540741046
aider-polyglot,aider-polyglot/polyglot_rust_bowling,polyglot_rust_bowling,0.965240178306067,0.03475982169393299,26,easy,0.8461538461538461,0.8461538461538461,0.3342393997292374
aider-polyglot,aider-polyglot/polyglot_rust_grade-school,polyglot_rust_grade-school,0.965240178306067,0.03475982169393299,26,easy,0.8538461538461539,0.8538461538461539,0.3213322857570065
simpleqa,simpleqa/simpleqa-649,simpleqa-649,0.9653886692838974,0.03461133071610256,20,easy,0.9000000000000001,0.8699999999999999,0.2703701166919155
livecodebench,livecodebench/livecodebench-1873_d,livecodebench-1873_d,0.9655217472608315,0.03447825273916849,18,saturated,0.9557692307692308,0.9361111111111112,0.1777994778422806
labbench,labbench/labbench-figqa-0155,labbench-figqa-0155,0.9656945055653823,0.03430549443461772,13,medium,0.3307692307692307,0.4615384615384615,0.4252392295718539
swebench-multilingual,swebench-multilingual/swebench-multilingual-valkey-io__valkey-790,swebench-multilingual-valkey-io__valkey-790,0.9657509703696104,0.03424902963038956,14,easy,0.8076923076923077,0.6428571428571429,0.4403152859263554
swebench-multilingual,swebench-multilingual/swebench-multilingual-mrdoob__three.js-26589,swebench-multilingual-mrdoob__three.js-26589,0.9657509703696104,0.03424902963038956,15,easy,0.8076923076923077,0.6666666666666666,0.4346134936801766
labbench,labbench/labbench-figqa-0160,labbench-figqa-0160,0.9658883978628254,0.03411160213717457,13,medium,0.3,0.4,0.3922322702763681
swebench-multilingual,swebench-multilingual/swebench-multilingual-preactjs__preact-3739,swebench-multilingual-preactjs__preact-3739,0.9663020294857951,0.03369797051420487,14,easy,0.8461538461538461,0.7142857142857143,0.410325903324145
swebench-multilingual,swebench-multilingual/swebench-multilingual-nushell__nushell-12901,swebench-multilingual-nushell__nushell-12901,0.9663020294857951,0.03369797051420487,14,easy,0.8269230769230769,0.6785714285714286,0.4474987173622024
replicationbench,replicationbench/replicationbench-gw_nsbh__mass_gap,replicationbench-gw_nsbh__mass_gap,0.9665592884474573,0.03344071155254269,17,hard,0.1403846153846153,0.2147058823529411,0.3530392020734978
simpleqa,simpleqa/simpleqa-1351,simpleqa-1351,0.9666584935205981,0.03334150647940193,20,easy,0.8615384615384615,0.82,0.3218695387886216
simpleqa,simpleqa/simpleqa-2790,simpleqa-2790,0.9666584935205981,0.03334150647940193,20,easy,0.8461538461538461,0.8,0.3286335345030997
aider-polyglot,aider-polyglot/polyglot_javascript_pig-latin,polyglot_javascript_pig-latin,0.966768995810239,0.03323100418976099,26,easy,0.8615384615384616,0.8615384615384616,0.2975243016279033
usaco,usaco/usaco-1180,usaco-1180,0.966818784458565,0.03318121554143505,19,easy,0.823076923076923,0.7578947368421053,0.4133506087594076
labbench,labbench/labbench-figqa-0081,labbench-figqa-0081,0.9668396126068403,0.03316038739315974,13,hard,0.123076923076923,0.2461538461538461,0.36080121229411
usaco,usaco/usaco-84,usaco-84,0.9669252087854426,0.033074791214557364,19,easy,0.9025641153846156,0.8666666842105264,0.2877620727724926
usaco,usaco/usaco-104,usaco-104,0.9669252087854426,0.033074791214557364,20,easy,0.8692307692307693,0.8300000000000001,0.3051229260478471
livecodebench,livecodebench/livecodebench-abc329_f,livecodebench-abc329_f,0.9670905185832791,0.0329094814167209,20,easy,0.9025641153846156,0.87333335,0.3025080234014091
livecodebench,livecodebench/livecodebench-3637,livecodebench-3637,0.9670905185832791,0.0329094814167209,18,easy,0.9076923076923078,0.8666666666666667,0.2432419919887737
arc-agi-2,arc-agi-2/arc-agi-2-16b78196_0,arc-agi-2-16b78196_0,0.9671478294988994,0.032852170501100564,19,frontier,0.0307692307692307,0.0421052631578947,0.1388516416660307
mmmlu,mmmlu/mmmlu-fr-fr-00053,mmmlu-fr-fr-00053,0.967147855098937,0.03285214490106303,19,easy,0.9423076923076924,0.9210526315789472,0.2301691537438934
mmmlu,mmmlu/mmmlu-pt-br-00116,mmmlu-pt-br-00116,0.967147855098937,0.03285214490106303,17,easy,0.9487179615384616,0.9215686470588236,0.2433269136945412
labbench,labbench/labbench-figqa-0048,labbench-figqa-0048,0.9671791214818566,0.032820878518143415,13,hard,0.1461538461538461,0.2923076923076922,0.3292451470620415
labbench,labbench/labbench-figqa-0132,labbench-figqa-0132,0.9671959699419355,0.03280403005806454,13,hard,0.2923076923076923,0.3846153846153846,0.4110888989503811
aider-polyglot,aider-polyglot/polyglot_javascript_bowling,polyglot_javascript_bowling,0.9674244722361482,0.03257552776385175,26,easy,0.8692307692307693,0.8692307692307693,0.2770298939287555
mmau,mmau/mmau-421fcbf8-7f60-4770-8923-512323e5efba,mmau-421fcbf8-7f60-4770-8923-512323e5efba,0.9675104964658601,0.03248950353413993,20,easy,0.9307692307692308,0.91,0.2487971060924945
mmau,mmau/mmau-06f95aee-528e-4665-b718-ae876cc11b7c,mmau-06f95aee-528e-4665-b718-ae876cc11b7c,0.9675104964658601,0.03248950353413993,20,easy,0.9153846153846156,0.89,0.299833287011299
kumo,kumo/kumo-networkenv-t4-a6-v1-s1,kumo-networkenv-t4-a6-v1-s1,0.9677482543656066,0.03225174563439337,19,easy,0.8910256538461538,0.8508772105263158,0.3194235241988916
medagentbench,medagentbench/medagentbench-task5_23,medagentbench-task5_23,0.967773406254614,0.032226593745385945,20,easy,0.9230769230769232,0.9,0.1732050807568877
medagentbench,medagentbench/medagentbench-task5_12,medagentbench-task5_12,0.967773406254614,0.032226593745385945,20,easy,0.8769230769230768,0.8400000000000001,0.2870540018881465
livecodebench,livecodebench/livecodebench-abc310_f,livecodebench-abc310_f,0.9677734062546146,0.03222659374538539,17,saturated,0.9538461538461538,0.9294117647058824,0.1933138438253527
livecodebench,livecodebench/livecodebench-3455,livecodebench-3455,0.9677734062546146,0.03222659374538539,18,easy,0.9384615384615383,0.911111111111111,0.260104442460436
swebench-multilingual,swebench-multilingual/swebench-multilingual-caddyserver__caddy-5761,swebench-multilingual-caddyserver__caddy-5761,0.9677735213252168,0.03222647867478323,14,frontier,0.0205128076923076,0.0380952142857142,0.0966560374170613
lawbench,lawbench/lawbench-2-4-11-zero-shot,lawbench-2-4-11-zero-shot,0.9681048622240838,0.03189513777591624,14,hard,0.1303846153846153,0.1135714285714285,0.0612497396912419
featurebench-modal,featurebench-modal/featurebench-modal-pandas-dev__pandas.82fa2715.test_http_headers.aafb551e.lv1,featurebench-modal-pandas-dev__pandas.82fa2715.test_http_headers.aafb551e.lv1,0.9687696244383517,0.031230375561648316,26,hard,0.1717948846153846,0.1717948846153846,0.3395185701848028
featurebench-modal,featurebench-modal/featurebench-modal-mlflow__mlflow.93dab383.test_trace.17fde8b0.lv1,featurebench-modal-mlflow__mlflow.93dab383.test_trace.17fde8b0.lv1,0.9687696244383517,0.031230375561648316,25,hard,0.0743589615384615,0.07733332,0.1626775742791169
arc-agi-2,arc-agi-2/arc-agi-2-7b0280bc_0,arc-agi-2-7b0280bc_0,0.9694382480560695,0.030561751943930515,20,hard,0.0615384615384615,0.08,0.1833030277982336
reasoning-gym,reasoning-gym/reasoning-gym-algorithmic-ransom-note-easy00cea0a5-seed45-2,reasoning-gym-algorithmic-ransom-note-easy00cea0a5-seed45-2,0.9696101716112963,0.030389828388703743,20,saturated,0.9615384615384616,0.95,0.1774823934929885
simpleqa,simpleqa/simpleqa-193,simpleqa-193,0.9696101716112963,0.030389828388703743,20,saturated,0.9615384615384616,0.95,0.1774823934929885
bfcl,bfcl/bfcl-live-irrelevance-485-139-0,bfcl-live-irrelevance-485-139-0,0.9696101716112963,0.030389828388703743,26,saturated,0.9846153846153848,0.9846153846153848,0.0769230769230769
bfcl,bfcl/bfcl-live-multiple-751-169-6,bfcl-live-multiple-751-169-6,0.9696101716112963,0.030389828388703743,26,saturated,0.9615384615384616,0.9615384615384616,0.1570813681281702
simpleqa,simpleqa/simpleqa-2911,simpleqa-2911,0.9696101716112963,0.030389828388703743,20,saturated,0.9846153846153848,0.98,0.0871779788708134
gpqa-diamond,gpqa-diamond/gpqa-diamond-16,gpqa-diamond-16,0.9696101716112963,0.030389828388703743,19,saturated,0.9615384615384616,0.9473684210526316,0.1817123842277059
ineqmath,ineqmath/ineqmath-0,ineqmath-0,0.9696780687028215,0.030321931297178528,17,easy,0.8653846153846154,0.7941176470588235,0.3403641445056337
ineqmath,ineqmath/ineqmath-24,ineqmath-24,0.9696780687028215,0.030321931297178528,20,easy,0.8807692307692307,0.845,0.267348087705897
simpleqa,simpleqa/simpleqa-4011,simpleqa-4011,0.9697095688064088,0.030290431193591205,20,easy,0.8692307692307693,0.8300000000000001,0.3303028912982749
simpleqa,simpleqa/simpleqa-2262,simpleqa-2262,0.9697095688064093,0.03029043119359065,20,easy,0.8692307692307693,0.8300000000000001,0.3536947836765479
labbench,labbench/labbench-figqa-0069,labbench-figqa-0069,0.9698520400993643,0.03014795990063568,13,medium,0.3076923076923077,0.4153846153846153,0.4185067848841675
mmau,mmau/mmau-a21ff25d-39ee-4d64-a254-ca19a3707b39,mmau-a21ff25d-39ee-4d64-a254-ca19a3707b39,0.9700875866415305,0.029912413358469503,20,easy,0.9307692307692308,0.91,0.2406241883103193
featurebench-modal,featurebench-modal/featurebench-modal-lightning-ai__pytorch-lightning.126fa6f1.test_hooks.34620588.lv1,featurebench-modal-lightning-ai__pytorch-lightning.126fa6f1.test_hooks.34620588.lv1,0.9701748538937599,0.029825146106240097,26,hard,0.1083333461538461,0.1083333461538461,0.2489830028009237
featurebench-modal,featurebench-modal/featurebench-modal-mlflow__mlflow.93dab383.test_tracing.0dc1e3a3.lv2,featurebench-modal-mlflow__mlflow.93dab383.test_tracing.0dc1e3a3.lv2,0.9701748538937599,0.029825146106240097,25,hard,0.0910256538461538,0.09466668,0.2457966949601593
labbench,labbench/labbench-figqa-0162,labbench-figqa-0162,0.9702910102878233,0.029708989712176725,13,hard,0.1384615384615384,0.2769230769230769,0.4041207857404215
labbench,labbench/labbench-figqa-0034,labbench-figqa-0034,0.9702910102878233,0.029708989712176725,13,hard,0.123076923076923,0.2461538461538461,0.3934372877705976
swebench-multilingual,swebench-multilingual/swebench-multilingual-jqlang__jq-2681,swebench-multilingual-jqlang__jq-2681,0.9704311900788594,0.029568809921140637,15,easy,0.7884615384615384,0.6333333333333333,0.4642796092394707
swebench-multilingual,swebench-multilingual/swebench-multilingual-micropython__micropython-10095,swebench-multilingual-micropython__micropython-10095,0.9704311900788594,0.029568809921140637,15,easy,0.7884615384615384,0.6333333333333333,0.4642796092394707
lawbench,lawbench/lawbench-2-7-15-one-shot,lawbench-2-7-15-one-shot,0.970444702935585,0.029555297064414954,15,hard,0.2713462307692307,0.2498348,0.1616878711861014
swebench-multilingual,swebench-multilingual/swebench-multilingual-google__gson-2158,swebench-multilingual-google__gson-2158,0.9704480283369344,0.029551971663065557,15,hard,0.0961538461538461,0.1666666666666666,0.3496029493900505
swebench-multilingual,swebench-multilingual/swebench-multilingual-tokio-rs__axum-734,swebench-multilingual-tokio-rs__axum-734,0.9704480283369344,0.029551971663065557,14,hard,0.1153846153846153,0.2142857142857142,0.3696232285257185
lawbench,lawbench/lawbench-2-2-23-zero-shot,lawbench-2-2-23-zero-shot,0.9705538355634934,0.029446164436506606,14,medium,0.3692948846153845,0.3301190714285714,0.2219077463395428
swebench-multilingual,swebench-multilingual/swebench-multilingual-redis__redis-13115,swebench-multilingual-redis__redis-13115,0.9705897452486082,0.029410254751391807,15,easy,0.814102576923077,0.6777778,0.4323350318365298
arc-agi-2,arc-agi-2/arc-agi-2-64efde09_0,arc-agi-2-64efde09_0,0.970713742330472,0.02928625766952797,20,hard,0.0846153846153846,0.11,0.2791057147390572
arc-agi-2,arc-agi-2/arc-agi-2-58490d8a_0,arc-agi-2-58490d8a_0,0.97075115808887,0.029248841911129975,20,hard,0.223076923076923,0.29,0.4023679907746142
swebench-multilingual,swebench-multilingual/swebench-multilingual-tokio-rs__tokio-6752,swebench-multilingual-tokio-rs__tokio-6752,0.9707637567751202,0.029236243224879832,14,easy,0.8269230769230769,0.6785714285714286,0.4474987173622024
simpleqa,simpleqa/simpleqa-1998,simpleqa-1998,0.9708037746470484,0.029196225352951632,20,easy,0.8692307692307693,0.8300000000000001,0.3303028912982749
simpleqa,simpleqa/simpleqa-476,simpleqa-476,0.9708037746470484,0.029196225352951632,20,easy,0.8384615384615385,0.79,0.3254228019054596
lawbench,lawbench/lawbench-3-6-21-zero-shot,lawbench-3-6-21-zero-shot,0.9710740817585237,0.02892591824147628,16,medium,0.457243576923077,0.4273958124999999,0.3144388056729438
lawbench,lawbench/lawbench-2-1-14-zero-shot,lawbench-2-1-14-zero-shot,0.9710793454680297,0.028920654531970347,14,medium,0.5724174230769231,0.5142237857142857,0.3588077195347667
simpleqa,simpleqa/simpleqa-3873,simpleqa-3873,0.9711297276325579,0.028870272367442107,20,easy,0.8384615384615386,0.79,0.3374907406137241
simpleqa,simpleqa/simpleqa-3540,simpleqa-3540,0.9711297276325579,0.028870272367442107,20,easy,0.8153846153846155,0.76,0.3720215047547654
humanevalfix,humanevalfix/humanevalfix-python-118,humanevalfix-python-118,0.9712320462737273,0.02876795372627272,20,easy,0.9153846153846156,0.89,0.2567099530598687
arc-agi-2,arc-agi-2/arc-agi-2-b6f77b65_1,arc-agi-2-b6f77b65_1,0.9713165045829407,0.02868349541705928,20,hard,0.0692307692307692,0.09,0.2046948949045872
simpleqa,simpleqa/simpleqa-3004,simpleqa-3004,0.971370260393911,0.028629739606089055,20,easy,0.8692307692307693,0.8300000000000001,0.3116087290176576
simpleqa,simpleqa/simpleqa-20,simpleqa-20,0.971370260393911,0.028629739606089055,20,easy,0.8615384615384616,0.82,0.3091924966748061
swebench-multilingual,swebench-multilingual/swebench-multilingual-laravel__framework-46234,swebench-multilingual-laravel__framework-46234,0.9713932734798598,0.02860672652014018,15,hard,0.0673076923076923,0.1166666666666666,0.2718251071716681
swebench-multilingual,swebench-multilingual/swebench-multilingual-tokio-rs__tokio-4384,swebench-multilingual-tokio-rs__tokio-4384,0.9713932734798598,0.02860672652014018,14,hard,0.0538461538461538,0.0999999999999999,0.2699206232527312
replicationbench,replicationbench/replicationbench-galaxy_manifold__data_preparation,replicationbench-galaxy_manifold__data_preparation,0.9714056409339373,0.02859435906606267,20,hard,0.1076923076923076,0.1399999999999999,0.2973213749463701
simpleqa,simpleqa/simpleqa-4070,simpleqa-4070,0.971626009695665,0.02837399030433496,20,easy,0.8384615384615385,0.7899999999999999,0.3192177939902473
simpleqa,simpleqa/simpleqa-294,simpleqa-294,0.971626009695665,0.02837399030433496,20,easy,0.8692307692307693,0.8299999999999998,0.2917190429162964
crustbench,crustbench/crustbench-simple-lang,crustbench-simple-lang,0.9717450231292077,0.02825497687079226,22,easy,0.8384615384615385,0.809090909090909,0.3436556031170145
kumo,kumo/kumo-celestialenv-t4-a6-v1-s0,kumo-celestialenv-t4-a6-v1-s0,0.971780113818328,0.028219886181672038,20,easy,0.939102576923077,0.92083335,0.2289392626270721
labbench,labbench/labbench-figqa-0101,labbench-figqa-0101,0.9721291073187481,0.02787089268125187,13,medium,0.3,0.4,0.4296689244236598
simpleqa,simpleqa/simpleqa-987,simpleqa-987,0.9722006026641135,0.027799397335886544,20,easy,0.8769230769230769,0.8400000000000001,0.3136877428271624
usaco,usaco/usaco-1060,usaco-1060,0.9722006026641139,0.0277993973358861,19,easy,0.8769230769230768,0.8315789473684211,0.3196258200145048
usaco,usaco/usaco-359,usaco-359,0.9722006026641139,0.0277993973358861,20,easy,0.8692307692307693,0.8300000000000001,0.3179622619116929
lawbench,lawbench/lawbench-2-3-3-zero-shot,lawbench-2-3-3-zero-shot,0.9722430374125645,0.02775696258743554,13,medium,0.5693825769230769,0.4994321538461539,0.2796006324640272
simpleqa,simpleqa/simpleqa-560,simpleqa-560,0.9723055853282466,0.027694414671753376,20,easy,0.8769230769230769,0.8400000000000001,0.3199999999999999
simpleqa,simpleqa/simpleqa-2432,simpleqa-2432,0.9723055853282466,0.027694414671753376,20,easy,0.8846153846153846,0.85,0.3090307428072488
lawbench,lawbench/lawbench-2-1-22-zero-shot,lawbench-2-1-22-zero-shot,0.9723341121497382,0.027665887850261806,16,medium,0.4508716538461538,0.4170664375,0.3117313746206356
crustbench,crustbench/crustbench-matrix-multiplication,crustbench-matrix-multiplication,0.9723558940278559,0.027644105972144062,22,easy,0.8326923076923076,0.8022727272727274,0.3206801269203518
labbench,labbench/labbench-figqa-0126,labbench-figqa-0126,0.9723884670651199,0.027611532934880056,13,medium,0.4230769230769231,0.4461538461538461,0.3855373564966667
labbench,labbench/labbench-figqa-0018,labbench-figqa-0018,0.9723884670651199,0.027611532934880056,13,medium,0.4384615384615384,0.4769230769230769,0.4335077785724729
arc-agi-2,arc-agi-2/arc-agi-2-28a6681f_0,arc-agi-2-28a6681f_0,0.9725625218976005,0.027437478102399493,20,hard,0.0846153846153846,0.11,0.232163735324878
lawbench,lawbench/lawbench-2-1-3-zero-shot,lawbench-2-1-3-zero-shot,0.972891739268021,0.027108260731979028,15,medium,0.5973143846153846,0.5377049333333334,0.3615160409362157
lawbench,lawbench/lawbench-2-1-12-zero-shot,lawbench-2-1-12-zero-shot,0.9729636292991157,0.02703637070088427,14,medium,0.5137409615384616,0.4765332142857142,0.3262652081162935
lawbench,lawbench/lawbench-2-4-8-zero-shot,lawbench-2-4-8-zero-shot,0.9729746968324844,0.027025303167515613,16,hard,0.1777563846153846,0.156041625,0.1091791698470197
arc-agi-2,arc-agi-2/arc-agi-2-e376de54_0,arc-agi-2-e376de54_0,0.9730017759474129,0.026998224052587116,20,hard,0.1557692307692307,0.2024999999999999,0.3288141572377929
crustbench,crustbench/crustbench-mdb,crustbench-mdb,0.9731382141220002,0.02686178587799981,22,easy,0.8076923076923077,0.7727272727272729,0.3531440836282732
replicationbench,replicationbench/replicationbench-galaxy_manifold__manifold_plane,replicationbench-galaxy_manifold__manifold_plane,0.9733289586403377,0.02667104135966225,20,hard,0.123076923076923,0.16,0.3261901286060018
replicationbench,replicationbench/replicationbench-trgb_std_candle__fit_aseq_bseq,replicationbench-trgb_std_candle__fit_aseq_bseq,0.9733289586403377,0.02667104135966225,17,hard,0.1282051153846153,0.1960784117647059,0.3802101778170252
swebench-multilingual,swebench-multilingual/swebench-multilingual-facebook__docusaurus-9897,swebench-multilingual-facebook__docusaurus-9897,0.9733393677272246,0.026660632272775375,14,medium,0.6987180384615382,0.5833333571428572,0.4575209293504048
usaco,usaco/usaco-398,usaco-398,0.9733505595494252,0.026649440450574824,20,easy,0.8134615384615385,0.7575,0.3554134915840984
labbench,labbench/labbench-figqa-0134,labbench-figqa-0134,0.9734626282070966,0.026537371792903386,20,hard,0.1769230769230769,0.2299999999999999,0.3702701716314724
usaco,usaco/usaco-788,usaco-788,0.9736868375304323,0.02631316246956772,19,easy,0.8589743461538462,0.8070175263157895,0.3058071649923696
replicationbench,replicationbench/replicationbench-galaxy_soptics__clustering_hyperparameter_optimization,replicationbench-galaxy_soptics__clustering_hyperparameter_optimization,0.9736963053011239,0.026303694698876057,17,hard,0.1019230769230769,0.1558823529411764,0.3262452852673422
replicationbench,replicationbench/replicationbench-gw_nsbh__load_data,replicationbench-gw_nsbh__load_data,0.9736963053011239,0.026303694698876057,17,hard,0.0999999999999999,0.1529411764705882,0.3256082941905422
gaia,gaia/gaia-7cc4acfa-63fd-4acc-a1a1-e8e529e0a97f,gaia-7cc4acfa-63fd-4acc-a1a1-e8e529e0a97f,0.9737903225806457,0.026209677419354316,20,easy,0.9230769230769232,0.9,0.2720294101747089
gaia,gaia/gaia-edd4d4f2-1a58-45c4-b038-67337af4e029,gaia-edd4d4f2-1a58-45c4-b038-67337af4e029,0.9737903225806457,0.026209677419354316,20,easy,0.9230769230769232,0.9,0.2720294101747089
lawbench,lawbench/lawbench-2-1-6-zero-shot,lawbench-2-1-6-zero-shot,0.9738931894846737,0.026106810515326262,15,medium,0.4824395,0.4517857999999999,0.3534903073885148
mmau,mmau/mmau-98f8b556-97cf-4619-9cd7-27d31ae71f4f,mmau-98f8b556-97cf-4619-9cd7-27d31ae71f4f,0.9738959797177247,0.02610402028227532,20,easy,0.9307692307692308,0.91,0.232163735324878
aider-polyglot,aider-polyglot/polyglot_java_zebra-puzzle,polyglot_java_zebra-puzzle,0.9739102491002041,0.026089750899795927,26,medium,0.5038461538461539,0.5038461538461539,0.4724980823980373
simpleqa,simpleqa/simpleqa-3914,simpleqa-3914,0.9739832571642572,0.026016742835742845,20,easy,0.9000000000000001,0.8699999999999999,0.2776688675382964
swebench-multilingual,swebench-multilingual/swebench-multilingual-preactjs__preact-2896,swebench-multilingual-preactjs__preact-2896,0.973985959164016,0.02601404083598402,15,easy,0.75,0.5666666666666667,0.4784233364802441
swebench-multilingual,swebench-multilingual/swebench-multilingual-preactjs__preact-3062,swebench-multilingual-preactjs__preact-3062,0.973985959164016,0.02601404083598402,15,easy,0.7692307692307693,0.6,0.4898979485566356
algotune,algotune/algotune-aes-gcm-encryption,algotune-aes-gcm-encryption,0.9741174929784796,0.025882507021520396,25,frontier,0.0199182471086466,0.0207149769929924,0.070614198889653
algotune,algotune/algotune-lqr,algotune-lqr,0.9741174929784796,0.025882507021520396,24,hard,0.0542282365549368,0.0587472562678482,0.1812045323901288
swebench-multilingual,swebench-multilingual/swebench-multilingual-briannesbitt__carbon-3073,swebench-multilingual-briannesbitt__carbon-3073,0.9741763740941051,0.02582362590589493,14,easy,0.7884615384615384,0.6071428571428571,0.4697480870702109
swebench-multilingual,swebench-multilingual/swebench-multilingual-rubocop__rubocop-13653,swebench-multilingual-rubocop__rubocop-13653,0.9742535547558903,0.02574644524410974,15,easy,0.7820513076923077,0.6222222666666667,0.4532461833441757
medagentbench,medagentbench/medagentbench-task4_8,medagentbench-task4_8,0.9744009594106479,0.02559904058935214,20,easy,0.8999999999999999,0.8699999999999999,0.212367605815953
medagentbench,medagentbench/medagentbench-task4_30,medagentbench-task4_30,0.9744009594106479,0.02559904058935214,20,easy,0.8769230769230769,0.8400000000000001,0.2576819745345025
simpleqa,simpleqa/simpleqa-2517,simpleqa-2517,0.9744086722757745,0.025591327724225454,20,easy,0.8692307692307693,0.8300000000000001,0.3303028912982749
simpleqa,simpleqa/simpleqa-2072,simpleqa-2072,0.9744086722757745,0.025591327724225454,20,easy,0.8769230769230768,0.8400000000000001,0.3136877428271624
arc-agi-2,arc-agi-2/arc-agi-2-4c3d4a41_1,arc-agi-2-4c3d4a41_1,0.9744857476366933,0.025514252363306733,20,hard,0.123076923076923,0.16,0.3199999999999999
arc-agi-2,arc-agi-2/arc-agi-2-3dc255db_0,arc-agi-2-3dc255db_0,0.9744857476366933,0.025514252363306733,20,hard,0.0923076923076923,0.12,0.2785677655436824
bixbench,bixbench/bix-28-q3,bix-28-q3,0.974547653371822,0.02545234662817797,20,hard,0.0942307692307692,0.1225,0.3001978514246896
bixbench,bixbench/bix-28-q2,bix-28-q2,0.974547653371822,0.02545234662817797,20,hard,0.0769230769230769,0.1,0.3
aider-polyglot,aider-polyglot/polyglot_javascript_zipper,polyglot_javascript_zipper,0.9745803967897925,0.02541960321020753,26,easy,0.8846153846153846,0.8846153846153846,0.2996052629869299
kumo,kumo/kumo-fantasyenv-t4-a6-v1-s1,kumo-fantasyenv-t4-a6-v1-s1,0.97460137872623,0.025398621273770017,17,easy,0.9423076923076924,0.9117647058823528,0.2564058202082749
kumo,kumo/kumo-botanicalenv-t4-a6-v1-s1,kumo-botanicalenv-t4-a6-v1-s1,0.97460137872623,0.025398621273770017,20,easy,0.9326923076923076,0.9125,0.2407670035532277
kumo,kumo/kumo-storageenv-t4-a6-v1-s1,kumo-storageenv-t4-a6-v1-s1,0.9746013787262304,0.025398621273769573,19,easy,0.9326923076923076,0.9078947368421052,0.2461616701824961
kumo,kumo/kumo-mathematicalenv-t4-a6-v1-s1,kumo-mathematicalenv-t4-a6-v1-s1,0.9746013813547267,0.025398618645273263,19,easy,0.9326923076923076,0.9078947368421052,0.2461616701824961
usaco,usaco/usaco-193,usaco-193,0.9746549256438839,0.025345074356116104,18,easy,0.8057692307692309,0.7194444444444444,0.4113456538163254
simpleqa,simpleqa/simpleqa-2943,simpleqa-2943,0.9747777033155955,0.025222296684404455,20,easy,0.8769230769230769,0.8400000000000001,0.2727636339397171
simpleqa,simpleqa/simpleqa-1335,simpleqa-1335,0.9747777033155955,0.025222296684404455,20,easy,0.8769230769230769,0.8400000000000001,0.265329983228432
simpleqa,simpleqa/simpleqa-1031,simpleqa-1031,0.9750003566559093,0.02499964334409066,20,easy,0.8615384615384615,0.82,0.2891366458960192
labbench,labbench/labbench-figqa-0064,labbench-figqa-0064,0.9750230173337103,0.02497698266628967,13,hard,0.1538461538461538,0.3076923076923077,0.3730570970148351
labbench,labbench/labbench-figqa-0013,labbench-figqa-0013,0.9750262454959817,0.024973754504018286,13,hard,0.1769230769230769,0.3538461538461538,0.4235661507057293
labbench,labbench/labbench-figqa-0170,labbench-figqa-0170,0.9750804872171686,0.024919512782831443,13,hard,0.1461538461538461,0.2923076923076923,0.373057097014835
labbench,labbench/labbench-figqa-0030,labbench-figqa-0030,0.9750804872171686,0.024919512782831443,20,hard,0.1153846153846153,0.15,0.2958039891549808
aider-polyglot,aider-polyglot/polyglot_javascript_simple-linked-list,polyglot_javascript_simple-linked-list,0.975233008910002,0.024766991089998025,26,easy,0.8846153846153846,0.8846153846153846,0.2783085002327007
aider-polyglot,aider-polyglot/polyglot_javascript_wordy,polyglot_javascript_wordy,0.975233008910002,0.024766991089998025,26,easy,0.8769230769230769,0.8769230769230769,0.2991111091572858
labbench,labbench/labbench-figqa-0071,labbench-figqa-0071,0.9752354852488643,0.024764514751135724,13,medium,0.3,0.4,0.4506405697192865
lawbench,lawbench/lawbench-3-5-3-zero-shot,lawbench-3-5-3-zero-shot,0.9753057218598796,0.024694278140120374,16,medium,0.695625153846154,0.576829625,0.4256024736226687
simpleqa,simpleqa/simpleqa-2941,simpleqa-2941,0.975440225815442,0.024559774184558014,20,easy,0.8692307692307691,0.8300000000000001,0.3179622619116928
simpleqa,simpleqa/simpleqa-591,simpleqa-591,0.975440225815442,0.024559774184558014,20,easy,0.8923076923076922,0.86,0.3039736830714132
aider-polyglot,aider-polyglot/polyglot_javascript_word-search,polyglot_javascript_word-search,0.9754893342215071,0.024510665778492924,26,easy,0.8769230769230769,0.8769230769230769,0.2777764628502737
swebench-multilingual,swebench-multilingual/swebench-multilingual-tokio-rs__tokio-4867,swebench-multilingual-tokio-rs__tokio-4867,0.9755956475528659,0.024404352447134126,14,easy,0.8076923076923077,0.6428571428571429,0.4447986295636418
labbench,labbench/labbench-figqa-0106,labbench-figqa-0106,0.9757314399623459,0.024268560037654097,20,hard,0.1923076923076923,0.25,0.3734969879396619
arc-agi-2,arc-agi-2/arc-agi-2-16de56c4_0,arc-agi-2-16de56c4_0,0.9761020356046034,0.023897964395396598,20,hard,0.1538461538461538,0.2,0.3794733192202055
arc-agi-2,arc-agi-2/arc-agi-2-cbebaa4b_1,arc-agi-2-cbebaa4b_1,0.9761557132482038,0.023844286751796173,20,hard,0.0692307692307692,0.09,0.2718455443813637
aider-polyglot,aider-polyglot/polyglot_java_two-bucket,polyglot_java_two-bucket,0.9762174589265781,0.023782541073421926,26,medium,0.5057692307692307,0.5057692307692307,0.4768338936466004
aider-polyglot,aider-polyglot/polyglot_java_react,polyglot_java_react,0.9762174589265781,0.023782541073421926,26,medium,0.498076923076923,0.498076923076923,0.4703682618705772
usaco,usaco/usaco-358,usaco-358,0.9763271208664155,0.023672879133584512,19,easy,0.8500000000000001,0.7947368421052632,0.3471291041650768
crustbench,crustbench/crustbench-rubiksolver,crustbench-rubiksolver,0.9764115578961277,0.023588442103872342,22,easy,0.8442307692307693,0.8159090909090909,0.3348630532961346
lawbench,lawbench/lawbench-2-8-3-zero-shot,lawbench-2-8-3-zero-shot,0.9765620155535318,0.023437984446468163,14,medium,0.4499038461538461,0.3983928571428571,0.2634144058981852
swebench-multilingual,swebench-multilingual/swebench-multilingual-jqlang__jq-2839,swebench-multilingual-jqlang__jq-2839,0.9765927825037942,0.02340721749620578,14,easy,0.814102576923077,0.6547619285714286,0.4385414400842972
simpleqa,simpleqa/simpleqa-422,simpleqa-422,0.9765989281054914,0.023401071894508574,20,easy,0.823076923076923,0.77,0.3479942528261063
simpleqa,simpleqa/simpleqa-2989,simpleqa-2989,0.9765989281054914,0.023401071894508574,20,easy,0.8538461538461539,0.8100000000000002,0.3192177939902473
usaco,usaco/usaco-855,usaco-855,0.9766758727905049,0.02332412720949506,20,easy,0.8461538461538461,0.8,0.3577708763999664
usaco,usaco/usaco-246,usaco-246,0.9766758727905049,0.02332412720949506,20,easy,0.8346153846153845,0.7849999999999999,0.3468068626771968
crustbench,crustbench/crustbench-fasthamming,crustbench-fasthamming,0.9767787493916427,0.023221250608357336,23,easy,0.8519230769230769,0.8326086956521739,0.3373840205399331
lawbench,lawbench/lawbench-3-2-2-zero-shot,lawbench-3-2-2-zero-shot,0.9767864124363766,0.02321358756362335,14,medium,0.3483091923076922,0.3054016428571429,0.2116207589059822
gpqa-diamond,gpqa-diamond/gpqa-diamond-37,gpqa-diamond-37,0.9768274038813137,0.023172596118686273,18,saturated,0.9589743846153846,0.940740777777778,0.1152321281026334
gpqa-diamond,gpqa-diamond/gpqa-diamond-6,gpqa-diamond-6,0.9768274038813137,0.023172596118686273,20,saturated,0.9525641153846152,0.93833335,0.1351028079731413
lawbench,lawbench/lawbench-3-7-9-zero-shot,lawbench-3-7-9-zero-shot,0.9770271368173175,0.022972863182682546,14,easy,0.8369230769230769,0.7399999999999999,0.3869846803907654
lawbench,lawbench/lawbench-3-8-10-one-shot,lawbench-3-8-10-one-shot,0.9770271368173175,0.022972863182682546,14,hard,0.1878423076923077,0.1704867142857143,0.0914037980591214
aider-polyglot,aider-polyglot/polyglot_rust_wordy,polyglot_rust_wordy,0.9774690036504556,0.022530996349544363,26,easy,0.8692307692307693,0.8692307692307693,0.3183723397934596
aider-polyglot,aider-polyglot/polyglot_python_affine-cipher,polyglot_python_affine-cipher,0.9774690036504556,0.022530996349544363,26,easy,0.8615384615384616,0.8615384615384616,0.3175348837007737
usaco,usaco/usaco-395,usaco-395,0.9780687573469575,0.02193124265304247,19,easy,0.8211538461538462,0.7552631578947369,0.3645093085383147
lawbench,lawbench/lawbench-3-7-10-one-shot,lawbench-3-7-10-one-shot,0.9781040029699385,0.02189599703006151,16,medium,0.6312499999999999,0.55546875,0.3927151269029976
lawbench,lawbench/lawbench-2-8-13-zero-shot,lawbench-2-8-13-zero-shot,0.9783257885534847,0.021674211446515268,15,medium,0.5191346153846154,0.4598333333333333,0.2985694596274412
arc-agi-2,arc-agi-2/arc-agi-2-2b83f449_0,arc-agi-2-2b83f449_0,0.9783328620767302,0.021667137923269797,20,frontier,0.023076923076923,0.03,0.0714142842854285
crustbench,crustbench/crustbench-file2str,crustbench-file2str,0.9785203114752067,0.021479688524793317,23,easy,0.8769230769230768,0.8608695652173913,0.3199716433560712
arc-agi-2,arc-agi-2/arc-agi-2-7c66cb00_0,arc-agi-2-7c66cb00_0,0.9785417395313426,0.021458260468657397,20,hard,0.1461538461538461,0.19,0.3491418050019217
lawbench,lawbench/lawbench-3-4-8-zero-shot,lawbench-3-4-8-zero-shot,0.9789259086594077,0.02107409134059235,15,medium,0.6596950384615384,0.5388776666666666,0.4132092251333323
lawbench,lawbench/lawbench-3-4-13-zero-shot,lawbench-3-4-13-zero-shot,0.9789259086594077,0.02107409134059235,15,medium,0.5865341538461538,0.5102250666666667,0.3838299248131419
crustbench,crustbench/crustbench-csyncmers,crustbench-csyncmers,0.978986970287447,0.021013029712553033,23,easy,0.8673076923076923,0.85,0.3138124613038258
reasoning-gym,reasoning-gym/reasoning-gym-arithmetic-number-format-hard0292e21f-seed45-0,reasoning-gym-arithmetic-number-format-hard0292e21f-seed45-0,0.979013048541479,0.02098695145852103,13,easy,0.9230769230769232,0.8461538461538461,0.36080121229411
humanevalfix,humanevalfix/humanevalfix-python-124,humanevalfix-python-124,0.979149077313263,0.02085092268673705,20,easy,0.9153846153846156,0.89,0.2487971060924945
replicationbench,replicationbench/replicationbench-galaxy_manifold__gas_mass_estimation,replicationbench-galaxy_manifold__gas_mass_estimation,0.9792781205451367,0.020721879454863257,17,hard,0.0846153846153846,0.1294117647058823,0.2985547656576358
lawbench,lawbench/lawbench-2-2-10-one-shot,lawbench-2-2-10-one-shot,0.9793427814924397,0.020657218507560304,14,hard,0.2882692307692308,0.2589285714285714,0.1727940410206466
lawbench,lawbench/lawbench-3-5-11-zero-shot,lawbench-3-5-11-zero-shot,0.9793427814924397,0.020657218507560304,14,medium,0.639722576923077,0.5676146428571428,0.382377499669522
lawbench,lawbench/lawbench-2-2-18-zero-shot,lawbench-2-2-18-zero-shot,0.9794802970955808,0.02051970290441918,15,hard,0.2997115384615384,0.2628333333333333,0.1982146703842971
lawbench,lawbench/lawbench-2-1-4-zero-shot,lawbench-2-1-4-zero-shot,0.9794802970955808,0.02051970290441918,15,medium,0.4502161538461538,0.4028546666666667,0.3129884447252894
lawbench,lawbench/lawbench-3-2-10-zero-shot,lawbench-3-2-10-zero-shot,0.9796384487772929,0.02036155122270711,14,hard,0.2496630384615384,0.2220926428571428,0.1455916694077785
lawbench,lawbench/lawbench-3-4-10-zero-shot,lawbench-3-4-10-zero-shot,0.9796627841667649,0.02033721583323511,14,easy,0.7321042692307693,0.6093097857142858,0.3957643615067969
humanevalfix,humanevalfix/humanevalfix-python-53,humanevalfix-python-53,0.979750350372682,0.02024964962731801,20,easy,0.9307692307692308,0.91,0.2142428528562855
lawbench,lawbench/lawbench-2-3-1-zero-shot,lawbench-2-3-1-zero-shot,0.9799039762117796,0.020096023788220396,14,medium,0.5479226538461538,0.4902610714285714,0.3196972722539837
simpleqa,simpleqa/simpleqa-1271,simpleqa-1271,0.9800206326605788,0.019979367339421183,20,easy,0.8692307692307693,0.8300000000000001,0.298496231131986
simpleqa,simpleqa/simpleqa-3698,simpleqa-3698,0.9800206326605788,0.019979367339421183,20,easy,0.8384615384615384,0.79,0.3433656942677878
labbench,labbench/labbench-figqa-0077,labbench-figqa-0077,0.980152087197194,0.019847912802805956,20,hard,0.2,0.26,0.3954743986657038
kumo,kumo/kumo-algorithmenv-t4-a6-v1-s0,kumo-algorithmenv-t4-a6-v1-s0,0.9802705106502709,0.019729489349729068,20,saturated,0.9551282307692308,0.9416667,0.1421559530938117
kumo,kumo/kumo-soilenv-t4-a6-v1-s0,kumo-soilenv-t4-a6-v1-s0,0.9802705106502709,0.019729489349729068,18,easy,0.9487179615384616,0.9259259444444444,0.1687117044897308
arc-agi-2,arc-agi-2/arc-agi-2-d35bdbdc_0,arc-agi-2-d35bdbdc_0,0.9803060746521968,0.01969392534780323,20,hard,0.0769230769230769,0.1,0.2049390153191919
arc-agi-2,arc-agi-2/arc-agi-2-c7f57c3e_0,arc-agi-2-c7f57c3e_0,0.9803060746521968,0.01969392534780323,20,hard,0.1076923076923077,0.1399999999999999,0.2690724809414742
medagentbench,medagentbench/medagentbench-task5_22,medagentbench-task5_22,0.9803060746521977,0.019693925347802343,20,easy,0.9076923076923078,0.8800000000000001,0.2712931993250107
gpqa-diamond,gpqa-diamond/gpqa-diamond-151,gpqa-diamond-151,0.9803060746521977,0.019693925347802343,19,saturated,0.953846153846154,0.936842105263158,0.2252729953582389
gpqa-diamond,gpqa-diamond/gpqa-diamond-96,gpqa-diamond-96,0.9803060746521977,0.019693925347802343,20,saturated,0.9871795,0.98333335,0.0726482430773621
gpqa-diamond,gpqa-diamond/gpqa-diamond-60,gpqa-diamond-60,0.9803060746521977,0.019693925347802343,19,saturated,0.9807692307692308,0.9736842105263158,0.111648439134718
medagentbench,medagentbench/medagentbench-task5_2,medagentbench-task5_2,0.9803060746521977,0.019693925347802343,20,easy,0.9230769230769232,0.9,0.2408318915758459
livecodebench,livecodebench/livecodebench-abc325_c,livecodebench-abc325_c,0.9803060746521978,0.019693925347802232,18,saturated,0.953846153846154,0.9333333333333332,0.2309401076758503
livecodebench,livecodebench/livecodebench-abc351_f,livecodebench-abc351_f,0.9803060746521979,0.01969392534780212,20,saturated,0.953846153846154,0.94,0.22
mmau,mmau/mmau-24d64f05-1113-4081-847f-60023addbae7,mmau-24d64f05-1113-4081-847f-60023addbae7,0.980306074652198,0.01969392534780201,20,saturated,0.953846153846154,0.94,0.22
reasoning-gym,reasoning-gym/reasoning-gym-algebra-simple-equations-easy00cea0a5-seed45-1,reasoning-gym-algebra-simple-equations-easy00cea0a5-seed45-1,0.9803060746521983,0.019693925347801677,12,saturated,0.9794871923076924,0.9555555833333336,0.1474054541095513
reasoning-gym,reasoning-gym/reasoning-gym-cognition-needle-haystack-hard0292e21f-seed45-2,reasoning-gym-cognition-needle-haystack-hard0292e21f-seed45-2,0.9803060746521983,0.019693925347801677,12,saturated,0.953846153846154,0.9,0.2768874620972691
featurebench-modal,featurebench-modal/featurebench-modal-huggingface__transformers.e2e8dbed.test_modeling_prompt_depth_anything.2d54afdc.lv1,featurebench-modal-huggingface__transformers.e2e8dbed.test_modeling_prompt_depth_anything.2d54afdc.lv1,0.9803060746521983,0.019693925347801677,26,frontier,0.0461538461538461,0.0461538461538461,0.194601702164208
labbench,labbench/labbench-figqa-0099,labbench-figqa-0099,0.9803348105577077,0.01966518944229234,13,hard,0.1692307692307692,0.3384615384615385,0.4105127404346564
lawbench,lawbench/lawbench-2-7-22-one-shot,lawbench-2-7-22-one-shot,0.9804002894683688,0.01959971053163123,15,hard,0.2913963846153846,0.2539204,0.1914358366112259
crustbench,crustbench/crustbench-bigint,crustbench-bigint,0.9804511012792692,0.019548898720730845,24,easy,0.8307692307692308,0.8166666666666668,0.3507927529974864
lawbench,lawbench/lawbench-3-6-22-one-shot,lawbench-3-6-22-one-shot,0.9805189630845692,0.019481036915430794,16,medium,0.5364102692307693,0.4935416875,0.352545248167118
labbench,labbench/labbench-figqa-0127,labbench-figqa-0127,0.9806151900391458,0.019384809960854232,13,medium,0.3153846153846154,0.4307692307692308,0.4563814453597332
labbench,labbench/labbench-figqa-0083,labbench-figqa-0083,0.9806151900391458,0.019384809960854232,13,medium,0.3076923076923077,0.4153846153846154,0.440010758340772
gpqa-diamond,gpqa-diamond/gpqa-diamond-83,gpqa-diamond-83,0.980714689236647,0.019285310763353047,18,easy,0.9461538461538462,0.9222222222222224,0.2322727217818541
mmau,mmau/mmau-8b4c6295-9adb-4a8f-8ebb-437721114bd3,mmau-8b4c6295-9adb-4a8f-8ebb-437721114bd3,0.9807146892366471,0.019285310763352936,20,easy,0.9461538461538462,0.93,0.2215851980616034
mmau,mmau/mmau-7fa63d67-5d84-4f56-b5c4-9b26c4cf9d26,mmau-7fa63d67-5d84-4f56-b5c4-9b26c4cf9d26,0.9807146892366471,0.019285310763352936,20,saturated,0.953846153846154,0.94,0.22
lawbench,lawbench/lawbench-2-8-24-zero-shot,lawbench-2-8-24-zero-shot,0.9809162099177274,0.019083790082272567,14,medium,0.6430769230769232,0.5471428571428572,0.3618489931968182
lawbench,lawbench/lawbench-3-5-18-zero-shot,lawbench-3-5-18-zero-shot,0.9809162099177274,0.019083790082272567,15,easy,0.7145244230769231,0.5926293333333333,0.3938017058907806
swebench-multilingual,swebench-multilingual/swebench-multilingual-uutils__coreutils-6682,swebench-multilingual-uutils__coreutils-6682,0.9809523809523806,0.019047619047619424,14,easy,0.7923076923076924,0.6142857142857142,0.4688239737549126
featurebench-modal,featurebench-modal/featurebench-modal-scikit-learn__scikit-learn.5741bac9.test_arff_parser.ecde431a.lv1,featurebench-modal-scikit-learn__scikit-learn.5741bac9.test_arff_parser.ecde431a.lv1,0.9810419062879393,0.018958093712060697,26,hard,0.0557692307692307,0.0557692307692307,0.198226232000849
featurebench-modal,featurebench-modal/featurebench-modal-pandas-dev__pandas.82fa2715.test_formats.05080a4e.lv1,featurebench-modal-pandas-dev__pandas.82fa2715.test_formats.05080a4e.lv1,0.9810419062879393,0.018958093712060697,26,frontier,0.048076923076923,0.048076923076923,0.1963517101602128
mmau,mmau/mmau-a6f1c137-3ac4-41a3-8875-620d3dcba65c,mmau-a6f1c137-3ac4-41a3-8875-620d3dcba65c,0.9810516841917549,0.018948315808245075,20,easy,0.9384615384615386,0.9200000000000002,0.2227105745132008
mmau,mmau/mmau-0be58acd-2201-4d00-8357-0b0c1ab3b335,mmau-0be58acd-2201-4d00-8357-0b0c1ab3b335,0.9810516841917549,0.018948315808245075,20,easy,0.9461538461538462,0.93,0.2215851980616034
labbench,labbench/labbench-figqa-0128,labbench-figqa-0128,0.9813790427768523,0.018620957223147716,13,medium,0.323076923076923,0.4461538461538461,0.4651143525486454
labbench,labbench/labbench-figqa-0145,labbench-figqa-0145,0.9814769029759385,0.01852309702406152,13,medium,0.3076923076923077,0.4153846153846154,0.440010758340772
labbench,labbench/labbench-figqa-0147,labbench-figqa-0147,0.9814769029759385,0.01852309702406152,13,medium,0.3153846153846154,0.4307692307692307,0.4630743674859203
labbench,labbench/labbench-figqa-0038,labbench-figqa-0038,0.9817005781031047,0.018299421896895263,20,hard,0.1769230769230769,0.23,0.375632799419859
swebench-multilingual,swebench-multilingual/swebench-multilingual-caddyserver__caddy-5870,swebench-multilingual-caddyserver__caddy-5870,0.9818511965057292,0.018148803494270838,14,easy,0.8269230769230769,0.6785714285714286,0.4474987173622024
crustbench,crustbench/crustbench-math-library-in-c,crustbench-math-library-in-c,0.982245392401456,0.01775460759854397,22,easy,0.8730769230769231,0.85,0.3011342195463979
labbench,labbench/labbench-figqa-0084,labbench-figqa-0084,0.9822670932349765,0.01773290676502348,13,hard,0.123076923076923,0.2461538461538461,0.3521699428387568
labbench,labbench/labbench-figqa-0035,labbench-figqa-0035,0.9822670932349765,0.01773290676502348,13,hard,0.1076923076923076,0.2153846153846153,0.3370600353877945
swebench-multilingual,swebench-multilingual/swebench-multilingual-projectlombok__lombok-3052,swebench-multilingual-projectlombok__lombok-3052,0.9825065075444802,0.017493492455519788,13,hard,0.1794871538461538,0.3589743076923076,0.4426327337817844
swebench-multilingual,swebench-multilingual/swebench-multilingual-projectlombok__lombok-2792,swebench-multilingual-projectlombok__lombok-2792,0.9825065075444802,0.017493492455519788,13,hard,0.1826923076923076,0.3653846153846153,0.423076923076923
kumo,kumo/kumo-softwareenv-t4-a6-v1-s0,kumo-softwareenv-t4-a6-v1-s0,0.9825607013894321,0.01743929861056792,18,saturated,0.953846153846154,0.9333333333333332,0.2309401076758503
gpqa-diamond,gpqa-diamond/gpqa-diamond-124,gpqa-diamond-124,0.9825607013894325,0.017439298610567477,20,saturated,0.953846153846154,0.94,0.22
gpqa-diamond,gpqa-diamond/gpqa-diamond-82,gpqa-diamond-82,0.9825607013894325,0.017439298610567477,19,saturated,0.9730769230769232,0.963157894736842,0.1179229289600425
kumo,kumo/kumo-mythicenv-t4-a6-v1-s1,kumo-mythicenv-t4-a6-v1-s1,0.9826885864989533,0.017311413501046702,19,easy,0.9423076923076924,0.9210526315789472,0.244042591986729
gaia,gaia/gaia-46719c30-f4c3-4cad-be07-d5cb21eee6bb,gaia-46719c30-f4c3-4cad-be07-d5cb21eee6bb,0.9826886789032775,0.01731132109672251,20,frontier,0.023076923076923,0.03,0.0953939201416945
gaia,gaia/gaia-624cbf11-6a41-4692-af9c-36b3e5ca3130,gaia-624cbf11-6a41-4692-af9c-36b3e5ca3130,0.9826886789032775,0.01731132109672251,26,hard,0.0538461538461538,0.0538461538461538,0.1885792411097117
usaco,usaco/usaco-376,usaco-376,0.9828098903079197,0.017190109692080346,19,easy,0.8403846153846154,0.781578947368421,0.3794769691076159
arc-agi-2,arc-agi-2/arc-agi-2-b5ca7ac4_0,arc-agi-2-b5ca7ac4_0,0.9828153443461554,0.017184655653844638,20,hard,0.123076923076923,0.16,0.3199999999999999
arc-agi-2,arc-agi-2/arc-agi-2-b0039139_1,arc-agi-2-b0039139_1,0.9828806320407655,0.01711936795923452,20,hard,0.0999999999999999,0.1299999999999999,0.2917190429162964
lawbench,lawbench/lawbench-3-5-20-one-shot,lawbench-3-5-20-one-shot,0.9829101105303765,0.01708988946962353,15,easy,0.7288134999999999,0.6264434666666666,0.3846513024420718
arc-agi-2,arc-agi-2/arc-agi-2-2d0172a1_0,arc-agi-2-2d0172a1_0,0.9829497842488191,0.01705021575118093,20,hard,0.0615384615384615,0.08,0.2227105745132008
replicationbench,replicationbench/replicationbench-ls_cal__cold_sparam,replicationbench-ls_cal__cold_sparam,0.9830550355174015,0.016944964482598524,17,hard,0.0846153846153846,0.1294117647058823,0.3213294184411215
swebench-multilingual,swebench-multilingual/swebench-multilingual-tokio-rs__axum-1119,swebench-multilingual-tokio-rs__axum-1119,0.983186701661966,0.016813298338034022,15,easy,0.7948717692307692,0.6444443999999999,0.4466611696732099
swebench-multilingual,swebench-multilingual/swebench-multilingual-caddyserver__caddy-6370,swebench-multilingual-caddyserver__caddy-6370,0.9831867016619662,0.0168132983380338,14,easy,0.7884615384615384,0.6071428571428571,0.4697480870702109
swebench-multilingual,swebench-multilingual/swebench-multilingual-faker-ruby__faker-2970,swebench-multilingual-faker-ruby__faker-2970,0.9831867016619662,0.0168132983380338,14,easy,0.7948717692307692,0.6190475714285714,0.4517539815695698
aider-polyglot,aider-polyglot/polyglot_rust_grep,polyglot_rust_grep,0.9831941295352237,0.01680587046477633,26,easy,0.8846153846153846,0.8846153846153846,0.2996052629869299
aider-polyglot,aider-polyglot/polyglot_javascript_triangle,polyglot_javascript_triangle,0.9831941295352237,0.01680587046477633,26,easy,0.9076923076923078,0.9076923076923078,0.2615384615384615
lawbench,lawbench/lawbench-2-8-15-one-shot,lawbench-2-8-15-one-shot,0.983422553606514,0.016577446393486017,14,medium,0.5348076923076923,0.4660714285714285,0.3077811059562842
lawbench,lawbench/lawbench-2-9-9-one-shot,lawbench-2-9-9-one-shot,0.9837944842607173,0.01620551573928275,13,easy,0.7273217307692307,0.6379764615384615,0.3516309671968426
kumo,kumo/kumo-herbenv-t4-a6-v1-s1,kumo-herbenv-t4-a6-v1-s1,0.9838354628352334,0.016164537164766624,18,easy,0.9134615384615384,0.875,0.3145764348029479
lawbench,lawbench/lawbench-2-4-4-one-shot,lawbench-2-4-4-one-shot,0.9839792579605979,0.01602074203940207,15,medium,0.454006423076923,0.3982778,0.2502063214357836
swebench-multilingual,swebench-multilingual/swebench-multilingual-tokio-rs__axum-1934,swebench-multilingual-tokio-rs__axum-1934,0.9842273560431068,0.01577264395689315,14,easy,0.8205128461538462,0.6666667142857143,0.4364357804720004
lawbench,lawbench/lawbench-2-9-12-zero-shot,lawbench-2-9-12-zero-shot,0.9842792901349179,0.015720709865082116,14,easy,0.7152667307692309,0.6166740714285714,0.3912399818698172
lawbench,lawbench/lawbench-2-7-13-one-shot,lawbench-2-7-13-one-shot,0.9842792901349179,0.015720709865082116,15,hard,0.2887814615384615,0.2546678666666667,0.1575154402547537
usaco,usaco/usaco-643,usaco-643,0.9843155779662318,0.015684422033768186,18,easy,0.8262820384615384,0.7490740555555556,0.3722003609298017
usaco,usaco/usaco-1251,usaco-1251,0.9843155779662318,0.015684422033768186,19,easy,0.8211538461538462,0.7552631578947369,0.3814428069297529
lawbench,lawbench/lawbench-2-7-7-zero-shot,lawbench-2-7-7-zero-shot,0.9843872897310332,0.015612710268966823,14,medium,0.3052434615384615,0.2649577142857143,0.1729652665914784
lawbench,lawbench/lawbench-2-1-23-one-shot,lawbench-2-1-23-one-shot,0.9844134905675749,0.015586509432425122,15,medium,0.4777443461538461,0.4331902000000001,0.332644275470399
algotune,algotune/algotune-upfirdn1d,algotune-upfirdn1d,0.9844212364220529,0.015578763577947075,21,frontier,0.0121527890655654,0.0150463102716524,0.0575382050399478
usaco,usaco/usaco-546,usaco-546,0.9845091624171194,0.015490837582880612,20,easy,0.8538461538461538,0.8099999999999999,0.3659234892706398
usaco,usaco/usaco-831,usaco-831,0.984530794870629,0.015469205129371,19,easy,0.8461538461538461,0.7894736842105263,0.3754222000026738
crustbench,crustbench/crustbench-phills-dht,crustbench-phills-dht,0.9848855752388719,0.01511442476112812,22,easy,0.8730769230769231,0.85,0.3129769088200365
lawbench,lawbench/lawbench-3-2-7-zero-shot,lawbench-3-2-7-zero-shot,0.9849451555168256,0.015054844483174401,16,hard,0.2428887692307692,0.2202755,0.162053596408719
lawbench,lawbench/lawbench-3-8-8-one-shot,lawbench-3-8-8-one-shot,0.9849451555168256,0.015054844483174401,16,hard,0.1571046153846153,0.1397999999999999,0.0993227900314172
usaco,usaco/usaco-987,usaco-987,0.9849946825654416,0.015005317434558352,19,easy,0.8608974230769231,0.8096491052631579,0.3275514495122374
crustbench,crustbench/crustbench-nandc,crustbench-nandc,0.9850727072859855,0.014927292714014495,22,easy,0.8634615384615384,0.8386363636363637,0.3295768010169936
swebench-multilingual,swebench-multilingual/swebench-multilingual-php-cs-fixer__php-cs-fixer-8331,swebench-multilingual-php-cs-fixer__php-cs-fixer-8331,0.9850968054368577,0.014903194563142264,14,easy,0.903846153846154,0.8214285714285714,0.3589241293257461
swebench-multilingual,swebench-multilingual/swebench-multilingual-phpoffice__phpspreadsheet-3570,swebench-multilingual-phpoffice__phpspreadsheet-3570,0.9850968054368577,0.014903194563142264,14,easy,0.8942307692307693,0.8035714285714286,0.3558010508066298
spider2,spider2/spider2-activity001,spider2-activity001,0.9851132538067963,0.014886746193203737,16,easy,0.7846153846153846,0.65,0.45
lawbench,lawbench/lawbench-2-7-18-one-shot,lawbench-2-7-18-one-shot,0.9851181136001321,0.014881886399867872,15,hard,0.2598918461538461,0.2296534666666666,0.1683056435226763
lawbench,lawbench/lawbench-2-8-7-one-shot,lawbench-2-8-7-one-shot,0.985198771626323,0.014801228373677033,14,medium,0.4438141923076922,0.3842262142857143,0.253283306436031
crustbench,crustbench/crustbench-libbeaufort,crustbench-libbeaufort,0.985235876291282,0.014764123708718047,22,easy,0.8384615384615385,0.8090909090909091,0.3642041022547296
crustbench,crustbench/crustbench-bhshell,crustbench-bhshell,0.985291437515415,0.014708562484584964,24,easy,0.8557692307692307,0.84375,0.3327012235725421
crustbench,crustbench/crustbench-totp,crustbench-totp,0.985291437515415,0.014708562484584964,22,easy,0.8730769230769232,0.85,0.3129769088200365
usaco,usaco/usaco-735,usaco-735,0.9854280510018207,0.014571948998179263,19,easy,0.8500000000000001,0.7947368421052632,0.3648701055249898
lawbench,lawbench/lawbench-2-10-24-one-shot,lawbench-2-10-24-one-shot,0.9854377999287777,0.014562200071222331,14,medium,0.6406342307692309,0.5378162857142857,0.3649107064624418
arc-agi-2,arc-agi-2/arc-agi-2-8e5c0c38_0,arc-agi-2-8e5c0c38_0,0.9854699210321047,0.014530078967895266,20,hard,0.1153846153846153,0.15,0.2819574435974337
lawbench,lawbench/lawbench-2-1-10-one-shot,lawbench-2-1-10-one-shot,0.9855934700686227,0.014406529931377254,15,medium,0.5017835384615384,0.4372968,0.3307711980569449
usaco,usaco/usaco-226,usaco-226,0.9856038631186391,0.014396136881360877,19,easy,0.8269230769230769,0.7631578947368421,0.3796958981464668
arc-agi-2,arc-agi-2/arc-agi-2-221dfab4_1,arc-agi-2-221dfab4_1,0.9856439872339398,0.014356012766060244,20,hard,0.0923076923076923,0.12,0.2638181191654584
arc-agi-2,arc-agi-2/arc-agi-2-2d0172a1_1,arc-agi-2-2d0172a1_1,0.9856439872339398,0.014356012766060244,19,hard,0.0615384615384615,0.0842105263157894,0.1980514497076503
arc-agi-2,arc-agi-2/arc-agi-2-8f215267_0,arc-agi-2-8f215267_0,0.9858335515764782,0.014166448423521771,20,hard,0.1615384615384615,0.2099999999999999,0.3819685850956855
arc-agi-2,arc-agi-2/arc-agi-2-71e489b6_0,arc-agi-2-71e489b6_0,0.9859668276531859,0.014033172346814116,19,hard,0.0846153846153846,0.1157894736842105,0.2621031494313417
swebench-multilingual,swebench-multilingual/swebench-multilingual-fluent__fluentd-3631,swebench-multilingual-fluent__fluentd-3631,0.9859829555634938,0.014017044436506199,14,easy,0.8211538461538462,0.6678571428571428,0.4373651395643262
livecodebench,livecodebench/livecodebench-abc309_d,livecodebench-abc309_d,0.986415176896106,0.013584823103893973,18,saturated,0.9794871923076924,0.9703703888888888,0.0867014159522584
kumo,kumo/kumo-enzymeenv-t4-a6-v1-s1,kumo-enzymeenv-t4-a6-v1-s1,0.9865418500736545,0.01345814992634553,20,saturated,0.958333346153846,0.94583335,0.1350796745340597
kumo,kumo/kumo-controlenv-t4-a6-v1-s1,kumo-controlenv-t4-a6-v1-s1,0.9865418500736545,0.01345814992634553,20,easy,0.9294871923076924,0.90833335,0.2442391650047704
usaco,usaco/usaco-1299,usaco-1299,0.9866553927295235,0.013344607270476483,20,easy,0.8442307692307692,0.7975,0.3796297538391847
swebench-multilingual,swebench-multilingual/swebench-multilingual-tokio-rs__tokio-6603,swebench-multilingual-tokio-rs__tokio-6603,0.9867408982352124,0.013259101764787617,14,easy,0.8076923076923077,0.6428571428571429,0.4791574237499549
swebench-multilingual,swebench-multilingual/swebench-multilingual-preactjs__preact-4182,swebench-multilingual-preactjs__preact-4182,0.9867408982352125,0.013259101764787506,14,easy,0.7948718076923077,0.6190476428571429,0.468993231074456
swebench-multilingual,swebench-multilingual/swebench-multilingual-preactjs__preact-3562,swebench-multilingual-preactjs__preact-3562,0.9867408982352125,0.013259101764787506,14,easy,0.8076923076923077,0.6428571428571429,0.4791574237499549
labbench,labbench/labbench-figqa-0039,labbench-figqa-0039,0.9868109601295856,0.01318903987041442,13,hard,0.0846153846153846,0.1692307692307692,0.2333192444323554
labbench,labbench/labbench-figqa-0027,labbench-figqa-0027,0.9868109601295856,0.01318903987041442,13,hard,0.1384615384615384,0.2769230769230769,0.3724221057510832
usaco,usaco/usaco-1083,usaco-1083,0.9868681170153047,0.013131882984695253,19,easy,0.823076923076923,0.7578947368421052,0.3760120231471948
lawbench,lawbench/lawbench-2-6-23-one-shot,lawbench-2-6-23-one-shot,0.9871238454433047,0.01287615455669533,15,medium,0.6276314999999999,0.5715186666666666,0.3497591886580759
mmau,mmau/mmau-b4180fa8-96a9-4211-8059-d03d65eb2f04,mmau-b4180fa8-96a9-4211-8059-d03d65eb2f04,0.9871918428503554,0.012808157149644561,20,easy,0.9384615384615383,0.92,0.2481934729198171
arc-agi-2,arc-agi-2/arc-agi-2-f931b4a8_0,arc-agi-2-f931b4a8_0,0.9872040508270749,0.012795949172925147,20,hard,0.1615384615384615,0.21,0.3713488925525428
arc-agi-2,arc-agi-2/arc-agi-2-3e6067c3_1,arc-agi-2-3e6067c3_1,0.9872040508270749,0.012795949172925147,20,hard,0.1846153846153846,0.24,0.4029888335921976
usaco,usaco/usaco-431,usaco-431,0.9873841812297163,0.012615818770283727,20,easy,0.8,0.74,0.3954743986657038
usaco,usaco/usaco-641,usaco-641,0.9873841812297163,0.012615818770283727,20,easy,0.7961538461538461,0.735,0.4028337125911882
simpleqa,simpleqa/simpleqa-3366,simpleqa-3366,0.9874339897450988,0.012566010254901228,20,easy,0.9153846153846156,0.89,0.2718455443813637
aider-polyglot,aider-polyglot/polyglot_javascript_binary,polyglot_javascript_binary,0.9875063701915198,0.012493629808480233,26,easy,0.9000000000000001,0.9000000000000001,0.2433737233777903
lawbench,lawbench/lawbench-2-7-10-one-shot,lawbench-2-7-10-one-shot,0.9875435323778714,0.012456467622128597,14,medium,0.3310583846153846,0.3000365714285714,0.1590172679525781
lawbench,lawbench/lawbench-2-7-6-zero-shot,lawbench-2-7-6-zero-shot,0.9875435323778714,0.012456467622128597,13,medium,0.3249934615384615,0.2879679230769231,0.1591236886070617
swebench-multilingual,swebench-multilingual/swebench-multilingual-google__gson-1093,swebench-multilingual-google__gson-1093,0.9876008818066205,0.012399118193379466,17,easy,0.8205128076923077,0.7254901764705882,0.4313725668449266
swebench-multilingual,swebench-multilingual/swebench-multilingual-apache__druid-16875,swebench-multilingual-apache__druid-16875,0.9876636910185567,0.012336308981443334,15,easy,0.7884615384615384,0.6333333333333333,0.4642796092394707
lawbench,lawbench/lawbench-3-2-10-one-shot,lawbench-3-2-10-one-shot,0.9879929626805435,0.012007037319456515,15,hard,0.2855379615384615,0.2532756666666666,0.1839030930316894
crustbench,crustbench/crustbench-ulidgen,crustbench-ulidgen,0.988057861208288,0.01194213879171202,22,easy,0.8884615384615385,0.8681818181818183,0.3035941723544826
crustbench,crustbench/crustbench-fft,crustbench-fft,0.988057861208288,0.01194213879171202,23,easy,0.8788461538461539,0.8630434782608696,0.3156144425885963
replicationbench,replicationbench/replicationbench-trgb_std_candle__med_color_amp,replicationbench-trgb_std_candle__med_color_amp,0.9881255803376893,0.011874419662310731,17,hard,0.0846153846153846,0.1294117647058823,0.3213294184411215
arc-agi-2,arc-agi-2/arc-agi-2-80a900e0_0,arc-agi-2-80a900e0_0,0.988136523392338,0.01186347660766196,20,hard,0.0769230769230769,0.1,0.2720294101747089
arc-agi-2,arc-agi-2/arc-agi-2-53fb4810_0,arc-agi-2-53fb4810_0,0.9881441612703123,0.011855838729687651,20,hard,0.1461538461538461,0.19,0.3192177939902473
lawbench,lawbench/lawbench-2-2-14-one-shot,lawbench-2-2-14-one-shot,0.9882515849196428,0.011748415080357177,15,hard,0.2492307692307692,0.212,0.1522065482603601
lawbench,lawbench/lawbench-2-2-12-one-shot,lawbench-2-2-12-one-shot,0.9883615722346042,0.011638427765395809,15,medium,0.3773076923076922,0.3313333333333333,0.2454347616419121
labbench,labbench/labbench-figqa-0082,labbench-figqa-0082,0.9885946248547129,0.011405375145287056,20,hard,0.1846153846153846,0.24,0.3826225293941798
lawbench,lawbench/lawbench-2-7-3-zero-shot,lawbench-2-7-3-zero-shot,0.9886083088818481,0.011391691118151859,14,medium,0.333386076923077,0.2984455714285715,0.1584377268824363
arc-agi-2,arc-agi-2/arc-agi-2-7b3084d4_0,arc-agi-2-7b3084d4_0,0.9886229200471632,0.011377079952836766,20,hard,0.1,0.13,0.3179622619116929
lawbench,lawbench/lawbench-2-6-16-one-shot,lawbench-2-6-16-one-shot,0.9886578966214699,0.011342103378530144,16,medium,0.6514003461538462,0.5709286874999999,0.3954205112662845
lawbench,lawbench/lawbench-3-3-21-zero-shot,lawbench-3-3-21-zero-shot,0.9887208743145044,0.011279125685495606,16,medium,0.4523781538461539,0.409177,0.2826250115070762
replicationbench,replicationbench/replicationbench-galaxy_soptics__soptics_implementation,replicationbench-galaxy_soptics__soptics_implementation,0.9887399440123333,0.011260055987666662,17,hard,0.1692307692307692,0.2588235294117647,0.3893231115641786
replicationbench,replicationbench/replicationbench-gw_nsbh__default_mbh,replicationbench-gw_nsbh__default_mbh,0.9887399440123333,0.011260055987666662,17,hard,0.1538461538461538,0.2352941176470588,0.3673737724147186
lawbench,lawbench/lawbench-2-8-14-zero-shot,lawbench-2-8-14-zero-shot,0.9889449601375232,0.011055039862476801,14,medium,0.4867628076923077,0.4239880714285714,0.2717517581618678
lawbench,lawbench/lawbench-2-10-15-zero-shot,lawbench-2-10-15-zero-shot,0.9889754758696927,0.0110245241303073,14,medium,0.6527992307692306,0.5716657142857143,0.3655943262791284
lawbench,lawbench/lawbench-3-4-21-zero-shot,lawbench-3-4-21-zero-shot,0.9889772449750786,0.011022755024921449,13,easy,0.7702567692307694,0.6650595384615385,0.3679133049586996
lawbench,lawbench/lawbench-3-5-7-one-shot,lawbench-3-5-7-one-shot,0.9889772449750786,0.011022755024921449,14,easy,0.744275,0.6614167142857142,0.3512130883493928
arc-agi-2,arc-agi-2/arc-agi-2-d59b0160_0,arc-agi-2-d59b0160_0,0.9890515413192031,0.010948458680796858,20,hard,0.123076923076923,0.16,0.3006659275674582
arc-agi-2,arc-agi-2/arc-agi-2-20a9e565_1,arc-agi-2-20a9e565_1,0.9890515413192031,0.010948458680796858,20,hard,0.0923076923076923,0.12,0.2315167380558045
kumo,kumo/kumo-languageenv-t4-a6-v1-s0,kumo-languageenv-t4-a6-v1-s0,0.9891255288391997,0.010874471160800314,17,saturated,0.9551281923076924,0.9313725294117648,0.1901051541307406
arc-agi-2,arc-agi-2/arc-agi-2-d35bdbdc_1,arc-agi-2-d35bdbdc_1,0.989125565517038,0.010874434482961992,20,hard,0.0538461538461538,0.0699999999999999,0.212367605815953
kumo,kumo/kumo-philosophyenv-t4-a6-v1-s0,kumo-philosophyenv-t4-a6-v1-s0,0.9891256388726026,0.01087436112739737,18,saturated,0.9775641153846154,0.9675926111111112,0.0927082009755692
kumo,kumo/kumo-historicalenv-t4-a6-v1-s0,kumo-historicalenv-t4-a6-v1-s0,0.9891256388726026,0.01087436112739737,19,saturated,0.9615384615384616,0.9473684210526316,0.1534461024959289
kumo,kumo/kumo-celestialenv-t4-a6-v1-s1,kumo-celestialenv-t4-a6-v1-s1,0.9891256388726032,0.010874361127396814,20,saturated,0.9775641153846154,0.97083335,0.0884864451327292
kumo,kumo/kumo-mlenv-t4-a6-v1-s0,kumo-mlenv-t4-a6-v1-s0,0.9891256388726032,0.010874361127396814,18,easy,0.9230769230769232,0.8888888888888888,0.3142696805273545
lawbench,lawbench/lawbench-3-6-6-zero-shot,lawbench-3-6-6-zero-shot,0.9892045510668634,0.010795448933136553,16,medium,0.5467307692307692,0.474375,0.3266968922028491
arc-agi-2,arc-agi-2/arc-agi-2-981571dc_0,arc-agi-2-981571dc_0,0.9892428630533725,0.010757136946627499,20,hard,0.1923076923076923,0.25,0.4141255848169731
arc-agi-2,arc-agi-2/arc-agi-2-3e6067c3_0,arc-agi-2-3e6067c3_0,0.9892428630533726,0.010757136946627388,20,hard,0.1923076923076923,0.25,0.4141255848169731
kumo,kumo/kumo-networkenv-t4-a6-v1-s0,kumo-networkenv-t4-a6-v1-s0,0.9893758457397943,0.010624154260205687,19,saturated,0.971153846153846,0.9605263157894736,0.1220212959933645
kumo,kumo/kumo-machinepartenv-t4-a6-v1-s1,kumo-machinepartenv-t4-a6-v1-s1,0.9893758457397949,0.010624154260205132,19,saturated,0.971153846153846,0.9605263157894736,0.1220212959933645
kumo,kumo/kumo-languageenv-t4-a6-v1-s1,kumo-languageenv-t4-a6-v1-s1,0.9893758457397949,0.010624154260205132,16,easy,0.9487179615384616,0.9166666875,0.2499999791666788
kumo,kumo/kumo-virusclassificationenv-t4-a6-v1-s0,kumo-virusclassificationenv-t4-a6-v1-s0,0.9893759357792324,0.01062406422076756,19,easy,0.9487179615384616,0.9298245789473684,0.2314193828267805
arc-agi-2,arc-agi-2/arc-agi-2-b10624e5_0,arc-agi-2-b10624e5_0,0.9895751811296313,0.010424818870368724,20,hard,0.1461538461538461,0.19,0.3433656942677879
arc-agi-2,arc-agi-2/arc-agi-2-36a08778_0,arc-agi-2-36a08778_0,0.9895751811296313,0.010424818870368724,20,hard,0.1692307692307692,0.22,0.3893584466786357
lawbench,lawbench/lawbench-2-5-16-zero-shot,lawbench-2-5-16-zero-shot,0.9895983876236674,0.010401612376332636,16,medium,0.5860860384615385,0.5026479375,0.3466985876702681
swebench-multilingual,swebench-multilingual/swebench-multilingual-preactjs__preact-3345,swebench-multilingual-preactjs__preact-3345,0.9896071282718305,0.010392871728169495,13,hard,0.0846153846153846,0.1692307692307692,0.3581675915945481
swebench-multilingual,swebench-multilingual/swebench-multilingual-preactjs__preact-3567,swebench-multilingual-preactjs__preact-3567,0.9896071282718305,0.010392871728169495,14,hard,0.0769230769230769,0.1428571428571428,0.3499271061118826
crustbench,crustbench/crustbench-murmurhash-c,crustbench-murmurhash-c,0.9897272796080172,0.010272720391982793,22,easy,0.8980769230769231,0.8795454545454546,0.2878837718866808
mmmlu,mmmlu/mmmlu-sw-ke-00134,mmmlu-sw-ke-00134,0.9897859494440843,0.010214050555915732,20,medium,0.3615384615384615,0.44,0.4758150901348127
mmmlu,mmmlu/mmmlu-yo-ng-00142,mmmlu-yo-ng-00142,0.9897859494440843,0.010214050555915732,20,medium,0.3384615384615385,0.44,0.4882622246293481
arc-agi-2,arc-agi-2/arc-agi-2-8f3a5a89_0,arc-agi-2-8f3a5a89_0,0.9898893153620683,0.010110684637931744,20,hard,0.1615384615384615,0.21,0.3766961640367472
mmmlu,mmmlu/mmmlu-hi-in-00066,mmmlu-hi-in-00066,0.990002379816273,0.009997620183726963,20,medium,0.4615384615384615,0.48,0.4833218389437829
arc-agi-2,arc-agi-2/arc-agi-2-a25697e4_1,arc-agi-2-a25697e4_1,0.9900725145062975,0.009927485493702481,19,hard,0.0615384615384615,0.0842105263157894,0.2367836185095156
lawbench,lawbench/lawbench-2-5-21-one-shot,lawbench-2-5-21-one-shot,0.9901288527617434,0.00987114723825655,15,easy,0.7384876923076924,0.6489416,0.3965484852841747
crustbench,crustbench/crustbench-gfc,crustbench-gfc,0.9901630556837551,0.009836944316244933,23,easy,0.9057692307692308,0.8934782608695653,0.2829596483085326
crustbench,crustbench/crustbench-vec,crustbench-vec,0.9901630556837551,0.009836944316244933,22,easy,0.8980769230769231,0.8795454545454546,0.2941316537744044
lawbench,lawbench/lawbench-2-4-24-zero-shot,lawbench-2-4-24-zero-shot,0.99026763663716,0.009732363362840002,14,medium,0.4288461538461539,0.3678571428571429,0.2338552229609646
replicationbench,replicationbench/replicationbench-ls_cal__antenna_temp,replicationbench-ls_cal__antenna_temp,0.9902959274916932,0.009704072508306849,17,frontier,0.0205128076923076,0.0313725294117647,0.0889080435917243
replicationbench,replicationbench/replicationbench-muse_outflows__dust_reddening,replicationbench-muse_outflows__dust_reddening,0.9902959274916932,0.009704072508306849,17,hard,0.0692307692307692,0.1058823529411764,0.2919923210821378
lawbench,lawbench/lawbench-2-5-1-one-shot,lawbench-2-5-1-one-shot,0.9903337861859706,0.009666213814029434,15,medium,0.6435363461538461,0.5597811333333332,0.4009686014900863
mmmlu,mmmlu/mmmlu-it-it-00082,mmmlu-it-it-00082,0.9904024356492809,0.009597564350719123,18,saturated,0.9519230769230768,0.9305555555555556,0.2328202029755584
arc-agi-2,arc-agi-2/arc-agi-2-142ca369_1,arc-agi-2-142ca369_1,0.9904697502199385,0.00953024978006145,19,hard,0.0538461538461538,0.0736842105263158,0.1969293361459969
arc-agi-2,arc-agi-2/arc-agi-2-f560132c_0,arc-agi-2-f560132c_0,0.9905209494953341,0.009479050504665909,20,hard,0.0846153846153846,0.11,0.2791057147390572
crustbench,crustbench/crustbench-42-kocaeli-printf,crustbench-42-kocaeli-printf,0.9905706704953717,0.00942932950462827,26,easy,0.8769230769230769,0.8769230769230769,0.3042110758966951
lawbench,lawbench/lawbench-2-6-13-one-shot,lawbench-2-6-13-one-shot,0.9906011190807145,0.009398880919285535,15,easy,0.7050160384615386,0.605249,0.3745067831319836
arc-agi-2,arc-agi-2/arc-agi-2-a6f40cea_0,arc-agi-2-a6f40cea_0,0.9906143726091344,0.00938562739086557,19,hard,0.0923076923076923,0.1263157894736842,0.2691939337377773
lawbench,lawbench/lawbench-2-7-12-one-shot,lawbench-2-7-12-one-shot,0.990751152813308,0.009248847186692055,15,medium,0.3245299230769231,0.2876057999999999,0.1769808269292467
lawbench,lawbench/lawbench-2-7-1-one-shot,lawbench-2-7-1-one-shot,0.990751152813308,0.009248847186692055,15,medium,0.3410501538461538,0.3031559999999999,0.1867580387999402
lawbench,lawbench/lawbench-2-3-21-one-shot,lawbench-2-3-21-one-shot,0.9907954814695304,0.009204518530469552,15,medium,0.5891399615384615,0.5129759333333334,0.3695937493739969
spider2,spider2/spider2-app_reporting002,spider2-app_reporting002,0.9908152592410755,0.009184740758924503,15,easy,0.7923076923076924,0.64,0.4572380853195265
lawbench,lawbench/lawbench-2-8-17-zero-shot,lawbench-2-8-17-zero-shot,0.9908463874743743,0.009153612525625743,15,medium,0.5080769230769231,0.4406666666666666,0.3210535607790216
lawbench,lawbench/lawbench-2-1-24-one-shot,lawbench-2-1-24-one-shot,0.9908840520015326,0.009115947998467377,15,medium,0.4646189615384614,0.4146048666666667,0.3082982614864739
lawbench,lawbench/lawbench-3-3-15-zero-shot,lawbench-3-3-15-zero-shot,0.9908840520015326,0.009115947998467377,15,medium,0.4292306153846154,0.3748888666666666,0.2750968877494779
arc-agi-2,arc-agi-2/arc-agi-2-d8e07eb2_1,arc-agi-2-d8e07eb2_1,0.9909325932415787,0.009067406758421326,20,hard,0.1692307692307692,0.22,0.3682390527904394
arc-agi-2,arc-agi-2/arc-agi-2-c4d067a0_0,arc-agi-2-c4d067a0_0,0.9909325932415787,0.009067406758421326,20,hard,0.1923076923076923,0.25,0.4141255848169731
arc-agi-2,arc-agi-2/arc-agi-2-247ef758_0,arc-agi-2-247ef758_0,0.9909756742146828,0.0090243257853172,20,hard,0.2,0.26,0.4294182110716777
lawbench,lawbench/lawbench-1-2-5-one-shot,lawbench-1-2-5-one-shot,0.991047880231233,0.008952119768766975,15,medium,0.5707692307692308,0.52,0.3783164460254581
lawbench,lawbench/lawbench-1-2-20-one-shot,lawbench-1-2-20-one-shot,0.991047880231233,0.008952119768766975,15,medium,0.5798076923076925,0.5429999999999999,0.403517038054157
lawbench,lawbench/lawbench-3-6-15-zero-shot,lawbench-3-6-15-zero-shot,0.9910541652551813,0.008945834744818693,16,medium,0.6023076923076922,0.525625,0.3705807309143312
lawbench,lawbench/lawbench-2-3-13-one-shot,lawbench-2-3-13-one-shot,0.9910977179709342,0.008902282029065844,15,medium,0.5661519615384615,0.4922994,0.3536756075296118
swebench-multilingual,swebench-multilingual/swebench-multilingual-php-cs-fixer__php-cs-fixer-8064,swebench-multilingual-php-cs-fixer__php-cs-fixer-8064,0.9911031129868969,0.008896887013103094,14,easy,0.8365384615384616,0.6964285714285714,0.4449977069420396
swebench-multilingual,swebench-multilingual/swebench-multilingual-vuejs__core-11870,swebench-multilingual-vuejs__core-11870,0.9911031129868969,0.008896887013103094,14,easy,0.8365384615384616,0.6964285714285714,0.4449977069420396
lawbench,lawbench/lawbench-2-7-22-zero-shot,lawbench-2-7-22-zero-shot,0.9911131014875829,0.008886898512417085,16,hard,0.1919702692307691,0.1705991875,0.1180978819614363
arc-agi-2,arc-agi-2/arc-agi-2-4a21e3da_0,arc-agi-2-4a21e3da_0,0.9912906870204223,0.008709312979577666,20,hard,0.1538461538461538,0.2,0.3577708763999664
arc-agi-2,arc-agi-2/arc-agi-2-edb79dae_0,arc-agi-2-edb79dae_0,0.9912906870204226,0.008709312979577444,20,hard,0.1538461538461538,0.2,0.3577708763999664
swebench-multilingual,swebench-multilingual/swebench-multilingual-caddyserver__caddy-6350,swebench-multilingual-caddyserver__caddy-6350,0.9913519238972343,0.008648076102765745,14,easy,0.7948718076923077,0.6190476428571429,0.468993231074456
usaco,usaco/usaco-262,usaco-262,0.9914869726670751,0.008513027332924916,20,easy,0.8500000000000001,0.805,0.3584340943604557
usaco,usaco/usaco-87,usaco-87,0.9914869726670751,0.008513027332924916,20,easy,0.8615384615384615,0.82,0.357211421989835
arc-agi-2,arc-agi-2/arc-agi-2-135a2760_0,arc-agi-2-135a2760_0,0.9916228340031379,0.008377165996862113,20,hard,0.1384615384615384,0.18,0.3218695387886216
arc-agi-2,arc-agi-2/arc-agi-2-b6f77b65_0,arc-agi-2-b6f77b65_0,0.9916228340031379,0.008377165996862113,20,hard,0.1307692307692307,0.1699999999999999,0.3116087290176576
swebench-multilingual,swebench-multilingual/swebench-multilingual-redis__redis-11631,swebench-multilingual-redis__redis-11631,0.9916431998935409,0.008356800106459117,15,easy,0.810897423076923,0.6722222,0.4393457709137074
reasoning-gym,reasoning-gym/reasoning-gym-arithmetic-power-function-easy00cea0a5-seed45-1,reasoning-gym-arithmetic-power-function-easy00cea0a5-seed45-1,0.9917276952333338,0.008272304766666183,12,easy,0.935897423076923,0.8611110833333333,0.3179312445082685
reasoning-gym,reasoning-gym/reasoning-gym-arithmetic-lcm-hard0292e21f-seed45-0,reasoning-gym-arithmetic-lcm-hard0292e21f-seed45-0,0.9917276952333338,0.008272304766666183,12,easy,0.9423076923076924,0.875,0.2975595178559521
lawbench,lawbench/lawbench-2-7-11-zero-shot,lawbench-2-7-11-zero-shot,0.9918132158747345,0.008186784125265523,15,medium,0.3286818461538461,0.2905982666666666,0.1789916843258243
lawbench,lawbench/lawbench-2-6-7-one-shot,lawbench-2-6-7-one-shot,0.9918132158747345,0.008186784125265523,14,medium,0.6830210769230771,0.5897335714285715,0.3784135706470056
labbench,labbench/labbench-figqa-0036,labbench-figqa-0036,0.9919760044691712,0.008023995530828776,13,hard,0.1846153846153846,0.3692307692307692,0.469671923768423
mmau,mmau/mmau-6aee68bf-6629-442b-981d-ae8195597c8e,mmau-6aee68bf-6629-442b-981d-ae8195597c8e,0.9919760044691712,0.008023995530828776,20,saturated,0.953846153846154,0.94,0.22
arc-agi-2,arc-agi-2/arc-agi-2-8e5c0c38_1,arc-agi-2-8e5c0c38_1,0.9919760044691716,0.008023995530828443,20,hard,0.1692307692307692,0.22,0.3893584466786357
arc-agi-2,arc-agi-2/arc-agi-2-136b0064_0,arc-agi-2-136b0064_0,0.9919760044691717,0.008023995530828332,19,hard,0.1692307692307692,0.231578947368421,0.3961028994153006
lawbench,lawbench/lawbench-3-7-12-one-shot,lawbench-3-7-12-one-shot,0.9920024372782226,0.00799756272177743,15,easy,0.7203846153846155,0.6253333333333334,0.3808738490483284
algotune,algotune/algotune-lp-box,algotune-lp-box,0.9920120455002226,0.007987954499777405,26,easy,0.7053510394288425,0.7053510394288425,0.142686423069137
featurebench-modal,featurebench-modal/featurebench-modal-pandas-dev__pandas.82fa2715.test_iceberg.85771c70.lv1,featurebench-modal-pandas-dev__pandas.82fa2715.test_iceberg.85771c70.lv1,0.9920582189499234,0.00794178105007659,26,hard,0.0596153846153846,0.0596153846153846,0.1544339731762604
featurebench-modal,featurebench-modal/featurebench-modal-huggingface__transformers.e2e8dbed.test_modeling_lightglue.3d3d57cb.lv1,featurebench-modal-huggingface__transformers.e2e8dbed.test_modeling_lightglue.3d3d57cb.lv1,0.9920582189499234,0.00794178105007659,26,frontier,0.0435897307692307,0.0435897307692307,0.1077227939144506
lawbench,lawbench/lawbench-3-4-3-zero-shot,lawbench-3-4-3-zero-shot,0.9920594276218853,0.00794057237811474,15,medium,0.6335091923076923,0.5561463333333333,0.4036728915804093
lawbench,lawbench/lawbench-3-2-23-one-shot,lawbench-3-2-23-one-shot,0.9921303663380209,0.007869633661979125,14,medium,0.4057141538461538,0.3590068571428571,0.2362263361275903
lawbench,lawbench/lawbench-3-2-12-one-shot,lawbench-3-2-12-one-shot,0.9921303663380209,0.007869633661979125,14,medium,0.3218805384615384,0.2890134285714286,0.1875579823249768
lawbench,lawbench/lawbench-3-7-23-zero-shot,lawbench-3-7-23-zero-shot,0.9921410934183915,0.007858906581608482,14,easy,0.7336538461538461,0.6360714285714286,0.408447315064836
crustbench,crustbench/crustbench-geofence,crustbench-geofence,0.9922146663364521,0.007785333663547944,23,easy,0.8884615384615385,0.8739130434782609,0.2862309667936137
crustbench,crustbench/crustbench-leftpad,crustbench-leftpad,0.9922146663364521,0.007785333663547944,23,easy,0.8807692307692307,0.8652173913043477,0.30304067118655
swebench-multilingual,swebench-multilingual/swebench-multilingual-sharkdp__bat-562,swebench-multilingual-sharkdp__bat-562,0.9922409741475889,0.007759025852411061,14,easy,0.8076923076923077,0.6428571428571429,0.4447986295636418
mmmlu,mmmlu/mmmlu-ja-jp-00099,mmmlu-ja-jp-00099,0.9924454307930103,0.007554569206989714,20,medium,0.4692307692307692,0.49,0.4918333050943175
swebench-multilingual,swebench-multilingual/swebench-multilingual-hashicorp__terraform-35611,swebench-multilingual-hashicorp__terraform-35611,0.99253613794561,0.00746386205438998,14,easy,0.7980769230769231,0.625,0.4700873778960065
swebench-multilingual,swebench-multilingual/swebench-multilingual-fmtlib__fmt-3158,swebench-multilingual-fmtlib__fmt-3158,0.99253613794561,0.00746386205438998,14,easy,0.8076923076923077,0.6428571428571429,0.4791574237499549
arc-agi-2,arc-agi-2/arc-agi-2-65b59efc_1,arc-agi-2-65b59efc_1,0.9926167002752303,0.0073832997247696985,20,hard,0.1615384615384615,0.21,0.3659234892706397
arc-agi-2,arc-agi-2/arc-agi-2-6e453dd6_0,arc-agi-2-6e453dd6_0,0.9926167002752303,0.0073832997247696985,20,hard,0.1846153846153846,0.24,0.4176122603564219
arc-agi-2,arc-agi-2/arc-agi-2-fc7cae8d_0,arc-agi-2-fc7cae8d_0,0.9926531923891447,0.007346807610855266,20,hard,0.0615384615384615,0.08,0.2039607805437113
arc-agi-2,arc-agi-2/arc-agi-2-409aa875_0,arc-agi-2-409aa875_0,0.9926531923891447,0.007346807610855266,20,hard,0.0769230769230769,0.1,0.2569046515733026
crustbench,crustbench/crustbench-amp,crustbench-amp,0.9927317879610578,0.0072682120389422344,26,easy,0.8692307692307691,0.8692307692307691,0.2932172085007063
crustbench,crustbench/crustbench-avalanche,crustbench-avalanche,0.9927317879610578,0.0072682120389422344,24,easy,0.8557692307692307,0.84375,0.3327012235725421
lawbench,lawbench/lawbench-2-3-2-zero-shot,lawbench-2-3-2-zero-shot,0.9927361785806443,0.007263821419355665,14,medium,0.669560153846154,0.5768971428571429,0.3702991741316081
arc-agi-2,arc-agi-2/arc-agi-2-16de56c4_1,arc-agi-2-16de56c4_1,0.9928041452774535,0.007195854722546469,20,hard,0.1461538461538461,0.19,0.3491418050019217
lawbench,lawbench/lawbench-3-3-20-one-shot,lawbench-3-3-20-one-shot,0.9929339745826653,0.007066025417334698,15,medium,0.6169228461538462,0.5315554,0.326101134717805
arc-agi-2,arc-agi-2/arc-agi-2-7b5033c1_0,arc-agi-2-7b5033c1_0,0.9929630243824682,0.007036975617531804,20,hard,0.1307692307692307,0.1699999999999999,0.3241913015489466
arc-agi-2,arc-agi-2/arc-agi-2-20270e3b_1,arc-agi-2-20270e3b_1,0.9929630243824682,0.007036975617531804,20,hard,0.1384615384615384,0.18,0.34
lawbench,lawbench/lawbench-2-7-8-one-shot,lawbench-2-7-8-one-shot,0.9931839572105765,0.006816042789423493,14,medium,0.3857576923076922,0.3366911428571429,0.2156032993064733
usaco,usaco/usaco-1036,usaco-1036,0.993408342260235,0.006591657739765,20,easy,0.8211538461538462,0.7675,0.370227970310186
usaco,usaco/usaco-86,usaco-86,0.993408342260235,0.006591657739765,20,easy,0.8307692307692308,0.78,0.3627671429443411
swebench-multilingual,swebench-multilingual/swebench-multilingual-apache__druid-15402,swebench-multilingual-apache__druid-15402,0.9934151532585004,0.006584846741499617,14,easy,0.8512820384615385,0.7238095,0.4154608625907843
usaco,usaco/usaco-434,usaco-434,0.9935106676432894,0.006489332356710564,20,easy,0.823076923076923,0.77,0.375632799419859
usaco,usaco/usaco-192,usaco-192,0.9935106676432894,0.006489332356710564,20,easy,0.8326923076923076,0.7825,0.3698901864067226
arc-agi-2,arc-agi-2/arc-agi-2-97d7923e_0,arc-agi-2-97d7923e_0,0.9937141009155851,0.006285899084414903,20,hard,0.123076923076923,0.16,0.3322649545167229
arc-agi-2,arc-agi-2/arc-agi-2-446ef5d2_1,arc-agi-2-446ef5d2_1,0.9937141009155851,0.006285899084414903,20,hard,0.1153846153846153,0.15,0.3090307428072488
lawbench,lawbench/lawbench-3-4-19-zero-shot,lawbench-3-4-19-zero-shot,0.993802103052415,0.006197896947584991,15,medium,0.6491711153846154,0.5392804666666666,0.3914901537532145
swebench-multilingual,swebench-multilingual/swebench-multilingual-vuejs__core-11915,swebench-multilingual-vuejs__core-11915,0.9939915790870738,0.006008420912926193,14,easy,0.8096153846153846,0.6464285714285715,0.4513726231152695
replicationbench,replicationbench/replicationbench-bayes_cal__cold_hot_tandem,replicationbench-bayes_cal__cold_hot_tandem,0.9942338085946365,0.005766191405363497,16,hard,0.123076923076923,0.2,0.3872983346207417
replicationbench,replicationbench/replicationbench-gw_nsbh__equal_mass_slope,replicationbench-gw_nsbh__equal_mass_slope,0.9942338085946365,0.005766191405363497,17,hard,0.1153846153846153,0.1764705882352941,0.3556756813607288
usaco,usaco/usaco-205,usaco-205,0.99430496339315,0.005695036606850001,20,easy,0.823076923076923,0.7699999999999999,0.3963584236521283
usaco,usaco/usaco-644,usaco-644,0.99430496339315,0.005695036606850001,20,easy,0.8153846153846155,0.76,0.3929376540877699
lawbench,lawbench/lawbench-3-5-3-one-shot,lawbench-3-5-3-one-shot,0.9944589464090158,0.005541053590984224,16,easy,0.7018581538461539,0.5910635625,0.4124374454370276
lawbench,lawbench/lawbench-3-5-24-one-shot,lawbench-3-5-24-one-shot,0.9944589464090158,0.005541053590984224,15,medium,0.6229889615384615,0.505154,0.372640040157612
labbench,labbench/labbench-figqa-0062,labbench-figqa-0062,0.9944656398450792,0.005534360154920814,13,hard,0.1615384615384615,0.3230769230769231,0.4263509680169545
labbench,labbench/labbench-figqa-0067,labbench-figqa-0067,0.9944656398450792,0.005534360154920814,13,hard,0.1692307692307692,0.3384615384615385,0.4394725186795599
arc-agi-2,arc-agi-2/arc-agi-2-cb2d8a2c_1,arc-agi-2-cb2d8a2c_1,0.9944942640813269,0.005505735918673094,20,hard,0.1538461538461538,0.2,0.3687817782917155
arc-agi-2,arc-agi-2/arc-agi-2-581f7754_1,arc-agi-2-581f7754_1,0.9944942640813269,0.005505735918673094,20,hard,0.1461538461538461,0.19,0.3491418050019217
lawbench,lawbench/lawbench-3-3-8-zero-shot,lawbench-3-3-8-zero-shot,0.9945317016054993,0.0054682983945006924,15,medium,0.4071741538461537,0.3427685333333333,0.2492071380587821
arc-agi-2,arc-agi-2/arc-agi-2-a32d8b75_1,arc-agi-2-a32d8b75_1,0.9946821850995096,0.005317814900490436,20,frontier,0.0384615384615384,0.05,0.1396424004376894
arc-agi-2,arc-agi-2/arc-agi-2-e12f9a14_0,arc-agi-2-e12f9a14_0,0.9946821850995096,0.005317814900490436,20,frontier,0.0461538461538461,0.06,0.18
lawbench,lawbench/lawbench-3-4-24-one-shot,lawbench-3-4-24-one-shot,0.9948104638062563,0.005189536193743738,14,medium,0.6645818461538462,0.5533357142857144,0.3597037992202609
swebench-multilingual,swebench-multilingual/swebench-multilingual-tokio-rs__tokio-6838,swebench-multilingual-tokio-rs__tokio-6838,0.9949933451393869,0.005006654860613136,14,easy,0.8173076923076923,0.6607142857142857,0.4392276384374587
swebench-multilingual,swebench-multilingual/swebench-multilingual-fmtlib__fmt-3750,swebench-multilingual-fmtlib__fmt-3750,0.9949933451393869,0.005006654860613136,14,easy,0.8205128461538462,0.6666667142857143,0.4364357804720004
swebench-multilingual,swebench-multilingual/swebench-multilingual-briannesbitt__carbon-2665,swebench-multilingual-briannesbitt__carbon-2665,0.994993345139387,0.0050066548606130246,15,easy,0.8205128461538462,0.6888889333333333,0.4297573222754856
swebench-multilingual,swebench-multilingual/swebench-multilingual-briannesbitt__carbon-3098,swebench-multilingual-briannesbitt__carbon-3098,0.994993345139387,0.0050066548606130246,14,easy,0.8173076923076923,0.6607142857142857,0.4392276384374587
lawbench,lawbench/lawbench-3-5-12-one-shot,lawbench-3-5-12-one-shot,0.9950745222196541,0.0049254777803459104,16,medium,0.6942713846153844,0.5876663125,0.4067128239751481
algotune,algotune/algotune-correlate2d-full-fill,algotune-correlate2d-full-fill,0.9950982087182367,0.004901791281763268,25,easy,0.7737340277587488,0.7721859724779615,0.1597275644108345
spider2,spider2/spider2-superstore001,spider2-superstore001,0.9952267030562376,0.004773296943762384,14,hard,0.1923076923076923,0.3571428571428571,0.4791574237499548
spider2,spider2/spider2-divvy001,spider2-divvy001,0.9952267030562376,0.004773296943762384,15,hard,0.2,0.3466666666666667,0.4645667037382492
arc-agi-2,arc-agi-2/arc-agi-2-36a08778_1,arc-agi-2-36a08778_1,0.9952336938128089,0.004766306187191094,20,hard,0.123076923076923,0.16,0.28
arc-agi-2,arc-agi-2/arc-agi-2-58f5dbd5_0,arc-agi-2-58f5dbd5_0,0.9952336938128089,0.004766306187191094,20,hard,0.1615384615384615,0.21,0.360416425818802
lawbench,lawbench/lawbench-2-10-5-one-shot,lawbench-2-10-5-one-shot,0.9952466417771771,0.004753358222822857,15,medium,0.6365753846153847,0.539959,0.3853841503635906
arc-agi-2,arc-agi-2/arc-agi-2-71e489b6_1,arc-agi-2-71e489b6_1,0.9952589212817867,0.004741078718213276,20,hard,0.0615384615384615,0.08,0.1939071942966531
swebench-multilingual,swebench-multilingual/swebench-multilingual-google__gson-2134,swebench-multilingual-google__gson-2134,0.9952612719764281,0.004738728023571892,15,easy,0.8717948846153847,0.7777778000000001,0.3975231897886712
algotune,algotune/algotune-svm,algotune-svm,0.9953073936579186,0.004692606342081351,22,frontier,0.0267282709579655,0.0315606906756871,0.1223310747023382
lawbench,lawbench/lawbench-2-7-2-one-shot,lawbench-2-7-2-one-shot,0.9953318480303224,0.004668151969677625,16,medium,0.3187514615384615,0.278091125,0.1895588460135384
arc-agi-2,arc-agi-2/arc-agi-2-8698868d_0,arc-agi-2-8698868d_0,0.9954563602770362,0.004543639722963788,20,hard,0.0615384615384615,0.08,0.2135415650406262
arc-agi-2,arc-agi-2/arc-agi-2-dfadab01_0,arc-agi-2-dfadab01_0,0.9954563602770362,0.004543639722963788,20,frontier,0.0461538461538461,0.06,0.156204993518133
mmau,mmau/mmau-9b66a67f-d2a8-42df-a629-2d0035682fc7,mmau-9b66a67f-d2a8-42df-a629-2d0035682fc7,0.9955532049659516,0.004446795034048434,20,saturated,0.9717948846153844,0.96333335,0.1105038516171608
mmau,mmau/mmau-f4d842a3-faf6-40dd-8cf6-ee0f756bdb9a,mmau-f4d842a3-faf6-40dd-8cf6-ee0f756bdb9a,0.9955532049659516,0.004446795034048434,20,saturated,0.9846153846153848,0.98,0.0599999999999999
swebench-multilingual,swebench-multilingual/swebench-multilingual-axios__axios-5892,swebench-multilingual-axios__axios-5892,0.9956584187714539,0.00434158122854611,15,easy,0.8461538461538461,0.7333333333333333,0.4073400799586944
swebench-multilingual,swebench-multilingual/swebench-multilingual-redis__redis-10764,swebench-multilingual-redis__redis-10764,0.9956584187714539,0.00434158122854611,16,easy,0.8525641153846154,0.7604166875,0.3907291477828213
algotune,algotune/algotune-vectorized-newton,algotune-vectorized-newton,0.995840233727465,0.004159766272535004,22,frontier,0.0325856127997772,0.038510269672464,0.1764762258072285
algotune,algotune/algotune-zoom-2d,algotune-zoom-2d,0.995840233727465,0.004159766272535004,22,frontier,0.0372474097256746,0.0440196660394337,0.1848239713434448
lawbench,lawbench/lawbench-2-3-11-zero-shot,lawbench-2-3-11-zero-shot,0.9959847125596112,0.004015287440388815,15,medium,0.6442711538461539,0.5359542666666666,0.3827253129246382
lawbench,lawbench/lawbench-3-2-19-zero-shot,lawbench-3-2-19-zero-shot,0.996216497193954,0.003783502806046002,15,hard,0.260297,0.2203735999999999,0.1630427825195174
lawbench,lawbench/lawbench-3-3-15-one-shot,lawbench-3-3-15-one-shot,0.996216497193954,0.003783502806046002,16,medium,0.4583331153846153,0.3958331875,0.274799072619482
lawbench,lawbench/lawbench-2-5-2-one-shot,lawbench-2-5-2-one-shot,0.9962336219999343,0.00376637800006574,16,medium,0.5817043461538461,0.503657375,0.3481670030152332
swebench-multilingual,swebench-multilingual/swebench-multilingual-rubocop__rubocop-13362,swebench-multilingual-rubocop__rubocop-13362,0.996243415227419,0.0037565847725810064,15,easy,0.814102576923077,0.6777778,0.4323350318365298
lawbench,lawbench/lawbench-2-4-16-zero-shot,lawbench-2-4-16-zero-shot,0.9963217654006036,0.003678234599396424,16,medium,0.5064423076923077,0.43234375,0.2927315706597727
kumo,kumo/kumo-testingenv-t4-a6-v1-s1,kumo-testingenv-t4-a6-v1-s1,0.9963358225091835,0.0036641774908164892,16,saturated,0.9730769230769232,0.95625,0.127322179921646
kumo,kumo/kumo-oceanenv-t4-a6-v1-s0,kumo-oceanenv-t4-a6-v1-s0,0.9963358225091835,0.0036641774908164892,18,saturated,0.971153846153846,0.9583333333333334,0.1249999999999999
mmmlu,mmmlu/mmmlu-de-de-00024,mmmlu-de-de-00024,0.9963358225091837,0.003664177490816267,17,easy,0.9423076923076924,0.9117647058823528,0.2564058202082749
mmmlu,mmmlu/mmmlu-zh-cn-00127,mmmlu-zh-cn-00127,0.9963358225091837,0.003664177490816267,19,easy,0.9461538461538462,0.9263157894736844,0.235845857920085
swebench-multilingual,swebench-multilingual/swebench-multilingual-fluent__fluentd-3616,swebench-multilingual-fluent__fluentd-3616,0.9964538868816407,0.0035461131183592842,14,easy,0.8012820384615384,0.6309523571428571,0.446230130498924
lawbench,lawbench/lawbench-2-4-3-zero-shot,lawbench-2-4-3-zero-shot,0.9965747887786921,0.0034252112213079,14,medium,0.5880128076923076,0.5005952142857143,0.3173623806322938
lawbench,lawbench/lawbench-2-9-21-one-shot,lawbench-2-9-21-one-shot,0.9965747887786921,0.0034252112213079,14,easy,0.7122680384615385,0.6123496428571428,0.388619178026805
lawbench,lawbench/lawbench-2-7-0-zero-shot,lawbench-2-7-0-zero-shot,0.9966195317798721,0.0033804682201279412,15,hard,0.2843318461538461,0.2442726666666667,0.1759281120559064
lawbench,lawbench/lawbench-2-7-17-zero-shot,lawbench-2-7-17-zero-shot,0.9966195317798721,0.0033804682201279412,15,hard,0.2197738076923077,0.1895918666666666,0.1369512423460099
swebench-multilingual,swebench-multilingual/swebench-multilingual-sharkdp__bat-2393,swebench-multilingual-sharkdp__bat-2393,0.996740607510299,0.003259392489700974,15,easy,0.7948718076923077,0.6444444666666667,0.4629481489778118
swebench-multilingual,swebench-multilingual/swebench-multilingual-fluent__fluentd-4655,swebench-multilingual-fluent__fluentd-4655,0.996740607510299,0.003259392489700974,14,easy,0.7884615384615384,0.6071428571428571,0.4697480870702109
lawbench,lawbench/lawbench-3-1-23-zero-shot,lawbench-3-1-23-zero-shot,0.9968261051618458,0.003173894838154223,15,easy,0.7026532692307692,0.5909264666666666,0.4213234255615459
kumo,kumo/kumo-politicalmanifestoenv-t4-a6-v1-s0,kumo-politicalmanifestoenv-t4-a6-v1-s0,0.9969289088381863,0.0030710911618136993,18,easy,0.9487179615384616,0.9259259444444444,0.2371527292898144
lawbench,lawbench/lawbench-3-3-7-zero-shot,lawbench-3-3-7-zero-shot,0.996948457927084,0.0030515420729160248,15,medium,0.4372223076923077,0.3679628666666666,0.2623940653134433
kumo,kumo/kumo-chemicalenv-t4-a6-v1-s1,kumo-chemicalenv-t4-a6-v1-s1,0.9971058832574127,0.002894116742587327,19,easy,0.9358974615384617,0.9122807368421052,0.2379764544221797
kumo,kumo/kumo-cloudenv-t4-a6-v1-s0,kumo-cloudenv-t4-a6-v1-s0,0.9971058832574127,0.002894116742587327,20,easy,0.939102576923077,0.92083335,0.2289392626270721
lawbench,lawbench/lawbench-2-5-19-one-shot,lawbench-2-5-19-one-shot,0.9972323881746914,0.0027676118253086024,16,medium,0.6537664615384615,0.5623876875,0.3804620747519913
lawbench,lawbench/lawbench-3-7-11-zero-shot,lawbench-3-7-11-zero-shot,0.9972985632614402,0.002701436738559826,16,easy,0.7834615384615385,0.6653125,0.4511425382778152
algotune,algotune/algotune-convolve2d-full-fill,algotune-convolve2d-full-fill,0.9973560301714144,0.002643969828585613,25,easy,0.7826553968232545,0.7812836839161384,0.1601059134354786
algotune,algotune/algotune-communicability,algotune-communicability,0.9973560301714144,0.002643969828585613,25,easy,0.7946516816167658,0.7934357855774725,0.1624073005039512
lawbench,lawbench/lawbench-2-9-16-one-shot,lawbench-2-9-16-one-shot,0.9973611172121141,0.0026388827878859322,14,easy,0.7039308076923076,0.5964410714285714,0.3823108860767381
lawbench,lawbench/lawbench-3-5-1-one-shot,lawbench-3-5-1-one-shot,0.9973611172121141,0.0026388827878859322,15,easy,0.7717663461538463,0.6712075333333334,0.4073606227222371
lawbench,lawbench/lawbench-3-3-16-one-shot,lawbench-3-3-16-one-shot,0.9974159677406363,0.0025840322593636555,15,medium,0.4418591538461539,0.3870000666666666,0.2793009235243036
lawbench,lawbench/lawbench-3-2-8-one-shot,lawbench-3-2-8-one-shot,0.9974159677406363,0.0025840322593636555,16,medium,0.3263802307692307,0.293101,0.2019856174551792
swebench-multilingual,swebench-multilingual/swebench-multilingual-valkey-io__valkey-1499,swebench-multilingual-valkey-io__valkey-1499,0.9974759131835084,0.002524086816491633,14,easy,0.8384615384615385,0.7000000000000001,0.4456135417280634
lawbench,lawbench/lawbench-3-5-17-one-shot,lawbench-3-5-17-one-shot,0.9975461393685454,0.0024538606314545852,16,medium,0.6481011153846155,0.5637477500000001,0.3841743019332989
lawbench,lawbench/lawbench-3-1-15-zero-shot,lawbench-3-1-15-zero-shot,0.9976009370787859,0.002399062921214057,15,medium,0.6789621153846154,0.574207,0.4091040252912047
lawbench,lawbench/lawbench-2-3-12-one-shot,lawbench-2-3-12-one-shot,0.9980477024487798,0.0019522975512201723,15,medium,0.532268576923077,0.4520782666666667,0.3237428154175197
lawbench,lawbench/lawbench-2-3-10-zero-shot,lawbench-2-3-10-zero-shot,0.9980477024487798,0.0019522975512201723,15,medium,0.6272428076923077,0.5308650666666667,0.3839445972471317
replicationbench,replicationbench/replicationbench-galaxy_manifold__svd_analysis,replicationbench-galaxy_manifold__svd_analysis,0.9981758473996843,0.0018241526003156538,17,frontier,0.0487179615384615,0.0745098235294117,0.2043736132168773
replicationbench,replicationbench/replicationbench-bayes_cal__evidence,replicationbench-bayes_cal__evidence,0.9981846095907597,0.0018153904092402806,17,frontier,0.0307692307692307,0.0470588235294117,0.1459961605410689
replicationbench,replicationbench/replicationbench-muse_outflows__electron_density,replicationbench-muse_outflows__electron_density,0.9981846095907597,0.0018153904092402806,17,hard,0.0538461538461538,0.0823529411764705,0.2478977353612409
kumo,kumo/kumo-economicenv-t4-a6-v1-s1,kumo-economicenv-t4-a6-v1-s1,0.9983400315010811,0.0016599684989189178,17,saturated,0.9679487307692308,0.950980411764706,0.1372548613445542
kumo,kumo/kumo-sculptorenv-t4-a6-v1-s1,kumo-sculptorenv-t4-a6-v1-s1,0.9983400315010811,0.0016599684989189178,17,saturated,0.9551281923076924,0.9313725294117648,0.1901051541307406
humanevalfix,humanevalfix/humanevalfix-python-16,humanevalfix-python-16,0.9983400447171225,0.0016599552828775455,20,easy,0.9461538461538462,0.93,0.212367605815953
humanevalfix,humanevalfix/humanevalfix-python-99,humanevalfix-python-99,0.9983400447171225,0.0016599552828775455,20,saturated,0.9615384615384616,0.95,0.1532970971675589
lawbench,lawbench/lawbench-3-1-0-one-shot,lawbench-3-1-0-one-shot,0.9984642213951495,0.0015357786048505462,15,medium,0.618198,0.5093207333333333,0.3630827872105693
lawbench,lawbench/lawbench-3-2-13-zero-shot,lawbench-3-2-13-zero-shot,0.9984779230800469,0.001522076919953097,15,hard,0.2860687692307692,0.2381768,0.1702381904282741
lawbench,lawbench/lawbench-3-3-13-zero-shot,lawbench-3-3-13-zero-shot,0.9984779230800469,0.001522076919953097,15,medium,0.5096793076923078,0.4189999333333333,0.2995068471610105
lawbench,lawbench/lawbench-3-7-5-one-shot,lawbench-3-7-5-one-shot,0.9984848266678281,0.0015151733321718819,15,easy,0.8099999999999998,0.7073333333333333,0.4279636537007423
lawbench,lawbench/lawbench-3-5-22-one-shot,lawbench-3-5-22-one-shot,0.9986327957457241,0.0013672042542759444,16,easy,0.7033941923076923,0.6034780625,0.4095404984494007
lawbench,lawbench/lawbench-2-9-16-zero-shot,lawbench-2-9-16-zero-shot,0.9986327957457241,0.0013672042542759444,15,medium,0.666381153846154,0.5561370666666667,0.3970904492949461
lawbench,lawbench/lawbench-3-3-2-zero-shot,lawbench-3-3-2-zero-shot,0.9986356267372656,0.0013643732627344196,16,medium,0.449500076923077,0.38720825,0.2617283478655636
swebench-multilingual,swebench-multilingual/swebench-multilingual-prometheus__prometheus-10720,swebench-multilingual-prometheus__prometheus-10720,0.9987628263949269,0.0012371736050731386,13,easy,0.875,0.75,0.4160251471689218
swebench-multilingual,swebench-multilingual/swebench-multilingual-phpoffice__phpspreadsheet-3940,swebench-multilingual-phpoffice__phpspreadsheet-3940,0.9987628263949269,0.0012371736050731386,14,easy,0.8717948846153847,0.7619047857142858,0.4068573156322177
lawbench,lawbench/lawbench-3-7-2-zero-shot,lawbench-3-7-2-zero-shot,0.9988026694686494,0.0011973305313506266,15,easy,0.769230769230769,0.6733333333333333,0.4073436987224534
mmau,mmau/mmau-ea71891f-e931-41f9-a093-c3442c5683ed,mmau-ea71891f-e931-41f9-a093-c3442c5683ed,0.9988302510955485,0.0011697489044515397,20,saturated,0.9615384615384616,0.95,0.1774823934929885
kumo,kumo/kumo-mineralclassificationenv-t4-a6-v1-s1,kumo-mineralclassificationenv-t4-a6-v1-s1,0.9988302510955489,0.0011697489044510956,19,saturated,0.953846153846154,0.936842105263158,0.2252729953582389
mmau,mmau/mmau-293c7acb-5548-414e-9fc6-7d3db2cc7ec7,mmau-293c7acb-5548-414e-9fc6-7d3db2cc7ec7,0.9988488825503377,0.0011511174496623422,20,easy,0.9442307692307692,0.9275,0.2233131209759068
mmau,mmau/mmau-002ebba8-7aa4-445b-aab3-ed17e592cd30,mmau-002ebba8-7aa4-445b-aab3-ed17e592cd30,0.9988488825503377,0.0011511174496623422,20,easy,0.9461538461538462,0.93,0.2215851980616034
lawbench,lawbench/lawbench-2-6-24-one-shot,lawbench-2-6-24-one-shot,0.9989027683038428,0.0010972316961571638,16,medium,0.6740664999999999,0.5823905625,0.3934722984920553
lawbench,lawbench/lawbench-3-7-21-zero-shot,lawbench-3-7-21-zero-shot,0.9989606891086675,0.0010393108913324678,15,easy,0.7342307692307692,0.6310000000000001,0.3849251009395638
lawbench,lawbench/lawbench-3-7-24-one-shot,lawbench-3-7-24-one-shot,0.9989606891086675,0.0010393108913324678,15,easy,0.7696153846153847,0.6648333333333333,0.4058083154506433
lawbench,lawbench/lawbench-3-7-6-zero-shot,lawbench-3-7-6-zero-shot,0.9989924978389534,0.001007502161046614,15,easy,0.8016666538461539,0.7002222,0.4230755289776992
lawbench,lawbench/lawbench-3-7-8-zero-shot,lawbench-3-7-8-zero-shot,0.9989924978389534,0.001007502161046614,15,easy,0.7886538461538463,0.6849999999999999,0.4136302696853798
lawbench,lawbench/lawbench-3-5-2-zero-shot,lawbench-3-5-2-zero-shot,0.9994107070713022,0.0005892929286978044,16,medium,0.6990672692307692,0.5943515,0.4043764090324756
lawbench,lawbench/lawbench-2-10-1-one-shot,lawbench-2-10-1-one-shot,0.9994107070713022,0.0005892929286978044,15,medium,0.6507021153846154,0.5383144666666666,0.3845347160348233
mmmlu,mmmlu/mmmlu-es-la-00042,mmmlu-es-la-00042,0.9994728125631902,0.0005271874368097951,17,saturated,0.9653846153846154,0.9470588235294118,0.1459961605410689
gpqa-diamond,gpqa-diamond/gpqa-diamond-197,gpqa-diamond-197,0.999520072404594,0.0004799275954060489,18,saturated,0.966666653846154,0.9518518333333332,0.156829075700001
gpqa-diamond,gpqa-diamond/gpqa-diamond-77,gpqa-diamond-77,0.999520072404594,0.0004799275954060489,20,saturated,0.9692307692307692,0.96,0.1356465996625053
lawbench,lawbench/lawbench-3-5-15-one-shot,lawbench-3-5-15-one-shot,0.9995208052219776,0.00047919477802238486,15,easy,0.7047326923076924,0.5893615333333333,0.417448573235054
lawbench,lawbench/lawbench-3-5-21-one-shot,lawbench-3-5-21-one-shot,0.9995208052219776,0.00047919477802238486,15,easy,0.7143908461538462,0.5918045333333333,0.4194915342945339
aider-polyglot,aider-polyglot/polyglot_go_trinary,polyglot_go_trinary,0.9995351809637903,0.0004648190362096516,26,frontier,0.0384615384615384,0.0384615384615384,0.1360908154842625
aider-polyglot,aider-polyglot/polyglot_go_hexadecimal,polyglot_go_hexadecimal,0.9995351809637903,0.0004648190362096516,26,hard,0.05,0.05,0.1781313257986063
bixbench,bixbench/bix-45-q6,bix-45-q6,0.9995785523197436,0.000421447680256426,20,hard,0.0538461538461538,0.07,0.1926136028425822
bixbench,bixbench/bix-25-q1,bix-25-q1,0.9995785523197436,0.000421447680256426,20,hard,0.0519230769230769,0.0675,0.1832177666057525
lawbench,lawbench/lawbench-3-4-1-one-shot,lawbench-3-4-1-one-shot,0.9996489683266283,0.0003510316733716934,16,easy,0.7400175769230769,0.631892,0.4284051411305949
lawbench,lawbench/lawbench-3-4-9-one-shot,lawbench-3-4-9-one-shot,0.9996489683266283,0.0003510316733716934,16,medium,0.6956680384615385,0.5926649374999999,0.4018601791879031
lawbench,lawbench/lawbench-3-7-21-one-shot,lawbench-3-7-21-one-shot,0.9997282896282592,0.0002717103717407854,16,easy,0.7249999999999999,0.615625,0.4152253717862144
lawbench,lawbench/lawbench-3-3-0-zero-shot,lawbench-3-3-0-zero-shot,0.9997282896282592,0.0002717103717407854,15,medium,0.5250427307692308,0.4334074,0.3066933539309908
mmmlu,mmmlu/mmmlu-ja-jp-00094,mmmlu-ja-jp-00094,0.9999999999997201,2.7988722450800196e-13,19,saturated,0.9775641153846154,0.9692982631578948,0.0905252371417072
kumo,kumo/kumo-computationenv-t4-a6-v1-s0,kumo-computationenv-t4-a6-v1-s0,0.9999999999998082,1.9184653865522705e-13,20,easy,0.9423076923076924,0.925,0.2384848003542364
kumo,kumo/kumo-marketingenv-t4-a6-v1-s1,kumo-marketingenv-t4-a6-v1-s1,0.9999999999998082,1.9184653865522705e-13,15,saturated,0.9615384615384616,0.9333333333333332,0.1805342278002213
mmmlu,mmmlu/mmmlu-fr-fr-00059,mmmlu-fr-fr-00059,0.9999999999999714,2.864375403532904e-14,16,saturated,0.9519230769230768,0.921875,0.2113710821635731
mmmlu,mmmlu/mmmlu-ko-kr-00102,mmmlu-ko-kr-00102,0.9999999999999714,2.864375403532904e-14,16,easy,0.935897423076923,0.8958333125,0.2818281511326359
swebench-multilingual,swebench-multilingual/swebench-multilingual-fmtlib__fmt-2317,swebench-multilingual-fmtlib__fmt-2317,0.9999999999999989,1.1102230246251565e-15,14,easy,0.8269230769230769,0.6785714285714286,0.4474987173622024
swebench-multilingual,swebench-multilingual/swebench-multilingual-redis__redis-11510,swebench-multilingual-redis__redis-11510,0.9999999999999989,1.1102230246251565e-15,15,easy,0.8269230769230769,0.7,0.4396968652757639
humanevalfix,humanevalfix/humanevalfix-python-49,humanevalfix-python-49,0.999999999999999,9.992007221626409e-16,16,saturated,0.9615384615384616,0.9375,0.2420614591379635
swebench-multilingual,swebench-multilingual/swebench-multilingual-facebook__docusaurus-10130,swebench-multilingual-facebook__docusaurus-10130,0.999999999999999,9.992007221626409e-16,14,easy,0.8205128076923077,0.6666666428571428,0.4542567800509196
humanevalfix,humanevalfix/humanevalfix-python-61,humanevalfix-python-61,0.999999999999999,9.992007221626409e-16,13,saturated,0.9615384615384616,0.9230769230769232,0.2664693550105965
swebench-multilingual,swebench-multilingual/swebench-multilingual-vuejs__core-11899,swebench-multilingual-vuejs__core-11899,0.999999999999999,9.992007221626409e-16,14,frontier,0.0128205,0.0238095,0.0858463730931598
swebench-multilingual,swebench-multilingual/swebench-multilingual-uutils__coreutils-6731,swebench-multilingual-uutils__coreutils-6731,0.999999999999999,9.992007221626409e-16,14,easy,0.8205128076923077,0.6666666428571428,0.4542567800509196
gpqa-diamond,gpqa-diamond/gpqa-diamond-196,gpqa-diamond-196,0.999999999999999,9.992007221626409e-16,18,saturated,0.9717948846153844,0.9592592777777776,0.0946438860030386
gpqa-diamond,gpqa-diamond/gpqa-diamond-112,gpqa-diamond-112,0.999999999999999,9.992007221626409e-16,19,saturated,0.9717948846153844,0.9614035263157894,0.0925677052508443
swebench-multilingual,swebench-multilingual/swebench-multilingual-fmtlib__fmt-3272,swebench-multilingual-fmtlib__fmt-3272,0.9999999999999992,7.771561172376096e-16,14,easy,0.8076923076923077,0.6428571428571429,0.4791574237499549
swebench-multilingual,swebench-multilingual/swebench-multilingual-laravel__framework-53206,swebench-multilingual-laravel__framework-53206,0.9999999999999992,7.771561172376096e-16,15,easy,0.8076923076923077,0.6666666666666666,0.4714045207910317
swebench-multilingual,swebench-multilingual/swebench-multilingual-fastlane__fastlane-20642,swebench-multilingual-fastlane__fastlane-20642,0.9999999999999992,7.771561172376096e-16,14,frontier,0.0192307692307692,0.0357142857142857,0.1287696884094281
swebench-multilingual,swebench-multilingual/swebench-multilingual-fmtlib__fmt-3901,swebench-multilingual-fmtlib__fmt-3901,0.9999999999999992,7.771561172376096e-16,15,easy,0.8076923076923077,0.6666666666666666,0.4714045207910317
swebench-multilingual,swebench-multilingual/swebench-multilingual-burntsushi__ripgrep-2209,swebench-multilingual-burntsushi__ripgrep-2209,0.9999999999999992,7.771561172376096e-16,14,easy,0.8076923076923077,0.6428571428571429,0.4791574237499549
kumo,kumo/kumo-currencyenv-t4-a6-v1-s1,kumo-currencyenv-t4-a6-v1-s1,0.9999999999999992,7.771561172376096e-16,16,saturated,0.9871795,0.9791666875,0.0806870723588348
swebench-multilingual,swebench-multilingual/swebench-multilingual-laravel__framework-52680,swebench-multilingual-laravel__framework-52680,0.9999999999999992,7.771561172376096e-16,16,easy,0.8076923076923077,0.6875,0.4635124054434789
bigcodebench,bigcodebench/bigcodebench_139,bigcodebench_139,0.9999999999999992,7.771561172376096e-16,13,easy,0.9230769230769232,0.8461538461538461,0.3608012122941099
swebench-multilingual,swebench-multilingual/swebench-multilingual-micropython__micropython-15898,swebench-multilingual-micropython__micropython-15898,0.9999999999999992,7.771561172376096e-16,16,easy,0.8076923076923077,0.6875,0.4635124054434789
kumo,kumo/kumo-musicgenresenv-t4-a6-v1-s0,kumo-musicgenresenv-t4-a6-v1-s0,0.9999999999999992,7.771561172376096e-16,18,saturated,0.9871795,0.9814815,0.0763537315280006
swebench-multilingual,swebench-multilingual/swebench-multilingual-rubocop__rubocop-13705,swebench-multilingual-rubocop__rubocop-13705,0.9999999999999992,7.771561172376096e-16,14,easy,0.8076923076923077,0.6428571428571429,0.4791574237499549
swebench-multilingual,swebench-multilingual/swebench-multilingual-caddyserver__caddy-4943,swebench-multilingual-caddyserver__caddy-4943,0.9999999999999992,7.771561172376096e-16,14,frontier,0.0192307692307692,0.0357142857142857,0.1287696884094281
swebench-multilingual,swebench-multilingual/swebench-multilingual-briannesbitt__carbon-2752,swebench-multilingual-briannesbitt__carbon-2752,0.9999999999999992,7.771561172376096e-16,14,easy,0.8333333461538461,0.6904762142857143,0.4447986104462137
swebench-multilingual,swebench-multilingual/swebench-multilingual-rubocop__rubocop-13680,swebench-multilingual-rubocop__rubocop-13680,0.9999999999999992,7.771561172376096e-16,14,easy,0.8076923076923077,0.6428571428571429,0.4791574237499549
swebench-multilingual,swebench-multilingual/swebench-multilingual-briannesbitt__carbon-2981,swebench-multilingual-briannesbitt__carbon-2981,0.9999999999999992,7.771561172376096e-16,14,easy,0.8333333461538461,0.6904762142857143,0.4447986104462137
swebench-multilingual,swebench-multilingual/swebench-multilingual-laravel__framework-51890,swebench-multilingual-laravel__framework-51890,0.9999999999999992,7.771561172376096e-16,17,easy,0.8076923076923077,0.7058823529411765,0.4556450995538137
bigcodebench,bigcodebench/bigcodebench_308,bigcodebench_308,0.9999999999999992,7.771561172376096e-16,20,easy,0.9230769230769232,0.9,0.3
swebench-multilingual,swebench-multilingual/swebench-multilingual-fmtlib__fmt-2457,swebench-multilingual-fmtlib__fmt-2457,0.9999999999999992,7.771561172376096e-16,14,easy,0.8076923076923077,0.6428571428571429,0.4791574237499549
swebench-multilingual,swebench-multilingual/swebench-multilingual-axios__axios-4731,swebench-multilingual-axios__axios-4731,0.9999999999999992,7.771561172376096e-16,15,easy,0.8076923076923077,0.6666666666666666,0.4714045207910317
swebench-multilingual,swebench-multilingual/swebench-multilingual-redis__redis-11279,swebench-multilingual-redis__redis-11279,0.9999999999999992,7.771561172376096e-16,15,frontier,0.0128205,0.0222222,0.0831478587803678
labbench,labbench/labbench-figqa-0050,labbench-figqa-0050,0.9999999999999993,6.661338147750939e-16,13,frontier,0.0153846153846153,0.0307692307692307,0.072160242458822
aider-polyglot,aider-polyglot/polyglot_rust_gigasecond,polyglot_rust_gigasecond,0.9999999999999993,6.661338147750939e-16,26,easy,0.9076923076923078,0.9076923076923078,0.2432521277052599
gpqa-diamond,gpqa-diamond/gpqa-diamond-104,gpqa-diamond-104,0.9999999999999993,6.661338147750939e-16,20,saturated,0.9794871923076924,0.97333335,0.0827310958601873
bigcodebench,bigcodebench/bigcodebench_443,bigcodebench_443,0.9999999999999993,6.661338147750939e-16,15,frontier,0.0384615384615384,0.0666666666666666,0.2494438257849294
gpqa-diamond,gpqa-diamond/gpqa-diamond-114,gpqa-diamond-114,0.9999999999999993,6.661338147750939e-16,19,saturated,0.9794871923076924,0.9719298421052632,0.0846479232712354
reasoning-gym,reasoning-gym/reasoning-gym-algebra-simple-integration-easy00cea0a5-seed45-1,reasoning-gym-algebra-simple-integration-easy00cea0a5-seed45-1,0.9999999999999993,6.661338147750939e-16,20,saturated,0.9846153846153848,0.98,0.0871779788708134
bigcodebench,bigcodebench/bigcodebench_1077,bigcodebench_1077,0.9999999999999993,6.661338147750939e-16,13,saturated,0.9615384615384616,0.9230769230769232,0.2664693550105965
labbench,labbench/labbench-figqa-0029,labbench-figqa-0029,0.9999999999999993,6.661338147750939e-16,13,frontier,0.0076923076923076,0.0153846153846153,0.0532938710021193
bigcodebench,bigcodebench/bigcodebench_124,bigcodebench_124,0.9999999999999993,6.661338147750939e-16,12,frontier,0.0384615384615384,0.0833333333333333,0.2763853991962833
bigcodebench,bigcodebench/bigcodebench_477,bigcodebench_477,0.9999999999999993,6.661338147750939e-16,14,saturated,0.9615384615384616,0.9285714285714286,0.2575393768188563
labbench,labbench/labbench-figqa-0113,labbench-figqa-0113,0.9999999999999993,6.661338147750939e-16,13,frontier,0.0153846153846153,0.0307692307692307,0.1065877420042386
reasoning-gym,reasoning-gym/reasoning-gym-arithmetic-basic-arithmetic-easy00cea0a5-seed45-2,reasoning-gym-arithmetic-basic-arithmetic-easy00cea0a5-seed45-2,0.9999999999999993,6.661338147750939e-16,20,saturated,0.9692307692307692,0.96,0.1743559577416269
labbench,labbench/labbench-figqa-0066,labbench-figqa-0066,0.9999999999999993,6.661338147750939e-16,13,frontier,0.0153846153846153,0.0307692307692307,0.072160242458822
humanevalfix,humanevalfix/humanevalfix-python-2,humanevalfix-python-2,0.9999999999999993,6.661338147750939e-16,13,saturated,0.9807692307692308,0.9615384615384616,0.1332346775052982
swebench-multilingual,swebench-multilingual/swebench-multilingual-gohugoio__hugo-12171,swebench-multilingual-gohugoio__hugo-12171,0.9999999999999993,6.661338147750939e-16,15,easy,0.8076923076923077,0.6666666666666666,0.4346134936801766
aider-polyglot,aider-polyglot/polyglot_javascript_complex-numbers,polyglot_javascript_complex-numbers,0.9999999999999993,6.661338147750939e-16,26,easy,0.9076923076923078,0.9076923076923078,0.2432521277052599
humanevalfix,humanevalfix/humanevalfix-python-54,humanevalfix-python-54,0.9999999999999993,6.661338147750939e-16,16,saturated,0.9871795,0.9791666875,0.0806870723588348
bigcodebench,bigcodebench/bigcodebench_34,bigcodebench_34,0.9999999999999993,6.661338147750939e-16,16,saturated,0.9615384615384616,0.9375,0.2420614591379635
swebench-multilingual,swebench-multilingual/swebench-multilingual-fluent__fluentd-3608,swebench-multilingual-fluent__fluentd-3608,0.9999999999999993,6.661338147750939e-16,14,easy,0.8076923076923077,0.6428571428571429,0.4403152859263554
mmau,mmau/mmau-0d46136b-5249-4ca9-a761-705686ec60b9,mmau-0d46136b-5249-4ca9-a761-705686ec60b9,0.9999999999999994,5.551115123125783e-16,20,saturated,0.9615384615384616,0.95,0.2179449471770337
mmau,mmau/mmau-71f95ca1-a409-47b0-af02-80a272f776d5,mmau-71f95ca1-a409-47b0-af02-80a272f776d5,0.9999999999999994,5.551115123125783e-16,20,saturated,0.9769230769230768,0.97,0.1307669683062202
kumo,kumo/kumo-inventorenv-t4-a6-v1-s0,kumo-inventorenv-t4-a6-v1-s0,0.9999999999999994,5.551115123125783e-16,16,saturated,0.9871795,0.9791666875,0.0806870723588348
livecodebench,livecodebench/livecodebench-abc329_c,livecodebench-abc329_c,0.9999999999999994,5.551115123125783e-16,18,saturated,0.9871795,0.9814815,0.0763537315280006
kumo,kumo/kumo-detectiveenv-t4-a6-v1-s1,kumo-detectiveenv-t4-a6-v1-s1,0.9999999999999994,5.551115123125783e-16,16,saturated,0.9807692307692308,0.96875,0.1210307295689817
mmau,mmau/mmau-47ae81d9-8cb5-4267-9394-2f511cc84871,mmau-47ae81d9-8cb5-4267-9394-2f511cc84871,0.9999999999999994,5.551115123125783e-16,20,saturated,0.9615384615384616,0.95,0.2179449471770337
mmau,mmau/mmau-516653d5-79d7-404e-a208-62367fdc59b7,mmau-516653d5-79d7-404e-a208-62367fdc59b7,0.9999999999999994,5.551115123125783e-16,20,saturated,0.953846153846154,0.94,0.22
mmau,mmau/mmau-38dbb2bf-62ca-4ecd-9ece-0618e060f6b3,mmau-38dbb2bf-62ca-4ecd-9ece-0618e060f6b3,0.9999999999999994,5.551115123125783e-16,20,saturated,0.9615384615384616,0.95,0.2179449471770337
mmau,mmau/mmau-8bce5a39-959a-4192-a26d-ba88d862f94b,mmau-8bce5a39-959a-4192-a26d-ba88d862f94b,0.9999999999999994,5.551115123125783e-16,20,saturated,0.9692307692307692,0.96,0.1356465996625053
gaia,gaia/gaia-48eb8242-1099-4c26-95d4-ef22b002457a,gaia-48eb8242-1099-4c26-95d4-ef22b002457a,0.9999999999999994,5.551115123125783e-16,20,frontier,0.023076923076923,0.03,0.1307669683062202
gpqa-diamond,gpqa-diamond/gpqa-diamond-49,gpqa-diamond-49,0.9999999999999994,5.551115123125783e-16,19,saturated,0.9846153846153848,0.9789473684210528,0.0893187513077744
gpqa-diamond,gpqa-diamond/gpqa-diamond-73,gpqa-diamond-73,0.9999999999999994,5.551115123125783e-16,19,saturated,0.9846153846153848,0.9789473684210528,0.0613784409983715
livecodebench,livecodebench/livecodebench-3508,livecodebench-3508,0.9999999999999994,5.551115123125783e-16,18,saturated,0.9615384615384616,0.9444444444444444,0.2290614236454256
livecodebench,livecodebench/livecodebench-3811,livecodebench-3811,0.9999999999999994,5.551115123125783e-16,18,saturated,0.9871795,0.9814815,0.0763537315280006
humanevalfix,humanevalfix/humanevalfix-python-114,humanevalfix-python-114,0.9999999999999994,5.551115123125783e-16,20,easy,0.9384615384615386,0.9200000000000002,0.2135415650406262
humanevalfix,humanevalfix/humanevalfix-python-0,humanevalfix-python-0,0.9999999999999994,5.551115123125783e-16,20,easy,0.9384615384615386,0.9200000000000002,0.2135415650406262
livecodebench,livecodebench/livecodebench-3163,livecodebench-3163,0.9999999999999994,5.551115123125783e-16,18,saturated,0.9871795,0.9814815,0.0763537315280006
livecodebench,livecodebench/livecodebench-abc312_d,livecodebench-abc312_d,0.9999999999999994,5.551115123125783e-16,18,saturated,0.9615384615384616,0.9444444444444444,0.2290614236454256
gpqa-diamond,gpqa-diamond/gpqa-diamond-58,gpqa-diamond-58,0.9999999999999994,5.551115123125783e-16,20,saturated,0.9846153846153848,0.98,0.0871779788708134
kumo,kumo/kumo-malwareenv-t4-a6-v1-s1,kumo-malwareenv-t4-a6-v1-s1,0.9999999999999994,5.551115123125783e-16,18,saturated,0.971153846153846,0.9583333333333334,0.1717960677340692
kumo,kumo/kumo-herbenv-t4-a6-v1-s0,kumo-herbenv-t4-a6-v1-s0,0.9999999999999994,5.551115123125783e-16,16,saturated,0.9807692307692308,0.96875,0.1210307295689817
kumo,kumo/kumo-transdimensionalenv-t4-a6-v1-s1,kumo-transdimensionalenv-t4-a6-v1-s1,0.9999999999999994,5.551115123125783e-16,20,saturated,0.9807692307692308,0.975,0.1089724735885168
livecodebench,livecodebench/livecodebench-3676,livecodebench-3676,0.9999999999999994,5.551115123125783e-16,18,saturated,0.9903846153846154,0.9861111111111112,0.0572653559113564
bigcodebench,bigcodebench/bigcodebench_1085,bigcodebench_1085,0.9999999999999994,5.551115123125783e-16,15,saturated,0.9615384615384616,0.9333333333333332,0.2494438257849294
gaia,gaia/gaia-8d46b8d6-b38a-47ff-ac74-cda14cf2d19b,gaia-8d46b8d6-b38a-47ff-ac74-cda14cf2d19b,0.9999999999999994,5.551115123125783e-16,20,frontier,0.0153846153846153,0.02,0.0871779788708134
humanevalfix,humanevalfix/humanevalfix-python-70,humanevalfix-python-70,0.9999999999999994,5.551115123125783e-16,20,saturated,0.9769230769230768,0.97,0.1307669683062202
bigcodebench,bigcodebench/bigcodebench_19,bigcodebench_19,0.9999999999999994,5.551115123125783e-16,14,saturated,0.9615384615384616,0.9285714285714286,0.2575393768188563
livecodebench,livecodebench/livecodebench-abc351_e,livecodebench-abc351_e,0.9999999999999994,5.551115123125783e-16,18,saturated,0.9871795,0.9814815,0.0763537315280006
livecodebench,livecodebench/livecodebench-abc334_d,livecodebench-abc334_d,0.9999999999999994,5.551115123125783e-16,18,saturated,0.9871795,0.9814815,0.0763537315280006
mmau,mmau/mmau-a370dd7d-ec74-4b7f-ac1d-9294c2bcad5c,mmau-a370dd7d-ec74-4b7f-ac1d-9294c2bcad5c,0.9999999999999994,5.551115123125783e-16,20,saturated,0.9692307692307692,0.96,0.1356465996625053
livecodebench,livecodebench/livecodebench-abc333_a,livecodebench-abc333_a,0.9999999999999994,5.551115123125783e-16,18,saturated,0.9769230769230768,0.9666666666666666,0.1374368541872553
mmau,mmau/mmau-9685984a-9330-45c8-8d90-5de8068b5861,mmau-9685984a-9330-45c8-8d90-5de8068b5861,0.9999999999999994,5.551115123125783e-16,20,saturated,0.9692307692307692,0.96,0.1743559577416269
gpqa-diamond,gpqa-diamond/gpqa-diamond-181,gpqa-diamond-181,0.9999999999999994,5.551115123125783e-16,19,saturated,0.9846153846153848,0.9789473684210528,0.0613784409983715
mmau,mmau/mmau-6658e43e-f56d-44a2-ab80-6c73a40ee713,mmau-6658e43e-f56d-44a2-ab80-6c73a40ee713,0.9999999999999994,5.551115123125783e-16,20,saturated,0.953846153846154,0.94,0.22
kumo,kumo/kumo-nutritionenv-t4-a6-v1-s0,kumo-nutritionenv-t4-a6-v1-s0,0.9999999999999994,5.551115123125783e-16,16,saturated,0.9807692307692308,0.96875,0.1210307295689817
kumo,kumo/kumo-nutritionenv-t4-a6-v1-s1,kumo-nutritionenv-t4-a6-v1-s1,0.9999999999999996,4.440892098500626e-16,18,saturated,0.9615384615384616,0.9444444444444444,0.2290614236454256
swebench-multilingual,swebench-multilingual/swebench-multilingual-micropython__micropython-13039,swebench-multilingual-micropython__micropython-13039,0.9999999999999996,4.440892098500626e-16,16,easy,0.8384615384615385,0.7375,0.4284784125250652
swebench-multilingual,swebench-multilingual/swebench-multilingual-gohugoio__hugo-12579,swebench-multilingual-gohugoio__hugo-12579,0.9999999999999996,4.440892098500626e-16,15,easy,0.8846153846153846,0.8,0.4000000000000001
swebench-multilingual,swebench-multilingual/swebench-multilingual-phpoffice__phpspreadsheet-4186,swebench-multilingual-phpoffice__phpspreadsheet-4186,0.9999999999999996,4.440892098500626e-16,15,easy,0.8846153846153846,0.8,0.4000000000000001
kumo,kumo/kumo-mineralenv-t4-a6-v1-s1,kumo-mineralenv-t4-a6-v1-s1,0.9999999999999996,4.440892098500626e-16,18,saturated,0.9807692307692308,0.9722222222222222,0.1145307118227128
humanevalfix,humanevalfix/humanevalfix-python-60,humanevalfix-python-60,0.9999999999999996,4.440892098500626e-16,12,saturated,0.9807692307692308,0.9583333333333334,0.1381926995981416
humanevalfix,humanevalfix/humanevalfix-python-65,humanevalfix-python-65,0.9999999999999996,4.440892098500626e-16,12,saturated,0.9807692307692308,0.9583333333333334,0.1381926995981416
mmmlu,mmmlu/mmmlu-sw-ke-00133,mmmlu-sw-ke-00133,0.9999999999999996,4.440892098500626e-16,20,medium,0.4692307692307692,0.49,0.4918333050943175
swebench-multilingual,swebench-multilingual/swebench-multilingual-rubocop__rubocop-13560,swebench-multilingual-rubocop__rubocop-13560,0.9999999999999996,4.440892098500626e-16,15,frontier,0.0192307692307692,0.0333333333333333,0.1247219128924647
swebench-multilingual,swebench-multilingual/swebench-multilingual-projectlombok__lombok-3215,swebench-multilingual-projectlombok__lombok-3215,0.9999999999999996,4.440892098500626e-16,13,frontier,0.0128205,0.025641,0.0888230295137471
swebench-multilingual,swebench-multilingual/swebench-multilingual-redis__redis-11734,swebench-multilingual-redis__redis-11734,0.9999999999999996,4.440892098500626e-16,14,frontier,0.0384615384615384,0.0714285714285714,0.2575393768188563
swebench-multilingual,swebench-multilingual/swebench-multilingual-preactjs__preact-3010,swebench-multilingual-preactjs__preact-3010,0.9999999999999996,4.440892098500626e-16,13,easy,0.8846153846153846,0.7692307692307693,0.4213250442347432
swebench-multilingual,swebench-multilingual/swebench-multilingual-preactjs__preact-4152,swebench-multilingual-preactjs__preact-4152,0.9999999999999996,4.440892098500626e-16,13,easy,0.8269230769230769,0.6538461538461539,0.455083060238432
kumo,kumo/kumo-mineralenv-t4-a6-v1-s0,kumo-mineralenv-t4-a6-v1-s0,0.9999999999999996,4.440892098500626e-16,15,saturated,0.9807692307692308,0.9666666666666668,0.1247219128924647
kumo,kumo/kumo-musicgenresenv-t4-a6-v1-s1,kumo-musicgenresenv-t4-a6-v1-s1,0.9999999999999996,4.440892098500626e-16,18,saturated,0.9743589615384616,0.9629629444444444,0.1527076921174249
swebench-multilingual,swebench-multilingual/swebench-multilingual-preactjs__preact-4316,swebench-multilingual-preactjs__preact-4316,0.9999999999999996,4.440892098500626e-16,13,easy,0.8269230769230769,0.6538461538461539,0.455083060238432
kumo,kumo/kumo-cookingenv-t4-a6-v1-s0,kumo-cookingenv-t4-a6-v1-s0,0.9999999999999996,4.440892098500626e-16,19,saturated,0.9871795,0.9824561578947368,0.0744322183241859
kumo,kumo/kumo-spiceenv-t4-a6-v1-s0,kumo-spiceenv-t4-a6-v1-s0,0.9999999999999996,4.440892098500626e-16,19,saturated,0.9807692307692308,0.9736842105263158,0.111648439134718
swebench-multilingual,swebench-multilingual/swebench-multilingual-astral-sh__ruff-15443,swebench-multilingual-astral-sh__ruff-15443,0.9999999999999996,4.440892098500626e-16,14,easy,0.8384615384615385,0.7000000000000001,0.4456135417280634
livecodebench,livecodebench/livecodebench-3535,livecodebench-3535,0.9999999999999996,4.440892098500626e-16,20,saturated,0.9846153846153848,0.98,0.0871779788708134
livecodebench,livecodebench/livecodebench-3387,livecodebench-3387,0.9999999999999996,4.440892098500626e-16,19,saturated,0.9769230769230768,0.9684210526315788,0.1339781269616616
kumo,kumo/kumo-mineralclassificationenv-t4-a6-v1-s0,kumo-mineralclassificationenv-t4-a6-v1-s0,0.9999999999999996,4.440892098500626e-16,18,saturated,0.9807692307692308,0.9722222222222222,0.1145307118227128
arc-agi-2,arc-agi-2/arc-agi-2-446ef5d2_0,arc-agi-2-446ef5d2_0,0.9999999999999996,4.440892098500626e-16,20,frontier,0.0153846153846153,0.02,0.0871779788708134
kumo,kumo/kumo-geologicalenv-t4-a6-v1-s1,kumo-geologicalenv-t4-a6-v1-s1,0.9999999999999996,4.440892098500626e-16,18,saturated,0.9615384615384616,0.9444444444444444,0.2290614236454256
humanevalfix,humanevalfix/humanevalfix-python-46,humanevalfix-python-46,0.9999999999999996,4.440892098500626e-16,17,saturated,0.9903846153846154,0.9852941176470588,0.0588235294117647
swebench-multilingual,swebench-multilingual/swebench-multilingual-tokio-rs__axum-682,swebench-multilingual-tokio-rs__axum-682,0.9999999999999996,4.440892098500626e-16,15,easy,0.8846153846153846,0.8,0.4000000000000001
kumo,kumo/kumo-gemstoneenv-t4-a6-v1-s0,kumo-gemstoneenv-t4-a6-v1-s0,0.9999999999999996,4.440892098500626e-16,15,saturated,0.9743589615384616,0.9555555333333332,0.1662959670045615
kumo,kumo/kumo-machinepartenv-t4-a6-v1-s0,kumo-machinepartenv-t4-a6-v1-s0,0.9999999999999996,4.440892098500626e-16,19,saturated,0.9807692307692308,0.9736842105263158,0.111648439134718
replicationbench,replicationbench/replicationbench-galaxy_manifold__morphological_classification,replicationbench-galaxy_manifold__morphological_classification,0.9999999999999996,4.440892098500626e-16,17,frontier,0.0346153846153846,0.0529411764705882,0.1459961605410689
replicationbench,replicationbench/replicationbench-eht_resolve__eht_ring_orientation_angle,replicationbench-eht_resolve__eht_ring_orientation_angle,0.9999999999999996,4.440892098500626e-16,17,frontier,0.0346153846153846,0.0529411764705882,0.1459961605410689
kumo,kumo/kumo-medicaloodenv-t4-a6-v1-s1,kumo-medicaloodenv-t4-a6-v1-s1,0.9999999999999996,4.440892098500626e-16,18,saturated,0.9807692307692308,0.9722222222222222,0.1145307118227128
arc-agi-2,arc-agi-2/arc-agi-2-8b7bacbf_0,arc-agi-2-8b7bacbf_0,0.9999999999999996,4.440892098500626e-16,20,frontier,0.0153846153846153,0.02,0.0871779788708134
kumo,kumo/kumo-coffeeenv-t4-a6-v1-s1,kumo-coffeeenv-t4-a6-v1-s1,0.9999999999999996,4.440892098500626e-16,18,saturated,0.9903846153846154,0.9861111111111112,0.0572653559113564
kumo,kumo/kumo-caridentificationenv-t4-a6-v1-s0,kumo-caridentificationenv-t4-a6-v1-s0,0.9999999999999996,4.440892098500626e-16,20,saturated,0.9807692307692308,0.975,0.1089724735885168
kumo,kumo/kumo-chessenv-t4-a6-v1-s0,kumo-chessenv-t4-a6-v1-s0,0.9999999999999996,4.440892098500626e-16,20,saturated,0.9743589615384616,0.96666665,0.1452967040996715
kumo,kumo/kumo-energyenv-t4-a6-v1-s0,kumo-energyenv-t4-a6-v1-s0,0.9999999999999996,4.440892098500626e-16,18,saturated,0.9807692307692308,0.9722222222222222,0.1145307118227128
featurebench-modal,featurebench-modal/featurebench-modal-pandas-dev__pandas.82fa2715.test_all_methods.c74b49a1.lv1,featurebench-modal-pandas-dev__pandas.82fa2715.test_all_methods.c74b49a1.lv1,0.9999999999999996,4.440892098500626e-16,13,frontier,0.0384615384615384,0.0769230769230769,0.2664693550105965
mmmlu,mmmlu/mmmlu-en-us-00039,mmmlu-en-us-00039,0.9999999999999996,4.440892098500626e-16,20,medium,0.4692307692307692,0.49,0.4918333050943175
kumo,kumo/kumo-cryptographyenv-t4-a6-v1-s0,kumo-cryptographyenv-t4-a6-v1-s0,0.9999999999999996,4.440892098500626e-16,18,saturated,0.9743589615384616,0.9629629444444444,0.1527076921174249
arc-agi-2,arc-agi-2/arc-agi-2-13e47133_0,arc-agi-2-13e47133_0,0.9999999999999996,4.440892098500626e-16,20,frontier,0.023076923076923,0.03,0.1307669683062202
gso,gso/gso-pandas-dev--pandas-e7e3676,gso-pandas-dev--pandas-e7e3676,0.9999999999999998,2.220446049250313e-16,13,frontier,0.0076923076923076,0.0153846153846153,0.0532938710021193
algotune,algotune/algotune-dijkstra-from-indices,algotune-dijkstra-from-indices,0.9999999999999998,2.220446049250313e-16,16,frontier,0.0124252379392704,0.0201910116513144,0.0781994518686208
gso,gso/gso-pandas-dev--pandas-233bd83,gso-pandas-dev--pandas-233bd83,0.9999999999999998,2.220446049250313e-16,13,frontier,0.0076923076923076,0.0153846153846153,0.0532938710021193
humanevalfix,humanevalfix/humanevalfix-python-36,humanevalfix-python-36,0.9999999999999998,2.220446049250313e-16,17,saturated,0.9807692307692308,0.9705882352941176,0.1176470588235294
kumo,kumo/kumo-marineenv-t4-a6-v1-s1,kumo-marineenv-t4-a6-v1-s1,0.9999999999999998,2.220446049250313e-16,16,saturated,0.9615384615384616,0.9375,0.2420614591379635
kumo,kumo/kumo-medicalenv-t4-a6-v1-s0,kumo-medicalenv-t4-a6-v1-s0,0.9999999999999998,2.220446049250313e-16,15,saturated,0.9615384615384616,0.9333333333333332,0.2494438257849294
gpqa-diamond,gpqa-diamond/gpqa-diamond-195,gpqa-diamond-195,0.9999999999999998,2.220446049250313e-16,18,saturated,0.9871795,0.9814815,0.0763537315280006
arc-agi-2,arc-agi-2/arc-agi-2-5545f144_0,arc-agi-2-5545f144_0,0.9999999999999998,2.220446049250313e-16,20,frontier,0.0307692307692307,0.04,0.12
arc-agi-2,arc-agi-2/arc-agi-2-7b80bb43_0,arc-agi-2-7b80bb43_0,0.9999999999999998,2.220446049250313e-16,20,frontier,0.0153846153846153,0.02,0.06
kumo,kumo/kumo-sorcererenv-t4-a6-v1-s1,kumo-sorcererenv-t4-a6-v1-s1,0.9999999999999998,2.220446049250313e-16,18,saturated,0.9903846153846154,0.9861111111111112,0.0572653559113564
simpleqa,simpleqa/simpleqa-1102,simpleqa-1102,0.9999999999999998,2.220446049250313e-16,20,saturated,0.9846153846153848,0.98,0.0599999999999999
humanevalfix,humanevalfix/humanevalfix-python-74,humanevalfix-python-74,0.9999999999999998,2.220446049250313e-16,12,saturated,0.9807692307692308,0.9583333333333334,0.1381926995981416
algotune,algotune/algotune-outer-product,algotune-outer-product,0.9999999999999998,2.220446049250313e-16,22,frontier,0.0197786544695685,0.0233747734640355,0.107116668751388
simpleqa,simpleqa/simpleqa-3129,simpleqa-3129,0.9999999999999998,2.220446049250313e-16,20,saturated,0.9692307692307692,0.96,0.12
kumo,kumo/kumo-neuroenv-t4-a6-v1-s0,kumo-neuroenv-t4-a6-v1-s0,0.9999999999999998,2.220446049250313e-16,18,saturated,0.9519230769230768,0.9305555555555556,0.2328202029755584
kumo,kumo/kumo-controlenv-t4-a6-v1-s0,kumo-controlenv-t4-a6-v1-s0,0.9999999999999998,2.220446049250313e-16,20,saturated,0.9519230769230768,0.9375,0.2218529918662356
gpqa-diamond,gpqa-diamond/gpqa-diamond-107,gpqa-diamond-107,0.9999999999999998,2.220446049250313e-16,18,saturated,0.9807692307692308,0.9722222222222222,0.1145307118227128
kumo,kumo/kumo-rocketfuelenv-t4-a6-v1-s0,kumo-rocketfuelenv-t4-a6-v1-s0,0.9999999999999998,2.220446049250313e-16,16,saturated,0.9615384615384616,0.9375,0.2420614591379635
mmmlu,mmmlu/mmmlu-fr-fr-00054,mmmlu-fr-fr-00054,0.9999999999999998,2.220446049250313e-16,16,saturated,0.9807692307692308,0.96875,0.1210307295689817
reasoning-gym,reasoning-gym/reasoning-gym-algorithmic-base-conversion-easy00cea0a5-seed45-0,reasoning-gym-algorithmic-base-conversion-easy00cea0a5-seed45-0,0.9999999999999999,1.1102230246251565e-16,12,saturated,0.9923076923076924,0.9833333333333334,0.0552770798392566
mmmlu,mmmlu/mmmlu-id-id-00074,mmmlu-id-id-00074,0.9999999999999999,1.1102230246251565e-16,16,saturated,0.9807692307692308,0.96875,0.1210307295689817
gpqa-diamond,gpqa-diamond/gpqa-diamond-4,gpqa-diamond-4,0.9999999999999999,1.1102230246251565e-16,17,saturated,0.9743589615384616,0.960784294117647,0.1568628235294117
kumo,kumo/kumo-fishenv-t4-a6-v1-s0,kumo-fishenv-t4-a6-v1-s0,0.9999999999999999,1.1102230246251565e-16,19,saturated,0.9615384615384616,0.9473684210526316,0.223296878269436
kumo,kumo/kumo-softwareenv-t4-a6-v1-s1,kumo-softwareenv-t4-a6-v1-s1,0.9999999999999999,1.1102230246251565e-16,20,saturated,0.9615384615384616,0.95,0.2179449471770337
kumo,kumo/kumo-historicalenv-t4-a6-v1-s1,kumo-historicalenv-t4-a6-v1-s1,0.9999999999999999,1.1102230246251565e-16,18,saturated,0.9615384615384616,0.9444444444444444,0.2290614236454256
kumo,kumo/kumo-leadershipenv-t4-a6-v1-s1,kumo-leadershipenv-t4-a6-v1-s1,0.9999999999999999,1.1102230246251565e-16,17,saturated,0.9903846153846154,0.9852941176470588,0.0588235294117647
kumo,kumo/kumo-rocketfuelenv-t4-a6-v1-s1,kumo-rocketfuelenv-t4-a6-v1-s1,0.9999999999999999,1.1102230246251565e-16,15,saturated,0.9903846153846154,0.9833333333333332,0.0623609564462323
swebench-multilingual,swebench-multilingual/swebench-multilingual-burntsushi__ripgrep-2576,swebench-multilingual-burntsushi__ripgrep-2576,0.9999999999999999,1.1102230246251565e-16,14,medium,0.6794872692307691,0.5476190714285715,0.4815178253188356
kumo,kumo/kumo-circusactenv-t4-a6-v1-s1,kumo-circusactenv-t4-a6-v1-s1,0.9999999999999999,1.1102230246251565e-16,19,saturated,0.9615384615384616,0.9473684210526316,0.223296878269436
kumo,kumo/kumo-cloudenv-t4-a6-v1-s1,kumo-cloudenv-t4-a6-v1-s1,0.9999999999999999,1.1102230246251565e-16,20,saturated,0.9615384615384616,0.95,0.2179449471770337
kumo,kumo/kumo-coffeeenv-t4-a6-v1-s0,kumo-coffeeenv-t4-a6-v1-s0,0.9999999999999999,1.1102230246251565e-16,19,saturated,0.9807692307692308,0.9736842105263158,0.111648439134718
swebench-multilingual,swebench-multilingual/swebench-multilingual-caddyserver__caddy-5626,swebench-multilingual-caddyserver__caddy-5626,0.9999999999999999,1.1102230246251565e-16,14,medium,0.6794872692307691,0.5476190714285715,0.4815178253188356
humanevalfix,humanevalfix/humanevalfix-python-21,humanevalfix-python-21,0.9999999999999999,1.1102230246251565e-16,13,saturated,0.9615384615384616,0.9230769230769232,0.2664693550105965
kumo,kumo/kumo-malwareenv-t4-a6-v1-s0,kumo-malwareenv-t4-a6-v1-s0,0.9999999999999999,1.1102230246251565e-16,19,saturated,0.9807692307692308,0.9736842105263158,0.111648439134718
kumo,kumo/kumo-timetravelenv-t4-a6-v1-s0,kumo-timetravelenv-t4-a6-v1-s0,0.9999999999999999,1.1102230246251565e-16,18,saturated,0.9615384615384616,0.9444444444444444,0.2290614236454256
kumo,kumo/kumo-licenseenv-t4-a6-v1-s1,kumo-licenseenv-t4-a6-v1-s1,0.9999999999999999,1.1102230246251565e-16,17,saturated,0.9615384615384616,0.9411764705882352,0.2352941176470588
reasoning-gym,reasoning-gym/reasoning-gym-algorithmic-base-conversion-easy00cea0a5-seed45-2,reasoning-gym-algorithmic-base-conversion-easy00cea0a5-seed45-2,0.9999999999999999,1.1102230246251565e-16,12,saturated,0.9807692307692308,0.9583333333333334,0.1381926995981416
reasoning-gym,reasoning-gym/reasoning-gym-algebra-complex-arithmetic-hard0292e21f-seed45-1,reasoning-gym-algebra-complex-arithmetic-hard0292e21f-seed45-1,0.9999999999999999,1.1102230246251565e-16,12,saturated,0.9615384615384616,0.9166666666666666,0.2763853991962833
kumo,kumo/kumo-fungalenv-t4-a6-v1-s1,kumo-fungalenv-t4-a6-v1-s1,0.9999999999999999,1.1102230246251565e-16,18,saturated,0.9743589615384616,0.9629629444444444,0.1527076921174249
reasoning-gym,reasoning-gym/reasoning-gym-algorithmic-graph-color-easy00cea0a5-seed45-2,reasoning-gym-algorithmic-graph-color-easy00cea0a5-seed45-2,0.9999999999999999,1.1102230246251565e-16,12,saturated,0.9615384615384616,0.9166666666666666,0.2763853991962833
kumo,kumo/kumo-geneticenv-t4-a6-v1-s1,kumo-geneticenv-t4-a6-v1-s1,0.9999999999999999,1.1102230246251565e-16,18,saturated,0.9615384615384616,0.9444444444444444,0.2290614236454256
kumo,kumo/kumo-gadgetenv-t4-a6-v1-s1,kumo-gadgetenv-t4-a6-v1-s1,0.9999999999999999,1.1102230246251565e-16,17,saturated,0.9807692307692308,0.9705882352941176,0.1176470588235294
kumo,kumo/kumo-geneticenv-t4-a6-v1-s0,kumo-geneticenv-t4-a6-v1-s0,0.9999999999999999,1.1102230246251565e-16,18,saturated,0.9615384615384616,0.9444444444444444,0.2290614236454256
kumo,kumo/kumo-enzymeenv-t4-a6-v1-s0,kumo-enzymeenv-t4-a6-v1-s0,0.9999999999999999,1.1102230246251565e-16,19,frontier,0.0192307692307692,0.0263157894736842,0.111648439134718
humanevalfix,humanevalfix/humanevalfix-python-38,humanevalfix-python-38,0.9999999999999999,1.1102230246251565e-16,18,saturated,0.9615384615384616,0.9444444444444444,0.2290614236454256
kumo,kumo/kumo-renewableenergyenv-t4-a6-v1-s0,kumo-renewableenergyenv-t4-a6-v1-s0,0.9999999999999999,1.1102230246251565e-16,19,saturated,0.9743589615384616,0.9649122631578948,0.1488646599452501
gpqa-diamond,gpqa-diamond/gpqa-diamond-175,gpqa-diamond-175,0.9999999999999999,1.1102230246251565e-16,19,saturated,0.9615384615384616,0.9473684210526316,0.223296878269436
kumo,kumo/kumo-printingtechniqueenv-t4-a6-v1-s1,kumo-printingtechniqueenv-t4-a6-v1-s1,0.9999999999999999,1.1102230246251565e-16,19,saturated,0.9615384615384616,0.9473684210526316,0.223296878269436
kumo,kumo/kumo-quantumenv-t4-a6-v1-s1,kumo-quantumenv-t4-a6-v1-s1,0.9999999999999999,1.1102230246251565e-16,17,saturated,0.9807692307692308,0.9705882352941176,0.1176470588235294
kumo,kumo/kumo-politicalmanifestoenv-t4-a6-v1-s1,kumo-politicalmanifestoenv-t4-a6-v1-s1,0.9999999999999999,1.1102230246251565e-16,19,saturated,0.9903846153846154,0.986842105263158,0.055824219567359
kumo,kumo/kumo-philosophyenv-t4-a6-v1-s1,kumo-philosophyenv-t4-a6-v1-s1,0.9999999999999999,1.1102230246251565e-16,17,saturated,0.9903846153846154,0.9852941176470588,0.0588235294117647
kumo,kumo/kumo-artstyleenv-t4-a6-v1-s0,kumo-artstyleenv-t4-a6-v1-s0,0.9999999999999999,1.1102230246251565e-16,19,saturated,0.9615384615384616,0.9473684210526316,0.223296878269436
kumo,kumo/kumo-musicenv-t4-a6-v1-s1,kumo-musicenv-t4-a6-v1-s1,0.9999999999999999,1.1102230246251565e-16,17,saturated,0.9807692307692308,0.9705882352941176,0.1176470588235294
kumo,kumo/kumo-motifanalysisenv-t4-a6-v1-s0,kumo-motifanalysisenv-t4-a6-v1-s0,0.9999999999999999,1.1102230246251565e-16,17,saturated,0.9743589615384616,0.960784294117647,0.1568628235294117
kumo,kumo/kumo-musicenv-t12-a16-v1-s1,kumo-musicenv-t12-a16-v1-s1,0.9999999999999999,1.1102230246251565e-16,17,saturated,0.9807692307692308,0.9705882352941176,0.1176470588235294
reasoning-gym,reasoning-gym/reasoning-gym-games-knight-swap-hard0292e21f-seed45-0,reasoning-gym-games-knight-swap-hard0292e21f-seed45-0,0.9999999999999999,1.1102230246251565e-16,13,frontier,0.0096153846153846,0.0192307692307692,0.0666173387526491
kumo,kumo/kumo-beverageenv-t4-a6-v1-s1,kumo-beverageenv-t4-a6-v1-s1,0.9999999999999999,1.1102230246251565e-16,19,saturated,0.9807692307692308,0.9736842105263158,0.111648439134718
mmmlu,mmmlu/mmmlu-ja-jp-00096,mmmlu-ja-jp-00096,0.9999999999999999,1.1102230246251565e-16,18,saturated,0.9551281923076924,0.9351851666666666,0.185416582281404
kumo,kumo/kumo-cuisineenv-t4-a6-v1-s0,kumo-cuisineenv-t4-a6-v1-s0,0.9999999999999999,1.1102230246251565e-16,19,saturated,0.9871795,0.9824561578947368,0.0744322183241859
kumo,kumo/kumo-craftsmanenv-t4-a6-v1-s0,kumo-craftsmanenv-t4-a6-v1-s0,0.9999999999999999,1.1102230246251565e-16,19,saturated,0.9615384615384616,0.9473684210526316,0.223296878269436
mmmlu,mmmlu/mmmlu-ar-xy-00002,mmmlu-ar-xy-00002,0.9999999999999999,1.1102230246251565e-16,19,saturated,0.9551281923076924,0.9385964736842104,0.1810506502339719
kumo,kumo/kumo-microbiologyenv-t4-a6-v1-s1,kumo-microbiologyenv-t4-a6-v1-s1,0.9999999999999999,1.1102230246251565e-16,20,saturated,0.9846153846153848,0.98,0.0871779788708134
humanevalfix,humanevalfix/humanevalfix-python-119,humanevalfix-python-119,1.0,0.0,12,saturated,0.9807692307692308,0.9583333333333334,0.1381926995981416
mmmlu,mmmlu/mmmlu-pt-br-00119,mmmlu-pt-br-00119,1.0,0.0,19,saturated,0.9615384615384616,0.9473684210526316,0.223296878269436
featurebench-modal,featurebench-modal/featurebench-modal-huggingface__transformers.e2e8dbed.test_modeling_time_series_transformer.b0ef2ff5.lv1,featurebench-modal-huggingface__transformers.e2e8dbed.test_modeling_time_series_transformer.b0ef2ff5.lv1,1.0,0.0,26,frontier,0.0192307692307692,0.0192307692307692,0.0961538461538461
mmmlu,mmmlu/mmmlu-pt-br-00112,mmmlu-pt-br-00112,1.0,0.0,17,saturated,0.9615384615384616,0.9411764705882352,0.2352941176470588
mmmlu,mmmlu/mmmlu-pt-br-00117,mmmlu-pt-br-00117,1.0,0.0,18,saturated,0.9679487307692308,0.9537037222222222,0.1338595185756759
mmmlu,mmmlu/mmmlu-ja-jp-00097,mmmlu-ja-jp-00097,1.0,0.0,18,saturated,0.9903846153846154,0.9861111111111112,0.0572653559113564
swebench-multilingual,swebench-multilingual/swebench-multilingual-redis__redis-10095,swebench-multilingual-redis__redis-10095,1.0,0.0,16,easy,0.8461538461538461,0.75,0.4330127018922193
mmmlu,mmmlu/mmmlu-ko-kr-00109,mmmlu-ko-kr-00109,1.0,0.0,18,saturated,0.9615384615384616,0.9444444444444444,0.1571348402636772
mmmlu,mmmlu/mmmlu-ko-kr-00107,mmmlu-ko-kr-00107,1.0,0.0,19,saturated,0.9903846153846154,0.986842105263158,0.055824219567359
swebench-multilingual,swebench-multilingual/swebench-multilingual-fmtlib__fmt-3248,swebench-multilingual-fmtlib__fmt-3248,1.0,0.0,14,easy,0.8461538461538461,0.7142857142857143,0.4517539514526256
swebench-multilingual,swebench-multilingual/swebench-multilingual-fmtlib__fmt-3729,swebench-multilingual-fmtlib__fmt-3729,1.0,0.0,13,easy,0.8461538461538461,0.6923076923076923,0.4615384615384615
mmmlu,mmmlu/mmmlu-zh-cn-00123,mmmlu-zh-cn-00123,1.0,0.0,19,saturated,0.9807692307692308,0.9736842105263158,0.111648439134718
mmmlu,mmmlu/mmmlu-zh-cn-00126,mmmlu-zh-cn-00126,1.0,0.0,16,saturated,0.9551281923076924,0.9270833125,0.1951562508340172
humanevalfix,humanevalfix/humanevalfix-python-63,humanevalfix-python-63,1.0,0.0,13,saturated,0.9871795,0.974359,0.0888230295137471
mmmlu,mmmlu/mmmlu-sw-ke-00137,mmmlu-sw-ke-00137,1.0,0.0,17,saturated,0.9871795,0.9803921764705884,0.078431294117647
featurebench-modal,featurebench-modal/featurebench-modal-huggingface__transformers.e2e8dbed.test_processor_auto.d9626018.lv1,featurebench-modal-huggingface__transformers.e2e8dbed.test_processor_auto.d9626018.lv1,1.0,0.0,12,hard,0.0653846153846153,0.1416666666666666,0.2956865833201695
featurebench-modal,featurebench-modal/featurebench-modal-huggingface__transformers.e2e8dbed.test_processing_git.7342da79.lv1,featurebench-modal-huggingface__transformers.e2e8dbed.test_processing_git.7342da79.lv1,1.0,0.0,26,hard,0.0653846153846153,0.0653846153846153,0.2129324697794832
swebench-multilingual,swebench-multilingual/swebench-multilingual-fluent__fluentd-3917,swebench-multilingual-fluent__fluentd-3917,1.0,0.0,14,easy,0.8461538461538461,0.7142857142857143,0.4517539514526256
swebench-multilingual,swebench-multilingual/swebench-multilingual-fluent__fluentd-4598,swebench-multilingual-fluent__fluentd-4598,1.0,0.0,14,easy,0.8589743461538462,0.7380952142857142,0.4212334993774116
swebench-multilingual,swebench-multilingual/swebench-multilingual-fastlane__fastlane-20958,swebench-multilingual-fastlane__fastlane-20958,1.0,0.0,14,easy,0.8461538461538461,0.7142857142857143,0.4517539514526256
mmmlu,mmmlu/mmmlu-zh-cn-00122,mmmlu-zh-cn-00122,1.0,0.0,19,saturated,0.9615384615384616,0.9473684210526316,0.1534461024959289
swebench-multilingual,swebench-multilingual/swebench-multilingual-mrdoob__three.js-27395,swebench-multilingual-mrdoob__three.js-27395,1.0,0.0,14,easy,0.8653846153846154,0.75,0.411877235523957
featurebench-modal,featurebench-modal/featurebench-modal-huggingface__transformers.e2e8dbed.test_modeling_mimi.3118abde.lv1,featurebench-modal-huggingface__transformers.e2e8dbed.test_modeling_mimi.3118abde.lv1,1.0,0.0,26,frontier,0.0192307692307692,0.0192307692307692,0.0961538461538461
swebench-multilingual,swebench-multilingual/swebench-multilingual-nlohmann__json-4237,swebench-multilingual-nlohmann__json-4237,1.0,0.0,15,easy,0.8653846153846154,0.7666666666666667,0.4027681991198191
swebench-multilingual,swebench-multilingual/swebench-multilingual-gin-gonic__gin-2121,swebench-multilingual-gin-gonic__gin-2121,1.0,0.0,14,easy,0.8589743461538462,0.7380952142857142,0.4212334993774116
swebench-multilingual,swebench-multilingual/swebench-multilingual-gin-gonic__gin-4003,swebench-multilingual-gin-gonic__gin-4003,1.0,0.0,16,easy,0.8589743461538462,0.7708333125,0.4034357878223495
reasoning-gym,reasoning-gym/reasoning-gym-arithmetic-prime-factorization-hard0292e21f-seed45-0,reasoning-gym-arithmetic-prime-factorization-hard0292e21f-seed45-0,1.0,0.0,12,saturated,0.9615384615384616,0.9166666666666666,0.2763853991962833
swebench-multilingual,swebench-multilingual/swebench-multilingual-gin-gonic__gin-1805,swebench-multilingual-gin-gonic__gin-1805,1.0,0.0,14,easy,0.8461538461538461,0.7142857142857143,0.4517539514526256
swebench-multilingual,swebench-multilingual/swebench-multilingual-gohugoio__hugo-12562,swebench-multilingual-gohugoio__hugo-12562,1.0,0.0,15,easy,0.8461538461538461,0.7333333333333333,0.4422166387140533
swebench-multilingual,swebench-multilingual/swebench-multilingual-php-cs-fixer__php-cs-fixer-7523,swebench-multilingual-php-cs-fixer__php-cs-fixer-7523,1.0,0.0,13,easy,0.8461538461538461,0.6923076923076923,0.4615384615384615
swebench-multilingual,swebench-multilingual/swebench-multilingual-php-cs-fixer__php-cs-fixer-8256,swebench-multilingual-php-cs-fixer__php-cs-fixer-8256,1.0,0.0,14,easy,0.8461538461538461,0.7142857142857143,0.4517539514526256
kumo,kumo/kumo-audiodialectenv-t4-a6-v1-s0,kumo-audiodialectenv-t4-a6-v1-s0,1.0,0.0,20,saturated,0.9769230769230768,0.97,0.0953939201416945
swebench-multilingual,swebench-multilingual/swebench-multilingual-google__gson-1014,swebench-multilingual-google__gson-1014,1.0,0.0,15,easy,0.8461538461538461,0.7333333333333333,0.4422166387140533
swebench-multilingual,swebench-multilingual/swebench-multilingual-google__gson-2024,swebench-multilingual-google__gson-2024,1.0,0.0,15,easy,0.8461538461538461,0.7333333333333333,0.4422166387140533
swebench-multilingual,swebench-multilingual/swebench-multilingual-hashicorp__terraform-34580,swebench-multilingual-hashicorp__terraform-34580,1.0,0.0,15,easy,0.8461538461538461,0.7333333333333333,0.4422166387140533
swebench-multilingual,swebench-multilingual/swebench-multilingual-immutable-js__immutable-js-2006,swebench-multilingual-immutable-js__immutable-js-2006,1.0,0.0,14,easy,0.8589743461538462,0.7380952142857142,0.4212334993774116
swebench-multilingual,swebench-multilingual/swebench-multilingual-javaparser__javaparser-4538,swebench-multilingual-javaparser__javaparser-4538,1.0,0.0,15,easy,0.8461538461538461,0.7333333333333333,0.4422166387140533
swebench-multilingual,swebench-multilingual/swebench-multilingual-gohugoio__hugo-12768,swebench-multilingual-gohugoio__hugo-12768,1.0,0.0,16,easy,0.8461538461538461,0.75,0.4330127018922193
gpqa-diamond,gpqa-diamond/gpqa-diamond-143,gpqa-diamond-143,1.0,0.0,20,saturated,0.9730769230769232,0.965,0.1152171862180291
featurebench-modal,featurebench-modal/featurebench-modal-mwaskom__seaborn.7001ebe7.test_plot.b645d353.lv2,featurebench-modal-mwaskom__seaborn.7001ebe7.test_plot.b645d353.lv2,1.0,0.0,25,frontier,0.0192307692307692,0.02,0.0979795897113271
gpqa-diamond,gpqa-diamond/gpqa-diamond-171,gpqa-diamond-171,1.0,0.0,20,saturated,0.9730769230769232,0.965,0.1152171862180291
usaco,usaco/usaco-187,usaco-187,1.0,0.0,20,easy,0.8461538461538461,0.8,0.4
kumo,kumo/kumo-pollutionenv-t4-a6-v1-s1,kumo-pollutionenv-t4-a6-v1-s1,1.0,0.0,18,easy,0.9487179615384616,0.9259259444444444,0.2371527292898144
gpqa-diamond,gpqa-diamond/gpqa-diamond-132,gpqa-diamond-132,1.0,0.0,19,saturated,0.9730769230769232,0.963157894736842,0.1179229289600425
featurebench-modal,featurebench-modal/featurebench-modal-mlflow__mlflow.93dab383.test_scorers.63dc8c7a.lv1,featurebench-modal-mlflow__mlflow.93dab383.test_scorers.63dc8c7a.lv1,1.0,0.0,25,frontier,0.0384615384615384,0.04,0.1959591794226542
usaco,usaco/usaco-940,usaco-940,1.0,0.0,19,easy,0.8461538461538461,0.7894736842105263,0.4076824574955175
kumo,kumo/kumo-printingtechniqueenv-t4-a6-v1-s0,kumo-printingtechniqueenv-t4-a6-v1-s0,1.0,0.0,20,saturated,0.9846153846153848,0.98,0.0599999999999999
swebench-multilingual,swebench-multilingual/swebench-multilingual-javaparser__javaparser-4561,swebench-multilingual-javaparser__javaparser-4561,1.0,0.0,15,easy,0.8461538461538461,0.7333333333333333,0.4422166387140533
featurebench-modal,featurebench-modal/featurebench-modal-sympy__sympy.c1097516.test_puiseux.cd575f09.lv1,featurebench-modal-sympy__sympy.c1097516.test_puiseux.cd575f09.lv1,1.0,0.0,13,frontier,0.0076923076923076,0.0153846153846153,0.0532938710021193
swebench-multilingual,swebench-multilingual/swebench-multilingual-jqlang__jq-2235,swebench-multilingual-jqlang__jq-2235,1.0,0.0,16,easy,0.8461538461538461,0.75,0.4330127018922193
swebench-multilingual,swebench-multilingual/swebench-multilingual-jqlang__jq-2598,swebench-multilingual-jqlang__jq-2598,1.0,0.0,16,easy,0.8461538461538461,0.75,0.4330127018922193
swebench-multilingual,swebench-multilingual/swebench-multilingual-jqlang__jq-2658,swebench-multilingual-jqlang__jq-2658,1.0,0.0,13,easy,0.8461538461538461,0.6923076923076923,0.4615384615384615
swebench-multilingual,swebench-multilingual/swebench-multilingual-jordansissel__fpm-1850,swebench-multilingual-jordansissel__fpm-1850,1.0,0.0,16,easy,0.8461538461538461,0.75,0.4330127018922193
featurebench-modal,featurebench-modal/featurebench-modal-huggingface__transformers.e2e8dbed.test_modeling_speech_encoder_decoder.b0d78d76.lv1,featurebench-modal-huggingface__transformers.e2e8dbed.test_modeling_speech_encoder_decoder.b0d78d76.lv1,1.0,0.0,26,frontier,0.0192307692307692,0.0192307692307692,0.0961538461538461
swebench-multilingual,swebench-multilingual/swebench-multilingual-jqlang__jq-2919,swebench-multilingual-jqlang__jq-2919,1.0,0.0,14,easy,0.8461538461538461,0.7142857142857143,0.4517539514526256
swebench-multilingual,swebench-multilingual/swebench-multilingual-laravel__framework-52451,swebench-multilingual-laravel__framework-52451,1.0,0.0,15,easy,0.8461538461538461,0.7333333333333333,0.4422166387140533
swebench-multilingual,swebench-multilingual/swebench-multilingual-laravel__framework-51195,swebench-multilingual-laravel__framework-51195,1.0,0.0,16,easy,0.8589743461538462,0.7708333125,0.4034357878223495
swebench-multilingual,swebench-multilingual/swebench-multilingual-laravel__framework-52684,swebench-multilingual-laravel__framework-52684,1.0,0.0,15,easy,0.8461538461538461,0.7333333333333333,0.4422166387140533
swebench-multilingual,swebench-multilingual/swebench-multilingual-laravel__framework-52866,swebench-multilingual-laravel__framework-52866,1.0,0.0,16,easy,0.8461538461538461,0.75,0.4330127018922193
swebench-multilingual,swebench-multilingual/swebench-multilingual-laravel__framework-53696,swebench-multilingual-laravel__framework-53696,1.0,0.0,15,easy,0.8461538461538461,0.7333333333333333,0.4422166387140533
swebench-multilingual,swebench-multilingual/swebench-multilingual-laravel__framework-53914,swebench-multilingual-laravel__framework-53914,1.0,0.0,16,easy,0.8461538461538461,0.75,0.4330127018922193
arc-agi-2,arc-agi-2/arc-agi-2-a47bf94d_0,arc-agi-2-a47bf94d_0,1.0,0.0,20,frontier,0.0461538461538461,0.06,0.1907878402833891
humanevalfix,humanevalfix/humanevalfix-python-116,humanevalfix-python-116,1.0,0.0,13,saturated,0.9807692307692308,0.9615384615384616,0.1332346775052982
swebench-multilingual,swebench-multilingual/swebench-multilingual-rubocop__rubocop-13375,swebench-multilingual-rubocop__rubocop-13375,1.0,0.0,14,easy,0.8461538461538461,0.7142857142857143,0.4517539514526256
swebench-multilingual,swebench-multilingual/swebench-multilingual-redis__redis-9733,swebench-multilingual-redis__redis-9733,1.0,0.0,15,easy,0.8653846153846154,0.7666666666666667,0.4027681991198191
reasoning-gym,reasoning-gym/reasoning-gym-algorithmic-count-primes-hard0292e21f-seed45-2,reasoning-gym-algorithmic-count-primes-hard0292e21f-seed45-2,1.0,0.0,12,saturated,0.9615384615384616,0.9166666666666666,0.2763853991962833
humanevalfix,humanevalfix/humanevalfix-python-11,humanevalfix-python-11,1.0,0.0,20,easy,0.9461538461538462,0.93,0.1819340539866025
mmmlu,mmmlu/mmmlu-hi-in-00067,mmmlu-hi-in-00067,1.0,0.0,17,saturated,0.9615384615384616,0.9411764705882352,0.1610948698544606
mmmlu,mmmlu/mmmlu-id-id-00072,mmmlu-id-id-00072,1.0,0.0,15,saturated,0.9807692307692308,0.9666666666666668,0.1247219128924647
humanevalfix,humanevalfix/humanevalfix-python-47,humanevalfix-python-47,1.0,0.0,17,saturated,0.9871795,0.9803921764705884,0.078431294117647
featurebench-modal,featurebench-modal/featurebench-modal-mlflow__mlflow.93dab383.test_client_webhooks.75e39b52.lv2,featurebench-modal-mlflow__mlflow.93dab383.test_client_webhooks.75e39b52.lv2,1.0,0.0,25,frontier,0.0192307692307692,0.02,0.0979795897113271
featurebench-modal,featurebench-modal/featurebench-modal-mlflow__mlflow.93dab383.test_ai_command_utils.85dcb487.lv2,featurebench-modal-mlflow__mlflow.93dab383.test_ai_command_utils.85dcb487.lv2,1.0,0.0,25,frontier,0.0192307692307692,0.02,0.0979795897113271
swebench-multilingual,swebench-multilingual/swebench-multilingual-axios__axios-5085,swebench-multilingual-axios__axios-5085,1.0,0.0,15,easy,0.7692307692307693,0.6,0.4898979485566356
swebench-multilingual,swebench-multilingual/swebench-multilingual-axios__axios-4738,swebench-multilingual-axios__axios-4738,1.0,0.0,14,easy,0.8589743461538462,0.7380952142857142,0.4212334993774116
kumo,kumo/kumo-transdimensionalenv-t4-a6-v1-s0,kumo-transdimensionalenv-t4-a6-v1-s0,1.0,0.0,18,easy,0.9230769230769232,0.8888888888888888,0.3142696805273545
arc-agi-2,arc-agi-2/arc-agi-2-a25697e4_0,arc-agi-2-a25697e4_0,1.0,0.0,20,frontier,0.023076923076923,0.03,0.0953939201416945
reasoning-gym,reasoning-gym/reasoning-gym-arithmetic-gcd-hard0292e21f-seed45-0,reasoning-gym-arithmetic-gcd-hard0292e21f-seed45-0,1.0,0.0,12,saturated,0.9615384615384616,0.9166666666666666,0.2763853991962833
swebench-multilingual,swebench-multilingual/swebench-multilingual-caddyserver__caddy-6115,swebench-multilingual-caddyserver__caddy-6115,1.0,0.0,14,easy,0.8461538461538461,0.7142857142857143,0.4517539514526256
swebench-multilingual,swebench-multilingual/swebench-multilingual-caddyserver__caddy-6288,swebench-multilingual-caddyserver__caddy-6288,1.0,0.0,13,easy,0.8461538461538461,0.6923076923076923,0.4615384615384615
kumo,kumo/kumo-martialartsenv-t4-a6-v1-s0,kumo-martialartsenv-t4-a6-v1-s0,1.0,0.0,19,easy,0.9423076923076924,0.9210526315789472,0.244042591986729
humanevalfix,humanevalfix/humanevalfix-python-25,humanevalfix-python-25,1.0,0.0,15,saturated,0.9807692307692308,0.9666666666666668,0.1247219128924647
humanevalfix,humanevalfix/humanevalfix-python-128,humanevalfix-python-128,1.0,0.0,20,easy,0.9461538461538462,0.93,0.1819340539866025
humanevalfix,humanevalfix/humanevalfix-python-158,humanevalfix-python-158,1.0,0.0,12,saturated,0.9807692307692308,0.9583333333333334,0.1381926995981416
kumo,kumo/kumo-caridentificationenv-t4-a6-v1-s1,kumo-caridentificationenv-t4-a6-v1-s1,1.0,0.0,20,saturated,0.971153846153846,0.9625,0.1192424001771182
kumo,kumo/kumo-chemicalcompoundsenv-t4-a6-v1-s0,kumo-chemicalcompoundsenv-t4-a6-v1-s0,1.0,0.0,20,easy,0.9423076923076924,0.925,0.2384848003542364
kumo,kumo/kumo-theatricalenv-t4-a6-v1-s0,kumo-theatricalenv-t4-a6-v1-s0,1.0,0.0,20,easy,0.9230769230769232,0.9,0.3
swebench-multilingual,swebench-multilingual/swebench-multilingual-briannesbitt__carbon-3103,swebench-multilingual-briannesbitt__carbon-3103,1.0,0.0,14,easy,0.8461538461538461,0.7142857142857143,0.4517539514526256
arc-agi-2,arc-agi-2/arc-agi-2-4c7dc4dd_1,arc-agi-2-4c7dc4dd_1,1.0,0.0,20,hard,0.0692307692307692,0.09,0.232163735324878
swebench-multilingual,swebench-multilingual/swebench-multilingual-tokio-rs__tokio-7139,swebench-multilingual-tokio-rs__tokio-7139,1.0,0.0,14,easy,0.8461538461538461,0.7142857142857143,0.4517539514526256
swebench-multilingual,swebench-multilingual/swebench-multilingual-tokio-rs__tokio-4898,swebench-multilingual-tokio-rs__tokio-4898,1.0,0.0,14,easy,0.8653846153846154,0.75,0.411877235523957
mmmlu,mmmlu/mmmlu-id-id-00079,mmmlu-id-id-00079,1.0,0.0,18,saturated,0.9807692307692308,0.9722222222222222,0.1145307118227128
mmmlu,mmmlu/mmmlu-it-it-00087,mmmlu-it-it-00087,1.0,0.0,18,saturated,0.9871795,0.9814815,0.0763537315280006
mmmlu,mmmlu/mmmlu-it-it-00084,mmmlu-it-it-00084,1.0,0.0,18,saturated,0.9615384615384616,0.9444444444444444,0.2290614236454256
swebench-multilingual,swebench-multilingual/swebench-multilingual-astral-sh__ruff-15330,swebench-multilingual-astral-sh__ruff-15330,1.0,0.0,15,easy,0.7692307692307693,0.6,0.4898979485566356
kumo,kumo/kumo-craftsmanenv-t4-a6-v1-s1,kumo-craftsmanenv-t4-a6-v1-s1,1.0,0.0,17,easy,0.9487179615384616,0.9215686470588236,0.2433269136945412
mmmlu,mmmlu/mmmlu-ar-xy-00009,mmmlu-ar-xy-00009,1.0,0.0,19,saturated,0.9871795,0.9824561578947368,0.0744322183241859
gpqa-diamond,gpqa-diamond/gpqa-diamond-55,gpqa-diamond-55,1.0,0.0,20,saturated,0.9730769230769232,0.965,0.1152171862180291
mmmlu,mmmlu/mmmlu-bn-bd-00014,mmmlu-bn-bd-00014,1.0,0.0,17,saturated,0.9807692307692308,0.9705882352941176,0.1176470588235294
mmmlu,mmmlu/mmmlu-bn-bd-00012,mmmlu-bn-bd-00012,1.0,0.0,20,medium,0.5,0.5,0.5
kumo,kumo/kumo-testingenv-t4-a6-v1-s0,kumo-testingenv-t4-a6-v1-s0,1.0,0.0,19,easy,0.9230769230769232,0.8947368421052632,0.3068922049918579
mmmlu,mmmlu/mmmlu-it-it-00089,mmmlu-it-it-00089,1.0,0.0,18,saturated,0.9807692307692308,0.9722222222222222,0.1145307118227128
mmmlu,mmmlu/mmmlu-es-la-00049,mmmlu-es-la-00049,1.0,0.0,19,saturated,0.9807692307692308,0.9736842105263158,0.111648439134718
mmmlu,mmmlu/mmmlu-fr-fr-00057,mmmlu-fr-fr-00057,1.0,0.0,18,saturated,0.9871795,0.9814815,0.0763537315280006
featurebench-modal,featurebench-modal/featurebench-modal-mlflow__mlflow.93dab383.test_file_store_logged_model.a9596c54.lv1,featurebench-modal-mlflow__mlflow.93dab383.test_file_store_logged_model.a9596c54.lv1,1.0,0.0,12,frontier,0.0384615384615384,0.0833333333333333,0.2763853991962833
mmmlu,mmmlu/mmmlu-ja-jp-00092,mmmlu-ja-jp-00092,1.0,0.0,16,saturated,0.971153846153846,0.953125,0.1815460943534726
livecodebench,livecodebench/livecodebench-3653,livecodebench-3653,1.0,0.0,18,saturated,0.9730769230769232,0.9611111111111112,0.1208253509496197
livecodebench,livecodebench/livecodebench-3438,livecodebench-3438,1.0,0.0,18,saturated,0.9846153846153848,0.977777777777778,0.0628539361054708
mmmlu,mmmlu/mmmlu-fr-fr-00052,mmmlu-fr-fr-00052,1.0,0.0,17,saturated,0.9807692307692308,0.9705882352941176,0.1176470588235294
gpqa-diamond,gpqa-diamond/gpqa-diamond-50,gpqa-diamond-50,1.0,0.0,19,saturated,0.9730769230769232,0.963157894736842,0.1179229289600425
kumo,kumo/kumo-currencyenv-t4-a6-v1-s0,kumo-currencyenv-t4-a6-v1-s0,1.0,0.0,19,easy,0.9487179615384616,0.9298245789473684,0.2314193828267805
mmmlu,mmmlu/mmmlu-es-la-00044,mmmlu-es-la-00044,1.0,0.0,19,saturated,0.9846153846153848,0.9789473684210528,0.0893187513077744
mmmlu,mmmlu/mmmlu-de-de-00022,mmmlu-de-de-00022,1.0,0.0,18,saturated,0.9679487307692308,0.9537037222222222,0.1338595185756759
mmmlu,mmmlu/mmmlu-bn-bd-00019,mmmlu-bn-bd-00019,1.0,0.0,18,saturated,0.9871795,0.9814815,0.0763537315280006
mmmlu,mmmlu/mmmlu-de-de-00027,mmmlu-de-de-00027,1.0,0.0,18,saturated,0.9615384615384616,0.9444444444444444,0.2290614236454256
mmmlu,mmmlu/mmmlu-en-us-00032,mmmlu-en-us-00032,1.0,0.0,20,medium,0.5,0.5,0.5
mmmlu,mmmlu/mmmlu-en-us-00036,mmmlu-en-us-00036,1.0,0.0,18,saturated,0.9551281923076924,0.9351851666666666,0.185416582281404
mmmlu,mmmlu/mmmlu-en-us-00037,mmmlu-en-us-00037,1.0,0.0,18,saturated,0.9615384615384616,0.9444444444444444,0.1571348402636772
livecodebench,livecodebench/livecodebench-abc382_c,livecodebench-abc382_c,1.0,0.0,17,saturated,0.9846153846153848,0.9764705882352942,0.0644379479417842
livecodebench,livecodebench/livecodebench-abc330_c,livecodebench-abc330_c,1.0,0.0,18,saturated,0.9730769230769232,0.9611111111111112,0.1208253509496197
mmmlu,mmmlu/mmmlu-ar-xy-00007,mmmlu-ar-xy-00007,1.0,0.0,19,saturated,0.9692307692307692,0.9578947368421052,0.1786375026155488
mmmlu,mmmlu/mmmlu-ar-xy-00006,mmmlu-ar-xy-00006,1.0,0.0,18,saturated,0.9615384615384616,0.9444444444444444,0.1571348402636772
arc-agi-2,arc-agi-2/arc-agi-2-35ab12c3_0,arc-agi-2-35ab12c3_0,1.0,0.0,20,hard,0.0692307692307692,0.09,0.232163735324878
featurebench-modal,featurebench-modal/featurebench-modal-scikit-learn__scikit-learn.5741bac9.test_public_functions.28421aef.lv1,featurebench-modal-scikit-learn__scikit-learn.5741bac9.test_public_functions.28421aef.lv1,1.0,0.0,13,frontier,0.0307692307692307,0.0615384615384615,0.2131754840084772
simpleqa,simpleqa/simpleqa-3111,simpleqa-3111,1.0,0.0,20,easy,0.9230769230769232,0.9,0.2720294101747089
simpleqa,simpleqa/simpleqa-1833,simpleqa-1833,1.0,0.0,20,easy,0.9230769230769232,0.9,0.2720294101747089
